"reported_date_time","summary"
2021-12-14 04:30:00,"No Sighting, only sound"
2021-12-04 00:14:00,"Sighted an odd object in the sky, in the landing pattern of McCarran airport."
2021-11-16 07:50:00,"((NUFORC Note:  Witness provides no information.  PD))"
2021-11-02 02:00:00,"Glowing orbs changing color and staying in place over Brooklyn, NY"
2021-11-01 04:00:00,"About 9:00 pm Local time saw a bright Fluorescent orange object coming from the south west heading towards the Northeast. Made no noise"
2021-10-31 05:09:00,"Top left corner of video, towards the end you see it leap after a second one appears or maybe just how the craft travels."
2021-10-22 02:00:00,"Several pictures several videos live"
2021-10-18 20:30:00,"White/silver snake-like objec worming its way through the sky in Katy TX.  ((NUFOC Note:  Possibly a string of balloons?  PD))"
2021-10-16 04:15:00,"quick burst of the purest white light in the sky."
2021-10-15 08:05:00,"Bright red light hovering in sky"
2021-10-15 02:40:00,"Watched a blinking light change colors and move erratically"
2021-10-01 02:50:00,"Object traveling across the sky with two distinct long flames trailing the craft"
2021-09-16 00:06:00,"((NUFORC Note:  Witness provides no detailed information.  PD))"
2021-08-17 07:30:00,"Bright flash lit up the sky over the Portland area about 3 times"
2021-08-11 00:16:00,"https://youtu.be/MpbCgoJ0aAg this has full description"
2021-08-06 04:00:00,"White/blue bobbing lights with no form that stops to look at us then shoots away in a flash"
2021-08-02 22:42:00,"We witnessed an glowing orb, that lost altitude and Gained altitude very rapidly it also moved north and back south at will and looked"
2021-07-25 04:02:00,"Bright Light Southeastern MA"
2021-07-18 05:30:00,NA
2021-07-15 13:00:00,"I know this is not UFO related BUT I really, really got scared by hearing some woman's voice from somewhere saying something like It's"
2021-07-13 03:00:00,"Large beam/halo of light hovering in the sky"
2021-06-22 04:00:00,"Multiple streaks in same spot, followed by slower one"
2021-06-14 06:00:00,"My report is that I sited a UFO and they may be morphed into human body's thank you."
2021-05-28 01:00:00,"4 orange triangles with many white lights that followed."
2021-05-23 03:22:00,"Evenly spaced stars moving west to east across sky."
2021-05-16 04:30:00,"Dull yellow light spotted, 50ft above us"
2021-05-04 11:45:00,NA
2021-04-11 02:00:00,"The video is self explanitory."
2021-04-08 02:08:00,"Lighted train flies across night sky.  ((Starlink satellites??))"
2021-04-06 02:37:00,"A bright, high altitude light--NOT an airliner--moving at constant speed and brightness, then disappearing at same apparent speed."
2021-04-03 02:00:00,"Moving object vanishes as airplane approaches"
2021-04-03 01:00:00,"((NUFORC Note:  Witness provides no information about sighting; elects to remain totally anonymous.  PD))"
2021-03-10 00:48:00,"Bright brilliant white - looked like a comet. Fastest thing Ive ever seen in the sky.  ((////rocket launch??))"
2021-02-09 14:05:00,"((NUFORC Note:  Source of report provides no detailed information.  PD))"
2021-02-03 11:05:00,"((NUFORC Note:  Witness provides no information about the sigting.  PD))"
2021-01-08 02:30:00,"Bright flash causes black out"
2021-12-30 20:37:00,"I saw two different (or changing) objects about two minutes apart but in the same approximate location."
2021-12-28 15:15:00,"Close contact with a dark roundish triangular object"
2021-12-26 03:30:00,"Blues orbs moving very strange in the sky."
2021-12-21 05:00:00,"I have pictures . I stared at the moon for 8 hours . Never did that before pictures clearly show ufos"
2021-12-19 19:30:00,"Up to 8 counted spheres that spin, they glowed."
2021-12-17 02:45:00,"Stange lights"
2021-12-16 01:45:00,"Sighting began with 2 orange glows proceeded by small randomly pulsating white lights. Then the lights moved back and forth in the sky."
2021-12-15 01:30:00,"I saw a orb like light changing colors and moving back and forth"
2021-12-12 18:35:00,"Driving west on PA TP, crystal clear day, white object caught our eye high in sky, we googled weather balloon and it didn't resemble; s"
2021-12-12 02:40:00,"Was outside when I noticed two bright orange lights in the sky"
2021-12-09 10:30:00,"Both stationary for about 40 minutes or so"
2021-12-08 13:02:00,"Observed a bright light coming towards us, which turned and hovered and then took off at lightening speed"
2021-12-04 23:00:00,"I was filming the sunset"
2021-11-29 07:21:00,"This anomaly appeared to be a very large living creature that communicated with me and a person that was present"
2021-11-21 00:19:00,"Small craft with smoke trails and extraordinary maneuvers"
2021-11-20 07:30:00,"I saw this bright red light that began changing its figure, comming out of a invincible UFO."
2021-11-15 22:13:00,"Its a series of lights that would always go back to being a triangle."
2021-11-15 22:30:00,"A 'star' faded and changed into a cigar-shaped object."
2021-11-06 19:00:00,"I was outside waiting on my ride, when a white airplane type craft appeared every head about 20- 30 feet. It made no sound and cast no"
2021-10-30 02:00:00,"now this is not a joke for at about 10 o'clock on fri night I saw varied craft  in the sky on the ground nd on the greenway in Edison n"
2021-10-30,"We were riding down road. I looked to my right. There was bright orange balls of light. There was a big light and then more balls of li"
2021-10-23 23:00:00,"Glowing craft in the sky changed shape and elevation, defying the laws of physics"
2021-10-19 20:00:00,"Details can be seen for yourself. I recorded the incident as I was sitting on my porch. If you go to Facebook or YouTube... You can see"
2021-10-18 23:40:00,"Two orange lights in the sky to the south of Charlotte, NC"
2021-10-18 22:00:00,"Bright object in sky  on video zig zags, comes closer breaks into particles then back to circular shape."
2021-10-17 22:48:00,"Shape shifting black object with strange lights and reflections."
2021-10-10 03:00:00,"I thought they were jets but they made no sound"
2021-10-08 06:00:00,"Several objects seen moving with orbs, everynight in same area for 10 months.  Possible abductions."
2021-10-07 23:00:00,"I was filming the sunset"
2021-10-05 03:45:00,"Multiple UFOs captured on Camera over Aurora Colorado"
2021-10-03,"ufo gyroscope flying over freeway in ca"
2021-10-02 03:00:00,"I see a light that pings all over the sky in a certain area and have seen this more than once.  It goes too fast for it to be ours"
2021-09-30 23:18:00,"Today September 30th at 4:18 pm I witnessed a ufo leaving Griffin park from Whittier rosehill cemetery Heading East at a very high spee"
2021-09-20 23:13:00,"Ufo over nw okc!"
2021-09-19 02:15:00,"The three bright orange (not red like a plane - bright orange) lights in a triangle on the front of each caught my eye first. Three cra"
2021-09-16,"((NUFORC Note:  Witness provides no detailed information.  PD))"
2021-08-12 12:30:00,"I have a 2 second video and 38 pictures of objects and crafts flying, shapeshifting and cloaking in and out of a lightning cloud."
2021-08-06 17:48:00,"Two unidentified flying objects over Carlsbad on Friday, August 6, 2021"
2021-08-06 17:30:00,"We were playing tennis at the Omni La Costa resort. 8 women. It was very overcast. Foggy. All of a sudden a pulsating shape appeared ou"
2021-08-03 12:13:00,"Shape shifting ball in sky, Black ball with legs flew on neighbors roof fast and ran across roof, Shape shifting saucer or saucers"
2021-08-01 20:00:00,"Fire ball like object hovering changing shapes"
2021-07-17 07:00:00,"One section of the sky lit up over the sound between Vashon island and Normandy park, the bright light subsided a bit and an object app"
2021-07-12 07:53:00,"Please see my video on YouTube (I can send original too if needed).

The video is unedited. I don't monetize, but post for friends. I"
2021-07-06 03:38:00,"White rotating elongated object with ability to  shape shift."
2021-07-05 03:50:00,"Three witness White and red sphere that changed shapes near army base"
2021-07-05 04:00:00,"Object stood still also moved all directions turning to fuzzy ball then back."
2021-07-05 03:10:00,"3 bright sphere / orb objects over Phoenix Metro area"
2021-07-04 20:40:00,"Daughter was laying on floor by sliding glass door and started exclaiming about shiny birds. I ran over to see what she was talking abo"
2021-07-04 04:04:00,"I witnessed several lights along with a bright light flying in the sky."
2021-06-15 21:00:00,"This was the fourth UFO I've seen in my lifetime. the first one was maybe 20 years ago, the second one was maybe 8 years ago, the third"
2021-06-13 23:00:00,"UFO spotted by flight instructor and student pilot over San Diego. ATC confirmed no radar contact.  ((NUFORC Note:  Pilot report.  PD))"
2021-05-31 23:00:00,"Two high altitude objects interacting with each other. Hovering. And rotating while in a hover."
2021-05-29 19:45:00,"I saw a strange multi-colored daylight orb while I was driving. It looked like a silver orb and it was tumbling but then lights flicker"
2021-05-28 09:30:00,"The sighting was approximately 4 hours after the first sighting, I experienced earlier that evening, in New Mexico. I was on my way tow"
2021-05-16 04:05:00,"Slithering group of lights cross the sky"
2021-05-14 22:40:00,"Shape shifting object that shimmered and or produced white yellow lights in different spots."
2021-05-14 04:00:00,"Immense colorful shapeshifting Orb illuminating hovering in the sky."
2021-04-21 02:15:00,"I was driving home from Michigan and on the phone with a friend... As I was pulling into my driveway which heads east I noticed how bea"
2021-04-12 02:00:00,"Pulsating orb, miles in the sky remained still. Broke into multiple lights, then back into 1. Disappeared after 20 minutes."
2021-04-03 03:35:00,"green ship like object as well as what appeared to be triangle aircraftS"
2021-03-27 02:35:00,"Changing shapes, orange and gold colored"
2021-03-26 05:00:00,"Large hovering black object with lights appeared and then changed into several orange orbs.  No sound and slow moving."
2021-03-23 04:00:00,"UFO Second occurrence on Long Island NY in SAME/CLOSE TOWN HAPPENED SAME DATE roughly same time evening 1 month apart"
2021-03-20 00:15:00,"Seen and object 2 times, 1er time it look like a light and it will turn light on and off, 2 time 2 minutes later , my son in the car sa"
2021-03-16 20:30:00,"White/Silver Disc coming from the Atlantic stops in midair to change forms not once, not twice, not thrice, but FOUR TIMES!!"
2021-03-06 22:55:00,"Cigar/Circular object hovering in sky and moving strangely"
2021-03-04 15:45:00,"Husband saw what he thought was a hawk at first, thought then it was a helicopter size of school bus but then would rotate and change"
2021-02-28 21:52:00,"Large shape shifting geometrical craft, with one highly reflective side, maneuvered in sky above for 2 min in silence."
2021-02-23 03:00:00,"Objects seen with appearance of strange cloud."
2021-02-18 10:00:00,"A circular object, alternating between a disk and a shape shifting blob, paced the truck that I was driving."
2021-02-16 05:00:00,"Star-looking UFO disappears into distance at great speed"
2021-01-28 23:33:00,"Tetrahedron orb flashing colors, hovers, changes shapes and directions over my field nightly many pictures and videos"
2021-01-19 05:00:00,"Orange Glowing Half Oval Shaped UFO"
2021-01-19 01:07:00,"Strange lights flew in a slow hovering flight pattern."
2021-01-18 09:15:00,"Orange orb moving oddly low in the sky, two additional orbs appeared behind it forming an elongated triangle."
2021-01-09 06:30:00,"Started as what looked like a bright bulb then more of them.  One was green, changed shapes many many times; some of them are scary loo"
2021-01-07 00:08:00,"Slowly moving object in sky. Either rotating or changing shape. Reflectivity changed second to second."
2021-01-04 09:20:00,"Unknown pulsing object"
2021-01-04 06:15:00,"((NUFORC Note:  No significant information provided by witness.  PD))"
2021-11-19 09:15:00,"l"
2021-11-07 00:25:00,"V-Shaped transparent craft flying over Miramar- dimly lit amber lights."
2021-10-31 05:28:00,"Clear night no moon I was outside in my back yard looking for the northern lights. I was out there for about 15 minutes and looking to"
2021-10-15 02:38:00,"V Shaped Craft"
2021-10-10 00:45:00,"Large chevron shaped craft, no lights, no sound."
2021-09-25 12:00:00,"Lubbock lighting spotting over Naval Base Kitsap"
2021-09-12 02:05:00,"Chevron or Boomerang-shaped sighting over Florida Sep 11 2021"
2021-09-08 05:41:00,"Chevron shaped UFO San Marcos, CA"
2021-09-05 13:30:00,"2 objects flying very close to each other, I thought it looked really dangerous as I thought at first they were planes, 4 more appeared"
2021-07-22 03:28:00,"Saw a very bright flash going from South to North that lasted for seconds. Right before this, a plane was circling to land at Atlanta-H"
2021-07-13 06:00:00,"I saw a large 300 sq ft Chevron shaped object in the sky, very bright white in color, it took off at an extremely high rate of speed fr"
2021-06-14 01:00:00,"I was sitting on my back deck looking at my cell phone when I looked up and saw a beautiful v shaped craft straight over my head travel"
2021-06-01 01:39:00,"Three small flashing objects surrounding a larger object. Erratic movements by smaller objects. Large object was very brightly lit. Obj"
2021-04-23 08:40:00,"I witnessed a chevron-shaped object, silent and with seven lights cross my line of sight between 02:35am to 02:40am on Friday, April 23"
2021-04-11 04:40:00,"A soft white couple of opposing chevrons flew silently over."
2021-04-06 04:04:00,"My passenger and I were driving backroads in the country heading to Independence, and had noticed a light which was not moving. I notic"
2021-04-05 01:12:00,"Chevron shaped craft with mirrored exterior traveling from sw to new portion of sky 1000ft above ground. Completely silent."
2021-03-27 05:40:00,"UFO sighting on 3/27 01:40 and I have 2 pictures, one pic looks like a green chevron the other a blue egg/cyclinder shape"
2021-03-07 01:00:00,"Silent, large V shaped craft with circular lights on belly of wings faded like glow in the dark football brightness."
2021-02-19 08:17:00,"Chevron shaped object passing west to east over Hays Co. TX"
2021-02-18 02:00:00,"Three chevron shaped brightly lit objects (perfectly spaced apart)  flew just above tree level at 21:00 hrs."
2021-02-16 06:06:00,"On February 15 at 22:06 I observed a Chevron shaped object from my backyard on the west side of the Las Vegas valley moving approximate"
2021-12-25 23:30:00,"Dont know what it is"
2021-12-13 21:00:00,"Craft seen entering atmosphere"
2021-11-12 02:18:00,"Cigar shaped bright lite craft, dropping squrae pods multiple color."
2021-11-05 22:00:00,"At approximately eighteen hundred hours, I was outside with my dog when I sighted a cigar shaped object hovering in the sky over my nei"
2021-10-30 21:30:00,"I was in my car geting ready to help a friend change a tire while waiting in car I notice s white cigar shape object going across the s"
2021-10-26 13:30:00,"black cigar shape with bright yellow peripheral lights"
2021-10-23 04:00:00,"Cigar shaped object colored purple to pink to orange caught on blink camera"
2021-10-20 11:24:00,"Cigar shaped craft with three lights blinking in a pattern hovering over new providence and Doris road in Milton GA."
2021-10-16 16:30:00,"Cigar object that caught my attention"
2021-10-14 18:00:00,"Unknown object from a distance changed direction abruptly"
2021-10-05 23:11:00,"The way it was shaped and moving."
2021-09-26 21:27:00,"Cigar shaped object flies across sky in very odd way, before stopping and orienting it's leading end up and accelerating out of sight."
2021-09-12 23:00:00,"White fast moving tic Tac like object flying over Dallas , completely silent"
2021-09-05 18:29:00,"UFO's above Decker Canyon"
2021-09-02 12:35:00,"Ufo monitoring power grid and electricity."
2021-08-23 01:42:00,"It looked like a window and door less propane tank in the sky"
2021-08-21 03:50:00,"Green object hovers then rapidly changes elevation and direction."
2021-08-18 23:30:00,"4 white, silent torpedoes slowly moving eastward near Deep Run High School"
2021-08-15 13:40:00,"Bright orb ufo next I pick up a huge cigar ufo no lights no sound the more I think about this craft the more it freaks me out."
2021-07-30 20:00:00,"It looked like a long sliver cigar shaped cylinder flying through the air slow with the sun shining off of it, I'm still confused.."
2021-07-25 05:50:00,"While driving my son noticed a black cigar shaped object above/over over the moon - i pulled over and we watched it move slowly from to"
2021-07-24 05:45:00,"Mysterious, cigar-shaped aluminum floating object (with no wings or propellers) drifted directly over our car right in front of us."
2021-07-22 01:00:00,"Tic-Tac shaped, wingless and no propulsion in the evening."
2021-07-07 19:45:00,"Strange ""blimp-like"" object seen hovering over desert where military practice."
2021-07-04 23:25:00,"flying and hovering craft from southwest moving north east, craft disappeared after approximately 30 seconds, flight was captured on fi"
2021-06-16 20:30:00,"Bright white object seen during the day. 20 minutes later large cigarshaped UFO flies by."
2021-06-13 16:51:00,"Unusual aircraft only in mornings"
2021-06-03 05:00:00,"I was in my grow room approximately 11:15 at night. I was trimming my plants and watering them.I looked over to the left of the grow te"
2021-06-03 05:00:00,"I was in my grow room approximately 11:15 or so. I was trimming my plants and watering them.I looked over to the left of the grow tent,"
2021-05-31 09:20:00,"Extremely fast, bright cigar shaped object moving horizontally from south to north. Had a short light trail behind it."
2021-05-28 19:10:00,"Cylinder shaped object at mid-day in clear weather moves slowly across sky and disappears."
2021-05-23 22:30:00,"My passenger and I were driving to Independence, and were in the straight stretch of road right before the base of the bridge, about a"
2021-05-18 07:00:00,"Saw cigar shaped whitish/blue object with pulsing white and blue lights in sky near home depot in Corvallis, Oregon"
2021-05-16 16:05:00,"Large dull white cigar or disc hovered, gradually glided east where it vanished as if the night sky absorbed it, it made no sound"
2021-05-16 04:03:00,"Cigar shaped light like a dull fluorescent bulb flying north of Syracuse, NY."
2021-05-16 05:36:00,"Long and narrow illuminated craft flying high and somewhat slowly over Oregon (5-15-21, 22:36); 4 whitnesses"
2021-05-16 05:35:00,"Oblong white light travelling west to east slowly in northern sky's of Vancouver, Washington"
2021-05-16 05:35:00,"Series of lights that appeared to be coming from a solid cigar object (but could have had more depth) slowly traveling west to east."
2021-05-15 04:30:00,"Cigar shaped craft seen northwest of Eugene at 9:30pm on May 14th"
2021-05-10 18:00:00,"Metallic tic tac appears hovering over the water and moves off silently on a sunny summer day"
2021-05-06 04:05:00,"Approximately 60 aircraft lined up like a train flying  south to north."
2021-05-05 02:55:00,"I saw a string of lights in an absolute straight line flying silently across the sky from West to E.  ((Starlink satellites??))"
2021-05-03 21:35:00,"Saw a stationary black craft twice as big as airplane."
2021-04-30 12:10:00,"My friend and I arrived at Clearwater Lake for a fishing trip. I noticed a capsule shaped silver colored object across the lake in the"
2021-04-20 00:30:00,"Crazy cigar shaped glowing object in suburban PA.  It glowed and hovered for at least 10 minutes, my dog was very disturbed."
2021-04-09 02:00:00,"Multiple flying objects at different heights but in same general area.  Some move throughout the sky but others seem to stay stationary"
2021-04-08 01:45:00,"((NUFORC Note:  Witness provides no information about sighting.  PD))"
2021-04-05 02:30:00,"It was seen coming out north north west heading south southwest and then turned and headed East southeast.

 The craft was bright blu"
2021-03-29 00:26:00,"Driving down road, UFO passes overhead flying at 125 yards. And disappeared into the clouds."
2021-03-28 17:00:00,"I captured two ufos on my phone."
2021-03-26 04:00:00,"((NUFORC Note:  Witness provides no detailed information.  PD))"
2021-03-26 02:45:00,"Large cigar shaped, low flying craft with solid lights spotted in Peoria, AZ"
2021-03-26 02:40:00,"Update to Peoria report 03/25/2021"
2021-03-26 02:40:00,"Large  object with multiple white lights- Peoria Az"
2021-03-24 13:10:00,"Square lights moving across the sky.  ((Starlink satellites??))"
2021-03-14 13:05:00,"Cigar shaped ufo with lights across the whole thing. Came from the south going NW.  ((Falcon 9 launch.))"
2021-03-09 03:40:00,"4 lights speed across the sky in a way that planes can't.  ((Starlink satellites??))"
2021-03-05 17:00:00,"I was on 216 headed twords RT 3, I saw a metal tick tack shaped object. I lost it's view because of the tree line. I turned right into"
2021-03-04 13:00:00,"Huge cigar shaped craft with multible bright white lights silently flew directly over house"
2021-03-01 05:15:00,"Bright, fast bar of light in the sky in Southern CA on 2/28/21 at 9:15PM"
2021-02-25 13:50:00,"Bright cigar shaped object"
2021-02-05 00:20:00,"Feb. 4 2021 Irving, Tx. 2 600 ft cigar shaped grey / transparent flying in formation 1000mph+ 10 planes near object by DFW airport"
2021-02-04 11:08:00,"Silver/Blue cigar shaped hoovering over the lake from west to east"
2021-01-20 02:19:00,"Cigar shaped craft with a trail behind it"
2021-01-17 17:33:00,"UFO over Manhattan"
2021-01-16,"Myself abd a friend were just cleaning up our tools and material after fishing up working on my roof when we both noticed this HUGE cig"
2021-01-09 13:32:00,"Linear strand of approximately 5-10 white lights moving quickly and silently across the sky"
2021-01-07 23:31:00,"It was really loud and i first thought it was a helicopter or something like that but when i checked my app Flightradar24 there was no"
2021-01-03 23:00:00,"White cigar shaped object over DIA or Buckley Air force base"
2021-01-03 03:30:00,"It was follow a air plain high in the West sky,red in color,  no sound, then it sorry off passing the plain, then it was gone, but the"
2021-12-28 22:30:00,"Occur 5:30 pm hovering over and flying across sky back and forth"
2021-12-28 04:00:00,"Driving we saw object seemed to.have two extremly bright lights one on easch end of the craft was low enuff to.see framework"
2021-12-27 02:30:00,"A loud noise caught my attention to look out my window to see that there was a large circular shaped object hovering over apt complex"
2021-12-26 23:45:00,"A bright, pulsing, unmoving object hovered over my neighborhood for fifteen minutes before slowly flying away."
2021-12-24 22:48:00,"I did not see the ufo until I was viewing pictures of the sunset on the evening of Christmas Eve."
2021-12-24 04:30:00,"Ball of light caught on video"
2021-12-20 05:30:00,"Object appeared shot towards the ground & took a sharp right turn before disappearing"
2021-12-17 08:30:00,"unknown floating object recorded by Ring Indoor Camera"
2021-12-14 11:00:00,"Object appeared, grew in size and brightness, reduced size and brightness then began to move."
2021-12-14 05:30:00,"A distant glowing object rapidly descending downward"
2021-12-12 22:52:00,"A bright round object streaked across the sky and disappeared"
2021-12-12 05:00:00,"circle with blinking lights."
2021-12-11 04:45:00,"It was 9 to 12 Orange Balls moving southwest"
2021-12-09 09:00:00,"The object was distinctively different than the surrounding stars."
2021-11-17 01:45:00,"We went outside and saw a bright light that wasnt moving over Oquirrh Mountains. It wasnt a star because it was too bright and big. W"
2021-11-15 06:00:00,"A low flying, silent craft I could see inside of, one silver clad human shape, a red chair. Door opening and closing."
2021-11-13 22:35:00,"I witnessed what appeared to be a flying disk hovering and what appeared to be a projectile fired at it."
2021-11-12 16:00:00,"2 identical circular orange spheres traveling approximately 30 sec apart!"
2021-11-12 04:30:00,"A triangular shape of 200 white transparent lights flew East in about 4 seconds."
2021-11-11 23:30:00,"As I went outside to get a coffee from my girlfriend who was about to pull up to her house around 730pm I looked up into the sky and sp"
2021-11-08 02:52:00,"Unexplained round aerial object with no observable audible emissions observed."
2021-11-05 22:08:00,"Round object with flashing lights."
2021-11-02 21:00:00,"Several have been just sitting and I think they are communicating to each other with their blinking"
2021-11-02 12:03:00,"2 large spheres extremely bright white, 1 large sphere orange Video Captured Movement of Rings When Zoomed"
2021-11-01 01:57:00,"I have 2 mins of it and still can't explain it"
2021-10-30 23:10:00,"Driving on Holly Springs Rd, my wife & I saw an object flying just above the treetops. Object was circular, approximately 30 ft in circ"
2021-10-29 17:25:00,"Shiny metallic craft in morning sunlight"
2021-10-29 17:25:00,"Shiny metallic craft in morning sunlight."
2021-10-26 00:24:00,"Big bright blue crystal ball-like light with aura emitting sound"
2021-10-26 02:00:00,"Aliens in my attic?!"
2021-10-22 01:30:00,"8 Red Lights Observed"
2021-10-19 07:11:00,"I'm a School Counselor in a public high school. I was driving on the NJ Garden State Parkway going south around 3:00PM. Around 3:10 I n"
2021-10-19 01:43:00,"Blue and white circular ball falling to earth spotted in Northern California"
2021-10-14 21:14:00,"I was in my back yard playing with the dogs and noticed a small aircraft going in circles. I thought man he is having fun and then I ca"
2021-10-11 00:13:00,"It was a clear night ,  I was searching to locate  Venus with  my sky master pro binoculars, I saw in my view a flying objet ,  it was"
2021-10-08 04:38:00,"I saw what I thought was a bright star outside my apartment. That thing followed me in my work truck staying on my side of the truc"
2021-10-06 04:30:00,"Mr.  Davenport, First of all, I have absolute respect for you.  I have been a regular listener of Coast to Coast AM since the late 1990"
2021-10-06 02:45:00,"Stationary Star-like objects over Los Angeles (second sighting)"
2021-10-01 11:18:00,"Rotating in circles"
2021-09-30 18:00:00,"White Balloon Objects moving across sky"
2021-09-29 01:00:00,"white round objects, later a flash of bright red light"
2021-09-24 01:45:00,"Yellow circular and semi-circular object bouncing up, down and sideways in a fast and non-directional motion"
2021-09-20 23:20:00,"Went outside to watch the space station go overhead saw a dot in the south southeast sky from Waterville Maine. Looked at it through th"
2021-09-19 17:45:00,"Light orange colored disk traveling at rapid speed and low altitude."
2021-09-18 04:25:00,"Circles and in wierd positions"
2021-09-16 23:45:00,"While stopped at red light, we observed 4 bright white round objects in the western sky that seemed to be hovering. ((Contrails?))"
2021-09-16 01:47:00,"Circular white object moving west across sky"
2021-09-16 01:45:00,"Rounnd white light moving SW to NE. Stopped, hovered, jogged back turned pink and then turned red and shot straight up"
2021-09-15 13:30:00,"Looked up at a piper plane traveling south of my home. As I looked at it to the west a beam of light, like headlights lit up a pathway"
2021-09-13 04:30:00,"Circular object in NE night sky with geometric pattern in center. Michigan 09/13/2021"
2021-09-12 06:06:00,"i was sitting in the car and i caught something bright out of the corner of my eye and my first thought was to record so i did."
2021-09-11 08:30:00,"On September 11, 2021 I was awoken with the sprinkler system turning on at 4:20 AM. A beam of light coming down from the sky shined int"
2021-09-03 02:40:00,"I saw one object with dotted green and red lights. There were 3 green and 2 red lights that were blinking rhythmically. The entire obje"
2021-08-29 07:30:00,"Saucer shaped craft surrounded by pulsating, expanding and contracting white and green light followed me and wanted me to see it."
2021-08-29 00:45:00,"White reflective sphere about the size of a star seen in the daylight hours"
2021-08-26 22:35:00,"White round object around airplane level in the sky jumped around in zig-zag pattern like a mouse cursor, hovered, and disappeared."
2021-08-24 02:00:00,"Unexplained lights over New Jersey."
2021-08-24 00:49:00,"On August 23, 2021 at 23:49 I witnessed one single, circular, brilliantly glowing light cruising the night sky. It was very intensely g"
2021-08-23 08:00:00,"Happened while smoking a cigarette at 2am.i could literally sense something in the sky above my house. I stared in the area I suspected"
2021-08-22 19:45:00,"Cluster of potential UFOs"
2021-08-22 05:47:00,"1 ball turned into 2 balls."
2021-08-21 22:31:00,"Circular object with changing lights as movement changes"
2021-08-21 13:30:00,"Circular craft/light moving like a tire"
2021-08-18 02:30:00,"Hovered at 15 ft , underside had dozens of red lights surrounded by white lights"
2021-08-15 03:59:00,"Bright white light in the sky"
2021-08-14 07:35:00,"2 witnesses in ada oklahoma see circular ufo"
2021-08-14 03:03:00,"i saw ufo change color and shape and have 29 seconds on my iphone videos"
2021-08-06 22:00:00,"Saw round white object in sky"
2021-08-05 23:18:00,"Spinning silver object seen by two on a clear summer night."
2021-08-04 00:45:00,"Red flaming object shot across the sky"
2021-08-02 00:21:00,"Sitting outside with my wife watching a pretty cloud formation near sunset. The top of the cloud was really bright so I thought I would"
2021-07-31 10:36:00,"For a whole month strange lights had kept appearing in the sky almost directly above me for a whole month."
2021-07-23 01:30:00,"Green circular object over Point Pleasant Beach, NJ"
2021-07-19 23:35:00,"Several round white object sight near my flight traveling in opposite direction at a high rate of speed."
2021-07-09 04:00:00,"((NUFORC Note:  Witness provides no detailed information about sighting.  PD))"
2021-07-09 04:00:00,"On this date and time my children and I seen a green light in the southern sky at a 35 degree angle from our visual , than it stoped fo"
2021-07-08 03:30:00,"dancing white dot high in eastern sky"
2021-07-07 06:00:00,"Ufo sightings and Mufon is also investigating."
2021-07-07 04:17:00,"My boyfriend and I were outside when we saw a red light in the sky. The light was bright, did not move until it shot upward & vanished."
2021-07-06 18:40:00,"Round orange shape that was bright and would have no light to it for minutes at a time Nd then eventually just was gone. Seemed to have"
2021-07-05 06:53:00,"Saw in the sky three star sized lights moving rapidly and smoothly in a reverse triangle formation. Checked my phone compass and looks"
2021-07-05,"Me and sister saw, didnt know what it was and it shot back into clouds."
2021-07-01 21:24:00,"Spherical UFO flies behind the US capitol building."
2021-06-28 02:50:00,"Bright, possibly spinning object videoed traveling east to west at a steady rate in late evening."
2021-06-27,"White circle, above clouds, moving slowly against wind"
2021-06-21 01:52:00,"Round dark silhouette with bright orange light moving different directions"
2021-06-20 09:12:00,"3 Orange lights seen on College road in Wilmington, NC."
2021-06-18 08:20:00,"1:20 am Huge Orange Circular Craft over the SE skies of Oakland CA"
2021-06-18 05:00:00,"Multiple slow moving craft seen all over the sky during early morning hours."
2021-06-17 16:00:00,"At 11:50 am on june 17 2021 i seen a jet aircraft flying at around 30000 ft . About a minute later i seen a black circle object flying"
2021-06-17 16:00:00,"Giant black circular object peeping in and out of back of weird Grey storm cloud"
2021-06-16 02:45:00,"Small white circle near the moon, very slowly moving north, then disappeared."
2021-06-12 04:00:00,"3 of us saw 3 bright circle lights in sky at midnight. I went to bed woke up at 2:30 look out restroom window and saw 1000s of white tw"
2021-06-12 03:30:00,"UFO sitting in NWI"
2021-06-11 02:30:00,"Large bright orange disk or sphere seen at night hovering and crossing the lake outside our summer camp."
2021-06-03 15:30:00,"Large orange reddish circle floating still above homes."
2021-06-02 04:45:00,"I saw a white solid light moving from northwest to south East.

The craft made movements kind of from side to side. Unnatural to a wi"
2021-05-31 07:06:00,"Softball size lighted object with black strap hovering over garden 4ft from my bedroom window."
2021-05-31 02:00:00,"Notice a light flashing in the mountain. Blue then red. It's wilderness area no roads or homes. Started watching it and began to move f"
2021-05-30 21:55:00,"Craft seen in the sky and video taped."
2021-05-29 01:12:00,"Unidentified flying object over Ft Lauderdale, Florida.  ((NUFORC Note:  Rport fro experience pilot.  PD))"
2021-05-28 03:00:00,"A string of lighted objects in a perfect straight line silently went right over us heading east.  ((Starlink satellites??))"
2021-05-28 00:45:00,"It was definitely above the scattered clouds that night and strange as it may seem to say I had the feeling it knew I was looking at it"
2021-05-27 10:46:00,"Tiny white light spec during sunrise"
2021-05-24 01:30:00,"4 flying objects seen from my back yard"
2021-05-23 04:44:00,"Long line of lights moving silently across the sky."
2021-05-23 04:44:00,"Over Twenty White Dots in a line ~ Some Flared ~ Rancho Mirage, CA"
2021-05-22 15:20:00,"6-8 ufo flying in a straight line eastbound total visible duration maybe 1 minute then disappears"
2021-05-22 05:22:00,"Four bright orange spheres drift randomly above tree line then head north, fading as they go."
2021-05-19 04:25:00,"Bright light in the sky vanishes in seconds"
2021-05-18 07:30:00,"Strange lights formation disappearing in mid air over lompoc Ca near Airforce base."
2021-05-17 12:21:00,"Object at a standstill and then started moving. Object appeared to be falling then went back up higher and higher. The object then blin"
2021-05-17 04:07:00,"Bright green lights in the sky."
2021-05-17 06:10:00,"3 events of multiple UFO a with 1/2 hour span"
2021-05-16 19:45:00,"Reflective slow moving white ball"
2021-05-16 21:30:00,"Unbelievable! Very large circle shadow drifted across the water and docks at the port of los angeles headed north east.shadow was about"
2021-05-16 18:00:00,"Lights over Vancouver  ((Starlnk satellites??))"
2021-05-16 14:17:00,"As I pulled to the light on my way into the city for work I noticed a big silver metal sphere in the sky not moving so I pulled over an"
2021-05-16 04:00:00,"Orange pulsating lights in a square formation to a straight line formation"
2021-05-16 00:40:00,"11 glowing orange disc flew silently across the sky. They had no visible way of propulsion and looked like bright circles."
2021-05-10 15:00:00,"UFO sighting"
2021-05-10 04:30:00,"Orange Light Over Mobile AL"
2021-05-09 06:39:00,"Ball of fire.  1/8 th inch from my perspective.  No light trail.  Looks like landed in Gulf of Mexico.  Did not look like shooting star"
2021-05-09 04:00:00,"Hundres of white lights traveling in the same direction and same speed west to east over Chisholm mn , there was a pattern ( ***   **"
2021-05-09 01:40:00,"White dots moving in a line."
2021-05-09 01:36:00,"6-8 lights moving in circular pattern from west to south along the sky"
2021-05-07 02:30:00,"30 bright objects moving in a wave motion and 1 by 1 disappearing up into the sky."
2021-05-06 04:04:00,"String of approximately 10 circular lights moving in one direction overhead very slowly disappearing one at a time"
2021-05-06 04:00:00,"My wife and I were in the hot tub when I observed 8 circular lights heading northeast over the Pine Nut Mountain Range in northwestern"
2021-05-06 04:00:00,"A large group of small star like crafts flying in a straight line heading from north east spaced out evenly about 5 to ten feet apart a"
2021-05-06 04:00:00,"Single file streaming like abarmada aprox 200  as we 4 watched amazed calling to the nebors to come see. As a friend pulled up he also"
2021-05-02 13:30:00,"Circle objest hovering in the clouds above flight path."
2021-05-02 01:00:00,"black/dark gray circular object comes out of the clouds before disappearing back into them"
2021-05-02 01:00:00,"dark circular object comes out of the clouds before disappearing back into them"
2021-05-01 22:00:00,"Large group of small circular objects"
2021-05-01 02:00:00,"it was northeast direction saw a bright circle shape move slow then disappear very quickly"
2021-04-30 04:00:00,"A little after midnight at a resort in WV. Was outside in a hot tub relaxing. Had 3 beers 1 had a drink koozie around it, the one I was"
2021-04-30 04:03:00,"Bright counter-clock spinning"
2021-04-29 04:50:00,"Ufo staying still spinning"
2021-04-24 03:30:00,"2 circular aerial objects observed over Gresham Oregon 4/23/21"
2021-04-23 10:30:00,"Very strange   ((NUFORC Note:  Rocket launch from Cape Canaveral.  PD))"
2021-04-19 18:49:00,"Saw a large circular stationary object in broad daylight .  It was a dark color and no sound"
2021-04-18 00:25:00,"When looking at the weather radar a round object was detected. The radar signal showed the clouds changing as if a pebble was tossed in"
2021-04-17 04:50:00,"I was driving north on the Kent Black Diamond Rd. I had passed Jenkins Creek and there was farmland to my left. All of a sudden at arou"
2021-04-17 04:48:00,"Alerted by my German Shepherd, I saw a very ultra white, very bright round light slowly traveling west."
2021-04-16 09:00:00,"Saw a black circle right below the cloudline then it rose into the clouds"
2021-04-11 01:45:00,"Unidentified Non-Drone Object"
2021-04-11 04:00:00,"Ball of light moved at high speed, down and then went straight up into the sky"
2021-04-08 04:00:00,"Silent, low-flying circular aircraft with green beams of light directed at two different people minutes apart, from different angles."
2021-04-07 07:00:00,"April 7 2021 around midnight in area of East Palm desert California in northeast sky an object high up, circular with flashing lights s"
2021-04-05 23:00:00,"Most amazing thing I have ever seen!!!"
2021-04-02 04:00:00,"Unusually bright object in West sky.Stationary, it appeared to have some type of light occasionally coming from top.  Also had red, blu"
2021-03-29 03:30:00,"Truck driver observes 3 bright lights"
2021-03-25 16:00:00,"What appeared to be meteors were not in one single file line but messy, and after seen, booms were heard and a momentary shaking"
2021-03-24 03:30:00,"Round object swaying back and forth.

Changing coloring. Not moving very far.

Seen the same the night before."
2021-03-24 01:00:00,"Round object, Bright amber color moving silently at high speed with fluid like motions."
2021-03-15 10:35:00,"Object was circular and was bright blue in color and was moving left to right, hovering above the tree line in the northern sky as the"
2021-02-24 04:30:00,"No noise, just gone"
2021-02-22 03:44:00,"Bright orange/red light appearing and disappearing"
2021-02-21 01:30:00,"I was stargazing, when I saw a bright red star sized and intensity light, moving  towards me overhead. It appeared to be traveling in a"
2021-02-17,"A huge hovering circular object just above the tree lines"
2021-02-15 04:30:00,"Bright white pulsing light over Las Flores Canyon Malibu"
2021-02-12 13:09:00,"Bright white lights in a curved line like a rainbow moving at a steady speed from the N, downward to the SE.((Starlink satellites??))"
2021-02-11 06:00:00,"Atlantis was discovered by local autistic."
2021-02-08 12:45:00,"Approximately 7:45am I was in my yard with my husband and son. My husband noticed an airplane flying near our home and followed by the"
2021-02-07 02:45:00,"3 UFOs caught on video"
2021-02-04 12:45:00,"Very bright and very slow moving from West to East. We first noticed its location next to the moon and thought it was a morning star. B"
2021-02-04 03:20:00,"Giant bright red light in sky as well as other lights that we say phase out"
2021-02-04 02:13:00,"Flashing bright green and yellow circle flying across the sky and disappearing."
2021-01-29 01:00:00,"Stationary orange light in sky fades in and out"
2021-01-25 08:30:00,NA
2021-01-25 08:30:00,"Clouds would eliminate then a extremely bright circular object would appear, when a cloud passed the circular object disappeared,"
2021-01-23 06:05:00,NA
2021-01-23 01:00:00,"4 black circular aircrafts flying in triangular formation"
2021-01-21 02:00:00,"Driving southbound on I-39 in Stevens Point we witnessed 6 circular large glowing lights that seemed relatively close. Two were to the"
2021-01-18 02:00:00,"We were driving down Interstate 64 West when I looked up and saw a bright white circle or ball shoot across the Interstate it was maybe"
2021-01-17 12:15:00,"There was one black dot ( circle ) in the sky, far away and really high up. It did not move at all, and there was something sticking ou"
2021-01-07 19:30:00,"Saw 3 crafts in triangle formation that rotated clockwise as a unit while simultaneously moving forward through the air. Two of the thr"
2021-01-06 10:49:00,"Curiousity peaked in this video"
2021-01-06,"((MUFORC Note:  Source of report provides no information about event.  PD))"
2021-01-06 01:43:00,"I witnessed a circular object that was flashing in the sky, it looked as if it was bouncing around, and changed colors. It went from a"
2021-01-05 22:30:00,"I was at work doing my normal thing of picking up small pieces of trash around an apartment complex. About 3 or 4 times a week, I hear"
2021-01-05 05:46:00,"Bright white at the center blue light haze exterior, was about 50 Ft from my vehicle, if I had to guess the size 10-20 feet in diameter"
2021-01-03 07:00:00,"Blue circular object with small whitish arms(?)"
2021-01-02 05:00:00,"Circle ball of light in middle layer of clouds then shot out of the sky after zooming left then right."
2021-01-01 07:00:00,"low flying circular red shapes were seen during the fireworks by Tempe Town lake at midnight. one at a time the objects appeared one af"
2021-01-01 05:00:00,"Round, possibly saucer shaped, with red lights rotating around it."
2021-11-07 07:00:00,"Hi I'm ((name deleted)) 28 from holland I have a lot of info that needs to be discussed professionally and seriously under  terms."
2021-05-13 03:40:00,"Super bright object in NW sky."
2021-04-23 09:58:00,"A cone of light coming from the sky unlike anything I have ever seen.   ((NUFORC Note:  Rocket launch from Cape Canaveral.  PD))"
2021-03-26 04:00:00,"UFO fleet!"
2021-02-16 00:30:00,"I work security at Memorial hospital and I was doing patrol when I saw the shapes"
2021-02-08 02:30:00,"Moving star shaped objects seen frequently in the evening and early morning hours"
2021-01-08 23:29:00,"Sitting out back in broad daylight heard the sound barrier broke and seen a cross shaped aircraft flying by it came out of the clouds a"
2021-01-03 02:30:00,"Close encounter with a massive UFO in Buxton, Maine"
2021-12-29 00:29:00,"Extremely bright stationary craft"
2021-12-04 00:15:00,"Observed a silvery object for 10 minutes about 8 miles SSE of my home, just E of the (LAS) Airport"
2021-12-04 00:14:00,"Cylinder or tic tac sited"
2021-12-03 12:00:00,"I saw craft exit portal/vortex"
2021-11-02 01:30:00,"Green glow around cylinder object seen by two people before it took off."
2021-10-21 01:24:00,"I was taking a photo of the Harvest Moon at my home with my I-phone as it was rising out of the eastern sky just above the trees. It wa"
2021-10-20 11:20:00,"2 white objects in the sky smooth looked like tic tac"
2021-10-19 18:30:00,"Spherical object seen over Bolingbrook, IL"
2021-09-25 00:30:00,"A bright distorted ovalish object appeared out of nowhere darted in the sky leaving a very bright line left for maybe 20 yards then dis"
2021-09-23 15:01:00,"Cylindrical Shaped UFO w/ Bright Reflective Panels Hovers Over Ft. Walton Beach, Florida"
2021-09-18 21:45:00,"Highly reflective Cylinder object seen on the William Floyd Pkwy., Long Island"
2021-09-12 16:30:00,"dark colored craft chasing a jet at fast speed with a blue sky background"
2021-09-11 23:40:00,"My husband & I witnessed 20-23 objects flying from south to north, mostly in a straight line. A few were random toward the rear at the"
2021-09-11 19:30:00,"Shiny upright cylinder that rotated seen by three witnesses"
2021-09-08 00:45:00,"There were lights moving weird on the horizon. When my brother and I get home we see a tik tak shaped object hovering over our house."
2021-09-06 16:35:00,"I saw 3 cylindrical objects flying past our Jet Blue flight as we were approaching the airport.  ((NUFORC Note:  Witness is pilot.  PD)"
2021-09-06 14:26:00,"Former law enforcement officer reported slender black cigar-shaped object with 7 lights."
2021-08-28 20:28:00,"Cylinder moving in and out of clouds Northwest Arkansas"
2021-07-26 23:30:00,"Tic tac crafts passing each other as on two-lane highway in blue sky with puffy clouds."
2021-07-25 21:00:00,"A white cylinder, silent, not moving, then poof...gone."
2021-07-22 12:00:00,"Multiple Tic tac shape flying objects in a few hours."
2021-07-03 22:29:00,"I have a picture of a rainbow with a UFO inside the rainbow, doing their research."
2021-07-01 03:50:00,"Long orange light in the sky traveling north"
2021-06-28 06:24:00,"Flickering craft moving in different directions and slow. Seemed to change shape when flashing"
2021-06-12 04:00:00,"Object hovering then disappearing as seen from approximately one mile."
2021-05-29 23:30:00,"White, pencil-shaped object traveling fast above central Florida"
2021-05-17 04:07:00,"Cylindrical shape craft hovered in Northeast sky for 1 minute, then moved slowly eastward for 2.4 minutes before disappearing from view"
2021-05-16 05:36:00,"Object that looked like a string of pearls in the sky."
2021-05-16 05:30:00,"saw a green segmented object slowly traveling thru the sky"
2021-05-05 18:00:00,"Flying Garbage Can?????"
2021-05-05 01:30:00,"I was taking out my trash for the following morning and saw this florescent cylinder shaped craft hovering above our home, I called to"
2021-05-05 04:25:00,"At about 9:25 PM over West Vancouver, I observed what appeared to be a long tube or cylindrical shaped object flying at an angle toward"
2021-04-12 14:20:00,"It was a cylinder shaped craft that appeared out of no where and descended towards the ground very quickly. It looked like it had gold"
2021-04-11 02:45:00,"12 yellow fireballs that made patterns with a cylindrical object below the lights not visible with the naked eye."
2021-04-11 02:30:00,"12 Fireballs and one cylinder shaped craft  above Edmond, OK on Saturday, April 10, 2021 between 9:30 pm and 10:00 pm"
2021-04-08 12:35:00,"It looked like a long plane"
2021-04-08 02:00:00,"Strange lights in cylindrical formation flying above and  low then disappeared"
2021-04-01 21:00:00,"Saw airplane fly into space midday"
2021-03-31 03:36:00,"looked out into the night sky and saw the 24 craft"
2021-03-25 23:00:00,"saw dark object with no lights and making no noise moving in a NE direction."
2021-03-11 13:00:00,"Long cylinder of lights over Eastern Washington.  ((Starlink satellites??))"
2021-03-10 12:00:00,"I leave for work at 7am and was excited to be able to see the passing International Space Station scheduled for that morning at 7am com"
2021-03-10 00:43:00,"Bright Cylinder (1'x1') no sound or heat. Service Dog noticed it. Apple iPhone 11 unable to lock on target t"
2021-03-10 00:43:00,"Bright cylinder, rectangle observed above roof. Sensed by service dog, camera and madar."
2021-03-10 00:43:00,"Bright Cylinder about one foot (1x1) no sound or heat. Service Dog noticed it."
2021-03-02 00:01:00,"Long cyndrical object seen March 1 @ 17:01 on AA475 exactly same as Feb 21 sighting on AA2292"
2021-02-25 23:00:00,"I was outside saying bye to my fiance as he was going to work. I looked up, and the sky was beautiful, the clouds were stringy like. I"
2021-02-20 16:15:00,"Shiny UFO over Fort Payne"
2021-02-13 10:05:00,"Looking through my bedroom window, towards the North East, I saw a VERY bright light (brighter than any star I have ever seen) travelin"
2021-02-09 23:31:00,"White cylindrical object with trailing haze, bigger than our plane, pilots dont know what it is."
2021-01-17 04:00:00,"Was real close and silent"
2021-01-14 20:45:00,"I was driving down US-287 in Lafayette near the Baseline intersection and something shiny caught my eye in the sky. I continued trying"
2021-01-11 15:30:00,"Vertical hovering Cylindrical shape object seen in Rahway New Jersey."
2021-01-04 04:20:00,"2 groups of 3 to 6 bright orange cylindrical objects appearing and then disappearing as though they ""burned out""."
2021-12-21 03:00:00,"Light"
2021-12-17 04:30:00,"It did not look of this world"
2021-12-14 23:45:00,"Witnessed a large silver light in the sky along the horizon"
2021-11-18 01:00:00,"Went outside looked up there was a huge space craft floating in the air took off right away. All I seen after was a streak of light"
2021-10-09 02:00:00,"Red blue and green revolving lights moving in a straight line down and a quick 90 degree turn then vanished."
2021-10-03 04:53:00,"I had just pulled up to my place after running to the store and when I got out of my car I saw a extremely bright gold shining light th"
2021-09-18 03:00:00,"Diamond/Prism object, spinning on an axis. Lasted 7-9 minutes joined by darker than night mother ship and then another diamond Prism jo"
2021-09-09 00:48:00,"Diamond-shaped object with lights seen flying over Interstate 83."
2021-09-02 23:30:00,"Weird shaped craft flying low with an escort plane directly behind"
2021-08-31 03:00:00,"Walked outside.. didn't think much of it with stars & nighttime sorties near AFB.  But sat out there are what appeared as a star.. this"
2021-08-11 04:23:00,"Large diamond shimmering in sky"
2021-08-11 01:40:00,"Orange diamond formation"
2021-08-06 20:00:00,"On August 2nd I witnessed ufo 8 a.m. in the morning but couldnt take any pictures as it was traveling northeast because I was in a mee"
2021-06-06 04:00:00,"Since 6/6/21 I have seen what I thought to be stars because I see them in the same spot in the sky for days at a time. Then they will n"
2021-05-31 16:00:00,"Mass amount"
2021-05-25 22:27:00,"The object looked onyx black and was floating / flying along the mountain range and then when towards the mountains.  The object looked"
2021-04-23 09:45:00,"((NUFORC Note:  Rocket launch from Cape Canaveral.  PD))"
2021-03-18 07:00:00,"Small, star-like object appears in Oregon nighttime sky."
2021-03-07 04:50:00,"Bright unexplained light east of Kingston Illinois"
2021-02-16 16:30:00,"While outside I heard a very loud airplane like noise. The noise was loud enough to startle me and lasted 5-6 minutes. The object itsel"
2021-02-04 03:00:00,"Red lights  in diamond form with two lights below diamond.  Blinking and moving in a circle."
2021-01-07 23:49:00,"Diamond shaped bright light aircraft seen slowly moving"
2021-12-29 05:15:00,"static disk floating up and down emitting a redish hue from the top."
2021-12-14 22:45:00,"Accidental capture of disc-shaped UFO in photo"
2021-10-31 03:00:00,"Grey disk like craft no sound no lights moving around 300 feet altitude at high rate of speed westbound just 100 feet southerly of Gran"
2021-10-16 02:00:00,"Military base closes for day, UFO seen leaving base."
2021-10-11 02:00:00,"10/10/21 at 22:00 I saw a large lit up object only 50 above our car. Continued to keep flashing every minute until it slowed down."
2021-10-02 07:00:00,"Black disk shaped object seen as I was driving home after night shift work. Estimated it to be football field size from its perceived h"
2021-10-01 08:35:00,"I walked outside with my wife to smoke a cigarette and looked up as I always do, when I witnessed a white disk shaped object zoomed acr"
2021-09-27 19:15:00,"2 metallic discs hovering over school"
2021-09-27 21:30:00,"I was actually surfing just south of the Manhattan Beach pier & sitting on my board. There was an object that caught my eye. I thought"
2021-09-26 04:00:00,"7 disc shaped crafts one 2 separate occasions within a week seperated by 3 occurances on each night."
2021-09-19 10:00:00,"Strange round object with lights"
2021-09-19 07:30:00,"Flashing sphere moving in multiple directions i have a video"
2021-09-18 22:00:00,"Silver/chrome saucer. After the sighting I felt nauseas"
2021-09-12 05:11:00,"Black disc shaped craft with a row of bright red, blue and green bright lights around the disc hovered low and made no noise."
2021-09-11 21:15:00,"Orange saucer shaped. Looked as if it was lit from bottom. It was really moving, but appeared to hover and move up slightly. Then it go"
2021-09-07 20:00:00,"It was a lightly over cast day, it moved fast at times and seamed to appear and disappear at times in other areas."
2021-08-30 17:04:00,"Photographed something I can not explain 8/30/2021 NW of Roswell NM."
2021-08-20 23:58:00,"Salem, MA UFO sighting; by the power plant, in the same location as one before, 69 YEARS AGO!"
2021-08-20 05:30:00,"Stargazing with binoculars I saw a ship land on the mountain in front of my home"
2021-08-19 04:00:00,"Noticed bright light traveling at impossible speed and started to record"
2021-08-16 02:50:00,"Large metallic/reflective disk-like object flying low overhead, seemed to be following the direction of the nearby highway."
2021-08-03 03:25:00,"UFO disk shape seen on 8/2/2021, traveling at a fast rate, NW to E, 20:25 pm, 0ntario, California 91761, at the same time as ISS was pa"
2021-08-02 01:00:00,"2 Landed UFOS Surrounded By Military Footage LINK https://www.mufoncms.com/files_jeud8334j/117252_submitter_file1__8012021.mp4"
2021-07-24 02:03:00,"Black isosceles trapezoid shaped object moving across the sky, above the meadowbrook parkway, southbound. Red blinking lights on the bo"
2021-07-10 04:15:00,"Many UFOs gathering in the night sky above Sarasota. Noticed 1 on 7/10/2021 and the sky has been full of them since."
2021-07-04 23:23:00,"I was driving, it was daylight and the sky was blue and clear, my passenger and I were discussing time as we were late for our event, I"
2021-07-02 01:15:00,"White disk traveling east then immediately reversing direction along the same path."
2021-06-27 19:22:00,"Disc moving slowly overhead while sitting in our backyard."
2021-06-18 07:05:00,"Disc shape 5 man size lights approximately 15 feet above ground floating and movement forward and rearward air wave felt when crossed o"
2021-06-18 02:35:00,"I have been seeing something hover above my home so I set up my stealth trail cam facing the sky on an outside table."
2021-06-13 00:15:00,"Silent, slow moving saucer shaped object over Woodford, VT"
2021-06-05 23:00:00,"Silver disk disappears, or somehow became invisible while watching it."
2021-06-04 23:40:00,"Direct Contact: Stared at each other for three minutes before it took off"
2021-06-04 19:30:00,"I was driving to the post office when out of no where there is a small but bright flash in the clear blue sky around 2000ft away and ab"
2021-06-03 04:56:00,"Day time disk"
2021-06-03 02:23:00,"It was A clear night on June 2, 2021 approximately 9:23 PM I have a video of a spaceship in the sky and it beckons a round circular lig"
2021-05-30 03:46:00,"flying saucer with flashing lights hovering above us"
2021-05-29 03:00:00,"lights flashing on disc shaped aircraft caught on video"
2021-05-22 17:30:00,"Weird sighting"
2021-05-21 22:15:00,"Between 3AM and 3:30AM I was out walking the dog, I looked to the north Northwest towards the Portland area and saw a bright orange lig"
2021-05-16 17:42:00,"We observed a comet about 10 minutes before. We were fishing by the boat launch opening and looked up and say a line of lights. The li"
2021-05-16 05:30:00,"UFO in Star Idaho"
2021-05-15 16:50:00,"Animated looking green glowing flying saucer"
2021-05-13 03:00:00,"Saw 3 UFOs hovering above - looked like they were playing games flying around each other amongst the three saucers"
2021-05-09 20:30:00,"A silent disk went over me, my fiance and my son's head and out over the water of Clear Lake."
2021-05-08 02:45:00,"Saw disc with lights rotating like:::::: ""·· ·· ·· ··"" then in ""··· ··· ··· ···"" back down to 2, then 1, and gone."
2021-05-07 02:40:00,"ENORMOUS disc-shaped UFO with band of lights spotted 5/6/21 at 22:40 hovering over Lake Lanier (Gainesville, GA)"
2021-05-04 12:35:00,"Strange Gray Disk Hovering then shooting up and disappearing.."
2021-04-22 23:58:00,"Small silver/white disk shaped object traveling in excess of 2-300 mph south of Kingman AZ"
2021-04-17,"During the week off April 12, 2021- I saw a disk or saucer shape object in the North sky.It did have red and blue flashing lights-which"
2021-04-15 20:00:00,"Dull grey disk, flipping end over end, just below cloud ceiling."
2021-04-15,"Big, grey crescent shaped object in sky with multiple lights."
2021-04-06 00:25:00,"There was a flying saucer with flashing lights hovering and the quickly disappeared"
2021-04-05 06:30:00,"Disk, Gray Metallic color."
2021-04-03 21:38:00,"Blue UFO comes out of sky over San Leandro, California"
2021-03-16 09:22:00,"Disk with  bright lights going around it moving erratically and fast!"
2021-03-04 13:08:00,"Horizon of white lights going slowly with no sound and slowly turned vertical and then once it got horizontal it very quickly shot down"
2021-03-02 20:00:00,"I was on my way home on the bus from school and then I look out the window. I saw what seemed to be a flock of birds...but they weren't"
2021-03-01 05:00:00,"Bright disc descended behind flying rock mountain"
2021-02-27 05:18:00,"My fiance saw this on the way to a casino  on 1100 Canterbury road in shallows Minnesota on Feb 26 2021. Counted 9 bright blue lights i"
2021-02-27 03:16:00,"I was driving home from work, and saw green lights hovering off the side of the road, about level with the top of power lines."
2021-02-24 21:10:00,"My wife and I were in our backyard with our two toddlers, and my wife saw something in the sky at approximately 4:10pm eastern time.  S"
2021-02-21 03:00:00,"Hovering Saucer with 3 blue/white thruster looking lights. large and undeniably visible."
2021-02-20 01:50:00,"Far but looked like heat around a saucer."
2021-02-19 19:20:00,"2 sliver or titanium white crafts wiz by in the sky over the super 8 motel. Came to a dead stop and then shot of at unbelievable speeds"
2021-02-17 12:45:00,"70 saucer sat above my neighbors house."
2021-02-17 07:22:00,"Disc shaped object seen. It had small white lights circling around  it. It flashed for five seconds. Light,dark, light, dark pattern, a"
2021-02-09 00:47:00,"Saucer/disk shaped aircraft spotted just north of Lawtey, Florida"
2021-01-26 04:55:00,"The object was visible and showed extremely unusual flight patterns."
2021-01-25 17:50:00,"I saw a dark, shiny/reflective disc shaped object traveling overhead, rotating sporadically as it traveled from the SW the NE"
2021-01-19 06:15:00,"On 1/18/21 at approx 23:15 hours in Glendale, AZ, I was driving home from work when I noticed a large object hovering in front of me to"
2021-01-10 15:00:00,"Witnesses observed and photographed a silver disc-shaped object which maneuvered at high speed after hovering."
2021-01-10 15:00:00,"Witness and a buddy were taking a walk in the woods near his house saw and photographed disc."
2021-01-09 08:15:00,"Unlit saucer seen suspended in air"
2021-01-06 05:00:00,"They were like light blueish/ white circles moving in a figure 8 position repeatedly for a few hours."
2021-01-02 16:30:00,"When originally spotted it had red lights on that where in a saucer or disc shape. The object was moving left to right and stopping on"
2021-12-14 11:00:00,"Bright light blue/white eggs shaped"
2021-11-16 01:45:00,"very bright object moved west then moved straight back stayed"
2021-10-09 00:30:00,"I saw 5 orange lighted objects emerge from the tree line @ the end of my street. In a stagurd formation first 3, then 2 more followed."
2021-09-11 04:30:00,"Was sitting next to a little bawnfire talking and listening to music when I took a drink and looked up to see 5 small crafts flying in"
2021-06-26 17:32:00,"say a egg shaped craft fly over me and my friend"
2021-05-31 00:06:00,"This UAP object was travelling very slow from East to West. This happened directly over the MTA North Hollywood Station located at Lank"
2021-05-01 19:45:00,"UFO sighting from West Hollywood looking NE"
2021-04-22 17:00:00,"I can go or send anyone at anytime to this area and they will get proof because I believe this is a base and if anyone observes then su"
2021-03-16 02:00:00,"I will try to send a short video I got of it... Object moving quickly to the east of me headed south. No sound like a plane would have,"
2021-01-25 23:30:00,"White Orbs 50-100 in front of Saddleback Mountain in Trabuco Canyon CA"
2021-12-29 01:15:00,"Bright orange craft flying low and rapidly followed by a second one close behind"
2021-12-22 02:00:00,"Fireball"
2021-12-20 02:00:00,"Large sighting of orange lights moving and pulsating"
2021-12-16 03:00:00,"4 different sets of 10-20 fireballs traveling downward at a slow speed"
2021-12-15 20:15:00,"Fireball of green light, vertically descending then rapidly leveling to fly horizontally and disappearing like a light switch snapped"
2021-12-15 03:30:00,"I saw a green meteor like thing with a tail fall out of the sky"
2021-12-14 01:00:00,"3 fireball-type of objects ascending, traveling west to east and disappearing"
2021-12-09 06:00:00,"Red flame then got lighter and vanished"
2021-11-13 04:15:00,"Multiple fast traveling fireballs in the night sky."
2021-11-11 23:30:00,"2 Fireballs were stationery facing & hovering over LAFB the other 2 were off to the opposite side doing figure 8s & crossing each other"
2021-11-11 03:00:00,"Orange fireball sighted in Woodbury, CT"
2021-11-02 01:00:00,"A large fireball was observed in the middle distance"
2021-11-02 03:00:00,"Over 30 ufo seen over south tucson on nov 1st 2021"
2021-10-27,"Fireball appeared to expand and retract, darting multidirectionally for (+\-) 45 seconds."
2021-10-16 13:20:00,"Green ball of flame fizzles out over Wellton, Arizona."
2021-10-16 07:30:00,"Incredibly bright light(s) in sky, felt like 3 unknown shapes maybe orbs"
2021-10-16 01:00:00,"Fireball/Orb in Rainbow City AL"
2021-10-11 02:05:00,"Saw 4 green fireballs falling close together. They were extremely close like the distance an airplane isafter takeoff/before landing. ."
2021-10-09 03:00:00,"The object was round and it looked like an orb or fireball , it had green color to it like a weld spark. I saw it for about 5 seconds w"
2021-10-09 02:35:00,"1 bright reddish/orange glimmering light west of Union City, OK"
2021-10-01 02:49:00,"Maybe a meteor?"
2021-09-27 02:45:00,"Orange, looked like one large star, moved steadily across sky, Eastward direction, slowly disappeared into nothing."
2021-09-25 06:58:00,"Reddish Pink Bright Light Moving Over Downtown NE Minneapolis"
2021-09-23 03:30:00,"green ball of light descent"
2021-09-20 10:45:00,"Orange UFO"
2021-09-10 01:17:00,"Saw pulsing orb in sky followed by plasma/fireballs above my street"
2021-09-07 02:56:00,"Red orange fireball no sound heard. Unknown speed more like gradual gliding"
2021-09-06 02:00:00,"2 fire-like orbes circling in the sky"
2021-09-06 00:47:00,"A fire ball of an object appeared over my house. It was sitting in one place as I filmed it but began to move when the film started. It"
2021-09-03 01:00:00,"Pure white light flying in such a way that no earthly craft possibly could."
2021-09-01 03:35:00,"Orange ball of light heading east, fast, silent, then disappeared"
2021-08-30 01:00:00,"Bright white and red/orange lights flashing and darting around in the night sky. I watched it for about 40 minutes and took 2 videos wi"
2021-08-19 09:00:00,"The night of August 19th 2021 around 3:00 in the morning I look towards the ski base Santa Fe New Mexico and I saw a ball of light in t"
2021-08-19 01:40:00,"Green-light ball with a tail looks  like  a shadow was falling under 45 degrees for a 15-20! Seconds and disappears Was only one and do"
2021-08-18 00:55:00,"Three amber orbs floating over downtown Durham"
2021-08-04 05:00:00,"Sighted south of palo verde power plant in the buckeye hills area.

 Orange glowing balls all flying about the same hieght above grou"
2021-07-28 03:58:00,"First Possible Sighting of UFO: It began to move toward me!"
2021-07-24 03:00:00,"My sons were in the yard. They saw this gold- illuminated, flickering but not flashing, as if made of fire. No other lights....pure gol"
2021-07-16 09:40:00,"Silent Ball of Light going at fast speeds."
2021-07-15 03:00:00,"Bright orange fireball loiters for 4 hours over rural town."
2021-07-04 02:30:00,"I was sitting on my front porch facing the south, a bright light caught my eye.  I saw this fire ball that was emitting light like the"
2021-06-05 01:00:00,"Orange glowing orb that changed directions and was silent."
2021-06-03 00:30:00,"9 rockets out of North Florida?"
2021-05-30 03:20:00,"Fireball that turned into 3 cruising ufos"
2021-05-25 01:07:00,"UFO Spheres of Orange Lights spotted over ocean in Myrtle Beach, SC"
2021-05-23 07:54:00,"Bright subject seen in early morning hours"
2021-05-22 01:45:00,"drone launching pyrotechnics"
2021-05-17 04:20:00,"Early Monday morning, I was sitting on my deck looking north east that's  when I noticed a large red and orange ball of light just unde"
2021-05-07 10:30:00,"South toward the the Gulf of Mexico a comet like object traveling east to west, vertically with a very large tail, lighting up the sky."
2021-05-06 00:30:00,"3 yellow/orange fireball like lights traveling silently and following each other."
2021-05-05 04:56:00,"Fireballs in the night sky"
2021-05-04 01:15:00,"We saw a bright fireball in the sky that was very bright and moving slowly. Initially we thought it was a drone.

As it moved towards"
2021-05-02 09:00:00,"Ring Door Bell Recording UFO disappearing"
2021-05-02 02:00:00,"Fireball shape moving very fast through the sky. Did not have any sound. Seen moving in a straight line for about 20 seconds before dis"
2021-04-30 04:45:00,"Green flash, streak, fireball."
2021-04-30 03:39:00,"I was sitting outside looking to the east and homosassa Florida I saw a hot pink streak and as I watched it go across the sky it turned"
2021-04-29 03:46:00,"We saw what looked like a huge fireball in the sky. It looked very different than a falling star. It was a falling fireball. And then t"
2021-04-24 04:36:00,"Large, Silent, Fireball-like Objects Crossing over Field"
2021-04-24 00:55:00,"Bright orange fireball moving slow speed over trees, hovering and disappearing. Second encounter recorded, clear sky and moonlight."
2021-04-23 02:23:00,"Saw a steady pulsating fireball above that moved slowly away"
2021-04-21 01:00:00,"Ball of light fastly flashes/transport into a triangle, if they were 3 lighting up in triangle formation 1 blink per point at 1 time. A"
2021-04-12 07:00:00,"Seen a lot more in the past have very much encounters no reason to make things up April 2019 I've seen others I mention seeing fog Bank"
2021-04-10 01:59:00,"About 20 fireballs seemed to rise from ground in groups of 3-4 rising slow to the west. Then going east after the fire glow stops."
2021-04-10 00:30:00,"((NUFORC Note:  Witness provides no details about sighting.  PD))"
2021-04-03 03:38:00,"Greenish fireball streaking through sky at high velocity"
2021-03-30 15:30:00,"Hi this is real sigting i watched that and take the pictures, video they come from moon,red white yellow light ball they fly like so sc"
2021-03-26 04:15:00,"A bright ball to the right of mt hood (south west of here) coming closer and becoming brighter, 0.2 inches at arms length.  ((re-entry)"
2021-03-26 04:00:00,"Slow moving cluster of fireballs crossing from SW to NE over the Tri-Cities, WA.  ((Starlink satellites??))"
2021-03-26 04:00:00,"I have a live video I would like to submit."
2021-03-24 23:30:00,"I saw six fireballs of light in the sky strung like lights that moved with intent and intelligence.  ((Starlink satellites??))"
2021-03-23 06:30:00,"4 glowing red balls traveling east to west, no blinking, no noise, 2 witnesses"
2021-03-16 00:40:00,"it was in the sky , like how light fading away from fireworks looks like, it was a beam of red light horizontally and i turned my head"
2021-03-14 10:00:00,"Looking out at south east morning sky, I saw a bright white point of light with lit up trailing vapor ((Falcon 9 launch))"
2021-03-14 09:00:00,"This was a white fireball with large conical plume of white smoke and charged particles ((Falcon 9 launch.))"
2021-03-10 02:15:00,"3 bright orange lights flew over on the same trajectory.  From south west to northeast"
2021-03-02 02:45:00,"Bright, lime green fireball in the sky"
2021-02-28 01:00:00,"Very large falling & blue-white flaming ball falling into earth. So low it looked as if it was going to strike the ground. Huge & fast."
2021-02-22 00:55:00,"Approximate 6:55 pm, while driving northbound on Westgate Blvd from Davis Rd, my family and I saw a red/orange flaming large object in"
2021-02-14 11:57:00,"Two UFOs reported in pa"
2021-02-12 00:15:00,"Flying against air traffic norms in the area ."
2021-01-31 00:10:00,"Red balls in formation flying in the sky"
2021-01-28 01:30:00,"Orange glowing lights in the Estrella mountains"
2021-01-25 02:15:00,"The objects were a orange color leaning more towards the red side of a scale then yellow glowing brightly in a fireball/orb like shape."
2021-01-21 01:15:00,"Fireball in sky seemingly evades airplane then disappears"
2021-01-18 03:00:00,"Whole back yard lit up orange fiery sphere no more than 30 feet over head went north west to east really quick then just disappeared"
2021-01-15 21:00:00,"1600 fireball over Orlando Florida"
2021-01-10 05:32:00,"As I was going out to my car I grabbed what I needed shut the door and looked up at the sky and saw a huge Orange fireball but it didn'"
2021-01-09 02:30:00,"Firey UFO over Unincorporated Saint Peters"
2021-01-04 23:00:00,"Bluish/green fire ball"
2021-01-04 13:17:00,"Fireball seen over Safford Mine"
2021-01-02 01:28:00,"Large, orange fireball over Tampa, FL at 8:28 p.m. on Jan 1st"
2021-01-01 17:00:00,"Minutes after fireworks I had noticed an orange fireball in the sky. It was moving fast and it skipped speed a few times."
2021-01-01 03:30:00,"Pulsating orange orb in eastern sky"
2021-11-13 21:34:00,"Plusating White Light coming back from Beach"
2021-11-10 09:31:00,"Woke to take my dog for a walk at around 3:15 a.m. I tend to always look up at the nights sky asking to see something and as of this mo"
2021-10-27 22:56:00,"High altitude single ball of light appeared in the distant sky while on evening walk. N-NW in proximity to my location. Caught my atten"
2021-10-15 04:00:00,"A bright green light with a teal light trail fell from the sky in a curve for about 2-3 seconds before it disappeared from view."
2021-09-11 02:15:00,"2 Green Flashing Lights moving unbelievably fast"
2021-09-08 01:30:00,"Numerous Lights in Ocean Isle Beach"
2021-08-15,"trail of bright light flashes and disappears"
2021-08-08 01:48:00,"Curved streak across the sky at unbelievable speed"
2021-08-02 03:00:00,"I was driving and my boyfriend and I both just happened to look at the sky and saw a large what seemed to be close in the atmosphere ab"
2021-07-29 06:13:00,"Bright Blue light flashed in sky, left small smoke puff. No sound."
2021-07-16 02:45:00,"I was sitting on my sofa watching TV and the patio slider door was to my left.  In my peripheral vision, I saw a very large, yellow, br"
2021-07-08 10:16:00,"Military jet side swiped by bright light from cloud cover it"
2021-06-24 21:45:00,"Saw an extremely bright light late in the afternoon traveling at a very high altitude."
2021-05-27 06:30:00,"Driving home from vacation, saw yellow flash of light, light hovered in place, then took off."
2021-05-23 03:20:00,"The were in a straight line and by time I got my phone out they spread apart. I have pictures of when they split with my night camera."
2021-03-27 06:00:00,"White bright quick light"
2021-03-26 04:00:00,"There are currently 6 drones above tge Bay in Port Ludlow, we were outside looking at them when something moving horizontally flashed a"
2021-03-16 04:00:00,"3/15/21 in Mojave area fwy 14 or 58, close to Edward's military base. big red light flashing, thought was another tower, but it was too"
2021-03-02 09:00:00,"strobing red light moving slow then fast, witnessed by a police officer."
2021-02-28 21:30:00,"Driving down keene in west richland facing Rattlesnake mountain. I observed a metallic flash in the sky, almost as if a light was shine"
2021-02-17 09:30:00,"Flashing lights and eerie mechanical sounds"
2021-01-21 02:15:00,"Flickering lights in sky."
2021-01-17 13:30:00,"Strange flashing lights across the sky"
2021-01-05 12:15:00,"Colorful flash of lights out of nowhere"
2021-01-05 02:30:00,"I am submitting this to confirm other possible sighting reports about a flash of bright light (emanating around an even brighter white"
2021-12-25 01:15:00,"Four red lights, not flashing, traveling in a line north to south"
2021-12-15 04:30:00,"It was loud like rocket in a V shape."
2021-12-14 07:00:00,"Looking at the geminids and witnessed a formation"
2021-12-08,"my brother and i saw lights in formation that disappeared instantly"
2021-12-04 01:30:00,"me and siblings were at park when i spotted strange craft that looked hundreds of feet long and had lights going down it"
2021-11-18 00:45:00,"Formation pattern of 8 red objects."
2021-10-23 01:45:00,"colored light formation darting hovering over NY tristate"
2021-10-21 03:00:00,"I saw 7-9 lights flying in a v-formation."
2021-09-24 01:41:00,"I was fishing on the Rock River and noticed these weird lights that made no sound but we're extremely close and kept doing the same rot"
2021-09-19 01:00:00,"5 or more round and white objects with some sort of silvery elogated handle on top. They moved slowly in several directions, hovering o"
2021-09-17 02:00:00,"Strange circle formation of lights observed above Tucson, AZ hovering and moving northeast towards Oracle, AZ."
2021-09-11 01:13:00,"I witnessed a formation of circular lights moving all at once, in a slow pace"
2021-08-26 04:00:00,"I just happen to scan the sky as I often do and saw 4 lights in a triangle formation moving from West to east. As they grained altitude"
2021-07-22,"They came from the East in tight formation at first, grouped together, they were black circular objects yet shining due to the setting"
2021-07-11 02:00:00,"Strange Silent Orbs of Light in Formation"
2021-07-03 03:00:00,"3 ""stars"" in the sky descend vertically and to the left, passing above highway followed by 3 red lights in formation"
2021-06-08,"3 UFO'S flying above Staten Island home in Triangle Formation"
2021-05-29 04:20:00,"String of lights all in line equally spaced  heading south east . It looked exactly like a string of dim white Christmas lights going a"
2021-05-29 04:12:00,"continuous formation of white lights"
2021-05-28 04:30:00,"Multiple changing colored lights following a path"
2021-05-28 02:00:00,"3 bright white lights followed by a single bright light at a distance, all traveling at high speed"
2021-05-28 04:00:00,"A line of about 100 small lights traversed the sky in a single line and headed east.  ((Starlink satellites??))"
2021-05-28 01:30:00,"UFO SIGHTING"
2021-05-25 07:25:00,"I saw three strange lights moving very fast across the sky in formation but not perfect unison (separate objects)"
2021-05-23 03:30:00,"Saw 3 bright white lights in the sky in a stacked vertical formation.  They were flashing on and off in an irregular pattern."
2021-05-23 03:15:00,"Long line of lights"
2021-05-23 03:20:00,"Objects in a straight line formation. About 15 lights (not planes as they came too close to each other)"
2021-05-22 03:16:00,"We were outside to observe the ISS flying overhead flying from the NNW to the North and did observe it successfully. We then looked sou"
2021-05-19 07:23:00,"Large Orange cluster of orbs"
2021-05-17 01:30:00,"varying pattern of blinking lights VERY bright, shaped like an inverted question mark"
2021-05-16 17:00:00,"Formation of lights across the night sky in Portland"
2021-05-13 08:30:00,"5-9 tightly grouped objects in a line"
2021-05-10 01:30:00,"Flying line Formation of unidentifiable objects in clear sky"
2021-05-09 01:45:00,"Small lights circulating in a straight line, over and over"
2021-05-09 01:30:00,"string of lights roughly in line numbering more than 50 heading from roughly west then turning to the south"
2021-05-08 04:00:00,"At night, midnight sky. First saw 10-12 white lighted capsules moving across the sky in perfect formation. Moving in a straight line, s"
2021-05-08 01:30:00,"I was talking to my brother on my cell phone on my front porch with my wife. I looked up to the stars and off to the left I noticed doz"
2021-05-08 04:22:00,"We saw 50 unidentifiable flying objects approximately 8 miles above the standard landing flight pattern for the Bay Area."
2021-05-08 04:20:00,"A long formation of lights across the lower Northern sky, flying straight and evenly spaced that lasted for several minutes."
2021-05-07 05:00:00,"3 light up arrow shaped craft fly over us with no sound and almost ""cloaked"" around the rest of the sky"
2021-05-06 07:00:00,"Bishop, CA 20+ objects in straight, evenly spaced formation moving slowly west to east."
2021-05-07 01:45:00,"Massive String of lights in sky"
2021-05-07 02:38:00,"10 lights in a row with the same space between them moving at a high speed. Took pictures with cell phone."
2021-05-06 10:30:00,"A long single file group of approximately 25 to 30 objects moving from the northwest to southeast. The objects appeared like a medium s"
2021-05-06 11:45:00,"Formation of ten bright lights over Palm Springs"
2021-05-06 04:00:00,"I thought I was looking at Cassiopeia with its 'W' shape, then I released that it was a series of lights moving silently across the sky"
2021-05-06 04:30:00,"Very long, straight craft with string of bright lights on it seen moving slowly in night sky near Williams Arizona."
2021-05-06 03:58:00,"Weird string of lights"
2021-05-05 16:05:00,"We witnessed a straight line of approximately 25 white lights, (no flashing), traveling at a uniform speed and perfectly spaced. They a"
2021-05-05 16:15:00,"see above statement."
2021-05-05 02:58:00,"Looked like a string of white lights..solid."
2021-05-05 04:25:00,"A distinct, tight stream of colored lights (18+) in a straight line moving slowly across sky-definitely not planes-Never seen before"
2021-05-05 04:00:00,"Multiple lights that contracted then retracted into one then disappeared.  ((Starrlink satellites??))"
2021-05-04 11:30:00,"line of about 10 stars that were moving, the front one disappears and another appears on the back, sometimes stop and go"
2021-05-01 23:20:00,"My wife and I were sitting on the grass in the park overlooking the water of Lake Michigan at Montrose Harbor facing East. The sky was"
2021-04-21 01:30:00,"3 red bright light dots in line then form a triangle form and disappear in the sky"
2021-04-19 02:00:00,"My husband and I were UFO hunting from our yard on the nights of April 17 and 18, we were using 15x70 Celestron binoculars.  On the nig"
2021-04-16 05:16:00,"Dark colored formation of objects traveling from the south to north just north of Seattle. (APR 15 21:10:16PM)((Starlink satellites??))"
2021-04-15 02:15:00,"Fast moving v formation high in the night sky."
2021-04-12 04:01:00,"Odd shimmering lights over Midwest"
2021-04-10 03:45:00,"I saw 5-7 orange/red lights in a V shaped formation fly directly over my head.  ((Possibly Starlink satellites??))"
2021-04-08 02:02:00,"UFO seen  in Oklahoma.  ((Starlink satellites??))"
2021-04-07 02:40:00,"8-10 lights in what seemed to be in a perfectly spaced formation, as they disappeared across the sky."
2021-04-05 03:20:00,"Too round & bright to be a plane; it was quiet; moved slightly erractically; disappeared in a flash"
2021-03-31 10:35:00,"Cluster of three bright lights"
2021-03-26 04:00:00,"Formation of 8-10 arrowhead orange lights.  ((Starlink satellites))"
2021-03-26 04:00:00,"Slow moving formation of lights.  Looked like a combination between a massive freight train and a comet.  ((Falcon 9 re-entry??))"
2021-03-26 04:00:00,"V formation of 7-9 white orbs moving quickly beneath the moon"
2021-03-25 16:10:00,"White dots in a straight line going across the lake high in sky"
2021-03-22 00:35:00,"Red, green, white, and blue lights moving across sky in Annapolis, MD."
2021-03-14 10:12:00,"4 white lights"
2021-03-10,"March 9, 2021  At approximate between 1900 hrs and 1930 hrs today, my family and I saw several reds light orbs in the sky. I say they w"
2021-03-07 23:52:00,"Multiple objects moving within a formation with flash/reflection Some white. Some red."
2021-03-04 13:10:00,"String of lights.  ((Starlink satellites??))"
2021-03-03 01:00:00,"3 yellowish orange unidentified oval shaped objects sighted over northern South Carolina."
2021-03-03 02:25:00,"Observed 5 round orange lights in a line formation. I believe the formation was in a roughly SW to NE line,  ((Starlink satellites??))"
2021-02-25 23:45:00,"Long string os lights in trail. Some stacked line abreast and some had lateral separation consisting of a typical parallel approach a a"
2021-02-24 21:30:00,"Observed silver aircrafts at great rocket heights flying in tight formation, maneuvering in super tight formation, with clear blue sky."
2021-02-22 12:50:00,"Fast group of lights."
2021-02-19 13:00:00,"Lights in Line Abreast Formation  traveling independently"
2021-02-18 13:25:00,"This was definitely not from this earth Ive never seen one before ever"
2021-02-18 13:25:00,"Was driving east on hwy 58 when I looked up in the sky and noticed over 20 or more lights in a straight line moving south east. Sky was"
2021-02-18 13:00:00,"This string of lights was moving faster than a jet aircraft would at what appeared to be a comparable altitude."
2021-02-13 23:30:00,"Multiple lights in a formation disappearing one by one.  ((Starlink satellites??))"
2021-02-12 13:05:00,"String of ""stars"" travelling East at 0605 in Prescott, AZ.  (Sstarlink satellites??))"
2021-02-12 13:04:00,"15 objects flashing moving in formation fast across the sky.  ((Starlink satellites??))"
2021-02-11 13:00:00,"I was walking to the store I looked up and did see two parallel lines of lights close but not touching ((Starlink satellites??))"
2021-02-11 05:20:00,"Two different sightings in SE Arizona on same evening"
2021-02-09 14:15:00,"I got out of my van and noticed a straight line of lights traveling from north to south in a straight line.  ((Starlink satellites??)"
2021-02-06 04:00:00,"Seen 2 bright lights in the sky shortly after there were 4 more they seemed to come towards the ground but did not land.  I saw them ye"
2021-01-31 18:00:00,"3 objects in a triangle formation"
2021-01-31 17:43:00,"1433 N Williams St"
2021-01-31 03:30:00,"I can't really explain. There was about 10 objects or so. They came together than stot up into the sky. I was able to get my phone out"
2021-01-30 19:58:00,"30 approx. silver balls creating formations in the sky before vanishing"
2021-01-30 01:10:00,"A line of lights just appeared in the sky over the building on the street behind me. There was no sound. ((Starlink satellites??))t"
2021-01-28 22:10:00,"2 Rows of 4-5 vertical white solid lights moving slowly together in the evening sky, just over the tree lines.  ((Starlink satellites??"
2021-01-21 23:30:00,"We observed two red lights moving at incredible speeds in perfect formation over Charlotte."
2021-01-10 01:51:00,NA
2021-01-08 00:34:00,"I witnessed an otherworldly, purposeful formation of one of the most sacred forms of geometry: A Dodecahedron"
2021-01-06 03:00:00,"Strange light formation appeared to be surveying residential area"
2021-01-05 06:00:00,"I WENT OUTSIDE AT 1 AM TO SEE IF IT WAS CLEAR ENOUGHT TO SET UP MY VIXEN 120MM F/8.3 REFRACTOR TELESCOPE, IT WAS CLOUDY THEN I NOTICED"
2021-01-01 07:10:00,"Five of us watched a formation of about 40+ sparkling objects fade in and out below the moon for about 10 minutes."
2021-01-01 08:02:00,"Moving Orange Circle Formation, Seen over Multiple Blocks - Moving Rapidly and Shape Shifting"
2021-01-01 07:10:00,"4 orange lights , one behind the other. Then a 5th one  going faster to catch up. One by one they all went dark."
2021-01-01 05:02:00,"V formation made up of three dots rose out of the tree-line and then quickly disappeared."
2021-12-28 00:15:00,"See video. Three lights in triangle that disappeared one by one."
2021-12-27 03:15:00,"At first I thought it might have been a huge falling star but it never burnt out"
2021-12-25 04:15:00,"Distant light flew in, paused in the air for half a second, then accelerated away at an incredible speed."
2021-12-25 02:00:00,"Moving flashing object with colored lights"
2021-12-25 01:45:00,"4 Bright lights of indeterminant altitude traveling south to north spaced evenly apart."
2021-12-25 01:30:00,"Bright white object moving rapidly in elliptical patterns."
2021-12-23 10:15:00,"Silent craft moving then stationary between 3A and Merrimack River"
2021-12-21 23:00:00,"Me and My cousin Kelly were bored, joking around trying to get abducted by Aliens."
2021-12-18 01:52:00,"Chicago strange lights"
2021-12-17 05:00:00,"I was on the 13th floor and it was a few stories higher elevation than I was straight ahead over the water"
2021-12-16 05:45:00,"Viewed some red lights in the sky appearing to be moving north and slower than an airplane."
2021-12-14 04:30:00,"I was recording some shooting stars and ended up catching a ufo do a 90 degree turn."
2021-12-13 11:41:00,"Bright light moving through sky then disappeared"
2021-12-12 23:00:00,"I saw two bright white lights traveling on the exact same path that disappeared as a plane approached them."
2021-12-12 23:30:00,"A light that was fading in and out."
2021-12-13 01:15:00,"While taking an photograph of Christmas lights and stars in the dark evening sky, a ""V"" formation of eight lights appeared."
2021-12-12 07:00:00,"A light in the sky over San Francisco Bay in close proximity to OAK airport."
2021-12-04 23:30:00,"I long string of blinking lights. Impossible to tell if it was 100 feet up or 50,000 feet."
2021-12-04 03:00:00,"Sighting of odd light in night sky."
2021-12-04 01:25:00,"Seen moving light traveling East bound"
2021-12-04 01:30:00,"Loud Jet Noise, Round Red Lights flashed North to South, appeared 1 second later further west. Small White Object Went Toward It"
2021-12-01 11:00:00,"Pulsating light doing 90 turns and zig zags before shooting off then disappearing"
2021-11-24 23:00:00,"Two independently moving orange, fireball like, lights. Rapidly flying along a storm cloud, without making a sound."
2021-11-23 16:07:00,"We have eight images of UFO that we saw in the backyard"
2021-11-19 06:30:00,"It looked like a very large, slow satellite, and then it disappeared."
2021-11-17 02:00:00,"3 massive orange lights that seemed to be in a triangle formation moving slowly to my left, they werent to high up as they moved behind"
2021-11-16 01:35:00,"Grouping of small bright orange lights seen in Hillsborough County, Florida"
2021-11-15 05:40:00,"There was a very dim light moving extremely fast while star gazing. It headed north east and shot up fast shortly after leaving my view"
2021-11-15 03:33:00,"flashing green light zig zagging across the sky and making a humming noise as it flew over me."
2021-11-14 03:45:00,"Amber/Orange sphere witness at evening outdoor birthday party South of Hemet,Ca"
2021-11-13 18:00:00,"""Foo Fighter"" chased by two military helicopters"
2021-11-11 10:38:00,"Light moving erratically in a northwesterly direction over Lexington, VA"
2021-11-10 14:06:00,"Beautiful meteorite flashed by us just as the Spacex rocket flew overhead. The rocket was very high heading norteast and the meteorite"
2021-11-07 05:15:00,"Red flashing lights above Albany"
2021-11-04 22:35:00,"Small yellowish  blinking light, no sound, odd movement over my house"
2021-11-03 23:45:00,"Small bright light traveling NE over Northern New Haven county in CT"
2021-10-31 11:43:00,"Satellite-type speeding light in sky stopped near star, went 90 degrees in different direction."
2021-10-28 23:45:00,"Four orange/red lights flying in formation one minute apart."
2021-10-28 10:40:00,"Light moving randomly in sky.  ((NUFORC Note:  Possibly a celestial body??  PD))"
2021-10-27 23:30:00,"White light with a blue shield scanning Murrells Inlet."
2021-10-28 01:12:00,"I saw a bright light higher than I have ever seen before. It was brighter than the stars but seemed to be the same size as a star. It w"
2021-10-28 00:51:00,"8 Silver/Red Flashing Lights Seen Hovering Very High Above Los Angeles  By Three Women"
2021-10-26 12:15:00,"A multitude of objects following a pre-described path"
2021-10-25 12:20:00,"Saturday Oct 25th About 7:20pm i was driving south on Ridge Rd as i passed Wheeler Rd I first noticed three lights in a triangle format"
2021-10-24 16:04:00,"Triangular shape in sky made with 5 ufos"
2021-10-24 09:43:00,"White light passing W to E overhead, like an airplane, but not one."
2021-10-24 07:45:00,"I saw what looked like a bright and close star fall out of the sky after I looked at it, with a speed much faster than gravity."
2021-10-23 08:30:00,"Early morning site & short encounter"
2021-10-18 11:20:00,"I saw a star-sized light zig-zagging high in the dark morning sky."
2021-10-16,"Very bright, steady light in night sky that would engage in a series of bursts then become steady again."
2021-10-15 23:00:00,"White round light with no movement and no sound over the Hudson River viewable from the W. 60's in Manhattan"
2021-10-14 06:02:00,"I saw this flashing light in the north east horizon that was flashing in and out and darting across the sky."
2021-10-12 23:15:00,"Blinking or pulsating circular green light in the southern sky just below the Moon."
2021-10-11 05:30:00,"UFO craft over corona California"
2021-10-11 02:23:00,"Second sighting in 3 months"
2021-10-07 23:50:00,"Two Amber looking lights in the sky of Bridgeport"
2021-10-08 00:30:00,"I was looking up, in the direction of Sagittarius and suddenly, a stationary star started moving.  It traveled SE and disappeared in ju"
2021-10-05 02:21:00,"""Streaking Green Light""  ((NUFORC Note:  Good video, but anomalous light may be a lens flare, caused by a car headlight.  PD))"
2021-10-04 01:00:00,"Two bright Venus-like lights hang in sky, then dim at the same time until they disappear."
2021-10-03 03:00:00,"Bright orange light (looked as big as Jupiter), drifted/ moved NW to SE, appeared to be low in the sky, and disappeared by fading away."
2021-09-28 01:23:00,"Watched jet chase light that disappeared 2-3 times"
2021-09-26 23:40:00,"2 chrome objects hover over Fraser Michigan"
2021-09-26 15:00:00,"Blue light with absolute definition seen over Seymour"
2021-09-23 01:30:00,"Solid white light traveling very fast"
2021-09-21 05:35:00,"We seen three lights moving in fast formations above the apartment across from us. They were at first in a straight line but very quick"
2021-09-18 05:10:00,"At 10:10 pm I walked outside, scattered clouds in sky.  Clouds were moving slowly sideways.  Behind the cloud above my head were 3 circ"
2021-09-17 01:45:00,"Glowing light swoops down lands atop mountain emits bright lights then chased off by 6 silent helicopters with green lights"
2021-09-16 02:30:00,"Atmosphere entering Tracer Fire lights"
2021-09-15 22:30:00,"There was one big really bright light Lighting up the clouds and beside it was A smaller less bright light that was admitting beams of"
2021-09-15 14:23:00,"Very bright light,No noise led and followed by two other crafts"
2021-09-15 01:00:00,"Two lights hovering and interacting in a controlled manner."
2021-09-14 02:30:00,"I witnessed multiple strange white lights moving above me, in cloud cover on the evening of 09-12-2021 in the city of Temple Terrace, F"
2021-09-14 02:00:00,"Looked like a red star with an oval shaped ring of light."
2021-09-08 05:00:00,"Rochester ny bright white ball of light flying fast"
2021-09-07 00:45:00,"Bright amber light estimated to be about 20 or 30 feet in diameter. Appeared to be hovering then moved slowly Southeast into a thick cl"
2021-09-04 03:45:00,"Light Moving Rapidly and Ascending"
2021-09-04 01:50:00,"Flickering light in a stationary position for close to 20 minutes in the Western sky from PA."
2021-08-31 04:00:00,"This is the second time I have reported a sighting. I called your within a week number. Left a message and got nothing back. I have cal"
2021-09-01 04:00:00,"strange lights playing tagg  ((NUFORC Note:  Witness does not indicate date of sighting.  PD))"
2021-08-31 03:30:00,"two orange lights side by side with what can only be described as a orangish red comet tail shooting down from the sky very low"
2021-08-30 02:00:00,"Small white lights moving quickly same paths"
2021-08-29 12:39:00,"Bright light on object."
2021-08-29 08:25:00,"Bright white light seen for 30 miles"
2021-08-29 02:30:00,"On Captain Daniel Roe Highway, a driver and I saw a repeating flash of light trail across the sky. I do not recall which direction the"
2021-08-26 05:00:00,"LED LIGHTS IN CORN FIELD AND WOODS..  ((NUFORC Note:  Source of report elects to remain totally anonymous.  PD))"
2021-08-26 04:05:00,"Fast moving bright light seen near Portland, OR.  ((NUFORC Note:  Report from airline captain.  PD))"
2021-08-26 03:48:00,"Ball of white light slowly traveling across the sky at a relatively low altitude"
2021-08-23 02:30:00,"Yellowish/orange Light seen by 3 people in South Eastern Indiana."
2021-08-19 00:37:00,"me and my friend driving down hwy349 its pooring rain to the point we can barley see in front of us. Traveling about 30 miles per hour"
2021-08-18 02:59:00,"Color changing, circular glowing light spotted, turning on and off as it panned over the sky."
2021-08-15 12:20:00,"Light object with reported change of internal state"
2021-08-14 01:43:00,"My family and I were walking along the beach with flashlights looking for shells and anything that washed up on the shore. We looked ou"
2021-08-14 00:15:00,"Extremely bright white ball of light moving above tree tops less than 1/4 mile away. Made sudden movement. Disappeared and came back."
2021-08-13 02:34:00,"Heat lightning in sky made my husband and I look out window. Seen one single bright light in sky hovering for approximately a minute to"
2021-08-13 01:30:00,"I have 3 dogs and I walk them 1 at a time.At 10:00p.m. in the eastern sky I saw a bright light like a planet was closer to earth. I pai"
2021-08-13 00:06:00,"8/12/21; just turning dark.

Sunday nite I went to the store. I came back from hwy60 driving south on my road. When I got past our ne"
2021-08-12 09:30:00,"At first I didnt think anything of it until I started to notice there were no other flashing lights on the object and it did not appea"
2021-08-09 02:30:00,"While bike riding I witnessed an orange stationery light that wasn't a plane, about the size of a pea at arms length, I stopped and wat"
2021-08-08 01:45:00,"While looking in the sky in the southern direction at either Jupiter or Saturn (orange star) from my position 39.292850 -81.542600, I s"
2021-08-07 03:33:00,"Mysterious light moves vertically in the night sky seen from Newport Beach, CA."
2021-08-03 03:45:00,"A few hundred feet above the trees was a very large circular object with a red/orange color. The lights were pulsating. I looked three"
2021-07-31 14:00:00,"Sitting around a backyard campfire, we saw a bright light appear to be lower than an airplane flight path and had a much brighter/white"
2021-07-29 06:00:00,"Dense, bright blue light in a long oval shape observed and then faded into a dark cloud over Silver Lake/Glendale area of LA."
2021-07-29 02:15:00,"Satellites don't change direction"
2021-07-28 14:41:00,"Silent white light."
2021-07-27 20:35:00,"Light seems at high altitude, hovering, then proceeding northbound."
2021-07-20 03:25:00,"Rapid object with red lights hovered at high altitude over Chicago."
2021-07-18 08:00:00,"WHITE DOT IN PA"
2021-07-18 04:00:00,"One light, morphed into two bright balls of light."
2021-07-17 02:30:00,"Circular white light instant acceleration defy forces of gravity no sound Claremont self storage Washington street"
2021-07-16 02:30:00,"Flying Object in Space that sped away quickly."
2021-07-15 08:30:00,"Strange multiple colors lights"
2021-07-14 07:00:00,"Saw a star looking object darting back and forth between other stars at a rapid speed."
2021-07-11 02:20:00,"Objected moved from west to east over Lake Superior and disappeared."
2021-07-09 02:00:00,"Multiple non flashing lights (some were solid blue, some were red and others were kind of white) flying in all different direction all"
2021-07-08 06:00:00,"I was talking to my co-worker about seeing a lot of UFOs lately when I pointed out a star that was moving fast. It flew right at an air"
2021-07-07 08:23:00,"Object moving across sky west to east that was changing colors: red, yellow, green, blue, white."
2021-07-05 12:45:00,"I have physical pictures of proof"
2021-07-05 02:55:00,"Was watching fireworks in my neighborhood when I noticed two distinct red lights. They moved from SW to NE. I estimate the distance bet"
2021-07-05 02:47:00,"I witnessed a bright light zoom quickly from the west that stopped perfectly stationary over Crystal Lake IL during the fireworks show"
2021-07-04 21:00:00,"Lights in sky on July 4th.  ((Starlink satellites???))"
2021-07-04 05:27:00,"Red light traveling from west to east over Clearwater, FL."
2021-07-04 04:52:00,"my co workers and I were outside our balcony on a break when we saw flying green lights in the sky"
2021-07-03 05:00:00,"One light heading north but disappeared right above me the second light was just moments after heading east same thing it disappeared r"
2021-07-01 07:45:00,"A starlike object in LA swoops rapidly across the sky, links up with 4 other similar objects, and flies off with them in formation."
2021-07-01 04:08:00,"Two ruby red dots, appeared out of thin air and within seconds were miles apart moving abnormally clockwise and counter clock wise."
2021-06-30 03:35:00,"Bright light shifts, dims, suddenly accelerates and disappears."
2021-06-28 05:45:00,"Bright light in sky"
2021-06-28 02:00:00,"3 lights moving north"
2021-06-21 05:00:00,"Witnessed bright blinking white light, size of a star  with smaller faint flashing red & blue lights; no noise, zig-zaging upward diagi"
2021-06-21 04:10:00,"Huge ball of light zoomed over Gold Canyon"
2021-06-20 17:05:00,"Thin, brilliant light moving slowly and then blinking in and out of existence before vanishing"
2021-06-20 17:05:00,"Thin, brilliant light moving slowly and then blinking in and out of existence before vanishing"
2021-06-20 08:00:00,"A small, bright, blinking white light outside my window.  It was stationary for 5-7 minutes, then moved across the window."
2021-06-20 03:30:00,"Lighted object flies directly at United 1520 and makes sharp maneuver."
2021-06-20 03:00:00,"Object was moving very fast until it disappeared.  Over 60k feet"
2021-06-18 18:00:00,"AS I WAS TAKING A SHORT VIDEO OF PLANE , I SAW IN MY VIDEO A WHITE LIGHT OBJECT FLY DOWNWARD IN FRONT OF PLANE EXTREMELY FAST HIGH SPEE"
2021-06-18 10:30:00,"Bright stationary  white lights in the sky that slowly faded away"
2021-06-15 08:30:00,"orange light tracking pickup, dashboard flickered"
2021-06-09 09:00:00,"Multiple lights streaking in succession, in a repeated pattern"
2021-06-08 06:30:00,"My husband and I was walking the dog late down the dirt road. And we both looked in the same spot in the sky and we seen a bright wight"
2021-06-08 02:30:00,"Large bright white light traveling towards ground over West Michigan 7 June 2021 22:30"
2021-06-05 02:15:00,"Bright white circle craft that moved in bouncing figure 8 movements and pulsated different colors."
2021-06-03 15:45:00,"Bright light moving at extremely fast speeds over Mount Cristo Rey"
2021-06-03 03:00:00,"Many flashing and floating lights in trees surrounding my house."
2021-06-02 07:00:00,"Bright orange ball of light that appeared to move up and down and side to side, also dimming at one point."
2021-06-01 02:00:00,"Unblinking, low-flying, white light"
2021-06-01 01:15:00,"I witnessed a very bright light in the sky last night moving east than slowing down and dimming out."
2021-06-01 00:49:00,"Lights, white on top, flickering colors on bottom."
2021-05-31 23:22:00,"We saw about 7 light dots in the sky straight above us.  Looked at the starling tracker and it wasn't that.  They weren't in a line, bu"
2021-05-31 23:00:00,"Brief two second sighting of bright red light traversing the sky at low altitude in a crescent shape trajectory."
2021-05-31 04:14:00,"Wormhole in sky with fast moving star objects"
2021-05-30 05:00:00,"Saw 10 lights appear in the NW ski, one after another. They came down vertically, made a 90 degree turn to the right, and disappeared i"
2021-05-30 02:30:00,"Felt compelled to lookout at sky at 1030pm May 29 2021 saw brightest light nearby"
2021-05-30 03:05:00,"Slow moving line of lights "". . . . "" maybe musk's satellites"
2021-05-30 02:00:00,"Slow moving line of ""stars"""
2021-05-29 03:10:00,"Orange Ribbon of light in the night sky."
2021-05-28 14:45:00,"UFO allowed my awareness of its presence known for the second night this week."
2021-05-27 04:00:00,"Light dots moving in the sky"
2021-05-28 04:20:00,"A object presenting characteristics that are not consistent with the SpaceX satellite formation."
2021-05-28 02:00:00,"Three bright white lights in synchronized flight."
2021-05-27 10:50:00,"Light charging from one dot to multiple dots of light crossing the sky"
2021-05-27 04:17:00,"I saw a light that moved side to side and up and down then flashed bright with a baby blue color and a hazy blue aura around it."
2021-05-26 04:00:00,"Day of May 26,2021 Midnight Came home from relatives house Looked up in the sky saw three rows of 6 lights No sooner as I said  babe l"
2021-05-26 02:34:00,"night guard sees light move behind trees"
2021-05-23 06:30:00,"3 of us friends were Sitting outside in Town of Sonoma, when we noticed 8 round light moving from southeast to north west/north possibl"
2021-05-23 03:15:00,"My husband and I were sitting outside when I noticed lights, that looked like stars, moving in a straight line formation spaced out eve"
2021-05-23 03:15:00,"We were getting things ready for the lake the next day when our neighbors hollered at us to come check this out. We went over there and"
2021-05-23 03:11:00,"We have an app to see the ISS and we just started looking up at the sky watching the ISS, and one person noticed a line of lights trave"
2021-05-23 03:00:00,"30+ objects moving across the night sky. I've never seen anything like it before.  ((Staarlink satellites??))"
2021-05-23 00:45:00,"Four Glowing Orange Lights"
2021-05-21 03:18:00,"Dimming Objects over Lynchburg"
2021-05-20 22:16:00,"Small distant stationary object that slowly flashed light"
2021-05-20 22:16:00,"Small distant stationary object that slowly flashed light."
2021-05-19 09:12:00,"right green light that was coming toward her out of the west for 1 to 1-1/2 minutes, then anomalistic motion"
2021-05-18 02:07:00,"Light object traveling across sky reacting to second light and defying logic of  coomon air travel"
2021-05-17 06:00:00,"numerous pinpricks of light following each other evenly spaced"
2021-05-17 00:15:00,"Bright white light in twilight sky."
2021-05-16 14:54:00,"Two objects were headed towards each other then they stopped abruptly. They headed east and 3 other objects came from the east and stop"
2021-05-16 02:30:00,"I was outside preying looked up, and the picture says it all. I usually have about 3 sightings a week where I am."
2021-05-14 04:30:00,"two lights circling in a figure 8"
2021-05-14 01:05:00,"It was just a light. Moved around seemed to zoom out of view and back in one or twice."
2021-05-13 04:30:00,"These light have been seen floating in air, zig zagging , falling from sky, finally flew to camera"
2021-05-09 06:00:00,"My sister her husband and I were viewing the stars last night. At first we thought we were seeing the starlink satellites but they were"
2021-05-09 01:35:00,"At 9:35 pm While setting outside I happen to look up in north west Direction and noticed a string of lights flying toward  the south we"
2021-05-09 01:00:00,"3 lights, odd red color"
2021-05-09 03:00:00,"I was at frenchy's field park here in town. About 9 in the evening. I was hanging upside down from the pull up bar, doing my regular ca"
2021-05-08 04:45:00,"single lights all in a row moving slowly then disappeared"
2021-05-08 02:20:00,"It was like watching a hundred lights marching off to war, single file"
2021-05-08 04:00:00,"While walking my dog in the early evening on 5/7/21 in Antioch, California around 9:15 p.m., I saw lights about the size of stars movin"
2021-05-08 01:00:00,"String of lights over Raleigh near falls lake"
2021-05-07 14:50:00,"A string of lights going from south to north."
2021-05-07 03:55:00,"Over New Strawn Ks, a line of white bright objects traveled in a uniform straight line, slowly aprox. 200 to 500mph im guessing. It mig"
2021-05-07 02:33:00,"Multiple lights moving with constant brightness."
2021-05-07 02:30:00,"As I was waiting outside for my uber I looked up to see a sting of 6 lights flying right behind each other ((Starlink satellites??))"
2021-05-07 04:00:00,"UFO's over Parker CO night sky, 30 lights moving in a row"
2021-05-07 02:45:00,"The lights were not flashing and moving at the same speed."
2021-05-07 02:30:00,"Dozens of aircraft, seen traveling in a line, outside Madison Wisconsin.  Looked like oriens belt, but with 40 stars instead of 3."
2021-05-07 04:10:00,"String of dozens of solid lights"
2021-05-07 03:01:00,"Bright solid light followed by helicopter"
2021-05-07 03:00:00,"I saw eight moving slow light in the sky ""Fleet""  ((Starlink satellites??))"
2021-05-07 02:43:00,"Lights very high in the sky moving aircraft speed moving from SW to NE direction. ((Starlink satellites??))"
2021-05-06 02:35:00,"30+ lights in a line."
2021-05-06 04:00:00,"I saw seven flying craft with lights all flying in a line and then disappearing within seconds with no lights"
2021-05-06 04:25:00,"40-50 lights in line across the Reno sky."
2021-05-06 03:50:00,"At least 100 bright lights in a very long straight line and was very quiet."
2021-05-05 11:45:00,"Trail of 60+ lights traveling in a line without sound in close linear formation- not visible on cameras"
2021-05-05 11:40:00,"Starlight objects moving rapidly in a straight line across the sky."
2021-05-05 04:25:00,"A large craft with numerous lights forming a line moving silently towards Mt. Rainier (east)"
2021-05-05 02:20:00,"IFO - StarLink satellite train"
2021-05-02 02:00:00,"bright object moving southeast to northwest"
2021-04-30 02:00:00,"Enormous string made of light instantly appeared and vanished"
2021-04-28 03:15:00,"Triangle formation of twinkling lights"
2021-04-27 15:20:00,"First I would like to say I don't want anyone to think I am crazy. This is not a hoax or a joke, I just want some answers and to know t"
2021-04-23 10:00:00,"I was driving and saw something strange in the sky.   ((NUFORC Note:  Rocket launch from Cape Canaveral.  PD))"
2021-04-23 09:59:00,"2 extremely bright lights appeared over east coast nearly simultaneously. One appeared to catch fire and fall towards ocean, second app"
2021-04-23 09:40:00,"Saw a very bright large light moving fairly low and slowly across the Eastern sky.   The light was shining in one direction while movin"
2021-04-23 07:00:00,"((name deleted))"
2021-04-23 00:42:00,"12 red lights in the sky low to the horizon in Paulding County, GA."
2021-04-22 01:25:00,"For several months my husband and I watched a strange light not moving in the sky, then he didn't see it for awhile.  Last night it was"
2021-04-21 11:30:00,"Bright light moving slowly across the sky"
2021-04-21 03:00:00,"I was outside at midnight on April 20th 2021 when I saw what I think was multiple UFOS. I was out in the backyard in Bridgton Maine, wh"
2021-04-20 13:02:00,"420 morning zig zag white light"
2021-04-19 04:15:00,"A brighly flashing multi-colored light in the night sky over Colorado viewed for a half hour.  ((NUFORC Note:  Sirius??  PD))"
2021-04-18 09:20:00,"Driving home early morning 3 bright orange lights were witnessed on the south side of the city on highway 75"
2021-04-16 04:30:00,"flashing color-changing light in south sky.  ((NUFORC Note:  Possibly Sirius??  PD))"
2021-04-15 12:40:00,"cluster of bright lights in non specific formation"
2021-04-14 09:45:00,"Circle of light alongside a road and disappearing out of sight"
2021-04-14 03:30:00,"Small ball of white light moving very fast across the sky with no sound or contrail"
2021-04-14 04:00:00,"UFOs flashing lights and flying over remote forest area in Collins, MS for the 2nd time"
2021-04-11 15:00:00,"Three lit objects below the cloud line."
2021-04-10 04:00:00,"I was sitting at the pier on the beach having a bonfire. There was a group of 6 of us, the 2 of us that were sitting at the fire both s"
2021-04-09 02:18:00,"We were sitting outside in our backyard talking when the UFO appeared out of nowhere in the sky. It was ascending upwards. The UFO itse"
2021-04-08 01:18:00,"Unexplainable Bright Light"
2021-04-08 02:58:00,"A fleet of lights that flew across sky. You could see them speed up to another and was unlike anything I have ever seen. At top of the"
2021-04-08 01:50:00,"Witnessed cluster or one large structure traveling from NW to SE over San Antonio Metro.  ((Starlink satellitess??))"
2021-04-06 08:00:00,"The light has been moving erratically for weeks"
2021-04-05 03:00:00,"Airborne pilot observed supersonic light/object.  ((NUFORC Note:  Report from airline captain.  PD))"
2021-04-05 03:15:00,"Bright craft light sighting in Peoria, AZ"
2021-04-03 04:00:00,"We saw a huge, green light flash, then move across the sky and dissapear.  It was very different than a shoiting star or slow moving sa"
2021-03-31 04:06:00,"A bright pulsing light in DFW area of Texas with multiple colors, slowly moving down after 15 minutes"
2021-03-31 04:06:00,"A bright pulsing light in DFW area of Texas with multiple colors, slowly moving down after 15 minutes.  ((Sirius??))"
2021-03-30 04:00:00,"FAST MOVING CRAFT."
2021-03-30 00:30:00,"Multiple objects witnessed,changed speed and direction, lights changed color and intensity"
2021-03-29 04:01:00,"I was traveling in my car and looked over and seen a blue light/object in the sky traveling quickly from south to north. Once I stopped"
2021-03-25 01:36:00,"Orange Lights in Muskogee Sky"
2021-03-21 01:45:00,"Three white dull lights in triangle formation, moved fast and disappeared."
2021-03-20,"Bright white light at high speed SE of Richboro"
2021-03-19 09:00:00,"Video game controller shaped spaceship shoots across the sky early in the morning hours"
2021-03-18 02:50:00,"Bright white light that turned to red and vanished."
2021-03-17 23:25:00,"Bright flying object hovered then disappeared in the sky"
2021-03-17 12:00:00,"Orange lights interacting with each other"
2021-03-16 10:11:00,"Potentially Huge UFO with 6 sets of a total 18 lights appears & takes off!"
2021-03-14 10:00:00,"A round white light with a ""V"" tail streaming behind it slowly moving across sky.  ((Falcon 9 launch))"
2021-03-13 02:06:00,"Driving home with my son and we began seeing flashing lights in sky. I thought that maybe the flashing was caused by stars going in and"
2021-03-13 00:20:00,"Six Traveled west to east, bright to dim as they traveled overhead."
2021-03-11 07:53:00,"Star, blinking strangely on cloudy, starless night."
2021-03-11 02:10:00,"Large bright purple/blue hovering light"
2021-03-11 00:30:00,"Bright white lights moving over Treasure Island, FL"
2021-03-10 03:04:00,"Unknown erratic movement in a :30 second shutter photo."
2021-03-09 10:15:00,"Was looking at what I thought was a plane going through the sky. It was still dark outside so I couldn't see the shape, but only the li"
2021-03-07 04:45:00,"Two sets of 3 triangular formation red lights flying northbound, no sound, chemical smell afterwards."
2021-03-03 09:24:00,"UFOs flashing lights and flying over remote forest area in Collins, MS"
2021-03-03 07:40:00,"Green glowing cigar shape descends in to ocean"
2021-03-03 02:00:00,"An amber light moved horizontally across our backyard, below the neighborhood rooflines. It traveled quickly and silently in a straight"
2021-03-01 07:15:00,"Beautiful lights flying intimately over the southwest sky seen from Denver, 3/1/2021."
2021-02-28 04:30:00,"Last night on the 27th of February 2021, I was on my 5th floor balcony when I noticed a bright light coming from the Southeast. This is"
2021-02-25 04:45:00,"I went out onto our back deck which faces East to call our cat. We are directly west (approximately 20 miles) of the airport in Boise a"
2021-02-24 18:31:00,"A bright flash of white light from straight ahead that passed directly under our airplane within 3-5 seconds of appearing"
2021-02-24 14:10:00,"Was walking dog saw a bright white light in The sky no much higher than a tower moving in a downward angle at a slow but steady speed t"
2021-02-24 04:00:00,"observed circulating light"
2021-02-21 13:22:00,"White lights unevenly spaced travelling from west to east."
2021-02-21 07:00:00,"Light traveling extremely fast"
2021-02-21 02:00:00,"Very bright gold hovering light"
2021-02-20 02:54:00,"7 lights moving across the sky"
2021-02-19 13:20:00,"Single strand of about 25 silent objects flying in SW direction very close together ."
2021-02-19 13:21:00,"I saw 20+ lights moving in a row above mid city Los Angeles."
2021-02-19 11:40:00,"String of lights"
2021-02-18 21:30:00,"Blue comet like object in the daytime sky."
2021-02-18 13:30:00,"A line (15-20) of white lights moving across the sky 2-18-21 530am NE to SE  seen from San Bernadino . That just appeared like a shooti"
2021-02-18 13:00:00,"Numerous lights all lined up in the sky moving across the sky."
2021-02-17 13:25:00,"String of lights/orbs, about 20+, slowly moving in a single line of various spacing in central California, may witnesses"
2021-02-17 13:00:00,"20-30 bright circle white lights moving across sky in straight line.  ((Starlink satellites??))"
2021-02-16,"A bright orange light with blue-ish white middle was observed launching upwards into the sky while driving home on a clear night."
2021-02-15 03:25:00,"Bright orange light over Bremerton"
2021-02-13 02:00:00,"Seeing multiple lights in the distance that were too close for any known aircraft"
2021-02-12 13:08:00,"I noticed a trail of lights in the sky to the east of Stockton.  ((Starlink satellites??))"
2021-02-12 13:05:00,"A string of 100 plus white bright lights traveling uniformly on the horizon for 5 plus minutes.   ((Starlink satellites??))"
2021-02-12 11:30:00,"In Lincoln, CA at 3:30am a friend and I saw 20 lights moving through the sky.  ((Starlink satellites??))"
2021-02-11 12:55:00,"Massive string of slow/standard-moving lights in single-file line consumes entire sky ((Starlink satellites??))"
2021-02-11 12:51:00,"I got into my hot tub and when I looked up I saw a string of about 100 bright lights racing across the sky from NW.  ((Starlinks??))"
2021-02-09 23:36:00,"White Light with ""water spray"" coming from it's left side.  ((NUFORC Note:  Launch of SLBM from a submarine??  PD))"
2021-02-09 23:30:00,"Light formed and then cloud formed around it dissapearing, appearing and then completely gone with tiny light going away."
2021-02-09 23:30:00,"Very bright light with beam vanishes into small cloud.   ((NUFORC Note:  Launch of SLBM from a submarine??  PD))"
2021-02-09 01:45:00,"Distant light moving oddly in night sky above Hagerstown, MD"
2021-02-06 07:15:00,"A group of 4, then 6 floating, silent amber steady-glowing lights moving around one another before disappearing one at a time."
2021-02-06 01:30:00,"Several orange colored lights in the southern sky about 25 degrees above the horizon moving west to east. Lights clustered close togeth"
2021-02-06 04:00:00,"Red light separates into two."
2021-02-04 22:40:00,"Bight fast moving light disappeared in the west"
2021-02-04 12:10:00,"Light moving across the sky over the Pennsylvania turnpike"
2021-02-04 10:00:00,"Seen 3 lights zig zagging in the night sky."
2021-02-04 02:15:00,"Bright green ball falling quickly from the sky."
2021-02-02 00:50:00,"4 orange glowing lights flying in single row formation.  ((Starlink satellites??))"
2021-01-31 02:00:00,"I started videoing object after I witnessed it as a red light hovering"
2021-01-30 22:25:00,"Bright light similar to a star on broad day light remained static for about 6 minutes over the city of long beach on 1/30/21 at 14:25"
2021-01-24 10:55:00,"I saw two lights that looked like stars or aircraft flying in formation to the northwest when I walked outside to at around 5:55 am EST"
2021-01-23 04:00:00,"Light object in the sky near Heavener, Oklahoma"
2021-01-22 10:00:00,"Late at night, I saw a very large red light that traveled quickly across the sky and disappeared."
2021-01-21,"small red light, followed by large white light"
2021-01-18 04:15:00,"Three brightly colored lights took up position on the horizon."
2021-01-17 09:34:00,"Bight ball over apartments landed in wooded area"
2021-01-17 02:00:00,"The object was a very bright light like a close planet then went very dim and then bright again it was just hovering then flew across t"
2021-01-16 07:20:00,"Series of lights appear on ridge"
2021-01-16 05:15:00,"Large moving bright light over Kauai North Shore"
2021-01-15 23:30:00,"Bright blue light under the cloud line going in an upward diagonal line until disappearing into the clouds."
2021-01-15 01:15:00,"One light, two lights. Three lights, four.. and they're gone."
2021-01-14,"Looked to north after getting out of car at 7:00 p.m.  Well after dark, 36 degrees F. and 53% humidity.  Seen ghostly cloud formation t"
2021-01-13 14:30:00,"I was heading west on 4500 South 2300 East at approximately 7:30 a.m., noticed an object hovering in the sky to the west, I assumed was"
2021-01-13 04:15:00,"2 second flash of what appeared to be 5-8 orange lights in a row, really close together, like a craft and happened 2X within 2 minutes."
2021-01-13 00:03:00,"Ball of light speeding through the air."
2021-01-13,"My son and I were siting in the Kitchen when a military helicopter flew low overhead (under 500').  We went outside to see what was hap"
2021-01-12 04:55:00,"Bright red light moving fast and high."
2021-01-10 06:00:00,"Silent, bright green light darts across night sky and then disappears"
2021-01-08 05:00:00,"My wife and I live outside city limits in Mount Vernon and we see 5 orange lights and 3 bright lights hovering above houses half a mile"
2021-01-08 01:00:00,"Green humming lights followed by red blinking light as it passes a separate set of white lights that quickly vanish."
2021-01-06 22:48:00,"While standing on my back porch I saw a very bright light in the distance.The light was traveling in my direction and flew in a east to"
2021-01-03 01:28:00,"Orange erratic light over Tucson"
2021-01-01 08:26:00,"Lights circling."
2021-01-01 05:00:00,"I saw a light ascend from the trees just after midnight. I thought it was a Roman candle, but it kept traveling & flied off."
2021-01-01 02:20:00,"Yellow light moving north over Oak Island NC"
2021-12-30 23:50:00,"Blue green orb fly bye"
2021-12-29 23:28:00,"The orb was bright in the sky, it descended in front of the four witnesses. Craft was visible long enough to record video footage."
2021-12-25 04:30:00,"First a group of 4 orbs fallowed by 2 more came from the East and then went north"
2021-12-25 03:30:00,"3 orange orbs heading north of Spokane Washington"
2021-12-18 05:30:00,"Saw orb that moved around the moon and got pictures. NUFORC Note:  Lens flares.  PD))"
2021-12-12 14:18:00,"Recorded 2 orb like craft emulating different colors of like interacting with each other with impossible flight movements"
2021-12-08 02:30:00,"I was leaving Krogers grocery and putting bags in my truck. I looked up and saw 8 spheres or circles in a somewhat triangle formation."
2021-12-02 22:30:00,"Blue sphere 60 to 80 ft dia less than 100 ft in the air"
2021-11-17 01:25:00,"2 stationary orange orbs, different heights, suddenly vanished"
2021-11-14 01:25:00,"Orange/Red Orb above Trestles in San Clemente, CA"
2021-11-07 23:20:00,"Orange colored orbs flying in formation over Greenfield, IN  ((NUFORC Note:  Witness is experienced astronmer.  PD))"
2021-11-06 23:45:00,"Glowing orange orbs traveling across the night sky."
2021-10-30 06:00:00,"Round  orb like had a hovering movement. A smaller piece separated from the bigger identical of the larger one."
2021-10-29 23:00:00,"Bright white light or orb moving dramatically."
2021-10-26,"An orange orb appeared in the southwest skies The night sky was darkened by clouds as a nor'easter was fast approaching.

It disappea"
2021-10-24 00:28:00,"Five amber orbs seen slowly moving over northern NJ sky five days after similar sighting nearby"
2021-10-22,"Recorded video in Gulf Shores AL of strange light that multiplied  into 5 lights or orbs."
2021-10-21 00:33:00,"About 12 glowing orbs flying about 1000 feet off the ground at a slow moving pace."
2021-10-17 03:57:00,"Sphere (orb) visible only with IR camera flying very low over the lake."
2021-10-15 02:47:00,"Two synchronized orbs fly down from the sky and directly over ring camera."
2021-10-03 01:00:00,"At apx 8:55 pm my wife said she sees something strange in the western sky. I got out of bed and we both witnessed 7 flashing lights in"
2021-10-01 03:30:00,"Two bright star like objects wink out over Los Angeles."
2021-09-28 04:00:00,"Object was hovering not sure how hi very bright orbital. Im sending pictures"
2021-09-15 20:30:00,"White Orb seen traveling across sky, which then slowed, stopped, and then traveled away in different direction fading into distance."
2021-09-13 03:00:00,"Bright orange lights coming off the horizon"
2021-09-07 21:10:00,"Gold orbs racing down my street about 10 ft off ground."
2021-09-05 00:15:00,"Orange Light Formation that disappears over Baltimore City, MD, Sept. 2021"
2021-08-26 00:24:00,"I was sitting in my back yard when I saw this strange star that seemed to be moving in the sky.  I got my phone and videotaped in a sou"
2021-08-24 05:00:00,"Saw two orbs while stargazing"
2021-08-12 05:10:00,"Lights possibly in orbit entering the atmosphere"
2021-08-12,"Many small white orbs moving in weird directions around sky, one orb glew into bright white light then dimmed back down before dissapea"
2021-08-11 04:00:00,"Bright orange orb hovering in the sky but also dancing around and abruptly vanishing"
2021-08-09 02:28:00,"Spikey Orb hovering. I thought it was a balloon. Came back and it was gone."
2021-08-01 05:00:00,"Experienced a UFO drive-by until it came down to me!"
2021-07-31 20:00:00,"4 orb white balls hovering in the sky over San Antonio TX."
2021-07-28 02:41:00,"Fiery red orb seen hovering over the city.  ((NUFORC Note:  Report submitted by retired airline pilot. PD))"
2021-07-28 05:00:00,"Witnessed another Orb off in the distance"
2021-07-26 00:36:00,"Clear sky with defined vertical split in color, 2 orbs on either side of the split line"
2021-07-17 04:00:00,"Hutto tx. White silent orbs 2nd sighting"
2021-07-05 19:00:00,"Standing in the backyard, my house guest asked me to take a look at an object in the sky. It looked like as balloon at the height of ab"
2021-06-20,"Single file formation of shiny upright ovals."
2021-06-16 08:45:00,"During the early morning hours, I was outside on my patio.  At first I noticed red lights in the sky flying around which would leave a"
2021-06-14 02:30:00,"First we seen a triangle, then seen six orbs flying low and maneuvering around each other with no noise. Loss of time."
2021-06-13 07:35:00,"On the way home from work saw something that was not a star"
2021-06-12 18:10:00,"4 white and 1 red orb 'dancing' in daylight sky between Longmont and Boulder, Colorado"
2021-06-11 02:30:00,"Large bright silent yellow/orange orb crossing lake and changing colors"
2021-05-31 19:04:00,"White or metallic orb in sky"
2021-05-30 17:30:00,"I noticed an orange light in the sky, so I stepped outside to get a better look and to see if I would hear helicopter or an airplane en"
2021-05-28 20:40:00,"yesterday, I witnessed an orb of light descending near Riverdale, New Jersey."
2021-05-24 13:00:00,"Orange orbs"
2021-05-23 03:35:00,"Spinning white Star-like orbs over Northwest Shreveport, LA"
2021-05-18 09:00:00,"Orange dim lit orb floating in and out of the ocean"
2021-05-18 08:37:00,"Las Vegas UAP moving orb sightings with military planes flying nearby."
2021-05-16 01:00:00,"10 to 15 lights moving slowly over my beach house in a moving group."
2021-05-15 11:00:00,"Silent red orange orb"
2021-05-15 03:05:00,"Orb in the sky looked like a turning ball of light. It went back and forth and closer and then farther away. I recorded it with my cell"
2021-05-08 05:15:00,"116 orbs in total traveling the three groups equally spaced apart and traveling at the same speed not following the horizon"
2021-05-06 04:00:00,"30 plus white circular objects in linear flight in Tucson, AZ sky. ((Starlink satellites??))"
2021-05-05 11:40:00,"Around 4:30 AM I went to walk the dog.After sometime I looked up to see if I could find any Aquarid meteors. Instead I saw small orbs o"
2021-04-20 02:00:00,"Red pulsating orb low in sky over LIE"
2021-04-19 02:30:00,"Green orb making irregular movements in the sky"
2021-04-15 23:45:00,"Bright White Orb in the Western Sky over Elfers NPR Florida as Sun set April 15th 2021"
2021-04-15 21:30:00,"Lingering ufo being pursued by military crafts"
2021-04-11 08:05:00,"Videotaped a yellow blinking sphere and another orange orb below"
2021-04-09 00:30:00,"Circular light moving and rotating, blinking lights along side of it"
2021-03-30 06:45:00,"While orb falling before disappearing into thin air"
2021-03-29 04:15:00,"Very bright white orb seen exiting cloud and disappearing into thin air!"
2021-03-29 01:00:00,"Saw a fuzzy green orb moving at high speed in a straight line"
2021-03-29 00:20:00,"I saw a glowing green orb that split into 2 spheres that moved away from each other in opposite directions."
2021-03-26 10:02:00,"I was heading northbound on White Trails rd between quincy wa and wenatchee wa on my way to wenatchee wa. I was a couple miles south of"
2021-03-25 04:00:00,"Two Orb-Shaped UFOs Spotted Over North Bend, OR"
2021-03-12,"2 lights in still sky over NYC, seems to eject a 3rd light, 4th light off to the left not photographed"
2021-03-12 00:50:00,"Small orb of bright light. Moving very fast and seemed to disappear into thin air."
2021-03-11 02:00:00,"Red orb flying south from Cape Canaveral at slow spped then out to sea it flew."
2021-03-08 00:51:00,"Brighter than star non blinkinking orb or light traveling very fast, dissapears. Clear sky"
2021-03-06 05:00:00,"I was walking up 149th street on the bronx, ny at around midnight and just happen to catch movement on my periphial and looked up to se"
2021-03-02 04:15:00,"Orb in night sky zipped quickly across sky, hovered, and disappeared"
2021-02-26 05:44:00,"The night before strange sounds were heard outside, and loud banging against the sliding glass doors."
2021-02-24 10:35:00,"Very bright white and orange swirling stationary orb."
2021-02-23 09:21:00,"Bright orange orb hovered adjacent to, near top of radio tower"
2021-02-16 10:32:00,"Brightest landing lights Ive ever seen."
2021-02-11 03:10:00,"Two bright white/silver lights silently approaching two more formed w/them, then1 xtrabright red light formed while hovering over pond"
2021-02-10 02:00:00,"Orb of orange light moving upwards and sideways, shining a beam of light around as if searching, then dematerializing until gone."
2021-02-07 07:07:00,"Glowing orb moving erratically"
2021-02-06 01:50:00,"Bight white object at orbital altitude, slowly moving, became gradually much smaller in size dimming to deep red disappeared ."
2021-02-05 15:18:00,"Blue Orb accidentally caught on camera darting through clouds SE Tennessee"
2021-02-05 02:30:00,"I saw an orange and purple, orb floating just above the horizon. It was suspended above a field at the end of dark road near my house."
2021-02-01 00:51:00,"White lights popping into view, moving a short distance in the sky and popping out of sight."
2021-01-30 05:30:00,"Bright orb dancing in the east sky"
2021-01-29 23:18:00,"Golden Orb flying above and along I95 North"
2021-01-21 01:20:00,"Orange orbs appeared and hovered off coast before moving towards beach, then they abruptly accelerated and extinguished their light"
2021-01-18 13:10:00,"Bright green orb seen in my back yard"
2021-01-17 17:45:00,"Blue/Green orb stationary then flies away."
2021-01-17 01:30:00,"Looked like the full moon, but was not."
2021-01-08 01:30:00,"Glowing, flashing, spinning orb, spotted moving around in night sky"
2021-01-04 01:30:00,"4 orange orbs flying horizontally in the sky"
2021-01-01 05:40:00,"4 Flame Orange & 1 Red Fast Moving Orbs New Years Morning"
2021-01-01 05:38:00,"Out back on my patio, my wife and i saw a very large orange orb floating through the sky. Got video and picture if it. It came up slowl"
2021-01-01 03:30:00,"Large, brightly glowing orange spheres, which moved in a pattern of hovering and rapid movement."
2021-01-01 05:15:00,"Two Light Orbs Appear for 5 Minutes in Night Sky"
2021-12-24 21:00:00,"White dots flying slowly to west then moved faster to east, then disappeared."
2021-12-22 23:30:00,"Multiple red spheres/ovals, some in triangle formation. ((NUFORC Note:  Video contains profanity.  PD))"
2021-12-04,"Straight line of hundreds of lights. Never changed direction. Flying at airplane height in sky. It disappeared in blink!"
2021-12-03 02:30:00,"Parallel lights in east nearly overhead"
2021-11-25 00:30:00,"I sighted a C shape 8 foot tall partly cloaked craft silently hovering next to a telephone pole."
2021-11-22 21:20:00,"Square white and light gray object circling in and out of the clouds."
2021-11-12,"Huge v shape with 9 lights"
2021-11-11 22:20:00,"At Around 14:20 pm I was having a conversation with a co-worker and as he walked away to speak to the supervisor, I looked at the sky b"
2021-11-07 02:03:00,"Oblong double line of lights seen briefly in southeastern PA on 11/06/2021"
2021-11-07 02:00:00,"Saturday, 11/6/2021, approx. 7:15-7:30 pm, in Tulalip, WA.:  I saw the first object through my front window and the other 6 (at least)"
2021-11-03,"I was headed home from work, halfway through my 1 hour drive home. It was a little before 5pm, and I was just driving down the highway,"
2021-11-02 16:00:00,"The object was shiny silver tic-tac in shape with no tail or wings visiable.no noise was heard as it passed and object was seen around"
2021-10-30 12:37:00,"Crescent like object that looks like a moon glowing was moving through the sky in a south to north direction."
2021-10-29 15:45:00,"Silver ""toaster-shaped"" object with white lights on bottom. It was slow flying and stopped and hovered for approximately 20 s"
2021-10-25 22:18:00,"Seven United States Postal workers in Corpus Christi Texas were outside on a break from work at around 6:15pm October 25th 2021. All se"
2021-10-25,"Slight line movement without sound and lights/ strobes. Stamford CT."
2021-10-24 02:45:00,"Seen a roughly 10x10 V shaped object flying across me. It was roughly 300 to 500 feet off the ground. It lasted about 4 seconds. Each s"
2021-10-22 20:25:00,"suspending in one place for a longtime square no movement"
2021-10-21 03:00:00,"4 Round Lights around 2-3 feet separating them"
2021-10-21 03:30:00,"Row of bright equidistant stationary horizontal lights rapidly flashing back and forth, then went dark. NOT Starlink"
2021-10-21 01:10:00,"please see above sorry"
2021-10-19 06:30:00,"Ventura County  unknown even  10-18-2021What I saw didn't seem like a single UFO but an event. I saw an orange cloud or light inside"
2021-10-15 23:35:00,"Orange glowing circles slowly synchronize in a circle motion and a black hole forms"
2021-10-10 23:13:00,"Floating object that disappeared"
2021-10-03 17:28:00,"Floating or Hovering Being"
2021-10-03 18:00:00,"Hovering object along commercial airline flight path"
2021-10-01 01:45:00,"Straight light 60 foot long witness two police"
2021-09-27 23:30:00,"orange streaks in Princeton WV"
2021-09-19 03:00:00,"Dot in sky circling one area"
2021-09-18 07:30:00,"Physical event witnessed by multiple people"
2021-09-13 23:30:00,"Concave object with lights, slowly moving southbound."
2021-09-08 22:30:00,"We stopped at a wayside rest on the Scenic Highway heading back towards Duluth. We were sitting on top of this cliff watching the lake"
2021-09-08 21:30:00,"We stopped at a wayside rest on the Scenic Highway heading back towards Duluth. We were sitting on top of this cliff watching the lake"
2021-09-05 00:20:00,"it was the 2 gray holes in the sky not clouds cause there was not a cloud in the sky."
2021-09-01 23:52:00,"Three Tic-Tac UFOs flying over UPS"
2021-08-30 11:45:00,"Looking toward Western sky, my sister and I watched an object with a bright, white light at the head and a smaller, white light at the"
2021-08-29 00:30:00,"Brilliant Illumination fixed spot in sky, did not move, then dissipated"
2021-08-28 23:00:00,"Object that looked like an upside down key flying across sky"
2021-08-18 16:00:00,"Got it on video , ufo flying in speed unknown to human"
2021-08-14 05:00:00,"Fleet of fast moving and zig zagging ""crafts"""
2021-08-11 02:30:00,"Two bird like objects, a large triangular object, quick flashing white lights, & orange orbs in the sky over North Myrtle Beach."
2021-08-10 18:00:00,"It was early afternoon, We were moving.  I was sitting in a chair looking up at the sky when I noticed something moving. It was translu"
2021-08-08 16:00:00,"Color changing sphere and UAP traveling from triangular ship"
2021-08-04 03:30:00,"Single light moving overhead in Palmdale,Ca performs a U turn then stops"
2021-08-01 07:25:00,"Unknown object near my home"
2021-07-31 21:00:00,"I was out with a group of friends during the day in Carlsbad, CA. Its hard to describe on paper, I was siting down at a restaurant an"
2021-07-31 01:20:00,"Saw ufo in the sky and filmed until it disappeared."
2021-07-31 03:00:00,"Was taking storm photos, and never saw objects, till reviewing photos I noticed a streek in the sky, not lightning, and then two green"
2021-07-23 03:15:00,"I saw a very brightly lit, white object, roughly the shape of an airplane, but with no visible wings or rotor, moving southward."
2021-07-22 08:55:00,"Saw like a helicopter type thing going low over I-5 but I really couldn't tell if it was a helicopter, that is why I'm saying a helicop"
2021-07-21 05:30:00,"ISS bracketed by 4 moving objects that looked like regular stars.."
2021-07-19 03:00:00,"A long flickering shape went across the sky slowly and as it got out of view other lights started to appear closer than the original"
2021-07-18 00:30:00,"1 blue line, 2 red glowing domes.  Almost transparent entities (dim direct light behind them, illuminated by direct light above them.)"
2021-07-10 16:00:00,"Black object hovering in daytime sky"
2021-07-10 05:59:00,"It flew right in front of me and disappeared"
2021-07-07 20:40:00,"July 7 2010, About 4:00 Pm Tacoma Wa.

White silk sheet looking thing flapping in the wind, but moving through the sky using a swimmi"
2021-07-06 22:00:00,"UFO report  Hello, I have seen several UFOs over the past few days. I typically use my energy to call them in. They come and I just tak"
2021-07-06 03:00:00,"Single white unidentified object detected in residential area."
2021-07-04 11:30:00,"Large White Aircraft Seeing Over Burbank"
2021-07-03 22:40:00,"Port Angeles wa 3 objects in sky"
2021-06-29 03:11:00,"H SHAPE CRAFT SEEN BY EDISON NJ"
2021-06-23 19:15:00,"Observed an unknown object flying over a cloud that resembled a helicopter with no rotors."
2021-06-13 17:36:00,"Georgetown Bridge P Street and 23er Street NW"
2021-06-08 16:17:00,"Driving home from work. I saw four bright lights hovering in the sky. As i make the turn into my home the craft slowly started to drift"
2021-06-06 00:30:00,"Three red dots, triangle formation"
2021-06-05 13:00:00,"I was at work yesterday. I am a farmer. I seen in the distance over the 25highway heading north. At first a massive cube shaped object"
2021-06-05 02:15:00,"Clear night. I was walking my pet in a stroller through the Outflow Campground in Confluence, PA at 10:15 p.m.  I was walking north whe"
2021-05-27 16:26:00,"Flat horizontal lights rotating"
2021-05-27 04:30:00,"Recorded 5 seconds of long string of lights in the sky and then disappeared.  ((Starlink satellitessa??))"
2021-05-27 04:15:00,"A noiseless cluster of bright lights packed in a tight line formation passed overhead and disappeared suddenly.((Starlink satellites))"
2021-05-26,"i was flying my drone at 1000 feet....i looked up at my drone and these 2 black squares flew right across the sky and over my drone,  i"
2021-05-22 16:46:00,"Was finishing at the park next to river before heading out it first was a string of lights with lights going circular and one came out"
2021-05-21 03:00:00,"What looked like a meteor[ite] stopped in mid-air and grew in size/brightness, then changed and moved away in reverse."
2021-05-19 18:30:00,"Im no stranger to flying things but yesterday was very interestingly unusual. Attached is a drawing and thats how close it was I coul"
2021-05-17 07:20:00,"What looked to be a sparkling contrail was actually a massive illuminated ship that crossed the sky."
2021-05-17 07:20:00,"We were facing North(towards Alturas with the Sierra Nevada Mountains to our back). A ""string"" of 20 to 25 lights, moving fro"
2021-05-17,"metallic craft at high altitude with no contrail,obviuosly not an aerodynamic craft"
2021-05-16 22:30:00,"Black object effortlessly floated without the use of wings or engine."
2021-05-16 05:37:00,"Linear white lights on object slowly floating in sky..like nothing I have ever seen before. Inexplicable."
2021-05-11 02:00:00,"String of lights"
2021-05-06 05:04:00,"I was walking down by the lake and saw this long what looked like a contrail left by a jet airplane but all lights it was the weirdest"
2021-05-05 04:30:00,"White unblinking lights in long line, straight formation, no sound, slow steady speed in straight line moving west to east"
2021-05-05 04:24:00,"On 5/24/21 just after dusk, with last light on a cloudless Western sky, I was taking my dog on our nightly walk around my neighborhood,"
2021-05-03 02:50:00,"Tall being disappeared and at night I woke from sleep in pain."
2021-05-01 12:45:00,"Metal object in daylight sky very slow moving"
2021-05-01 00:45:00,"I was out flying a drone in the field and heard this rumbling but not very loud but started feeling the rumbling more than heard looked"
2021-04-27 19:31:00,"My husband saw a sparkle in the sky and thought it was a balloon.  I thought it was too high up and big to be a balloon so I grabbed my"
2021-04-26 10:21:00,"Fast moving light seen in early morning sky of Fort myers, Florida."
2021-04-18 21:52:00,"My girlfriend and I were seated on her 15th floor balcony facing due west towards the adjacent intracoastal waterway.

 At approximat"
2021-04-16 03:00:00,"crescent moon shaped object that changed shape and disappeared."
2021-04-12 01:35:00,"Orbital object over N. Alabama that twice came to stop and made sudden course corrections"
2021-04-08 02:02:00,"A very long string of white lights appearing to be of the same enormous object configured in a line.  ((Starlink satellites??))"
2021-04-07 21:42:00,"Three Spheres connected by a tic tac shaped craft"
2021-04-07 14:10:00,"I was outside on my porch when I saw a string of 50 lights or so crossing over the sky from the northeast.   ((Starlink satellites??))"
2021-04-07 11:45:00,"Spotlight appeared on the ground and settled on me but as I escaped it disappeared."
2021-04-05 00:07:00,"Round reflective object flying slowly East to West over Longwood, FL at sunset"
2021-04-04 04:15:00,"a formation of four or five lights in a single line parallel to the ground forming one apparent craft"
2021-03-28,"I saw two objects that were silently ""tumbling"" end over end."
2021-03-21 17:00:00,"The floating object appeared South of my location the sun directly overhead on a cloudless sky . No trees to block vision , not looking"
2021-03-19 20:00:00,"SIGHTING IN TAMPA, FL  03/19/2021."
2021-03-18 01:20:00,"Lights with fired object from larger craft"
2021-03-12 03:00:00,"Orange curves ribbon,(like the ribbon of Star Trek Generations movie.) Going West to East,(following I-90, my own sense of direction.)A"
2021-03-11 12:03:00,"Long needle like object in eastern sky"
2021-03-06 22:55:00,"Ufo spotted over Mckees Rocks Pennsylvania"
2021-03-06 04:00:00,"I witnessed a flying object, flying relatively low & slow, with 4 perfectly squared lights marking the corners. The bottom center had a"
2021-03-03 03:30:00,"I had just gotten my children out of our minivan. I was holding my 2year old, and following my 5 year old. Looking ahead of the sidewal"
2021-02-26 14:00:00,"On 2/26/21 I saw what looked like 2 suns coming up. I am not sure if it is reflection or real. The same day as the UFO sighting I captu"
2021-02-17 13:25:00,"Two sets of long string of lights"
2021-02-15 11:55:00,"I witnessed a straight line of white lights almost directly above me. They were equally spaced...about 12-15 ((Starlink satellites??))"
2021-02-14 13:30:00,"Straight  line of evenly spaced lights moving slowly R -L  ((Starlink satellites??))"
2021-02-14 01:53:00,"The sky lights up along the horizon,light flashes numerous times. Tonight it happened for seven minutes.

This is not the only time i"
2021-02-13 02:00:00,"A flame in the sky"
2021-01-31,"Massive wide U shaped translucent object with 20 - 30 dim lights heading SW"
2021-01-30 10:36:00,"Odd objects flying at the same pace in no particular formation"
2021-01-30 01:08:00,"Big orange / red light in northwest sky in Rockwell NC USA"
2021-01-23 21:45:00,"Small, shiny object changing colors oddly moving in NYC sky"
2021-01-20 22:15:00,"Odd shaped ship under the Moon."
2021-01-20 21:58:00,"Broad daylight. Sunny day, partly cloudy. Exited my home and shortly after noticed a silver/metallic like object floating in the sky. I"
2021-01-18 11:47:00,"We went to home depot at 5 o'clock while in the store my 12 year old son was in the car with my wife and two other kids as my son start"
2021-01-18 04:00:00,"I saw a white streak of light with what looked like a ball of white fire in the front for maybe 5 seconds. It arched upward and then fl"
2021-01-18 03:27:00,"UFO slow moving long snake shape in purple gray color seen in Lathrop sky at 7:27pm 01/17/2021"
2021-01-17 13:30:00,"like standing under the hull of an aircraft carrier that is broadside to you"
2021-01-10 01:30:00,"Slow moving, low UFO seen in Medina, OH 01/09/21"
2021-01-06 01:00:00,"3 objects with bright flashing orange lights"
2021-01-01 03:00:00,"Morro bay orbs New Years Eve2020"
2021-12-29 02:45:00,"Orange oval, like a blowtorch the way it glowed. Lower than a plane, smaller than a helicopter. Slow moving."
2021-12-24 23:45:00,"Multiple bright ovals flying North & South near Slidell, LA"
2021-12-18 07:30:00,"((HOAX))  near the Foster farms feed mill in Traver Ca 93673 there is always alot of ufo activity going on there."
2021-12-13 01:00:00,"Low rumbling noise then a light. I stood up & saw a white, opaque clear boarder oval or egg shape blob, moving fast from south to nort"
2021-12-09 23:00:00,"silver oval sized figure saw in sky earlier- object did not move from spot in sky & then dissappeared"
2021-11-16 21:34:00,"Two flying objects trailing smoke, suddenly disappear."
2021-11-07 17:42:00,"3 ovals in a fixed triangle pattern flashing light in the sky over San Francisco, Sunday morning 11/7/21"
2021-11-05 22:20:00,"White oval far up in sky, with a zig zag motion from cloud to cloud."
2021-10-31 23:00:00,"Driving west on route 60 about to come up on route 33 to get on interstate 295.  So about 1 minute away from bottoms bridge route 33 dr"
2021-10-30 01:10:00,"Very dim but long range meteor-like object"
2021-10-15 22:45:00,"Metallic spherical / star shaped craft seen while looking up towards south mountains in north Phoenix area in mid afternoon."
2021-10-14 06:00:00,"Large blimp looking craft, almost see through, quiet but make the ground shake"
2021-10-13,"Saw oval or round object. 4 extended pods.

Previously saw same object in late 1960's.

Had orange lights under the pedestal legs."
2021-10-09 18:47:00,"Jelly bean Shaped object flying erratically for about three hours in the sky."
2021-10-09 18:23:00,"Stationary silver metallic oval object at high altitude during 2021 Houston Air Show."
2021-10-01 22:28:00,"Black ovel or round flying object"
2021-10-01 00:40:00,"Bright white oval object seen over Fenton"
2021-09-29 06:00:00,"Sighting of unexplained"
2021-09-28 07:42:00,"On Sept 28th 2021 at 2:42am while taking out the trash I witnessed something incredible.

At first I thought it was a group of white"
2021-09-26 15:31:00,"Unknown object travelling at extreme speed caught on video while filming a hot air balloon."
2021-09-26 12:00:00,"Oval light in the sky that didnt move for about 3hours."
2021-09-22 17:00:00,"itness, video, and zoom up stabilization of silver oval, broad daylight"
2021-09-21 15:15:00,"Orange flashing bright lights"
2021-09-20 01:00:00,"Small white tictac uap shooting bursts of white light"
2021-09-16 23:14:00,"Shiny / metallic orange - red colored oval flying over Hudson Falls witnessed by retired LEO"
2021-09-16 14:30:00,"Gray small bouncing object"
2021-09-08 14:01:00,"3 Bright Ovals scanned front to back and disappeared."
2021-08-20 14:40:00,"Silver oval shape-changing object seen west of Sahuarita, Arizona in broad daylight"
2021-08-15 01:00:00,"Oval shaped metallic object with two lights that appeared to move back and forth between the ends."
2021-08-12 05:00:00,"Colorful disk appears in Northern California."
2021-08-09 17:00:00,"Shadow of 3 aircrafts observed flying between clouds and the sun"
2021-08-05 00:45:00,"I walked out from the cottage to the porch, noticed a crazy brightness in the sky. Saw what seemed to be 2 bright stars, one much bigge"
2021-07-18 06:00:00,"Lights hovering"
2021-07-11 15:30:00,"Oval shaped looked like a tic tac lighting over it couldnt see it clearly"
2021-07-09 14:00:00,"UAP"
2021-07-07 01:40:00,"At about 9:40 for about 12 minutes I was playing with some friends and saw a oval shape craft moving in the sky that soon disappeared."
2021-07-04 04:00:00,"Bright light and moving fast"
2021-06-25 09:30:00,"Strange  but very beautiful"
2021-06-14 17:45:00,"A cluster of 11 silver ovals moved across sky near 5 Fwy in Tustin, CA on 6/14/21"
2021-06-11 23:33:00,"White 'Orb' seen hovering in Eastern Day-time Sky"
2021-06-11 04:10:00,"I noticed something in the sky that was revolving and changed shapes I also have it on video as well"
2021-05-31 01:12:00,"still craft hangs in sky flashing a sequence of three lights then falls out of the sky and vanishes."
2021-05-24 02:30:00,"Spacecraft over Gautier, Mississippi"
2021-05-23 23:30:00,"It was an oval object with mist clinging to it"
2021-05-16 19:55:00,"Black oval object with windows shot straight up through cloud's"
2021-05-16 17:00:00,"Ball or round object very high about 25000 feet following Passenger jets."
2021-05-12 06:36:00,"Metallic white almond shaped object  with bright blue aura in dense woodland"
2021-05-10 14:30:00,"I was driving home, headed southbound on Bayshore Blvd. approaching Gandy Blvd. driving 35mph.  Approximately 6 or 7 streets north of G"
2021-05-08 20:07:00,"Glowing Oval Orb"
2021-05-07 03:30:00,"Look at the clear north Sky. Looking at big dipper. I saw 6 orbs bright light. Much larger the the stars. Moving much faster then a sat"
2021-05-06 03:30:00,"9 yellow orbs float overhead before space x satellites appear."
2021-05-03 20:00:00,"Drone footage of impossible fast moving object."
2021-05-02 04:00:00,"Was over cumberland river near bridge and flew over house on south side bluetooth radio and lights outside started to blink radio made"
2021-04-30 02:45:00,"Sighting: Date: 	April 29, 2021 Location: Corydon, Indiana Time: Approx. 10:45PM Weather: Partly cloudy with rain Visual observers: 2 D"
2021-04-28 00:26:00,"I was sitting having dinner at the dining table and I was looking out the sliding glass door when I noticed this dark object. I watched"
2021-04-27 02:25:00,"Something astounding in the skies of southeast Texas...."
2021-04-21 06:43:00,"Oval shaped, grey, hovering, no sound, fast ship."
2021-04-16 23:00:00,"Flat oval shaped object in the sky that suddenly disappeared."
2021-04-15 05:45:00,"We saw 3 glowing oval objects in the sky last night."
2021-04-13 02:50:00,"Orbs zig zagging and circular patterns."
2021-04-03 00:10:00,"Red flying object"
2021-03-31 00:29:00,"Moving lights on dark mass"
2021-03-26 09:30:00,"Oval craft with red and white lights hovering over trees"
2021-03-26 00:05:00,"Miller State Park UFO sighting, 900sqf object hovering above tree line"
2021-03-23 03:37:00,"Looked up and noticed a cylindrical object moving horizontal in the sky with what almost looked like a flame like tail."
2021-03-22 20:41:00,"Mt. Torrey road near Chinquapin Dr highly reflective oval shape spotted above tree line was almost stationary before dipping down quick"
2021-03-22 13:45:00,"It wasnt a shooting star or plane I know what I saw"
2021-03-19 17:00:00,"We saw what looked like a school of 100+ gray and white orbs."
2021-03-16 21:14:00,"Oval object flying close to the mountains"
2021-03-02 07:00:00,"I saw a bright, large, circular object flying over Provo Mountains in Provo Utah with lights running down the middle of the object."
2021-03-01 18:33:00,"Image appears from left side of screen and floats around briefly, but when video is slowed, it appears to be oval in shape."
2021-02-25 02:15:00,"Strange, unidentifiable light"
2021-02-21 00:20:00,"I was driving away from the airport area on I-275. As I'm approaching the I4 junction I witness about 15 warm hazy orange glowing orbs"
2021-02-06 05:00:00,"These unknowns have appeared nightly since 12/01/20. One night I was using my telescope to observe a meteor. I spotted something moving"
2021-02-06 01:00:00,"Fleet of 20-40 ufos descended on house, stayed long enough for my family too see them, came way down and then left"
2021-02-03 05:30:00,"Something I've never in my life seen before."
2021-02-02 17:15:00,"Hovering, shapeshifting object becomes a sold white oval."
2021-01-29 23:00:00,"Two orange orb lights with no sound"
2021-01-23 00:40:00,"From Annandale MN looking north, about 10 degrees above horizon.

Bright white large orb. Stopped/hovered and changed direction quick"
2021-01-23 01:00:00,"Unidentifying object over the ocean in Redondo Beach California. Caught on photo"
2021-01-21 13:36:00,"The unidentified flying object glowed in the early morning lit up sky almost seethrough but very distinguishable, as if it glowed very"
2021-01-20 00:53:00,"Object was moving horizontally at a very fast speed and then made a 45 degree turn downward. The object did not descend downward like a"
2021-01-17 01:47:00,"I saw a random flying oval thing in the sky for barely any time"
2021-01-15 03:15:00,"Bright oval-shaped object flying at considerable height in the night sky"
2021-01-11 01:00:00,"I was ob my way home and saw this big oval weird spaceship with two bright LED lights moving oddly really close to earth like 100ft or"
2021-01-11 01:00:00,"I was on my way home and saw this big oval weird spaceship with two bright LED lights moving oddly really close to earth like 100ft or"
2021-01-01 04:00:00,"orange light traveling east then slows, turns north and stops. 20 seconds later fades out"
2021-12-25 04:00:00,"Dark rectangular object with 6 lights flying North toward Atlantic Beach along the coast."
2021-12-04 03:30:00,"Black, Silent Craft Floating only a few hundred feet above"
2021-12-04 01:41:00,"Took a phone picture out of window while driving on highway"
2021-11-01 08:30:00,"Bright light, wouldn't show up on phone, took pictures, ship or craft,flew to other side of road in blink of eye."
2021-10-27 23:35:00,"Watched it cross the sky"
2021-10-22 03:21:00,"Witnessed a rectangular prism shaped object with 3 distinct circular red lights in a row. Sighting was west of I5, east of the flight p"
2021-10-21 09:20:00,"Green Lights"
2021-10-18 22:00:00,"I was driving home from work and saw this flying across Springfield MO at about 5pm. It hovered over downtown long enough for me to cat"
2021-10-11 22:40:00,"Large rectangular object flying low over the water."
2021-10-09 14:54:00,"Over the water roughly 10,000ft above the ocean. Just hovering in one spot slowly started to move them gone in millisecond. The shape w"
2021-10-07 05:00:00,"4 huge rectangle  lights on north  side of haleakala. Just sat there for 10 min or more..  ((NUFORC Note:  Date is flawed.  PD))"
2021-09-18 20:00:00,"Shiny, glinting, amazig maneuvers"
2021-09-02 02:35:00,"Strange lights seen near the Chippewa Valley Airport"
2021-08-17 10:00:00,"Huge dark craft (iikely 3 football fields)"
2021-08-16 02:30:00,"((HOAX))  Observing the 3 craft I think they want me  to see that for my bday I'm a UFO alien but and starship fanatic ."
2021-08-06 09:25:00,"Blue/Red flashing rectangular object, no sound, came and went silently, lasted about 20 minutes, height of 2 story building."
2021-07-10 19:00:00,"I noticed a iridescent line in the sky changed the contrast in photo and realized there was something hidden in plain sight"
2021-07-05 04:00:00,"Rectangle Hovering Craft Over Lincoln, MT"
2021-07-02 16:00:00,"Two synchronized spinning objects spotted over the new york skyline."
2021-06-28 04:45:00,"I was driving around 12:45 AM in the morning coming back from work when I first saw the object. Sometimes farmers go into the baseball"
2021-06-20 12:35:00,"I saw small metallic shiny rotating rectangle like box flying over my house and neighborhood."
2021-06-18 21:46:00,"Witnessed a large square object going from south to north while I was looking east. Black - grey color with hints of metallic reflectio"
2021-06-18 23:50:00,"Red metallic rectangular shaped object spinning horizontally in sky."
2021-05-25 04:00:00,"UFO located over South side of Chicago"
2021-05-16 13:30:00,"At around 9:30pm may 16 2021 we had a crescent moon so i brought out the telescope to look at the moon. while looking at a the moon ver"
2021-05-16 05:35:00,"A large horizontal bar of light moved slowly across the night sky, eventually lifting its back end to 45 degrees and maintaining course"
2021-05-16 04:30:00,"Three individuals witnessed a brightly lit but silent very large object for 5 minutes at 10:30pm on 5/15/2021 west of Glasgow, MT."
2021-05-09 01:25:00,"I saw a row of 5 lights, round, each one the same size appear in the sky and slowly 1 by 1 faded away at the same point in the sky."
2021-05-05 03:00:00,"Titanic size, slow, low floating, silent, rectangle"
2021-04-30 03:59:00,"Flashing red lights and white objects"
2021-04-16 01:00:00,"Saw two ufos at 8 pm in St. Charles, IL on 4/15/21, each ufo had 2 blue glowing rectangles, and flew over Meijer grocery store."
2021-04-12 03:30:00,"Large black rectangle with no lights, moving slowly, followed by what appeared to be a helicopter"
2021-04-09 01:00:00,"It was a huge craft that flew directly over my house, and flew in complete silence."
2021-03-30 05:12:00,"At 1:12 am on March 30th our ring device went off and we saw this strange object which could be a drone Showed it to many people."
2021-03-18 03:15:00,"Rapid glittering white lights."
2021-03-12 11:45:00,"Silent glowing rectangle cruises across the night sky"
2021-03-08 04:15:00,"Looking to the North, I saw a vertical rectangular exclamation point-like light slowly moving erratically to the West"
2021-03-04 13:00:00,"Rectangular shape with two rows of yellow lights flying extremely low and above me."
2021-02-09 11:15:00,"Bright light with meteor like gas from rear"
2021-02-07 01:15:00,"One white circular and three white rectangular objects without wings  flying at height of planes seen for 5 minutes Feb 6, 2021 at dusk"
2021-01-27 11:55:00,"My son and I were heading out of the house for school. We live on a hill overlooking our small town. There are always amber Street ligh"
2021-01-15 18:04:00,"Large object, resembling a flat iron, sat motionless off the highway."
2021-12-23 23:15:00,"Saw 15 orange fire balls"
2021-12-21 03:30:00,"Orange glow spheres traveling west to east going prob 10-20 mph with orange /yellow glow"
2021-12-15 03:30:00,"Saw unusual bright star? Satellite in sky"
2021-12-14 14:15:00,"I saw a sphere of light shoot through the clouds."
2021-12-14 11:00:00,"Object was Pretending to be a Star"
2021-12-10 00:30:00,"I walked outside of my front door to take trash out and immediately noticed an extremely bright light in the sky."
2021-11-23 18:22:00,"It was a big grayish metal looking ball flying around us I'm different directions before it left the area in a straight line."
2021-11-16 01:29:00,"Orbs in patterns"
2021-11-14 15:40:00,"S-W 7 or so white sphere's playing in mid air moving from side to side like disappearing and reappearing back and forth up and down."
2021-11-01 19:02:00,"Conducted CE5 protocols and immediately spotted a circular hovering craft monitoring me in the sky."
2021-11-01 04:25:00,"Halloween Night - burning bright orange UFO in the Southwest Desert."
2021-10-27 14:00:00,"Whitish sphere with red flashing light moving steady from E to W never changing its plane.  ((NUFORC Note:  Possibly 9 p.m.?  PD))"
2021-10-16 21:00:00,"Saw roating round globe moving low above our treeline rotating white to black."
2021-10-11 18:55:00,"Bright white round object with a more dim object moving across blue sky East to West."
2021-10-08 21:45:00,"Sphere seen twice in close proximity and less than 6 months between the 2 sightings ."
2021-10-06 00:42:00,"While walking our dog around the neighborhood we noticed a bright spherical shape/light moving slow in a strange path and about as high"
2021-10-04 10:45:00,"This morning at 6:45am I was out smoking a cigar on Howard Ave next to the river. As I was smoking I peered into a clear morning sky wi"
2021-09-30 04:08:00,"As I was driving down Washington Avenue in Albany, Ny I noticed a red sphere floating across the sky just below or even with the clouds"
2021-09-30 01:31:00,"We saw 2 orbs turn into 3 orbs then into 4 orbs."
2021-09-20 05:00:00,"Brightspear light that rotates and pulsates when it moves bright white and red"
2021-09-06 07:00:00,"Fairbanks PD sees UFO"
2021-09-05 02:30:00,"Definitely not an aircraft."
2021-09-04 22:30:00,"Two formations of smaller objects came together to form two larger objects disappeared and reappeared miles away."
2021-08-29 19:30:00,"Spherical White Object Seen from Aircraft While Landing at SeaTac Airport"
2021-08-28 21:47:00,"Odd object moving with no sound"
2021-08-19 01:11:00,"It looked like a sphere surrounded by a fiery orange mist. Going North west. I spotted it over the Applebees restaurant."
2021-08-16 09:15:00,"UFO Sighting Report  Monday, August 16, 2010 Commencing 03:15 MDT  My brother and I planned a two-day fly fishing float trip down the"
2021-08-13 03:05:00,"Spherical Light UFO traveling low, fast, and making quick turns."
2021-07-27 08:00:00,"Large Spherical light above Idyllwild"
2021-07-17 03:45:00,"3 spherical objects flying in formation"
2021-07-11 01:15:00,"6 orange globes in the night sky over Rehoboth Beach."
2021-07-02 22:00:00,"Bright shiny metallic sphere moving slowly for 1 minute and stopping suspended for 2 min"
2021-07-02 22:00:00,"Whitish globe over Miramar NAS"
2021-06-24 14:10:00,"UFO chased by a military helicopter at approximately 10:10 EST, near Saratoga Springs, NY"
2021-06-18 04:10:00,"A sphere of light was flying in front of my ring camera and a sound came out of it .."
2021-06-16 09:00:00,"My boyfriend and I were up early this morning and as we were watching the sky, this circle shaped object and red objects darted across"
2021-06-16 03:00:00,"Aircraft taking-off seen trailed by two unidentified object / vehicles"
2021-06-14 02:00:00,"Round white sphere moving VERY fast"
2021-06-13 21:00:00,"Silvery object traveling westerly."
2021-06-09 21:14:00,"Small White Round Object No Wings, Tail, or Rotor"
2021-06-05 02:30:00,"Round chrome object zips back and forth erratically through isolated down pour reflecting sun flashes before it froze and disappeared."
2021-06-04 09:42:00,"Ashland sphere sighting"
2021-06-04 03:02:00,"Steeply ascending small round object with trail separated from it and moved chaotically then disappeared and reappeared."
2021-05-28 02:00:00,"came out of the South West 3 white solid spheres. complete synchronicity from speed to separation.(gave me the feeling it was one objec"
2021-05-23 22:45:00,"6 or 7 white metallic spheres hovering over burbank blvd in sherman oaks/van nuys."
2021-05-23 05:00:00,"There was a saucer shape aircraft with light going in a spinning motion, then a another aircraft with bright lights moving to the right"
2021-05-20 00:15:00,"Two black UFO over Atlanta one coming close to jet plane."
2021-05-18 18:30:00,"White ball traveling at very high speed, observed on clear sunny day."
2021-05-17 01:00:00,"Black spherical ufo"
2021-05-16 03:30:00,"Silver Sphere Ufo"
2021-05-14 10:13:00,"Bright gold ball low in the sky in a perfect straight line going east"
2021-05-12 02:00:00,"2 orange stationary pulsating spheres; then 5 smaller orange spheres moving irratically not pulsating with no sound"
2021-05-10 02:25:00,"My home security camera captured two spheres of light hovering around. It appeared as if they were aware of each other. Then the bigges"
2021-05-09 02:00:00,"ufo in a storm cloud"
2021-05-07 15:35:00,"Was working electrical job in jonesboro woth my boss robert little ,we were in the parking lot the sky wasostly clear with only a few c"
2021-05-07 02:50:00,"Looking towards the west sky, I saw several oval shaped glowing vessels in kind of a line. They were not making any sound but seemed cl"
2021-05-07 04:00:00,"freaked me out"
2021-05-04 00:30:00,"Bright mini sized moon appeared near dusk in the northern sky for about 5 minutes and then zoomed out of sight"
2021-05-02 17:00:00,"7 white objects fly across blue sky and then disappeared"
2021-05-02 02:06:00,"There were several small lights moving across the sky while I was at a stop light"
2021-04-30 05:00:00,"Super bright yellow object... Pointed it out to my friend, me and him were staring at it and it instantly disappeared"
2021-04-27 15:22:00,"Flashing white light hovering near an airport before jetting away at well over 1000 miles an hour without sound."
2021-04-25 14:15:00,"Twinkling lights ball. Stationary in sky before slowly moving away"
2021-04-25 05:00:00,"6 objects. Round. Bright as full moon. Size of seeing venus but larger. Moving west to east. 4 in a diamond formation with two followin"
2021-04-21 02:48:00,"Bright white sphere briefly materialized over Minneapolis."
2021-04-12 03:50:00,"Orange sphere crosses overhead in Portland,  Oregon"
2021-04-11 19:11:00,"Getting Power from the Grand Coulee Dam?"
2021-04-11 03:10:00,"Floating orange lights that showed up, moved across the sky and disappeared within 3 minutes."
2021-04-10 03:00:00,"Red/orange spheres flying across the sky and I have video"
2021-04-06 06:00:00,"Large bright light with smaller lights around.  No sound"
2021-04-06 06:00:00,"It was over the Cascades and a round ship with sparks shooting from it and it was i/4 over the crest. No sound.  Lookes like a hologram"
2021-04-05 02:53:00,"Bright white round light moving slowly from west to east sky then disappeared."
2021-03-28 22:30:00,"Shiny sphere, high altitude, moving steadily west before disappearing"
2021-03-24 03:28:00,"2 orange-yellow balls of light traveled and then stopped, pulsating and flickering in and out"
2021-03-21,"Several amber spheres hovering silently"
2021-03-17 23:22:00,"Two white, spherical shaped craft flying Eastbound over Ventura Boulevard from Sale Avenue. Very slow, maybe about 25mph and at about t"
2021-03-17 03:30:00,"Looping ball of light"
2021-03-15 11:35:00,"Three bright yellow dots seen hovering over houses and a tree before disappearing into thin air"
2021-03-15 04:12:00,"A yellow sphere was sighted above Lake Sammamish in King County.  It size pulsated somewhat in classic UFO form.  It bobbed and wobbled"
2021-03-11 23:30:00,"Strange craft during sunset in the Florida Keys."
2021-03-04 02:25:00,"Happened very quickly like some type of explosion.  ((NUFORC Note:  Flare, or reflection, from Iridium satellite??  PD))"
2021-02-21 05:24:00,"Date observed: Saturday 20 Feb 2021 Approx. time: 2130 while walking our dogs.

Place sighted and where we were. The still pictures a"
2021-02-19 22:15:00,"A  bright green ""dot"" speeding across sky. Definitely not a plane, had no flashing lights.Wasn't a green fireball, ,plane or"
2021-02-15 13:30:00,"Metallic ball, mounted to several legs, took off from the highway."
2021-02-14 10:00:00,"Intense light forced me off the road.  ((NUFORC Note:  Anonymous report.  PD))"
2021-02-05 05:00:00,"Watching a airplane high in sky saw a silver object come out of the clouds west of airplane flew at high rate of dipped from one cloud"
2021-02-05 02:00:00,"Oblect approaches rapidly, pauses and holds position, then rapidly recedes into the sky, all in about ten seconds."
2021-02-04 23:50:00,"Strange moving color changing sphere"
2021-02-03 18:32:00,"short series of photos shows spherical object traveling east.  (((NUFORC Note:  Possibly lens flares??  PD))"
2021-02-01 06:50:00,"3 Bright Hovering Spheres in night sky"
2021-01-29 21:00:00,"Spherical object enters atmosphere and flies away."
2021-01-28 11:00:00,"Security camera captured a white sphere maintaining a steady altitude for hrs."
2021-01-27 20:20:00,"spherical objects with lights moving in a calculated way"
2021-01-26 18:45:00,"Was driving home south bound on highway 287 with female companion in the passenger seat. At about 11:45pm she and I notice this orange"
2021-01-23 02:00:00,"Spotted a red sphere that appeared to be flying a little lower than typical passenger plane altitude. It looked like a bright red star."
2021-01-23 01:15:00,"Small red blinking sphere"
2021-01-20 00:40:00,"A sphere shaped object with aura at sunset"
2021-01-17 23:00:00,"My wife and I were playing outside with our 5 year old when I noticed 3 spheres passing in front of the moon. There was one sphere lead"
2021-01-17 00:49:00,"Noticed a white light expanding and contracting approximately 300 yards from my window. It approached my direction at around 500 feet a"
2021-01-14 01:00:00,"Hovering Light"
2021-01-12 02:00:00,"Bordentown NJ Fire Orange Sphere's"
2021-01-11 08:00:00,"Multicolor object that seemed to change colors green red blue i have video of it a metal ball that changed colors"
2021-01-07 02:15:00,"Saw a spherical object with extremely brilliant white, blue, yellow, reddish lights that glistened and pulsated."
2021-01-01 02:31:00,"Glowing Sphere over roof tops at Merrill Ranch in Florence AZ"
2021-12-13,"What I thought was a shooting star bounced and sped away in a different direction faster than it was moving before"
2021-10-21 11:58:00,"Early morning, full moon star on left of moon started moving from our left to our right, crossing in front of the moon and continued"
2021-11-12 02:00:00,"Bright object seen for several minutes in western sky"
2021-09-19 13:41:00,"My boyfriend and I were walking the Quinebaug Trail in Plainfield Connecticut and I took a picture of the sun rays coming through the t"
2021-09-10 01:00:00,"Driving in my car I saw a black object floating in the sky over a field.   I pulled over to get a better look.  It was moving but not v"
2021-09-09 05:20:00,"was driving to work i looked up and saw 3 teardrop shaped crafts that were rockets a few mile apart from each other in guessing I drove"
2021-08-25 04:45:00,"Teardrop/tic-tac spotted with a greenish white tail as it vanished into thin air."
2021-06-30 00:30:00,"Three small craft moving silently over railroad tracks"
2021-06-24 19:00:00,"White egg/teardrop craft seen hovering near Abilene, TX"
2021-06-09 02:00:00,"Super bright inverted teardrop in western sky for over 30 minutes"
2021-06-05 23:00:00,"UFO over Ontario California"
2021-02-15 14:00:00,"UFO 20 of them with unique moves of t;Understanding, Dancing maybe as if I was watching and they KNEW  ((Starlink satellites??))"
2021-02-11,"Me and My fiance seen a craft the size of a football field glide silently over the road in front of our car."
2021-01-19 15:25:00,"At 9:25am, I was backing out of driveway, I looked up to my left, and at about 1-2 miles in the air at 10:00 (time Angle), I saw a tear"
2021-12-20 17:15:00,"Saw 60+ white reflective triangle aircrafts"
2021-12-19 05:45:00,"3 Boomerang shaped craft flying in formation"
2021-12-17 04:45:00,"Look like 1 or 3 crafts from North traveling south in tight formation. Seemed to bob up and down as they traveled."
2021-12-17 01:15:00,"Saw triangular shaped object"
2021-12-14 22:30:00,"Silent triangular craft about 75 yrds above road"
2021-12-12 03:00:00,"Flying in a line from west to east, coming from around north Long Beach CA"
2021-12-11 22:45:00,"triangular aircraft hovering above tree line.  ((Profanity in video.))"
2021-12-11 00:30:00,"One red light moving switly west to east, becoming 3 red lights in a triangle shape after passing our zenith"
2021-11-24 04:15:00,"Squadron of 12 triangular objects flying in linear formation"
2021-11-18 01:15:00,"Noiseless, triangular craft spotted flying low over Phoenixville, PA parking lot"
2021-11-18 01:15:00,"Silent triangular flying object with flashing red lights"
2021-11-11 05:28:00,"The craft was flying at about 500 ft when it flew over my vehicle, it made no sounds and was traveling about 5 mph"
2021-11-11 04:00:00,"We saw 2 lights that faded in and out of the sky. They stopped and changed direction. I used a spot light and pointed it at them and 2"
2021-11-10 02:25:00,"Black (TR-3B) Triangle shape 300 feet wide 20 feet thick 200 feet away."
2021-11-10 01:00:00,"2 people witnessed a triangular-shaped UFO above a lake before disappearing completely."
2021-11-09 10:25:00,"3 lights in triangle formation"
2021-11-09 01:00:00,"At 20:00 hours my husband and I were Traveling down the highway when just above the tree tops we saw a triangle craft. It had a bright"
2021-11-07 02:10:00,"Massive triangle shaped object flew over head for a few seconds and disappeared"
2021-11-05 01:45:00,"Orange object in sky."
2021-11-05 02:40:00,"Lights tracing up the Owen's valley"
2021-11-01 00:21:00,"Triangle object hovering above power lines"
2021-10-31 16:21:00,"Triagle apex formed lights drifting past camera"
2021-10-31 06:00:00,"Standing in the front yard at my mothers after hearing a noise that drew me outside."
2021-10-28 23:15:00,"One gray triangular aircraft the size of a large jet with a white light at each point, and a red light in the middle"
2021-10-27 23:15:00,"Strange object in sky with bright lights"
2021-10-27 03:00:00,"V shaped formation with White Lights boardering the edges with black middle. Vert large size..no sound was floating fast for 7 seconds"
2021-10-14 00:15:00,"There was a strange triangular object in the sky over route 90 heading east. We were outside in the hot tub and saw it. Sometime betwee"
2021-10-11 00:52:00,"Sitting out on the beach by the Diamond Hotel in Fort Myers Beach watching the stars. All of a sudden, my partner and I saw a triangle"
2021-10-08 00:30:00,"No stars in the sky.  Object with 3 amber lights that did not move for 15-20 min. until it slowly  disappeared in the sky."
2021-10-08 00:24:00,"triangular craft seen distorting star-field above and then leaving as a bright orange ball of light."
2021-10-07 00:03:00,"triangle pattern of lights seen over Kent Ohio"
2021-10-06 22:50:00,"Metallic triangle at a high speed, appeared to have a hole on the bottom."
2021-10-05 03:53:00,"Bright Unidentified Light(s) During Unusual LA Thunderstorm"
2021-10-04 19:23:00,"The object looked like a triangle, 3 bright white lights were on the ends of the aircraft, it looked like it was heading to Scott AFB."
2021-10-01 00:59:00,"Traveling east on Lewis Center Rd I spotted what I initially thought was lights from a cell phone tower. This was odd because I did not"
2021-09-30 01:15:00,"A small, triangular object that was orange; it reminded me of a flame; was moving at a slow steady pace and appeared low and close."
2021-09-28 03:09:00,"A triangular-shaped aircraft moved very smoothly from North to South. It had very dim lights on the front 2 sides of the triangle >."
2021-09-24 08:00:00,"Two triangular shaped craft accompanied by loud roaring sound seen traveling west to east."
2021-09-24 05:05:00,"9/23/2021 WENATCHEE WA TRIANGLE 5 MINUTES 2 PEOPLE WITNESSED A CRAFT FLOAT QUIETLY SOUTH TO NORTH"
2021-09-20 01:30:00,"Possible UFO sighting"
2021-09-14 05:53:00,"It was sitting on saddle junction mountain to the southwest side. We had never seen such a huge bright light. Was the size of at least"
2021-09-08 10:47:00,"MADAR Node 182 operator reported observing a trianglular UFO"
2021-09-07,"As my boyfriend and I drove down the street, we saw a golden glowing triangular shape moving slowly away from us. I watched it closely"
2021-09-06 06:00:00,"Was sitting upstairs feeding baby and looking out window to pass time. Saw lights in the form of a triangle above the house across the"
2021-09-04 07:15:00,"Bright light floating around"
2021-09-04 05:00:00,"I'm standing outside smoking a wine black n mild..looking up @the stars,as always..to my upper right,I see somewhat of a V-shaped craft"
2021-09-04 00:45:00,"Triangle craft, moving fast in straight line towards horizon."
2021-08-19 13:45:00,"Slow flying triangle craft with flashing lights on all three points"
2021-08-19 01:30:00,"Large black triangle 2 red lights in front one white in rear, completely silent"
2021-08-19 00:25:00,"Triangle shape with green and red blinking lights and one static white light hovering in the north sky over Barre VT before flying off"
2021-08-15 01:00:00,"My son calls me outside around 9pm it tells coming outside and look at all these object circling in the sky. The sky was partly cloudy."
2021-08-13 09:30:00,"Fast moving triangular craft observed through a third generation night vision scope while observing the Perseids meteor shower."
2021-08-11 02:00:00,"hovering triangle over highway"
2021-08-08 01:15:00,"Several aircraft spotted darting across the clear blue sky"
2021-08-04 04:30:00,"Triangle lighted object that sat motionless and silent for a several minutes over rural, central Oklahoma"
2021-08-04 03:27:00,"I was laying in bed at night and looked out my window and saw a bright orange light. I walked up to my window and saw that it was gravi"
2021-07-31 06:00:00,"I let my dog out just after 2 a.m and saw 2 bright blueish silver fast flashing triangular objects.  One over the other a small distanc"
2021-07-27 04:00:00,"Saw triangle dotted reddish lights from my bedroom window, which began to slowly move and change to bright light, then disappeared."
2021-07-27 04:00:00,"Red dots in triangle form, stationary, then move slowly in straight line, changing to bright white light, and disappeared."
2021-07-24 01:15:00,"Heard a sound not far above us. Looked up, saw a huge ship hovering above almost still, bright light from the center, just watching"
2021-07-22 04:24:00,"White sparkling lights in a triangle stationary in the sky"
2021-07-16 01:00:00,"I saw a black triangle three times, once over my house and once over a field and once following me home."
2021-07-13 02:16:00,"Triangle shape craft with lights at points and center made low turn over tree line and disappeared into trees."
2021-07-12 06:30:00,"Stepped outside around 11:30 pm was looking south east and saw a faded triangle shape light fly from west to east at a very high speed"
2021-07-11 04:30:00,"Bright yellow lights shifting from triangle formation to line formation, lasted about 20 minutes seen west of USC."
2021-07-10 14:15:00,"We were sitting in the back yard by the fire pit talking. It was a clear night sky. After about an hour, I happened to look up and saw"
2021-07-09 00:45:00,"Black triangle with 3 light in each corner and Orange middle hue hovering approx 200ft off ground"
2021-07-08 14:30:00,"Triangular craft silently glided right over my head when i was in the car"
2021-07-04 14:49:00,"The bright orange /yellow lights smoothly and slowly  glided  across the sky, maintaining a triangular formation. The point of the tria"
2021-07-04 10:45:00,"4 dim lights in shape of triangle"
2021-06-28 19:48:00,"At 3:47 pm at the end of June, I had the urge to leave my work desk (insurance agent) and eat crackers while looking out the window. I"
2021-06-28 01:00:00,"Saw a large shiny object in the sky that had two bright lights on either side. It was shiny and hovering, planes flying behind and infr"
2021-06-26 02:30:00,"Triangular shaped craft silently skating/ flying over house and neighborhood"
2021-06-19 11:00:00,"A large dark triangular aircraft flying slowly overhead in Leesburg, FL at 7am on a Saturday"
2021-06-17 01:30:00,"UFO near Streetsboro, OH with loud explosion"
2021-06-14 18:15:00,"Noticed 8 black objects very high. Broke away and did some unbelievable maneuvers. When video is slowed down to see orbs and tic tac"
2021-06-12 06:00:00,"UFO'S RESPOND TO PURE INTENT, CONSCIOUS COMMUNICATION, AND EVEN LIGHT COMMUNICATION!!!"
2021-06-10 14:00:00,"2 triangle shaped, 9 small circular, 1 fast blue flash object"
2021-06-10 01:46:00,"Pa. Triangular shape hovering  50ft with two steady lights in front, multiple blinking lights on sides and bottom and visible 5-7 min"
2021-06-05 08:18:00,"3 rectangular objects forming a triangle"
2021-05-28 21:40:00,"Six triangle flying objects flying high in circular motion and then just disappeared"
2021-05-22 04:00:00,"Me and a couple friends were at a park when I was looking up and saw 3 satellites or small silent craft moving at the same speed in a t"
2021-05-21 02:25:00,"Large dark, triangular UFO with three white lights on corners was seen hovering without movement or sound at night near Charlotte, NC."
2021-05-21 01:36:00,"Triangles in formation"
2021-05-19 21:25:00,"Triangular object over the Hudson River"
2021-05-19 16:25:00,"Triangular Pod Craft over New Providence"
2021-05-19 14:50:00,"Triangle ufo"
2021-05-16 05:39:00,"My father and I were coming back from Lake Lowell and on our way back home we noticed a long low glowing bar of light floating along th"
2021-05-09 13:30:00,"Flat all black almost like felt material coming toward road I was on. I thought it was a medical helicopter landing for a car accident,"
2021-05-07 06:24:00,"Around 2:24am, I was driving up rte 16 going north & as I past the old exit 8 to my left of me about 8 to 10 stories high above a tree"
2021-05-02 09:00:00,"Large triangular object with soft points, light blue edges and black towards the center. It was moving incredibly fast. It was moderate"
2021-05-01 20:35:00,"Triangular object glens falls"
2021-04-27 08:00:00,"On the morning of April 27th, 2021 I was sitting outside smoking cigarettes under my deck at approximately 4:00 in the morning near Eas"
2021-04-27 03:00:00,"Stable in one spot in sky! Looked through binoculars and saw triangle shape with red, green and white lights turning off and on with ci"
2021-04-25 22:00:00,"We saw what looked like a big triangle shaped mirror and I'm assuming you could only see it when the light was shining on it right beca"
2021-04-23 09:30:00,"Object was on slow descent towards fort Stewart Georgia object was triangle shape slightly turned sideways with bright light protruding"
2021-04-23 09:30:00,"Object was on slow descent towards fort Stewart Georgia object was triangle shape likely turned sideways with bright light protruding f"
2021-04-23 01:50:00,"Metallic triangular shaped object appearing to tumble in the sky."
2021-04-22 07:00:00,"A bright triangular shape hovering in sky observed from Redland Oregon, perhaps hovering over Beavercreek area. It hovered for awhile a"
2021-04-20 10:20:00,"An unexpected triangular object with light flames surrounding it appeared near my balcony in Florida before heading out to sea."
2021-04-16 02:45:00,"Single orange fiery triangle.  Faded slowly then vanished within seconds."
2021-04-14 02:15:00,"Triangular shaped craft with star field camouflage on underside which made no engine noise as it passed overhead."
2021-04-13 21:00:00,"Pulsating triangle object moving across a blue sky matching People video:https://people.com/human-interest/pentagon-confirms-that-shock"
2021-04-13 01:00:00,"Triangle appeared in the sky, and then went out, but you can see each point of triangle zipping away together."
2021-04-07 01:00:00,"White lights in a triangle shape, shut off, erratic blinking colored lights appeared as it slowly moved from south to north for about 1"
2021-04-05 01:14:00,"Flying in the sky above the dumpster."
2021-04-05 00:30:00,"triangular object with red, green and white rapidly flashing lights, apparently stationary, low in the westerly sky after sunset"
2021-04-02 01:37:00,"Wormhole event filmed from Boardman OR"
2021-03-31 09:50:00,"Small black triangle with three solid white lights passed low over my car."
2021-03-16 03:00:00,"Walked out on my 2nd story deck that faces WEST to let the dogs out. My deck has a roof so I leaned on the rail to look up at the sky."
2021-03-14 10:10:00,"large triangular craft  fixed white lights slow moving with white haze / mist around craft west to east roughly altitude 4,000 ft no so"
2021-03-14 03:00:00,"Lighted, Triangle shaped objects flying at night, slow them very fast"
2021-03-11 03:00:00,"A triangle of three soft green discs passed us parallel to highway 50 in the Colorado desert which made no sound."
2021-03-06 05:00:00,"DEATH STAR came to mind ,electrical fire colored lights really white/blue"
2021-03-06 05:00:00,"Three, bright green triangles in night sky over Nebraska. Abduction of my friend Mary Joe."
2021-03-03 04:57:00,"Saw a triangle shaped craft circling above."
2021-03-02 09:25:00,"Changing Bright Light object over Los Angeles"
2021-03-02 03:25:00,"TRIANGULAR OBJECT OVER KLAMATH FALLS, OREGON"
2021-02-28 16:20:00,"Huge black triangle with 3-4 lights on the sides floating above my house."
2021-02-23 12:15:00,"Looking West over top of my house when I saw a flash of blue/white light. Second flash a couple of seconds later closer to me. At that"
2021-02-13 02:45:00,"Seven fiery craft seen in Kansas sky."
2021-02-09 02:25:00,"Two craft in two minutes flying north over Tampa bay but my phone too dark to record"
2021-02-06 13:00:00,"I watched a triangular ufo reveal its self for a few moments."
2021-02-05,"Two low flying triangle crafts with lights at tips of wings gravelly silently following very close together over Main Street Town Hall!"
2021-01-31 02:00:00,"Three lights in triangle form."
2021-01-27 13:00:00,"Triangular craft with lights spotted hovering in the sky in early morning hours."
2021-01-26 19:00:00,"Giant blue triangle ""landing"" at Sacto Executive Airport."
2021-01-25 06:20:00,"Bright V-shaped flashing object moved faster than a plane in night sky"
2021-01-22 20:00:00,"I was outside smoking a cigarette on my back patio. Suddenly I looked up into the sky on a windy clear day. Thats when I noticed a weir"
2021-01-14 02:15:00,"Triangular-shaped, huge object with flashing red lights, hovered with no sound and disappeared."
2021-01-11 01:00:00,"V/Triangle-shaped, silent craft near Philadelphia on 1/10/21"
2021-01-10 04:00:00,"2 white UFO'S"
2021-01-09 04:11:00,"Triangular shaped object moving into a cloud."
2021-01-08 09:22:00,"I was driving north on Topeka Blvd. About 1/2 mile past Forbes Field when I saw a triangle UFO zig zagging around and then flew over th"
2021-01-06 04:00:00,"very low load slow aircraft flew over Missouri last night."
2021-01-01 04:50:00,"Triangular-Egg shaped craft caught in still photo north of Klamath Falls, Or."
2021-12-21 11:15:00,"Bright white light moving slowly without sound"
2021-12-13 05:30:00,"Two large parallel red lights"
2021-12-09 00:30:00,"Seen what I thought was a plane until it stopped in the air above my car, then I realized it was too low and slow to be any airplane."
2021-11-11 02:30:00,"Bright horizontal white lights."
2021-11-09 01:54:00,"Several bright lights captured on video near Seattle seen in Bremerton Wa 11/8/21 at 17:54"
2021-10-29 09:45:00,"White Creature with Black eyes does hand signals afar"
2021-10-22 01:05:00,"Low flying stationary craft with three green and white flashing lights."
2021-10-20 12:50:00,"Robust contrail with no obvious traditional aircraft."
2021-10-17 21:11:00,"Contact me"
2021-10-10 22:00:00,"see a tiny white dot moving fast in the blue sky in San Jose on a clear Sunday afternoon"
2021-10-06 22:20:00,"Comet or something entering the atmosphere?"
2021-10-03 10:30:00,"1-2 seconds of very bright light outside, with no apparent source, shone through windows."
2021-09-25 12:00:00,"Unidentified Flying Object With No Lights Or Sound and Appears To Have A Smaller Object Circling And Moving Through It!"
2021-09-21 17:00:00,"Two pitch black rectangle objects hovering on top of fog bank over Brisbane hills."
2021-09-15 10:00:00,"Southern sky, slightly east about 11 o'clock. Noticed wavering light within a small area in the sky that looked like wavy light or an a"
2021-09-15 07:00:00,"I saw something strange white mostly in color and I have 3 pictures of object changing courses and shape"
2021-09-07 13:44:00,"Odd white low streak going across the sky"
2021-09-05 01:00:00,"Two objects seen flying together over Chesterfield,VA"
2021-09-03 01:00:00,"2 objects near Nashville airport.

 I was down Murfreesboro Rd going under the runway by airport.  When i came out from under it I se"
2021-09-01 19:10:00,"Six objects in the sky, moving north to west, changing formations as they moved before disappearing."
2021-08-22 03:00:00,"I saw these lights three times now in two different locations"
2021-08-19 23:00:00,"Strange metallic, possibly triagular or pentagonal shaped, single object in sky above Dallas, TX on 8-19-21"
2021-08-19 04:00:00,"I thought it was a drone"
2021-08-17 06:10:00,"A brightly lit UFO flitted high in the sky in rural south central AR."
2021-08-16 07:00:00,"look up and said wow at the clouds and then i look at pictures and then I see them."
2021-08-15 04:03:00,"Orange light seen moving over Philadelphia"
2021-08-13 06:00:00,"While standing outside trying to see some meteors, I saw what looked like a row of white lights coming up the coast, south of Seaside O"
2021-08-12 05:30:00,"Unknown object emitted yellowish-white light at regular intervals along west-east route in sky."
2021-08-09 22:45:00,"Straight line object of 4 small lights with a VERY bright 5th light on left side"
2021-08-01 08:00:00,"Close encounter/ Abduction in North Carolina bedroom."
2021-07-24 23:55:00,"Shiny object moving quickly across the sky N-S Mill Creek / N Bothell WA"
2021-07-18 06:05:00,"It was a star like object with a quick back and forth in a zigzag type of way then it disappeared."
2021-07-14 01:52:00,"Bright green flashing light in the sky hovering in a weird shaped craft. Incredible speed as the craft zoomed away."
2021-06-26 21:20:00,"Taking pictures of a weather balloon and captured UAP."
2021-06-24 01:00:00,"Unknown bright object disappears in a cloudless sky"
2021-06-20 08:00:00,"My mother and I saw these. After we went in we were both zapped by the same white light at the same time. This can't be fake"
2021-06-12 06:00:00,"Multiple lights chasing us on Poen road in Kuna, Idaho."
2021-06-12 03:15:00,"clear night sky van-sized object floating no sound"
2021-06-11 03:05:00,"Several lights that moved slowly in same area for 45 minutes, flashing colors, disappearing, reappearing, splitting in two."
2021-06-08 05:00:00,"Erratic light zips around Marthas Vineyard."
2021-06-08 01:00:00,"Very slow moving craft with red and green lights accelerating at incredible speed."
2021-06-05 20:58:00,"It came from the ocean or from over the ocean"
2021-06-05 15:32:00,"Light moving around in circles in the clouds. Small light looking like a star appearing and disappearing."
2021-06-05 15:30:00,"On Saturday morning, June 5th, 2021, while I was on the Block Island ferry heading to Block Island from Pt. Judith,RI, a one hour trip,"
2021-06-05 15:22:00,"First object bright lights low in the sky, not moving, second object going downwards fast towards the tree line and disappeared, third"
2021-06-05 00:56:00,"Floating shade above an old base on the ocean in San Pedro."
2021-06-04 00:15:00,"Space Station like object no sound"
2021-06-03 04:00:00,"Pulsated colored lights brightening and diming in the sky without movement"
2021-06-03 04:15:00,"Ball of light vanishes in the SE"
2021-05-31 22:00:00,"We were standing in the backyard around 6:00 PM and the blue sky was cloudless. I looked up and clearly saw a silver object flying quit"
2021-05-30 02:00:00,"A amber/like white light traveling under lildipper stars ,disappears  after 8 secound of watching it"
2021-05-27 08:00:00,"I have insominia, and I am a very light sleeper. I was awakened by the sound of water rushing into my toilet (a sound I remember being"
2021-05-26 15:19:00,"Ring camera video of flying object"
2021-05-26 09:55:00,"Saw an unknown object through telescope pass in front of the Moon during Lunar Eclispe"
2021-05-26 03:23:00,"Transparent round or oval rows of bluish & white lights, moving quickly through our yard casting reflection below."
2021-05-23 03:23:00,"18 - 20 Objects moving evenly spaced in a straight line across the night sky three separate times."
2021-05-23 05:00:00,"Several white orbs flying in perfect formation for 20 minutes"
2021-05-16 13:00:00,"15 crafts in space that raced, darted, faded in and out, pretended to be stars, and wobbled in all directions in the sky."
2021-05-10 06:30:00,"Zooming ball of light in the Hawaiian night sky defying all propulsion physics."
2021-05-09 00:05:00,"UFO OVER REDLANDS WITH COLOR SPECTRUM"
2021-05-08 02:57:00,"9 lights entering the atmosphere at impossible speed and then moving off slowly at a 90 degree angle"
2021-05-08 04:20:00,"A line of 50 lights evenly paced moving west to east, San Francisco Bay Area CA"
2021-05-07 04:13:00,"Fleet of UFO's witnessed in small town, Colorado"
2021-05-07 04:15:00,"Straight lines of illuminated objects"
2021-05-07 02:30:00,"2 adult individuals witness a distant object extremely high in the southern night sky over walsenburg Colorado.  The object was illumin"
2021-05-03 00:45:00,"Unusual path and abrupt changes of direction by a star-like object in the sky"
2021-04-29 01:40:00,"Red flickering lights in Bucks County, PA"
2021-04-27 11:00:00,"I arrived at work and I parked my car in front of the building. The sky was clear without clouds. As I was walking, I looked into the s"
2021-04-27 00:29:00,"Flashing an Streaking object near the moon"
2021-04-26 08:00:00,"Bright white beam shot towards me while floating white lit craft hovers 2 and a half feet above back yard."
2021-04-26 04:30:00,"Chrome blue light moving quickly and curving from northwest to dew north."
2021-04-23 12:56:00,"Weird metallic exhaust or vapor trail"
2021-04-17 08:00:00,"Two bright white objects fly across sky"
2021-04-16 20:08:00,"An array of sparkley, multicolored lights in the far distance that did not move for 30 minutes from when I observed it."
2021-04-16 20:08:00,"UFO on Oahu.  ((NUFORC Note:  Possibly the star, Sirius??  PD))"
2021-04-15 09:00:00,"I stepped outside for a smoke. It was absolutely quiet and I spotted something moving above me what seemed translucent like a cloaking"
2021-04-12 22:15:00,"Appeared to be two balls connected by an S shape twirling on itself and changing rotation direction  Have 2 Videos from two different C"
2021-04-06 00:22:00,"Big saucer like figure floating with green blinking lights, just blipped into nothing"
2021-03-28 19:35:00,"amorphous and undefinable low-flying object on a clear blue sky afternoon"
2021-03-24 03:06:00,"Saw a moving object in the Northern Sky. Appears to be to low to be a satellite and no blinking lights of a plane."
2021-03-17 00:30:00,"Silent object flying relatively low, beneath clouded sky"
2021-03-14 01:23:00,"A formation of brightly lit objects rise through the North Carolina night sky and disappear one by one."
2021-03-12 06:47:00,"Triangular Lights"
2021-03-05 03:18:00,"Solid light same brightness as stars high in atmosphere or space moving north to south across Utah."
2021-02-18 13:27:00,"Column of 15-20 objects in Idaho"
2021-02-16 06:00:00,"I saw a blurry figure emitting a blue/white beam to the ground with a sphere descending from it."
2021-02-14 13:15:00,"single file lights in the sky.  ((Starlink satellites??))"
2021-02-14 03:30:00,"Three ""stars"" that formed a triangle moving slowly then fading out."
2021-02-13 13:15:00,"Line of 10-12 UFOs proceeding in linear fashion at High Altitude. Paso Robles, CA"
2021-02-10 23:32:00,"Object with blue haze in front and bright white light in back just vanished.  ((NUFORC Note:  Missile launch from submarine.  PD))"
2021-02-09 02:00:00,"Red lights in a row in the sky. Disappeared after a short time."
2021-02-07 06:45:00,"Faint and moving at an incredible speed"
2021-02-04 11:30:00,"Pig screams and noises?"
2021-01-27 02:35:00,"Took place in under a second, drone-like, traveling potentially 100-300 mph, extremely bright, covered in lights."
2021-01-24 12:10:00,"Brilliantly lit flat object of large size seemingly falling from space at sunrise"
2021-01-08 04:30:00,"Huge city block length sighting in Marietta Ohio with 4 huge lights"
2021-01-04 04:00:00,"Bright, flashing multi colored lights coming from object traveling across the sky"
2021-01-02 03:48:00,"Walking my dog & began filming with my iPhone 12 what I thought was a plane near Hanford."
2021-02-01 13:24:00,"Straight line of lights in sky moving east,"
