customer_id,monthly_spend
20451981,1853.8912264239384
23251656,2754.726749399272
64082260,1442.4999094819177
82505923,2014.4972684814982
89981994,1458.673841336205
64973937,1174.4166835448957
27610278,2224.237979432995
35883083,1211.4331204995583
20490020,1654.3502058713443
54517670,1310.9867590896192
94359232,1715.9480447924175
17326886,2474.374179210061
86594167,1665.8397316573007
94873255,1501.8335879891956
62944765,2444.232327117339
95482882,1264.3894043035507
76963069,1393.1570999753828
25112257,1525.8779654431876
69916855,3164.6013349592768
71088357,1325.3052712478084
50168897,1246.754507022153
67403679,1532.3514440414701
55474643,1143.2792870597582
54852556,1453.0324051075836
63667529,1681.0708404385357
48025998,583.4519009104898
93351324,2085.481313622112
18887996,1590.0260108779821
49568688,1615.56070822747
92911099,1647.8033954922496
11717924,1399.205590921802
62085471,1685.1787001405362
78336143,2172.0732799086213
13087851,1284.4672811603687
33506258,1157.061590280311
61356554,2051.7060020558197
11967368,1196.7655533201585
98374877,1555.2558012624977
76845536,1927.2991687839738
59313599,1275.5800142244466
41041059,1701.6577556365883
22292838,1546.4215229706838
99892065,1527.8957493246119
78345355,1058.7162633737728
85986903,2916.357457364924
27715035,1650.702982196677
66099730,1575.958304455155
75346786,1995.0716078805983
22860710,1702.5952699219617
65958654,1446.1304847070246
82607442,2329.8895472337463
43471475,1666.689096526381
36465070,1281.6354798851864
21931749,1482.4843431824654
66815930,2725.637513909771
44485157,987.8703530637378
78728059,1688.2743640054118
89264710,1326.8257710930911
81874643,1722.7975029958977
48603927,2446.562321110372
20257622,1131.5453318833586
88360790,2222.070836294485
79411556,1620.517129951236
24819092,1345.8740839448885
74678656,2387.4794799089414
22548045,838.9725568992131
95827783,2306.547616142759
60019526,2442.7675269234405
82548254,1550.0980790453048
90453319,1620.3904688031305
15312091,2149.7460207618296
34786964,1286.720807433693
46684232,1190.6310350415365
84597099,1777.042592741489
98134524,1235.270632563858
18531043,1637.4495263245674
14953383,1591.7672498126408
80944054,2161.950565442081
34873753,1507.7952636969685
95577033,1595.803119189239
50215436,965.0834695562138
95347203,1622.0209709281946
58614046,2168.2570067096026
40368791,2193.4379731612817
23316775,1813.1422288136541
23331513,2542.4541460895325
40038060,1447.7860684309887
22096579,1282.3732399890787
24978810,1682.817656844051
65890694,2949.6966481843856
47906818,2123.517438141841
38478694,1254.572238152387
54797755,1106.7187556150063
44533278,1406.8978440654182
58182080,2209.511776058708
67491014,1740.2223051006313
45798475,1806.0908013378066
41586132,1582.9810857520913
22956540,2771.283002970119
25367334,2006.318201170446
70503250,1207.006793416073
58307796,987.873793463956
59859757,1178.2067463804437
47787665,1304.5778161320734
69610612,2279.9327849204396
66658967,1421.4405298975487
37962749,1237.802711605559
87675902,1871.0203395719675
61682179,1418.096688898985
78073125,1124.8321780031301
73229345,1800.6560456404138
43171437,1883.8000345876903
69766997,1895.0666344192377
14939250,1325.3176163345936
12328281,1432.8873803153033
76560997,3760.385270065346
57569914,1623.8008492803338
20883894,1659.0143765593687
22766188,1595.2079339680024
62905121,1401.769573126563
36295477,1054.2171426620826
55610529,1206.495535991945
40366302,1127.5446525553123
18624954,2092.1367630440996
72668820,2727.4658252886
23817472,1638.8934521892847
99830054,1682.2826758230842
63410560,1196.0235512428344
11811963,1499.9968204153843
68778133,1825.6314732275189
61211015,1038.5352420631775
85223112,1719.2169320638104
17785980,1840.0121663005662
51523712,1380.4602124510793
88242319,1489.0303398335222
66674532,2268.000028882905
76442132,1765.5765941744637
84193848,1292.7371413429742
80878809,1239.8717211827582
92088473,1113.9176412664533
18574912,810.6112228032003
82956926,2643.3234254475756
57265640,1681.5347804090327
27961225,996.589391808863
65404075,1448.5868231442978
98698597,988.7536269303223
63221757,2645.9801852765586
45396691,2262.9157878138776
95724535,1124.345881470769
98157590,2208.8210640403804
60909030,1587.9950078695463
20932142,1537.230237227671
85604729,1302.3562292167453
25410553,1232.2363614306241
76477501,1714.9796737467982
29459273,1921.201663792232
71879657,952.1297257909866
67115179,2106.8608406006883
82348794,2230.677028600887
32880748,1379.5322133918016
36203607,1458.0521258736846
20891850,1188.0006770438604
94570583,1272.2368337972146
47560755,1487.0169066669112
39752876,3208.5385693788357
68980243,1688.7237927083447
71143374,1196.9700628972137
89917748,1884.4162598422747
30461949,1380.4894421939061
67458886,1081.4531521753318
44166816,1146.0388150464828
48218923,1919.8123452410364
83104523,1317.4594374782982
23739634,1823.2760689820193
45544123,1717.5809180457766
72316980,1905.9152052485947
24805396,1187.083749752968
85045576,1861.2805450323478
21314164,1760.7822370912058
52842656,1085.3704932705432
12382139,1813.226952676392
88152347,1389.107571672718
49270171,1932.5391002583474
20221404,1276.8062342852145
25851974,1412.62343441826
95701680,2269.8308566951837
83739665,867.9219376792776
61996348,1565.219397134889
12797236,1885.8247736939197
25554853,1232.2569578109947
72618187,2333.192419882104
77583489,1548.3682627532753
79450582,556.6545159634218
84595636,1623.0925765718903
89981949,1331.0985389074756
69424476,1607.6751941781795
55064308,2278.2532740423967
82956266,1642.159394411616
60185159,2354.8266633461
80612747,1959.517068579683
41303090,1499.0703548640358
13517787,2022.09348246418
34078093,1617.630821052568
69030112,1629.3405735531978
61791328,1781.8403715182967
51789245,1137.1021997059065
88068699,2573.7672771028483
33399367,1301.7695520611778
79597553,866.775545547226
70695101,1611.9829402150417
98169962,966.6849309174938
89251190,1756.1736099482957
53044281,2011.9407483800344
73528670,2901.6689209730866
14751149,1742.6587067993432
61490053,1540.6196739674444
51385275,1469.0090673252596
41764194,2436.4782269243615
96598282,2174.02166443809
96823449,1323.0534838989417
30931247,2026.2394540437838
60872668,1322.2175734803764
97835669,3277.4087075209736
36785828,3013.069011636866
25812131,1450.5866143117246
38410800,1977.5171888883556
33023072,2084.827631834045
48250594,1786.2186203628469
94891015,1231.9997262096226
65307671,1156.447552035634
99621779,2053.1729458876134
83959755,1184.7906893179609
64535310,1372.7297203064268
30594968,1650.1318499957613
10263960,1425.3719521395126
60876075,1733.35274595286
12217583,1799.1874713363397
29989580,1154.8524941277024
31184452,1999.296871897863
16182148,1633.5132372372768
74700470,1791.1765022784366
53084609,1141.486534065497
36052930,1381.514516469685
86583512,890.1679855846625
10930793,1919.1075329185949
74179918,1054.5665214033002
89853445,1112.8004753976525
75258370,1247.3742626023677
93197004,1753.7596434032305
16551408,2222.8655079048704
36115326,1952.2266752855423
47243451,1560.093663805843
90773939,2751.415230465681
30735291,2380.4950177444753
66891211,964.5678035063918
77142249,1227.777731979518
24530798,958.7241834068852
78204046,1328.8463087308182
60230110,2179.0284329628494
13017302,2009.9941665263966
21044447,1494.6816291469613
28976655,1696.6230468059098
52214813,1753.0129251248627
61575366,2105.435204310534
23125986,1042.0944028326737
11614855,1338.9438487662287
68090330,1775.4915242008024
31241329,1957.3708466574224
21561157,1387.438813529582
61917300,1788.456377720939
82147824,2742.217139184452
91513421,1330.2414091508058
30753790,1540.672549133086
33700064,1400.527396202498
86773406,1259.3838334676634
41719197,1444.2042044139364
67399596,1198.3565675813015
37696535,1210.6964933748957
15791208,1436.6030940953258
24348676,1185.7550684364924
24480974,1806.5188159454867
49440078,1443.4527521562914
48242779,864.2602733311423
13405947,2418.4379545366783
34531671,2162.8382951237636
63652222,1588.0902108449573
97745210,1590.8743260298174
48557187,1301.3351043856187
79801016,1277.0898936961196
93409518,2008.133563277796
48891463,1052.1653729754478
41134793,2368.2221051937795
76776302,1768.2000884295494
89505130,1410.264228762958
46129267,1403.2507777100466
57862630,1073.5766025763103
32227094,1082.1829125487825
72887559,1757.0818855801565
97826236,1194.1478792139246
40250768,1782.4461327442884
56765848,1138.0926138376246
11244823,2600.7809149630875
40189321,1629.6128966510666
68120430,880.5586231782454
64917610,2188.7197837136446
79290200,1139.2050630503163
13110537,1568.969675208382
56816135,1129.2116045465204
27525357,2818.8359488506694
71914367,1673.4990772513536
23989491,1119.430509004928
86436168,1974.3944042641772
63499286,1579.3244491947387
18619374,1908.5625304582154
52222614,1328.2185975496486
75467866,1544.68413180061
28926111,2233.286456555408
98661834,3111.7932746356964
73087852,1387.2878119291145
48887326,2051.7458238700265
87383314,1801.6596316368132
88682579,1809.026883300069
12617324,2424.686312694108
49224165,1372.128348138263
69951588,1858.6548483151291
11713703,2150.1521969906944
59435002,1925.6026158116465
61153563,1504.5170152914802
57206499,2784.3031202613347
89140242,1569.6386470048305
95100771,2344.3173158662876
32638417,1063.4830354018509
61625712,1186.3884737778355
61250133,1858.2937322469786
17952873,1437.1899644616522
14513813,1367.8163086475195
57500282,1355.3755884389952
51340284,1442.6247454267536
35897956,1443.7789932525613
21856280,1715.996505369476
36786275,1416.7862198778312
99178725,1397.5984234050293
48955886,1811.1389337300482
51811678,1433.2222593863323
81930210,1695.3068317636491
49161318,1714.3037438597203
24723720,1963.9231200898507
14950936,2543.648726439981
54638593,951.0875003768446
98115682,1587.709071479001
10533857,2311.9756051343415
87478097,1496.1803507609704
60429975,2249.1462133885025
38969729,1686.3168872932501
64656132,1531.3344119264661
86963086,1543.9044342357588
17268859,1418.9049026684822
72142121,1786.7597641628768
91574809,1558.2360209513952
54272037,1805.247355152816
16058661,2060.555998915719
74133244,1068.3020058137688
14281752,1555.1206371075996
46666867,1051.8631466872414
75686584,1556.9558859617346
25546684,1321.6573033897023
80619174,1591.955327600572
61749604,1478.5101614491775
38248391,1055.6220336977944
16877088,1146.211061272073
99140321,2204.0459819250705
15975231,2749.0975834398996
40531945,1526.6574347628055
71708672,951.301951823497
85030779,1834.8951192495706
61117487,1260.098982676147
42638536,1832.462491024249
82326061,1243.6234787736453
17028661,1133.0709410920363
26048783,2201.931369725933
34262255,2276.3254642175707
14326462,2027.746341605096
93816989,1485.0868688468622
23690395,1562.573029599634
94999262,1457.7588929595718
81971277,1435.4440131104232
90562416,1447.113282427992
95799765,2495.733428370271
89244724,1909.4762773123064
83879641,2958.8635659887823
96424387,1731.085012281084
51051501,1259.471132394006
29249441,1692.1551399256402
62893412,1282.560955912664
61417835,2281.145359726507
62755928,1574.8449956785196
66501572,2407.532653380269
76084740,2623.793111116199
27624326,2030.1472390239176
86757966,1586.9261018310365
92455037,1069.4592521807149
67852942,1931.4417260610262
30696098,971.2832002056194
44792329,1026.8009830113087
10390388,1506.75243642286
17826936,1874.4174363535917
71880941,1476.5488971047375
98184673,2395.862072653543
60002125,1353.9321591195792
34664804,1262.1267299557198
37594595,1026.9975506656747
42980815,1847.1348985854127
25819880,1605.9547730453796
16484408,2061.209715740395
91766904,1333.3201502985494
82866803,1573.818258511562
82424284,1558.5577029674778
72903422,1620.7535974057166
11480750,1801.2231921320868
96983867,1801.614693091577
41426492,1353.2695016613013
24002286,2291.3066272253513
18056145,2165.994808640963
72362977,1070.626397954202
15977163,1801.8501991895039
51036186,1355.46699469892
34918337,1926.1259965360523
20599813,2148.9221804408344
19900890,1751.8003671518247
27971378,2299.106755620619
50965403,1710.9569482380118
49026734,1067.0871320981669
14192253,2552.251422741291
76817070,2463.479451551427
41164681,1363.8522985537873
94312885,1684.5510560773544
38527851,1112.1967275091895
88279496,1899.6641504565039
15498361,1577.9641503861749
17691622,2722.48244018088
43719564,1299.22648856795
27861137,1158.0822495269226
20308452,1415.8748484969246
97996598,2110.974047715079
93656677,1038.4106265906998
20464937,2233.2936846968946
25195757,1521.5792022230523
95231592,1981.5517899848462
96604510,1185.4772105758204
12888073,1267.0711191489083
99408984,2094.6569897460367
65238591,1431.0818420293663
24114707,1415.3030894913854
70796256,1149.4775081261346
64703869,3337.488991353708
35203752,1491.3614995970663
47453323,968.7619916338158
12385313,1339.5187216120246
54441418,1322.8753086191198
83549825,1126.440831379206
20370209,2295.4720345145406
68357218,820.8508908376303
62743829,1633.1370734947766
20331898,2234.8089750333043
43934228,1588.525188482109
47620709,2490.9283668614335
75355275,1406.185632515377
63446649,1738.1170376905038
89051919,800.580903217633
92954904,1668.60730554871
64731800,1493.1718332252763
27945685,2017.4029068985371
98412215,1230.3493235859512
19535502,2091.463170496274
66516822,1625.5452178439093
45373292,1161.074411766752
34711249,1363.8239274052266
48370651,1735.2328720681317
71354510,1533.2566926296852
56728847,998.008279133174
40004525,2356.634017526383
94648945,1519.8664209345256
62756732,1315.47496310043
80428237,1641.831336295325
64878556,1733.7906161167095
30597278,1482.6523638633848
40357660,1792.4655699908603
98010210,1480.1206667793333
43275959,2050.255821774872
67938712,1634.370342852267
50506973,2226.236589503508
27421159,1337.6443877246268
51123211,2492.1486849950998
51887530,1190.1702070461774
68372581,2083.528002713637
31184062,1766.8018210323653
55543655,1978.6785844998565
71805162,1906.5862582386549
98612541,1553.833010309097
67235486,1277.4738344365264
35490134,1766.043086637198
74647441,1361.0477549571383
73962817,1480.9914764889102
95192638,1165.171570886574
96803902,1451.6757699470984
97635826,1173.396456916895
34428942,1761.890832262416
86699979,1808.8903310351595
79766437,2050.5273648401208
55732878,1601.3788922909494
20035702,2850.251333364019
54997853,1882.5320423099263
91776457,1448.0689868359084
13967606,1497.4783597113856
88365927,3226.731147154119
92907413,1060.3348028077894
89771364,1709.4810813123327
75648081,1373.0989593688764
97365061,1174.9838138432785
29587137,2189.020183313305
22019813,1449.127006581589
29469529,1698.7377225734706
66670735,2180.7506753811786
84380411,1962.3355725008053
17040729,1828.1297205809844
25307807,1774.7611907199184
33962361,1231.9661383315943
67969299,2182.842003713654
38562471,2461.987633362378
33114742,1861.4300515565449
54307298,1150.255019971755
20058700,3746.6548351438914
33779532,2254.5303990157217
88110162,1162.9971527285354
36112292,1372.2374005723245
38475061,1735.2352690548805
92644264,1876.2217713944835
92355731,2088.36242955336
75478249,1733.4904185862442
23875741,965.507975057328
88793850,2289.1665319493886
14142195,2464.9050197713523
67422773,1982.1926329365988
36705498,2400.8974063387113
62072834,1766.881012533867
33337577,2146.4940793129504
14298054,1924.0497496766059
96998725,1182.1932266016001
70579244,1624.8941808331126
26844678,1954.340655131302
97441250,1324.6700142053185
49239286,1700.7012960629231
19469855,1142.1479330923585
82552850,953.0219384525352
60170958,2656.10083128342
28237826,1899.869496382594
84208342,1766.0848665011258
28295140,1927.7766316962495
38477827,1468.3764827519244
54941872,1301.5590216810328
15450767,1664.2124253506374
93656934,2116.187696706009
54273142,1421.821431614025
63648675,1200.709421709212
31875954,2093.784059583023
60881802,1941.2943115024623
17233443,1568.2199016228437
28953932,1422.241771301727
64958348,1477.3725012857358
27038940,1436.2331616131194
25667330,1340.9545291833285
89200812,1454.3443689241867
63109620,1150.0738438561534
34692595,2124.23044756724
45554823,1326.8901703458973
50487516,2139.7209553086605
37970303,1907.64795549592
20944145,1677.3250887275055
54232510,2344.2202048447125
58289637,1522.4534872951026
70295882,1005.5552748877429
11855847,1352.0447898661766
26640485,1505.5599474009987
92806514,1809.5161484354692
43703605,2065.354690283372
75507937,1479.3893555723116
21361381,1518.4867907258797
73615273,2425.4531331339385
92437179,1601.312406449585
57813173,1311.0171618522918
99373127,997.007150354614
95805212,2397.818408102662
61946147,1560.5679944135711
24903202,1368.9620193668047
88268253,1354.6505456137977
45270713,1324.9464452932793
67013519,1940.8681519624772
64480094,1259.2121593432485
18481385,2298.547137293526
69314375,1352.242121102835
58464172,2005.007592536303
57844179,1574.124146730383
65371057,1429.4453042259527
22749627,1321.6345159851694
64747851,2095.8236582128293
35545690,1910.2529986333775
91575937,1542.0414882783707
11663787,1588.8296300177435
59570536,3090.8286465187757
53724418,1671.3404025060984
78572661,1422.5329566872867
38544041,1804.6548808792318
27091356,2035.4859063006863
20013110,1105.2793753264368
11862841,872.3915307447346
54926458,1554.173406574649
72702715,2777.3488653968207
65477001,1290.1069314810672
99407693,1338.451403975111
15192014,1740.4445585822186
87232785,1679.915078962962
76412402,1528.7640337334162
49393943,2145.90031107932
53853124,1204.4168100707273
17486636,2250.3534883429966
64895733,2643.526821439309
64938150,1492.9403571993003
62321885,2008.0928234847977
14616504,1527.3689936468552
53996148,1992.361985044706
17209399,1958.655999019965
25102335,2093.1135635219416
54515012,2545.653449116462
80596244,1363.4762284425608
54217244,1321.6887920386002
29133774,1374.6698552890975
60727794,1806.4290915927177
55160698,2338.9708234202635
18231141,1871.4431216524083
91091163,2135.752912622063
52747750,1724.748481569643
97932301,1820.8196254422883
77391969,1503.8698441726879
64274314,2166.812450839633
82861922,1323.7961443338313
95155142,1444.2482472146107
57522876,1111.3099679994848
46054634,1358.220826141051
32006732,1744.3861030841008
62808198,1121.871830576294
60875435,1660.1634863172367
15688688,2058.2183583921715
13559129,2162.7839150418704
25489744,2875.6991700572817
55669591,1152.0659835553645
10763911,1310.2247360861586
15579269,1095.5986466322015
18433265,1792.8273236864052
72131946,1052.2304166169479
50106249,3161.809215332569
21363716,1164.287933877686
80090384,2047.2181779267041
37971475,1262.237097248034
31314120,1706.6787915055002
73683678,2036.44755824776
29703095,1628.131445669827
87144591,2321.103220403246
44689207,1329.1818327926865
42450190,3136.7516757867343
92653218,1608.3973841603279
67727493,1790.1513237638344
55742747,1819.446689485463
96941026,1296.6221295624223
89824134,1334.0676862649957
19822449,1249.1184695858965
18676315,1227.5225889649025
17316044,1121.943376398251
81559769,1208.0367668732179
98912158,1192.676132839214
67772871,1870.2998685497917
65921862,1753.5496906564365
12636566,1239.2572336716585
88608909,2188.985173266945
43902318,882.4048214811047
59512038,2153.7875438064834
77976362,1413.2689313515752
57092914,1844.1539516925345
47412567,1576.292566521909
17145991,2616.626705416602
56270450,2798.1858536337377
47467383,1616.1607625429938
10449714,1820.2143810917953
43156511,1820.153682444141
71377851,1768.7876942042296
54093810,1754.5266976253765
78096026,1435.721434606252
57320154,1003.4026892929272
45383520,1075.217749927871
38351707,1595.3961702893064
70796190,2711.985269937365
29977177,1713.77608913243
97584339,1495.5154338916789
47886559,1136.6204869060562
45622137,1506.9345671122517
21500277,1215.1868351470098
47647928,2216.6997658348546
54496344,1544.18489970397
44268785,1843.1571819171752
75946241,1367.7768446030511
30459191,1249.3819095160302
15840319,2162.8479021176454
72588739,1718.532237792139
73017157,948.1486839824493
25420365,1606.0007269000712
55377863,1718.8583738200434
51370964,1518.497344879218
48905468,1571.197082710324
83191846,1733.916101435853
59334183,1605.2913098214453
94009638,2088.9846502752366
41721760,2245.83412502134
35401283,2338.235808549577
69685525,1295.8377935254912
84271975,1450.032069934266
95753616,1150.3408845713145
32526219,1071.653143074071
64532934,1208.3631362734602
76031822,1676.9429727700435
52468855,2139.0214166272026
21028902,2464.9791405375254
34108713,1510.0412907766065
84943048,1147.2919431365754
84439701,1831.9480023411559
16539498,4318.266210881553
24537949,1531.12214134524
19537971,2216.368679715326
72069403,1321.944387679111
84333546,2228.002060801412
11868598,1922.1691653757405
72165230,2056.5089350500193
86606477,2862.3615196141964
85432562,1876.0149788190222
53853013,1884.0572330841294
87319378,1607.1991006015078
32466967,1266.9867142208507
80519195,822.805590807861
12289146,1355.4371083515653
17893529,1586.7005236153004
76217556,1577.920706856532
27323024,1657.3858451254066
86557861,1650.6997670939388
37601873,1868.131478030957
43146250,1199.41017716658
51498335,1751.5171432926097
46939189,2223.5825457912065
36620181,2714.181360908193
59890806,1666.4360265565454
19160668,1238.563335408572
94555827,1503.3930599762432
73451577,1661.9568836208405
83828090,1410.8011374956857
92021594,1025.3574680276324
15822386,1548.5613764242903
57405310,1216.2339710570645
22671359,1055.288038660019
68101436,1205.3210782368444
66910009,1506.953515218405
55778706,1840.5402038907416
75120697,1615.5725789461696
12885545,1491.6345724060195
28604372,2134.364290198436
97297156,1368.4967481961153
18964928,1461.5495801344425
61244754,1626.210669725095
45178470,1509.717667199927
65250669,1412.0967917222006
75566313,1612.668149341596
25053248,1751.9073326032042
71082761,2752.720025358052
25210276,1543.7360594704005
39718089,2010.6174943502403
51364178,1923.6808056045552
31211994,1587.6604082744088
71509945,2148.3763624607227
98330029,1258.902050682377
22456435,1404.509334365261
56912862,2220.5080518046298
41548833,790.5012272990215
34760776,1523.9686038277766
54015943,2546.2161759454148
75943554,2357.346680137218
61847706,1345.1890759331484
79766441,1484.222474359096
29099073,715.2608931390703
92971983,2291.803084960261
77042656,1323.3464963645679
41355522,1259.0744012203413
37905258,1431.1583473146316
62845536,1156.9445619772432
70252689,2566.4983589252533
69012389,1011.7341490331701
55230723,1274.8976971714096
36148733,1461.8751854694297
11166306,1681.6143910915332
86661349,2200.383229849822
39933083,1519.42995999899
91301497,1455.1376570469986
84697954,1251.5476006743781
16890490,1327.477221130611
46638869,1208.3505767566712
44149767,1626.8866853040197
18897403,1636.7807797518976
77411533,1173.9186490891334
62885631,1920.4596342684574
34219564,1685.135644849826
69042251,1296.6450438848815
24137005,1109.3306935778269
66305720,952.6439286231837
17619455,2007.9030491520007
63065642,1542.6225258949853
43970026,2008.1019515941214
78870428,1837.174914884803
72114631,916.0034078557885
84664219,1695.0668634765007
25739422,1401.0919848448548
54038039,2054.8402151978544
55081531,1539.6046326343535
45672847,1634.869381504067
29734641,1420.039913652897
63805244,1163.6493945887096
82782411,1839.8323322611104
64705797,1418.7248676116476
59326862,1396.4919520500862
48549098,2772.407654989707
39570097,1255.5408527642494
98000370,1323.6064702926528
63674921,1872.8690908576232
16674336,1782.9606671122683
77063987,1512.5589784070328
67143015,2576.0084015361945
10570033,1518.939614742447
47185088,1224.6059418096345
63757190,1494.3658354992872
43453041,1497.7472998423966
17890447,2039.659800232738
34735493,1067.3996066922864
40580820,1232.9793639923273
84776860,1884.2654305435979
34883247,2276.460320985
75437035,1673.0905817442408
63198281,1404.494395182464
33289878,1954.9890068980753
42222441,1646.6953836914931
53518898,1374.3984333686853
77756377,2028.4100215500716
66266331,1579.4295979728681
75207542,2111.4065738299305
65741993,1223.4855869181342
30452290,1049.599865688393
30341625,1481.914139895425
10196118,1373.7943216260817
39997400,1478.5964155924307
42764498,2770.286148382378
93568775,1120.088113322272
60138513,1277.1789981738061
95863174,1780.4418545180793
92194956,1597.1644644043213
34979379,1641.5930764607465
71517927,3152.3418355169215
80092401,933.4538476135187
29853468,1047.8314744972547
95595164,2506.5480999168985
47277321,2449.417453358338
95111852,1067.0003657549973
49309773,1589.1840141153946
52060622,1252.2059913144708
18920892,1243.2380088610012
95549548,1759.0229984518326
28343921,1709.4063822301355
24575136,1339.247038305212
51405326,1412.119682523337
88024456,1702.1183267509005
61475538,1973.358474637659
86032798,1937.5327523337419
99829874,2025.3129924792015
96251785,1369.6254138233035
11235918,2206.9373418768064
41084979,1725.9833853534305
31949326,1341.3615553754896
88425482,1138.1852905161152
41724063,1257.1541446777394
24244868,1773.2254930363047
96443454,1667.4167886906484
83159015,1598.3713995682674
24632345,1564.9097220903568
44153806,1509.5979604210609
93580629,1057.3491096860316
53277959,1458.8114734583914
99759183,2558.535532350489
55252816,2524.989308914338
41285175,1374.7816267274995
73261084,3152.6950258895386
99347555,2021.610279605951
70567494,1176.9485263418535
76764787,1212.7010639021585
14328685,1864.1241300461786
66866287,1277.8371998199877
49679159,2105.244667025781
58671247,1729.3649664465363
20236719,1197.4526789793958
34585357,1389.1958555894398
45051453,1347.3762802191484
51786574,1526.873583579524
79731887,1283.9623774781749
54354970,1487.5974954141457
77833826,1381.424719453014
80242735,1271.7184737881983
79336488,3043.250250017568
51121070,5324.260632239972
15930057,2021.7913372076573
84864986,1812.2229927155981
97820091,1894.552385905075
76206876,1536.9383646204928
34508398,1220.6819490975436
15581330,1728.110856207597
24272114,4379.565715460041
45684128,1348.7757927740201
53910689,1626.7308198271346
89611963,1950.7954985569704
19439294,1426.610063039987
44476677,1326.1941297739236
72816714,1591.1824870182022
74817899,1939.9463989785643
24462605,1511.3833944247626
62629343,1099.0406037805055
60387272,1397.278669205737
60976677,1946.9104668836108
25938630,1919.6620129765572
89171283,1585.9194431834978
23407854,1175.5972826194673
84390020,1231.4387963862819
10131944,1670.5903228216612
61185673,1235.1051352211166
76507951,2309.868853697303
92456997,1424.62120165973
27091498,1498.836405824726
22015405,1575.0278834016265
64048811,1203.7219957680345
59963315,1945.4219987581732
99392827,2012.655693839976
52435285,1186.5801647448006
68018936,1298.0328713692766
92985874,828.1911715434471
19827012,1245.7231918919165
32076309,1190.8050127068602
74459345,2364.943509054866
59329650,1887.049853901691
70105673,1538.7493292841555
47359337,1664.267292948321
27991858,1450.0084829228604
36755663,1694.9878096053078
94560591,2010.241449843703
47944050,1461.5620985297257
49561372,1939.8825323674678
96160989,1179.4278672170894
67474261,1591.2770978086317
71965824,1862.6701752619044
13777105,1966.8253213780717
64739771,1449.774831865357
57691432,1582.0096538155317
21801740,2209.0237893067956
74352185,2096.618388930454
91521650,2203.9923957899173
64797772,1793.6924788043568
48820263,599.8643792032017
14791909,2185.812101904524
82868024,2325.061476409541
97971853,1589.744270051797
75654232,3198.487263771264
30725718,3788.545652032125
83442812,1869.6416809181264
62376431,1966.246072574519
45295601,864.1512939107131
44038407,1612.5727298284442
74138589,1650.1912473504187
78812422,814.4123588525281
57253455,2491.7109412050313
10109432,1384.1100461977828
70492234,2063.7791051099325
16499768,1417.6540801563906
29721809,1699.2986056105603
99970795,2020.655095998968
38494075,1771.3373535147605
13300921,1041.1241949981822
18255583,2665.5190747226543
76957329,1591.3258439773824
83103502,2302.1746709486615
24570014,1379.861693486585
19318542,1920.1837008126831
70614169,1377.5540492031591
68374888,1229.2214825033573
10546051,1376.263561754126
82817153,1078.1830920374637
26190736,1430.2363724521704
26227414,1296.3807847963521
55825692,2199.548506659751
65550483,2088.3171077326897
14872097,2306.019933485652
32405281,2257.3129125740297
37055817,1417.4337295772834
42617798,1528.9330280204858
30684771,1522.6201319675538
21842298,1798.0176708557217
44215525,1578.352549706828
54734331,1413.1096322343872
77244965,1408.7267069188506
31618537,1825.9190100837836
10912371,2050.532034529394
25284273,1335.3850466994922
63793006,1566.1321718872068
40346903,1177.5625995280961
14281423,1250.766102194585
10329833,1448.771818490004
58147868,1590.6644209858132
62215262,1241.3753271687394
11535494,1518.453676833713
55289261,1854.5008801550434
93054393,3231.7600863236867
15613905,1306.0955509667187
52346993,2658.249678008129
31426410,2077.670219423774
11924915,1312.0920800101103
83461539,1980.4971160292826
68351051,2327.5693764332036
23144760,1305.23708167033
97049626,1704.3961212314598
94895031,1210.9840847878004
14702382,1501.8890278707727
22232789,1519.4292533665696
14653500,1055.644462012111
45931554,1090.1624605997665
39099976,1523.9439513411003
65803003,1514.449296103901
56391701,2414.8732784626754
92222330,2425.0883779898013
93455198,1364.9671351954019
52410336,1086.903983173543
82423675,1389.2687930400555
25925356,2743.7238034885986
88622240,1141.7533562213139
37830382,2725.0073468928576
97198420,2019.7520024827143
21477504,1344.3076889581666
84142976,1798.5378358149483
96401209,1565.3675979677107
18047299,1715.5470846156268
25908320,1680.9279969600743
69709013,1438.5210633894108
63707451,1488.681098110045
68674616,1681.0927285429236
41246291,1701.5336167082448
93099265,1675.0497612776314
44969882,1472.7258436375714
94840571,1781.8893834085636
24428966,1568.5703790437626
73406276,1831.1184390186643
74093567,901.756108471088
55445678,1404.0064225529047
56770356,1741.2629282931673
20116401,2114.9758861764994
23989432,1128.7799390964228
77573883,1775.3109038887735
30955534,2120.258118026879
46007298,1276.5501496570878
60038151,1402.3105107758115
16169663,1648.668479910973
40454664,2056.116055289678
62049127,2227.637126649559
19821119,1426.379117858985
56611586,1544.7709019487625
55267084,1255.0503331415
55813034,1818.179455310867
23867957,963.4078666012135
90096160,1326.8592851806648
32751852,1459.4079303933897
21394047,1075.154662775179
80032862,1395.1440674037322
22418983,1476.7446845172365
52802197,1113.486150208533
48673505,1180.7377336220993
14195685,1120.3254300320477
22205138,1621.3761499559682
96628154,1489.2808236792703
44734813,1352.8988649915234
55802873,1664.4192563505114
41368275,1579.921377549083
67686446,1104.3750232440252
97989934,2248.4100513824515
65686117,1101.4349336433816
45591525,1797.9760007511884
14884094,1526.8416372862393
60291749,1366.878904934513
46418453,1484.4922468909256
30133967,1921.487300671586
30307611,1594.5136767377232
76539721,1665.936320702996
93325285,1160.818742888357
69825909,2084.7938732656075
10220197,801.4732352260314
34178403,2687.703294916986
67327944,1436.175224553242
58361366,891.707064193365
35080838,1255.4267769527078
24415695,1553.9531866142045
30354080,1624.503052994897
24117628,1791.0847806456354
62628994,1265.904210099206
51012198,1346.4073583324641
68125143,1615.9077621855015
94485707,1649.5446574460689
40172711,1593.266147015761
17647583,1859.2076606068633
94790367,2149.3739011704847
18254706,1496.088209516646
65733568,1561.6009536007539
58357649,1429.9092440959116
42289495,1740.0492557681116
15020288,1866.4290523879035
31419590,1465.1629258545706
37233713,1259.0265529513974
26330225,1556.9116458594392
73976501,1681.2382778427036
90642644,1047.1245571393479
63791881,2532.8343576540483
40102213,1643.701123720365
60203926,1432.2161555080406
36257216,1170.5792357505652
24119768,1805.1387503861017
30403208,1747.5141016362672
39737862,3579.83371954263
41150683,2250.5109524750687
99351268,1905.8505262909412
62692262,1928.0668676589187
72711178,1565.5334440475958
10083097,1558.7991714033205
65370298,1652.9603917773516
84388395,1259.576367918477
52114454,3087.4342125483563
74646950,1583.252093560253
72720701,1380.4149934748693
45732529,1508.000495769398
10509116,1899.5215253387587
36154567,2009.4076290133692
46124383,1812.1857119085732
27866730,2112.59250764752
62320931,2108.3492705519766
78979954,1443.9198961947006
52531638,2256.5118003803473
70662494,2307.001994170906
88174413,2376.5486833884797
21513664,1085.9137248946993
26546743,1886.6250102956333
89094189,1941.8243643995656
34006202,1166.260097922771
44458405,1343.026147293309
46102741,1944.2873847781946
80947937,2342.4688788794733
73456376,1179.913114463693
27640503,1247.7974135652746
66469621,1772.8287971302743
35504694,1578.4781835796116
24815317,1141.1318867447
58171289,1693.869118026441
18612790,1958.5095326867142
63428669,1723.1660763251855
57949817,2401.7439787223793
72876573,1421.4864172746313
96193736,2719.4763401231003
57932688,1900.1773205763282
61617398,1801.1664775705606
57513357,2065.417189691446
46336493,1401.4431106648212
56173102,1530.5121694311822
22210971,1409.4509643884944
27397907,1312.775360094881
94750459,2174.387354427068
23197778,1470.3025068818113
62692781,2540.0142305168665
94164438,1799.1849470551658
19395402,1607.9238359147428
94219712,1764.2439922546982
33491568,1240.7349313155596
67632603,1423.6135366953447
19852962,1910.8726105422863
73405784,1886.7671135088515
88192699,1467.2428686297694
29867417,820.9322106948711
84909546,1511.3674516657534
52598919,3066.8732005712045
86077350,1203.306130755747
43929538,1721.0891003191089
89992133,1544.0599494500227
33643157,1347.2857577395314
40190924,1484.7049208220053
97098808,1891.4962787926133
87635513,1640.8823055603114
16478169,2065.971193233439
79498204,2054.3608737303266
62568791,2458.749672859719
36457296,1485.7556271912313
29599077,1479.2791975844455
22644116,1955.922493638587
69419691,1453.3339358765638
21970018,1753.2012148756141
31666748,1399.7718309229786
84691804,1812.6082641538926
19277545,1627.6230914203989
78443496,1216.4436729728445
92759112,1414.3566643386976
49629913,1657.2497367842166
14874574,1202.0493605998795
61108399,1482.9172711762226
53618559,1603.6652959730814
46977752,1491.6366151684329
87695599,2236.6641516862874
68430793,2214.0218114874515
11606038,1596.6700528461001
52469720,1032.8027854209665
91726930,1574.8973978437762
14558288,1579.3631047143929
98640275,1489.963223929558
82918511,1244.161086369813
32992592,973.4884229135474
36930879,1598.9492345753902
73360172,1438.4056416558321
22281491,2809.9784267162413
33813436,1521.4944986899159
49300946,1834.6677267399284
56371129,1782.8285455238056
83899433,1722.7281285565473
25827679,1795.3647233729828
16631062,1517.3136111417236
86793673,1896.3104580949725
99689707,3087.1268975751937
69776211,1431.388018527818
55892015,1121.0488405291148
19716865,1892.1451469009126
46860460,2451.2594777149598
66143638,1438.262444040882
46241046,2032.161772642491
47497471,1711.2346850248946
38256243,2385.6702547643536
90078699,2201.0473262153855
66607961,1739.2027956432944
15632043,2263.535247617966
81498334,1703.3656853702867
82443801,1422.7061010204682
88411591,1261.1042805294699
18221799,1325.2277804665978
30242976,1539.3317554806622
66494245,2027.8000840726615
49287510,1143.6911243273212
83370642,1105.8852163855752
92348451,1170.324942834411
55790147,1751.377216553664
49423398,1815.6870823380534
39715763,1548.8177870665859
46440335,2082.0385022741502
78128236,1202.5864999741034
63409672,2159.828167954066
98873842,1207.7480681151405
34782044,1915.4435757753822
70391546,2098.2552757467447
76956234,1555.8529944530164
41544516,1236.606895437297
42550648,1174.6280635838825
98465226,890.2695245921914
30886863,1378.7667285017885
84535276,3283.72205942704
54301788,1336.8087328311944
78637034,2866.0937270184977
61387156,2452.5558702551025
71715096,1038.5024024121576
47859897,1236.1880887242523
59800013,1977.7633483121797
95293248,1467.1311748139808
11553772,2024.1755275805544
91107127,1476.8318415120866
66825939,920.8805339912866
33598864,2189.0555140081597
18818037,1845.8275446393272
86800656,1868.9988604453217
45209421,1299.1441776912734
99712718,1272.4481243148025
80320840,2099.5144766328303
24591401,1335.4481020960122
90294177,1713.9043207619038
14404076,1320.3630027074114
60829113,1759.4087046089414
22529505,1764.164036192496
59566170,1691.4023846299447
40149323,1361.9198110179495
40382936,1455.991030525867
99300537,2255.887436062506
44631793,1106.2235554621502
49450050,1624.8707829462758
62395628,1500.0974701555997
30879014,1218.4693223172037
85524688,1485.7539137855372
87381496,2236.745805836168
66258576,2398.850740127121
71415255,1761.430030759579
45179604,1776.6756833101945
82676573,1939.6630441027364
14654038,2041.3168627556845
57261303,1938.871443132806
69037727,1795.998403592244
78583522,1103.437139605071
49703078,1206.6222188525933
78525136,1280.3093192199278
86407509,1781.8782578057794
33024193,1494.8425134984811
38535158,1649.5398401984835
84179400,2045.4603797879263
24680896,1270.6305475314673
42024082,1664.704459581118
31137878,1220.7204211083547
92689780,1466.032244245078
93487228,1410.4926011345108
27421195,2870.5109619600107
27611928,2253.6192384427477
25261420,1809.152034615589
46864780,1833.6886082696333
51909487,2079.7669192426383
37913958,1519.778568553661
74334619,1699.2458349970502
24422548,1834.0999988070162
58508595,1390.6244063361319
25087154,1812.0200087866153
76806766,1391.7828301617724
27262464,1244.7661092163255
73422693,1350.938078821715
58175270,2801.571676882588
76648743,1736.8301072610914
36026120,1261.2677448694062
87485989,1925.4973046629477
88798255,1346.057845688068
85293030,3457.2839340461715
87029422,1296.0456246713084
72679949,2108.1671601339494
25871017,1119.6365931372889
61396744,1425.1475906849068
63197784,2132.685135973351
49632353,2345.867569499367
65625596,1277.6376969041492
86795596,1215.0053875294825
81433856,1082.8545427835752
87476873,1397.7732129102642
98147948,1117.9354775943725
99212421,2264.1448847908878
78236394,2162.2581628612006
60511137,1849.5529249505205
37030090,2088.5213769520947
47227545,1704.2963645454167
38980163,1626.5558458732605
33290320,1414.669837319205
57735630,2436.8594221202775
37888473,970.8251308160676
54251453,1297.8962245740931
85556127,1588.3352958688724
26903779,1765.0319592360754
91692809,2425.4099896558746
32446203,1838.5429481650292
34350235,1911.2842055015838
28532174,1538.6886925207434
59869496,1306.9849574093232
37887202,1884.6689776383025
54799254,977.5714489639744
44298051,1473.79100815035
89901990,1309.244045419958
73292166,1791.4834102820703
21775362,2161.0589582483053
36884233,1673.1697563187458
66353025,1904.3096004690872
19481125,1476.7232543590167
95336492,1160.6108308529474
32400462,1637.5746752270343
28975228,1712.1056253976717
11320585,2191.225192456489
32162156,1295.0312088153757
88724326,3548.0904727759817
67650053,1804.645111426125
21038175,1559.827477900148
64836379,1490.5488533325351
60827779,1577.5380685253704
88997264,1887.4600202212353
44622902,1409.803784273648
85670106,1407.3966355958662
38945693,1453.1434223342665
69337730,1535.695116506106
22890345,1996.8278069352368
93106331,2005.7947217309948
56257607,2423.91855040854
42845025,1671.2173486231131
10678470,1527.6639452744423
35975743,1819.1501964062386
44298756,1580.3654272004514
66670226,1540.9812406863011
37883517,2413.9503760465414
62831558,1138.5946504639733
25294874,1831.2075909068785
34601413,2104.8173589012713
61300626,1885.2166754602608
63694211,1488.6275095667283
70308634,1855.803775506291
92846964,1626.1176491369251
32093061,2187.930328027941
68496425,1231.5889885441843
36724576,1635.2974129052993
18988842,2016.4269272170552
44304522,2215.835956823802
91192236,1405.4530959361655
27105876,1539.9884108071092
89869414,1041.240297132822
45877010,1925.0268525146794
24146001,1083.6339693602054
23395701,1387.3530709741945
38974456,1524.8848406543016
57842607,1250.5752626116155
51687346,1594.4495531798195
99288080,1475.8803220042955
58963406,2041.6517254083299
29443260,2080.4072427296232
62626422,1579.5060315993405
57515098,2045.3690590774793
61739694,1353.9134215574727
27459512,2106.2490440612382
84889146,1416.9643610442986
58681841,935.1608385490797
63593417,2341.4603770285366
33073018,1406.0590421079264
18775917,1777.4560783926117
38962045,1957.5987283023908
67933426,1379.4263385674712
54603681,1705.9204880649859
83399485,1353.0553145512292
64199110,1796.5663559091524
82415208,1550.6979497803827
87961803,1880.9329161604637
44853010,1584.8858355860443
59952980,1629.1740104618875
88562279,1086.2859095127997
55858413,1506.9501283646578
61198975,1559.580803736355
37448315,1831.450865945919
19525923,1282.881273301416
35026025,1797.7121135199177
37029910,2461.1635353924266
65651564,974.2819151118456
76546746,692.3132308653854
78805012,1545.08562888114
73332787,1194.3467456391854
45937289,1667.2357295826178
99048249,1196.5576286548294
29475704,1314.9273295387604
93694996,1384.1670808851525
18159173,1852.6233815795335
50435273,1219.187084562155
56812269,1630.19600579464
10385151,1574.1223282573965
74541267,1919.4787961317654
16719195,1360.4356270169828
48754743,1410.1811012905637
18188655,2165.909223566221
32063627,1908.4063678354855
95749552,1694.9129369274274
95191424,2359.9983168833633
79363744,1216.1301857846333
47169927,1501.12507600114
77108983,1264.0525469586291
44823862,1063.5170534630856
81122519,2751.361990585313
18168723,1314.1127203685267
59737458,1537.0493545068384
12477444,1529.3887319908015
89609832,2229.524961589227
50913652,1261.1694631997389
42856249,1180.0998751500977
62711409,2342.793392583617
67374114,1719.2627321308835
26708384,1842.6516308476278
57463109,2074.2951868742584
64273952,1182.6945086432138
56304545,1836.8248217637922
82795140,1842.9893243509212
14007213,1782.2231510066551
54415843,1621.6757250768035
54590957,1917.1002204564531
67350145,1405.515145760222
74993313,1400.623685472588
62432527,1986.2609627622983
33713363,1850.9934752129257
80390114,2882.541326897426
12723951,1736.4809054109899
71416124,1321.701981250797
72440899,1513.8682982194387
60115717,2758.0692349097453
26317947,1684.0037677427529
35504199,1290.5913212714026
30187539,1537.4016255881675
55346293,2385.376334998614
90516502,1195.8992222900988
72045347,1995.9653227219153
79850408,2474.0243735575305
20443404,851.3898585142706
84501791,1531.6274209685375
73999320,1569.354621154905
98913461,1338.1963398932162
37225199,1087.7830773094295
16193655,1794.4694721314877
72620298,1509.1617885319026
64188152,1429.8848035843428
67784083,2001.6740025789393
90552658,1616.9681765187827
80748000,1058.8276230128472
38083778,1863.5551612899078
65525497,2210.227754892895
19381953,1305.8036783447735
65723090,1681.7576075058823
76151738,1918.1735691677807
48225827,3008.6103405531994
27357384,1584.750767752455
72090603,1652.6469926554626
13739096,1698.1457557237113
42442381,1626.2926124548044
57561155,2250.0121039657183
35942827,2996.6938823972305
89196128,1616.6029629741167
90585757,1418.0996594588642
28123361,2080.373802139171
54892166,1101.1985059998822
34399967,1275.5918110093553
36429013,1661.2725561476338
87308981,1185.1588745997078
99529719,1516.6456280032405
22093311,2258.5413264423046
81263538,1705.6424902071708
71338939,1417.1589952602988
26758105,1456.6774689954761
97028969,1525.692828072254
64463656,1563.8033087090932
56099433,1842.4873304995733
85325718,3634.8494505081935
44166454,1731.0061338459586
36489810,2206.3476808146743
33207901,966.6709410863126
27978007,1729.9801561264937
81479630,1283.7652340927577
51537650,2321.0191252401555
45619520,1397.5620492063947
38111175,1718.261600413836
52128949,1236.4081892547606
25404819,1855.8186669368345
76230938,1809.0035823700564
35633669,1914.3353170185308
17486296,1702.122116453621
26823352,886.4348695291199
24234066,1768.9894487566864
69609466,2160.8718471067095
44500625,2026.3077430421408
25810885,2328.965035254687
47095933,1450.8041194474813
29996746,1617.5286069773576
26824387,967.7327994328659
22560248,1808.188841488815
67043419,1437.299420185617
56128877,1678.9042061242603
78532613,1397.6889528480124
63334626,1631.1386557408744
41942475,1352.179757717749
71572581,1173.2033491864452
31224917,2439.437272697807
52061385,1449.9933806310132
85648776,1194.8487891762638
89601046,1025.0817967679627
16315474,1645.0639136125908
90885644,1415.0512785511141
69988016,1684.1540305224144
55363982,2985.758549523838
15084841,1251.2196414988855
85269120,1989.660519101897
31531393,1058.5207053344288
65511292,1980.6433468632918
76207920,2784.3586916421473
25765261,1007.0231178667146
99628783,2139.0586620523027
29123949,1566.671254176661
84071477,2771.356754440646
55408575,971.8806420694896
18563235,1924.274461507963
32862824,1304.96244312788
87247913,1481.9555645905684
70811397,1314.9443778537557
79135010,737.9047492814498
95532555,1840.5242791870119
91619153,1915.9735628113206
85185899,2186.0152382503375
45503458,2081.1506553487366
40572975,1459.4758864950131
89004010,1631.7493886724976
34562042,1006.0891243827499
63463440,2386.2711694363907
64460362,873.1541652299873
67250925,1474.8889780880213
14939721,2530.7445812720525
35310686,1530.3699946353147
71187848,778.7976420707245
61524357,1006.3737779578211
36782194,1414.0977466643221
89842273,1131.6197719408888
20614858,1470.4961351866225
68048266,1209.7563576647556
62462117,1281.8262625899345
72115510,2584.762913914041
14057421,1182.8217952736686
99878320,1687.3979970699993
68934495,1716.5284303376038
63897425,1396.4855300504832
30823846,1636.858818929211
45856506,2028.449109857407
36318458,1816.1925510284111
54709816,2125.8705586135534
58956301,3138.1216785561865
61193977,2034.9408316334461
94916864,2147.937439286265
95563649,1456.4157698058434
11808364,1397.705872829356
53108582,2215.6400586227073
37502181,1108.6784830698941
37996385,1259.1195849607896
53563779,1337.253745755194
62612706,983.5567199135422
33233317,1055.0030429581107
39285196,2325.120938181427
12469660,1552.5596690377947
10086272,1934.323327969645
61556619,1012.3829499507201
44239580,1810.2851869740573
37303458,1815.127246061708
69742763,1426.2222612233181
79252407,1577.1822772706296
55035288,3000.1881220857567
22573833,956.5707366216469
73616028,1881.7456897906613
72379751,1406.5784080030694
63515051,1368.7097856664475
43605274,1169.4003581437264
94526159,1827.7878095854537
87017405,1913.1084036047096
27785122,1370.1188746685048
88986010,1493.7736520504775
83705830,2825.2512335677784
19294754,1437.0483155641969
10016581,1835.537315882772
98337631,1744.6324081252594
96284977,1723.0698932601917
85120493,2088.8313739316545
76912038,1757.5422791180379
38273802,1492.2116856714488
31373003,1471.1291387941774
16311364,1529.531578168751
81773825,1287.4108280942053
85451822,1841.720034175899
83837897,2294.804227049548
79840167,1260.5086110349484
10053165,1694.4727539131195
66085962,1612.8403702917244
74446354,2681.917393718345
71248291,1315.5561643501956
13527988,2366.085660326824
59655162,1396.0691832149573
81270080,1059.3511948303399
25459024,1858.3325915570592
57124820,2220.3391693647645
38744724,1540.9435031814505
14672828,1829.6601908877965
86208199,1275.4648144556554
60804234,2069.639711055915
26637959,1380.633705672445
84505191,1869.0989973692629
34949195,1764.1673718358618
18236230,1778.549798818481
83633670,1910.8407847647495
38795738,946.4892053400715
57060441,2217.739995762603
63193750,2701.09922844387
16584196,3087.952796981819
97470867,2107.5729467754754
57117308,855.5336217321648
28539736,1469.229147428903
42854708,2620.103127844579
74612987,855.7132076486553
18574187,1119.096139190669
82554201,2002.9592520196547
63502035,1655.133529052352
91862663,2917.077191090557
92211122,1719.7685459045258
31056808,1694.5221075240133
16943964,1363.1183784346515
32863651,980.5103799447925
68176876,1523.3919307999079
49131404,1089.3461832670073
70277995,1301.6367226685065
35494136,2958.9062058629497
81234980,1842.2944016516128
38613978,1958.7446649311025
58078556,1503.3630006554213
44540392,2631.70692545739
54581831,1303.0161858848728
27711464,1287.3051233508447
34639609,1557.1711423577076
61465981,1343.357337980382
97434739,1917.5013348608798
11115465,3061.468977128823
73204702,1776.3507679638803
43122014,1727.3790705705521
82465915,888.7625409267013
70336402,2494.5911248059238
66860305,1718.9942024886282
41500458,1725.941156415159
92919391,2317.0134869563162
99618084,1506.7380846248907
86909460,3510.1230300498364
17337355,2372.046638907179
42353664,1187.4509751480273
21765685,2029.2951387072378
89088918,1156.6608539890171
35899962,3170.5509434464666
68684318,2024.3199061875691
18484780,1289.3050401547773
87388388,1559.7898321656953
90094211,1733.6430981271317
16804039,2211.1457939039474
91010086,1464.8464230669304
99469868,1635.337931697141
37545302,1830.738785226718
71878464,1701.8075881735065
21183040,1974.38174666484
35304073,1910.5114653084647
50348670,2173.2820977360698
34230931,1179.7845956227902
48867425,1663.2556751486964
35018884,1392.380185668285
82792644,2947.7754703238916
55638604,1761.3475363683942
45618589,1749.8957150349042
94996859,1143.248747883435
59711138,1280.3405343450056
20008628,910.8479785947328
74210201,1796.9977279948714
71592370,1735.5441805190262
91112168,1744.82666356898
86979588,1898.8302586861655
77491019,1703.1053007946455
82906889,1651.2258797184572
47215201,2093.5492702840093
74482354,2296.370008846631
85248466,1468.1313812329697
48081067,1982.070585747774
15387364,1369.4635792965419
49479914,1568.0579316857609
67144063,2349.320637866257
21546784,1873.529671550544
33690767,1412.7213355761137
33115846,490.3615446769202
61562965,2076.2154923187522
39809818,1886.515492346594
68123009,2584.902887117425
51851996,1902.6292602212936
14592737,1285.0240645629733
53703850,1689.2121877895258
32305458,2049.8928747761147
15802272,1121.283359824276
36113397,1575.7468866912877
10490484,1912.2621725938236
60733954,1713.1110188459243
99162691,1115.2357737595928
93098807,1277.6886656149393
40838545,1749.9665026285247
11051825,1907.9063886144402
82908690,1567.220867787293
71787511,1753.8042082011166
72823966,1549.3638056476489
12980060,1848.891882646868
96086415,1527.6962603022494
23697274,1902.5704193794643
51614059,1840.9638900996413
78779574,1553.8742040455493
95241308,2742.4996595514012
17643222,2503.1431218823063
93263316,1693.7147805624395
37302631,1299.6665208997474
87271886,2093.2548305328655
55736876,1818.9673418787759
51594702,1909.7042695535672
83945766,1076.3441576889995
79078313,1224.5173302274225
31277810,1505.6686655804338
74965419,1892.0791488013151
12557472,1396.8689772288812
61610958,1497.9969005514504
87565891,2574.8086811487756
69835471,1674.5626810908948
50409416,1384.7988404587286
77449547,1987.8022976593209
97554546,1244.7201623949065
15981479,1676.3593147902016
19522006,1830.9895320162964
27996044,1635.1258378602802
41161764,1689.0169361176158
20740770,1568.942081050803
70042803,1655.6397626780533
52210690,1269.4807933674233
81657059,1334.659157191726
67733763,2305.7832537450195
19453777,1379.5815369112208
76648543,1814.379993828469
38569009,983.73606929881
24713941,1239.2624270745562
89660454,2432.9509394011066
85740410,1573.5020838961107
86257801,1425.774484777094
86873805,1593.920147714893
33399735,1775.638285089473
37535534,1236.4262775403517
27667456,1489.9286777673456
61581329,2248.7598207657766
51263630,1044.710224373263
52033053,1392.8924219488624
90888218,1434.2814257323316
12546179,1963.9093323322056
83093814,1480.2983778118612
46297699,1280.4851076168034
97044400,1950.8449254761783
31763919,1316.0154629057938
16008849,706.3601417213979
51084945,1028.1138927323846
59957604,1602.5090818541576
18780994,1308.625716622823
87997537,1545.1497547631557
45685391,1687.5746958932746
44441149,1457.3585312886435
14178311,2104.9403079308304
43522500,2303.5793766448646
91025767,1611.5925502505875
92328854,1797.1299209197998
53582398,3121.150421052129
79088536,1093.479127012735
46193764,1264.7338996246008
84800487,2247.127279527418
58906346,1883.6785785397587
16384425,2090.33568239509
31314423,1830.6605719504782
78713693,1343.5020373463076
59579059,2713.2333036393757
51309878,1659.3772729076338
18367921,2576.508197185468
17963218,1334.2658709128868
63773516,1718.8082994797535
43820904,841.4334631108385
61844633,1562.1585017810917
97433520,1956.4462156649834
67890378,1366.8392036037296
84770654,2005.7270933802222
56388014,1117.8319718298912
48498606,1308.8265450234835
96139568,1218.1594122063439
23184000,1828.8500883499519
82435682,2971.942105063912
84725417,1179.4822797448583
80398008,1202.3917875239702
21408816,1937.8315070884623
40561414,1071.5326591753205
47526789,1741.9122157706024
34202671,1623.6721896022527
47410501,1470.680194822961
18437030,2117.185510999293
89947527,2135.5585006752262
48179652,1183.6474258986607
43574355,1270.9815949319363
93441626,1407.3543816141666
49833156,1132.0101872106122
27436801,2162.5325549492127
43212239,1720.9199225539676
57781002,1896.7013615221736
80452756,1751.1670302158107
69547198,2366.644118862615
92282402,2331.47526076386
60080700,1887.4851030205457
77220496,1153.4392418070843
54095090,1818.7370569612067
28159066,1146.188211903409
76298460,2111.1512804287286
57334293,1727.1919966199237
51349452,2598.1194503540983
57825954,1344.3659673817215
75566691,1436.2252776922592
21994482,1606.7587763193071
15472109,918.3878979922176
74524636,2276.126266695098
50954892,1671.8761291075123
72834699,1593.8807915916914
62999750,1445.0549431820023
33123268,3882.5384046245526
66540114,1379.6459738023316
54002928,1319.9032365238154
55085304,1581.334479418088
22151066,1670.5298758490012
65334729,2356.327156814753
30865724,1224.712552427218
90388666,1372.0860634962796
55605064,1339.2719594076973
69408128,2490.2608703161914
99473168,1816.3498266347538
75818797,992.5336420998711
62565025,1646.3107616163404
75143116,1481.0736801823975
47696923,1800.033769410749
19416750,1746.4257946687596
22855194,1932.9495751032619
67192782,2150.6416837483457
87517475,1549.8041328065717
56350089,1757.146289748451
34134972,1925.5940043732112
60576347,1951.317062708756
26319072,1341.4308527378248
88893111,1287.2007699487722
68033382,1938.1346031547444
94035885,1337.6863608989906
81187160,1592.8484386770024
28315736,1326.8036022989236
22692256,837.0987120689985
37267592,1245.8257053614807
91150814,1805.1653966895676
26431305,1072.3878616596646
87910232,2612.871731955308
41955248,1575.6201810237617
69743430,2344.839101070589
46703259,1623.1957429931913
31441294,1573.663147348904
52540774,1984.2200971245702
86506186,1581.1539074556108
59584539,1294.615520911173
97314977,1720.1361934513568
96666615,1538.1008784303488
79683457,1707.593531793344
82209443,1588.4519133427098
28258830,1797.5512670189692
42067661,1744.3969404095783
66297804,1097.135360839749
16941404,1280.2900845347126
75005309,1439.5930069783287
24570745,1886.7095651914394
86113362,2000.7846146671402
17047985,2140.7405689766483
65773050,1486.3484406623595
58445540,1346.195541657046
48523637,2119.6745953538457
95993557,1729.4640897989975
88761628,2638.34985565048
35281082,1718.5999171818705
63427827,3226.803869824469
38736916,1453.4665691955638
86580197,1808.8403318142591
23112535,2780.808573476722
70370352,1927.8028882744625
27855625,912.9593655802172
60833031,2133.4046148610973
23047956,1327.0681554790233
87351286,1584.9496193285208
75886001,1131.9292374673005
66301086,1735.2119763590747
60935733,1254.2091668739756
98414359,1832.324920941324
93169508,1748.8621991344305
77985316,1382.9795343500427
22647726,2354.9404860409823
39865459,2689.6324833312865
81994206,1301.9897134328426
62822262,1975.8435044028197
85331429,2811.195525532653
75110630,1151.1965096250692
51138756,2053.12532435332
83491442,5183.337867670293
67891583,1406.0305433353574
65475315,3004.83513246205
37180335,2724.319361622959
53617145,1778.4154109386664
66644091,1342.4647817147372
85685863,1379.8187242168642
67756317,1618.0972029909212
47286828,1291.7303689784212
30798257,1705.3312050194809
55429056,1437.8125239924973
48423935,1373.240622861544
70215654,1604.6697089548256
84995114,1628.9760839532732
34191374,1163.7228006073888
94424055,2959.905403299923
35266032,1089.807711879544
10282778,2057.9274647266375
74509894,1494.453051084498
62379565,1691.7361699655955
69295266,1187.2441733612386
19487319,722.0694868436159
80523155,1795.1087045312738
76258438,2672.437410549712
15381648,1503.9629610036004
76313330,1582.3520238758592
67909709,1402.7359057348053
94172578,1473.6315239462645
73730320,1352.699497431975
93164433,1320.1739701963916
47160388,1034.068567732428
39990609,1772.0408086144944
64566990,1520.000608808086
91126842,2462.7150498232704
52824809,1681.9084353600247
57254599,1501.3519853552984
38718331,1221.2694776250823
86095545,1513.4092410476808
47117496,2349.555629210432
38398092,2033.3259845047303
35904079,1012.7950168877588
90919237,1211.0337621719195
56102015,1162.6019860076108
71540566,1376.8078283805446
10011577,1464.770293501003
84723499,1883.3288292515138
12437858,1334.3752210549742
55600884,1457.8185163722399
14903844,2116.6641250608363
79656066,1416.8797064634678
22833793,1192.9344389658472
52725368,1516.4801485936362
69338616,1966.261338457787
69512258,1519.8933762713834
96249786,907.1332509379185
93289839,1622.8552058458351
89525161,1757.0455585849913
25602400,1584.075571882126
82687645,1624.039771772978
86466057,1686.2741226660482
31039064,950.355089598254
38126410,2423.614761660492
98941268,1946.5272815039768
98887377,2237.358076247
19069593,1350.8620870888335
48991500,1291.2903214211906
81340729,1300.3720189015098
17755803,1338.790020297583
28332754,1203.5921702024075
48710415,1593.5626767582453
13552122,1930.9490416717874
67175252,1879.0247714992422
81401006,2249.8988920808742
87569420,1456.766519607369
68775804,1796.4981400604925
51303767,2299.2764312842937
36907350,1338.4775792570972
11852044,1202.2330214395515
57122012,2002.3744263119177
42764646,1446.138584960599
23299341,1195.1645266445757
99527596,1643.209101748371
97393585,1305.4361905972046
43578412,2564.0534689857004
98294611,1801.030897125561
30924809,2023.3554524284466
88121507,2001.052793967831
81094653,1779.7195303413475
83948197,1888.9179583479163
53707208,1555.4663176563097
72598207,1926.2015946339557
96325015,1405.3001822720096
32527392,1258.559406008514
13367283,1592.2673051582901
70926441,2057.1334548273217
14507496,2708.715831745126
84516945,1556.9551951628796
17478153,1360.6698263008734
83347951,1193.6510366274597
42507501,2640.3578160159987
54322410,1357.881288377189
51129418,1973.6955673188354
92284337,1082.1163425560621
56191305,1131.4953764622392
69717201,1389.7335174828543
77803958,1636.2125197830053
30868541,1008.6544129498878
21948362,2171.747458669582
64597726,1390.974007210704
24753315,1363.935682273294
83137150,1173.6436062198704
87115344,1639.4420248196911
99984175,1671.3475166734554
78503238,1561.6063530485778
56241324,1915.658999588571
44979606,1198.9330058955097
73782771,1776.5675434214209
83259646,1667.8740926244775
83615385,1303.294321112009
84238097,1344.933807087629
90104229,1870.9911440972699
47165230,2255.8937723780946
90052115,1112.1519879644761
29318397,1752.6023492460263
66821977,1863.3531713071534
74914365,2846.71416648408
21821045,1552.318768404255
78077361,1219.5607169576126
11290483,1733.3189042180918
18150280,1583.798292477711
97190006,1337.6345559799647
23716973,1620.013086417732
22402268,1905.9071691458062
22495547,1495.3336306331855
62732805,1322.3940657086796
35149813,965.6088115415307
45074208,1486.1420710374755
16930048,999.0639085529077
37034316,1247.6482374337218
41257506,1186.6257882960927
37119194,2906.482350434885
67834562,957.0377798112349
34524417,1944.8121678140167
65917034,1485.553904593509
89187031,1336.5658149079081
38918236,1825.8619076422144
15343670,1570.1504090838164
14075655,1400.61356192881
38174910,1958.8786381874029
58723158,862.7298200392565
60249533,1750.9493252272412
97281245,3167.023849639676
72949298,2640.2155505821884
15101045,1215.9607170212234
28123842,1447.0609902442322
79777819,2601.2241435109
49207880,1685.362545634636
80546483,1663.981229237159
64032695,1449.888472519937
13192282,1426.440015730775
77309020,1667.7173454058704
61977302,1643.1275929336266
97344057,1648.3504673281636
30586194,1434.1717185784141
56677229,1650.993239216265
22130117,1253.8550432488955
40261245,1846.9910196158837
30166032,1690.6342362919186
77089984,2120.63342190821
26878900,1310.282541203905
61371436,2086.856013673668
42742062,1818.0917901151447
95339974,2525.7584947732494
56107946,1693.1728112621875
75011328,1619.44433034384
72662754,1409.8737468855861
72203106,1029.0109778647563
70496852,1641.565988177219
13201993,1521.8470673809163
78164844,2090.7246591374974
59342403,1546.8326069897582
94540895,2048.5470196561773
46539631,1573.3087193476117
72239923,3070.7938922108797
87927143,1522.1945313416616
58112642,2051.590904248462
46348606,1106.8193066113968
41028863,1570.878405611744
24368370,1395.8847677715435
29933781,2458.689168518087
82791847,1694.7113671471063
96015529,979.6572366906413
54561874,1537.542705025492
53184693,1068.080578795889
76671373,2317.2542926141386
63611357,2123.5623124768335
80706420,3590.049972982839
55017743,1956.9880882978728
80689892,1768.317081256617
84469446,1601.8577174549625
23226721,1602.5465013217224
85084580,1470.4657712709295
80669002,2198.959030647101
65745002,1699.9181405345632
89007400,1579.7757294528164
29824422,1933.2094087379767
35775431,1605.5540649453849
14074630,1219.6845771087649
72325201,1400.1778340679175
23874500,1570.8811484444018
37300173,1745.8412319664349
33493494,1876.718410432202
30229764,2670.043227538509
43966954,1999.9310365769459
27845488,1552.7970956026545
37461765,2003.6560221327375
54994083,2034.7656732124394
73747516,1584.1002033300394
41276058,1210.0581286417646
55912598,1378.9390548070012
60686267,2198.2521822964472
32726148,1777.0566145843356
99279088,1298.622291830977
28728541,1541.463744391146
13858737,1561.9050502823172
21895570,1900.882519872596
76323759,1677.4949762660033
79038940,1108.9326495094574
29272847,1334.7351616594524
98713132,1535.7094209820366
92394953,1697.0708021752978
96580365,922.4851166668255
44481344,1220.0050459553022
16420037,2213.062931581877
93921984,1582.204728823039
26481610,2318.397145933469
36292815,1486.0623660317876
77806189,2019.9119379436931
75958945,1227.4200351725829
65456150,1595.7300720447124
80743824,2340.642906460799
49966934,2236.153459529465
86026791,1393.5944261608627
85816309,1073.5236764140077
15568874,1949.581568468021
99556884,1730.8360669066374
27514144,1600.1155249328503
33950340,1653.7365792887913
90674412,2912.9653794372225
31688776,2103.9280641486903
58380703,1400.7818919534452
59666638,2196.024891794873
28858647,1744.7639616532358
96281488,1318.6278590029583
81757957,1981.984692838598
15387606,3013.473818003141
95978588,1163.8669685413543
38876766,1530.5797270155424
97177476,1576.5218500245549
56304916,2200.4555516355276
94447504,1537.4599433073226
12858830,2135.3905145189146
29325031,1724.857882906328
45137864,1243.5916512272079
40574206,1695.9048390620806
14671172,1244.8458238418948
79393183,2229.7478028790315
73490914,1132.5988952002417
74160460,1343.173645921588
44164617,1049.4265053745435
82646950,1897.8647950933716
13359174,2539.40105787415
75134927,1072.3604798180538
36042465,1312.2620845930796
83839627,2024.0462133612148
23668396,1855.6697276593445
75299261,2349.451878389704
41480775,2125.417492465508
33690039,1964.092095372322
22503085,1427.4914672894959
37466667,1331.3723000927198
14321282,1396.0830420061882
71351933,1784.2700732450155
87081502,1116.8322607825037
65472553,1551.2225200396829
99213360,1736.8920146727269
10832464,1317.2175901192493
51819797,2072.5045612651156
75955259,1904.212088723831
88647663,1631.7345848310727
48629803,1450.5022193968814
83286245,2020.7616303855614
88766577,1219.689081513721
92941012,1634.2993799190483
77129657,1830.8393094375444
98212477,1469.9733785779256
47578988,1280.410108190562
50209960,1516.4273261318726
34219777,1571.5316304595253
79439231,1281.387871330785
73635146,1906.015754215249
64910994,1677.9090278163658
53834693,1036.8639423377788
11363592,1951.0753448517814
10873772,2783.4155075146336
87767702,1930.679235469894
23454749,1475.1085851619994
58196808,1394.6468245065857
68491285,1749.5255211433443
92242279,2823.6630243649524
33507598,1636.2822547426276
31155680,1765.8622096401327
69782815,1316.049830432265
99510246,1697.5423417136194
76945883,928.3316052837265
17094345,2105.745104235753
46337525,2114.8869049977784
28488983,1170.6185032755511
16761031,2876.0981852384975
79032271,1109.083363695579
62295468,994.2083753399841
34239247,2016.2118128559375
13382072,1517.6318205573814
22594211,1838.738189730603
57247913,1194.4265621461177
91685716,1571.723703197185
17466502,2036.949994295181
33964749,1817.6956584127681
51427608,980.2912597935807
24310192,1170.0420392864507
31116680,1640.2472195782013
11417356,1905.3227773383308
62762079,1385.1164406690946
42671255,2068.457281721563
96926020,1755.3288817013968
50275050,1806.8429117897779
39760605,1479.4455365358501
74898826,2910.7590619443154
72916922,1347.6431546715592
15943032,1335.293466414963
74582816,1799.0585654043255
59875250,1970.0153673539517
80790659,992.508853103385
19888418,659.9504350821514
31588130,1030.808509498993
66158465,2155.4739751459438
18800645,1661.9857346706629
64505218,1497.6418810104237
56056799,1234.8130168074213
10374837,2090.3586893581364
41300143,2553.064954897176
78621253,1343.1616311344826
11141195,1571.464400539483
33865847,2565.792207196704
90610974,1055.4879562932035
98930552,1649.4180455541252
12727530,2229.4297081353566
52930535,1580.8682638510531
93753865,920.2479821601912
70595210,1803.691941222983
86025280,824.0876476800415
78663509,1681.7259191570747
21322626,1428.8398554300588
38172344,2122.429490771873
12467923,1913.8409908267072
59832255,3823.6851908679037
60019461,1764.9995641589956
36274445,1274.834088853483
35417851,1376.5837270898828
24997453,2992.5495615062946
83094532,2922.3983706687013
90174488,1691.1075604380287
71319002,1162.8704047999997
29621396,1406.90142858547
10011880,1514.5706103259356
17190126,1338.32119974474
70424510,1599.982779226391
11417531,1294.1476046158052
27554957,1689.9131949498505
13689480,1131.495341200673
69613512,1508.0600020251748
74318773,1813.1913905633048
45221034,1576.473686175183
12200305,1344.092367880191
29052499,1902.7741499744695
91168920,1920.4466867652059
99587330,1049.2365905745023
85493546,1455.5845710928627
36510260,1616.3366825027501
40370308,2037.610677127365
89123563,1456.4006360043522
68894033,1323.9100923863184
73938236,1939.4164175249687
25242707,1216.1056061207098
87339346,2233.0212721161706
34182148,1174.3499122080104
55488547,1345.5565211265005
58799207,1491.799721406767
99415472,1457.6578274888611
50374353,1791.0607870507565
44632960,1279.4859596409788
46918499,2217.6247998637677
61219752,878.3836010323033
57928854,1361.2396637288534
22536598,1299.4230027516523
69936903,1396.5999423805465
69696012,1249.7726160635814
75807455,1390.0956007575658
31557332,2185.872651068202
98503124,1097.1186693263999
45347570,1659.016988315595
91321804,1805.9622524054741
56392111,1806.6531062996949
86308272,1098.1917652944967
64596791,2179.2280051960824
80652734,1777.5402252541792
15067372,1809.1640203874294
19485124,1570.2387857486106
14453004,1130.8723470618759
26285533,2355.0833933367376
92838656,1573.3904385244246
37408293,1663.291466437299
44619550,2061.880357809095
12229798,1356.5545571549098
19471907,1354.184281662226
79387412,1132.97146806518
62896852,1713.4131683015526
45934349,2310.903522907567
16860511,1739.5786294766672
43506983,1495.9897435559537
70740306,2083.527595790871
92814410,1365.7615351698573
42104710,1789.1878667475178
23656647,1249.7482316952687
16622582,1677.1738400478532
91730318,1456.8935113271136
71502047,1604.0246576350053
62198081,2713.684559163202
35586426,1572.5239129949698
73159054,1277.85658337432
72932579,1384.4982465822427
15860553,1675.1247827085128
76499202,1240.5926872090367
49147306,1130.4190102715277
66173222,1464.3196726866406
36048465,1730.4951190591078
58226162,1689.231156943468
75348253,1345.4715466071887
29406516,1509.6020601236476
30120831,1334.6410633968253
88886135,1516.0085705908805
90716300,991.0649392743603
12118186,1660.9119200986145
39388114,1608.0928300045878
43348151,1483.451161782596
70648988,1605.0035778299973
89828759,1516.933765476527
25774436,2399.107955570543
56166234,1243.958104885502
46207048,1304.7204724623048
24260337,1599.7087947368323
43372122,1287.82824154885
99211792,1455.2969174950204
72425048,909.8064942210664
58848576,1560.2060728754386
69451066,1004.2139812485543
46571746,1770.6458604205095
35037281,1329.4878948064447
85573733,1383.1955146867533
85004009,964.8118075815571
98713147,1725.4559238496897
99574842,1190.286571725096
56403873,1080.675669391008
79242881,1681.9783751486057
58458582,1165.8084201750753
68482067,1219.0966331512718
16690135,2139.2501560308574
15173091,2179.494222150732
61448444,1528.1443031893814
69237042,1063.883049403331
85145895,1130.321298714401
22701271,2552.737203851687
39148372,1383.510870214097
94500108,1676.5711774929448
68415143,1316.3030303374194
40595467,2035.21150876353
53076141,1618.791283049954
73641861,963.705777560207
48605668,1664.7830425689974
69923530,2180.83146350302
49319680,2044.156723862869
45928049,1839.7427883342098
73814109,1245.5384642063498
61386764,1633.0978007307615
67209776,1397.2503355146557
10596331,1330.7495812842076
14387887,1724.267713185176
66568548,1547.5554553168558
59240082,1650.327750500545
35040177,1633.4502881783067
99480365,1463.250460002311
68333386,1440.477611212013
95572882,2087.9863456842286
38132096,1736.1700759373075
76955826,1813.9855901888213
17729676,1905.9792626188541
42211142,1356.3085478618711
20158681,2495.0593676831104
79393152,1394.308617055145
39911125,1407.2878748214307
88836366,1743.656130018127
20409154,1733.9575022719666
15026679,1594.7867995366682
42131515,5142.686965525261
54650905,1539.9310109269493
26838390,1403.8572444105637
65068346,1325.1731039878985
92979933,1784.4813509796793
95452518,2171.807675344051
38822689,2120.3357585811136
46355252,1928.5554976714507
12444224,1951.1187955678658
42979270,1267.226503764411
77573762,2363.54971477269
14826829,1680.238476508973
28709839,1934.7037484906502
18829646,1935.7736462220466
96568537,2198.2912071012533
56829547,1665.9795473111312
93979772,1930.7880135049097
17626588,1551.4157010906579
34011504,1670.423926738269
52636134,2229.7479175103545
91687348,2053.869249473122
36508418,1690.5185081938403
82621948,1245.4578796957146
89318730,2677.031648052517
98717167,2134.7886853801538
26278873,2182.4952955896288
56823412,880.4655642606294
75609163,3781.073262928824
90104725,1802.3493622838396
75874553,1881.6253605012178
48469293,1899.465395543499
70313722,1831.6355085161888
48269879,1528.670264604411
30338233,1896.8463472745593
32779513,2318.952417411838
75548478,1432.291598533529
38561257,1899.4345604381447
10945373,979.2490110992453
15756944,1520.0489376813803
46940446,781.7782545410709
24659465,1389.3445108181222
88948806,1640.4033559582574
34164402,1456.7841570642083
79477391,1881.1263157192418
15537006,1759.4547753401998
88911942,2043.1542086903582
96378293,1486.5987664623103
76422231,1672.675262952134
12309843,1399.3647702875378
96239148,1323.460292106516
86466781,1621.8807067668793
49050128,1807.8442047280619
14724818,2588.298068522223
56683970,1653.8902907567315
98393974,1327.7837823978834
84824034,2362.391450871798
92573067,1549.1945747723912
73226546,1871.406807371981
61358064,1161.143395261378
59398688,1890.410257812681
14969480,870.2128940718653
80588045,1687.0944602668
95597071,811.7177536157299
54836005,1287.0303854538506
23220441,1889.1711655794631
59018993,1804.854114604689
68425900,2815.3840363425998
96400633,1389.1172960104984
32664783,1415.9929165685412
37951383,1489.9478468032687
42701020,2058.6453739097205
23132709,2049.995401743553
36039638,1546.479286447964
14728562,1650.594533436567
62765095,1673.9078583704675
90518206,1704.0166732634007
99330676,1567.6475762798284
54002963,1871.5963311740163
80024301,1171.5359852305735
83450392,1265.1410464831615
80827964,1311.5524930839103
22623823,1430.6768417398193
85154401,1356.0388386405912
92409200,903.925712905337
37461274,1727.721148247747
39412052,1857.8331347830103
99188219,1148.0041489000778
10533163,2271.918913426685
16576946,1328.23283982678
10571061,1764.6129464789628
11502784,1123.4550862379137
10627022,1091.8458607651978
66112731,1609.1142355093268
12271580,1476.1710598556715
19300863,1816.2539707306928
42301466,1337.4799836276388
93227392,1539.0347701743513
13989390,1385.4512273264643
83189444,1563.5558075891179
88982820,2217.6067834935607
86309809,2488.1652192828506
93812427,1298.6929951985496
79351177,1728.1653669146815
73882065,1660.8690751901352
85331771,1594.0010187020785
33746879,1490.2933497916429
90357052,1568.3939757299393
42998447,1998.0346686718028
42297649,2310.9275950604015
74232297,1553.312920438737
68234963,2287.0599734401376
79955240,1155.2868757782653
33685499,1437.5286383456846
74031111,2234.4160868549206
81527691,1838.6158336744525
25578339,1440.0684539449874
36826714,1326.4664994718066
66720469,1288.6930038727144
58271754,1141.086398523688
79175453,1530.3290774526363
91006186,1223.114616902988
75399510,2120.1591591484676
65438642,2487.213124167277
72193555,1299.206005484205
52661224,1714.3640825354282
40274658,1957.4506144965385
63582038,3074.688073432775
95316180,2387.126658439698
31722576,1484.6245192974295
51439680,1817.5943236637954
92864642,1565.3478445777384
24588628,1616.609998412816
62383426,1446.3132102545915
91245064,2421.237985059086
61715372,1726.4611317712656
65148106,2292.2255704341133
91441992,1242.764795779315
49274969,1856.2027037735238
33917232,1724.2529295356885
83235081,1907.9036458405496
40753215,1701.7475265367787
70796627,1273.1574381232638
73931614,1138.5133526688344
56857736,2741.540833808651
54064504,2047.1202870254824
20389019,1220.9564649754593
57574601,2543.597422690281
16478279,1331.1567173045623
68356151,1880.0962895107748
99711808,1887.0847124089944
98284968,1605.6960467956906
30598390,2086.2806490306375
55132880,1919.149333876078
34163532,1453.103508024707
40857770,2289.759486171466
79839486,1282.1933419454224
78134573,1902.5462354937074
96251286,1754.9894099964988
46606815,1845.7496479857489
53204628,1176.9953806750716
39264189,1546.1043695357903
66917873,3587.177253448086
75228206,1767.6852079446494
57466748,1878.9695717577383
75500440,2074.2657384834765
88152254,1614.850235210376
88711927,1535.4921170192058
71935730,2878.1472302586426
11714210,993.5957286771522
99304127,1621.6437962072607
79629484,1562.2564946096495
64599027,1274.4422166582776
71633685,1610.9408041732136
14342958,1702.3331088454863
27958253,1727.7630053247324
61174518,1391.827142194346
74916891,1605.3738929153678
72753968,1565.713023854593
36262662,1714.7661013346856
60917615,1451.254172057274
99306721,2322.0448193848997
53075886,1339.6052072860357
73928511,1719.961972794602
19965325,1151.0316169886783
54826574,1752.6596937110444
64209168,2538.6669050925357
34147586,1370.3517206207316
98269123,3641.443280630364
97467622,1778.2223341370066
85814087,1368.5473740554828
72333580,2870.8218603595387
30873738,1354.003981976201
10331403,1392.796090327971
35344119,1781.2785965451078
35769080,2648.333548029882
21575135,1505.4590491101524
75304823,1370.4182675727084
23401574,1140.9257724783365
83090193,1712.8576864738343
86996430,826.3394090292884
99751646,1219.9191869672973
23591049,1773.736402945467
81709576,1352.3134314898593
82444468,1953.6430919346983
38288153,1973.797899928894
87446209,2566.079906187606
12079734,2413.9945005655
25058080,1482.692030443115
89691662,2555.437257035471
13150938,1890.5274369065198
36020495,2023.5540321746896
54923182,1658.2440132318982
28841079,1348.0419612500964
41392965,1121.6646237336827
17119564,1776.1678237921865
57430704,1595.463556452397
36272284,1563.8154420875555
91925114,1272.5361069314981
74412922,1944.0271939094353
65743046,1609.717113868925
48653211,1481.6097923278355
36332370,2333.4751326058877
85424579,1841.5130744153053
95090269,1156.0663424560335
95971802,973.3274640539106
86256336,1291.5653297241397
31156844,778.9074807175773
37688219,2632.4484075471555
82437324,1550.3866515793238
21950676,1778.9417221608032
54094553,1465.9383576477883
74374536,3235.7487347078495
61738687,2042.5145375069571
19277250,1603.402122528298
84311990,2041.5270883416172
94274494,1849.2104373790894
89122239,2771.3954518783103
97119289,1170.5862493658262
29959537,1310.3973038204526
22777840,3497.8533404723685
39391011,1326.8802148231339
15127918,2208.337868689463
47251761,1267.5482886328587
20023773,914.0228922359915
96682736,1229.491144658277
12309412,1692.902530639278
11517944,1430.4358505595667
59425514,1308.8831315668085
28854961,1440.76172586976
63750719,2102.2838019727915
69531684,1329.087044493925
73516640,1416.6229663334873
92500346,2468.3189040849447
66124065,1692.8494663357542
28886163,1436.0601180945125
19680706,1978.449367801335
83673598,956.476896759369
85519237,1561.7636334226495
37110854,1528.2559714327472
96010780,1916.0324238938686
51391268,1270.4942376537128
17655078,1640.1689960970994
26863121,1098.9890986639175
30839269,2370.5540371617617
22418770,1014.0821452992898
88029081,2253.5619517717296
27689636,2478.4662739735913
58431423,1673.711394608465
43802347,2634.37770712408
83961382,1092.9916596654077
27938336,1221.1615829832417
35978100,875.4403661654595
89319775,1494.7056412383195
30362974,1388.7623602420103
93105032,2339.36511951215
20314268,1311.972048822752
34550012,1407.3878828428349
28077484,1644.6852239755317
64656384,1477.8889752912642
48022436,1542.9533247050601
40507726,1798.1310845270045
10314144,1350.0705965623742
81012787,2226.815800798925
45672873,1754.8594262445965
25759428,1683.509302033598
13512722,1239.986448470634
96070498,1397.7894512712278
21352279,1299.6120809014203
54205490,1525.4985338686704
44645119,2606.479601692313
37332321,1337.236554885472
54601842,1469.5530052025715
60801709,1402.6572996117795
28903523,1764.2743365853635
79159760,1476.613178246652
20416757,1176.1835075116273
38432201,1272.393879016734
60739859,1933.319114798616
89931987,1708.6779178616787
60999736,1761.2466392338672
43182602,1346.1950520541247
89739478,918.5819755222303
50450523,2078.7055425996477
73950928,1380.6993045847955
12330781,1113.6039228452441
50236542,1777.0734853054673
34912503,1402.9177129805555
25536468,1690.5698444766163
63776599,1253.9637395656441
56389530,2243.3430114269086
60881312,1191.5215582412993
94656046,2649.9976618026712
84143693,1474.9628252609673
60768240,1743.913095170806
60458308,2238.2179505851245
53948557,2026.963098364146
11612817,931.3210276448752
71889062,1245.461832398418
77172079,2026.8431381089688
34222625,1858.529818467791
69965828,1267.1052801176418
94714430,1592.0021469830185
71961534,2032.9709483860033
32936108,2056.008889742102
18431618,1157.7417721841857
13548537,1043.935408272941
86674079,1451.1865223279015
21748194,1906.6715035523957
40124541,2329.753241489233
33347811,1527.5656338430747
92929218,1610.1689359019747
72190892,1444.0270130881563
66963455,1548.518954501822
96157867,1105.6053313313862
15254705,1607.9663039941709
89064766,1862.077420837172
85305349,1346.8541018206085
58781934,1398.1061361511072
42553797,1089.1281737504628
18721533,1311.2014493270783
58244383,1843.6865997864363
13696896,2191.502408014283
65894339,1701.0834025375923
61098619,2627.7536624333698
26018756,2300.2496074981727
59479424,1612.6656458372238
81738781,1702.9240252964985
91106215,1325.7676687528303
71223563,1163.871549757133
95945745,1568.34471293714
91424061,1348.8754812591696
67135880,2520.2809523479336
15528553,1556.5053021049957
33657705,1469.8312478912103
62553289,1507.145925229607
60993054,996.1306847020351
42800613,1426.2986542022286
17769800,2720.5274330239
21401202,1494.775282263002
52155473,1115.8433176103235
93304650,1332.084239574553
51407728,1377.48765444017
89543732,2201.4776275898275
43419947,1888.7568622388135
41488699,1405.0371888710454
60974422,1560.6738387302407
65352047,1166.0099663775463
37012905,1066.3168937477058
14787203,1605.1416551124964
29417973,1558.6467251174722
19835446,1959.7928615041837
43255500,1020.162058775988
28812691,1516.4501926102625
18722953,1380.8752441424097
93227004,1735.410776127437
35371569,1765.2404678662342
12076594,2304.4048468684396
17330331,1761.5931083570958
70946197,2305.624047827493
44132847,1730.9641745199451
77445263,2054.622010760672
56880921,1471.301274193787
11480304,2526.11692848016
44407005,1959.3032720494095
57603851,1348.7932049950039
36951093,1631.4045980566107
18651476,1048.8089261460416
28758403,1914.3922237460108
29842235,1453.3052307325784
80915194,1353.4744631140402
87361082,1865.0233620815259
67711479,1260.123483578362
96493355,1403.149973334862
60783295,2337.3659579052946
56178874,1272.2262559816006
36921713,2460.416187795425
48581624,1427.8195826104181
75576141,1316.4327590465582
20755403,1105.911944762704
52097748,1691.9178995455902
30927924,1207.3729635880445
52924618,1615.1430796189022
23083091,2222.548009180781
10593933,1618.57783642356
14984647,1828.6300289414273
50764768,1151.8876373922476
42909851,796.188762362592
47962891,2131.6820432463146
24155862,2012.936071413712
96222874,1262.5221541277224
76243625,1671.213677883311
83785580,1729.2503853252583
68046684,1460.4062568159732
35026518,1568.4249309348995
21144795,2299.622810828434
42304823,1774.8749893004585
32449171,1758.106993549217
67804951,1529.8856719827168
80988109,1279.6576904611643
31562948,1343.470574777961
80571715,1006.1507196998334
91879270,1125.060568862225
80331872,1989.4630440674916
39788137,1870.4717947982426
78186126,1738.0149336710597
34300076,1768.5937874659971
70710711,1400.96396476958
19520201,2118.152879593481
75968232,1342.1215288263397
62441830,1521.6045276117252
87704160,1800.0878191401287
38039509,1993.7681004472636
87299257,2425.4790967630424
34604480,1517.362595193558
93559487,1539.5600363884332
35225951,1429.1061005922415
80500038,1666.5118432751262
88587318,1353.962775712142
72460444,1585.8636038756815
28502361,1810.8243979635954
91781888,1947.1381136271816
83528344,1535.9127884836307
15266445,1745.612353595989
83532377,1202.3752837570312
74780110,1882.1088802729275
88664511,1430.7595502063841
81767501,1419.4142166669053
41015579,1869.7994508979011
19338404,1896.5337258144928
14667759,2031.0351012898866
66260119,1537.9404383961626
20542479,1681.3111100341669
54097170,2647.009234168325
35669653,1979.5026693078687
94127563,1143.6399399790162
81488029,1855.8428687179446
93329952,2404.515849874115
57217043,2397.5892019344074
65522547,1527.7912409732894
73695068,1630.7932200781088
13539769,1311.154644738684
44056017,1560.099035192335
46617581,1385.0025502470392
68464888,1715.129453327172
45303083,1256.7034256634056
86984156,1652.8185345819095
56630529,1298.4466412025295
78254395,1170.142601641901
30913049,2119.7654114783563
82688614,1345.0139181253976
88893045,1373.3184857498645
94639808,1697.363442537831
52742143,1488.5815604166528
64260968,1520.4061770818084
76546956,1767.8212307540734
83523035,2293.799464675073
11013053,1944.7607576034532
44130994,2054.514112192371
53796074,1271.751493331051
35498168,1842.7192417725146
63562445,1186.6972093037168
42365113,1649.28973534823
54613679,1375.0615397996971
69835682,1076.2785670190665
40747675,1239.332078945577
37071709,1390.576591332479
11644754,2511.173010368737
29456046,3178.0752656644663
63575365,1201.8421945940197
62030210,2999.4135468287523
84640048,2252.510894180661
61377846,2275.2571134091086
72441550,1449.6290022362225
11270022,1608.1749219051871
70261792,1744.4265440044853
52404988,1565.801845269929
84003906,1972.9868383187631
31204633,1101.7211488351923
75242666,2004.1085385996046
49434528,1677.1715236135658
42863318,1567.997808412443
47571305,2332.418639539942
66490879,1302.5875272960575
82396141,2519.819269850922
96803616,749.7717406746515
10584088,1461.5918463136195
41994657,1775.040497605614
87186973,1884.271131542204
71213873,2371.8689359166847
49764305,1592.3133240433006
43725149,1212.3133448617027
83812129,1714.0633349777054
63290164,1559.8249482950266
79318573,3132.6132312258715
10844028,2031.1886352736615
19798231,1243.3382296308569
97056407,1177.3914269651943
32215003,1673.3027977056108
94765090,1382.7065867341776
47235057,1731.7027217647792
94429036,1808.0363032767575
19267342,1474.0005708937053
79884507,1644.0366294862429
68548734,1619.4221252230736
64679483,1002.8302077383046
99761027,1400.761059340442
77538039,1661.9547155859652
28035639,1709.5534415789077
66579510,1473.7236728746143
50333547,1240.3827813666253
30957545,1758.6882666880376
87343589,1323.6496744236465
45470859,1821.1610909276392
57383256,1087.1963603528634
62753404,2383.9023132524844
65906932,1700.5102678513676
54060112,1713.2980356460416
88317327,1111.506110823561
46875481,1476.8642497246046
86614127,1257.6246312371952
91675434,1778.5779023412344
83895227,1175.5644117170639
86365373,1842.9140489794036
19948626,1338.0537005612036
79630167,1472.8883663669715
89106944,1221.1221758612578
46083057,1668.8893726403658
96150610,1490.0891087262364
35015883,1516.230588652501
69747407,2057.824416595836
55538576,1367.7100080239056
97411049,1634.4033387396553
11519556,865.5053055632263
81677533,1289.4604888478063
60065328,936.2525888860526
91824420,2290.523291796052
72549395,1586.257367650227
75208950,1300.9455441628252
54258616,2296.088699131273
28371507,1497.1382086423932
33800661,1674.1672856284235
94718676,1108.7133797304928
98426094,1936.811941209789
41019343,1877.8576285909385
55953203,1957.3285540568086
97258831,2105.613801602408
12406914,1338.8620596318651
54260975,1196.2260250831646
17839314,1694.1095650257762
59228162,2265.828731015362
53104947,1672.4740347219526
13405871,1600.539710532142
30540873,1880.9017326595235
10681459,1595.2055912574806
88488173,1656.1112002181935
11138134,1431.3470095876546
55965946,1755.7722101406598
21024415,2346.838834667849
98633407,1325.3473609153589
17665044,1803.8215555158797
52365929,1367.8967932556793
45919010,1373.0102208234443
29159751,1672.0197918957183
25938815,1497.0884444861458
31864619,1623.1916032565184
84907440,1733.583858025269
55408023,1994.527010742187
97513676,1224.738196428448
71808636,1672.146292556878
37329985,1462.3169084298959
66719590,2070.6235311282444
19832352,1169.3260995724122
63673893,2076.8441498605657
54185196,4538.538910354894
66171184,1322.8382002119392
15702584,1474.889305599856
26362681,1348.4367717328057
15300602,807.1535914364042
54091216,1827.5475408511907
41649165,1515.764609273678
17221791,1402.3291381294548
60925601,2200.5245239463075
98579259,1647.7872321363238
84327985,1358.2852504646153
42373455,2821.5578288449487
51759034,3533.8951557105383
57369993,1209.358749362962
86174456,1925.8866793560485
40095064,1208.837495740505
36904267,1194.6113303187649
95653857,1496.0501898462335
91047161,1297.1195640976757
24858933,1267.3586334646682
43668504,1597.605301678013
64688863,5559.734460832721
19394328,1550.0472652931555
90928544,1896.8282546592611
54501975,3010.4357028726135
55816692,1434.4222492377935
54235055,1488.7615211366708
54802075,1783.2007044204422
44582261,1451.7598470062303
30580440,1306.9851364544024
53586985,1563.4217563182272
45293131,1863.5894043417554
61623792,2169.0343736973628
12664255,4054.0484456340355
99282552,1711.5565479174402
57422029,1597.9077348767587
95049365,1625.262151132217
44630924,1652.3089144392948
59932513,2722.4157293810504
79864196,2469.8342674978057
38025450,1094.453547828762
43187524,1715.104897169162
85710350,1966.5009716359828
39439329,2139.363549614128
11767243,2159.474321755557
40729807,1012.8398997471157
95837440,1962.0241606286165
62785546,1533.968398934755
18032525,3150.1202564784653
78515248,1118.3630482109406
64000264,1577.2784174091853
70932637,1372.4128976512925
56631286,1481.1980126175301
82611641,1496.7868480201216
14610215,2922.1598039257433
65282606,1950.150557165911
31080502,1373.2817061224414
66137109,2277.9570034320905
55286917,1611.3602212342066
19462876,1229.607667328127
37235871,2248.929877005283
53584009,1338.9723628187003
99377565,2146.146446543028
82994298,1802.1839735342658
64250472,1671.799664174092
61269314,988.2450101138653
26299312,1436.9446643043175
97300018,2248.431880335479
74523665,1408.9767302229209
19970243,1789.1878221640711
14406104,1300.5851339839094
87865772,1399.1396437541237
12224440,962.014866187019
62628011,1677.6357862000482
30735313,1581.875778654295
12214322,1552.3703779743746
80943078,1098.264451331635
89421265,1819.9670192194487
72762674,2228.470870685156
55920835,1382.5111040552645
95456446,2200.0589979630067
96630600,1608.680306447609
20077759,1563.5197967896206
77066065,1721.8497881568694
47856776,2245.9179021948066
31685937,1444.6130849689557
41522098,1517.3375036044827
30032101,1473.70777205288
91606427,2667.3029840411227
22900349,2045.700020523969
43552678,2347.6337176436496
38881909,1724.85005120128
77508029,1734.37455610579
95128506,2091.4794505001273
64627729,1168.063457878175
56744301,1154.8022777580213
59338251,2405.8124654434678
19662574,1209.8717743928169
92971829,1581.890172830076
18409584,1695.964991972438
71760159,2238.019563726093
43660858,1638.1474298573223
77997629,1800.824934472351
33928732,1209.9114974600236
68629875,1260.2356116955214
48480450,2237.2731846411925
54283664,1580.6429704938123
65942293,1886.0027159695785
95573502,1418.8971447789675
45086632,1179.034713230114
23012000,1633.0452228686293
45395839,1686.0082950590863
15432712,1287.3904217111253
72298046,1717.347431080057
84408769,1686.2146660773392
25246226,1334.291049695957
20056705,1859.266039732363
67856036,1735.0604301820683
56138985,2200.4647237290064
89984541,1391.391291183339
34860961,2513.2190346858933
55067089,1780.303581712625
63717753,1820.075989158255
89165138,1551.5838539387794
22336894,1590.5102711460293
23089519,1435.8178351714678
74572156,1034.4774587496213
96120368,2648.7130209226107
70734227,2000.245839386107
43842124,2040.5010207872558
98567604,1579.8611777943674
54538757,1778.3991509132484
40105171,2215.4678634453685
12135438,1609.534414547879
73738446,1455.6992606232097
62385208,856.2524608364037
56062641,1972.4781915589383
60234485,1068.6685797164705
37490148,1023.719533767474
73644773,1533.372959317426
25147876,2235.3912361049443
98738159,1703.3751883901032
36202424,1469.241315882612
90053455,1683.9156360532575
34861961,1750.9239139712647
40235987,1588.4212047268043
25289802,809.711554512546
72831408,1962.5882265797454
62725172,1632.3274266887263
20547868,1782.5543947007252
43821417,1379.1748409372096
39911650,1713.7663869447263
76282034,1469.9027712504794
93532589,1389.2473015700416
71389546,2059.3387489818233
26491098,1427.815461395186
63364173,1170.7348215478492
74256814,1087.8155563083092
35509595,1902.0861572810309
18139863,1847.9148618724828
68577776,1994.8297638384304
29522715,1581.6986333417422
77706518,1883.7352048005614
14006179,1526.2914324790847
92579248,1830.1694598461163
59229974,2070.848926565558
62295609,2373.915163436085
84259414,1784.494903427061
47815936,1186.9910122004803
81563963,1046.2999818289613
13005852,1496.3734306930876
62738558,1836.2739402572897
57070759,1149.3911901747153
99600292,2070.739709805716
94306787,1951.482204422741
95225104,2181.2510757272057
55330216,1552.1759550875452
36532262,1707.3976821206277
46565446,1713.0504838878303
49087723,1386.4056863241074
59534453,1524.704454053851
48055811,2552.1015062621836
88400730,1906.4828911129835
99040799,1306.0311696399676
54783545,2086.0084288458233
51521420,2151.281300416049
62125112,884.8729131582012
41533842,1367.775337087314
37548888,1670.35856911175
15800993,1190.430480670575
72777210,1651.2262334314437
27213732,804.7280471904994
86541928,1415.5941687581355
24899277,2489.9043451666503
87153365,1341.5947256112117
29377093,1973.4350492762037
17126249,1765.9731378325498
83735200,1922.8752143746772
75294081,2193.9266739273844
50305812,1174.421787975396
80598326,1396.5122575813475
73085224,2200.4450177227036
36011967,1959.0371174910922
27344122,1424.694294245502
65167661,2108.8814911032982
22697886,1351.3454530531044
79772982,1310.5788021716128
75656583,1149.0502520103669
28706133,1274.74676782846
94307664,1569.570734600833
79181014,2055.5016972395433
64940514,1444.9401147171243
42076518,1582.1809033300965
38290514,1206.439573890794
12647465,1100.4536095482904
51615379,2128.3855776893024
58583551,1825.1614768707552
89324282,1993.3571889582897
53391853,1645.451122755376
22488467,2196.021042015139
77912827,2223.1315692298213
92699296,1793.4471865761668
98391080,1355.2982790305969
25085429,1226.8036259547225
58232338,1835.054677377603
40856740,3156.47764305328
86463099,1530.1404320669549
30661871,1619.4160145471596
43294411,1596.8688533162115
95379944,1980.4623034833135
10473693,1721.2219533241755
60542399,1862.2427794065388
52521598,1707.6980449980363
78214020,1292.0170418935609
42119756,1092.0491197695767
74645008,1217.298116872134
68736704,1629.062019482951
13851365,1946.660367828611
10956933,1851.8351602629996
76588396,1608.483139591362
48664414,2188.641452311147
75409758,1567.8491536191004
60867152,1316.736701722917
49408128,2071.2861125556665
32398201,1365.1173103994029
33820657,1250.4494468950588
99096183,1351.7456480342287
71729207,1511.6711022690674
13424233,2887.79484007243
69313487,1327.2885700543407
51427900,1363.740415172842
20461232,1817.9985947367984
63893951,1251.7020520766198
93871936,1238.3994582862688
63699477,1758.866870236095
96362629,1533.9343388195741
53928117,1157.9590171085101
41164553,1183.9627102529555
36908648,1714.1848394361402
29666927,1961.7932275117203
11938394,2088.640504316033
52496134,1940.9323337793053
32481667,1856.6970018058062
61487441,1532.755404468551
78992007,1349.9954531741155
52895411,1417.048057835922
58726779,3836.096026404597
20458217,2559.4856527991633
60265538,1760.0454423934207
48479448,1230.3399918705868
72404425,2090.5150832757463
91400370,1042.2955039851083
56260955,1506.7397417436066
65491665,1755.8100902417166
11663385,1240.9605548433954
18615500,1068.357535043403
87935522,1359.8420801586524
58889457,1877.3426813027302
19169471,2036.619885325298
66133962,1866.8177394865606
66731452,2045.0063855840806
39410896,1587.8579351833455
54940054,1366.527713446295
10662394,1330.4702064420035
80972130,718.1284431570635
45235634,2321.834242091375
32971413,940.7697986221198
79283360,1142.0490431932976
67055260,1209.4924816396833
56118755,1657.0383070306816
29230461,1581.3341181358812
37178907,2122.8336560039197
80400106,1753.3881983516208
67091284,1439.84324785507
54160936,1539.3201175313077
26849200,1725.230832975783
49585462,1305.6021028619966
29429374,1458.8622345943409
95616903,1957.811919695245
40605040,1528.9230009687572
77364221,1307.4592977240773
63366619,2086.7669914089256
82932107,1506.14543698792
11504000,1986.5823186640569
66338948,1651.1866895438295
17704772,1680.9631323564272
70406271,1522.9614092953775
78457345,1581.850638909761
47160363,2387.7889180815337
76792443,1116.4314579968318
76133904,2694.280284314652
30534387,2338.767536234649
27949452,2334.3955325531597
98920505,1672.2137131642603
79101538,2352.74257455148
41201623,2498.4660657240856
16952322,1595.0660477425647
97020909,1840.7251938801687
76043497,2060.3902564319105
34495964,840.4378801349259
68971691,1354.7018926402957
68553106,1419.7396256882453
90311747,1495.3133711630617
89361909,1776.5649471743964
20406930,2554.323566518883
38933836,1191.3718839118117
38377549,2591.728364149928
23346090,2468.905132383835
12625694,1230.9293861196566
57311677,900.540730317314
53924641,2810.4583453493533
36865701,1312.9221384882264
22626294,1368.4646873743318
94697405,1741.2599885352888
89675917,1403.3737702119133
28055737,1523.8360970781553
17371555,953.1637319781192
31452123,2287.5716698143897
39910354,1550.0443828896491
16661684,1111.5829587724193
11696365,1904.1817824518002
13890760,1539.5931556993744
23308655,1632.6122793516593
58265470,1719.5353652829076
23915393,1705.9089998224879
47202387,1690.9519229683883
63170132,1495.5443525008902
85663208,1914.0688096424733
11731667,1292.5427150623098
96387342,1174.970275650962
56912577,1426.6401402948661
96546739,1529.3321948302164
56118135,3038.54219948683
65848480,1388.8580442699983
29524312,2038.4329308207818
61207733,1854.4877162501898
95068416,1546.080089514998
93730714,3164.2626101877004
58209441,1614.3049696532726
77468100,1218.0587678957372
94556768,1379.7874781679507
66214153,1289.8013819946395
63178801,1268.6518269941628
47025809,1762.4983944011524
17223815,2538.267950886134
26808769,1491.0445997549928
25114626,2718.024657522423
33184251,1290.1022351128127
38562723,1865.168950886517
19383477,1349.862652990657
81390291,1530.6191707063203
20998216,2852.930036800124
95233875,2071.5505397278434
36756234,1504.6750035976752
80596646,1878.346043075734
92304937,1557.9710752483957
37613954,1194.0562794434109
58590718,1828.3196322041508
53992915,1148.1310312154355
54005253,772.0888110747374
68781482,1356.6370626166001
70720914,1594.4841413906274
29283338,1238.4278852965858
71373910,2022.991104778869
82737999,1037.311805806324
38789318,1738.5728035335198
50526394,839.8940133735881
24047944,1510.1919463927838
56710540,1206.4180214401767
18038779,1586.0555854363924
87817642,1806.9235391638126
54364617,2021.7853107106057
49277751,1275.2755048050142
50647092,1174.0714219608535
74938295,1393.6429983039975
94151619,1475.2944606031554
14146499,982.4156425023316
44114070,1919.2235699594378
71013634,2080.5513064175357
92727921,1067.231774818343
23408005,1883.816751367912
55353418,2008.8704559732125
42627732,1019.0207304383983
52380113,1831.4009242923808
76380932,2357.2531852891143
85051446,909.4398910801635
13441812,1196.3789477581104
75634466,1974.9351503041469
77418032,1549.9097864118635
26069913,1882.3518286605167
56951161,1203.2334489232562
65568116,1490.27833724644
61527594,1479.1558610147626
17428821,1549.7294968717663
23710142,736.2284495893593
95218141,2571.736971000245
64929695,2145.4950459210713
16991389,2117.605329864157
28240625,1355.7446275025588
27547150,2439.5187143958256
66381811,2894.010767676744
33749942,1360.4618110521214
35190059,1418.3249523865954
63026525,1115.9384373211537
52393671,1689.4584741545762
32813270,1732.1701514528206
49072955,1286.0189663416552
39300176,1815.3303694239055
46915044,1895.6957548703026
59260240,1422.7446873827744
12697027,1260.7682911207658
52828733,1206.5083247116595
73335938,1462.048836428621
55961268,924.2414486357212
13325471,1486.0951086124894
29398613,1125.4598392902913
27052291,1419.6184817438777
15955952,1594.850519611622
23271818,1789.491515716774
99724134,1556.3487399598419
24071058,1371.2813969382453
31560904,2175.2153236926642
65419988,1399.3899780271495
15085530,1212.6423601861466
19942722,1878.1543894839908
13275930,1298.6627804061982
22982323,1900.726222586817
36522599,1692.5109742664174
82021909,1454.7106641907092
68645790,2894.3315278856926
54788650,1807.774309677953
42678082,1944.6354073034547
60925510,1181.289395894278
88286089,1353.9118761545965
58263484,1632.8573050241494
65619117,957.571609313425
38104250,1759.2862971612656
13756583,1807.9263242200357
60053914,1332.493687971518
64871810,1643.3900019421806
58457956,1842.5791743235561
46159970,1597.5895688683731
68250229,2390.2367887092705
47390028,1489.759525090142
32969075,856.96443762802
53581810,1584.3253774826999
79530731,2007.07675642838
24487509,1767.3847828333646
69933962,1425.9816155756698
65663302,1468.0498155070577
12423653,2044.0602542286713
58871872,2171.505935440292
58171151,1456.7419524018271
30617224,1005.9053152166302
69106909,1984.7474902791653
13212070,1445.746819995054
68351771,903.1874023389887
87624917,2038.1761039800324
11970895,1857.6570948811486
44431758,1570.360495805234
16633955,1284.9057809432913
42590404,2394.8933200662777
86953915,2143.1578253338894
15250738,1643.1275515441976
44832140,868.3698320144902
73698594,1378.466873086313
42128660,2013.8904558896932
79549553,967.37208382278
71619272,1620.6447444093615
42016649,1044.5911104010358
61877206,980.4660835605903
56572912,2918.6732742582153
71598751,1230.0480501365773
34544077,2389.8437004619927
28672236,1263.1805246022932
68689312,2606.81679548987
20267244,1814.0574008103695
68781454,1328.056925348617
27270801,2313.8243057804466
37219515,1735.557970113865
12011866,2372.76587576404
98392715,1218.2388822224805
87201351,1001.9829110551619
14908777,1106.2300235163377
34723195,2040.0664901189903
27339925,2170.7433146108424
65420496,1452.3153626396665
40933008,1586.8003177330925
47440503,1083.9315594173358
94970875,1254.2770425097494
91029594,1867.9141477538171
65336637,2414.620707486237
82023374,2237.865803301743
11380763,1544.4354658151633
99699540,1421.1459628364441
52649545,1283.4734071478413
46299510,1514.8952237383178
71452565,1081.413134721556
67641699,1015.663299968659
12714684,1505.504070086643
60016742,1108.2106163476756
53641525,1393.0914731186795
43542290,2449.106566684556
32126954,1728.546456501138
38213318,1665.4092819024409
19971849,1500.3147454358027
69256669,1501.661803944387
23756854,2251.75102518481
62908704,1296.714075537944
32399173,1666.2388311016857
39238887,2320.915760103523
94428578,2354.675002455905
52458139,1521.7079037009412
80574227,1239.9269571572725
90487261,1904.7262105671418
31852005,1180.5328535241672
24086418,1081.3440221631304
82209864,1277.4418062435964
29014855,1108.8733945111494
56782601,2043.809274895975
24702075,1423.9523366791939
74660449,2765.307096217134
40117654,1346.328501278559
60385260,2549.163745900354
35958980,1788.2982175383806
69458629,1941.6714049020327
92886159,1462.2896360659074
97734269,2422.8440186506687
19053695,1768.3300861545642
22371112,2006.6377679761742
49183639,1625.8665362310267
53526975,1298.161633621884
26290335,2233.9590122068894
13359830,1399.3455026353147
39340686,1592.360764473791
85521089,2168.5842265847314
26704193,1858.3154475241363
86626423,1904.3459721405745
80675333,2178.2212403866606
38369741,829.4545212681784
10428306,1744.8681722850993
18197840,1124.4488377440064
78586780,1881.4924671992828
40311310,1786.1534829995458
51507375,1506.200023731241
10857110,1775.647192410636
88736789,1620.8129676245858
10823128,1210.2956605887362
75933085,1715.6220857705339
87766438,2365.328943087491
64406530,1414.1167496376565
33833037,1704.9124209473505
51715740,1424.3423879540608
59611801,1777.6790130511747
74340374,1476.7736829915423
55507333,1929.5745081256453
10416536,1755.3304535595498
43556040,1611.7235003001356
63137873,1912.0802595388595
70387789,1910.738979438742
29408506,1132.036846960077
38244388,1607.2022696265074
26541311,1155.2833281218354
21032019,2157.3284343103805
95710332,1735.0177561623439
80660421,1470.0754983700997
81086775,1915.6151250456546
14692465,1636.6036054521524
35590067,1956.4533207010734
37534494,1011.7544771751109
46669694,1220.0436834675554
68379291,1616.9394418631118
28943151,1629.763199903063
85214973,1719.128524493231
49160221,1101.7614169837213
57027484,2371.00091601867
79515834,1971.3146778654866
48903593,1615.5939503221293
49944843,2099.787850890907
15919205,1030.7500108453305
89043859,1284.1524377271303
22557888,1624.0373201460377
45588391,1593.6161333958366
67323319,1423.8330285363302
67813677,2001.424064417667
94570366,1884.6729319981262
99333664,1404.1499775131933
62452475,1585.789352605993
27164888,2168.703444094741
13777597,2755.4913915609004
58863729,1261.278022454335
75372835,1451.0048125880294
46531922,1449.1084687924035
22638297,1520.4538467057064
43377425,1449.5518019550493
45061752,1621.2874293302607
87232001,1090.4714321269166
99721166,1385.5641115685657
63930988,1575.8780104064285
67323116,1604.144106174769
90199043,1061.659020386186
16025812,2852.914219584746
90192151,1761.1649205277513
85194090,2390.037906328711
82716623,1944.317597387444
70041588,1146.68207271185
10909503,1410.7257569840895
38910820,1999.0969357154788
67605038,1808.1427813535604
22421268,1970.501855089443
12483701,1477.772856313137
99756084,1760.5759997576583
72806047,1398.7087426073745
82569264,1606.8329373762283
85085562,2298.843974368364
51688242,1422.0161149407875
67031304,1621.684179454406
67620733,1645.3840541865977
15399183,1497.2945827520357
83228475,1818.3565386357088
59551778,2328.4136997460105
58024179,1274.3573211710204
67130514,2598.8085874854814
36292117,3434.403651914824
40708056,2017.0741088578593
16154757,1752.9512078529863
56077131,1988.3580157062677
24589481,2053.42494415943
73507348,1015.5712605157702
98283340,1991.9655418660482
78682956,1787.5530796539451
48031966,2113.025685695849
54069937,1239.9598633634625
12509398,2133.8120363278194
55254106,1383.9304769036653
99797445,1745.3968692690894
46298966,1857.0125510695818
97439691,2600.5283368451182
77392495,1011.9524265529866
20307174,2009.445446468438
99295729,1416.075032470719
13479279,1878.992967533827
57906842,1565.496942086191
11957267,927.6393905474241
46011088,1443.0564970729913
40051988,1845.7060328574644
76565808,2161.5528613414417
38007540,2012.201610817109
79111798,1249.5357672676205
44170417,1164.6175950081415
81747003,1503.9547357451602
10689207,1598.190338275011
68762949,1358.8873586969094
41533253,2138.0499403568097
72624609,1509.795700147361
95729378,1357.0703605771419
63404247,1907.7951653971845
66851416,1477.0069577297954
52878792,1368.015021187097
69816189,756.6960023683511
93215948,1353.6581121793529
82196067,1810.0311463986561
65951347,1301.3429949114113
28150709,1424.46941707328
26445964,1083.065889961831
59886188,1357.5736545437255
47858132,1193.585128215198
10617528,1486.3374689857392
26555436,2522.724696995753
75176293,6253.896951586082
15592659,1535.3181684577519
17002563,2038.14819380124
65418918,1649.3433498294178
50328250,1544.7271834581688
29587649,1463.8089490761247
58771361,2368.85320124815
11138502,1356.4462169363794
87806628,1620.8352693384675
92541302,1330.0620692320522
20045193,1371.2988194952547
53943287,1411.1996524916553
72973012,1847.3268612071229
98243897,1542.746165165838
50425980,1127.6133986033278
53891279,1780.944107638823
12653293,1337.365316666925
79516817,1571.149974148754
57736550,2056.970635396782
68504332,1156.1247884713887
51418176,1901.215412570674
52844688,1600.4720994088293
14924228,1414.0034537918236
17385055,1795.5839664933055
48584675,1839.7204119876337
84113591,2172.818882642541
24176804,2152.6226847709077
42578288,942.344940787842
22976178,1940.401237119196
59427067,2177.6061304696987
62214101,1604.7778304070569
31095835,2313.5726111843733
61084952,2023.5787549138256
24538640,1321.7974034191066
17397516,1948.8866936726322
53588939,1218.5557044928576
64801503,1349.7219959740191
22306102,1468.7637155796453
73464976,1567.1527728546776
25265317,1204.73661431121
67321055,1774.5744426217288
52652991,1407.4075289971984
77364707,3409.211109216053
28941979,1162.4620802142445
74248679,1376.1109372042383
67415672,1007.3980609065044
80048641,1802.9355390490196
42348096,1658.9712069351328
76460518,1089.8573093666519
34956566,1618.3640958459705
77002192,1677.5968204836481
88577445,780.7767029995267
38297974,1213.088858849529
97975641,2085.998690581857
15692698,1716.6933748438869
83507949,1566.5080171687287
91740530,1605.556096888117
37895673,1337.1241681439533
19139820,1834.996624951876
89742287,1188.5750717115138
63175133,1977.4849472361748
52867973,1683.7210905424663
16690451,1219.379958259236
37055011,1674.3732314847082
17248647,1510.0729915933564
17328412,2084.6486902813326
63923102,1629.445517524712
34421040,1643.9609449581876
99940233,1806.9704233626785
45814646,1725.2228527206341
58613984,1167.2792253450789
31285738,1204.0589436291425
35071743,1572.7380268234128
52223959,1634.4823983720319
61904367,1070.6702765987243
31525138,1543.759608382848
73171290,1325.5985517350957
44582195,1484.5324571470805
90109527,1434.3158731934939
26952082,1365.9642314764374
53620380,1323.8633332736988
94287883,1074.4836886795397
77186365,1679.4600854005128
33864808,1650.2494623740313
70959138,1775.7305856611101
52099246,2235.7636733132667
22249291,2010.969515422477
48803280,1367.9205197776646
89982531,2100.4823413169797
64289923,1268.477136162454
22000557,1426.9520870399215
26219747,1173.6372557966192
31130738,2397.292404317187
32445244,1257.424127369848
75236281,3085.3766208285406
13587715,1394.877934612336
52514750,1267.4239790818929
90786271,1804.8455881170046
15005065,2200.6813336263976
20097518,1121.630813868327
50625868,2126.312735088137
84412981,1569.8114912507297
92773944,1972.71906322162
25312123,945.0654684118215
70396417,1847.8480227812126
54865863,2415.4126459778754
35803808,767.4033567857646
59597265,848.0145906835534
93311848,2302.229012939575
32340446,1697.567443130243
96794801,1667.9712341790398
40380864,1413.204275068997
82007689,1846.1546250556646
84851707,2327.461108720746
83174692,1905.31195508571
59083400,1819.79919933176
17580169,1254.7359682831914
18219500,1413.9539534551513
87811781,1687.5429370582217
14088369,1061.1503160068703
67659430,2325.9639479285343
42456496,2164.768704029566
87353322,1683.4590516434807
13917344,1061.9534743193199
19886405,1544.5781118892598
77800166,2343.2507990141858
77068569,1785.0998685932084
88362858,1585.4211661059785
71241476,2687.146380868634
24814654,1321.8392809173433
46691706,2742.5602488132818
79162545,2074.3400494626285
42908985,1828.6390902231433
74936566,897.029032716961
19620916,1942.62266131608
54347722,1487.42929070599
90271799,1479.1500559027288
25414359,1349.8394430535177
35809369,2476.6825102546127
57731323,2377.875643668144
37887687,2254.741667458439
76623206,1482.2328460015083
69954876,2437.125238591706
78180146,1892.3173559525546
90681578,1445.8701670576993
41794614,1427.711944540034
83295852,1780.8696388704188
31156145,2694.017761282187
62711916,2381.6601847170095
74676618,1503.6898718607542
43248708,1663.944212564662
69180825,1537.801486673879
75624999,863.6751678320944
37667208,1178.3971054664914
77810578,1349.3508655644196
47115768,1807.2498869488147
81589304,1406.0193931716294
74472711,1527.4581479341548
82711188,2178.8449251322763
55272778,1951.7996270666754
98229885,1335.125430527473
70058028,1859.2960746784527
90729377,1848.386294179608
13401279,1196.529323382744
85519612,2552.6131659232797
17006769,1600.3969457729734
99888523,1403.6293658413472
22354297,2236.0850461406726
43508583,2044.366521799095
96795828,1474.8572366428912
96608998,1970.0432506081972
67452091,1290.9544623921981
40571985,1593.1959926365341
15232782,1574.1635139397506
86789043,864.1269797840811
14046478,1784.0335402903104
45515801,1347.8897637628522
26318506,1663.0875524113833
34584473,1341.1504218509172
15369631,1980.8996151614317
26479383,1251.862061790479
81346470,998.8529469870144
83197984,2140.886301664118
70331904,1072.8757960711546
78907246,1770.2477125652947
42709019,1904.1404985046604
97184353,874.8445752010729
35589537,870.5328835220419
83942112,1327.4376341261166
58293013,2044.0983767836183
78567689,838.8480276884022
88610012,1872.3870068935946
68628621,1722.3862736858628
51584806,1234.0356097030083
29419986,1260.742771221961
21476578,2010.9855465281385
77370060,1556.1731668637879
33607448,2618.6522785921397
47890072,1398.9952160010273
11234362,1207.3461703954931
70681971,1096.658268052255
45196219,1988.9329506882923
58136807,1500.3208513571958
21383428,1946.2083197739805
38088367,1695.1121240251057
57071133,1403.689863292026
83834449,1761.670620679344
72194210,1306.3970922164967
14582584,1407.33770870224
16017322,1475.6776825950378
18598541,1215.1689024353914
82812670,1472.8732307593718
53563234,2909.505064747086
63779141,1703.0287398977057
70854456,1836.0423707465661
83535660,881.3703738618543
51099419,956.5206384444642
30503407,1348.751550871539
90802363,1273.864270498498
84057874,1299.0069425346119
93637941,1289.339104579604
33888588,1199.9986661801354
78183407,1581.552874844211
88497510,1631.9508458037617
88829918,1536.5432277707455
72639649,1722.707364685366
15627595,1711.4564798935064
68832460,2584.110805243018
31734310,977.2570031697152
69212161,1960.819552923245
62980146,1388.4556181118353
69972227,1809.2860034386624
53162285,1098.9997471639967
10963473,1761.356187259328
65276908,1339.3984841923966
72611634,1421.2877774103363
81292347,1548.737152501674
34705944,1244.7225452101675
54322977,1428.374984350943
27155431,1350.444907746253
61373056,1494.6825575003988
64530093,2036.9694688221005
44187538,2371.796149960488
29110806,1176.207425391096
34026881,1636.302626767657
67734035,1688.270300689089
90355788,1992.2917226819775
76930932,1329.2592024809946
31194080,1502.816695276013
26948420,1530.5281516187772
60117998,1483.5503783282347
23540580,1871.820271572635
29255361,1752.3197888566365
47322059,1370.569396203401
50570727,1679.5707824612448
71874386,1252.778386572575
27325447,1169.0461623726546
92986477,2563.2544739879468
27856293,1684.4770444395263
55159001,1615.8125216335513
88660196,1651.9527708048658
82148252,2282.9336504228568
15421314,1800.1822525926918
27620141,1419.9972954166958
12348320,2982.410150191614
84344897,2319.0761143891277
10950855,1710.4231486637345
44290434,1586.842418944651
84843689,1318.532947008562
85814690,1205.213655082925
60406086,1065.6481901629181
35395832,1903.6098365254782
54621645,1401.9105317209592
29154162,1520.5730812910656
40230589,942.4323347536786
46902130,2401.0383317983506
70579622,1887.9010880577682
86272378,1515.9197500415646
12294631,1747.5194746384573
29412564,1255.6058715272422
88089176,2244.2329820048167
91193188,1544.4509154189536
36523137,1253.8736400986131
54050884,1842.7794641063033
19187985,1003.1480946481496
91884750,480.9878181665416
77985469,1035.6428411045315
19362736,1251.9477917742634
37641826,1223.1875308228718
17997673,1522.2322729702069
12296621,1428.4852758282002
94210085,1438.9160752664075
84475360,1757.9359187315981
44450631,2518.964623412782
96917819,1746.1539304685327
76581579,1477.5005476044494
16376842,1006.0151285329488
20378565,1874.5100350299651
67149501,1339.9532939678
74149592,1529.8459928000566
55437574,1124.5629087423083
86258875,1167.0477708080598
25154125,1545.9317348119548
64289878,1288.923060665842
59484061,3711.234296730564
39600891,2017.6346121852068
40907835,1208.6567636494665
47183606,1469.8297294587828
71132260,2253.90283396438
19424487,2029.3778630770864
35720925,1523.5073400732226
74210516,2515.156569612551
53089641,1654.4892579517195
27778699,2489.998449607825
73489375,2772.5699101982827
46042524,1065.7742278205549
59554727,1730.7380961666122
31273971,1722.3539387526805
31543147,1204.4363356451431
74490349,1593.4088652457654
65190591,1066.5447396463455
21122660,1639.083921867154
54597323,1909.2133096833315
77569150,1182.5168414513214
68093533,1360.6580424062377
87099884,946.8977966165855
64825958,1022.8883466483
27545112,1494.9060503279309
87791632,1561.7469383942343
93384265,1985.6943423652156
64047299,1131.3297306848428
23357980,1526.5747009424063
88585802,1448.7826920058978
26754357,1985.249872205849
99964380,2557.9761616358237
63611208,898.8135302643761
10618556,1084.0505816851157
12155276,1481.9469191212359
56528554,1690.9273348270733
72203638,2286.3749374355293
48174886,1790.2756008990875
25749233,1881.3287093184033
11912269,1266.0538373907198
14181748,2004.1451334770804
77013810,1899.5807862499394
59885886,1541.735105202058
92982194,2246.1229254986474
88065861,1708.4055446947596
14857189,1750.4129591200463
60358916,2008.9377212407687
72265262,1481.6937571435876
20471623,1685.164656256995
88951362,1519.731530989009
22364003,1683.0444520727967
85137999,1775.460722287301
84176549,1777.5495969508877
25849299,1265.2314953244304
21233903,1639.9653620726071
95963515,1439.6582521221644
47630408,1584.1793810436095
38763223,1291.878531026739
34812513,2484.043337733927
77372953,1025.2276321452127
74724495,1860.3886224302753
34162435,1809.9610955042058
60046268,3325.805318481318
19475755,1387.084021154704
89620481,1168.007105596725
26981207,2449.84898073169
13918048,1290.5237398571876
36590125,1479.5117357872587
78119113,1025.5851508298024
43245514,1674.8612443691927
88082339,901.5151431758434
62738760,1442.9337300611094
55254407,2665.0894327965934
85112378,1589.3711160573084
40490983,1119.923243786032
44048989,1516.6324516310299
15551565,1587.8656640313156
27681538,1268.3873193688128
98232104,1262.0075968049687
14018289,1485.5519065510566
82522150,2760.4458247852
65483357,1155.8288767429462
94158408,1642.5374015247892
50266167,1964.12945131346
28805175,1994.913968823216
93929668,1040.7124478164933
15540290,1572.4904639283757
98661090,1522.7035795416632
50074109,1572.2900762381953
85017115,1376.7818918939645
99914220,2241.811940693846
76334714,1562.1937229523219
38140938,1576.8914582250093
93933852,1157.5276022721318
13190892,1654.6504918962717
67747085,3538.826269140429
96389355,1876.6352783393877
42380180,1213.9124340391513
55522772,1541.9937420417448
18839853,1534.172037098062
93030803,1762.973604566375
19574384,1514.2174281279206
17501488,1515.4189385568893
92757638,1071.3208759466888
47546392,1695.3477872571666
56569095,1824.5696266865828
34392418,1811.8245938120156
49367171,1815.4174393118915
37669142,1344.1893749947367
33580264,2085.8428081311613
52617381,1427.5790547954787
13011861,1534.0950081490716
97498208,2142.0024031250978
53388262,1518.900543356985
63018369,1647.2962324116031
59266953,2355.4744246915634
33256210,1457.9599687897364
26585585,1483.599011434304
43342989,4149.860623009886
81962175,2358.014390339492
54752385,1477.5082417903386
12906623,1052.4226134919304
12144505,2456.797730192062
47329191,1537.4352676779833
35302686,1656.2258831330716
29541158,1452.4968356784807
80447228,1444.7403280035464
56399590,1673.9665056710112
44327442,1532.8023708710966
65756284,2254.7820315209665
13967851,2619.5860903578405
33766889,2371.7518277623194
70886578,1291.550257082791
85448456,1616.843270460402
24208719,1492.318456099084
72059158,2005.053708645379
30666083,1478.036028588334
45090209,2135.102329143052
79520644,1977.3854304206388
41015799,1695.8493075251433
22610356,984.3275847480066
46940244,1200.7172918009574
21443863,1294.1650936638025
63769088,2327.0545021835596
32298027,1456.510055852827
26046152,2081.060962823608
60326272,1487.9730410356758
24693880,1751.511528245833
18317166,1804.1576810102117
64265688,2352.0004457376426
27910854,1250.3203342724923
56810750,2258.6147658652426
97007881,1247.9936957024452
90317702,2890.2059952589225
81231529,1575.5757154190014
85899649,1479.673768122113
92087175,1381.449685807655
24070483,1529.5397894263915
87629146,1061.1878047841074
11101794,1488.3784727035659
67889079,1694.115573696522
25576186,1624.5111639733373
67657245,1832.7236597971382
74992266,1459.8457923222074
83091668,1394.0469810026643
41547362,1383.7209161129717
75141878,2788.740200212008
11562295,898.5842350008926
23748006,1590.894033176006
89825179,1331.7928480402993
46505766,2685.5355459702387
36098274,2102.099805715346
61326956,2034.4618185080108
69020339,1408.3860467279083
35844282,898.071493398393
86014291,1783.8318568703098
72500654,1328.5349549931414
11567986,791.4943478169077
95910506,1022.0073092972027
73565600,1849.7521093730059
83729347,3852.8347433105873
39689433,1151.766211390185
26513864,1189.3282609431712
20449852,1529.8384933861935
10382065,1559.4065578127345
61096786,1182.1457001140623
40823824,1608.8273712977284
95687753,1107.617327045363
88043962,2022.3001765304914
43192291,1710.2038111115855
18631499,1550.6157590171968
27194752,2520.1113032540343
48023684,2756.4017204776237
76180232,2155.60319157944
99345059,1535.9492991800619
46554999,1361.9805464241917
57537267,1350.8338735999566
72087202,1319.963062245176
60008708,1374.4772441551024
13534295,1365.5438640164712
90971189,1884.6868332906351
55662480,932.142997893375
81189360,1548.4930935358232
49401774,1780.2005619539445
12131946,1760.4138851216248
78732926,1879.6679058239254
38392538,2302.3289817034374
64273801,1501.9360212864954
62858255,2493.1686323676595
13288053,1665.2788818684448
80940080,1065.8531207059732
73197703,2156.837945351068
88918806,1551.54451845538
45088467,2121.986050831105
42105313,2172.4055203786334
51515302,1616.4164996092709
85071892,1273.625362683184
23401512,1247.1861608710478
70514922,1393.8229891583876
53367560,1698.2088937787275
30799466,1121.631641265804
87442307,1532.3114509965162
84081332,1687.7553201548628
87505658,1085.5980890092746
10151086,1988.1271479449263
19254776,2207.4899466951447
38019521,1338.3769839907588
40151098,1862.9691032472724
75965212,2282.993145066959
38667600,1270.4671926904061
55646285,1520.3527705484785
35548301,1380.3864215531523
18737005,2309.0742432433954
76771390,1703.8507633101065
23778594,2770.532761375969
63739797,1255.3782796598182
40559434,1800.4110647177467
15970404,1351.5182942913766
41963393,1591.369890633669
36850376,1731.3097425046617
30703622,1149.3706273732132
53681130,1562.0045973827714
52524172,2968.52908895213
78986568,1777.6502604691052
60868659,1806.0904002844718
55970571,1383.8097353449878
69603000,1295.4747960243853
24475423,1061.9423421691
30105284,1096.4554115551293
42638975,2512.5227301491796
54205765,2203.3958872464523
77026950,2254.330163751546
55738198,3194.983332452349
49309757,1743.2838398250012
52256145,1696.4436513384346
14972722,1345.1434475804317
47613103,884.0276922942272
31244414,1806.408740981816
67669646,1786.9963882041172
85221335,1475.0300055486261
29598209,1380.0666527724684
64960038,1622.3773997540384
36072721,2136.4221112915857
48855526,2174.3396227105395
40290168,1439.8503109964377
84094689,1869.0204995977617
64780070,1411.4856376898838
62238032,1452.3661608162668
44102009,2024.001155719939
13443938,1479.4632993104121
27288438,1243.0720701570372
26505769,2096.302219939277
62425735,1917.865998653286
41742405,1960.1413957432121
35508108,1535.5028036716585
67267851,1486.5276778436034
65786198,2161.602859483923
69652252,1453.622404650068
78338794,1908.8840792702106
98205508,3020.690244390511
90079134,1890.036959551216
89240929,2264.605432850536
59365630,1266.2067484378827
16423455,1574.7766297505184
30410578,1406.0382674033667
41943183,1955.6692841621355
17181615,1299.7574241527363
31537031,1528.508252132767
55634963,1358.1018231622597
14790401,1764.3451151352706
49470022,1342.0897617371509
68137744,1936.838540517279
10800640,1205.5409249111033
82878129,1312.4947576943357
98099360,1832.6656655748868
36414556,1988.5025854182886
74858657,1058.9820916087451
41406039,1356.1357328816498
67297495,1193.4144540429252
98019387,1695.2330565159673
17133275,1455.9408023757119
44434588,1094.6819468987508
23385843,1724.208200285596
51805988,1753.6886198026486
65443150,1850.1253303531735
77624321,1479.7852086498262
80056192,1520.3057442760764
92008819,1460.2374032646203
78973038,945.4775387139854
36356168,1682.5476833321704
23051465,1349.4165639505306
18225590,1604.2920377257908
30705007,1506.8797327521654
51916309,1594.4899221154255
49014177,2180.413819957421
46939883,1722.2156840004368
27552020,1359.4195806605596
76064439,1210.5590705062157
42732794,1863.29519547862
78185687,1023.7810437430478
37150067,1421.062237814638
60216204,1459.0373738431017
67861895,1904.7972856508081
82668831,1124.2072393454312
26865256,1366.785558139638
20296005,1594.403854323044
91164112,1535.548261506139
48751412,1648.0434342932117
92672083,1879.200667456498
66451503,2067.568302144119
79223008,1341.2094521474273
86295795,1346.3001756411204
12188395,1089.4863264631122
33148873,1204.5280273647847
18236078,1754.8469724195381
53763750,1183.7867709353052
90278346,1671.6154068635367
23921552,1456.4367319473286
60806947,2562.782263097257
87988487,1180.9865599074435
33594333,1463.052286771308
51767697,1582.5838184334532
76176593,1695.4390920162734
20106678,1813.9717972790013
89323122,1240.9858470637346
15084276,1823.021745445065
46737280,1919.4146237208513
27725859,1202.8734354403014
47502584,1467.2816029251092
89375361,2441.212237358709
54279167,1569.4308295920973
62834953,1146.2224886841277
51358955,1607.6111077232201
43105700,1508.8500784702908
71610282,1327.9472051352998
79952909,1969.328140548352
86913278,1343.8255475474998
72344233,1920.819025352461
41143291,1192.5062423911954
47312733,1544.2716162792972
73376655,1541.2955370157663
44219943,1039.772077932978
18665144,1395.3928598974258
38016360,1769.2798967676251
50277432,1409.2782861518317
14668690,1311.9203936168915
44041678,1928.556586566303
68597599,967.5328989452412
55600173,1683.5434894876676
78109218,2653.1012924475453
43432402,2088.208614421028
57793276,1819.2012537958894
82143513,1697.5079297776313
13373907,2609.402470812006
78336625,2344.1385228571407
51821030,1930.1180867277271
57620512,1000.5244440707608
94840760,1518.5220235668062
71866671,1715.3530863682413
12967437,2942.5285254425253
94620585,1423.9104130177934
45148967,2163.002178814193
28096166,1253.6305077670695
76948857,1525.5557847226366
44584760,1192.3685471083318
36577484,1963.2839909523932
63103602,2667.9272087189047
15647671,1816.77399220305
86020607,1961.1012962719597
80235014,1497.6972105687335
40496834,1163.7853205654028
98549441,1735.861637087984
71915619,1790.2816694009623
27813348,1881.0175825155393
48090735,1569.2555456839107
91818207,1953.9966741091152
12597429,1281.0813416122087
99318296,2341.3379066888847
38085169,2515.760841375495
38823071,2011.318670814205
61630311,1887.3836593574708
78195551,1983.4638952346638
88131419,1423.1810455815466
18300026,1450.3160670003213
99585455,1991.5746701607766
51530595,1977.5438340020498
94166971,1276.4597193546201
13633057,3230.217054406544
68298368,1194.1785518496972
69215865,1892.7684971680085
30064972,2090.4739865192496
96997224,1589.7446507701372
45138943,1113.286054602017
21749235,2141.9697762354554
62856234,3487.6250285992865
23982292,969.4973405753899
17686144,2158.012040611583
57256437,1904.9327532871403
85469927,1482.2184728185614
14451732,2288.4517838196
85268432,1511.4300125511556
64602955,1216.0893642127835
74101500,722.1533043113394
80083521,1497.9671040660562
11433359,2401.512232461143
99198713,1263.2532960932942
12281135,1312.3228341285628
60094475,1601.8815819045915
18817746,1323.001328752099
80803307,1919.523918909194
50415370,1364.6390364347121
65098425,1640.7741676794546
52785060,1310.5213902278217
76797423,1547.0566122724179
57752962,2330.8995079017477
30340212,1544.8252931688348
17309152,2574.46329459604
29046975,1898.9199863936724
58339630,1615.4592308231217
38269849,954.0484146404569
65498444,1399.5106915139706
56278811,921.5178896358314
65904109,1153.8306773324061
34436387,2066.697614650266
83162633,1679.0646182213923
41922575,1394.0301913798712
67606284,1440.78010606576
74148614,1429.0312278540944
31898202,1585.8381532213427
12816787,1865.651854951395
73390625,4459.403114713092
44602780,1628.6696504784836
59497966,2389.9262631085594
33304284,1425.4212731498512
70931726,1546.4065695503568
44381487,1427.2800363762485
55483533,1599.773355126044
41096987,3104.484114781052
60844342,2761.7418895723467
46382270,1101.6625401650522
41975761,1416.2791307524576
20086347,1162.1125923443792
82572177,1652.2121879049594
27871083,1211.7281955759254
47060550,1694.5532078384008
44062914,2188.3636976028574
29352791,2644.016392273704
42368060,1441.188719127305
83186065,1748.3696013547458
86750602,2000.0799325838016
18043718,1337.8711397827383
85319365,1355.8958872367673
93521329,1310.0346225060377
68774400,1602.800905930444
27686846,1514.9456159056224
73144512,2334.9275206439706
47707941,1407.305550776659
91947483,1546.7687900349188
54467473,1969.014767468788
25827075,1385.3597700622106
99472188,1593.7154509326665
29814538,1915.6478085445242
98588385,1265.244901040267
15032563,2458.0846527398235
73738020,1872.1167069304086
11480212,2527.455699684864
75221745,1644.8468084043673
19968090,1599.7915294302459
70404205,1363.3059251774157
68659791,1675.4465526481126
33092757,983.9524850735337
78193594,1975.826735064517
98198145,2503.0651112821934
99767011,1814.6835853374348
56688046,1566.4781658665388
66475382,1146.6873670512919
75692782,1881.9878926252245
26808729,1628.3523732667686
32171695,1467.8120554738653
88456703,1682.3538855316604
20999557,1446.2552162923134
28934979,1313.0608374272613
37107836,1595.7016690013902
50278467,1521.724789322407
61940174,1443.3345815223577
17559774,1578.1895936034307
21430086,1943.8923704926476
10776426,1382.4452948150824
98097088,1832.0896308070226
43113087,1199.5601563453022
12862019,2620.5945360863707
44592366,1162.24973900861
96886172,1472.1372878413597
96480201,979.7480461523114
85983502,1592.2104483441826
23038927,1008.2951673294228
53573032,1753.8365040590963
34553934,1505.4151121395792
51249487,1545.1612779736206
85349173,1448.9161826695201
40895869,1248.3544991653062
99256510,2123.0609032913594
76469230,1416.8973880936478
18165718,1940.9024119516075
96264289,1437.4978331278912
20452221,2302.910431673142
15739031,1374.5341514679785
75157790,1610.8537843143015
28901434,2434.6333312970146
98941473,1362.7713719673857
84489512,1265.5078867435323
11168890,2055.1662125150324
45041073,2076.7520988604338
85582491,1471.0783604224177
14863106,1592.691391407498
53607444,1239.2309629399745
39640829,874.8349695203319
83896205,1298.408950342984
66887097,2145.2024064909474
54562627,2298.9356596242833
60923346,1851.9940938642233
85626709,1393.0567825617522
11687354,1300.8326091617612
99055900,1252.1309362947563
94176139,2046.0598408968165
65142810,1437.3959279668813
21025866,1464.9097744154146
86231352,1596.3689390757959
94223565,815.8233837485274
53094412,1747.874003739381
16579300,1903.1066252220917
68788821,1596.3293092832803
22347006,1391.0163786961111
89447420,1614.3649431590875
92132840,1760.3703711913179
61120099,1468.9033109310033
66390529,1701.3155556459158
36752526,1848.1444812339403
28673093,2526.866871656788
60187719,1369.8788651667746
47937195,1034.779848704743
18528428,1803.2879857996174
72855294,2246.9317563159802
77314174,1244.430887783381
74208091,1345.2898115174394
25265856,1106.8144110388944
43541187,1939.1113947386973
22027673,3614.6516093104574
39533389,1540.5311132099841
28548263,1711.1432020120724
78891989,1511.3180594027829
68562696,1779.5428355689435
45297826,1848.3371222727876
14532340,1634.7380165354284
42487332,1269.1352316750997
79497837,960.6992207053253
48787566,1387.3151467118232
43024895,1306.6271060412728
54043001,3018.6647181992057
18517095,1129.341404294565
42190640,1590.058428880487
81702926,1630.2802718626292
20584669,1372.5019873612644
48104361,1271.9228127700756
95781341,1904.9062270509755
42595500,1318.165854608431
34081689,1352.385762644279
18465181,1608.1540423218432
87028165,1229.6784458403322
25157413,1527.451180485924
33500861,1685.49088210382
22501784,2027.6236548252891
90954690,1541.3014088548264
12079890,1319.921748115452
24560931,1485.1766947028245
57180097,1679.2832789259237
53805689,1231.4736558899579
54653374,2072.1379295926354
79714919,1669.8288150630929
52629831,1047.0361379092114
30315883,2059.117611925295
55900800,1564.9058943361395
62528560,2674.4984338868353
17439043,1906.1859859202584
64302335,2297.527812204652
53498595,1461.9432273783711
92248005,3550.196972342549
65132848,1970.2366790743936
54712644,777.8372716638194
26501578,1237.4989467274522
57973578,1789.5326927601438
64849387,2090.514397163877
38331875,2239.4095648021207
84564845,1278.9774047966803
34335614,1686.1722899692045
18851658,969.1700900914828
10997678,1307.333427017149
40768250,1256.0160921447427
47646719,1295.04910711288
92937467,2118.7682040513273
61661397,1718.516460479285
48317061,1192.03983068531
97216589,1612.7759168827545
39977323,1390.0912882624189
46445975,740.7967495456318
94283551,2151.8660175371388
49677766,1311.968983060979
85991335,1996.0639702780438
23059563,1815.7872641543115
98641777,1560.320097551043
62115510,1104.1775677733544
63322573,2341.0823383182637
88463974,1529.2924236680617
29063398,2255.3768659825037
94756964,1747.9152666448101
84286445,1396.901542228238
86644899,1557.283979031905
58366829,3125.727923993246
87935193,2030.9064430687788
65710078,1151.9296821691737
55211028,1048.1437227112378
20090342,2154.2318782831044
17885846,1823.4071876878027
87917108,1576.2955879268955
35243872,2276.6183604765856
78681572,1445.3965251041827
36496663,2625.211133765685
88567292,2469.2612307306945
90883683,1664.977726350282
77163639,1743.6579620649645
70680981,1643.2048919591884
72230973,1460.5359056027723
13786940,1724.390160299772
56650323,1996.128042904126
67337097,2058.1171562638688
65297160,1243.9362909477
23393351,1078.6722252618779
43711949,2004.8999890862735
45998905,1853.1934998318907
94413146,2194.943560646775
30684529,1425.7001585056425
28147355,1701.5927850312698
14737001,1581.5366625175266
55758535,2590.38462762375
95914131,1649.6819144179676
95400320,1361.9624770915345
29157079,1414.9858647494646
34838551,1310.132138365806
79573538,2083.265751549894
53853858,1310.4337198341993
46958037,1979.9301973537515
40355076,1342.1284346943326
79162800,2068.5497949048618
61449541,1600.5915832557005
68870249,982.2986466417765
13256146,1905.097489864744
23687793,1031.9528169056473
49330994,1873.7977906603135
47955268,1671.1655798722907
24572229,1021.7470018084889
85493065,1556.772104371916
95994562,884.3165653647395
86822089,1292.0623569457216
38878729,1214.615403819321
83459912,2869.1562271926896
40295244,1480.5734802823742
95702507,1824.1461464637132
97865744,2177.4641448759794
81724417,1347.7481544109191
22296895,1409.5439248731145
25100739,1656.4697492940084
11994578,1318.1134639338932
43823713,1669.462288120838
57595389,2431.1981702341627
37162594,1829.3083831684946
51432674,2293.484658794254
96977947,1941.2461572355344
69353041,1353.0013764550083
97471377,1055.3072684284675
78888703,1315.8164497639987
58472902,2612.3907598304595
77647159,2236.420278196294
63649430,1309.9778071083142
11295973,1605.1677174637266
11886952,2244.7230095443356
31115337,2127.6052090688218
53945582,1531.721532293669
73391100,1427.5703849598622
16170017,1299.7273508426201
96391937,1505.18379467289
49663888,1528.250959161914
37966282,2117.3960864496985
91789209,1513.2562287711323
47228126,1481.136133900742
26588476,965.8627294649291
87591569,1567.1951740925292
15315145,1758.1419890534683
70198893,2011.071684994931
61666968,2106.281772194695
22175686,889.4958216922063
63396595,2066.6164156681457
18727617,1868.3544539659804
19777468,1279.7808213598682
30527873,1365.170613738359
95114158,1094.087632811697
41739701,1352.2699644099862
11369670,1186.1174007189516
74973026,1345.9012339368528
73622781,1698.8890464095805
52281834,1369.1235806537836
16897176,1856.5856676939509
63339672,2008.549496894527
94319057,1957.7915688143696
89357552,2194.3584857821907
24886317,1524.1652108214578
59666869,1396.5582743075108
72430983,1739.331662437097
85345596,1435.0441225142806
24218852,1422.6690232384399
82044920,1721.2535551894243
28204462,1406.3781714982179
25544623,1881.3123941055926
98645538,1846.0820763351408
35786181,1245.0189846386634
56759514,1483.6281085117187
94979414,1399.1184971439686
52508190,2181.940495673907
49317061,1692.6103516324897
76293520,1683.4961067259555
67067662,1756.3995177918255
11847526,1784.6199988856226
14139283,849.7365163119422
35602964,1847.043751300841
61092334,2357.7091040537625
69270579,965.8985759725115
47517321,1896.6668919553495
10542988,1663.826150345815
66912082,2922.637822461691
42445139,1992.7234562832793
73053729,1279.7375021877983
96699423,1233.3711733788
18843679,1816.0478439536412
86433075,1528.9401949655542
26883104,1355.249921474391
19601132,2158.7394342608645
37017650,1418.1106401839993
83138933,1523.6214692978701
73247661,1650.0543876689817
59307450,1870.7032314767544
31131827,1384.405357959548
69966233,1776.1463235328329
40243877,2408.8859356001176
41951589,1635.0427636269917
36031262,1775.5548541991618
42623413,1933.7315314984085
67891203,2013.0048688954591
51970188,1660.2996285252182
24213498,1452.7688501762034
96242069,1850.400919604007
41943430,1743.3382011694064
89189267,1181.1215688711752
19898345,1077.3924128014166
60572858,1459.5417177283043
34988552,2510.452298692019
91110384,1583.727509611107
75957507,2086.6732750144934
64422949,1397.4898485123554
93823627,936.9343539509617
93745711,1965.119743435842
17782008,1148.2873755620813
40016743,889.1748298019387
78676337,1884.485589499361
96591242,1647.493446885912
83545822,1253.8109436798895
89501773,1043.1781185881487
19293886,1658.9815621482212
58534753,1606.3092232003178
56198063,1393.5431833300765
60777659,1777.3335100058039
65431978,1286.3225620118856
94604898,1631.0725872181736
76197738,2291.8425837315417
81980523,1803.5154782940483
41676275,1394.0048995868397
36497965,1692.920680182423
23177824,2026.5371015024932
85192608,1250.460213631005
30289672,1548.1680746972058
98138275,2250.225240725531
57817320,1088.0619649805099
42234307,1532.1987996403282
35893634,1146.0021886075722
18195993,2107.9203842876095
98403244,2914.01745656015
63004294,1434.820659879509
54567579,1800.9117224977501
91568379,2366.701943513268
82476880,1250.776357160008
55652262,1218.4694554638681
20373341,1317.023519442319
58632297,2136.1913849036946
24786934,2197.209746030159
43722745,1805.902766498338
87508719,2330.2931358405876
80752603,940.8188352835847
16698668,2087.3299227389134
78798734,1523.7975082178298
18461999,2287.9200260781517
81299277,1673.6757202650995
91417891,1532.7423982296907
25190830,1907.5870148884226
73164327,996.4032340010791
92759943,2351.2933764032086
18785269,896.9542862290085
67717385,1704.7624731223545
68136920,1901.5589936505535
77810360,1567.1238039166062
62012820,1678.6521864782833
55983128,1533.0854386087926
28119370,2118.451703463882
34978717,1443.988049202765
52374215,1346.7284483906387
66651771,1050.6491308779446
49306420,1924.3739107302515
57524470,1993.9133984100722
50884173,1938.9034198177044
41477733,1623.681755314568
14875840,1847.7068856969288
11186021,1252.3035333747723
36355598,2341.3273762443623
54557949,1897.1833400519772
69426516,1643.8807027356925
92092667,2076.826768076318
52668902,1521.453689715329
63561915,1173.5809420665398
11154750,1892.0891916134763
48765039,1266.8233671464857
91136342,1539.4983696319055
41265217,1424.6015506673584
25331950,1429.882336629098
59339185,1686.3378737170137
59925803,1132.9896174199384
15169957,1378.8498557469961
14437249,1710.2220802398933
98971521,1774.1194129099833
26418410,1630.294816645934
85892267,1882.3433750993854
29358885,1088.0215487023918
90069301,1771.0394936148352
11408026,2051.878902769904
77952900,2819.6946121381006
83752708,1955.8156110199782
15243872,1492.437232183343
20649757,1208.7448806158611
94157069,982.3954165999519
80138291,2256.7843377131994
79658232,2533.615579639817
20876663,1552.8147954411072
66248879,1685.9465897016607
98196787,1673.268483490009
11070217,1135.5305048943042
54123194,2196.7234814689227
86862821,2658.6382148696803
40252559,1587.305408048008
60519623,1121.7653437741683
11098932,1584.2046540721913
77544004,1858.4419749192252
43855714,1597.0312937001563
57112829,1553.8385316487218
69104738,1346.0825761809679
51426009,1607.1249768033383
96759585,1448.6744542091028
61695552,1454.7388463722048
29335973,1351.0725297257734
86711404,1728.026126393092
96132003,1381.568624004034
71930157,1318.3624767137026
24207989,1141.2487399878069
81239737,1156.0183134793988
19246532,806.7365828673062
12541440,1217.5679168465274
10876544,1994.0492710251601
11012723,1611.8967617716953
38854043,1140.1268212445727
78679072,1582.1586833822319
39567200,1711.7603101386185
59107952,1626.0966891376356
79981461,2129.0747926583053
16385065,1691.8240883417034
42418677,1694.1737192471987
26750207,1421.3787469335646
92430939,1675.713012530032
22967094,1405.3857944224178
40195159,1573.4580216105496
72466218,963.5860835019037
34482136,2406.01336613446
13940540,1543.9511777353616
22725269,1893.4328320600719
78995555,1622.3476274300272
73638726,2993.435884745697
64722395,1500.8017242371268
89563722,1462.8098891080779
32568591,2000.757881617078
45801232,1742.744549066845
20301291,2148.9198416883037
40244043,1805.5465927841997
64129406,1339.0508942367478
72297320,2187.0697690269035
13456518,2076.795657557639
27325248,1433.6532902965023
33468754,1748.6328989255805
60910395,1557.1228900452259
32681832,1764.1158806829126
21428869,1629.208745903888
86653666,1909.874680233275
32786522,1321.3901675032307
64027869,1346.8269775220235
34126567,1500.6905621347912
42278394,1870.2377468086595
95376056,2330.9076840424223
99562015,1228.6210670999903
15133980,1406.9744410510475
54026308,1101.4863338174182
76441994,1473.8864908243704
94110128,1907.9328790952316
20201258,1718.374617243581
84604326,1783.580687672027
27309117,973.8646100853754
85307886,949.7381613626562
68918906,1617.0830424976052
16328223,3588.137928500273
18599779,1644.4023976010062
54032168,1988.8149676678772
56206271,1716.7655067578348
20991939,1264.4856476594034
78007881,1195.5873960155743
43136632,2086.4526037143187
26961880,1847.1073680161676
59246484,2926.5302279212465
97485255,1181.1358352004459
21548886,1353.1511717996996
41405520,1631.681297724056
17265204,1296.0888079430674
57594370,1309.7107473826013
86204456,1652.167233743253
47896500,1331.3896837301897
49072175,1801.0511936029598
57819104,2570.9335462270265
38029807,1527.099057463582
72219430,1465.2926357194935
51835434,1538.4737530393165
40820294,1102.9599005380317
39676991,1551.2495078550194
47329975,1521.8208152008829
40515929,1404.4017631939682
49496398,1203.1441898182065
79829278,2986.726123278515
25676253,1820.1913396017205
83511561,1929.654951994781
97282391,1353.7293702641396
48159381,1684.2871008686238
26133617,1128.323565027285
14830790,1299.640302531513
38458641,2117.4197031062877
92902816,1311.6719243819002
67366474,2165.7322416123943
12931119,1782.1896480992095
29119450,1680.432975833586
69182586,1749.478129449343
95601790,2049.6315316807104
37235321,1978.0717632897906
18453791,2114.5270325688584
73959998,2306.6219282492393
85145437,2221.8010261780887
20490331,1618.1887852187688
40505076,1417.1271092649374
39895736,1691.550357306764
36927127,1548.3841630981676
68104733,1809.6411549603865
65498526,1709.0684217558653
29077796,825.6239313418746
12700500,1865.5918959720923
23234787,2086.159392585635
32248328,1756.854780237512
47710917,1011.917028932081
53904169,1608.0704847771774
41795394,2214.657244877766
81931808,1759.7648024191294
89546300,1913.0872168490039
81512800,1264.2469212459478
74490322,1027.6209899919916
77716971,2179.0755841525406
76509280,1640.56345520487
86774198,1392.6914456545967
63795592,2909.4611167590747
15728342,2681.447618987402
97525554,1444.7986844505845
81201227,2049.3734797412494
98995752,1064.4765979222852
88336972,2768.638505290739
56577963,1665.02240664825
73375002,1496.3637349659562
92846400,1733.0340874230278
63160455,2849.642762006739
31277941,2124.755022100223
44244750,1498.7084653515485
46198195,1180.4102590751577
92939641,1254.061500445353
97399227,1009.147894593594
32829265,1480.5002137753413
73813213,2619.3165710618396
71142772,2212.3401646875154
26186456,1396.7913831942426
86118507,1459.5524164727549
91253288,1567.1228095776935
16739260,1877.3015471386448
97712970,1651.4327643154527
33709101,1844.2665254429478
97473173,1074.979968208527
84445365,1839.4274188403663
33683407,1588.6117600660502
55156833,3287.524808310589
39198647,1369.6894817888012
84859914,2252.65379662345
42321053,1143.159025774843
26496602,1729.7225327234505
87373088,1207.7169967781101
18576200,1781.0045117759703
30304669,1250.7821928426297
97043852,2297.765816015146
65885111,1721.7679759227658
67235670,1904.4724853835703
70791484,1310.4247520020765
80687580,1816.231423771927
15865255,1957.2781566460187
50517128,2143.2552882483506
72791395,1999.3942133239875
43267986,2878.385265289183
93567577,1215.7512286373253
15107743,1240.3208650575439
50225644,959.0247492304119
50174181,1403.8424385141975
41401409,1171.3187002478385
80395755,1623.423025317477
58616743,1481.674008871047
62863764,1741.5732546667168
54033467,1284.5975922563366
36905471,1902.7176154103965
68728934,1398.4443002579371
11399296,2009.2553497807373
42319589,1193.0568777981655
71193471,1231.0026195605783
67728154,1321.7317150492308
99252537,1681.8635814166662
69554397,1619.8092740436555
57406844,1480.386549713086
17460622,905.1000151655102
29136908,1944.9214262006305
88836387,1245.4514942009312
56749521,1403.5408908586157
42038296,1493.5820855515776
27575312,2105.951404964704
27787635,1663.4467770855795
22639453,1660.415077419968
95074248,2513.1710114844036
62398547,1624.6244248398607
48210895,1789.8477260133498
87163679,1837.481290393016
84638479,1433.045983847444
74277222,1277.6879194937837
47124707,2556.0385141105116
29597912,1697.1211433847757
73217471,3198.6835952993297
54203733,1325.9695884015343
86493934,1462.632193339128
50925419,2227.453921420014
36161210,1649.5095844802688
18638157,1438.218262501709
95763224,1840.7480425116535
92017449,1267.0887826086937
30955049,2082.488448827791
88464978,1589.280399762415
81709003,1196.6349612069462
94640782,1261.5429865382512
28684873,1411.0789605995155
82032258,1793.8662389643036
81929396,1096.7261264947354
69137949,1941.4480470488406
58556748,815.7977127692862
83494716,2602.6006126601287
51219421,2070.032666183937
20118968,1196.0116887469806
56424305,1810.669530840084
91040440,2479.7099179029574
82249910,1790.86082772318
65005094,2005.1063610766505
14333847,1345.1980722711428
79940622,1917.1483752307602
36407377,1366.0827945165574
16485177,802.9102856662461
19967320,1139.0760978474145
86757224,1116.5329145272103
47859734,723.2386457196088
15329881,2547.29687906269
38097629,1794.6541937103077
63914375,1389.8567067994595
68107359,1085.7719984070995
30898448,1780.7050787567814
62098958,1082.639606785236
82555231,1484.0989597457815
74537472,1448.6874923106934
53883476,1277.990952405808
87349008,2673.940473108285
60387770,1545.4277939888202
76029782,1771.5658751518808
17330605,1707.285575084135
73592240,1839.8852513550748
46762043,2183.0612621747982
35726404,1923.8753259005916
19188826,1914.3465348890259
69934099,1144.8002827469968
98236292,1525.9874566211304
66601351,3382.189191010215
24082367,1433.8773895507297
86399833,1642.7361205096415
29406161,1817.5417070475032
77568118,1484.9240017253483
68454220,1567.857132796342
20326815,1747.7910777067661
96392075,2119.932524057219
43846930,1407.0815330407129
64059970,1819.4774050550943
59660323,1447.5991287276274
30664289,1424.0812489024001
80504110,1643.7866784966038
69214158,1415.2080959954976
37153701,1831.6873900036996
94463524,1778.5124991573498
27069908,1556.0891985607395
19881454,1921.3526561319375
62073736,1694.1923759118486
81301863,1622.4312043134369
84692821,2253.257116107521
18061173,1226.47131967215
20396165,1561.3681630666551
90290263,1709.6524314591347
53205197,1612.2962802611728
71639333,3162.544821302886
26581527,1713.026462496331
88753189,1963.93013783946
12152481,2511.065866523384
66369748,1749.4428178573485
31086360,1501.4426775704765
68141078,1430.3096579408586
87072389,1856.2102079931465
97229380,1425.6837804572776
14239930,1127.1233638276335
47067735,1841.6237812081717
23013670,1216.9086963262437
91166617,1538.9385731613188
46464430,1858.6708848673468
48307993,1274.6181885289056
65322743,2512.378254762786
50086685,1660.85495951275
65335801,913.4721512373146
83887090,1848.3409715993373
79333390,1696.0682493145418
84490520,1612.1797683620794
90753494,3343.149592463673
17091898,2713.534783836709
94064213,799.3796609992642
76172003,2207.890433429304
36639874,1438.905793529044
93190659,1878.3130943921158
77671761,1069.3092504094896
64459243,1786.8849464793136
92415904,1496.6014285257593
22451687,1451.4024743145153
99098676,1952.7291689628323
96250656,1867.3959803250884
43637666,1514.105597955801
87755511,1850.8691028845244
39642098,1451.264943710325
29533984,1604.5604042564373
57860445,1421.2593057448141
33335103,1589.755371097402
40928352,1274.066441468272
66938624,1846.5665095648926
97908221,1436.8721627443479
32317269,1298.065295854025
56374872,1212.44247844396
56164704,2586.221051368988
16557670,1449.0811198367378
57350487,2286.176720179252
73640189,1222.496887960708
28886856,1661.0262702204325
66838952,1193.9661726778909
73125445,2862.2204347762527
89817544,1517.0004812700276
69175507,1350.8835446099565
93099722,1854.0304719801486
42498618,845.3629514500888
58133975,1356.7202900534137
50823382,1494.5590037081
82720881,2380.7603631630545
47566077,2471.9220692564186
77236358,1950.980688321346
24977235,2829.7046714668313
82212369,2827.006511568671
61416619,1652.4968733893256
14011629,1099.1478478955773
47820649,1121.6561084446985
87027470,1254.4074675329177
84406467,797.6842853019817
18483336,1804.1530360117438
11745857,951.0435289188435
72009137,2078.475295326358
21373342,1436.0544618900042
50764118,1546.1675068230877
17876513,2749.5933797921525
21573530,2598.4774768142706
62535056,2291.0069141532326
52924658,1570.9042053981022
59116751,1574.4251857381823
96464552,1642.5627860330892
41877592,1973.041607159623
27556664,1128.3172749349224
82049392,1547.9239865318805
21890177,2288.191825172852
84019657,1223.3362345530227
70836939,1342.459121629294
73269246,1243.833569966423
65430516,2083.2425826589815
15552867,1884.9920062687183
16632045,1565.0105596126339
58510236,2107.6080185598826
94607287,1204.1603133771746
16582909,1143.5529435012477
91254889,2398.8988262415032
52951693,1469.313002970691
42015762,2206.3449778896056
39537878,1531.251075889407
75334066,2269.2002020252803
15509168,1820.3662622879303
21848464,1222.4834599368157
15512926,1786.2720680324985
19852776,1315.571669518362
98991290,1604.151588081901
67867067,1639.4235181945378
75069265,2255.5668337598445
33163007,1017.5515791210963
72461037,1300.6531281882762
79368575,1976.9107014802096
19283832,1562.8339953241866
74686369,967.3154315571362
42431987,1037.3001075018853
49107046,1960.4857692585315
21631633,1459.4402262456213
57757752,1288.9908110208703
64260092,1998.400639277252
23733208,2210.6460555577596
81359267,1754.9864101033702
78964700,1640.6753504271828
33821569,1783.7228434619228
52189182,1123.4115071033698
67362415,2197.706100254716
32252347,1570.1089035758246
42461075,1331.8370200829324
42564953,1935.0792839699868
53441096,1367.6429569943343
28942045,1346.483626584653
92173510,1607.3673720741422
37939234,1925.995654970783
83072941,2877.756626162647
72001493,1947.595996783458
88722560,1030.9031931746567
24458695,1952.2011049896867
34236973,853.4436533537839
63527431,2604.81195975613
35020078,1820.2126755937497
96240931,2609.1975347239986
96449025,1197.3094873911855
73324268,1069.307069724532
20943504,1636.0892308040038
65163807,1091.1817435238793
65735235,1414.212336795374
34006121,3058.6478676456463
11206259,2193.272965763639
21142225,1680.1519938492359
43933688,1531.922375429937
20195114,1375.8915504134093
18089453,1819.4813524969277
87927482,3020.902281614958
72119177,1259.1514823467833
68722653,1414.4376285342007
99012228,1682.3381627591898
95191404,1399.301505542925
68494900,1263.9900952272324
11789848,1641.4829458296078
51367435,1799.770731965705
83199690,1301.2253360716875
44222449,1303.1772472912385
97059152,1287.2396801163736
21321783,1299.0933332024902
89238156,1652.4916438672433
75658495,1356.3694818854658
80514422,1041.326750587365
80098101,2121.5151151521613
57507250,2013.8445952546972
82869937,1463.4577767226247
64737683,2688.212508837335
64663030,1241.7169871310775
22362250,925.9952601875726
51054867,1141.337777239541
60302181,1751.3167239937175
89897892,1906.2345353297671
99745406,1691.1192253819145
52137793,1699.6485401900038
94617943,1902.3073468026837
92402481,1731.527886617673
29177060,1651.3583058982322
96789879,1965.544599290071
16733828,1499.6167918669703
69997197,1929.1140363034222
80009529,1516.3429399960826
70971147,2079.3504488492854
89268742,1695.4537894286566
81559172,1780.789343496296
19799436,1681.88753051692
96316683,1599.3875881377871
16202604,3165.371786872527
99234264,1505.467304270921
89790861,1517.6189441472252
80624261,1352.9874950367341
98327008,1484.7788298267035
43114030,1857.5129694875286
38992659,1104.8048847847608
26185292,1721.1335960022009
84958392,3525.8684333581514
63532044,2187.0289105625598
72780852,1418.317393525611
63755363,1933.947571311261
63435369,2310.1145887943967
49085103,1305.0207299922886
39826465,1467.0106926449248
89335030,1122.3191368935836
92393797,2052.554719414055
36385689,1267.3337820103607
14218024,1104.1581621056014
43067447,2420.907572699374
11821155,1911.7456303150461
96671043,1276.8303024231345
64977532,1884.3575636622445
51923648,1663.7387604805397
52082499,1639.8540472081197
58693008,1178.1676909117964
77432555,2076.5607030608267
11692478,2833.9327890129616
88536020,1429.2454991745851
13996971,1549.5799757435443
92291100,1699.93700949179
77799089,2556.924539472042
46970679,1319.7154493631647
96819382,1877.685331793995
25751312,2510.2404032070453
89990705,1056.7662491807869
52038068,1615.172881177821
32344173,3885.4134475297788
33993191,1383.9232667775398
52279123,2330.5550432246773
18496274,825.3930626542227
89490563,1637.328353905792
17329696,1922.7090895655845
16967446,1557.2667406244868
80888202,1213.312079250031
14661504,2063.2400259516317
19604443,1797.091139055438
37821572,1096.6026016383375
88831769,1635.9120476220928
32405077,1856.9624732492825
52763362,1395.7542750277698
75573252,1669.1242978986718
54781465,2190.9231208752562
22599480,2031.090294026525
93311234,1076.7343733108082
69925053,1387.167033753498
12598333,1863.4412960272798
94909106,2065.2526146100554
86019408,2616.8445397845953
96477826,1460.2493381904342
47575439,1947.7916836380607
44219472,1295.952439396041
14808414,2008.7012055090856
51535602,1308.8815327529994
85960705,1463.9031627618256
52391461,1450.992520212979
81172596,2505.596789688936
11351493,1795.4927651877852
72733290,1042.0733097787358
74877854,1584.2214080390054
27680792,1311.5343166021848
44946524,1958.1547300839645
23475779,1825.050525200473
48465422,1157.771881847523
52076835,1307.1924261691106
44646564,1490.3286904091851
87277346,1283.5785938002741
47973044,1654.208590699742
75500097,3492.837179750318
36145678,870.8968619464744
85625020,1469.6332882819024
97404967,1459.0549756771204
11411712,2344.4378637750087
80164594,1117.3516105869594
30555374,1088.296543596815
93243676,1814.2648151993935
12801610,1062.125907398917
58651288,1094.3851224996233
52409464,2311.5641148789196
26481577,1956.4780935802914
99557550,1077.7223175308752
92346786,1047.2424424484047
33277389,1103.9852158034623
78792921,1519.459807986163
89378277,1810.7307457446175
82856305,1672.5150531498077
30767488,1637.2357534092328
36397903,1325.55359177493
64870928,653.454320765467
11575457,3694.709282970971
39041845,1374.3571756338413
92898654,1913.732014346062
16929732,1529.5130065669475
33334714,1204.3727157355702
12221534,1931.4105614772202
73945645,1512.7355883174605
68971550,1517.9656668029777
75565371,2055.8000949284033
59677619,1274.9493430240018
93539814,2117.9561688993963
24106217,1527.9449177711128
55020351,1463.816676718733
15672017,1537.6455996074046
10841847,1455.6315896778353
86946687,1284.1027452119688
99799054,1888.0905809834192
81128474,760.3379090809077
80366080,1316.4739225889307
10218336,1291.1362741389848
72351128,1432.3405677236703
56132260,1506.6843556226172
99301338,2706.4647863492983
84453738,1308.006834887578
58188871,1857.9854211617633
81971342,2671.033476500167
94124547,1441.9939912527577
32266038,1680.4885012314744
71760843,1562.4648821382716
77203995,1560.5007796764153
84611651,1453.7379916998086
76627771,2032.5440261381955
12653847,1693.4117306136363
43336328,1645.2312954243457
91500607,1605.170397163994
68213549,1471.1587311833641
35549327,902.8711034670141
80808916,1522.3685208794004
17110481,1542.6139253521521
99587119,1138.6416944198938
92334856,2609.7788854822293
53359226,1487.9000344931292
80618402,2842.9544019286977
41703808,2014.4571136002376
19195409,913.0898491442356
76941149,1710.7445232184814
97584818,1381.1403299937278
56683377,1607.678251636363
67011320,2058.092494803376
15480221,1773.9319088690534
68081328,2372.7173466528766
55487684,3474.0293766748628
74199206,2528.370037870586
90165063,1714.1762409153198
36193583,1775.1304502736805
10917950,1269.2513833995185
92870312,2083.825217939614
72030717,1942.2034904998418
17113758,3001.636420508509
89153386,1425.0973100586727
45809568,1756.487561199608
30803532,1546.4600388935064
41936053,1744.3048533062445
14429173,1627.258030088863
86629786,1736.0269011575224
60024688,1731.099890263269
75100924,1807.365187580669
19587468,1374.4891661548625
88088850,1478.9306010479138
14339658,1327.8240563093113
93643220,1490.3404885475325
61257147,1858.4535293025745
47372664,1752.749464434821
72551157,1367.7882475136873
70006271,1608.7875410348158
66160499,1039.4228834115431
14115358,1247.5300837484006
24138292,1949.1009365770296
81649352,1606.1006450260493
86450554,1344.0860634263033
43772724,1697.6081399569352
76147600,1726.927421883596
37814705,1802.1924193169543
79438450,1843.5212052974116
30374304,1419.1024190600422
54234194,1167.0359699967235
94516994,1837.2156186009643
15639119,1857.4419183943237
98234744,2685.982364045056
84292967,1322.7073960828388
14583946,2040.3148002349806
74680521,1348.9729221620184
10214287,2064.565717040751
43877051,1396.1853911662947
28904050,1353.2839560850616
62063260,1951.9997067011489
50651267,1711.7448858450737
76093719,1515.78200184893
42788012,1372.3096804402135
64271564,2540.384854681889
36033563,2318.487617850521
32364760,1641.7837834950685
82718318,2299.022901880814
42781597,1492.6944763079298
63047151,1312.0562178644245
54331908,1743.4000283489822
88556646,1146.12160856827
80038856,1664.6188268513465
62561061,1513.4880209694109
65834717,1300.7757093156747
80358828,1813.7340497133112
35099840,1954.282871318269
50872993,1462.2863168918393
80223193,1874.189353972355
28448374,1654.619229342461
92231676,1687.905839358351
65717894,1589.0535571620685
86298764,1465.3493225590246
76299579,974.0548377033815
15449921,1302.6984119871372
44677435,1476.8402359576899
75188492,1530.8324079520048
99785392,1525.4792744593365
27084775,1326.516159260967
34483861,1556.2336132615867
44135541,1839.4252635715304
85537076,1308.917562006247
32577802,2141.3754546067166
58632323,1731.8468291510028
65794441,1479.676540305023
91626972,1527.3885374825704
80568466,1300.0543173838505
19317452,1286.464048026373
19462773,1126.8932343003398
16861573,2019.3155429105973
61543398,1287.3328496875242
67189144,1723.6378553791114
46184090,1174.6240580847984
14969625,1019.9022139952372
12339000,1405.3908981536192
87651999,1311.3889110133623
48444572,1581.201535255581
43026767,1115.4328778635677
25666315,2089.22779998863
85141494,2036.7231567045371
10196732,1331.5217277938036
89772932,1130.140467097674
76197106,1629.961062542128
35668637,960.2112039747977
47789451,1249.8953539261865
11772481,2336.809817259679
92352486,2122.4363257060713
74959731,1349.4919067496478
24006644,1188.0258064058107
70184471,2246.8311589889045
63616459,1823.2180123029048
65420176,1478.5994075328226
52778454,2966.1934076568014
20334394,2438.38468517976
29566160,1978.6535390307406
41218910,2135.0027000788195
57645530,1117.5027135284458
32753016,2405.4072267322726
53485349,1551.7430076450291
99359057,1510.980068363312
50033107,1482.810913201169
21562381,1791.0877069440842
77828671,2501.9307240502985
59082786,1397.9625197813532
99756703,1143.9893787313888
62477883,1182.4754537439744
62194095,1759.6315271613457
77240295,1607.9858467111164
78173906,1373.8589448465739
51850860,2379.743822325944
36247163,2355.233250861156
80372868,1296.53558346803
55810884,1456.2852990222239
39425335,1160.1053299736363
64769998,1512.6226810447608
74184119,1693.6964462637156
30910517,3234.2590964953197
82036794,2141.324438806556
27288556,1473.1072996354192
73750248,1185.6315799076851
93836103,2232.134642455132
21006367,1605.0994533699238
93898545,1252.5566699877595
94582565,2140.5515308261165
13137522,1284.552971911455
31604761,1586.5477217882712
60718232,1247.9054771446647
22356430,1212.9196496588959
39386475,2711.8056134831395
16350350,1572.6546423949253
70755780,1637.5916178857328
55920671,2341.609011325856
30409198,1412.6069734779464
12366994,3112.365172154269
99624161,1791.1633161253085
27085439,1813.9771256628326
26222780,1352.775474606137
13513100,2115.2339643868745
83619693,935.3101454919012
65230131,936.1707169989808
74197231,1501.9535470027693
16535315,1339.3749946643004
49313519,1536.4620351876285
54192335,1525.7188374878035
80736897,1751.3399512420983
99406225,1793.8170004292567
67818530,2932.0772008304966
84284655,1372.5519369702954
30897932,1256.3156260964943
32254189,1420.666774276389
31849680,1788.5633357750428
41359333,2210.906724175161
66456629,2560.26087745548
68729486,1611.5610053051248
40630348,1740.1578130892226
93988333,1672.6764542635467
47811524,1076.0525058945038
98617237,1626.9988619530181
20362387,1229.9821029221393
84645660,1071.9237645973355
16861971,1691.0692896234793
34588999,1392.9789474565353
53427517,1095.9779444453175
42513475,2023.4879493405704
57705547,1651.6415085205106
49742880,1636.936279887047
66920323,1884.2219229482173
12354776,1326.9242426466617
25840613,1716.47343077517
45114259,2017.1054908297153
49079923,1704.6817182312093
63116367,1037.3007929815935
63802912,2086.2549197161416
48974796,1342.8320794932185
30061599,1114.3326451151065
68578654,2202.696602731394
54173227,1511.6312457288072
96680380,2077.1797461445913
23868064,1385.1770419652057
51824090,1705.3305553604637
34839733,1224.079201631366
80054187,1916.824035377988
12685572,1631.1027093064263
41567061,2488.6342553712475
94877842,1214.6152189194047
58492968,997.9680496459044
71326484,1077.5690093433955
70920278,1947.6950104513455
54663137,1702.1522107220967
32126460,2035.0386175422593
54874790,1883.2028300105142
13538436,1497.4167937229604
30100038,924.0443394921206
80017866,1070.1332657186408
64347455,2638.804786034204
13683069,1877.4709241245164
48039428,2322.9670698072678
99567150,1547.3746841036473
85509215,1092.2030037223258
60668698,2107.8570916843964
12191456,1927.714795484948
77765786,1610.292891131077
12528361,1131.728426354797
58442957,1022.9501632375922
54303594,905.1793136908809
27681147,1422.8339990943139
69098569,1221.888896836971
95221316,2033.7516119382778
40109548,1701.7266433608274
55576313,1065.5679569705358
53153958,1520.4855714872454
21200840,1608.309975204548
50894265,1086.350478161249
23626838,3803.216928499395
12418418,2104.8105245229617
22706358,1614.588643922932
45395670,1368.0083935824177
87327017,1550.5489063685718
13017114,2086.255232074008
32271547,2159.383451802414
74538679,2093.4804567559113
39506103,1550.5948121581332
46816166,1377.3406492851398
66503105,1814.5812749079137
65579176,1846.4248854200935
40074247,1745.664610280197
91310031,1521.4016187199984
77444410,1894.7125487104208
69955281,1683.593352419435
67331105,1849.1608523671773
45643632,1666.3838922455861
73282363,1340.3749317207562
13642505,1420.657254910468
68901430,1744.5089489837037
89906679,2086.2853275438665
52711886,1188.594311832715
79575331,1421.183001296141
92616283,1358.0751023061612
30763055,1166.7718286047757
16611953,1611.8821250968058
33070179,1475.2688893650984
80347205,1715.1095738503634
83995335,1833.069415967179
14535805,2447.025190216249
84879838,1568.6058808691373
11864901,1413.1062841977541
14658965,1162.0194528275083
24293507,1438.0638422121283
70453525,1701.0833966084276
87798104,1289.7193446364804
19197193,1599.1752883899599
28284548,1789.6326349813007
86044842,1680.9270722749616
23057275,1835.4388985171986
27985337,2215.3523174780685
22587547,1133.1211225427442
12855508,2901.951077961182
64337495,2118.5546795090163
86712331,2234.47055112403
61189156,1433.120994405847
91594873,1766.6649912806772
54835971,2021.5026354084275
44370830,915.6176360277459
23684803,1494.030572295152
92481929,1850.464658889828
35638424,1615.9479345825935
25657749,986.8094683852314
39381975,1473.4246069651126
72999107,1730.4490236907798
25818586,2015.4078702504717
58036789,1932.9268606166816
94320377,1571.877345741231
47110506,2287.2147662634525
66399362,1852.272034594764
68909982,1560.903552299484
16073310,1521.1131918402357
43288405,1127.844705395803
71579560,1757.1869775095265
16507355,3443.1988898525815
48802207,1268.4423983049087
89915294,1735.7043830152588
97679852,2302.286702407377
29217698,1954.9630181751215
27435911,2779.818248073594
78879242,2081.681971420836
27175130,1587.1164656116473
29020135,1064.5539277690054
78626569,1252.4997398644532
71067812,1341.1779897979443
96690513,1544.7256258803482
95531962,1862.2231116010853
98356800,1105.154582089237
86104439,1155.1332159858198
55595900,2211.1699921037157
75208610,2046.6323164372113
15300209,2140.609331724976
61949363,1159.9470269459312
65881085,1690.9766513072022
66803690,962.5293618000929
71508510,1764.241625623426
77429269,1210.421547379831
70868754,2660.0622364649917
93223292,1920.9681075472165
70378280,1472.7089690833648
72142932,1316.4568707090648
88911193,1248.0990313365346
89761834,1756.572579749611
36836619,1709.1300301690937
53134062,1475.2327680958292
98828461,1971.8101410183158
55370391,2341.727617028171
69978664,1406.7292090259016
48824111,1417.40005701313
11383415,1605.0758481369621
89041808,1886.6191024254374
31864759,1734.240494093229
85436725,1474.7167422304274
12287678,2606.6983179991576
54577919,1623.6992917855073
69095778,1457.4869933666523
86755087,1540.0673584709045
87570494,1544.1180751819043
42971075,1653.5595261829526
19251821,1025.8421558829316
40154766,1250.2697155258963
86599495,1738.1020640859401
88331508,2260.8329447287006
70254717,1429.7494229917731
32105523,1595.8334070057708
42241465,1287.7498417778625
66334048,1455.416729098056
56657286,1387.326475115661
99489082,1576.221102418392
89634976,1742.2409815309663
22529712,2074.597213244896
93452559,1825.7407521884872
75276107,2488.4339603827766
57620607,1284.7281603807166
11822194,2233.0673981759446
85101585,1761.7140854513077
73640715,1911.1676871767088
18114714,1320.81752938858
62352450,1461.5642805653938
88096618,1951.1778356141635
76855836,1351.7936684207311
76968795,1970.7709545649102
19089688,1501.505452491531
93669020,1248.1922168219123
32221954,700.1615313159497
80149491,1270.271966066778
90863370,1450.6729392169332
18955449,1837.6333347566845
46106075,1264.6196665159455
64362412,1263.2016635082994
13228942,1275.6002702996711
18238798,944.2702414328817
17197174,1388.1763927152676
56883307,1509.350384830834
43838074,1594.3057292908545
94366977,949.4008188593738
51114116,1620.464232236886
91929625,1717.8577854689509
72617691,2579.5474147715922
18081983,1527.5415504070363
41430371,1181.1614661273907
18768333,1393.2534650497284
97670981,1591.2020622917707
33138884,1794.5403206085155
54769750,1710.3942515926558
89191521,1617.0647717361549
68771611,1300.996854822589
69658524,1533.8250166009539
72361657,2474.171226261966
56548670,1115.3308991124131
78323750,1723.8360626424358
30772189,781.9374538000246
48525110,2070.235773373476
86995869,1507.2791661899155
17626486,1769.8249998380686
25200634,1462.1872099573588
42675735,1365.8239876966302
65493081,1768.6548210496048
93613666,2268.27961667977
70416961,2599.6134940559496
29938065,1632.2862559578903
49578380,2674.6501884822037
98870679,3816.048201104023
69931311,2068.2181602011697
53406287,1364.4330512261074
84279248,796.2112928114866
95721664,2088.706589519742
86560148,1424.247810352059
54643141,1526.5606049018143
87296829,1713.7331409871185
44687814,2451.512191452227
17812890,1603.1317108120556
55517272,1578.5025558708285
83984617,1365.7192126083341
50681051,992.1588129485385
74119296,1581.5939817768053
67223450,2229.350981224662
77287132,2438.5934742803156
36264517,1667.2091094803532
42898261,2654.3555750377636
62830950,1707.8300769950226
34861949,1225.3658464661962
73511243,1362.932629172707
21486168,1730.955380842531
99309538,2286.0525445227922
42037617,1468.5187827404993
54746843,1161.4916195596916
47539615,2036.8607363712242
84768747,2206.9308802878595
72954519,1576.5631386382177
86653160,1076.351133443367
24350012,1200.9244102110538
44330162,1374.2775501029885
40410889,2618.079714236518
14017526,1233.761334212571
18494070,2531.6505009712137
47916307,2034.4364628213668
39725498,1762.7254066290886
54156054,1574.44208604875
49589662,1740.39587650359
87793535,1896.1282898277639
25123851,1979.5809726187895
55319133,2113.8789839256137
35955058,2382.9962312406733
15784980,1668.1341045098713
63967490,1673.4048758459605
84366303,1581.5630044706738
32211409,2133.600435016324
27475512,1692.5382258555578
98385904,1339.1048204629863
74274926,2291.267601562724
26137274,2027.966000311199
35706395,1704.347623731467
25432073,1064.332405390831
56493804,1376.7119704011632
21783642,1764.6196567845964
24274717,816.4681854189126
93363592,1040.6945154176437
50359798,1361.981711239746
76057356,2105.9241553875813
34577569,2470.4702767747967
13432670,1587.5082491572712
36150614,2102.6100409076744
95883486,2044.623076943635
17035345,1877.8611818821898
48987823,1399.944619113558
18853302,1586.3958405760452
70059479,2247.010212232989
35830006,2035.0418531004761
83058209,1552.7848741657522
52239160,1461.8270517967665
24939237,859.3773826649409
48271879,2289.495547648683
58898302,1511.273756592345
97505252,1607.1495373823343
52580265,1384.7431331618488
59859756,1926.4358617040436
59531100,1989.2049540502915
82820692,1745.046486943586
73015543,845.6126998687769
50663543,2271.6316268624623
61349439,1709.9832886183176
82745505,1932.4080321904805
91058293,1209.09089437366
17937997,1818.6018043428305
48025378,1499.653777395335
21558049,1500.2717766281796
51468147,1881.2700855546645
87943582,1054.6122459334333
72989675,1102.6083100938527
10828659,1594.0999208039807
78868242,1525.2075219481683
63610417,3439.1368918872085
13037947,1226.1841197998624
63051485,1693.437473905841
42637767,1486.2286758185803
66029975,2605.800206689133
41368516,959.5342992285376
75570412,2024.6415906064676
58832659,1463.8414762412563
20746324,1819.1205212493055
41047714,2165.934964450559
41430458,1708.4365334484587
69198371,980.9024524950019
46430156,1549.2990334685314
42120705,1156.8134054365155
67695943,1333.8326849545947
10655846,1489.3387756397105
56387239,1586.6410865164708
73136827,1423.6523123641498
66107772,1928.149775102718
41597595,1211.2459540221885
27035754,1584.1575837368844
94233303,1327.4528983034625
72371862,1546.7898106861624
47858586,1826.7764885736794
50074731,3138.8752383579695
15840349,1513.9861843383492
27527024,1421.4506366380976
51445447,1327.6520344632265
83042677,1294.7323436647673
17433657,1417.422568336267
83477453,1975.9682474260787
58980418,1678.8994722385432
49038207,1949.7527119538101
35105997,1378.0017486214151
88328473,1962.209529278478
49929992,1995.959569006602
12057690,1850.0686815786512
22485986,2104.5105854555504
18944255,2418.096404126428
94296460,1491.8784716971704
15325948,1762.4623193382429
80036637,1543.136252824633
63707416,1519.8448527685093
33357067,1933.7882554574903
76260292,2085.6696214921258
88542794,1781.90326279148
36624049,1320.7700903106831
85370002,1505.184235371671
70947321,1528.373191544178
86215831,1105.530662866399
71799918,1556.545164339712
70779429,1711.1975266064173
28177790,1159.2306144412696
33416701,1789.9262666011784
32210074,2572.5195156168356
91177225,2208.442866809364
62230096,1645.5896690591874
27830922,1276.7776894058616
20292159,1663.504381393562
72135125,1222.0830258016429
41060839,1797.7645255413531
14610723,1449.9117408313289
40291165,1763.4455387490195
76063806,1895.6883293607664
21250419,1901.1390604984442
67512417,3366.298340004808
33443292,1504.8361895142384
33660955,1336.9807957236883
33504001,1409.225991034004
59014872,1306.683375031048
48423806,1235.187843272191
81227220,1243.7915941545346
97904600,2072.9698268356365
80141558,1663.5854378333079
13290868,1546.933816639069
12913192,1318.7493311125118
94144440,1460.6271255791248
53033174,1796.624642742875
93735706,1548.271368264279
59909555,2325.6008181537836
99555121,1482.1874853118143
13256013,1361.3926887570562
93540353,1205.2884603375574
97837539,1087.225470351511
35669129,1485.6471046774295
50012137,1493.805837271041
68173579,1500.5659830722038
59440623,1258.0366596984857
48714672,3105.030277140171
86973367,1576.467600310423
28395212,2095.1948075105283
50017530,1898.428660359816
48045601,3090.773811185966
60427063,2402.7671942138386
49061177,1724.887039115869
42896715,1334.3515325994108
97451418,1851.1762709919203
53456411,1111.9078294070405
99184358,1113.886203219504
91879007,1489.6296815051764
76424273,1297.8487775826684
19529774,2215.1374508374606
60604201,1259.3674469782
96265561,1516.7727779702168
84388943,1730.5315763285123
22143961,1787.3927375832313
14880373,1578.9463681967973
98124884,1356.4864184703506
23434755,1067.8791831222711
36626131,1408.3978406298072
86172967,1756.1822316792882
89507826,2443.389531437725
51984404,1170.1385001312594
21328430,1643.008405766889
46133239,1400.9114122357719
87118588,1371.7170040686842
72466804,1372.7846411144747
90243251,2281.539518817293
31491219,1860.1630989040405
83702289,2045.376389557957
78369132,1323.862498838911
12074272,1310.732264926001
77297832,1700.5945942730661
91732264,1790.9780332947773
51116865,2035.3823570958918
81826443,1937.653372298754
26192585,1514.1212852484232
72261842,1389.2224783427473
40619619,3139.756887541248
89999631,968.7229099017273
10490133,1573.2629214996796
90054183,1082.1677549221627
62212383,2205.450574256934
19863611,1800.5426607617528
51025893,1314.2475722637932
83280839,1025.067515284513
53701664,2168.028561956637
70474564,1846.4899432466352
52730115,1657.2322658457335
28945671,1378.3987540393741
76905104,2208.920623878322
60340609,1456.9628464327805
14262244,1447.54771635746
86114877,1760.857226987734
24582504,1677.0728036164546
77544375,1359.5008167594951
18212637,1521.9393296203775
31107635,1212.069641266438
73185236,1124.7976200913267
73413665,708.2856043696333
31204532,1730.8076638270325
16646519,1195.9359966987834
59819313,1394.7615197303394
58041963,1557.7863318687805
73177607,1532.977517942453
65489959,1980.4911348189453
53892134,1918.2530216770006
14638825,1821.6029799506978
61652212,2341.9246903511466
69208062,976.7445826813026
98205776,2939.129076606582
91953270,1728.0804280427726
95708788,1221.835446478898
71079776,2041.5504000139429
10948901,1371.697743247048
79084173,1298.599771231988
41410746,1404.0556067043894
50927968,2192.3929305601923
99511873,2256.46278744334
87562260,1412.5486583852723
48098997,1659.1381030567143
77592143,1718.2801950842486
50298301,1264.8875575104257
95160336,1205.8082687427122
13581567,1242.8962734530455
76106706,2469.871398858404
53880590,1764.841689963537
50270200,1972.2770028125467
13098948,2261.6655509466027
81835258,1241.1574726197382
14238786,1553.4759810694936
65288499,2243.87209641719
29149871,1752.0784997334042
39551396,1623.810726132225
77375335,2117.7802826722655
14384374,1354.7115243131707
63368293,1728.8124478930117
25141477,1865.7087499401043
37822276,1351.5678339050232
62473299,1765.0077000472775
90467887,1729.240741265937
62270028,1799.0449163354072
62101686,1499.7063130531021
51642126,2904.5134588591563
50281814,1789.3188569708605
34969698,2143.920906760718
46962155,1947.074841280805
17638609,2102.7248270386017
59977095,1083.959184649948
75196820,2148.1217350870897
65141041,1570.4352772949037
65986306,2027.604768415247
99818911,1762.9334356144172
38328534,2283.9091635747245
31204739,1509.8109323294943
53082885,1264.8569860443972
76244528,1202.7888033791514
46394887,2207.686498709116
65939511,1648.891092983558
96048217,1305.5039048460392
60425489,1331.4344598547711
69419323,1761.4815909159095
15008203,1720.642406725214
70058997,966.842101168019
44067940,1955.7165669864796
47031542,1707.2930975372642
28929546,1844.6322095845744
34548603,1959.5229011480765
36515676,1198.9371883954723
42765717,1550.09436968634
60296558,1837.2512049931893
84332226,1661.774137106129
76539663,1829.1925516441067
73504572,2615.0506015973106
64646486,1841.9213217117647
28262602,1564.267433907825
74447096,1597.1986862406834
23247586,1220.3748055193446
99044390,1300.7085458103215
66743385,1540.4286367697075
62841747,2186.4820286457866
98271312,1583.2556539411223
54969068,1928.8687702726186
49548078,1766.1470434254331
47147429,2078.7198372768726
46113098,1502.583061785248
52623517,1639.527988112764
43618531,1905.9174464548717
54174309,1038.9855398948907
21908078,1609.7227770350048
56753065,1399.5984920109058
22723502,2676.569870976945
88620530,1133.5645286875451
38560702,910.4454691310361
66126723,1188.2747833220137
24731893,2489.5043171744555
19472558,1376.2259804149921
44766250,1373.1242866382936
75919229,1463.5330817376857
27459467,1738.1065038606157
85529275,1282.968494923889
88503537,1388.0894817205285
66147417,1616.973608075214
53916103,1625.5725998237588
65299077,2189.7877856179266
82070950,1091.6370031209635
69058105,1254.2733081686488
89985793,1899.7032793988233
38430174,1705.4193415524846
24884771,1186.6964067573908
37414962,1867.4136309419248
35739187,1286.004610489239
52492779,1909.5920289393316
70409358,1769.3568975504777
38452011,1533.2259100919987
43879270,1092.8611327719834
70351120,1704.5627994484637
47671157,900.7507165511811
60667365,1377.6265867581724
85223481,3131.0568361891465
83739939,1731.3202498929768
36389934,1509.5017320999536
84194560,1402.0708977878721
66937745,1860.4324270007305
82520946,1711.720397465826
52339932,1148.6985809589382
19641281,2043.05425348067
69795343,1850.7674233544792
99135350,2656.3882496433853
27549583,2104.4663709534725
94476832,1166.1850414727915
58221865,1937.691961094246
25319395,2078.4337527717507
74970303,1423.470372618947
10305170,1109.481198632322
82291258,955.093491394656
81383048,2291.367819874306
79987158,1309.3984438596676
13533229,2000.4751005387682
40426833,1876.145233966182
79077516,1293.5805755601145
49738320,1428.6795497125333
51126693,1876.5786200936952
52635836,1945.3058343273215
46715477,1588.2411523926205
82258908,1884.0704953174234
56878285,1845.1781003132699
19130210,1674.6791487636322
92849186,1787.765219383257
24338810,1727.7704001483373
24758650,2274.511343884278
70913184,1856.0266866861507
37987399,1340.1525609276516
74913796,1346.9552809349748
17667485,1582.8028979210544
64222955,1163.9585457223316
96958008,1509.9651553286058
10416049,1796.645195008411
60398901,1145.9342455980027
24738469,1743.5049084686163
50592747,1830.7336782361235
96289055,1071.5140838636817
38420705,1231.270203638575
93968498,2442.1752335239207
79579077,1074.5879139755789
66828068,1720.4759817865588
96166759,1947.144174478334
32805078,1362.196953300457
96021280,1649.920492367964
73914137,1307.0305037714063
38819078,1526.045410831639
26837951,1343.7393333352638
86644106,1472.760088862732
55183461,723.7183277546338
52422099,949.6832994268827
83190904,1588.0726138865743
80939883,2064.3817143609076
12388368,1399.4271648726535
15537990,1341.5881676940871
52619092,1691.5442681670459
14251589,1868.8740033788229
78390765,1484.1820370348992
43497859,2080.1130393836856
18381852,1627.4897817330343
53390528,1209.818822525735
32023086,2135.7786120390874
55881129,2152.178829688083
56955427,1855.8341677170467
78797526,1078.8720727955506
81441605,1905.8338849254847
49418138,2235.9786297485753
16343356,1745.5038199020455
50953620,1041.8556072931217
80530984,1566.363610796459
92363214,1371.4812187320094
11505021,1020.9968600077459
10464949,1975.4805513430874
40174242,1285.912662502228
46922794,1107.3621642418452
31165878,1695.2476117906485
92160351,1862.6787502657396
97225599,1371.2171069632964
57289385,819.1730899112921
10490505,1369.858456989934
40593414,1457.0836596182553
69535718,2143.4506405742495
29927353,1358.2025794872022
65834728,1388.392430076185
77297694,1188.7039396318742
20453767,2158.3943227426253
38742201,1973.579935509856
44178016,3685.0765135986076
26155961,1319.5622471028664
85037563,1424.3657778190504
13481675,2255.6035186288336
32710978,1952.3101287573106
42008191,1570.0016510548887
13117186,1443.7383291615001
32427009,1593.0251833443717
77926757,1628.1337544231615
11233435,2203.3808686935636
16522541,1370.7127285258625
63770815,2047.857131018566
77164558,1345.73893204516
74405387,2258.625715461357
74698287,1483.8181192494808
90725998,1797.6486042664774
24204802,780.0973280274849
89034765,2138.593868646467
34875172,1369.7259409842209
74411316,2447.3739194589443
81157871,1035.5334812203403
44232316,1827.5978972617363
48083558,1777.3043005389088
75280463,2580.734128184872
11329117,1917.1742160876995
67082756,1530.3166763172615
11237434,1195.138387296575
69921139,1389.1481979129353
68448780,937.1199336993415
77761059,1544.4991788429152
29006434,1565.0134765820303
30190038,1720.8798713837232
28376932,1699.8078848693226
39355382,1485.9478732799798
42494595,1702.766473336804
16756651,1509.6488483486257
78115658,1737.6533526028588
27261411,1789.7865440628889
71919180,1769.3063702454333
99090920,1522.628377327654
64351618,1868.3500837890285
88658759,1158.9173309090484
14195927,1730.6870919942971
63820196,1988.0190614053856
23866225,1775.8011792331056
50484100,1811.466248606947
98406048,2024.2192023156274
64139858,1606.6170927616527
93302980,1469.98499844686
62155483,1713.8644167248362
69791340,1811.4542218916752
19631546,1230.113866432549
26192431,1888.6968203165789
68268852,1216.5027532891468
14862183,926.407228171827
50141937,1323.7778772031907
85256282,1211.9733051582862
11027564,1737.4047897080059
51577553,1714.3257962721696
77132573,2120.693802679066
55254268,2574.616687818195
25529214,1450.0596692667864
89287048,1339.0193256031298
23253967,1252.0602745803067
22644692,3367.9545930298364
32245140,1359.3965407641456
82072504,1610.5967755878214
34678460,1364.6842651710222
55373081,1671.4456199172523
12138481,1508.8432920407881
23632970,1762.1222049093312
44285474,1176.3308298580191
88075177,2096.278820154893
13117787,1550.5717891083552
14797111,1525.745895749502
28697695,1972.9138285137399
34748486,1556.9309173447443
30506810,1433.7301536697883
57410372,1909.89998944806
28776122,1138.8937081290424
18346451,1612.783328943678
29932007,1536.4825669764275
82654800,2159.3075168244995
67038086,2228.1215596653083
95282943,1969.3319872345182
90723621,1501.3201607878157
37760202,1652.6745194098287
97077656,1695.4221956057092
67823833,1128.7898229169555
25222231,1891.6285632233478
63451552,2146.937607774667
66552053,1773.2721935857087
83488554,1478.6907933805485
24886655,1915.196483663879
83798512,1143.5536110845776
46152763,1078.2868908531477
96015866,2450.839148618653
51731151,807.9756142999194
34899750,1703.0969503085967
55529926,1515.6041117386844
95405536,1255.4922226808771
29288544,1443.5732135702356
50076589,1478.4483115649305
37886285,1427.662699657201
69818934,1750.4085657595263
13957412,1376.5946902482701
27493225,1968.8184030607347
81186892,2126.394423647526
72734336,950.7530862013327
20148129,3776.9435700863505
23391747,1120.7778823857984
45833590,1215.0004016486796
85777842,2859.895392241723
92975129,2287.56997295747
33382289,2698.791120033189
95953281,1426.6711738069794
60074802,1914.4483791746939
23912733,2204.9811472908414
31346779,1458.947383303109
25605125,1558.6292069771782
96288207,762.4380161919345
44535745,1548.012311853286
16008313,1683.8921765036764
91365542,1229.9324289625436
67385764,1061.3013405581341
31465116,1792.745853470656
99474816,1237.4777132864954
26141909,1649.2817172702187
72548314,1678.8645406122691
39043955,2157.31644361657
55963655,1290.2493956437838
54632315,1743.6693211685845
48726285,2052.370828000261
76251227,1830.9516019959108
83562410,1404.4055769660367
93775374,1574.704752100259
21446329,1488.488656356957
37345001,1550.9593204020136
49628614,1449.6334244425661
35767914,1676.3344654089979
10876536,1219.0034079931497
47339936,1150.6979611536387
89347542,1842.4161617440018
22457603,1856.9030060641703
77199929,1421.5343533251653
46378399,1652.9387860703694
70602262,1444.8341700407257
54666534,1735.756156032817
56421405,1617.366721965579
97652177,1649.490688352693
15442637,1501.7940077866585
92360497,1766.1141297676418
16847908,1739.0005481819192
14220385,794.695834195005
25905603,1280.635477321035
58331647,1168.4884455648444
22292196,1822.5575096839536
37237832,1214.6623876841563
33009500,1077.2805432394302
12533428,1468.9744454377048
46939545,1859.7452222498814
41868505,2259.195934984801
75616535,1875.3621990180336
73878512,1615.8134918269743
67270933,907.4873378903982
98281662,1111.6691082380742
66553316,1250.305486398585
34303551,1667.12059831652
82645628,1117.646755549144
57257821,1860.9008223093206
21288888,1797.1759757543603
85963653,1285.7191820962603
47876249,1116.8354359257892
21439489,1119.3906089780494
52566254,2341.078038563883
57084214,970.1397621579476
16925768,1288.382276572169
32782035,1774.5899277879762
31791186,1273.2239273754976
62797819,1704.9154140286971
35384978,1275.6164110428813
21945105,2033.4518602671865
81557774,2325.880484469654
85407739,1409.1606471728137
86085126,2168.3008239758037
95296354,1413.663648948883
90881439,1699.8075896488972
30757344,1812.5291708718876
48457713,1460.5547070075993
89571542,1676.8843458430006
94067050,1322.6746409326095
48271561,1499.5467412671678
69357732,1347.851897470291
86325273,1182.3855873963284
18152649,1567.9399350361787
33899410,1751.33371729876
22781669,1581.530230975704
17283281,1141.6918907477875
51785872,1464.8398215845684
33104833,1977.9056821854472
91682435,1344.2012909125706
70713314,1564.9248618183192
13110268,1119.6768566857281
34642793,1344.6238652156962
41694899,2278.8794497695144
86278349,1047.2475829845196
11717089,1126.7988181220637
59185456,1242.444749997346
59344396,966.9693391462821
89922228,1631.6166767333184
62027210,2096.2437672396236
98523447,2268.2658062873006
77330146,1976.910186451716
78386939,1739.0651529417403
66831282,2099.6793286596267
17596778,1591.818152884679
72290481,1174.9967001151374
31606355,1230.340942694671
72940683,1302.0670493872135
24736121,1334.4959071316996
47814214,1849.4067669898475
39410982,2351.6973801922395
44151940,1634.9595424355864
65594908,1405.2830816433213
79125454,1142.8477453461946
50322107,1447.0363506545532
76200003,2277.835287814076
85059302,1126.2789101146182
95450721,1711.038730806339
93253826,2086.7971160864863
19723778,1059.7354373560001
35980406,1475.473770272009
67285479,1355.1522449220295
68864075,1756.0074623203727
37422791,2203.2682644609877
73798025,1938.1975860807834
97232135,1517.028552559539
50064513,1478.6686125831532
75638682,1207.4266961217681
41937405,1588.0363313113073
18443662,1458.6833211616336
68899727,2098.418047401693
18388313,1772.872229677946
69521945,1353.9185180351972
31596715,2366.4564121672292
78472605,1762.918451423607
12713963,909.9341586101261
46768823,1334.5869649552428
27538097,1162.042193735313
89955366,1646.3933047785504
94081889,1174.192100258092
65214899,1371.1581045736175
95205973,1992.941173217442
83140994,1548.1151457511085
69014391,1848.2679433463802
66919280,1273.382038842129
86299194,1805.2081139758873
14394397,1424.310034542857
88465251,1936.220481457741
82447513,2619.8258265894665
90676745,1309.0346497652893
61229086,1407.093840342735
30557316,1110.5637724882722
48578361,1738.0454427896814
29085329,1811.6154813757844
99539415,2757.601630597059
33750162,1644.2370905972532
51880900,1844.1686873918193
81942693,1369.6043968044837
44828087,1331.1996158420466
80752087,1392.3690077676472
99218652,2961.951063807356
37433425,1120.3112328053776
39115683,1671.2306997139237
26601986,1422.518969460169
50469308,1279.8145893412463
69872975,1138.5429814562085
18483245,2275.3990153079685
12588982,1404.6634236354698
79454705,985.3289124540241
76523232,1208.4015493476577
96131595,1967.170064680003
99680250,1399.588367945599
82622915,1412.4902449625886
11290284,2683.397421182306
80057162,1581.974117203765
72165316,2275.275856057029
79751433,1234.945777992582
33215554,2878.0599130962028
42852506,1351.8433146347752
56093872,1356.9372692338288
64167041,1473.538388743465
83380458,2012.616326316665
32651438,1398.0877003072526
38364846,1550.831172080127
74621857,989.7409298073194
62748794,1794.7272442340054
71435421,2120.055929005808
76163868,1753.322099079193
14677956,1044.395705463818
48283664,1253.7458528104835
93787027,1338.1960788520341
75353617,1352.3510840946183
44130726,1742.044081722372
75634285,1684.5911640264414
27969925,1492.2306379219142
34662422,1204.607764346024
46428766,1038.4219131627492
40279741,1808.26313748864
58991338,1686.4359766199966
52295288,1126.5928024953275
25429358,1297.4408065095859
91223525,1452.815825705992
80429592,1497.7344471293993
36010937,1131.1941197989681
61652867,1927.8936132464198
34655678,1309.2696825195153
32281319,1178.5150214679093
74717544,1060.6466419784012
81780208,1289.586880322493
74117270,2194.9396996911228
94663011,1778.0626865939928
18715534,1948.5648189766518
89926226,1528.2930530090966
31441075,1952.812961086138
85656066,2363.5256372563563
63154501,1448.9588743055112
56954947,2267.454474327592
35193891,1727.053292268806
68045567,2101.643168179261
75523548,1941.9571067501934
80044768,1311.5801714214158
80565568,1538.7337350148393
58680458,1327.6818407560465
93434632,1346.689907293239
38164915,2206.109570664994
39561694,1659.4255033715028
23940974,1959.1792133530714
66689621,1777.9379328413609
91586014,2816.472267355505
68610549,1859.7779295923774
44648566,1668.081840023616
68443861,2458.178307285656
95300751,1424.1707512150756
74650313,1485.9261784339935
78190939,1800.485696831582
79583687,1478.0152925546076
78744133,1335.1222465996987
19424377,1110.7654869393791
74426958,2253.2342103810743
30714675,2148.3261378649822
20297631,2471.9471263110763
62326689,1874.9645580114905
72851226,2066.953165697263
94924877,1731.151617384762
39912297,2045.8310002252247
50554145,1087.0535540091223
51964385,1219.9930674526845
91524053,3173.1544872713775
67059408,1006.6603243725912
13707505,1838.337215755949
96336923,2322.597792364827
18937921,1366.9293292091995
23247466,2012.325088730891
20718626,1217.5538045606118
62001591,2747.9626989994276
32183930,1909.6824570513695
29520078,3144.615942416407
20246948,1712.7266499175232
12865925,810.6037632287513
75414040,1702.9648146226307
29805887,1874.7415438126661
91828173,1385.4773504402215
92911827,1836.588311862732
21259879,2280.4328734511655
27730704,1026.4610662565528
10805384,2645.082252628091
28772124,1452.8855428767367
67895243,2322.7924513215253
70282510,1882.2573761227893
76926492,1354.5799518563647
56029416,2843.7299483089128
42166025,2189.2105289346973
88855559,1798.0228779828503
71679738,1286.1997926561885
95011645,1320.7570573152473
23391388,1308.0811604079465
97276431,2052.9021879627617
78499453,1988.0107424922883
50845143,1615.1226983459587
63593365,1739.2644556804291
44645094,1323.6331752035755
92805008,1510.9272777335684
95966284,1016.6023305772312
86968525,2110.8014486193715
35459557,3001.0373868080706
16959595,1886.582461890089
66852864,2183.5800519330205
64976874,1222.7528341542984
90803282,1864.8827777468982
32597480,1445.9600088545087
22525205,1395.2212006410148
18357388,1588.9130337737233
55224009,1489.4034491565171
12066751,1337.7479269984449
51600054,2326.0061817261344
33097870,1884.6941198276622
44165189,1739.3863686344616
92174554,1778.6113913232628
75685484,1764.7391679102457
79648156,1106.6306498433612
34473914,2364.380313674502
42069298,1115.0753092540858
24749467,1255.8358913731167
37024144,1700.165897557922
53463208,1588.2136367537837
61035399,1190.9094600154172
92975059,1172.1181588098796
16258293,759.5060576322854
80353068,1173.7031576586241
69637564,1553.5550928628745
60889557,1844.363043064138
45682120,1490.0489826228654
62566155,1561.5354036467675
86829598,1242.0732412902348
77516810,1693.555216690915
32602883,1569.9678460796515
99658649,1742.5506582084367
98115366,1609.312838764608
40551984,2147.6507631340473
89171680,1622.217938255154
78104461,1351.5560257731438
80805720,1858.1222620395017
44701781,1390.9253028349158
32357693,1287.1934281209174
16257080,1976.9149078015748
63758432,1650.8771981184063
86560064,1310.6780970927218
76704426,1379.738181193924
29021087,1937.021823248023
30903210,2363.665345793901
59650055,2078.471728309838
16537007,2425.4717991883754
44043751,1298.5845121726607
93550246,1143.1116094120703
74795536,2129.549978462816
36252893,1672.317032157654
60712266,2311.060882860094
54795015,1775.5455321556485
59038432,872.3639491892167
53101267,1258.0516879080014
96137757,2674.2315730312066
61894184,2164.149486485514
56980533,1441.3267815053518
40911725,1016.5823392474067
78253728,2003.425343729836
46517280,1114.8037574783111
98578100,1752.4650728745396
92998542,1180.86164698732
85778453,1438.084139419047
67897199,1390.308016945417
37385434,1503.770232609888
29978687,973.0145453600016
63462293,1787.3728344030678
82610119,1594.2554562805058
11195863,1719.5955958767586
22813157,1595.671551856985
16061850,1638.877380027238
25000757,1480.878681583218
23839386,1007.0412525518578
62901003,1926.20331970261
85332734,1957.9235306402609
41185457,1913.8420572731072
32349244,1339.1254201653505
75213525,1985.8598016611854
24267861,1210.240536926771
80759464,1760.7940537934976
38052934,1441.3807318394238
36983078,2408.9791303443126
48438532,1172.2695619544058
98811621,2792.224078855822
41602835,1342.0717684582783
79191702,1504.8500874787062
91526426,1438.6605803437399
12436955,1497.9675738991186
35460655,1028.4319454975985
24893618,1357.526364303043
12318894,1063.3987445740026
75385870,1680.108459238558
24016887,1766.9218072512335
93798376,1520.9533105873436
10041197,2056.240229910437
44196192,1079.549395949095
34259961,1979.0136205361082
79360399,1549.5379347743594
90648365,1803.243182261338
32784142,1213.8771498493747
88014206,1802.5239298880215
47541115,1953.3454254741948
81087277,1411.069301254372
99414879,1567.4356851186385
96312378,2134.31390758212
45292998,1901.2688394994555
62464969,1144.7701891614543
89056154,1644.157486249252
43815757,1232.5997046471202
36326737,1118.2136431675103
66733240,1135.5050191590674
82154113,1142.2747802472938
75774127,1259.0296654309395
99633023,1923.8818323018697
54243966,1583.618037354699
21507777,1411.5661075546245
89526022,1174.0027829139703
35342783,1596.670555793308
75576574,1662.037553357426
86207238,1616.2374196986502
11999604,1212.4816742741182
64241630,1202.7546130126389
49681885,1451.3706775403512
20476163,2064.620213758377
82534020,1414.4569497848154
80449403,1295.1687937989518
91978419,1478.832199013675
13134274,1780.1078401247178
30921031,1248.3550795644524
35948510,1066.349669727725
37862013,1062.0340963210751
74364264,1621.847401895229
73089121,1654.7684658371074
71120219,2106.705322603144
81357330,1728.8495997645755
86696339,1705.5148328317025
32694372,1228.2453182332206
86397240,2709.494864730813
75410743,1744.9227065142907
54107967,1625.3092541660274
53182244,1137.7895269967305
84949062,2345.18163538021
17578514,1495.7024200834885
66553240,738.677729333517
78244783,1106.8713867588774
85750494,1436.5553399283883
26835204,1405.078873866426
25568634,1645.7075555486347
62833472,2167.71582855385
89441409,1937.4787453613133
30957350,1040.194888571552
83492659,1051.3503638469879
14123667,1499.8009170032967
81332426,1306.5642354043832
75963486,1421.5518038773134
97473965,1818.777749789794
52550411,1050.583921881383
38852859,1054.549321734676
86945814,1752.6112690445675
99213841,1908.6824862267424
93296884,1768.9591020933974
74681265,1277.7901477702533
67628381,1891.4113164215346
53194004,1820.9090083466424
79129949,1328.6501050791162
21417992,1517.3555077433844
65584374,2001.5180831341265
83994457,2753.2277513049594
79552394,1295.387249192904
14169455,3570.851021016085
11006346,1628.9719918895967
55920445,905.6577740569539
42183979,1859.3208805587892
27236753,1892.7197840368708
38623845,1010.7364161141677
56539617,1452.3951580235962
89514584,1158.610943487729
55800655,1378.5190689669782
95341263,1563.3223230309152
90170967,1274.0657713487844
25603899,1732.7539850510377
80752063,2067.262117702765
74272993,2174.944414662402
83204984,1381.430204233146
56041749,1956.5586053135205
99929710,1574.5642299043411
24093076,1270.7074734779446
76171771,1603.9646230794417
87313105,1919.565285767234
13150529,1839.6053772618895
85314779,2031.7667595132436
23218937,1615.7028516626092
15797769,1328.9035485154918
18451890,1293.3909331749273
23712138,1285.3861717937252
40201741,1498.905505911954
74044702,2146.178478322782
91758728,1621.3549964697004
41605529,1616.4143041559882
30345669,1546.2763760465164
72490311,1502.0574467799242
11341429,1600.7908898928517
86562367,1512.173110114232
65741146,2358.4429763037624
28059650,1607.228914440721
36854120,1412.584980716951
70514815,1567.9782938475676
28991223,1971.8084908508608
34210782,1890.5512515307378
97420540,1645.91207816288
53582966,1926.567323722096
25471995,1416.0060365384618
40521306,1507.5403717807224
18442744,1810.2436075302874
86475933,1933.7925011681293
35156621,2025.582924388382
92398280,1669.2440473538225
64419847,1615.2697632082186
27879667,1867.7132243216956
33454324,2151.704344507073
78234554,1337.3360626813521
37295459,979.4166098793276
76464828,2111.1043621229965
89898019,2598.4385479737657
94459827,1889.4098686664427
30672049,1845.3644551016791
93226295,2215.042605793305
66733496,1028.0854081995433
24799537,1619.2426278991557
30909458,1422.695900003371
20815913,1570.0865169320339
77231006,1096.6067391919137
63770561,1325.4097642531176
61281100,1872.5377297446696
25443496,1006.2578593645563
90941407,1229.1492527269752
85217471,1920.3339827758412
11330523,1490.8993125249617
60135515,1459.9935427845762
96537329,1748.8422370276096
89713236,1595.6555515410728
87856838,1964.9883947022668
68427758,2326.186859811356
35697471,1526.664325438618
30758105,1860.3987744522537
66828597,1261.3339611208144
64179941,2733.40579172262
57531913,1621.230389959682
82276369,1733.140181697903
33117908,2236.0080805254684
23807930,1899.8537608805088
58313771,1485.614254826512
86361973,1440.3699251554654
54136725,1179.3741473033149
80609057,2069.4376776671725
23386046,623.5809193122207
88923790,1413.3840671958915
50739054,1482.5655009498516
85701835,2717.4717442740002
11164690,2189.077255802553
60686704,1409.2632522976714
56500955,1336.4872618440936
92377094,1123.607857776427
27377686,1272.3707892785326
14820376,1428.072611382569
24454653,2099.596283026206
49068691,1467.0454230046153
68870887,1669.3061570482068
40404763,1539.500062894534
53993271,1628.79442282533
76624283,1545.6777663023827
84681113,1532.8790272171234
39182711,1446.757704791018
99418549,1617.6936019036782
54009403,1037.152664328772
15732665,1392.9499516686374
21105712,1742.2869384577366
76841454,1225.9238944410413
77456803,1382.6315423038154
94681649,1885.8450808200912
42127705,874.8122222801888
86327920,2072.414927262719
49706768,2198.777559178974
47210863,1940.9719577512756
98862874,981.9922719104806
80625113,1646.6523871073603
13147967,1349.5561498896282
79644262,2060.1477689830895
40821766,1186.9488402866516
38964351,1475.3003797180456
80037468,1668.6748450795228
10709528,1344.714217110807
14006566,2677.6145055853412
84355937,1106.3376658997172
68139676,2485.4923758383893
51613745,1508.864788668688
77042505,1881.0248551486231
35307179,2239.246908839933
43137990,1382.5926136782243
60366178,2059.601601890802
28449137,1707.374276786882
54714633,1105.8020306618946
86469326,1346.0747809281447
81392986,1952.2432065049004
94816275,1368.6616857901602
20992851,2196.2001806016924
33220037,1950.5713943166172
52922027,2097.3851839354334
70522751,1918.3390654497196
35179027,1675.938737692027
11006610,1396.4810550598777
97027045,1485.8632544964578
60842426,1438.7101631310188
37962781,1717.6156370081253
57446778,1273.3464051611138
46803142,1839.602508838939
96412152,1428.321784410396
41948607,1396.6272800597587
30401183,2258.4688260432613
82446721,1523.4384430138484
98640166,2342.789104993146
16426411,1483.4248145297827
40919986,1987.9682611927662
34959842,1450.428664206689
76545890,3385.7031920523023
38671669,1886.5882897677468
74577885,1837.1441643019048
77894868,1412.1626244850827
44132106,1340.6251929124483
13303745,1107.8571619131908
82202428,1074.473310136254
69359286,1688.815410925427
49249118,1793.595296710117
65186472,1894.5444865448023
86728284,1258.4859226261146
89113200,1834.8615366114889
64085288,1223.5688696703937
83095293,1701.9067580972846
55834975,1695.4500476822172
12408851,1567.7927740485022
45102161,1480.9317614451752
21425066,1216.7778705397527
49253416,843.6702945782648
91720337,1913.322742097269
38125202,1418.521913019669
76716879,1570.3884409849738
75093314,1048.596135456205
94720863,1279.8205238698354
69306868,1372.1673369515138
78783123,1650.8857096861782
31503266,1364.6733924608006
51221256,1363.6438645486114
36978860,2240.009515736475
77102844,963.4281168274878
85218856,1519.1505038218745
64674000,1569.5108721988322
71928536,1487.9364446172663
71632516,1590.496108779107
44645677,1549.9720102381468
27089889,1947.0298402789851
85001254,2040.397962242975
80789294,1451.726139350087
94921905,2271.336593387816
87557595,1672.3859026853413
27812172,1260.2217178881258
70326518,1844.3385848259702
76820242,1264.0315203404768
37798149,1709.0089707546813
95689974,1419.2613501003862
86698149,1596.6773641741474
82332389,1475.2655461552922
38769988,1121.2763841461442
62104171,1366.6287387916987
20008764,1330.013292683925
88250848,993.1237683588535
99989436,1814.4366150815833
20654244,1582.2028278743903
63645129,1426.243521896201
66237213,1213.0461712345354
89366030,1707.5030161812324
43885604,2945.4853357493184
20777495,1822.148618862979
17630232,1839.021809149649
41034819,2151.361840222175
30863558,1603.1353844625173
30990096,1556.053812206638
14528263,1117.5316501980867
38046616,1863.4244485051374
21720690,2230.325830900324
41971276,1323.8221573061235
81966182,1498.0773041805815
81876034,1249.0540254681964
23233042,1427.2872461690636
59959368,2502.8611828871417
25429816,1921.8119874813522
40884180,1310.5592787136459
88955672,1552.2064714366124
43077536,1729.6322048057912
22541133,805.3409643120951
98515757,1928.6104607294214
96170890,1599.1309808363321
33994765,1355.5347676969504
91089578,1836.3458066435403
38840418,1837.617457259619
92439017,1383.683660482734
30192634,1682.5869337834017
30769461,1437.312951956805
80205723,1311.4986897606614
55131937,1891.6995327407296
29185681,3088.910413305589
80773149,1306.2127209138953
84757256,1281.8886386021063
81505232,1465.0954080029123
57555020,848.7804777215447
70106520,1474.3171551757075
43240131,1695.7785105975563
57158414,3110.109387221987
63966023,2306.5648333794506
46075950,2173.6589052165873
47516649,2215.9702364361456
57203804,1636.7961600109984
99285503,1458.0827596257232
23511969,1088.4189596484493
78376646,2138.514828155373
48884000,1368.1944904157667
98727752,1264.873177810175
82907215,1959.1212643077492
72719170,1445.4890202554716
39149918,1418.275958740915
85435767,1463.0572851008915
54111802,1961.4152725624303
92599919,1283.8362473189343
24226064,1639.924265116184
96829833,2248.7244401781827
27301621,1307.0373201294094
15887246,829.6089570831657
51726302,1043.34489008384
51260265,1739.1565809191254
45934883,1540.6603345778817
97289930,1829.1522487279726
42847093,1113.466613903624
13695159,1152.2773076165745
21664737,1345.1860184313532
72162540,1401.0581753688673
45972276,2247.653126915575
71222059,1636.7484863907948
18901787,1334.2984889750721
64794868,1395.085284343575
96040179,1311.0559340669513
43891507,2183.5860392950544
94649367,1324.423076894413
85490151,964.0994803577673
51948440,1127.898676484796
44237958,1015.4601486524513
97658202,1275.2581849033259
77699657,1151.788158558796
23252427,1603.6207646730547
10697423,1465.474606150764
99095154,1681.5619817018382
86344123,1535.9957769631294
32740825,2961.0471699790887
39699187,1469.0517710331128
79334316,1344.9874808596792
13862142,2236.6089900297056
95022546,1300.5951927103192
85671131,1489.3134731142827
13946093,1337.6739004669976
71911642,1591.1342868288707
74557358,1859.4267922867193
76424216,1776.3584194456162
60569056,1237.5997071443119
21429356,1626.816537187556
37147011,1157.7816512361626
22363795,1073.7147381385844
22711721,1046.0431318096526
32781826,1619.8014504509238
79919377,1476.7525267876326
95950869,1081.8893191102122
67975454,2019.3559643774265
61846310,2061.561860716847
47190136,1561.365256069585
72140487,1710.8150932576261
33356353,1664.289921421503
57558815,1589.7347358278912
85765913,1903.1455761593302
67405346,1280.2759978254126
47178751,944.7618834704855
92743619,1317.478426944061
67809997,1723.0351377129768
95649734,1697.824534443053
35761786,1724.325903276548
20333506,1075.208832963834
39856656,1871.4997084385373
80659941,2082.899370856874
72539676,1127.3928545748786
34808508,1578.6304799821655
18684795,1966.8571454523924
60926773,788.9286243376966
25343604,1595.171283660895
85280076,1405.7126064781055
51516725,763.1498097288883
54359603,1869.8650136991132
65763192,1817.9262754482234
53926540,1286.2472728507666
77237054,2441.62339622103
75498756,1886.2434701937834
99166662,1117.4543235784924
72410551,1184.9767504518327
82923327,1224.739687807454
46066488,1433.970558293664
33059137,2167.8881645662013
51480279,1288.5333758134757
19373977,1564.9785138687917
90715980,1290.356575408493
56492794,1334.1552460183652
46037369,1253.496990180497
22743995,888.2971127992299
42553042,1335.603962729686
36975311,2082.9265636601067
75351486,1226.8682114699586
30981897,1728.9157983100756
35580501,1929.191760755211
40483549,1174.1846705445705
64819235,1524.9282670568718
26688957,1770.5735839499844
94904538,1741.733663543885
46754012,1634.3662588451803
36796857,1931.3291542913355
28461943,1893.6093666857091
14026453,1441.958803630216
69053024,1679.737203917045
32733126,1909.1073797475576
40931025,1629.2830560747861
19427950,1639.1985601699928
84597120,1142.7696180372645
18811334,1300.8171775970702
78324699,1636.754918391208
77953974,2171.4209788356347
27862041,2343.442728289454
37247191,1461.4011411020347
25562317,1844.665499570962
73172608,2534.9040199231104
33104896,2195.0735563143908
82319650,1683.8035951460022
21799452,1560.8868696877835
64888946,1952.418020694457
97264595,1860.2936826910316
10429454,1126.5574816111148
61575325,1225.3491186179326
56897257,1529.0373160137462
37059519,2376.1247303661166
52110520,2767.595665528388
81197632,1879.0279247293809
78041929,1496.2279382172178
62481600,3221.965787388919
79068390,1274.6239296163574
35652591,1426.3490924184116
39694436,2430.3428135946897
95898355,1709.4039097025452
80006639,1923.0731548155525
53958546,1027.5796850016936
58986255,1049.082525656685
35034634,1950.6584096817799
21845497,1983.571754586808
40578913,1484.9627245289548
52684708,701.3884743806818
89834641,1572.2087040935783
65511611,1112.9864377765766
65731676,2024.5569470892458
83770991,1592.6088378230033
56280602,1410.553544391729
44140498,1659.4615309194048
52748496,1937.1187672597505
76136540,1302.0062301207327
35483441,1320.962946310572
25193108,1819.5111573748743
27434478,3480.5638357904745
84357441,1764.3996453184357
70840263,1668.3430686178594
45633382,1851.9102904840524
68317032,1907.1271807441228
73465107,1280.6466090825713
24929921,2004.2485836517276
87300428,2032.264012246575
69871020,1361.9048680968913
23755175,1280.0657255508404
91971062,2849.280270001227
74483617,1260.7645948971622
89642342,1308.3896884755095
33276861,2255.5829617467007
18861332,1368.4718872649466
77211245,2098.8418630823944
52041127,940.1914837909089
95864050,1486.1158423379793
82528777,1792.6934803473691
62702832,2771.678361238234
24146181,2072.306708717503
90263367,1638.7523873787302
47033948,1377.6451103411705
97856612,1939.7132915311636
73014333,1334.150994579663
46731094,1371.1065004996701
15781171,1367.10265773499
51156245,1725.675764525116
85958922,964.5194879580338
52550761,1360.516745746629
15567593,1611.8035282474063
50279318,1012.2370172764599
88796422,1131.1080824301966
66724358,1246.0787844035249
51443999,1750.50087528063
32661637,1406.0918027619634
12999579,1362.1051513429925
32460111,2255.454439474331
70354263,1653.8229837373212
99768418,1545.4808732320266
93597400,1792.2412236437856
42968448,1030.0835260051024
11447851,1547.5040035508966
76146411,1779.0202071114854
86917958,1856.7964780904306
57526187,1920.7775244208465
71062405,1538.1824963946774
72847399,1470.5439174262774
54891075,2350.4266027684334
89841901,1810.6189613740808
90056417,1436.3831755277977
77892346,1164.544202364809
31627402,1250.4729300558029
78864638,1428.1682347629267
16022883,2553.407245043976
21980955,1832.9013609484566
98291218,2270.7034830225884
37406677,1386.1098008397717
73253470,1340.5036482035962
80239984,2168.601751853178
60323265,2033.3447492962302
93655248,1210.470904168704
58796215,725.4240245791838
94203496,1851.3425822704457
89472702,1494.069442145758
29142290,2151.4846105974066
71021568,1189.194167871384
69197364,2231.5857670387286
67499939,2002.7149660741047
51780875,2051.4155781811937
46941857,1675.2622522635832
57911836,1372.5452204270505
38559875,1925.866311527806
81398050,1737.1515004630087
75334315,2629.704833312744
59308610,1369.909905223503
16247087,1877.5112316042837
43247285,1776.9305597225216
45215633,1706.6841756316212
40481058,1780.9443341696854
40365284,2579.9620106131024
92836079,1605.7323224026009
70303716,1499.1340343358404
81749724,2945.242603411174
41853820,2072.4233050408775
81440480,1737.850513426331
84996580,1892.7808060275936
35919442,1358.0699616823704
19046260,2008.7239018548523
90423631,2070.4313060149016
92961031,1912.5262563868043
89855372,2041.3155381513184
77816576,1985.0334354222402
12194715,1585.685029953748
20115124,1994.4010775857143
73703358,1569.9686986567817
89792966,1687.3615281932553
43706254,1538.2008270109
70266281,1611.5260358835524
78529732,1618.9054407146702
31638825,2217.49493855757
58167471,1969.6226303537765
93767960,1845.2875709957086
55879589,2130.245121863259
67388602,1680.6965743342075
86008328,1315.3543919968802
53844650,1289.6455748634976
86660948,2081.955891969259
39941650,1259.6334356030873
44395757,1916.2175723173857
81989533,1473.8186764459956
46504700,1277.7812491257075
39402032,1271.4722011661838
85919943,1190.2077705895706
80733130,2021.5166249730473
25189661,1513.38321451202
14623666,1526.9557973760604
70848155,1697.0980878720688
68571484,1823.7784022522394
51228995,1440.3471726576836
49683485,1626.950449921129
56036763,1519.526799440009
32459332,1761.3421312038424
10860915,1392.844064581597
43696664,1589.5941590161194
87941364,1700.1052083949294
76183083,1460.8477777402409
20966309,1775.512363874599
37699108,1701.0197337627296
55952526,1122.7308520465701
15616438,1604.2146357409088
86514240,1743.936416632457
92945955,2507.569748307523
63145934,1824.6273172656086
58853662,1415.8184502079446
79304271,1381.2101862223574
24276255,1533.480040381835
43245413,1544.5244656081977
59024690,3285.741447227866
13551336,1807.2027801538072
44848614,1619.9746267918724
61087377,2041.864895041648
11885900,1506.3889008314907
92535927,1200.5653707852157
21708152,1664.903544514166
45352808,1313.9972920803693
75624156,1428.1103412506607
32001265,1298.4897998821625
20413825,1431.4475453520242
40305802,1586.3755794886424
61861688,1261.3083479058462
33441351,1468.6957855356002
30365812,2071.6885380193944
43625038,1354.240848329941
40659534,1370.154682407536
72885406,1484.6850100965207
55817366,891.9058096612445
78604997,1037.8180171200054
14364198,1393.568795139534
70814486,2687.0746227778427
71030650,1324.335395562801
93257457,2120.8030524059623
65515227,1173.4970162471823
23048185,1635.2500864407136
64021401,1738.051281373207
81601136,1221.5993407908477
60464050,1537.5884381832232
62126832,1317.8718222205557
76122802,1491.2207449296416
68619547,1217.0973110995733
69931017,1874.4763435255586
52039321,1387.2673622806208
96748453,1447.991912762318
40650345,2234.668747228836
94190496,1309.7564385418577
40034795,2002.4726630058499
16725203,865.216644257079
37869032,1953.0347608468944
87784983,1376.8941903155285
67445694,1285.5299160227037
44138052,2193.90639646244
56359862,2036.392586785743
27113776,1795.486626698454
73853459,1276.012485313042
76284169,2551.6655310995093
42581373,1884.1278574057637
74617250,1236.3595876245072
29606632,1901.6169944035807
22328059,1654.147798461412
94596005,2144.0510743529107
73640300,1179.0760353344567
52511016,1496.3710939410912
63643579,776.1085689653107
73979691,1926.966431304
76806109,1064.8407071261408
67084872,1265.440456659014
94616960,1094.679299305828
44018639,1128.7234977088817
10369424,1908.3234696402305
19417264,2411.1121643631104
77137301,1542.9917002367201
33598935,2206.1521320477177
81379316,1796.3040457724655
67627945,1466.9417818071818
74067952,1091.502121630519
54161507,1200.790885051717
55930611,1353.6859662661036
64919315,1964.2900356112016
92109871,1363.388486762156
88653847,1376.9047880524317
50331596,2168.7915414137606
68139580,1299.4004625031976
80241693,2626.6889533713393
74034028,1857.6514403634824
22712040,1578.7611976863
18212521,1426.2608382647454
60434302,1559.1548647515888
45427525,1120.9323362303253
95853311,1265.7435830172478
70857259,1887.0213230037048
81477083,2231.1807402880504
27723524,1984.1825366619767
25206032,1212.971601555072
12102381,2380.600965234642
72428170,1397.810511607817
27672042,2231.1759069769682
77000429,1758.6060709706353
95589605,2355.190176011033
44647376,1711.203470233858
21338536,1139.9984030545947
13820529,1592.371661742006
24568041,2240.7581342052727
90117191,1710.186635553718
45800664,1608.1814289343083
13557339,1862.989071762424
19087413,2375.8857444631667
11616417,2158.6107587427623
22015830,1533.2315033506584
42617304,1265.0682532854141
72598754,1568.8133403979564
34839793,1388.2602341431373
77660297,1446.3708202576963
13706769,2921.6064285011653
71694094,1947.1633784686383
26712974,1145.737146356134
11161484,1428.8455680933346
92404281,1072.848242865338
29267516,1596.366895156792
44574998,1591.0283401581728
66291057,1119.1346891337055
13701175,1672.020718509547
24177160,1861.9353493487156
81405301,1368.9347431532356
11589439,941.5475462248249
17537269,1415.0968415684533
98168887,1936.7779435356929
57508409,1852.0292490332981
83408387,3151.060771509716
43301435,2239.507636601526
49258344,2430.478328683901
98631322,1301.1848425087242
69659096,1782.561308596344
99106028,1263.7386363350774
37856658,1962.05715397762
42881579,1163.4530462855087
77859891,2505.187651764595
81041727,1135.3444179941498
47217829,2290.4316121190723
53083229,1495.8802073336324
79619006,2153.178145758154
87897995,938.6480628952668
17964917,1098.6163967071784
80568888,1042.3106791810337
43042929,1335.2137632665979
62796073,1927.5821985640046
61083401,2103.8108321497393
14141477,1498.5016277865734
68306110,1914.0986434082527
43708354,1711.824500866682
73883907,3972.905808133424
75966104,2000.5528895992886
55672599,1293.002961627668
14917596,1624.1888496473443
65294870,1734.592230584877
14049454,1711.3264431286054
93295381,1631.0480650774093
27730907,1922.495035479263
52543486,1579.592731780962
79427440,1511.6909088234918
46627987,1895.247064649074
63096372,2148.581457651765
21047227,1540.8060649161475
94588817,1663.2766382254629
82925355,1663.4409030353713
20239710,1377.0981038421742
66560522,1401.0995453671471
34394729,2379.4186055877844
74199492,1382.4002287521985
59577067,1285.2608348435676
69919638,1341.911331627448
46718033,2328.4976163450738
84917912,1694.440635267858
31599665,1225.8328633807962
39056365,2712.8189568915914
48895978,1258.5441739244432
47094246,2004.8602151097723
19549587,994.3828642927803
18563899,1859.2560682466028
81642903,1358.594137578572
12095543,1444.907790846474
67140026,2278.9119877526396
11054636,2140.059691194164
21698635,1979.8745355406818
23623849,1855.6314883447822
71392936,1544.0039012513564
83425325,1880.3426690924443
14553390,2472.8529428260053
70274030,1128.541402113838
19402442,1206.5134220551147
11041677,2551.376591529678
77513563,1515.7575760665054
87335721,2874.4509500219347
17466406,1470.388069067453
11267365,1628.134325590263
89144675,2101.4876244400093
89338457,1410.3274757290005
87803439,2202.578578172568
20104582,3397.472393859457
95781089,1172.165253066366
66358482,1401.5509058186526
62863016,2415.3136941481725
92557337,2741.1121861355505
10876766,1244.9106960280776
70473205,2381.3564183401904
87569671,815.8668892015501
61139578,2607.5761474891797
53121878,1555.7363637267995
15430462,3232.0143661022375
67332796,1128.7011362621724
75641163,1989.452256988262
23552924,1345.2856433073555
56332291,1301.8806856659728
83472051,1618.9404546307646
73213649,1502.5944830804783
47802315,1577.3347653500407
42459098,1356.842137886902
59654537,1782.3418230392822
49312825,2084.8508342414593
80983900,1784.4604286261526
58178507,1440.6281657055465
50382416,1883.4294972915056
66073034,2055.005186932404
43848284,1481.2077177314254
85092410,1556.2543977381597
22321014,2457.1716275080325
31162245,1388.0519159510254
26802981,1117.3965234397847
89737386,1904.9139340871577
22704344,1662.0585314684722
56000373,1923.9505459965976
96310766,1210.761680797618
70324095,2051.8202231182922
86441629,1406.9753613390963
12514793,1287.7365560174433
89583392,1901.7304942668347
36498032,2476.8615198804464
22072881,1194.1274699290605
23992589,1095.4168456302596
25380807,1079.743996096145
30026993,2444.234054275673
65742850,1485.4535955076358
33236806,842.9719151294481
64518820,2536.7160033652526
42371713,1426.8078691726616
47924596,1841.441406228602
55469978,2077.0044252018656
29356220,1221.5340449528967
98913649,1125.402303416122
22201860,1860.6778108123901
17005574,1763.333257397462
61767605,1859.0327052227042
63003964,1413.7052325408683
52904792,1837.3411842653954
87014699,1715.9359858473429
60476269,1884.3639956809598
23374773,2265.9463707950977
12887652,1684.3193577527254
11366466,2349.4455709816757
62053080,1229.6639890495287
21354279,1375.334135222095
58635346,2185.5535236813203
57475663,1533.169994337243
44627129,1297.84274436705
29419543,1551.7812101481059
47538164,3063.435889394892
19854086,1717.6902707492168
63381374,1716.8401092891418
55348437,2121.0988561168465
80254443,2190.9137608633982
23105559,1667.035146864945
25129271,1860.3899793810654
40257293,1864.671100802635
63509506,1170.0091767351782
45432136,1503.0047762482243
19785631,1686.8493413902129
22859019,2577.0752004291053
36147504,1339.1420435119674
54449509,1719.6171629989385
81205631,1538.7784572553783
98103632,1836.916746514845
32691265,901.1149541240093
72768344,1438.1952657319575
51890279,721.2707124944693
48043615,1457.738221267621
25374441,1366.0382281932166
59962384,715.0167368926949
28910995,2381.4754434170345
13141234,1627.8195377383176
50747063,926.526985016537
55252279,1360.4860064117734
52007426,2367.026100954793
30847276,1544.5191234610036
62106368,2437.0745747926703
60214573,1314.1757092551466
40002314,1702.0936395448512
32428356,1660.954702010634
53658343,2315.2677943982153
29161839,1671.9781215993096
46396012,1416.1261114604881
62360708,1909.2689943386174
43297939,2085.717239702153
12562149,2269.7797636101204
36028116,1701.6405476429588
87330286,1652.9017181584125
88119407,1928.8132631114013
26750897,2435.1626711430417
49969361,1459.742569192131
97204974,883.3457029388045
99702598,2021.6642624771312
52763802,1608.8084624102123
68901809,2132.244940186157
39208673,1425.4264125599211
54033485,2005.4566616782179
54497531,1755.588270827739
53990991,1285.8158232672672
84489537,1273.4034295600259
35670801,1331.3695046066439
78791350,1275.7755762947831
20845184,893.070630033128
13555027,1708.173821060205
37646059,1981.3314254423462
76127874,1518.2221989635796
92134461,1575.5891003613908
35770374,2002.1766363173967
71020209,1777.6666235609207
34171582,1550.2578586014479
50654248,1363.0145350516095
42458567,1508.7541949156869
19190057,1217.4349802480333
54080489,1164.6107306601511
68542535,1752.4925674715773
45210646,2057.5837384980214
59714270,1521.504707714999
88185676,1275.6930998523444
71490260,1377.6464888639907
30639393,1165.2933820678954
82576353,1917.8628419693182
24335906,3381.5661992749
21049647,1202.4151804081612
13781432,1325.7123069592362
86079138,1831.033531183518
40000990,1672.1354453476426
73775201,2886.3023063048468
35148701,1799.8938596266946
81596880,1414.491381994465
94320273,1400.037326882822
36438421,1832.81256784393
53057217,1832.7737695303688
25248077,1281.1920492155923
73038169,1099.577914201313
73258090,2148.228922092694
87336796,1590.3833615270494
78963426,1492.4099821109025
12232405,1644.6007710431716
86811261,2191.1526796116905
43165541,1060.2402408488686
83018865,1855.1337334493626
37762842,1492.9390033558327
65591705,1775.9542019796238
67890361,1477.1143313839862
94753186,1234.4490643516895
93051402,1434.570093079231
18623638,1505.9823884859484
35256497,1395.3391967270827
79246585,2107.564121203388
23762226,1350.058965868168
67287814,2443.6937818046445
78864148,2185.769253644428
30658878,2194.639992790797
97960066,1219.7410502094694
19914732,2381.9169048411395
23619037,2207.809412337665
27095793,1892.0913904779686
83667300,1194.5047466977176
76686009,2260.5794902405014
79911388,2003.780139852653
36038618,1685.1183324863773
91489166,1264.6744567110477
64088644,1733.0577872430251
10087238,1355.0913218446708
68403788,1426.767102211974
95817054,2167.825834740287
57182933,2174.539025719304
83941537,1584.3387455199424
86909159,1889.1535537808381
45478492,2633.8571648625184
84142111,2643.4708324250587
45223652,1473.4603692022097
15651868,1819.344299747165
48952352,1247.3203367611268
53380245,2167.6870924650284
56211427,1168.2404985749959
66961588,1177.1880882270068
38567012,1102.203267900014
74938615,1454.9507279641966
81147200,1697.604503817916
74772897,1714.993843483933
80316029,779.8602010744595
76791795,1862.4298174985306
95549661,1361.0995258151456
91524955,1956.2544289948808
93849275,1788.0821544973094
61885188,1969.4628372546424
17120455,1070.2823183566054
71403569,2075.209666758369
57944962,1887.2429852645178
72483844,1687.3037252193953
45141218,1668.2041709739829
47525065,1288.7248861623216
24379765,1186.7263684346362
91215387,2228.8971947915293
39945150,1173.5647136478592
25481926,1750.936059797133
72167432,1908.7077659801116
15652519,1025.025832070227
58079379,1108.4594011118404
81779274,1795.8243256332742
11313638,1547.4102360780803
82915596,1642.2311700497794
12551058,1720.1567884274084
69374139,1783.062949710055
27490970,1597.911639593617
28663701,1517.7093940934656
51901697,2336.6878861408686
19964529,1936.4104239551152
14203976,1915.374207844364
86724526,1657.0153011848813
46513661,2225.0848966715675
42464585,1405.2822098699687
14360059,1334.2779296723588
72181637,2304.173257466211
78956787,1549.2575358912272
30264496,1266.090009470436
77227528,1555.3135956563829
50534372,1477.4974998815587
12187853,1820.071288476771
97814800,1605.1138026996316
49704538,1568.0818932808331
31844965,2558.4250897531265
89449307,1137.5645927225505
72286626,2125.049662293211
90641879,1836.994993480019
39977212,1948.5521551881234
56406335,1284.6650909983387
46671061,1811.228333184451
21883230,1531.5594481779497
57754484,1032.0553250295043
96138639,1884.3879186900647
48581654,1771.499221954364
15477564,2265.593638492641
18367532,2217.4074425444396
57040971,1012.5252742267742
24677280,1954.8543347296304
38279741,1164.696482917364
39630161,1759.7962403295344
94354941,2164.0257256693685
73739305,1479.9078118636219
36839896,1661.202083268859
60950133,1247.3101743736497
34560824,1270.1530551714843
89848060,1643.1392181100985
21727334,1829.4893328595379
96402755,2473.5973119212385
99203156,1445.5808707982017
69252455,1569.0419549853677
86645439,2910.604178853988
83677892,1354.130543423286
22897635,973.8095192442642
45288708,1625.3768859964744
59969436,1756.5840479554654
94774349,1337.1283000412895
16886474,2050.7553793687102
44198009,2844.960044606767
64700341,1176.9767826316665
64505698,1329.472446411603
77323444,1449.5272814830637
27706778,1693.6880345617114
59628829,1196.9575477285473
55365465,2125.5525068034694
69970571,2097.4330442241244
94271260,1567.2053521162009
52700573,1809.841439970235
45014443,1816.200189755314
71021280,1779.8720964793404
51886091,1640.0977674306248
91170937,1835.6100420823025
92081846,1761.0461184763224
95719079,1841.4795016824971
12428005,1229.6749754733958
38292857,1439.3334779705942
75786036,1792.1216277307472
76868352,1607.5417175053822
61787836,1830.935020168546
92993294,982.2555121543656
23885591,1173.8619406205084
40800066,1449.9534022386815
56146741,2125.289918587087
49447892,1588.2158608332402
52965378,825.5837803252417
93685952,1317.0692542547572
89649731,992.6093937236826
47102704,3192.80062960386
52908918,1716.631432450235
77943419,1556.9099653455062
92500699,2317.1970960209646
51420779,1892.864319405676
72830394,1431.8220790849098
72781023,2190.5904315642792
16161212,1104.299097942382
73724856,2320.169591609385
76991618,1193.2940296097918
95797758,2263.7309608614933
82786703,1117.1929107713227
77183119,1550.432533941586
56026782,1113.84284980421
16589083,1498.1798654731922
47749953,1421.0331927451257
27187508,1622.7112589547223
51723171,1760.8185445153624
56627258,2123.627249187059
75635227,1183.420235510036
57547046,1343.413693325016
36631973,1911.9462715702193
17463415,2388.6016804738274
26674861,1269.7706525847266
56995341,998.6493066254951
26126144,1157.908869258441
58450363,2211.144452166366
89312269,938.2471027572276
16817991,1287.6165807952668
84965319,1265.9959703906748
43319013,1788.8454033722683
44400321,1112.4953583508739
80024230,1082.7605568571128
74521218,1869.2630937222034
44832141,1577.7391581310449
70162625,2101.0172001949577
43589357,1860.6968750520875
14100726,1373.1427600715724
36520084,1223.7517786098006
98999098,1065.7798497127578
14148442,1515.2228340540737
90033275,1843.9105647217664
19819492,1104.5930760765332
94929441,1570.938828772345
64769677,1421.9404526552185
80605119,1581.3870892998943
61896581,2052.6716154818605
25053770,1606.4533713548176
74893395,1900.079215826301
53560531,1407.895814173602
89710260,1341.6273852618401
93875018,1518.023581261489
64766158,2478.2784825527115
54305179,2096.0353697546516
30403292,1899.6349193511473
60767564,2074.8579006802893
35303188,1429.5142318291564
21177257,1946.247476838217
15350431,1993.1291148031542
19112314,1400.3055236524615
10078818,1722.1165750223922
23150338,1813.63015775116
47635759,1828.1461122400542
30605686,1294.5168277704588
29709781,1758.349708425802
13735642,1098.8235217416086
99020214,1372.639053938692
28873624,1808.7166491938528
70890497,1458.4781406547936
99675492,1445.587958538267
62216584,1860.012549670286
84668724,1012.4207899026643
88738488,1695.0455752182534
35683009,1203.8236898762375
72816721,1577.2579321369312
19163259,1735.0042869264507
51202613,1603.4679055087452
56056704,975.1500193342664
49879334,1034.2776090231978
16786843,1498.1029717590786
47533115,1658.972143192252
22109413,1359.3360911685375
85518746,1187.7327354176346
93362991,1550.4837277471156
16124077,2148.58096252661
76182432,1120.4559317948833
26790843,1475.1553800686952
89672220,1804.356474469634
12756298,1794.3594085492393
16926806,1367.4171479482784
14000956,1366.0721642280914
36806959,1384.2541276660863
87017954,3257.490132386627
43944283,1693.1892194450202
44101724,1020.0561925495556
67316534,1119.0996354419458
88490548,1381.7559650081741
88665651,1785.2719837242194
83830852,2636.3776860491425
35512699,1320.6068953099302
49228670,1649.4198525912157
47172196,944.9685242964365
86195285,2194.131095021341
61100752,1567.2250684708933
23609539,1538.7155685555347
95881788,1672.0487558242464
44925764,1958.8721120649486
83971268,2591.646843983398
17370699,1299.088479319589
76384877,1421.2701232140043
93972349,1670.700378047343
64752973,1305.1597568313307
22747583,1365.1950526969904
38304968,2230.583772788316
10235307,1557.966984218697
25779125,2214.4723508487687
12843653,1336.0278078895408
78094768,1518.6490387057704
10635284,2342.081610191739
13687234,1452.3984714409735
53936042,2080.7803942793744
82732686,1045.1544865050257
96543781,1951.679409051103
82228529,1016.9674668789203
12775154,1525.2647177543981
55255907,1560.1278464285965
32916130,1397.213087578421
18504284,3554.4572663642066
65825890,1859.8671674913678
33391713,1495.9764933155302
93331533,1639.7800069952987
89345152,1702.860538424128
46576484,2776.0721535241137
33320733,1303.094560800689
10724817,2642.303717553599
41244276,2066.9007033939283
39841607,1509.8343099267008
59463885,1838.2888278525643
61317492,3693.9182351489762
33725830,1023.2255850592161
15316450,1699.6262352145848
53318939,1963.7957595859446
82300735,2223.353610271336
44927585,1459.6577815325436
80951510,1688.1179416539487
51421456,1999.789019230585
67936055,1778.521996956784
48065777,1002.7277326198753
56103730,2276.502570934207
40566531,2001.1939672146289
61129612,1831.5147893390968
72015593,1567.543959797133
73826407,1223.436611197468
88021730,1245.245376956111
85653819,1483.9859197237229
45194339,1473.1118181987115
91086895,1412.107559263327
51919540,1649.6547662332353
23157322,1593.8766646680363
51628095,2057.6897979043897
96537190,1757.9225261382805
53402735,1415.7223546446746
36360155,1125.675008604208
37694507,1784.4776339099003
83593533,1573.3268245458776
24284452,1645.5803756201162
21000889,1624.196266268139
18518898,1209.214063971766
11533995,1740.5802925749326
91728492,2174.363407051215
32889326,938.409463631636
16392740,1393.9682896951454
93954664,1425.0288371786896
40527969,1630.4825838788838
13359501,1390.906326713299
54613106,1041.0231976777063
89494294,1916.8315903963442
43243456,1542.806494448045
49320975,1928.5124818339555
66824387,2087.294805169207
13395531,1321.8747737257504
84702746,1196.4274819619704
46376987,1848.0214980296207
16949551,1311.9232190991913
76113598,1520.7932552731181
88051686,1573.0698817770212
21575972,1639.5786964732251
25797068,1219.2071276037345
46519671,1381.5097396650758
62958708,1577.0070627157063
41163598,988.8589597539976
90108134,1516.0690898614666
40305514,1537.125272687124
28323820,1654.914310728599
36148206,1182.9359184706316
41903222,1623.9996112417025
34111269,1724.6565447491255
22460898,1923.7328874501961
87095926,2066.5464214432104
99063606,1525.1994587180648
41090287,2448.6748390379134
76553835,733.6723558323635
40520930,1904.4961463238103
72499276,1572.8451132188318
40722377,1878.9124569290123
23596828,1921.123240342247
94118199,1297.8377634507563
54177823,1989.6732514554897
32744353,2526.9398672286316
83540534,946.2733256663341
60135160,2013.4816043642563
32215997,1062.9139359744918
60591783,1381.4764184818089
75534413,1250.1960059436897
74381587,1743.4381589345915
83928867,964.7919689376889
31779925,1534.1996603946538
71389415,2068.3120596222857
36657020,1428.7139211218864
52833217,1704.9652503139137
43206206,1246.1112469357254
21701449,2134.2369761089326
38073031,1236.5853371265357
34369333,3337.4901209998498
92620587,1685.0127775636784
11512547,1550.6737574782771
81501365,1306.1992121144083
91014044,2624.964252727161
90225400,1939.8706527780034
77353219,3343.350391307081
55291546,2020.6917288183251
22923482,1323.858383419422
14288303,1286.9465465840087
55909136,1403.9839741765686
41957261,1141.4722235222712
17675131,1382.320306601569
13490253,2083.890856259667
79023756,1606.4617404530202
98393510,1085.9497333435831
36169986,1376.348575934769
98879925,1375.955275039124
64713126,1340.9907511177157
54807445,1606.8663180132498
76751871,1863.837491075995
98441518,2407.3875527631944
54149693,2038.4479676578026
42794612,1287.9137018262866
76036112,2586.9784004202284
14657728,1676.7306857781405
73292737,2378.118013810812
37897222,1353.2764316420958
24707301,1614.6461927863024
54570938,1926.3164026626027
47969890,1019.4877466188093
86391847,1921.46455670863
43251995,1382.1000855397335
61789630,2775.9034644858257
12601759,1411.4502080980187
86045386,1333.9562136142047
67870680,1698.863117936463
92603070,1196.2991483204378
45118743,1428.0215877942069
40352166,1585.0962543257258
96817260,2326.726148417106
70031890,761.244150381309
18280163,1549.5411072303243
84418154,1459.5109014655131
50657043,1196.1516103087686
24196657,1786.2940328826242
30339428,1486.076610022859
97021401,2013.031252727479
35926246,1525.3636882936937
78296017,1781.3660444598631
91378970,1035.5448908416806
80348783,1499.6786954977727
90424864,2099.4270557065
65449342,1191.2117746034573
50552285,1151.4623401947492
96371635,2267.386815512972
72833770,1627.3697391045168
94834332,1060.8790907160842
34291304,2393.2808863248165
61020465,1696.5735862549177
58556746,2034.7809074593958
39138083,1771.5440527702622
25334186,2099.875594579743
34764813,1876.657701849084
37404139,1536.7766077137035
44171473,1309.1560033861638
32137098,1217.9174012686076
72644851,1484.5902306294354
57301182,1541.1735839543344
68777856,1542.706827198278
46687209,1194.5140972379297
69167315,1377.0801622173349
82057134,1605.663908755686
28611499,1533.107794428039
73817431,2138.1868369191043
66885663,1907.329756882875
81244724,1348.6604146485593
17815149,1623.429394171351
76792976,1804.1765024959095
32232188,1306.6523206816817
32884692,1446.5990702968131
51904668,1977.7131269967556
54177086,1517.4643617895604
79785130,1921.4842776434455
24791309,1139.4899317859135
79748184,1107.4569700927432
71076766,1718.1625048956478
91713473,2220.0388128682844
21889636,2567.5463902866386
88684450,1596.3095437423613
13868166,1329.3284433293588
72609306,2727.0012261082466
40230821,1092.230240875558
65326864,1275.1062223901683
47873334,1786.5146160230186
38502225,1144.00991635402
78086792,2173.6880657385136
19000370,2417.390612519829
18794356,2075.332955341265
15695931,1257.4859058020797
69820899,1139.4346216126341
42730808,1945.0307879850184
55693372,2333.2998861280166
39793167,2490.154415878599
42174587,1170.402516624573
17562701,1350.444411713393
75887228,1389.687653615262
86381737,1061.9466680504397
50478816,2108.4247548020185
59640073,1579.7146481323753
76678970,1419.3867878753692
23159711,1348.9966115797545
74146213,1339.5509575626336
73679527,1338.8900274377909
83678670,1264.2862282937826
82153168,1743.816689945016
81585077,2194.735289520846
51172809,1645.2402194673725
93348209,1264.9693777722318
40526730,2664.5351977239234
35477741,1819.0589861982912
26904107,1784.4510271765027
98083773,1323.270947951279
62394914,1706.6853185460557
38403298,1576.8241515495051
19395977,1644.9599666771137
28561023,1357.365694886822
45885910,1517.3436614103764
95086890,1229.5711961871027
19776574,1264.2352720569172
60586201,2112.2860760464546
89147481,1826.1223107919366
47209892,1453.2688541379719
47476854,1617.9439064413386
60953282,1865.4900957060902
72001460,1739.5628796458454
22546493,1722.6298765638726
48912589,1831.2725788396265
37241017,2342.711740267127
40152795,2266.5515862698467
45771924,2410.066161095988
70307319,2373.0443617477713
42825484,1479.8350092025678
32535623,2517.877600607646
54789245,2313.2619315687543
72682970,1975.0652732051412
51218700,1800.022173768367
16039328,1246.642161310031
44678506,2870.109137576913
59530373,2620.4980054918824
81467001,1301.4374173296321
50258434,2050.316668561542
27681355,1496.2327321292728
69431073,1334.5551599204296
93968709,1830.3693703607657
56478207,2298.8802017326425
19466001,1930.8117397887147
45204787,2277.8234684345207
44120969,1170.55595407099
11347094,2439.574109489925
33817003,1290.1420381130347
84812841,3191.6644950755526
82947487,2105.4233845977046
22317982,1615.2783482626016
95086863,2370.371556006986
73084974,1218.8509269380042
96665202,2152.917028069962
52954565,1229.6003755385527
22781049,1441.0444773198694
39742164,1630.2189857730793
20712973,1444.672244478168
76124953,1761.3919896256389
53726970,1763.4461196264608
30895251,1662.2959120812516
87940348,1759.8535898353239
95321478,1534.348064102825
41613207,1655.2706318931732
64780104,1531.9841040348333
72574405,1894.4023206230347
87909513,1176.5031881369027
80918662,2005.463685760971
50842195,1241.7649625045915
37167999,1780.7451276887477
56430683,1509.0900530704646
62519911,1163.9752088995374
29251792,1529.641951776098
85925973,1587.5169941129286
34644536,1293.3355415010342
39276706,1337.0033777002247
81892516,1973.5781134151134
30222761,1458.8251204915755
10422044,2114.7203850786054
28074362,2443.3688401835852
64967123,2079.644320347048
38282963,1403.9372411967822
76769818,1567.819207919063
81835353,1918.7672271897984
34737343,1481.146078426023
51032996,1524.188810945799
32565254,1688.020604366447
51764743,1928.8269900634414
92831396,1888.7581621046122
84077215,1452.6955555985205
77480283,1531.6976245149694
52724196,1004.9352107142456
78039908,1400.474642044076
46605850,2129.7422824834857
61041851,935.9597582751752
10551671,1316.9993207859227
84956232,1537.4764089823739
93609795,1061.6416271490775
63261476,2181.5903972881506
78773692,1657.5892549169253
41527728,1175.203443230881
86838609,1316.4865219759195
46835475,1460.5104994652622
23285553,1252.2520041195435
83082562,1498.185254093291
33889237,1673.2812447817726
46836989,1990.6126116118146
42683388,1707.9569847616951
15212938,2640.3081277727106
63857629,1397.4819639213806
71736760,1397.2506125361515
41166882,1533.1726119131592
88287708,2109.836860997322
68218612,1837.3546548151508
34505104,1561.7109258392795
50756606,1627.5300079992735
40004505,1534.8640792021215
89798576,1559.9608413282378
43860123,2235.5395466799264
93655218,2185.8151801340146
71051446,1096.5166541110843
93380848,1159.127426520651
27980449,1504.2418901275014
57084880,1654.9402731087077
46438239,1369.2283660980013
30942515,2376.6023064047195
19590564,1510.8491524137607
83623165,1306.4112839544514
76716085,1863.7390955904002
60666996,1922.0057941727187
78361983,2078.8137620588486
72701952,1445.4413576425638
74922910,1349.823490000844
63759907,1587.5490421512777
68856134,2111.3033669827387
79795778,3098.6352176935625
97178936,1480.2838164094455
56185778,1359.7415695633747
48290079,1253.5312090320756
29392023,2294.855545836137
54780943,1681.4270863685415
97751068,1533.7711719005554
69746506,1526.4330141712833
55371174,1814.2247320650029
67781652,1475.754327276241
78245291,1658.8965361041737
64158812,2010.2469347180247
60974365,764.2674550681223
12800790,2134.1487568300918
96154030,1721.9408345642262
98482327,1580.370402486532
17464700,2231.624828384648
56270967,1788.2037270677597
46584495,2115.8834758910143
72785702,1330.8584551587658
41281460,1743.1961922990904
80424496,2551.4825306957373
18835766,1857.7733714811438
87502261,960.0925988844465
96135205,2038.3491198823783
26258289,2767.2286402532536
75302604,1471.5987602206574
98645752,1795.8758024395433
58643859,1969.3265239697137
90141148,1922.4936244626163
52181895,1277.7721907173916
16710404,1600.3257011665576
26056734,1561.7860117882967
39602380,2029.5623598141015
66983144,1756.814298792701
52507579,1293.0862692039664
97432890,1520.269143184958
85547503,2494.5222101171084
63906202,1598.210934894409
84599750,1799.7935613944207
84325254,1251.6472970105697
39975048,1759.1330197283066
81574706,3167.055568401668
30468791,1437.600824809868
97533812,1412.9396768834188
18711694,2109.7548667206984
51787778,2001.09277815456
61409887,1792.89487376846
22014620,1098.996253631923
38836545,1371.2213595011756
87391833,1113.13414034681
69117778,1330.2677912377299
68122788,1910.261881180847
51241051,1658.9366612544422
87186215,2294.9931211652633
84468326,1494.2445370342325
86410473,1640.941966018421
56236242,1849.8481223338326
59626902,1185.6601889617095
66112801,2426.1210182037003
84626603,1148.0477710771552
68630773,797.5216511788628
33563434,1135.982896962017
52975992,2278.9903142631974
26817104,1782.5194990110092
19501484,1539.3605766795226
62595745,1627.5938073957968
41563117,1989.0682745577494
52796320,1852.5443936005797
21489695,1818.217442556355
56658010,1617.5077014940098
91048109,1310.9849396369982
68814610,1574.7270597416673
47089966,1741.634527000992
79261064,1961.35358621836
43267298,1679.6479076095936
35491922,3603.609630831963
91103900,1691.839604247819
81885878,1118.6587574802293
10004659,1632.4606007381833
49810234,1384.2948421839
65062190,1615.8278371180234
57566037,1743.504406281853
55754004,1649.9258288894089
99179360,1046.1716506841628
67491962,1678.9347933036909
55660033,1487.5087146919034
96584547,1624.2356299710802
36088377,2231.036509851774
97242422,1009.601022477638
12109366,920.4925950689451
57248099,1742.3020021710727
46843789,3324.4551787099035
15574311,849.7053648055164
39119987,1564.9864164771489
95964371,1527.3928932108252
93965777,1434.390812102049
32720737,2074.9793071934264
38011636,2291.53778727171
28738450,1566.0066195297381
82845868,952.3780839976308
92357814,1448.6253253389452
94273774,1177.1577625245197
86770972,2183.492202300393
95965665,1556.7211238793657
80658412,1217.8957829451665
11188732,1069.8849957513548
78466957,1288.9384036589638
77853776,1563.4288403739324
81589793,1436.0658458838184
49765777,1729.7758886523125
88579415,1377.5546578270526
65011154,1344.5719880780334
32352609,1523.4159550709587
25644810,1292.3803775001873
36867135,1756.1441317546958
88848522,1551.6965030803476
54293859,1739.6723580360338
33019527,1224.5736921548903
46924492,1184.1674802451832
19488750,1327.4260226891947
94594464,1338.7380494598758
73247876,1599.7535954907462
71373451,1215.687398237004
27655514,1490.6585900850594
94112335,1580.723343283291
79135715,1193.7141802347712
69231521,1402.713200504253
11994136,1739.9311449193456
27288623,1539.2093118448759
88123955,619.664807859591
10000265,1319.3596925679706
79772833,1690.0904371316453
93882232,2481.1090927568785
32109681,1241.138763601849
65404136,1820.9114563011067
33831079,1050.2743929456888
71847266,1199.7496651414892
81003839,1134.5388002944283
19285579,1894.4294685415844
51911514,1921.1469788682837
55539434,1882.2352090673733
44536751,1150.7285932478414
70028057,2256.0057577337375
86860126,1987.3297065298893
64254454,1657.033359054451
98284782,1969.8533490496427
34610652,1531.586094573363
75568847,1596.9188211575488
65674652,1456.9869683099523
55019276,1456.0236264529544
55592552,1443.5996864094745
94267636,1462.9651295460287
69222634,1339.8364038407572
85591369,1192.912270849572
43835656,1364.0118288241565
87803052,2220.104248171254
26232040,1544.8413463938496
91061668,2083.15098663747
30001734,924.2268894420279
64074995,2355.2752887543884
98892450,2172.208429161813
30473837,1354.0240977484425
95158643,2012.4300056893956
42377220,2076.0599198481013
64814717,2127.1732304017196
30148862,1813.2574893001167
62010302,1697.51644537215
99477712,1520.462458850135
70875105,2938.384944511148
20465640,1160.6474649583379
27850961,1015.9720745989622
44835254,708.8059488790159
37634561,1498.963240315723
46702648,1945.4574822315424
86839823,1331.2325934560859
67985741,1260.3685300652173
27791703,1361.7687794288406
27289673,1329.0492134040587
47043760,1452.006876758113
54808934,2029.6044048205233
98155995,1965.9550483326263
69341643,1944.666557604722
19401682,1465.401889664716
97496254,1096.6839919975187
26009392,1370.2278299076957
76357312,2190.861361315593
60644292,1957.4691555089762
92095667,1610.2586020957458
16021125,1841.7299985762402
52662306,1365.408644036337
22527415,1349.4837399591731
11178457,1898.3234652797505
19452873,1051.7750451561512
89463603,1838.8275996566533
55778959,2542.170114915768
45079947,1475.0631591832675
71913651,1602.3349066065077
26030335,1713.624524941134
18887144,1325.0909728130805
67192573,1458.1900184002295
93955593,2369.2461152393644
51025425,2440.6221925118043
59882564,1362.8992587977054
39586553,2151.169779028334
10235871,1921.6116252316133
44636319,1081.3879173410096
37290007,2354.8798046843303
14108687,1637.7083006769476
34932666,1167.6463223386836
80941617,1323.4316467855497
54682782,1570.7364835793546
89652985,1653.2659846807524
13137515,2519.398182075115
69623259,1484.9083021955153
58672181,1901.0415247781866
19145583,2083.6110888713274
15756823,1979.4268935101761
48404289,1600.9728682767575
81082424,1457.887758316943
73224913,2349.886953298037
75845341,2785.7185073230603
98474913,1774.0858304719286
41962691,1256.748421934372
48961741,1911.9036390222673
87593653,1088.4118955896529
84917993,1045.849908780844
24081947,1460.0169773683647
54462462,2305.219473050992
51963469,2136.6091004759965
94467679,1287.7923384352666
31642363,1215.5091585633731
66097711,1495.1976761163796
12884742,1394.3949858583799
94999391,1446.3762955188872
44605879,1535.002281162852
35787017,1516.8530378448868
45450960,1407.1536606796788
95291199,1075.920239774301
96016558,2211.5954470857123
84566828,1622.7065985651898
47412693,1039.1909011265875
49029700,2282.873800189026
60010012,1373.8716593771635
75883768,1363.5032342265245
26202342,1210.1426540822613
42317663,1517.9440870476706
81534336,1246.0370635052814
89007837,2171.9041491711305
55830410,1414.8358753362775
42889086,1137.028298903134
81610198,1467.4986338209137
17452253,1260.1853754490717
71203731,2287.4064837982833
80449971,1398.7129712138637
69429731,2164.4490604048415
54605956,1906.438769911559
34299688,1385.5471006343878
87819668,1911.5077628396302
35995429,1237.8447930126058
79395935,761.1442817221846
77309412,1584.1806600207678
43863935,2088.5443262375575
25184246,1612.2905732679485
36615071,1239.1524814538402
38474717,2745.483175590627
93825316,1120.3632936407396
33683398,1384.291680122907
69346242,2015.3117711431416
59095929,2052.7738587200006
87118088,1315.3501174300973
45924958,1684.7112629371081
78591323,1685.0482734211012
37759814,1788.0475633690908
79378632,1785.5297681154664
74799649,2360.994097116636
53222755,1655.6490152369167
36749663,2436.5031461933413
48476133,2036.464613909552
49028666,1908.2806966340797
74177764,1978.3461070603666
14771208,1084.9085767396557
53613430,1343.5729249761816
58749152,1272.3572297845392
32751897,1728.570349594343
26470651,1419.6130822101632
35002941,2175.150116094114
18541890,1363.5250622451495
57596711,1514.0309450512864
24072464,1292.0362467690113
31435093,1971.3062549081858
30602585,1589.1898398939695
75360000,2213.491611689964
46273615,1980.6751009828565
95181699,1530.292368004858
91310621,1466.7986841950058
82017783,1444.0446394649643
70908643,1580.9311748090856
15861638,1918.8816499397346
50835625,1931.3314003864043
28964861,1092.3725015673617
29864397,1244.7961622726107
12057084,1503.498923012064
28334945,1885.6889609007765
60084019,1385.1388296753573
63996133,1119.2459461408366
24215888,1181.2213525384627
73974645,1426.950783992548
75072747,1274.4264510787107
45633768,1708.6755469800623
35646913,1702.2436664686327
53661067,1537.1849252725815
78907585,2007.5383951897916
76922109,1812.3938157205691
62248680,1874.378460735364
73320273,1716.8042252225891
22179940,1845.6171794023824
26991418,2267.851630381429
21855522,1782.90715917179
55265808,1807.053613163004
58224140,2168.3909088755245
19913819,1249.9366996105637
90275479,1490.2890294696908
97988475,1880.5126379878686
83636674,1564.5191196691037
19875524,2767.5123558122086
90421480,1440.1134317270714
81793670,1656.766817639206
85521270,2147.3187674679616
97359529,1296.5221295524443
91814930,1485.9049826199193
39016297,1658.655946237232
94156929,1776.99420983107
45023538,1645.3708118232298
58269517,1218.2440933764656
35694304,1367.7854083674254
64951262,1331.5321235520432
95920942,1604.0693989037359
41847450,1456.8789627534804
15255858,1439.059218555385
95924527,1452.8443428693588
12518283,1953.7482362194717
99811369,1323.8718664714845
59569343,1075.643038410072
47206769,1029.7023995640477
51079651,2526.457002087436
23194465,1808.1355949376432
83356805,1937.8004316393683
26586384,1153.7302600408107
55548495,1179.7073527791426
86324071,1706.181661639081
75101749,1888.8466653060236
16463144,1066.6009982062787
19396787,1328.531846796262
33279246,1560.2098859280632
49233593,1852.987918894838
48210075,1023.3838958193097
55054820,1357.1665306881325
96257897,2825.3180779928816
51430742,1762.5178601335372
83437485,1672.125663163536
50578351,1843.820734403387
97275251,1876.4750859879102
16222585,1504.686857979586
39525336,1978.2331851140548
78481250,2053.0022082835403
90967247,1395.715423430089
84855982,1535.0711027115758
57782649,2100.2384080606516
77997002,1466.997814708181
36215630,1739.8991450650867
95580912,1514.095663925662
59034107,1590.7806174804298
74775777,2254.557922666676
39971311,1493.2098779817202
89020638,1938.2497029996434
51169286,1674.9601561591255
99644215,2591.7478198677472
90744203,1553.3448016287603
96320211,2065.4794766809014
36465697,1561.2878778130712
86214609,1867.5073424507746
81033519,1283.2200691975177
61860616,991.923531500269
11758072,1674.8432833580039
72796099,1062.2001334363094
12154166,1127.1974360230806
48588483,1386.073010944684
75800458,2359.2738376228426
27360889,2405.651676375881
84455620,2731.8422543396846
94594944,1338.8938391435465
73063439,973.675390806439
81513909,1557.5270202078405
76078349,1920.8615770223323
18738053,1444.4475309681343
29574045,1667.8580662549928
80540560,1569.2293402314162
25751173,1476.0290083983537
26008933,1464.700864949374
99638568,1499.5006094883602
16106243,1825.9266704375632
46712863,1117.9764709076221
62434322,1749.0086767032087
41483187,1429.3377610344996
56776930,2824.185745804157
79612305,1570.465452211454
64780825,1873.617788806335
45536007,1272.8869613865795
46661025,1867.941415671924
77061678,1290.8984580420758
60393588,1581.8304525562862
63346660,1057.6389991256224
27845955,1450.2054572966886
55504400,1546.6984188333495
29005367,1002.8732759973675
22069246,1115.7233946870306
84008491,1250.9020025559141
17133631,1422.6307362040955
84832150,1194.147827862897
45723864,1739.451681287237
43493787,1441.0883354336665
66097518,1305.9178029804812
70168465,1774.0799916151698
94063743,1132.7379567745584
14576418,1616.8840005287207
67277120,1966.6740336717746
94345958,1985.4860329980531
30685847,1335.9848189019108
85948230,1617.897454145472
89817663,1663.3477825115108
32957921,1979.254268460137
46701128,1525.7829108619137
70035645,1087.259844067982
60395047,1802.7956252634108
88839252,1657.5831793630298
84131490,1197.0213384866713
75586325,1510.33149575645
80103534,1216.880477722756
43032685,1328.2900801493597
15972126,1638.1210480971679
41404247,2254.568808150474
38893753,1189.179624031608
73633779,1939.3057172593326
35904393,1053.9959548927673
24714022,2026.2463334435968
19048345,1214.8744492649475
47004008,1406.9806527504825
94742593,1960.1602171578224
75269823,1760.1381995679544
25552669,1048.2797217695713
51828771,1379.8112802685375
70179002,1120.5069097511505
38115411,1663.323662266999
40317565,2232.006329949809
21110207,1450.4050886419764
84762082,1483.79141854797
48690899,1849.497715832542
76594160,1575.0479543346078
54192522,2370.30968480919
72813893,2281.625802913154
21004583,1418.079500232642
64817154,2018.8538474853885
42706195,1438.4906490484443
48103074,1560.2149280500669
21878260,2141.8372526509647
36272220,916.0814506053664
13817497,1552.0659006358958
41737305,2042.7722802464
45517239,1741.8441426348122
89500514,2389.5208300021686
35952974,1200.7444608615806
79180368,1695.419450249462
49972479,1992.1920148725756
16468436,879.6461731048985
66415757,1857.9670707564535
60737619,1697.791667382654
61065232,1459.366318103092
40172654,1240.305576404561
89609665,1850.1387783759594
23952725,955.7921763052512
72896307,1779.677922088182
43835334,2998.6067897339326
15170417,1008.0924580663409
67479665,1217.9020523485278
33361674,1502.7741263156886
44130617,1288.4015029982554
51579953,2135.07172637365
75908580,2214.3701895182376
55554604,1726.2625181721296
78855633,2174.427062332036
16657542,1714.9139277058298
54732615,1781.6261679216502
61746292,1943.9647695842234
57869356,850.6765640889075
29926611,1415.10431283389
75275045,2991.067835609835
47886535,1653.3758890448512
44918482,1453.0747914864933
78968246,1768.017683350311
54136456,1702.8687749555447
90807736,2245.3440153281217
60276696,1690.4369204058708
82048962,781.2144389787093
92669446,1738.957346103427
48680297,2154.338387437936
20902349,2493.0754927673806
56991657,1940.3449902034436
47839152,1501.4276925275037
78844128,905.0408214002348
13384224,1457.1690809857973
46213331,1823.497437854972
34116626,1032.9431323089666
13884884,2956.0181720450473
86060261,2181.0514393917097
33698474,1373.109693308032
65729973,1239.668980621104
10671871,1468.939792217863
35704807,1583.361838338393
55231783,1663.877503902541
62208192,1766.9582301041821
67563103,1781.545537349065
72548470,2320.8282743093496
35725437,1729.2896323688506
91119982,1752.5348260440603
58303560,1957.7980312919897
48430844,2076.381732138263
17825416,2484.665218273516
97821966,1876.960684407585
76538437,2511.6935144995705
46855429,1285.8828060741694
70135617,1969.2106911096396
68330883,1106.94363516661
82205109,1697.9160777796274
47743752,1878.1755458695543
55059767,1172.264196254037
88243398,2590.1426607792846
44699350,3066.9008142892953
35330178,1515.208575423937
25203468,1388.5097308322374
40479165,839.0937073287971
10947997,952.4990877889568
76351104,1618.3700340237633
11445786,1713.2271431033607
49470754,1370.8293445453621
25466549,1850.287522694073
68081302,1302.0985036849847
66965573,1799.0523868286227
91230160,1941.3809541389555
44322697,1334.3885450766609
17542284,2209.229810461462
43035885,1506.234920093273
73926094,1018.1361634312663
64948505,1557.8514099085633
78950808,1211.3413191116672
38422125,1237.1175089897101
70854487,1889.4639837430686
96303461,1911.5449141652587
46698218,1753.6361985750918
42918073,1627.1332995808446
60976113,1411.255792163302
80414616,1441.906662652113
11919826,1663.8608437729845
78548658,874.1211666988174
21857739,1434.6983956805161
29877271,1941.8743044508055
12698388,1834.1752216091336
11871707,2520.4193890824154
80819542,1365.7260735635452
95941128,1508.4566577021174
15401105,3612.70007290195
32754426,1519.9819448970306
69235267,1009.5581872158314
71590075,1886.2992826729678
93562904,1631.330579361633
48418506,940.9081801955656
91190923,1469.597202026549
33120061,1128.695932508706
79992717,1498.1805837353977
57263719,1895.167518177337
97902872,1579.8838850927134
11659952,1315.2587176868822
19463140,1708.8246789248624
32523829,1608.2559968799303
91862885,1723.0091794354216
72799092,1982.8275034368357
53477503,1553.3834003311208
66993460,1817.5622049466429
13665562,1372.2318753891034
80709687,1491.5373192171405
40330962,1764.5130850011687
42684844,1630.2200526464535
27675885,1992.6417813565297
38250322,1440.1055504695887
63478776,1454.683159408885
62285686,1710.9392487047742
97553472,2061.1485656022032
64732641,1710.8670336096764
10341748,873.6111914347682
34930451,1514.2496376257986
53726168,1471.6220888461035
69426758,1209.3790454498635
90029637,1173.546638316376
94611401,2334.5561523052374
31394855,1531.7832305513987
36645175,1546.128323417709
56281801,1199.4397019252024
12148162,1699.7321988244007
18771087,2068.2044348474374
15509457,1440.9224015326488
58811830,1400.145961337083
73003066,1903.4758531463604
34190353,1488.5366760830718
70731913,1137.3118407712736
55320872,1968.2445811631098
41886703,1921.013135626722
16884593,1350.205089959535
90415325,3035.02328216161
28408198,2271.1424087410396
65914001,1560.8718499402687
75122895,2198.0309090161254
80177938,1510.8634341649658
37984269,1489.4463115159108
81491790,1906.1555808070373
37294085,1519.872767990033
23335477,1201.89139478683
74996570,1418.4704337693965
11602841,1500.016299536762
70152712,1768.959160392799
37504288,1366.0742536905868
76619689,1166.7294694395814
95075447,1637.7315496963683
62779399,1783.0568032609015
66278648,2533.294410171614
18002070,1665.7930051969538
94135062,1234.053022181059
74396322,1266.5931359710962
97169764,1850.05923556673
84630384,2081.4245957377625
46052909,1163.379494132468
60213474,1781.176049158917
33797784,1996.06060540729
59759309,1716.2697202945756
47001738,1655.407206778985
76899861,2559.0740404080916
54444766,957.7464040740572
26850612,1502.5513702543417
22468145,1373.9815619454303
39243645,1321.1026593531299
35759583,803.1555844195747
92468992,1653.7563318280795
68717112,1292.795126920926
47344834,1277.5110335942193
52115284,3063.7797626733836
21042322,788.5762206577273
79258805,1623.9201906264964
51304748,1663.532920153248
23253686,1891.3798712138705
43275074,1491.329729061711
81602713,1723.368829938547
60924053,1408.5145763163298
50363853,1750.557917188151
28412591,966.8941157354561
65145713,3235.3606364841853
47077663,2007.509799096503
58136966,1351.8654812473005
67034290,1255.3087579215387
72057747,1769.8400301116087
78034116,1252.7915749682238
99365155,1715.9171606869847
56151729,1679.4830257000717
68997667,2206.0689480105216
46532370,964.853182811072
43276809,1800.7511442624548
70460118,2429.3864584428584
66150334,1506.3939448299984
92614050,1521.4170157694064
69313526,1497.2158781113142
70949373,1906.0533245279414
98595102,1530.655536412624
57731071,1123.6965759252876
58855043,1440.896317804096
45456441,1893.8053480760113
39733268,1306.568121953252
71064725,1440.3303177431098
29668017,1688.8287090869303
94555207,2134.2190119189763
60811404,1758.143129892018
53154973,1521.3078543129984
79534885,1612.4736451707997
82049293,1832.3921737104367
19578533,1128.4886707959752
66374977,2230.126869036407
16850211,2094.634494992733
98217866,1474.0747366389426
33773989,1418.3496836387576
14998381,2411.198380614156
92421507,1182.7065174697314
66591282,1122.8598807457201
27243576,1713.43193759671
58962954,2119.020985729252
62891715,1080.6609379780061
40256776,1388.2419134535276
92014626,1619.9316062990897
68868046,2139.383245827791
47811896,2061.757349113545
86438296,2019.210840792082
10421272,1537.3246963314205
56519274,2096.3854415296382
84854339,1868.8088796331606
95049673,1772.323662843556
65578696,2688.229997684831
85747970,1336.1514936043206
69874974,1013.5302366857622
34594425,3154.017257761262
14874183,1896.6200610854874
91643227,1442.4996140592696
94998930,2795.6245106730785
25184219,1826.9101053181544
78637662,1333.1582243518394
40102355,1903.417485261454
33004293,1674.162267598142
85498300,1818.9866249550876
37721019,1609.5306931171122
78482421,1541.9664866178225
81912650,1418.519420101331
86410146,1672.7965052883244
69095320,1113.5866040725714
56569332,1446.2332127185975
97340317,2750.355125790519
37533494,1226.5988777192638
55430447,994.0125743424318
45610406,1202.5510588766479
64085140,1812.3127339111938
81416250,1522.3894086933913
70034683,1964.7625946252178
40315264,1994.178265365276
73160601,1512.4687479586503
54677638,1919.481406467691
90571590,1948.5466538603484
84772888,1784.3427177430456
90285847,1783.4698549823706
80203339,1716.7711443579867
73536003,1153.6354694166057
56021479,1114.5674390366762
10526589,2336.020184761239
23648848,1749.300208093339
27805990,1598.3060958523167
46740683,1883.8415112502723
66243364,1458.3317602672382
88626421,909.833716958477
81009655,1809.76194024962
47576712,2940.0469275483374
73803450,1139.1872710483321
47427075,1034.5001629658564
72540520,1717.353123617261
55407503,1960.6512698729387
49275948,2538.174269045766
74312584,1717.607539371788
84174297,2689.1862830561977
96261162,2299.1795391723354
22879870,1779.1612052030566
13933179,1743.0389191223803
20116066,1351.3647989370481
38689361,1295.1033321162695
63156536,1693.4410579688026
95340838,1762.476927259519
75352375,956.3606205023526
48265534,1744.564172648187
74912030,1100.0488936072934
70071430,1674.526850495666
87025516,1643.1460831598024
52784904,1348.1414601554686
96281041,1882.6137664339728
60302206,1829.1131333320454
88862209,2221.2684345637954
66359731,2103.1058176660445
56582999,2403.972847309543
78391067,1583.078499650473
84566381,1717.6467292278865
15548328,1297.7879097388204
49432086,2028.2791474041142
49054075,1804.9985326809667
71689174,2040.5248169276983
64196832,931.752657575947
85965917,1791.4427578130703
30935690,1344.2738066060888
55460540,962.4441934077803
89457485,854.9686187860235
10188743,1401.1304007511403
58823191,1131.5927623777957
20643935,2125.7752649452013
40325735,1841.6264863085441
91136520,2033.4517293328922
32259671,1853.9704483689281
26400774,1184.9441624902743
28057887,1195.5377940650271
82844555,1228.9987964462562
51111773,2244.8739529747
42987529,1830.2739981399
62978911,1330.0753558663273
11881525,1250.0382392412473
86857890,1583.821551745529
79797628,1541.9297907355217
80357222,1666.6963971019761
35431033,1726.7271693481148
99201502,2345.8942365542416
90452446,2388.9178343560916
18670977,2678.412710939796
66979442,2158.172777353063
93738605,1443.1413366531808
29213200,2108.628281602592
31107212,1865.024315071219
91594833,1000.0271227480724
82943336,1224.9954124430913
68443662,2512.4280694766476
93641230,2169.9987503847133
50244475,1469.056600395207
87626955,2098.960601884891
51387553,1338.3826794376896
71504785,1312.529257697579
58768482,1665.4069882035762
47301702,1865.959622805674
46285200,1729.730375702741
27113638,1807.230503012828
63361835,1187.9360027436019
42709073,1086.260449343019
87920715,1093.208180459159
59996173,1927.637246745611
97865712,1216.4238168889462
76462362,3085.7516996768136
38643308,1884.5141676833398
62694540,1856.2647288161888
62141335,1331.1063785370209
34503041,1522.1769769775206
11311229,1063.5443100953746
51623206,1706.0111467750323
28560163,1739.6270989375596
94388349,2053.1973060855125
86256710,2395.994612120021
61215694,1695.4105716893994
80946911,1756.7107691102492
35537651,2389.6088567592114
66755381,2408.0618729012813
73455092,1184.0701274910934
34041393,1609.521543800844
30484078,1793.6354609988264
62329986,1705.485908559278
62897188,1358.9017073883558
51881772,2167.2180541027283
94211751,1214.4706221890074
61613645,1314.754129000801
71479652,1906.41903311183
85310501,1535.5310261130862
23110318,1678.0096533147068
82884759,2111.110346984616
51095836,1663.3085089952244
52772048,1249.7205682547567
17245854,1299.3862690893257
96708865,2355.188598271422
67276218,1644.7331945083415
89528454,1199.680307480886
73044839,1420.205343950392
92820854,2149.953415917915
81415527,2267.5640176784473
54704500,1438.710273211679
62696690,2196.5711864599743
43848311,1707.89065577342
30447397,1172.6181093274718
96343937,1362.180033142085
19151468,1481.9565074668255
75047192,1359.620353188884
29891460,1550.21945638695
47625277,1484.9572066398296
57930980,1477.4077151286697
48354539,3237.7923269107905
27628114,3420.514773654886
32690361,731.6117939096534
93744019,1210.9563315097207
99861438,1520.5244729582603
30181088,1054.6121052257035
31181640,1931.2768363925736
44766788,1404.5957157159237
65594080,1317.36603852092
22508377,2233.6955114886973
97181173,1658.2313203980586
17420303,1670.761174902405
67800143,874.1943935937974
33454469,1725.8433550605491
30418520,1703.5296200402045
89752463,1193.1114913125812
55142148,1893.7613769298887
20848293,2387.670318054278
12617495,1322.8718298759597
20378275,1713.5072393771636
37172337,2072.5137955465643
21839038,1198.8099899259614
66993155,1491.5557272191143
41249770,1197.7473002872302
80181790,1843.2474456187558
36248478,1355.768235030147
99097401,1436.0791196669
16998435,1095.5209570964803
28345246,2176.666261892212
97230601,2269.9278473817603
67442292,1734.0045311730487
54477624,2724.2972597745566
22866548,2646.671774080687
86504569,1647.594311274112
81257074,1440.5220232774593
53101206,1324.1647745114974
77626907,1842.1604973957246
15402267,1213.6274824355557
66190974,1533.0595741047455
85276459,1948.160245041979
61882567,2369.7171141487343
67503548,1593.7965138376624
80801220,1405.2954695341564
45827465,1708.3700365987174
13145303,1557.2425484003852
92842662,2201.013430901363
73150077,1765.8494517459794
10904048,1045.9644211389364
89655386,1675.3927237586142
91827598,1361.4942306214805
36736446,1348.4415984686468
73791907,1259.3987743819682
93237533,1162.7490577555573
29020722,1778.0503910677671
31344857,1144.421108371681
67961594,1169.334768233692
82896045,1359.3386387432201
79782925,2014.7265548039836
65627534,1700.047932470574
51055429,1945.8078919971933
24073352,1390.1247657865365
63468697,1683.5957053007235
69815836,1302.9135313681688
94658489,994.4075320036707
89803063,2619.114854640854
41826065,1653.7197803903682
95957321,2748.323822233697
72164672,874.6720268628574
88171071,1041.7329010797362
47273090,1581.5982387407628
19574799,1183.7383188912072
74042503,1403.2367167546358
73199665,1909.0076326623907
32553552,1886.26665693036
99007181,1495.3347795735085
86459252,1804.513105449642
33160158,1394.2072232797268
89403244,1880.4386648426646
83607429,1929.9903417451865
54979491,2036.3588561301783
34711897,2350.117554310395
76049090,2348.8084156118875
38209438,2596.7872602389725
43607471,1388.283913175203
37603490,2924.140982049592
28133465,1570.7243735270786
66543688,2172.251828695021
13310180,1391.7255343556303
70639698,1349.7146747313714
31227382,1663.953664566196
27953042,2032.3568834893729
62042217,1342.2171982875743
91860613,1370.8070985197783
55497701,2912.230373352355
20529003,1412.5343068977686
95270433,1596.869968645609
99713042,1550.2654356677133
78850782,1523.484525596822
57339822,1136.5353328133203
89910926,1778.5232751080446
22738331,1618.558326163095
29399410,1606.9781386489851
48960030,1552.0589524159495
23209349,1918.881283430673
40869262,2823.013702355971
13469481,1526.836481736127
37901584,1330.863952403327
15827667,2031.0832760703388
36279211,1249.8187738032145
60254169,1453.1688894763813
15666676,2093.25710673662
83527323,1351.9287846874604
38323312,1596.3658491860538
16145827,2255.148716184748
25816799,1893.9525257412154
31540608,1090.504703200531
78332853,3737.6402778771017
50241601,979.0337611073991
59793938,1950.2975455112637
99765396,1538.6137703174995
22142241,1881.0868775274807
28238312,1083.5955317213084
56677251,1710.5147732085045
79286536,1985.943722393771
20049898,2638.2449048581
79883465,2188.3156774752415
64419086,1277.3719752995537
35428504,2222.782360511651
83636473,1692.5114257614912
91911110,1375.4839256352482
94747885,1402.9557065949975
77052407,1753.5081349615543
89274668,1359.6717116991765
65429257,1528.2816539713947
18949424,861.0335770864277
78354959,932.5840270507144
38613499,1928.866772093704
99410878,1895.668494190167
17066881,1637.143299444253
84559340,1858.1289153571602
45796615,1685.182898853528
18650747,2205.958581395078
87098836,1675.1304319660323
18956602,1761.6715221438506
49896714,3302.98038572489
51066559,1142.0715931572554
72393934,1479.3699806402642
63389143,1142.5094332732974
35204339,1488.4834700153533
51345357,1306.5498591649527
46322354,1661.4873208615802
33951394,1674.2145559698179
41031096,1159.2829637490881
42228451,2930.50344141443
41161057,1062.7447718733506
98892524,1541.7407611609065
19811103,1462.0315638835386
65448488,1543.7738195038169
32428376,2969.20023544816
85323274,972.1316279211125
92258087,1569.1735404260246
79217297,1591.8080032125647
11989719,1639.3143394581177
28471365,1374.466696231757
34542074,1653.4927883127625
29164293,1702.852904535933
84304086,2101.212963004936
31817572,771.5536705215808
77771839,1276.7428668716261
14239440,1268.0879274799327
46882099,2178.28449055294
38983396,1429.1807247090687
31683463,1637.0797143784207
78092716,2034.4559914833544
42013895,1580.1692635888332
65197071,803.5194725317364
64495960,1438.6775049308403
68745703,1439.0772125886128
51390927,2073.769613383588
94850983,1622.1028578951903
24328415,1312.4773658004303
85572847,2116.4299109770636
42303463,1592.3113714782453
48215084,1115.9103734065761
35427122,1700.8905240628994
62307341,1860.70649173491
63212299,2007.0533184999426
97856687,1670.3391104735172
35540248,1999.2476561641543
41303810,3530.2066193970295
72749855,1773.4247431664824
21620577,1335.5322861112081
33846878,2955.6657067186416
72596574,1833.6461954013832
85230815,1237.6457392052432
72103187,1350.5622802934927
39368813,1663.8652102451645
77055150,2114.9503370970206
61280124,1743.5611706243014
88442406,1510.8848976118222
34283144,815.1621757600094
20283328,1161.3968226465756
15081148,1513.9452519368192
30803223,2293.606400145276
95977285,3348.6956805733143
73578397,1183.53836045833
23548274,1434.490771003661
70020229,1869.4985689439795
13657037,1757.8977312411018
62209540,1050.209558110111
69122837,2010.510139878678
56882140,1455.2876779550375
31090970,979.9421717635788
18895583,1475.8886399090343
56220075,1799.4722431185173
81883128,1329.2165303436593
85178304,1237.205061628783
44572294,777.8698083517105
69139777,2488.202826236049
77682175,1741.423264115529
98697835,1384.578233292214
82862062,1602.8487016127715
63154444,2063.863062809066
36052607,1956.903780910494
80221636,974.9449153611871
14612606,1102.3202920772928
22793087,1760.9778568061815
27221763,1974.1387352082195
85356281,2638.8559636182135
72870330,1361.3642176955937
21631750,1399.195336210997
65662420,1541.3274410052236
94704718,1701.9851209868564
68031612,1658.8509601730211
23780065,1138.5422364196093
76854946,1117.7705990509444
65320814,1763.7645605180041
98544588,1584.4591085926684
66236365,1267.813047719098
33614608,1835.3576484539672
41538321,1278.9868382703291
52604597,1397.3137594386087
51929168,1064.1199303565859
34989178,1420.9401986601156
17968995,2346.423583298809
17104507,1709.6717089798788
31799006,1156.7105269443891
80534303,1667.1911683378698
39486975,1565.5471641974025
70473933,1410.7736430583127
39315812,1649.0868433078313
32664756,1939.25834657894
40582877,1542.172809263852
14853484,1522.2497404784192
72018275,2080.733264116379
85501233,1723.4619158067521
62857702,1206.898632433785
37589957,1326.8295913476516
75861106,1256.1824089458182
82048801,1951.3600337614985
41226392,2446.9456936151946
43191623,1039.4174231960621
98896014,3016.5542225302215
39009427,1133.2913206178907
67635937,1997.0362241865892
93989030,1673.3972260968428
58213050,1214.4119303293978
39089500,1676.5007764051365
48099206,1571.9961134840644
65115683,1574.2841513095
19072238,955.9000740367411
50691779,1614.464618205087
74240054,1603.2686410113483
57606331,1468.682380370007
50124096,1657.6551147221098
50596395,2119.7861357311804
96230340,1534.33287474727
73626141,2026.5908327871914
12420303,1327.592087850292
64008469,1952.1781132885874
44066450,1973.850698442877
27734466,960.9662744264162
30219489,1201.0160616478233
43296487,1412.813486170859
22060633,1897.0562648237153
23197881,1513.430793599268
65499520,2166.496111226609
42012431,1330.181727450786
42076492,1666.4534864431243
92931745,1661.1499178677793
47924563,2131.8129621150365
17036042,1679.7424858702122
79903869,1012.5389888318031
27876581,1265.761516662963
10911722,2002.5110025743218
21207465,2538.5633492158477
90406241,2312.858914600771
92048586,1849.9258333308562
72112785,2120.3657951489913
10881048,1671.5927412903304
71511312,1457.746041438867
42854203,2059.3583366059192
23271785,1823.5137440955043
92261360,1538.0569201290464
14679655,969.5128861532961
90532154,1477.998059944146
32402071,1331.9841261258503
90864060,1503.6467137293603
27274358,1109.0818792352838
26334631,1772.881667393594
39224642,2107.713327088057
19272671,1839.9470168637895
77841869,1182.0683269020524
27204546,2157.8529573590013
12405459,1282.6332274738206
23265034,1779.249276843014
97633242,1434.7831249694066
15746059,1426.2359844645991
91462754,1869.1533233215541
71359730,2381.1712305908577
61463575,1232.831541883581
66429439,1312.5337720400985
63351764,1072.1043536668726
96265907,2625.414883166137
87085441,1484.1755521897003
53920662,1565.0802663450675
67679919,1722.190245117617
96779897,2514.77316643051
27837717,1619.273761782032
37035368,1800.5043474508095
26123523,1549.4606728762906
79652243,1558.4079380262096
91451403,2293.876451403592
29758902,979.8822124985314
47019965,1880.1947186953528
14375753,1582.322032366605
85119076,2265.7965826110185
58032446,1560.8839305289828
58129049,1663.4569487513982
89574518,1369.8062892350972
61206117,1945.6432680006233
30554474,1089.2238806130918
65452020,1879.3680499945579
97089415,1862.583374742832
75395475,1591.4111903838188
58881030,1734.8866307064225
49402947,2844.1898999531777
68947111,1787.2351136665575
48259609,1712.5477787803588
46561397,1544.2031714992372
99687364,1975.50275595234
91051315,2447.7473573130756
88446486,1998.353641637167
57583992,1821.4910889530956
50054814,2156.600809869087
42048168,1495.642110941095
49480319,1516.2900519037953
72653841,1862.5275152636473
93923592,966.4109336031141
60863343,1476.053930916201
64544903,1191.155151426984
13683649,1539.0256876907886
35441685,1547.0475486731157
52702103,1142.9531605300053
33316809,1398.2627241178025
99319395,2170.8606430321925
42958811,2380.655814471701
79034999,1528.788338784917
76692806,1222.0259005466944
12247918,1724.9110590065027
82872484,1672.7615267656065
74712172,1802.3196541586851
40198101,2185.7276563618207
21709825,1614.7534953230543
56134477,1556.313231139889
64741940,2021.4412614354965
20094279,1631.231508878672
86415472,1353.6751276670943
71923505,2318.18147310277
86463105,1686.1613532209537
27182144,2364.432410757955
78605487,1299.1023132125613
61339703,2530.523834047085
19457777,1578.2974711501895
14282521,1574.6396480927351
53055745,1552.4791424663213
64045100,1177.1946167049184
67336212,1626.8248472059968
30110453,1817.5721077471503
84766140,1322.961625220507
37132913,749.4780653923904
37337576,1740.7787767724521
81785280,1361.2871480446802
33749639,1431.3653543403802
65293655,1675.732371102885
99472212,1125.5389611135365
78611736,1505.7662737556027
34109955,2073.4228460058303
85732620,1562.3319172420422
22271257,1906.2286337012354
17111467,2668.3055440312382
87529909,1398.537529339872
80109140,1991.0797117539666
74139761,1751.1925195951028
46468468,1264.5077898964742
11871024,1789.3646804334378
38948416,1308.9343271452042
79710564,1566.6396937020527
76775271,1539.0288459342764
39022631,1228.1166603872518
90991831,1892.9686654484303
89162323,1911.218699821703
23588134,1511.6248781474108
97925196,2902.7901827103015
73394555,1136.4211026767885
81939394,1030.590609050246
34503849,1876.4060481909737
97624284,2941.98656087968
83688015,1729.555949391615
26753007,1151.8589702079962
87953339,1718.9693898143541
63187534,1406.9319455399338
67816850,1054.8660753348547
58193423,1394.3962001055884
63256520,1501.491230316889
14482256,1190.8275944382135
70047018,1282.8600774044326
25694473,1362.9963711442851
18876734,1303.2943585613355
24815106,1460.5586333386836
32093953,1199.6066456626438
21672606,1967.7299961143196
51265019,1531.292346654836
46633682,1402.5403109813267
99505720,1967.0242512070088
72684116,1805.6914756629274
73603518,2207.254538865413
42812113,2097.8313154645934
91497924,2158.4188688723507
94645725,1500.6524162020132
83011406,1050.2703212278407
40459671,1231.7355144276125
28128683,1504.3684989382286
89799485,1255.8226703978114
78077056,1297.5327275539607
60018274,1963.685032256607
63035070,2945.156915419061
50452662,1959.2897425176618
90748238,2215.7479097826426
19626211,1405.2280395471328
76831160,1633.79997429782
64430456,1269.021669579583
21788725,1702.4342459187394
62692428,1163.570621082924
44601450,912.7813336675741
84918858,2269.726397593977
60654538,1928.4753314225434
33549671,2554.7243513221456
96482407,1340.0156119710257
38139452,1626.287925121975
25148521,1523.9595637591822
39090111,989.4525417381988
37364225,1837.5758413782273
79808740,1637.244163677948
54570288,1938.6298387384043
81519320,1522.8743885159206
61290981,2056.996686333192
82595740,1466.392538317578
99018938,1583.9203325847363
84429722,2216.9901566479866
70463415,683.3920049458283
13251670,1462.8511499020055
63915791,1874.0282111744418
37156544,1848.8548317073682
19087720,2237.6092405107056
15777066,1580.350626917593
88419707,909.8641598751013
48515636,1530.1567534426697
88810042,2184.263313631065
55078871,1580.2864282290952
82278966,2212.375806782405
33265741,1302.8953344943263
64678931,2062.2365013730177
26504939,1357.7574447549257
64056925,1699.3371059628782
46046461,1476.7621622217425
47352478,1432.5378317230825
91442238,2083.221803629317
89293921,2744.4387418637143
12378808,1308.473760857787
10153799,1967.1293385050576
21954731,1026.0815999159722
76938502,1543.9937340700549
51632874,1635.3338504416583
56510091,1933.0667220440487
54773302,1627.8117945865538
29181400,2361.9130058068495
36937513,1384.032496326948
75732466,2339.350689654865
53117846,2365.8036872923385
38538746,1773.658944316968
27988038,1867.3881262996624
48886162,1707.89636491111
24085686,1280.7215748369636
57820012,1456.869268955896
46878225,1046.7545503830415
20632751,1593.3725708614584
47775231,3023.879009545257
46789610,1720.0478952700512
72806360,2393.7378007753705
21856002,1104.2877312257706
42319053,986.2230236616876
99630613,1123.723678098578
61255494,1936.6394692389567
76945971,1335.287665327881
40393163,1887.610896662455
81941837,2075.849716304154
45930551,1349.8508656161753
24573538,1895.3298878936744
52994547,1734.732233304033
28445231,1739.3054670752474
45643109,1940.975201180252
75887247,1255.3720672739123
46367713,1417.4622434701278
12575157,1746.2627502515888
85076068,3354.51466403583
84603623,1211.0495545591161
45514815,1527.3232514882309
52278951,1365.490533358681
50360032,984.1552548196478
52896193,1489.7966733351548
91847198,2573.1202581472035
25179521,1499.179218938054
92545328,1991.2333960475567
75231573,794.8595056165963
37926120,1798.2189908602802
51096687,1774.7394766918271
62646217,1310.6545560538966
62619222,1817.5071869499254
39457866,1448.7767715753725
47130686,1512.0631711101264
78763249,1252.734601261782
69618147,1936.3593886902352
64127746,969.01310820852
56593004,1742.0172683073206
97403924,1361.1507571191958
73948550,1346.39347556481
11236514,1838.304268440059
54389520,1220.9054984106845
76068841,1372.9641753697924
59631248,2633.856802002684
34575405,1393.2792223657148
91359645,1473.6085580891345
14542871,1172.7552109328121
37836409,1330.4082721160435
99958710,1194.6033504407014
50329848,1909.4791219506499
55825298,2140.3788814099426
43158591,2224.202986552491
95022900,1228.1908310657254
11903900,1653.3772513114886
59905554,1248.2663121599362
33394781,1991.4745786289186
85262305,1843.4685612084695
18156267,1931.9591037927694
77719072,1415.457834430203
72353806,2039.4418771581961
61973490,1854.6045585638137
80257850,2230.057778829969
27763246,2236.7377990222394
28152447,1139.6187900297286
40447839,2143.1708412359267
88401173,1433.2460937873884
77151749,1926.0422358851845
76938434,1362.321032983942
14595997,1140.2650020038209
22245783,2307.6541840690015
45164346,1461.0929425800846
44320199,2118.982947331813
35470526,1524.0497849520025
83276172,1587.5971510570062
65081928,2304.181274304802
34774976,1229.8555696087913
10096416,1470.9121966491448
76574726,2676.876786678733
88509347,2014.7683584044348
11304650,1494.4096280434817
26418453,2279.043697442566
69643263,1473.3729638195844
30241547,1269.080215153459
89725513,2586.274629978775
32289745,1913.219665682914
33888699,1374.7655802634536
67508421,1333.8168681835289
86446610,1473.389387519759
71641515,2554.2883088278923
46243423,1695.7659595116766
86921194,1581.3231721546115
15222892,1743.3601482619133
29435694,1620.60154720514
35795322,1958.0892625267588
39026338,2215.4524802782707
27051431,2123.9655772682327
91107111,2990.8225859038002
76674186,2318.802832233062
17932616,1356.5540106315448
86326117,1171.350794373042
64151997,1824.1941244421587
