customer_id,monthly_spend
20451981,1800.3654215092226
23251656,2711.4474174016837
64082260,1478.4346034257824
82505923,2004.367564443702
89981994,1485.6783990441963
64973937,1259.5659722442654
27610278,2047.993602983189
35883083,1274.2469309625565
20490020,1640.3154463565481
54517670,1369.6998683038382
94359232,1689.1744805042454
17326886,2478.4570379663533
86594167,1706.99181101052
94873255,1545.943492317996
62944765,2417.3625654746174
95482882,1250.2553998557255
76963069,1401.1084792448212
25112257,1510.326329158778
69916855,3073.5983097394005
71088357,1290.8476614572664
50168897,1232.8909944890559
67403679,1449.2841105913328
55474643,1168.4196983657323
54852556,1464.5076595928897
63667529,1623.3178788271664
48025998,752.5519631505031
93351324,2134.024508824427
18887996,1613.566229985224
49568688,1597.6739486192666
92911099,1647.8079408742062
11717924,1396.38845069388
62085471,1679.5529733127194
78336143,2130.1227893598934
13087851,1307.9412620283515
33506258,1192.3671815176415
61356554,2038.2469598399778
11967368,1240.2066135470768
98374877,1565.8149862459395
76845536,1946.6409605356864
59313599,1249.969341561329
41041059,1740.4623347871075
22292838,1516.8415271333743
99892065,1553.4024573243933
78345355,1129.5427152100183
85986903,2798.5579151662223
27715035,1672.2630866588759
66099730,1480.4415664489377
75346786,2159.624064234287
22860710,1708.5718190347989
65958654,1477.0144935678554
82607442,2258.8749572593574
43471475,1663.5955247864977
36465070,1312.4119625171786
21931749,1460.456577667189
66815930,2672.505608979268
44485157,1092.0555505741922
78728059,1660.1712645370608
89264710,1388.8492047139262
81874643,1716.1556772803197
48603927,2406.7000379255264
20257622,1122.448731196426
88360790,2137.4542739992344
79411556,1646.9920278423003
24819092,1381.7097727690223
74678656,2378.1728021738277
22548045,892.2326035265527
95827783,2296.8204376472036
60019526,2520.5449039012183
82548254,1565.1516610862107
90453319,1591.6202944436245
15312091,2119.6118112772515
34786964,1248.2142617987008
46684232,1203.7622178094477
84597099,1744.7754433859445
98134524,1139.4284454872443
18531043,1593.1826743657075
14953383,1547.2445049132396
80944054,2131.922488079436
34873753,1403.5771898782696
95577033,1575.7339594334617
50215436,970.6656273853099
95347203,1698.3620383387931
58614046,2038.6191483911568
40368791,2109.285867855547
23316775,1865.6390625418833
23331513,2416.218791629762
40038060,1410.1273865092246
22096579,1279.9580293658937
24978810,1598.531012345954
65890694,3024.6034649897406
47906818,2149.0651032971914
38478694,1204.2753034194295
54797755,1243.9995202543753
44533278,1382.988360708252
58182080,2180.766895262975
67491014,1723.141296645518
45798475,1758.171917435436
41586132,1544.594104682943
22956540,2663.612868355233
25367334,1967.574113963604
70503250,1255.453947198391
58307796,1088.1199071375902
59859757,1229.7904275057786
47787665,1309.5890684757912
69610612,2224.309684166384
66658967,1478.1541911855293
37962749,1293.673808871119
87675902,1991.9662485329009
61682179,1503.7603105978505
78073125,1155.5205926127398
73229345,1806.9448472325419
43171437,1880.7535618332824
69766997,1849.7210232353482
14939250,1377.5778628816545
12328281,1431.6445593763117
76560997,3563.031772241416
57569914,1776.4773819696038
20883894,1667.0439628313095
22766188,1601.3353905293773
62905121,1412.232489689023
36295477,1089.7286432351996
55610529,1278.2358128857552
40366302,1152.988642568888
18624954,2103.9045150572524
72668820,2789.7706703760728
23817472,1587.4999792554925
99830054,1646.9544100736666
63410560,1225.5683518042042
11811963,1507.9129221261428
68778133,1858.704845993436
61211015,1030.4207190632426
85223112,1695.772158460141
17785980,1805.5021669990301
51523712,1456.1772428411289
88242319,1510.224455542407
66674532,2163.708121535574
76442132,1775.0502730036858
84193848,1325.0231906634153
80878809,1288.1960421757667
92088473,1105.1389827364749
18574912,953.2264159588049
82956926,2486.099964714555
57265640,1668.0402430011525
27961225,1022.6048154396508
65404075,1358.592434628945
98698597,998.793065235047
63221757,2634.023660281496
45396691,2265.041460238645
95724535,1154.3854130462098
98157590,2194.3858330015833
60909030,1557.478762194589
20932142,1568.9370719081787
85604729,1238.3345373844884
25410553,1193.413605969645
76477501,1758.8400274881858
29459273,1928.3970737990833
71879657,1087.7712380490937
67115179,2128.6694607235045
82348794,2157.3542522677144
32880748,1360.3405069592266
36203607,1538.6733212455645
20891850,1286.768015627942
94570583,1242.2415231924629
47560755,1435.1712302793585
39752876,3176.3270395787627
68980243,1674.4477282610749
71143374,1284.544255561069
89917748,1966.3220762362698
30461949,1362.2221373528457
67458886,1110.7646881574203
44166816,1163.657700705913
48218923,1814.612756773997
83104523,1330.464911430563
23739634,1846.833084327857
45544123,1719.8450316580886
72316980,1828.688470142919
24805396,1257.4193754935177
85045576,1913.5103521954716
21314164,1751.0992084331908
52842656,1130.5012992775469
12382139,1766.1220446019372
88152347,1495.2866565775303
49270171,1914.5135499461182
20221404,1316.9267889906885
25851974,1436.5004013732243
95701680,2238.4956616301183
83739665,956.4263360937913
61996348,1551.923051731139
12797236,1843.522142309446
25554853,1271.2664618969443
72618187,2309.8200411616294
77583489,1606.5390405022224
79450582,680.2755443473309
84595636,1654.0843326421557
89981949,1321.7958030294933
69424476,1522.1524860628217
55064308,2268.478073774333
82956266,1678.5496076395586
60185159,2322.236115133297
80612747,1859.293325681124
41303090,1450.992908330767
13517787,1943.2906638873044
34078093,1548.3815840426666
69030112,1674.5099331844233
61791328,1711.162916951472
51789245,1243.5946393910344
88068699,2516.363819597484
33399367,1309.369425433193
79597553,968.4294039675782
70695101,1538.0427474096125
98169962,951.8392642454264
89251190,1708.8919409174468
53044281,1930.742708769936
73528670,2793.92146995887
14751149,1743.089190868852
61490053,1576.7391709513468
51385275,1472.666725445307
41764194,2515.177494278097
96598282,2175.3588354459566
96823449,1289.6713453588634
30931247,2053.705137948478
60872668,1384.1509292805906
97835669,3065.533654125249
36785828,3168.298690734547
25812131,1470.5782738722437
38410800,1952.0957839551957
33023072,2093.2721638913067
48250594,1728.84494952163
94891015,1295.69086076712
65307671,1213.3770251250428
99621779,1908.0256509869996
83959755,1313.259230149805
64535310,1388.585807317925
30594968,1669.8439021503298
10263960,1381.5103298767401
60876075,1822.3219703601098
12217583,1848.1474216356198
29989580,1140.8939329462996
31184452,2012.784824715671
16182148,1575.8280169886991
74700470,1772.646702525877
53084609,1142.0182991852503
36052930,1375.8042144586698
86583512,984.0026002918526
10930793,1880.461297545328
74179918,1075.0052537727927
89853445,1222.4233530798278
75258370,1248.6303432966315
93197004,1759.8734393192233
16551408,2205.494356193029
36115326,1914.9167656919017
47243451,1615.4420310966354
90773939,2635.4107463305977
30735291,2307.1821604867
66891211,1090.621864580124
77142249,1181.8613866466505
24530798,897.5454825444813
78204046,1383.5057833053324
60230110,2123.095525397159
13017302,1998.178705880361
21044447,1475.3415743123314
28976655,1658.2969829214078
52214813,1730.0373274440672
61575366,2075.0430612715695
23125986,1113.9526885370958
11614855,1318.6994368293128
68090330,1726.5357096555683
31241329,1919.2602131636243
21561157,1377.192352045927
61917300,1666.2764515714146
82147824,2760.9638566251947
91513421,1323.0195649855311
30753790,1579.9619491734259
33700064,1296.6143697971836
86773406,1274.7600331516742
41719197,1470.4884799727981
67399596,1185.0494293152635
37696535,1248.980888133294
15791208,1373.163187299955
24348676,1158.1932603800365
24480974,1786.6376255154782
49440078,1490.8258930293002
48242779,901.5866867683998
13405947,2475.6979346246476
34531671,2099.7106440112843
63652222,1423.6901911561665
97745210,1590.8949367346238
48557187,1361.8870899361689
79801016,1311.3457134032817
93409518,2098.527593866038
48891463,1053.4513688272286
41134793,2302.2502698543017
76776302,1723.9923448000343
89505130,1427.6114343979082
46129267,1442.0117245972963
57862630,1115.5144704516945
32227094,1168.1184833669245
72887559,1689.0972954771544
97826236,1211.9538947699568
40250768,1710.0802192361368
56765848,1157.655541204295
11244823,2537.3832238197806
40189321,1576.7770640613799
68120430,887.6329493689401
64917610,2153.770569311998
79290200,1165.8055363580868
13110537,1595.8756165200236
56816135,1195.4507350546344
27525357,2768.0983087531126
71914367,1753.6749091345202
23989491,1149.7005467568383
86436168,1989.3513527265177
63499286,1636.7660054014534
18619374,1818.2850736033154
52222614,1398.3240068449734
75467866,1452.1804119053613
28926111,2305.1448754058483
98661834,2989.978295113416
73087852,1411.3250545382205
48887326,2043.3896403926344
87383314,1750.380559161919
88682579,1825.2616678587956
12617324,2570.2547694162363
49224165,1401.3417950963874
69951588,1707.0581360186516
11713703,2042.3656055808606
59435002,1764.693358984843
61153563,1496.4845009479398
57206499,2732.7479751526375
89140242,1592.7868716678395
95100771,2386.9951830888763
32638417,1114.5357114148107
61625712,1221.072081082916
61250133,1817.2114325479363
17952873,1443.0019891767843
14513813,1361.1058005755858
57500282,1307.7102498753113
51340284,1391.0019071563172
35897956,1471.5818892068055
21856280,1723.5697492209013
36786275,1404.7925251911593
99178725,1434.2728031507502
48955886,1786.6406526354658
51811678,1403.9560733926749
81930210,1765.0895766676342
49161318,1693.1649797378057
24723720,2038.3390217525011
14950936,2424.3502831553083
54638593,932.8613087697428
98115682,1562.0163869429289
10533857,2322.859402892513
87478097,1466.9311910089364
60429975,2008.1942557498294
38969729,1621.9678329943774
64656132,1571.790873490594
86963086,1487.4557332329634
17268859,1382.978630390064
72142121,1771.5862289423985
91574809,1557.3397776445534
54272037,1831.8714090151288
16058661,2105.522934146104
74133244,1118.6944546734724
14281752,1500.695976926797
46666867,1073.4329243436994
75686584,1626.0444731603013
25546684,1374.5614741306488
80619174,1622.5235654006294
61749604,1501.243605098707
38248391,1092.373443722186
16877088,1172.237503494012
99140321,2159.9328693144994
15975231,2770.5237201619043
40531945,1566.7631620836598
71708672,973.542627534363
85030779,1820.84720767193
61117487,1205.5960411712324
42638536,1868.7247525190576
82326061,1221.2134102016632
17028661,1238.609684890728
26048783,2167.5995016616225
34262255,2217.172639021796
14326462,2040.0894156383918
93816989,1491.348972779728
23690395,1623.9207822389887
94999262,1595.6504524106356
81971277,1431.0539272027436
90562416,1498.486862776633
95799765,2310.110238799511
89244724,1874.089523892603
83879641,2974.7104365128653
96424387,1672.5615329291406
51051501,1263.8423081881294
29249441,1622.5701918133482
62893412,1314.751557505734
61417835,2205.735842711821
62755928,1538.0751698439337
66501572,2362.742963538201
76084740,2584.117258816012
27624326,1952.9614123446456
86757966,1653.4065151743773
92455037,1201.5382640966939
67852942,1918.7175348589499
30696098,996.6477128131063
44792329,1194.0432433072128
10390388,1477.8232620725164
17826936,1942.9017510101032
71880941,1509.0452666192866
98184673,2298.620912888856
60002125,1331.3178068795617
34664804,1182.5975021969055
37594595,1088.3739739361818
42980815,1837.1107550726545
25819880,1581.8613486769464
16484408,1961.1243610371002
91766904,1376.2865938300172
82866803,1560.0643122934982
82424284,1564.016565711844
72903422,1559.3406596081902
11480750,1803.7639772669838
96983867,1749.582279384574
41426492,1322.3351989379619
24002286,2236.75756291095
18056145,2150.5786312457685
72362977,1094.9825749984284
15977163,1823.9655208588827
51036186,1397.4302566881252
34918337,1932.7340146980976
20599813,2053.634175306714
19900890,1661.5469033756951
27971378,2194.204055295458
50965403,1657.9197275592949
49026734,1095.5997271987806
14192253,2464.4119210394642
76817070,2284.1150919391152
41164681,1419.7588576676071
94312885,1684.343551068978
38527851,1194.947424919704
88279496,1920.1899361845853
15498361,1539.8096485057547
17691622,2746.732822020998
43719564,1291.7966650306857
27861137,1235.3440581157615
20308452,1429.7188385001143
97996598,2117.957481602063
93656677,1107.5445448293801
20464937,2131.6999300655193
25195757,1503.0539894207693
95231592,1922.1340160488387
96604510,1274.55974172613
12888073,1327.30732531949
99408984,2012.4008597835466
65238591,1460.989618550353
24114707,1430.2206811777687
70796256,1247.671320104493
64703869,3381.722899256787
35203752,1524.0649751480908
47453323,1049.0446313224127
12385313,1329.3810673033224
54441418,1329.439677711697
83549825,1180.576706670596
20370209,2432.327586117885
68357218,860.228892402925
62743829,1644.9736478492025
20331898,2157.92597709338
43934228,1622.4923410222648
47620709,2429.896540251872
75355275,1444.2399613316381
63446649,1747.2771095671317
89051919,873.6433572867442
92954904,1695.3410763599625
64731800,1504.400381243858
27945685,1923.0491426234641
98412215,1248.2208892995502
19535502,2185.5836620541054
66516822,1709.603113400012
45373292,1173.18720354447
34711249,1395.6538882842808
48370651,1772.9078862953374
71354510,1484.630576195202
56728847,1086.5977349424973
40004525,2257.172823130844
94648945,1583.9598813609646
62756732,1409.294352883889
80428237,1584.358710212153
64878556,1761.902243393574
30597278,1486.6102308350128
40357660,1739.4601527530479
98010210,1493.2026620228405
43275959,2015.2374083788484
67938712,1508.0033284600142
50506973,2188.3388828696793
27421159,1350.922489652956
51123211,2437.2647418635775
51887530,1210.0669890568417
68372581,2082.9267819521265
31184062,1629.861153012758
55543655,1922.7593742626414
71805162,1858.9777190913019
98612541,1526.5968749295243
67235486,1344.5615002975217
35490134,1717.8154608576726
74647441,1347.9144360714088
73962817,1493.791645087691
95192638,1265.7837904263542
96803902,1500.887958164164
97635826,1149.7640263602996
34428942,1777.8281350023217
86699979,1746.6586831370653
79766437,1993.2773919490382
55732878,1631.2434483631077
20035702,2886.525875102116
54997853,1882.4928253395638
91776457,1493.4728135807145
13967606,1530.86317370224
88365927,3149.120421722789
92907413,1140.8303041006732
89771364,1652.4560197061974
75648081,1368.8691755724724
97365061,1222.6940833129609
29587137,2151.5844204486457
22019813,1432.699347059455
29469529,1770.6132227619012
66670735,2106.9020735254394
84380411,1866.5931264020012
17040729,1836.482712226761
25307807,1766.9432354196415
33962361,1300.6693866852154
67969299,2212.8194108344355
38562471,2388.4157934871328
33114742,1851.6182980770182
54307298,1133.6841177521662
20058700,3547.3348971411847
33779532,2108.6492878313657
88110162,1197.069875407719
36112292,1367.3273860074726
38475061,1701.3943388533626
92644264,1741.4324166068861
92355731,2054.723284383699
75478249,1720.1301865635396
23875741,1007.0529796570767
88793850,2240.3985854940697
14142195,2530.094247872517
67422773,1942.1301188672994
36705498,2182.638209716904
62072834,1780.929191119954
33337577,2157.338748952509
14298054,1953.2785165696698
96998725,1198.5295199763061
70579244,1674.4628824111107
26844678,1948.998454567645
97441250,1415.7547073747835
49239286,1754.7214095255085
19469855,1103.9673815825843
82552850,1080.4846033225508
60170958,2699.2622204003433
28237826,1958.7667771210417
84208342,1743.4343335121414
28295140,1864.87307507096
38477827,1523.3115022905367
54941872,1346.3797990247267
15450767,1567.6859391659593
93656934,2028.8633978257267
54273142,1359.737937240968
63648675,1219.611250009003
31875954,2021.139991152376
60881802,1930.7425991247685
17233443,1570.0902198713904
28953932,1461.8139978387856
64958348,1539.881703741413
27038940,1437.6820400501917
25667330,1332.279947053444
89200812,1461.3269130206882
63109620,1222.1993839534027
34692595,2173.7984684913313
45554823,1332.1186991696989
50487516,2289.869790089239
37970303,1886.9183116994575
20944145,1640.7903881535365
54232510,2432.0575321968468
58289637,1464.2314160923734
70295882,1018.3009730853477
11855847,1357.3134298891493
26640485,1461.5634219591423
92806514,1733.105384198595
43703605,2215.8346461036804
75507937,1536.8494927860058
21361381,1490.5030839986193
73615273,2322.101503849188
92437179,1598.449965547238
57813173,1359.7959627456748
99373127,1108.0318809769724
95805212,2364.9341751387933
61946147,1575.5886412124835
24903202,1364.831581285167
88268253,1345.3714496043142
45270713,1339.5076444391332
67013519,1876.691116867921
64480094,1277.2543765879188
18481385,2219.390563397991
69314375,1369.8074316137092
58464172,1983.649891950516
57844179,1569.9389358977614
65371057,1464.9181594802822
22749627,1346.4164375505281
64747851,2258.1853385594486
35545690,1928.7175813592155
91575937,1540.1567682972764
11663787,1490.615172839237
59570536,3057.282026092294
53724418,1603.0672290426955
78572661,1452.2048065876425
38544041,1838.8261145327585
27091356,1960.9661144063793
20013110,1148.1726260887417
11862841,938.295483482881
54926458,1572.6541479296895
72702715,2561.305445389557
65477001,1293.9350904823684
99407693,1447.9626665463293
15192014,1760.1446255974406
87232785,1708.8772956261462
76412402,1549.5782073713926
49393943,2146.994845744874
53853124,1286.0894930892443
17486636,2366.630413669955
64895733,2609.3997713290933
64938150,1416.8293741075347
62321885,2070.0220267698255
14616504,1503.9760325419174
53996148,2099.596255598933
17209399,1991.878941155053
25102335,2073.1975716057623
54515012,2415.5994470084192
80596244,1373.2347925441272
54217244,1337.8363874181753
29133774,1422.2154197095435
60727794,1729.3944099864614
55160698,2367.416304935318
18231141,1837.0794271980185
91091163,2117.4432208311823
52747750,1688.7075061977291
97932301,1846.2002293828998
77391969,1505.8626684858548
64274314,2168.022060816445
82861922,1334.826089371397
95155142,1424.6043255018014
57522876,1120.937595871571
46054634,1491.296098009847
32006732,1591.787458410463
62808198,1174.6643451565615
60875435,1667.2360789821114
15688688,2076.5893731806755
13559129,2070.2464828851284
25489744,2818.2711129039876
55669591,1219.2945134553559
10763911,1289.323463384629
15579269,1070.362070962013
18433265,1788.2117772551044
72131946,1043.1317528866248
50106249,3225.2617316624087
21363716,1195.8100587745262
80090384,1937.752205145877
37971475,1277.392272226856
31314120,1613.174227939979
73683678,1961.6781381018748
29703095,1619.648698316251
87144591,2151.4925057681908
44689207,1324.3909307192241
42450190,3099.457198932527
92653218,1742.3211528593192
67727493,1828.2307871086066
55742747,1854.581901753695
96941026,1205.156501515626
89824134,1399.8012185069658
19822449,1292.0104124034171
18676315,1291.867632594923
17316044,1130.101046187034
81559769,1167.1280112730972
98912158,1149.748316877597
67772871,1838.2038322247765
65921862,1706.298184224477
12636566,1246.1655419136557
88608909,2081.5098466837353
43902318,950.2533161321845
59512038,2072.907906435947
77976362,1453.3835113735533
57092914,1793.6949641353888
47412567,1560.6618978647641
17145991,2670.6847007636543
56270450,2735.1232165891383
47467383,1568.8982455456353
10449714,1765.565852350048
43156511,1793.2194420303713
71377851,1771.1683636329387
54093810,1713.7328921686094
78096026,1412.0217132278
57320154,1033.4509324499925
45383520,1107.704580419376
38351707,1601.1701760120402
70796190,2685.209460207334
29977177,1663.8681248223756
97584339,1498.8805675255169
47886559,1166.9501093224483
45622137,1561.5056344664008
21500277,1259.8966862371487
47647928,2245.870848863469
54496344,1530.5729347048334
44268785,1843.3098632142876
75946241,1379.3415366268346
30459191,1275.7253928377784
15840319,2194.310529997436
72588739,1659.9458636324846
73017157,984.5791991688735
25420365,1648.9419703459553
55377863,1702.3490222097614
51370964,1596.2804613170574
48905468,1538.3666270539488
83191846,1670.2326375504817
59334183,1614.0125851733355
94009638,2186.071393356502
41721760,2287.2707871824005
35401283,2191.055201137592
69685525,1377.2030281849559
84271975,1518.3566766098913
95753616,1195.7031961875446
32526219,1048.6702415903167
64532934,1152.188284385134
76031822,1696.0043989414573
52468855,2246.267846737093
21028902,2365.7553221116373
34108713,1500.3545407045137
84943048,1177.5934309585286
84439701,1897.7123213374591
16539498,4376.217546310474
24537949,1475.2940418821734
19537971,2269.0826311697324
72069403,1330.033371321333
84333546,2212.570201024007
11868598,1911.522555054561
72165230,2051.7726695924016
86606477,2817.821233601102
85432562,1882.3662185177745
53853013,1825.2761588677538
87319378,1592.3243220880402
32466967,1273.9123339067767
80519195,955.3032989771488
12289146,1403.2733182785744
17893529,1577.6361730097758
76217556,1440.7469113532795
27323024,1615.9148416090586
86557861,1616.3224544426955
37601873,1753.7225963870014
43146250,1235.6708082833031
51498335,1703.7609264990763
46939189,2130.5867036161826
36620181,2784.1528893331583
59890806,1602.9861576961812
19160668,1350.0041312160504
94555827,1486.4971013002403
73451577,1609.5907723377452
83828090,1348.9500888455323
92021594,1009.3303622522377
15822386,1529.288746364505
57405310,1216.6729122007503
22671359,1045.0251685046517
68101436,1261.3039683537493
66910009,1497.552456311045
55778706,1841.4170786704701
75120697,1599.6110845554701
12885545,1574.6362858819193
28604372,1992.5907488174253
97297156,1271.943669358795
18964928,1502.3545895660566
61244754,1587.0298448978058
45178470,1485.8934426995293
65250669,1375.4221804639844
75566313,1620.4755194926163
25053248,1712.2882137714244
71082761,2785.219326274689
25210276,1542.6592247218534
39718089,1981.5735864927185
51364178,1776.538788104436
31211994,1539.6270524038853
71509945,2165.8604249883515
98330029,1229.2794764037897
22456435,1370.608947567637
56912862,2234.886835412256
41548833,904.7577991487924
34760776,1594.8501253192117
54015943,2410.921343990364
75943554,2318.896189774459
61847706,1366.3069881800645
79766441,1448.686376798232
29099073,801.7647288131275
92971983,2285.2187950591533
77042656,1341.6788207471247
41355522,1260.961773417108
37905258,1471.5808944558873
62845536,1194.149530488213
70252689,2386.176175690296
69012389,1004.1716664982874
55230723,1297.9561785346484
36148733,1471.2410063196148
11166306,1665.066087615045
86661349,2339.9439262498868
39933083,1452.2653597696028
91301497,1469.4699717233116
84697954,1353.3528956402888
16890490,1365.1642622802774
46638869,1136.9340778448277
44149767,1708.8629248285044
18897403,1640.932893981418
77411533,1160.141614187034
62885631,1947.327062445799
34219564,1767.1687016791013
69042251,1321.7769293843892
24137005,1203.9756423364422
66305720,970.1797381750251
17619455,2047.5262873414504
63065642,1564.154278628587
43970026,1932.851493857397
78870428,1819.5329081901727
72114631,974.9266313945888
84664219,1662.91526923556
25739422,1441.5456360446326
54038039,2008.540056340611
55081531,1519.1997683191337
45672847,1609.8349648168696
29734641,1472.8692893650832
63805244,1270.5330785835579
82782411,1800.7927038569615
64705797,1446.7904872257134
59326862,1493.5722590155644
48549098,2904.4223647791164
39570097,1264.536394370094
98000370,1395.6010573604497
63674921,1946.4185821430162
16674336,1727.9035262625455
77063987,1552.7092749024835
67143015,2451.8584675460725
10570033,1577.716204661142
47185088,1313.203178867014
63757190,1446.8733158313541
43453041,1452.0477687026612
17890447,1944.6497587129827
34735493,1033.8719467836916
40580820,1376.9076745371337
84776860,1796.8653616166655
34883247,2280.015566340713
75437035,1733.7914138504484
63198281,1442.399543042456
33289878,1840.8038737840434
42222441,1553.8002402321692
53518898,1330.343873961085
77756377,1930.7709381649438
66266331,1536.6131901334527
75207542,2102.195982606709
65741993,1207.0691171026865
30452290,1093.0258619168424
30341625,1540.8767325932051
10196118,1351.8563856128728
39997400,1602.8809457226728
42764498,2752.232961367814
93568775,1174.9924208145685
60138513,1333.4645103386613
95863174,1795.700915622454
92194956,1580.5019766286414
34979379,1604.7008361318394
71517927,3054.0453986545085
80092401,1009.4933737524252
29853468,1064.624262079934
95595164,2514.847647565403
47277321,2450.104560808116
95111852,1056.502479623521
49309773,1564.6917473995152
52060622,1321.772910270728
18920892,1171.661494683379
95549548,1749.315029121456
28343921,1706.2113809050632
24575136,1323.6594989117284
51405326,1441.7569967798406
88024456,1680.275028520127
61475538,2015.750702223753
86032798,1924.6579506382689
99829874,2052.201508890717
96251785,1341.1296517008745
11235918,2230.477533851562
41084979,1646.3590148798692
31949326,1446.1057614933125
88425482,1215.0516985198249
41724063,1368.4362587726885
24244868,1815.4449874379072
96443454,1619.3094956741636
83159015,1633.8341815100584
24632345,1574.792541331218
44153806,1474.979338665299
93580629,1108.2554798850758
53277959,1410.8970769136538
99759183,2468.13952639369
55252816,2654.8753379049426
41285175,1492.9112455209818
73261084,2952.792385766039
99347555,2048.934557784207
70567494,1205.16039752917
76764787,1213.657045514385
14328685,1856.113539527664
66866287,1304.1119450346102
49679159,2017.2439040992474
58671247,1713.391607847582
20236719,1315.0770190235432
34585357,1372.116580211483
45051453,1256.5049646508633
51786574,1633.9753713474267
79731887,1351.13071818804
54354970,1515.1000118757022
77833826,1388.1566663523852
80242735,1265.8229517863183
79336488,3161.896162064253
51121070,4711.901671723809
15930057,1999.5503954108733
84864986,1808.685885463953
97820091,2022.3857069178732
76206876,1493.0640759271153
34508398,1259.357979962078
15581330,1701.2994688940773
24272114,4619.0411798150635
45684128,1333.9818151668499
53910689,1601.1175723724664
89611963,1921.4610461553746
19439294,1557.2100286833077
44476677,1376.1403884982356
72816714,1581.6488554673697
74817899,1902.0885118036904
24462605,1472.8806350725308
62629343,1119.375679589127
60387272,1414.319384854558
60976677,1944.2828332377223
25938630,1973.0906062462036
89171283,1625.073407909885
23407854,1351.4348672584667
84390020,1287.4598883040733
10131944,1708.485867687498
61185673,1318.543213666269
76507951,2264.4188558041296
92456997,1511.2270974021158
27091498,1539.3492812268153
22015405,1548.9671621114858
64048811,1264.385970023093
59963315,1846.8903640118517
99392827,2009.2753171523061
52435285,1264.582568776809
68018936,1311.205988788269
92985874,821.378450682722
19827012,1240.0329437438766
32076309,1221.8454462429029
74459345,2223.592978594183
59329650,1751.819989530791
70105673,1480.9291509161212
47359337,1470.4390680734475
27991858,1440.1437104868075
36755663,1641.0314508438842
94560591,1941.1514704534236
47944050,1460.6531980978978
49561372,1967.9728392659117
96160989,1249.6025288899461
67474261,1566.1027191560836
71965824,1882.6251737531359
13777105,1923.191961144252
64739771,1433.577271040777
57691432,1589.5878239626436
21801740,2124.139605814816
74352185,2030.2491432196086
91521650,2197.579768417131
64797772,1754.1307819644128
48820263,708.6953767656231
14791909,2187.537866605462
82868024,2449.795948509066
97971853,1557.5100624465185
75654232,3095.1619440171144
30725718,3537.4740955308766
83442812,1815.3710010997384
62376431,1852.8120769297736
45295601,924.2320094624018
44038407,1537.6466188465274
74138589,1643.2883256516873
78812422,868.1461198749557
57253455,2211.6743117382553
10109432,1404.4996461766048
70492234,2063.523663024294
16499768,1366.720909591718
29721809,1673.1222146263442
99970795,2020.02271735536
38494075,1823.3001231529545
13300921,1119.4537750256868
18255583,2648.663004378381
76957329,1667.6179151097729
83103502,2254.2172303587963
24570014,1379.8590938898658
19318542,1873.3758319962853
70614169,1428.6189139151838
68374888,1300.0195589565485
10546051,1412.1132343237214
82817153,1192.1959036875467
26190736,1396.3056897228191
26227414,1301.6793705562102
55825692,2169.280686171784
65550483,2009.7938331789867
14872097,2231.438990039374
32405281,2268.6346700474437
37055817,1357.0402478225553
42617798,1619.5924658979275
30684771,1393.6393587776777
21842298,1817.996282190751
44215525,1590.395094983696
54734331,1480.255918956027
77244965,1434.6810850300308
31618537,1835.621458154803
10912371,2086.795894178719
25284273,1342.0581897214881
63793006,1541.4473649469267
40346903,1161.0988000828227
14281423,1288.679356361011
10329833,1473.0193882904193
58147868,1615.9559813728783
62215262,1261.6716839350781
11535494,1538.49024210548
55289261,1790.9736936075299
93054393,3220.5608333988316
15613905,1306.6949444743211
52346993,2629.250035009203
31426410,2034.014457473336
11924915,1360.550827997127
83461539,2007.6642714598127
68351051,2272.3452600797223
23144760,1403.6342723934267
97049626,1735.1279677485106
94895031,1259.2692639796855
14702382,1492.0750186955522
22232789,1436.3293309985702
14653500,1061.0364079315466
45931554,1141.302860771026
39099976,1515.1108828982099
65803003,1477.1225904442879
56391701,2299.831485620226
92222330,2269.7984136822906
93455198,1397.6997107802654
52410336,1157.2123167907894
82423675,1419.216161589913
25925356,2716.9478368957157
88622240,1128.4643829765826
37830382,2935.7339899130943
97198420,1994.0714539822973
21477504,1375.1777385373352
84142976,1799.7711989837487
96401209,1514.8561210425041
18047299,1816.2134729461243
25908320,1655.9857126116838
69709013,1470.4830212237002
63707451,1436.5001345770136
68674616,1752.8473747794712
41246291,1685.5910329264289
93099265,1693.6303687328855
44969882,1460.3158548969877
94840571,1789.5809195536901
24428966,1696.4521148680208
73406276,1848.336368974271
74093567,936.0202378434007
55445678,1409.8882930735847
56770356,1703.0570318758655
20116401,2052.7445177394616
23989432,1169.9866628556183
77573883,1708.0227518938739
30955534,2056.553706397227
46007298,1263.8668112398373
60038151,1412.7141741583773
16169663,1647.814946845839
40454664,1988.2368969034967
62049127,2230.354869078917
19821119,1466.2549693753297
56611586,1573.6950775142247
55267084,1216.8319589898022
55813034,1840.0503939618102
23867957,987.8401012979198
90096160,1366.1748303229308
32751852,1523.8832527341026
21394047,1184.9517109144774
80032862,1345.5832805359973
22418983,1448.8989121320749
52802197,1130.7248658498672
48673505,1263.8102086043357
14195685,1177.8592942267987
22205138,1571.170819006046
96628154,1492.608155518337
44734813,1401.7979748841606
55802873,1688.0101425784148
41368275,1626.3091920505533
67686446,1090.3494054630653
97989934,2317.813217772024
65686117,1119.8213817690614
45591525,1757.2805428860038
14884094,1478.6406248598344
60291749,1367.9951037744038
46418453,1553.9557402031005
30133967,1867.5428565715767
30307611,1590.9954078772255
76539721,1647.1017407508332
93325285,1211.5294203518258
69825909,2085.4434891325695
10220197,832.0414970395865
34178403,2506.0805200694526
67327944,1456.7375014009194
58361366,957.5808656874163
35080838,1249.0584332633496
24415695,1482.160229900199
30354080,1637.8239639789397
24117628,1788.033087604349
62628994,1267.5550523097947
51012198,1348.0188374001218
68125143,1591.3891973667712
94485707,1663.4899660730698
40172711,1569.9161764836826
17647583,1907.6466207834176
94790367,2100.6705715698613
18254706,1444.7254514052747
65733568,1557.9088528692175
58357649,1392.68062813087
42289495,1700.1687276396372
15020288,1825.5866412082903
31419590,1416.8296877541854
37233713,1309.9290430365452
26330225,1522.7410609881836
73976501,1685.69438954429
90642644,1042.916308230044
63791881,2526.436926903267
40102213,1582.7066217570093
60203926,1463.76234331825
36257216,1279.3972449453242
24119768,1870.9501246346717
30403208,1705.2654687651004
39737862,3404.322167942442
41150683,2215.148209546144
99351268,2176.0397717335595
62692262,1958.884003782282
72711178,1476.6114587219206
10083097,1569.9720420177227
65370298,1615.5790404833685
84388395,1252.063329289084
52114454,3034.655447083284
74646950,1594.20852016814
72720701,1412.5867667595787
45732529,1674.0014930098193
10509116,1932.4911297984397
36154567,2152.2917949423263
46124383,1819.2563596088505
27866730,2045.3391391021535
62320931,2033.4052943264342
78979954,1456.1928479367123
52531638,2351.120283114087
70662494,2235.249381767726
88174413,2276.857568999722
21513664,1150.2582463673873
26546743,1902.944436154691
89094189,1940.7190526299557
34006202,1202.5562205875437
44458405,1390.1438803817962
46102741,1922.5143105236996
80947937,2321.281071107737
73456376,1199.58715137667
27640503,1300.7106035414415
66469621,1780.6995807355972
35504694,1574.303939299187
24815317,1120.9575509712013
58171289,1669.3355894361623
18612790,1976.0025761496308
63428669,1748.594839783428
57949817,2398.8268104527892
72876573,1462.8879595973185
96193736,3037.2891830500193
57932688,1784.3286241412895
61617398,1808.7249479364164
57513357,2090.152372713041
46336493,1374.7189744699806
56173102,1536.537932769312
22210971,1417.7898820412893
27397907,1336.9361942485023
94750459,2420.401813601141
23197778,1499.7628591741668
62692781,2481.0073760827304
94164438,1829.0918179517396
19395402,1550.2441052695983
94219712,1734.7503518854119
33491568,1282.862826981469
67632603,1442.5633171060672
19852962,1944.0659190367105
73405784,1775.0541976710726
88192699,1480.9787498954095
29867417,919.2397086220122
84909546,1558.8371165075089
52598919,3291.013105943545
86077350,1176.2781869853004
43929538,1724.9375482336238
89992133,1577.7014976241699
33643157,1329.4698346757407
40190924,1496.176278520733
97098808,1883.5178208026302
87635513,1576.4356303108125
16478169,2087.2382782492905
79498204,2039.3425043037894
62568791,2414.543906185744
36457296,1513.7775944585567
29599077,1553.6063713553642
22644116,1914.6788485226798
69419691,1361.582381801698
21970018,1701.3946103504895
31666748,1369.8723858852081
84691804,1831.8009725007814
19277545,1635.3567216477393
78443496,1231.120719436371
92759112,1443.8453999837586
49629913,1637.6817169302465
14874574,1197.658062697153
61108399,1430.8431701863399
53618559,1526.5343491238536
46977752,1477.5741359640213
87695599,2218.810328962932
68430793,2189.507313371481
11606038,1571.1497679031763
52469720,1068.4929047321862
91726930,1536.7635256399483
14558288,1486.2747642658687
98640275,1465.2923516016333
82918511,1209.4230223220407
32992592,1031.8987422593275
36930879,1636.9261488221662
73360172,1456.3782609084917
22281491,2619.3272106761983
33813436,1532.6359308735064
49300946,1833.7660270507888
56371129,1801.5727831989263
83899433,1719.8028196936793
25827679,1842.8630506400077
16631062,1542.7925601136778
86793673,1915.5293252886288
99689707,3013.379798154018
69776211,1343.7527319272265
55892015,1212.2309100047844
19716865,1831.4702251452272
46860460,2356.1232066218577
66143638,1477.7556091489357
46241046,1988.2376836710719
47497471,1711.6431071741124
38256243,2318.132485885754
90078699,2096.195601598076
66607961,1730.1998719346154
15632043,2263.246899195498
81498334,1674.1183807166333
82443801,1410.7123423757282
88411591,1330.6048532590019
18221799,1434.8603771684802
30242976,1576.8813412541601
66494245,1927.8599197031717
49287510,1161.589373914995
83370642,1109.1297966426253
92348451,1167.250160103955
55790147,1719.3412620778934
49423398,1727.5911317323173
39715763,1436.958403179191
46440335,2062.2197964209354
78128236,1285.2793491789148
63409672,2213.732951036832
98873842,1249.491135337089
34782044,1842.3127075487403
70391546,2047.3494999427758
76956234,1535.2198025476407
41544516,1338.4230519144262
42550648,1197.663095739183
98465226,991.1395683111517
30886863,1426.6848962919737
84535276,3252.81479570163
54301788,1343.284820443798
78637034,2661.3038089845927
61387156,2419.5347915855277
71715096,1014.0345294645628
47859897,1254.1986298029203
59800013,2045.6016814004909
95293248,1460.2148741447745
11553772,1964.4019366321888
91107127,1356.6551163032836
66825939,927.1983237431413
33598864,2260.283141630456
18818037,1781.3123874108271
86800656,1867.0994966327569
45209421,1335.2334358213304
99712718,1275.3038428035632
80320840,2096.128448370276
24591401,1342.8276234434338
90294177,1724.9255503549127
14404076,1291.908753820875
60829113,1785.3790828996732
22529505,1798.6920759371278
59566170,1676.989858087445
40149323,1413.1342450293275
40382936,1436.810516225659
99300537,2178.015422423824
44631793,1120.4892424257187
49450050,1531.4059685576074
62395628,1513.6751958948607
30879014,1247.7849280495573
85524688,1498.286807934731
87381496,2224.488860936352
66258576,2553.1411545106052
71415255,1778.2184823587547
45179604,1839.6837669225588
82676573,1857.4696918971406
14654038,2037.7074149101884
57261303,1846.4316591673223
69037727,1863.6485718897875
78583522,1028.6226463430323
49703078,1211.8996292934592
78525136,1188.37792036216
86407509,1761.8827994243004
33024193,1489.1946050013528
38535158,1685.1952806017264
84179400,2072.839719153435
24680896,1234.565838750355
42024082,1707.3098174944855
31137878,1226.183305575791
92689780,1479.523443268847
93487228,1465.418063548139
27421195,2768.144444398739
27611928,2307.2680767871975
25261420,1791.9064568692331
46864780,1865.8065788916126
51909487,2188.819626080994
37913958,1506.0711136185737
74334619,1659.379883092626
24422548,1808.0085090865934
58508595,1423.7945204853297
25087154,1731.4484801117094
76806766,1414.0451319969643
27262464,1288.553393906508
73422693,1423.9587057783926
58175270,2662.7081746332647
76648743,1745.9521791962343
36026120,1313.123171307011
87485989,1884.9287128501571
88798255,1329.9674918438993
85293030,3788.723918651351
87029422,1343.7439609540595
72679949,2167.1003228727122
25871017,1105.6858885061686
61396744,1445.8858353455337
63197784,2097.352582422162
49632353,2371.8096915715537
65625596,1312.9628582104217
86795596,1174.0619950586586
81433856,1122.6017933189253
87476873,1471.5135666174872
98147948,1172.3827855143813
99212421,2299.364231478386
78236394,2105.7115977904064
60511137,1937.9829461718764
37030090,1995.4994571345949
47227545,1733.8514254874435
38980163,1640.938984170714
33290320,1459.2883559219001
57735630,2499.261629165733
37888473,1029.8373220256817
54251453,1301.8753356164027
85556127,1708.541868471644
26903779,1863.790713751417
91692809,2366.6484002468583
32446203,1911.8020606435541
34350235,1893.5149760674487
28532174,1640.696811157474
59869496,1299.2332115221982
37887202,1835.3569455301902
54799254,1037.8665981110328
44298051,1472.0559858796787
89901990,1387.52449458368
73292166,1833.7384877178183
21775362,2242.7669641908
36884233,1614.3858843973242
66353025,1939.8118280222682
19481125,1436.9754890204847
95336492,1247.6345836256105
32400462,1615.240527379033
28975228,1647.598281037582
11320585,2120.075903376729
32162156,1302.6641399443627
88724326,3446.751182055907
67650053,1751.6169260582944
21038175,1571.3901591295753
64836379,1474.5918710572457
60827779,1525.867583242744
88997264,1988.0552999061576
44622902,1384.5016890164104
85670106,1468.4537045083744
38945693,1413.085063989635
69337730,1550.887686834473
22890345,1901.402831258898
93106331,1997.7449125859973
56257607,2364.3686506346844
42845025,1717.2036346988325
10678470,1487.5265294212738
35975743,1768.3723906326325
44298756,1522.270079117746
66670226,1552.5366128339735
37883517,2459.247311675335
62831558,1204.7081018758129
25294874,1849.4089471215723
34601413,2053.4492029016724
61300626,1876.3591245419193
63694211,1436.012503103552
70308634,1826.52318772105
92846964,1648.568524725926
32093061,2141.4211480925633
68496425,1238.9846910295012
36724576,1714.7145122713762
18988842,1912.066057370282
44304522,2051.976183219589
91192236,1431.9920455421295
27105876,1481.8557733775463
89869414,1017.902031827129
45877010,1808.3663898407885
24146001,1131.0401318711918
23395701,1386.8630942993466
38974456,1525.808151455797
57842607,1313.315860288103
51687346,1547.9717640872498
99288080,1504.991587666381
58963406,1955.7087577411428
29443260,1985.7584229443173
62626422,1607.1821490277969
57515098,1840.6952438828564
61739694,1438.0073795976339
27459512,2131.8733518042754
84889146,1419.9483818326796
58681841,961.5831595514195
63593417,2274.0827741374087
33073018,1435.6989634804704
18775917,1773.0859514977053
38962045,1867.7956269451652
67933426,1437.65629826419
54603681,1602.72552580273
83399485,1413.4490152044052
64199110,1845.3275584096452
82415208,1577.0251466514694
87961803,1871.5653540753171
44853010,1604.461150880369
59952980,1645.6725801596797
88562279,1126.193579859237
55858413,1478.6174708849976
61198975,1603.1589626540442
37448315,1723.056349831865
19525923,1314.3213456613041
35026025,1795.2499865621094
37029910,2326.7371409254897
65651564,1014.2837285883402
76546746,811.2233592003876
78805012,1526.847607876147
73332787,1262.6110751303222
45937289,1695.0866801839675
99048249,1265.253845241606
29475704,1288.6200318247081
93694996,1369.640162758571
18159173,1745.9249142169326
50435273,1260.3958020344526
56812269,1598.2963439597863
10385151,1650.4446223249827
74541267,1872.1901435751363
16719195,1358.4346636494322
48754743,1404.409115313274
18188655,2091.5695948014927
32063627,1877.5882658460966
95749552,1706.0788934635139
95191424,2256.456827055988
79363744,1245.4191938344813
47169927,1471.0120428583766
77108983,1322.3903999177453
44823862,1082.0789469823414
81122519,2666.7513157167
18168723,1290.8360433601677
59737458,1597.9022966459045
12477444,1503.764009254058
89609832,2191.4520123432817
50913652,1314.2573567238176
42856249,1211.450971630845
62711409,2324.592098828829
67374114,1590.5967000333485
26708384,1823.5460572628688
57463109,2025.4721010695685
64273952,1254.6372359131935
56304545,1818.0952972146954
82795140,1859.2043851683118
14007213,1820.6475990700237
54415843,1641.0458005371477
54590957,1994.5479330216133
67350145,1439.844508996037
74993313,1357.2742098479473
62432527,1956.7009248561753
33713363,1780.7185415579063
80390114,2784.2567349828114
12723951,1766.9421662913749
71416124,1310.9681233742003
72440899,1516.6562496399438
60115717,2767.1701194160073
26317947,1513.4489502775923
35504199,1318.0135643389178
30187539,1581.9552561944756
55346293,2342.091470871653
90516502,1232.4149356957769
72045347,1965.8365970412178
79850408,2349.4324180116855
20443404,907.6023814310055
84501791,1541.4844424395512
73999320,1567.9237914550715
98913461,1295.8044752051217
37225199,1187.8135980031143
16193655,1790.5611437422092
72620298,1453.216151563771
64188152,1347.540342721071
67784083,1957.9529403799222
90552658,1683.621922787679
80748000,1120.8731818946487
38083778,1862.5792009346071
65525497,2184.6943740277516
19381953,1339.2621441930557
65723090,1660.5841184523226
76151738,1893.8383145192981
48225827,2910.5326553007835
27357384,1594.4500967531978
72090603,1679.9701742431507
13739096,1701.1866906424575
42442381,1612.3072337336046
57561155,2106.26195239716
35942827,3095.3356595845016
89196128,1632.6886933375106
90585757,1425.5246043087463
28123361,2111.078772592891
54892166,1202.9265513032285
34399967,1275.2803103532892
36429013,1657.0896256242443
87308981,1294.188244194536
99529719,1496.7984531262537
22093311,2171.735673162428
81263538,1668.3587655734664
71338939,1473.125346470538
26758105,1472.1378585482428
97028969,1524.1880526255206
64463656,1511.9142301159618
56099433,1835.4527486266823
85325718,3528.957324724852
44166454,1763.082247738614
36489810,2247.9206811865874
33207901,986.5016979791709
27978007,1772.237830537663
81479630,1321.1943317771256
51537650,2243.482914290343
45619520,1456.766573629932
38111175,1674.3165785142749
52128949,1239.9124123453894
25404819,1775.4324666662571
76230938,1883.7294926278737
35633669,1863.4914301081164
17486296,1690.2424138065644
26823352,1005.4414585755094
24234066,1767.6395393347968
69609466,2068.7602861852224
44500625,1848.4800574605845
25810885,2242.6871609830955
47095933,1451.6493318357423
29996746,1650.3310679427093
26824387,1015.725304815339
22560248,1866.3630008261134
67043419,1448.4705464462197
56128877,1651.8383535934643
78532613,1425.8559319777087
63334626,1614.2497002284988
41942475,1401.5250894567046
71572581,1251.9997088546868
31224917,2500.6768612265373
52061385,1466.5866939880136
85648776,1210.5781519714621
89601046,1070.863079528319
16315474,1648.0047083251482
90885644,1447.6289433150334
69988016,1712.411723232667
55363982,2916.7636414339654
15084841,1257.2480354259676
85269120,2118.7889584417244
31531393,1130.7136535039963
65511292,1920.6268879329673
76207920,2778.648447449252
25765261,1026.2232291806197
99628783,2011.6584235072835
29123949,1542.1749233285007
84071477,2782.358435208824
55408575,965.4407306916622
18563235,1971.4266947720907
32862824,1345.2242107459158
87247913,1516.2466062013216
70811397,1372.22732158135
79135010,798.5429468450451
95532555,1835.2475438934252
91619153,1927.1286326724637
85185899,2274.011931366878
45503458,1968.9360928944886
40572975,1417.3436830127418
89004010,1621.555984115885
34562042,983.250239025787
63463440,2306.3427527061103
64460362,966.1125053089681
67250925,1438.7407873037403
14939721,2585.030743517916
35310686,1557.5067799289845
71187848,877.6408509666035
61524357,1130.6825747046112
36782194,1447.2577979788496
89842273,1183.7603120752872
20614858,1587.0457141922864
68048266,1188.6039619982791
62462117,1328.5803560318589
72115510,2524.9698287137603
14057421,1198.9654688193375
99878320,1631.5104372600672
68934495,1693.7506476968235
63897425,1455.8377751228927
30823846,1611.0643331804713
45856506,2040.991292225059
36318458,1800.492026521539
54709816,2146.498366100732
58956301,2988.9171672985503
61193977,1971.9546867620077
94916864,2146.46732182967
95563649,1496.1477020771433
11808364,1433.9320486622807
53108582,2143.9540357933784
37502181,1183.667868792064
37996385,1297.9600663132467
53563779,1332.1617335437916
62612706,1017.025916174553
33233317,1066.0122191885398
39285196,2566.303853404051
12469660,1497.203776362477
10086272,1922.0452641218146
61556619,1026.4331037789736
44239580,1839.157661225061
37303458,1853.5450015862389
69742763,1476.8148210849558
79252407,1517.3402467198237
55035288,2970.2125260550433
22573833,993.3689569476752
73616028,1861.2006932509396
72379751,1446.5825346267127
63515051,1358.3054238049888
43605274,1282.614355777071
94526159,1845.7079362697448
87017405,1882.2004906645009
27785122,1417.4391152248647
88986010,1483.7573564430722
83705830,2785.571234275519
19294754,1387.9619936234642
10016581,1920.5391858259861
98337631,1817.5666678250445
96284977,1650.6505203679299
85120493,2024.8465857602096
76912038,1715.6454197915489
38273802,1547.1816303810735
31373003,1369.592562268442
16311364,1537.7029354063181
81773825,1320.2811403766216
85451822,1779.6143172101185
83837897,2217.4042916990206
79840167,1334.9440091650022
10053165,1622.4084153768429
66085962,1621.654035538749
74446354,2665.8535390742704
71248291,1366.1147678826237
13527988,2289.231901011394
59655162,1445.5254813737658
81270080,1133.8107950501928
25459024,1756.3797838150178
57124820,2252.4657467751476
38744724,1550.158803572822
14672828,1757.9705400326939
86208199,1288.3907910302175
60804234,2122.862466117469
26637959,1463.1825632150267
84505191,1842.9474365380158
34949195,1807.1949597481316
18236230,1705.348612244931
83633670,1878.7984382364727
38795738,1018.0160092676475
57060441,2127.832495293313
63193750,2844.328440411177
16584196,3112.358978932361
97470867,2102.335095554723
57117308,907.1593967634514
28539736,1457.000979559468
42854708,2625.310310246274
74612987,996.4346492489243
18574187,1127.9314781423702
82554201,1983.91795669317
63502035,1610.0050030602397
91862663,2858.844771029855
92211122,1674.117162054428
31056808,1590.2121168251915
16943964,1373.4476782351485
32863651,953.9220838941602
68176876,1514.624292942642
49131404,1111.2583441599133
70277995,1350.4971986266671
35494136,3169.073700753818
81234980,1764.4104549314316
38613978,1883.1430948597965
58078556,1555.8638725950561
44540392,2595.818885487795
54581831,1298.3232850649858
27711464,1218.0357635820267
34639609,1557.261918356583
61465981,1375.3428080823967
97434739,1970.5742639982154
11115465,2957.244194296892
73204702,1886.6770720457487
43122014,1641.5281906814578
82465915,940.7373332731689
70336402,2465.9575577049377
66860305,1680.803639667156
41500458,1790.0865341730812
92919391,2311.615362648526
99618084,1429.1578170342702
86909460,3470.2354654495825
17337355,2429.1674542569854
42353664,1132.719500152388
21765685,2047.9057188379975
89088918,1227.8498720050327
35899962,3312.173610492327
68684318,2034.0027661327088
18484780,1290.470970602021
87388388,1630.6044822300576
90094211,1755.8455033582004
16804039,2293.089376230533
91010086,1496.5070858985107
99469868,1609.2565970217968
37545302,1775.5343990477595
71878464,1660.681869575852
21183040,1913.7849607662163
35304073,1860.9363380364573
50348670,2164.1890997391183
34230931,1169.0070194471978
48867425,1585.257726425385
35018884,1371.4118636832661
82792644,2968.9030789268654
55638604,1761.8623411687877
45618589,1722.1108732630198
94996859,1256.476283982612
59711138,1308.0306112274936
20008628,1008.1718142798592
74210201,1812.6601704794714
71592370,1730.306753584364
91112168,1744.2070443979626
86979588,1871.6537276423585
77491019,1658.9751598520968
82906889,1532.7286940686597
47215201,2058.584529761429
74482354,2277.643438933246
85248466,1462.7012311036167
48081067,1919.2136826567576
15387364,1355.900392331698
49479914,1588.6122687801178
67144063,2373.0536907384126
21546784,1887.4097790702062
33690767,1386.6667928395339
33115846,586.2461586495931
61562965,2018.1229051395565
39809818,1910.9429357915642
68123009,2509.2632310070862
51851996,2023.668868712666
14592737,1308.4816098856475
53703850,1628.9020182301626
32305458,1990.4657504614443
15802272,1184.595397624281
36113397,1595.167726760611
10490484,1900.0227923318691
60733954,1729.1805049113311
99162691,1103.4921520187484
93098807,1254.6240335884088
40838545,1688.9993065013452
11051825,1918.9373758674767
82908690,1571.3728405093518
71787511,1656.8982198928688
72823966,1474.5155658530036
12980060,1718.758738805888
96086415,1558.980194433836
23697274,2027.4590925880784
51614059,1908.6262036928504
78779574,1623.9276958135433
95241308,2609.8520312651567
17643222,2732.67666998508
93263316,1672.9317222800662
37302631,1328.0913143347243
87271886,2076.418637925751
55736876,1814.721369631985
51594702,1899.721533787869
83945766,1058.1505572816372
79078313,1237.9862346556229
31277810,1514.6069327165715
74965419,1897.614016733358
12557472,1408.9706632376008
61610958,1579.8611536082037
87565891,2824.954151860749
69835471,1666.04794601338
50409416,1378.1415231992207
77449547,1990.5807728446587
97554546,1273.9065423301302
15981479,1657.9458438185666
19522006,1847.4905674672361
27996044,1652.2135061715123
41161764,1664.6286837690504
20740770,1510.522180187116
70042803,1617.1851597401007
52210690,1266.63508761079
81657059,1250.1576663621674
67733763,2283.8787180397135
19453777,1376.253462100504
76648543,1760.4642149476995
38569009,984.3507488931576
24713941,1245.829905930815
89660454,2373.198280177594
85740410,1552.3605986105551
86257801,1470.9843585669205
86873805,1553.6739677796907
33399735,1756.7573003529933
37535534,1297.1448364871187
27667456,1491.9280277883393
61581329,2250.398694034524
51263630,1072.8428897838621
52033053,1393.9180323827325
90888218,1469.9292338357207
12546179,1827.329350533865
83093814,1492.5796736552575
46297699,1276.9689693493112
97044400,1955.0868835139042
31763919,1330.0212403735786
16008849,818.3526216545316
51084945,1051.194269094184
59957604,1600.8800437608172
18780994,1316.3617915467123
87997537,1472.2675632623457
45685391,1668.386924741498
44441149,1452.959873253003
14178311,2071.995479903251
43522500,2234.816230650354
91025767,1582.50207369743
92328854,1700.965512931966
53582398,2977.2978535239927
79088536,1217.5545130034589
46193764,1230.7287415280198
84800487,2196.93301905955
58906346,1869.1098708028157
16384425,2117.7109855624362
31314423,1672.5623139017155
78713693,1327.6975570863262
59579059,2698.1586683233027
51309878,1679.1328494049187
18367921,2679.5948056529733
17963218,1289.4140990586643
63773516,1722.3262288182693
43820904,934.8742305590862
61844633,1572.7914018762215
97433520,1921.6002674619033
67890378,1378.1382204291242
84770654,1978.8094903738436
56388014,1122.5170961219162
48498606,1308.2862513958698
96139568,1303.5465060660329
23184000,1781.279898993885
82435682,3095.64669983086
84725417,1164.9142325827274
80398008,1304.288256280225
21408816,1928.8598018227665
40561414,1001.5279332422418
47526789,1722.2164498849816
34202671,1611.3412005512553
47410501,1539.0924521878248
18437030,2033.6319117372766
89947527,2074.256008322162
48179652,1080.861371672259
43574355,1338.988012087948
93441626,1411.924369973547
49833156,1121.1532508011853
27436801,2194.7035017416806
43212239,1729.0016875466454
57781002,1945.0156355456322
80452756,1806.1985666615249
69547198,2261.03664606879
92282402,2471.9007969974696
60080700,1838.307717570523
77220496,1238.5425825188445
54095090,1906.2170277657217
28159066,1161.4186805242448
76298460,2036.4321809258297
57334293,1710.3078817698279
51349452,2512.3936132908657
57825954,1347.79439018837
75566691,1459.0583422744737
21994482,1629.1706608121046
15472109,979.6426338109782
74524636,2177.102249554456
50954892,1681.5117767941174
72834699,1644.1285450835667
62999750,1431.0630832429144
33123268,3503.3236860754637
66540114,1474.5831765639705
54002928,1300.9616037065764
55085304,1557.7457563722253
22151066,1612.7295477278683
65334729,2320.1699784440248
30865724,1254.1633319556206
90388666,1368.13550930411
55605064,1365.0931612648467
69408128,2386.5792445663324
99473168,1833.2036573124742
75818797,1008.4092030332713
62565025,1696.191039188964
75143116,1487.8466416890851
47696923,1855.4013967623366
19416750,1728.5119364403697
22855194,1931.51372751649
67192782,2136.929963142405
87517475,1584.4571434257352
56350089,1723.0919028800226
34134972,1760.6598813014396
60576347,1980.2778062613331
26319072,1320.9647568779767
88893111,1320.7725757409924
68033382,1888.662571893583
94035885,1336.9896405163797
81187160,1596.27944095543
28315736,1393.5692363605767
22692256,929.0752324767058
37267592,1213.5760454064082
91150814,1736.697909388852
26431305,1032.914972280727
87910232,2629.5872143715014
41955248,1589.331087160124
69743430,2341.751837131503
46703259,1581.2263626677302
31441294,1517.690264295704
52540774,2043.5264057731729
86506186,1632.2717914947573
59584539,1329.0841572141362
97314977,1742.0545074317768
96666615,1529.5887711860787
79683457,1684.9441535940903
82209443,1583.3332731269304
28258830,1679.0717812228306
42067661,1869.3120133250843
66297804,1083.9961203197547
16941404,1268.2113369084975
75005309,1471.9273063836717
24570745,1912.0962755690682
86113362,1959.4078405394594
17047985,2188.9246425289734
65773050,1550.5825967374756
58445540,1365.2678305697698
48523637,2067.6257238975795
95993557,1740.4069617417517
88761628,2667.256365662705
35281082,1759.940848852293
63427827,3299.6153163381146
38736916,1540.3157053928917
86580197,1738.6553369322908
23112535,2528.265168896903
70370352,1925.0285166831502
27855625,903.7129975805146
60833031,2110.8023667379093
23047956,1406.9037124527738
87351286,1548.1641301508942
75886001,1148.058411620368
66301086,1815.2848892959053
60935733,1231.3737780912652
98414359,1809.1718401718645
93169508,1697.9143124546079
77985316,1386.6874889336523
22647726,2359.4376343090694
39865459,2654.695683696747
81994206,1397.0848410908936
62822262,2095.186104592843
85331429,2811.885005953774
75110630,1164.0517030301787
51138756,1874.2188354048255
83491442,4765.152751292253
67891583,1339.9141801026583
65475315,2825.833499896406
37180335,2859.7188630273245
53617145,1729.8060614735703
66644091,1370.3578130778776
85685863,1383.0301656270276
67756317,1654.0621649394689
47286828,1282.1897142754688
30798257,1766.4424653914884
55429056,1474.7531323658986
48423935,1406.1233909821506
70215654,1532.4410897926246
84995114,1637.0705728622304
34191374,1202.9995590800097
94424055,3017.065486205682
35266032,1250.567132326305
10282778,1910.3638507260919
74509894,1520.9057303374855
62379565,1612.0856402878032
69295266,1205.331340993534
19487319,782.9731220728521
80523155,1788.6811316767369
76258438,2679.04728998005
15381648,1517.384855474971
76313330,1508.4216160912256
67909709,1462.3329341442516
94172578,1441.9686290294119
73730320,1331.0186141460601
93164433,1322.9572041544468
47160388,1110.8206703609737
39990609,1768.6869796777212
64566990,1570.7013003660738
91126842,2210.0252552980305
52824809,1621.4770601184675
57254599,1528.2453343013065
38718331,1256.5800254275116
86095545,1523.7394726156126
47117496,2301.3240611448255
38398092,1994.4216282859918
35904079,1027.63153541869
90919237,1247.6564214895895
56102015,1252.410230212329
71540566,1425.2969417721367
10011577,1469.0863504569204
84723499,1908.59117881642
12437858,1369.6795617538435
55600884,1394.5937192298504
14903844,2127.1123368139274
79656066,1442.628065385458
22833793,1204.7574508164153
52725368,1616.2080579932956
69338616,1951.892960948746
69512258,1488.4309628596163
96249786,946.5266527374647
93289839,1596.7415322623526
89525161,1813.4276167000571
25602400,1593.2540268519097
82687645,1623.4200423678415
86466057,1656.8348477746993
31039064,1001.194677300207
38126410,2387.445547819232
98941268,1932.8427537122072
98887377,2184.897329943928
19069593,1392.6532626494616
48991500,1251.3952242829641
81340729,1280.9542161378483
17755803,1428.8523262296842
28332754,1247.1071833514707
48710415,1624.058815970359
13552122,1899.8196548617825
67175252,1853.1409929199665
81401006,2267.473424998625
87569420,1470.3822058163407
68775804,1716.9618582235933
51303767,2189.710897409272
36907350,1352.2918965511237
11852044,1301.1337565049382
57122012,1973.2802617178243
42764646,1457.3389872718328
23299341,1303.2986301183403
99527596,1608.3838563564095
97393585,1303.6607310160568
43578412,2504.0447722045974
98294611,1718.8541520560213
30924809,2029.8301906340719
88121507,2026.7131237718143
81094653,1813.3366708630474
83948197,1861.54478599279
53707208,1539.2330418852005
72598207,1932.4625356351128
96325015,1329.852428352818
32527392,1206.3391384205763
13367283,1587.2965418995827
70926441,1985.9842149389133
14507496,2875.745148007782
84516945,1607.108403045291
17478153,1348.6950556373733
83347951,1275.1892032034675
42507501,2592.052863688025
54322410,1439.9954656525608
51129418,1935.1066503984787
92284337,1163.3157005835785
56191305,1186.8266996923974
69717201,1327.7559903909132
77803958,1652.4300724083234
30868541,1099.0439876967841
21948362,2121.0356636181355
64597726,1395.8223061054475
24753315,1388.0476690528385
83137150,1119.3510184325678
87115344,1667.6906863263364
99984175,1744.0225264072524
78503238,1569.2313787057853
56241324,1938.8137443035603
44979606,1287.2713274552523
73782771,1807.6243062881977
83259646,1573.0175321759652
83615385,1308.9976816854012
84238097,1385.9553633361031
90104229,1827.5283455592007
47165230,2117.0819272987183
90052115,1135.3947785045623
29318397,1762.765159324527
66821977,1781.5561129465984
74914365,2813.9412735292403
21821045,1565.3550195063426
78077361,1205.7690859987617
11290483,1808.265826434222
18150280,1535.4860180218218
97190006,1343.7086605479935
23716973,1680.734473311115
22402268,1906.423571177597
22495547,1495.3299645522866
62732805,1368.1091221599318
35149813,1058.9122711682346
45074208,1509.0627098879074
16930048,1000.4492403058501
37034316,1297.350491335196
41257506,1253.5449560844968
37119194,2823.2967993486286
67834562,945.9413503453903
34524417,1912.241168585266
65917034,1499.5071394263214
89187031,1390.054475118155
38918236,1836.7608411551666
15343670,1574.773728497629
14075655,1431.288481891238
38174910,1912.6876347728303
58723158,910.2751436521268
60249533,1731.4350341265833
97281245,3289.6981056187374
72949298,2734.609973160739
15101045,1271.8865433289586
28123842,1443.7579900883748
79777819,2548.8298219750754
49207880,1649.2597937202074
80546483,1670.86193374372
64032695,1497.5886962156953
13192282,1409.8920502856733
77309020,1686.8530383600535
61977302,1749.7532562194556
97344057,1805.9360299867205
30586194,1511.8120228497075
56677229,1536.2468449186802
22130117,1217.0365396279726
40261245,1817.8967600167036
30166032,1687.900364060979
77089984,2181.44791904825
26878900,1403.941203793064
61371436,2066.3263984987793
42742062,1733.049899626422
95339974,2392.972168006517
56107946,1713.5953958015778
75011328,1541.7391145201334
72662754,1393.791355617656
72203106,1069.4719153386716
70496852,1673.9951297639345
13201993,1534.778061690282
78164844,2159.1771891396297
59342403,1521.296097718164
94540895,2089.7717189319214
46539631,1565.8097984362112
72239923,3042.965492774556
87927143,1496.360389963041
58112642,2019.6078505031612
46348606,1162.2476946862323
41028863,1618.6517237121452
24368370,1328.0090026278992
29933781,2379.8050555275895
82791847,1580.962006642564
96015529,1033.051979265664
54561874,1518.0265471858675
53184693,1041.3270901099165
76671373,2397.2928579614318
63611357,2074.189469479735
80706420,3544.3620026809053
55017743,1914.5402769739594
80689892,1723.625773183564
84469446,1648.2255626910282
23226721,1600.8061140418224
85084580,1525.7413529406451
80669002,2168.269700345578
65745002,1692.7097768051415
89007400,1516.276709343705
29824422,1831.1579713023712
35775431,1542.8394278026087
14074630,1272.5289238708704
72325201,1410.9704243174128
23874500,1614.5060353533493
37300173,1591.9970994133685
33493494,1904.8254148723263
30229764,2608.4913487810154
43966954,2018.113098803954
27845488,1646.585162223438
37461765,2001.9142354734058
54994083,2050.5915619419
73747516,1644.8815282694825
41276058,1183.3052699659856
55912598,1437.9545210300246
60686267,2198.561747597715
32726148,1710.4243515185826
99279088,1319.6142415608335
28728541,1543.528080727566
13858737,1637.8897097156016
21895570,1905.4187871160254
76323759,1615.2367827620365
79038940,1109.3830462424164
29272847,1339.0096861860973
98713132,1503.2552077278403
92394953,1706.9669005048515
96580365,936.4428783198272
44481344,1300.6440511181381
16420037,2222.257170474467
93921984,1682.564544028616
26481610,2310.33392835797
36292815,1489.2810893380076
77806189,1964.1535846715335
75958945,1352.0147427864601
65456150,1566.9695171222186
80743824,2309.015188452192
49966934,2213.5811293606744
86026791,1376.3789712545413
85816309,1128.794160085413
15568874,1902.7363638969466
99556884,1689.4732985838657
27514144,1644.4051403683961
33950340,1621.4508052298308
90674412,2754.9588356459803
31688776,2145.4615380193713
58380703,1408.8817686287064
59666638,2082.570796291519
28858647,1666.3567196248493
96281488,1399.8675720562042
81757957,1789.630785513357
15387606,3098.151412053748
95978588,1126.5933377630893
38876766,1532.3830772168355
97177476,1525.0430635938571
56304916,2180.0213290589213
94447504,1483.3830341621833
12858830,2187.021443446221
29325031,1653.8989235785914
45137864,1236.4896916717819
40574206,1707.8973248638285
14671172,1242.9211571970707
79393183,2199.892462529922
73490914,1189.7932710864357
74160460,1558.0295748748122
44164617,1096.8087555122884
82646950,1845.9339157391958
13359174,2386.987162694535
75134927,1213.650964622526
36042465,1352.0008041081533
83839627,1976.3666247208832
23668396,1916.6260178920013
75299261,2335.3276741565764
41480775,2089.4704768957354
33690039,1960.2926155789837
22503085,1519.5138128907256
37466667,1247.6933535093801
14321282,1418.9390914534658
71351933,1748.8513796142688
87081502,1071.446696143679
65472553,1525.5001010543656
99213360,1702.5152613074824
10832464,1278.785322458137
51819797,1889.9548372828515
75955259,1925.929131068215
88647663,1632.661366377576
48629803,1470.5241088410094
83286245,1953.258760293903
88766577,1299.790521299741
92941012,1618.4087092162945
77129657,1790.2425270593487
98212477,1455.8207987737471
47578988,1278.4480804009704
50209960,1478.3068565398469
34219777,1523.8686597371195
79439231,1312.8525464596112
73635146,1926.8748823409112
64910994,1769.087421866143
53834693,1062.8639406314605
11363592,1912.7755058874216
10873772,2680.284008529712
87767702,1917.424930482645
23454749,1435.6332888347986
58196808,1434.1776036430892
68491285,1679.4302812867406
92242279,2800.702834228703
33507598,1775.3334784726267
31155680,1738.787170906134
69782815,1355.953891789229
99510246,1659.4662256786398
76945883,965.6149073917945
17094345,2058.37502080659
46337525,1948.990071302195
28488983,1114.462763186317
16761031,2711.2734497128745
79032271,1158.6845272917342
62295468,1101.8509050125442
34239247,2015.1168162728584
13382072,1443.3026782236238
22594211,1820.2322668859958
57247913,1264.3291297972949
91685716,1547.0795370856022
17466502,2055.880911533193
33964749,1698.4026981528013
51427608,1065.8743119262024
24310192,1205.7157552321858
31116680,1645.9687627060819
11417356,2008.6942949411643
62762079,1460.3209477585951
42671255,2007.1535595348223
96926020,1759.5713661128484
50275050,1784.0874058353209
39760605,1557.8065789494005
74898826,2928.1972550528276
72916922,1423.257520863901
15943032,1345.318178404381
74582816,1754.5383781913918
59875250,1952.4035801534737
80790659,1039.3029470289903
19888418,729.6282705946359
31588130,1000.1845349127183
66158465,2022.07989114914
18800645,1708.0471460384945
64505218,1493.4208307311808
56056799,1292.056920621235
10374837,2076.068137596371
41300143,2484.6393478133173
78621253,1347.3052258082218
11141195,1613.5042024209904
33865847,2459.81731386323
90610974,1084.1047787604805
98930552,1659.1278623702603
12727530,2207.4304592679678
52930535,1537.0959623791223
93753865,902.6929976892765
70595210,1697.9847005498923
86025280,925.0628083323159
78663509,1671.213705516261
21322626,1425.056635525462
38172344,2100.8291487416577
12467923,1841.953760113983
59832255,3540.9220723804224
60019461,1752.4586064171824
36274445,1263.515411801641
35417851,1360.5769394682386
24997453,3092.4473730801606
83094532,2782.937699637201
90174488,1655.1326048215196
71319002,1161.6407102984338
29621396,1432.361668260979
10011880,1473.115378419734
17190126,1331.6037779120336
70424510,1561.1525574341206
11417531,1256.21033684034
27554957,1661.66116179034
13689480,1196.7335039403056
69613512,1549.226861571569
74318773,1758.8166802960943
45221034,1671.2305470344363
12200305,1403.9476248047024
29052499,1882.3026503026224
91168920,1882.6285750235309
99587330,1092.685158738501
85493546,1510.013658731503
36510260,1574.9736869307326
40370308,1988.0988806381604
89123563,1552.9755168786417
68894033,1376.985708189183
73938236,1968.8955461229998
25242707,1262.578204650769
87339346,2202.4117004033337
34182148,1191.1957426361726
55488547,1398.9147586896481
58799207,1477.8276602190635
99415472,1412.331000212959
50374353,1790.575228337415
44632960,1280.2220347752234
46918499,2039.9936131420866
61219752,960.7034101942307
57928854,1401.9705608372872
22536598,1302.6645119508182
69936903,1401.2417652471652
69696012,1280.2919002716314
75807455,1387.4876041298985
31557332,2132.852102710813
98503124,1143.2330192583454
45347570,1641.2578021763668
91321804,1697.8876854919702
56392111,1854.9329923447647
86308272,1086.1020097107235
64596791,2138.374209366751
80652734,1867.7134033246184
15067372,1807.035576081035
19485124,1513.129739972772
14453004,1202.7543079640407
26285533,2243.550814766584
92838656,1588.0002291151925
37408293,1621.2877409256591
44619550,2067.709559634373
12229798,1303.5500260548226
19471907,1447.0233168064094
79387412,1146.1419131351292
62896852,1703.873133304596
45934349,2260.6846529868826
16860511,1629.203585870466
43506983,1498.1833161513107
70740306,2094.8214853082895
92814410,1360.4215891702852
42104710,1824.7211423181254
23656647,1305.6642422210125
16622582,1671.6594644439683
91730318,1479.1466130622077
71502047,1674.6242308165974
62198081,2682.0676551445554
35586426,1605.6673128520752
73159054,1314.2814959710624
72932579,1400.084538802854
15860553,1616.208305357325
76499202,1246.4382839685193
49147306,1235.6367021116191
66173222,1500.4579330596532
36048465,1755.5243398423247
58226162,1682.613556876003
75348253,1414.8179523049905
29406516,1606.7725409719662
30120831,1380.3035370453144
88886135,1524.548130408899
90716300,1018.384892699712
12118186,1599.720093491125
39388114,1605.8372183868125
43348151,1450.0884564866617
70648988,1656.0603972851384
89828759,1470.2624794705716
25774436,2259.022370921764
56166234,1283.7097093124473
46207048,1364.159350689474
24260337,1616.9507292499356
43372122,1351.2486594186369
99211792,1452.490974974616
72425048,868.1947624353098
58848576,1538.8412665170345
69451066,1079.8187618995066
46571746,1862.5279852074843
35037281,1267.7251908096043
85573733,1359.2688353121332
85004009,1022.3828924633294
98713147,1828.6251616246807
99574842,1300.4929824496012
56403873,1088.7018912277174
79242881,1809.5548632463986
58458582,1170.1683974097414
68482067,1165.3522726108092
16690135,1926.8745729063492
15173091,2155.7749661655157
61448444,1585.2437986390087
69237042,1149.413284376617
85145895,1071.5977149420557
22701271,2605.0552652498886
39148372,1435.1310807474222
94500108,1632.5020373604204
68415143,1278.8509345562984
40595467,1978.1955707601621
53076141,1648.1251104788305
73641861,1016.3395692433318
48605668,1616.3484585706653
69923530,2096.583353250804
49319680,1995.1279992309117
45928049,1833.664580641098
73814109,1233.7798391080034
61386764,1608.5177997702867
67209776,1425.6718105981224
10596331,1376.6578602116576
14387887,1754.3369463649567
66568548,1635.5825345748433
59240082,1631.8861631401699
35040177,1731.9305123434333
99480365,1488.099446359737
68333386,1342.5987723935352
95572882,2004.146545074306
38132096,1718.0954970202445
76955826,1785.6459600432515
17729676,1918.4946272136324
42211142,1412.4794549696153
20158681,2666.183418974195
79393152,1383.0072353208534
39911125,1438.513224043395
88836366,1754.6814914262065
20409154,1647.3232608255237
15026679,1592.8019636211347
42131515,5111.8955044422
54650905,1537.5473731507707
26838390,1414.8607450817583
65068346,1318.114329420784
92979933,1692.2733082335014
95452518,2403.7129105251583
38822689,2107.821026114433
46355252,1906.571778662119
12444224,1921.2962042186443
42979270,1327.7401679516413
77573762,2383.8205255360704
14826829,1675.9423358477616
28709839,1862.3616450140207
18829646,1806.093914290507
96568537,2083.9052512086155
56829547,1657.057100609071
93979772,1840.4252541956687
17626588,1549.2629425488183
34011504,1695.344454867892
52636134,2168.9041461868696
91687348,2020.2867669477544
36508418,1729.6092857873857
82621948,1209.5478825766102
89318730,2572.810135293256
98717167,2034.6866407151417
26278873,2137.289594894692
56823412,967.1734538761663
75609163,3622.171627872027
90104725,1753.5630788856581
75874553,1863.6709827568711
48469293,1824.5886378090534
70313722,1771.9041158285784
48269879,1474.1906572124724
30338233,1820.2092336751514
32779513,2206.638871237183
75548478,1436.7955480022758
38561257,1886.4951234450352
10945373,1068.7513239141601
15756944,1551.182901259739
46940446,868.1793288032796
24659465,1324.3327796714202
88948806,1622.869433303679
34164402,1520.0033936266675
79477391,1932.644836361689
15537006,1814.1579734746895
88911942,2082.9818568131063
96378293,1555.7218453715493
76422231,1619.6389825735284
12309843,1348.366257161355
96239148,1401.110713385665
86466781,1669.0006386936377
49050128,1760.8834617015118
14724818,2498.6766392910263
56683970,1648.4429582665823
98393974,1404.6770117505378
84824034,2327.4766226481884
92573067,1502.3337990185344
73226546,1874.002679799604
61358064,1219.8866664114194
59398688,1855.9869294971486
14969480,940.9845147519226
80588045,1583.5857770505293
95597071,844.7610189538804
54836005,1325.7494497469722
23220441,1791.2204625621962
59018993,1871.9975926617187
68425900,2941.0800752172413
96400633,1496.4152867026817
32664783,1288.6504741353494
37951383,1404.538741838335
42701020,2139.1223083099576
23132709,1994.5007624736074
36039638,1609.5244456416556
14728562,1682.844577909669
62765095,1684.0729022703601
90518206,1701.523236717435
99330676,1558.0676917616577
54002963,1927.4086278081406
80024301,1205.7035236631525
83450392,1304.6162604672975
80827964,1327.574850731432
22623823,1513.4302368179235
85154401,1378.8529491561221
92409200,977.9090411874105
37461274,1737.9440447268132
39412052,1795.3621497098
99188219,1239.3407522197945
10533163,2384.061355168788
16576946,1349.0559698163026
10571061,1736.0792795825757
11502784,1126.5546788421482
10627022,1110.2579658885254
66112731,1700.9864679510802
12271580,1440.7165956499903
19300863,1787.5544490051118
42301466,1389.0429111597466
93227392,1625.3350416498909
13989390,1396.1404294328904
83189444,1550.784720853407
88982820,2078.43264507401
86309809,2501.0383219006526
93812427,1350.675416454237
79351177,1710.3823900001955
73882065,1708.5605895335532
85331771,1671.526613169002
33746879,1527.047250420968
90357052,1505.010978813101
42998447,1947.0002071593915
42297649,2252.474592380238
74232297,1482.620172832908
68234963,2231.919634994122
79955240,1282.677807704993
33685499,1513.2111580088194
74031111,2246.9700099894467
81527691,1892.5538124411542
25578339,1382.6768586764372
36826714,1276.1555692142076
66720469,1324.2686938027884
58271754,1136.7881846111848
79175453,1584.0882739908345
91006186,1278.0981673858535
75399510,2118.502768708226
65438642,2352.6661631271927
72193555,1324.2557291899816
52661224,1740.1611259483707
40274658,1927.417625059419
63582038,2875.011343423234
95316180,2389.3512460957095
31722576,1528.4376324461139
51439680,1819.32121847848
92864642,1568.5360208635436
24588628,1634.9088401970005
62383426,1421.497653927052
91245064,2376.002739899655
61715372,1683.7246649792608
65148106,2279.4677535550054
91441992,1303.6289700474636
49274969,1749.445221825644
33917232,1636.0272101007868
83235081,1953.1133756975087
40753215,1749.6790817170895
70796627,1336.4481543530521
73931614,1179.9656578605952
56857736,2596.528056698597
54064504,2047.3583416806684
20389019,1195.1642152306795
57574601,2492.9270716006945
16478279,1365.5915701187923
68356151,1788.1125154140761
99711808,1880.605426463914
98284968,1481.4667173914913
30598390,2044.6061567870631
55132880,1900.0982541822484
34163532,1424.5632524017194
40857770,2300.5754023789887
79839486,1227.4600593764878
78134573,1921.7294345081266
96251286,1723.9286001289763
46606815,1778.61046719102
53204628,1132.6327025851522
39264189,1577.0164838626963
66917873,3587.866659476462
75228206,1652.5915589179156
57466748,1810.6685522410844
75500440,2100.9802806657253
88152254,1612.1803868688469
88711927,1485.3257230436786
71935730,2953.8390088321853
11714210,1095.502084014501
99304127,1604.9758642153213
79629484,1531.1816262043128
64599027,1257.2075648015416
71633685,1614.2492865669446
14342958,1773.947918713943
27958253,1774.3375861892473
61174518,1458.9031185445065
74916891,1564.119648284645
72753968,1560.055710036966
36262662,1745.5932769407066
60917615,1404.1262144066322
99306721,2282.901099381635
53075886,1338.1046335177489
73928511,1672.4798034225987
19965325,1194.5114182599907
54826574,1717.1693684125737
64209168,2494.8005424899984
34147586,1446.6411477422819
98269123,3821.3431918987885
97467622,1724.8941050461792
85814087,1500.4344676339326
72333580,2958.385563028975
30873738,1355.9427978325687
10331403,1377.801823496744
35344119,1825.6339434930833
35769080,2594.7183006851606
21575135,1504.8263211956003
75304823,1367.210352353525
23401574,1118.3707239839696
83090193,1679.8454380210303
86996430,883.7287092594815
99751646,1260.578543304029
23591049,1796.9762214322473
81709576,1380.5088623838164
82444468,1982.2415973483123
38288153,2040.3366451632573
87446209,2521.744420885228
12079734,2325.0531584240284
25058080,1574.4947936701112
89691662,2460.1948053971064
13150938,1890.1564106527542
36020495,1966.1576855785631
54923182,1684.9806925184068
28841079,1326.9252987206003
41392965,1135.8194283272853
17119564,1714.0655262422395
57430704,1568.5332133399968
36272284,1593.1084126333992
91925114,1289.8783450981596
74412922,1858.6279521456847
65743046,1520.245089525614
48653211,1540.1252663392943
36332370,2290.64703020714
85424579,1798.3510156090388
95090269,1146.7727542378464
95971802,988.4510881921391
86256336,1325.8826570244116
31156844,868.9685298745707
37688219,2583.1051804934364
82437324,1521.000591693166
21950676,1779.213623901758
54094553,1430.7415708911165
74374536,3385.2850477172324
61738687,1999.4490935679985
19277250,1605.6781889885451
84311990,1923.1214750591168
94274494,1746.2083882624895
89122239,2702.5353783484807
97119289,1234.286340612994
29959537,1356.5399011534275
22777840,3773.6483598229365
39391011,1429.8126431601304
15127918,2128.008083089932
47251761,1272.407634843864
20023773,977.063295170829
96682736,1226.5609485307148
12309412,1703.0607517116862
11517944,1425.8203801510224
59425514,1339.7833803138099
28854961,1421.8993080657908
63750719,2044.6462103206552
69531684,1391.922361644846
73516640,1441.723783889299
92500346,2397.4755882271525
66124065,1686.5399118924672
28886163,1406.56763761039
19680706,2098.299130065959
83673598,1019.9716781670526
85519237,1536.9973989600294
37110854,1572.0211839904398
96010780,1926.2494217768935
51391268,1329.9134127545915
17655078,1653.2645546520307
26863121,1165.5965681999362
30839269,2231.124340933286
22418770,1021.7156824209975
88029081,2235.118221666415
27689636,2564.4753291909105
58431423,1690.3442976839972
43802347,2609.528868878011
83961382,1131.6751688165389
27938336,1268.0398309272582
35978100,975.6760854987905
89319775,1449.6359268663653
30362974,1331.8219961353207
93105032,2341.199910517966
20314268,1356.7576525449383
34550012,1405.9645831592659
28077484,1644.3293868132143
64656384,1491.9832309484598
48022436,1491.7219366201614
40507726,1747.824598196089
10314144,1340.2109993644524
81012787,2042.0878037849714
45672873,1836.7935862781185
25759428,1657.9609636192924
13512722,1246.7701430914838
96070498,1439.8717353045467
21352279,1342.89794938176
54205490,1600.2514475137812
44645119,2618.5441232616895
37332321,1384.1174444384585
54601842,1432.8993534838608
60801709,1399.9124275705296
28903523,1717.5026827128158
79159760,1582.8254967246878
20416757,1207.2592072615362
38432201,1317.589476993869
60739859,1991.6451165395758
89931987,1726.9383201409084
60999736,1841.8048934421643
43182602,1359.7295400982664
89739478,921.0520154308903
50450523,2026.6593826237051
73950928,1442.9869958223953
12330781,1136.0524272122445
50236542,1773.8930200341292
34912503,1399.5094068426536
25536468,1644.145760984076
63776599,1340.6226313351474
56389530,2295.9618652860518
60881312,1227.203424437221
94656046,2564.5366353383656
84143693,1504.9745901846206
60768240,1746.3363407786856
60458308,2281.2687820665583
53948557,1957.1580409799371
11612817,880.8647485110624
71889062,1330.3209914235943
77172079,2058.1061761723695
34222625,1797.3785603366632
69965828,1256.1674530373818
94714430,1617.357797515082
71961534,1980.4427708003295
32936108,2105.912900590841
18431618,1322.9389882943472
13548537,1039.3847064614872
86674079,1471.9913050171588
21748194,1869.9673226730229
40124541,2373.444470304897
33347811,1502.3226512174822
92929218,1547.8438796917028
72190892,1452.9863914570863
66963455,1550.5976460032507
96157867,1054.2465013586227
15254705,1536.6730498199083
89064766,1794.7054897198461
85305349,1393.8529593281362
58781934,1337.374148502653
42553797,1167.9338387883586
18721533,1313.5999852308244
58244383,2013.5374155019526
13696896,2152.1250298772607
65894339,1714.9238349761272
61098619,2604.3392732175344
26018756,2268.6541137402005
59479424,1632.971492080751
81738781,1759.820569050562
91106215,1302.7071897836483
71223563,1223.2148943885293
95945745,1523.9099495753908
91424061,1397.2162134675846
67135880,2488.316597794603
15528553,1583.837283921929
33657705,1479.6080103375698
62553289,1554.505610296925
60993054,1015.909030117334
42800613,1414.8757683477427
17769800,2637.538149569493
21401202,1449.1556234697102
52155473,1172.7889711785115
93304650,1361.872829511174
51407728,1381.079839649237
89543732,2113.1678274372557
43419947,1904.5677069575565
41488699,1404.4285105537074
60974422,1608.6524305438986
65352047,1212.1058158316412
37012905,1091.9367944418452
14787203,1581.068031260111
29417973,1539.103131410403
19835446,1976.911088682227
43255500,987.3839658828359
28812691,1496.8586506826593
18722953,1350.6113600853823
93227004,1733.7792814420002
35371569,1723.433399010748
12076594,2318.555327568487
17330331,1830.8532216107396
70946197,2183.338924010896
44132847,1629.5496829929705
77445263,1997.2713024183001
56880921,1431.7299689975098
11480304,2585.445491574953
44407005,1909.4254348426193
57603851,1302.9950536466579
36951093,1601.3632329952068
18651476,1124.9386178253865
28758403,1975.1035461274193
29842235,1430.1448466440852
80915194,1396.8606942874858
87361082,1811.9354772781642
67711479,1328.6182069956535
96493355,1444.5798032989503
60783295,2270.9463505450385
56178874,1325.9119047473603
36921713,2368.0068342725376
48581624,1421.6762356370862
75576141,1338.7317586078404
20755403,1148.5406120393627
52097748,1650.9400321454057
30927924,1227.220847459818
52924618,1637.3595796655347
23083091,2171.786160727127
10593933,1661.5402362603993
14984647,1799.9231494562312
50764768,1211.1045199687906
42909851,885.1151158572678
47962891,2075.060046796792
24155862,1955.459642631996
96222874,1341.4736508471294
76243625,1776.2516827780016
83785580,1734.8993805264474
68046684,1512.5283453730663
35026518,1599.5413195146627
21144795,2333.8754245216073
42304823,1755.3112749244895
32449171,1692.4881194608427
67804951,1539.1357839857694
80988109,1386.1596671701543
31562948,1397.9307335270134
80571715,994.8578416793927
91879270,1132.9071979101689
80331872,1897.2395132323356
39788137,1805.9583960548164
78186126,1709.2515214087325
34300076,1688.433600159861
70710711,1472.8777701544939
19520201,2109.9575340385873
75968232,1351.064441239052
62441830,1499.802747269521
87704160,1805.7891245603603
38039509,1923.4857269780143
87299257,2389.131962453074
34604480,1525.7615551046201
93559487,1602.8743043216373
35225951,1526.9809558957622
80500038,1713.8459881606238
88587318,1385.0995839508898
72460444,1680.408399632689
28502361,1770.1729658211527
91781888,1899.9465989306002
83528344,1496.8498729082419
15266445,1761.0632521099858
83532377,1232.912008200695
74780110,1834.8396877823252
88664511,1401.8861105744356
81767501,1403.5699607865406
41015579,1798.2508559541009
19338404,1754.2035927419467
14667759,2036.0516492713468
66260119,1507.071414806578
20542479,1684.948567936816
54097170,2611.591567627398
35669653,1949.9675259078024
94127563,1214.7145438194627
81488029,1843.6766151185864
93329952,2271.4956070658886
57217043,2099.088498096825
65522547,1522.756478897313
73695068,1687.881610364693
13539769,1404.1189513506658
44056017,1547.6277846724943
46617581,1404.5503263320177
68464888,1711.1521708746393
45303083,1295.56429023808
86984156,1536.4056378493367
56630529,1315.962347557667
78254395,1161.1550545866844
30913049,2061.3423098871267
82688614,1368.0102886069162
88893045,1437.5211187279244
94639808,1675.837828120755
52742143,1579.7419019494155
64260968,1548.9920788622233
76546956,1797.9572166482938
83523035,2267.3467097280586
11013053,1946.0413114134462
44130994,1972.1259509639258
53796074,1314.3204890594382
35498168,1885.5535534258386
63562445,1260.8771234808394
42365113,1710.7438795634116
54613679,1386.2240800435363
69835682,1076.6657007889344
40747675,1260.9427472557868
37071709,1366.4138154317852
11644754,2596.9554683395095
29456046,3261.6328350540643
63575365,1168.6983358911073
62030210,2935.468197403405
84640048,2126.8601242738887
61377846,2230.7754146045263
72441550,1534.0506781732547
11270022,1648.0303976752741
70261792,1681.4261881108662
52404988,1602.515781092582
84003906,1928.2494425337293
31204633,1133.688429690708
75242666,1915.9071414273885
49434528,1772.8060470541766
42863318,1559.91690182213
47571305,2442.0172206224524
66490879,1335.9407920248723
82396141,2440.141461724996
96803616,806.9913263039865
10584088,1511.2611366392778
41994657,1803.0441121356405
87186973,1906.4811309416891
71213873,2276.7025708985684
49764305,1553.6731012150783
43725149,1176.7213520643322
83812129,1667.5681186817192
63290164,1680.569890030459
79318573,3001.3036736293884
10844028,2005.1565773671211
19798231,1288.7686048897529
97056407,1163.2815250564722
32215003,1664.8283652736638
94765090,1387.2884135852673
47235057,1693.015686089222
94429036,1814.5560510854
19267342,1434.789333195017
79884507,1554.7088495738733
68548734,1560.621584491695
64679483,1035.1854767000586
99761027,1381.2786296002976
77538039,1645.6827290166627
28035639,1656.8452070178325
66579510,1641.3857255101284
50333547,1306.526978002043
30957545,1767.4722981459345
87343589,1335.571164799352
45470859,1833.064832452992
57383256,1113.9115222799433
62753404,2546.8339733664966
65906932,1727.2813088753294
54060112,1724.5518198040115
88317327,1188.5395081652084
46875481,1447.5469090222205
86614127,1225.6048668903136
91675434,1769.6398960779297
83895227,1217.3459692087324
86365373,1789.2858998750808
19948626,1373.1739647815739
79630167,1479.7273510026268
89106944,1254.897890668071
46083057,1626.826724108355
96150610,1529.8433388936317
35015883,1553.4272869104523
69747407,2060.553883646576
55538576,1397.510891228697
97411049,1650.634595785218
11519556,888.1231756655556
81677533,1263.8310373480092
60065328,1023.6500747915952
91824420,2313.54852592458
72549395,1618.7164760983803
75208950,1291.7326155465173
54258616,2185.134430599571
28371507,1471.7702511485106
33800661,1677.579323942643
94718676,1124.2770084801452
98426094,1910.6991324430546
41019343,1860.0596872231401
55953203,1887.6079878653181
97258831,2040.7918883134462
12406914,1349.564281779994
54260975,1231.5319034975748
17839314,1747.3150034180082
59228162,2270.991348020342
53104947,1602.9704490030792
13405871,1559.292932123384
30540873,1811.4018654371582
10681459,1534.582683779797
88488173,1648.1007580531113
11138134,1439.0105580700956
55965946,1780.9948494870205
21024415,2316.537964664567
98633407,1277.475172025452
17665044,1881.4765548095747
52365929,1266.6461849409961
45919010,1364.8998627527092
29159751,1661.8392683422833
25938815,1454.2847870282212
31864619,1646.7225977559956
84907440,1709.154874733923
55408023,2074.6825559592776
97513676,1229.544385846869
71808636,1752.8320556442188
37329985,1505.8867613087543
66719590,2079.93090445846
19832352,1170.3376716335044
63673893,2038.1548869029757
54185196,4255.805752770842
66171184,1344.9389098697561
15702584,1518.7204905936348
26362681,1423.6381144406987
15300602,937.5733227189703
54091216,1799.3806642282354
41649165,1483.499588166933
17221791,1425.8974855652941
60925601,2172.3972665596993
98579259,1683.3023075909305
84327985,1426.7327124758522
42373455,2972.996419410156
51759034,3419.186877615854
57369993,1285.6649966285688
86174456,1884.493939937199
40095064,1277.7551558341058
36904267,1217.4951854180615
95653857,1565.6142474743003
91047161,1330.0121393837537
24858933,1359.1893920577452
43668504,1606.481373713472
64688863,4811.334826413239
19394328,1598.634118887344
90928544,1889.6362887824778
54501975,2844.4900609774377
55816692,1438.7837621277324
54235055,1458.3528318503425
54802075,1784.816925632436
44582261,1477.4510700954552
30580440,1325.7811295556687
53586985,1552.601626073434
45293131,1773.4085383730453
61623792,2031.9072899044425
12664255,3998.537236296653
99282552,1680.0998864606147
57422029,1548.4923799333676
95049365,1739.8748076504216
44630924,1693.949496958686
59932513,2736.3340076232657
79864196,2692.8938750098273
38025450,1198.213327583579
43187524,1683.3208525610637
85710350,1918.0212582345102
39439329,2222.6579761060025
11767243,2153.1064998505285
40729807,1038.744882225936
95837440,1938.077934283942
62785546,1483.1126344334218
18032525,3124.1126386473984
78515248,1160.3394319282586
64000264,1651.6782123874675
70932637,1429.9908096352701
56631286,1469.901705496614
82611641,1583.1299836253363
14610215,2960.0267890380396
65282606,1905.1531798805588
31080502,1432.7511692129556
66137109,2193.530265806653
55286917,1559.8898163490412
19462876,1317.2762047991653
37235871,2270.3692188023456
53584009,1327.4727919289737
99377565,2078.9711103845234
82994298,1802.728310263128
64250472,1623.2440074506978
61269314,1016.5643326912132
26299312,1463.0116223644816
97300018,2248.645371117617
74523665,1435.9447382586586
19970243,1789.0569192935939
14406104,1305.5034321583414
87865772,1466.5686587652162
12224440,1022.2454532205603
62628011,1737.2356611136904
30735313,1563.99369682158
12214322,1552.7322119591136
80943078,1101.794020465066
89421265,1827.4047600268786
72762674,2151.22304912212
55920835,1348.158753876179
95456446,2264.34256310273
96630600,1632.8791954571386
20077759,1531.5227881169367
77066065,1609.0129356134194
47856776,2252.7574276841206
31685937,1391.5908486251985
41522098,1509.5714675564068
30032101,1426.240041306006
91606427,2724.8804889156354
22900349,1864.685633484998
43552678,2338.971392520056
38881909,1698.651055281236
77508029,1680.2203157647236
95128506,2030.5869806988721
64627729,1168.8739780736803
56744301,1167.3457971210069
59338251,2387.8856396614083
19662574,1289.195940418624
92971829,1598.621022388303
18409584,1734.1062177101028
71760159,2168.9880175424714
43660858,1795.9857764386106
77997629,1782.636727156562
33928732,1210.3326437440128
68629875,1303.5846500223179
48480450,2220.5715762656487
54283664,1591.7287944778839
65942293,1829.4036618585785
95573502,1447.7080643356057
45086632,1219.0540436774063
23012000,1676.6636620326578
45395839,1638.2039614605883
15432712,1356.0425380650815
72298046,1734.8029047095213
84408769,1745.3765758078014
25246226,1359.9697965135772
20056705,1813.315733856706
67856036,1671.6971414267657
56138985,2089.2815208879015
89984541,1420.7460211898958
34860961,2379.3959906478976
55067089,1754.8280760193875
63717753,1901.5271030157674
89165138,1450.5594143129447
22336894,1655.8714082712986
23089519,1409.0718179156013
74572156,1041.0015946807828
96120368,2543.2754995216824
70734227,1926.4904452150997
43842124,2096.46785928354
98567604,1529.4347878739725
54538757,1837.5149932385375
40105171,2220.4464626366384
12135438,1603.836225700293
73738446,1459.2394287218897
62385208,891.3938752261024
56062641,1914.403899819113
60234485,1076.0238744576243
37490148,1177.8929373076037
73644773,1573.6727548757888
25147876,2158.907803402311
98738159,1676.4316310457014
36202424,1483.6413055127412
90053455,1679.6248298446683
34861961,1723.4805627424582
40235987,1618.334580949055
25289802,890.6465627183575
72831408,1979.329930141971
62725172,1627.9370648892127
20547868,1715.2176673014667
43821417,1410.2145156301347
39911650,1697.1177554643807
76282034,1466.2010005273307
93532589,1361.0601494607165
71389546,1921.4289062881755
26491098,1387.9188589999533
63364173,1299.8761851561765
74256814,1124.8185081508177
35509595,1857.8472555985225
18139863,1869.5937273394663
68577776,1993.7709258211426
29522715,1604.941235069137
77706518,1838.6875208481617
14006179,1489.7432222377586
92579248,1838.8511134908886
59229974,2077.620941489426
62295609,2337.452145037066
84259414,1748.9433704154205
47815936,1252.4902058362234
81563963,1102.8381932434609
13005852,1543.6295076381557
62738558,1770.1685586014798
57070759,1140.025450776201
99600292,2025.0267324230097
94306787,1925.265741505061
95225104,2016.0790992289083
55330216,1584.1599244554106
36532262,1680.6388837296015
46565446,1853.1779390247473
49087723,1362.509034363242
59534453,1498.1173345685486
48055811,2470.9180290621466
88400730,1880.1287982073834
99040799,1345.6557548646476
54783545,2102.5845196236287
51521420,2290.157706533768
62125112,866.0346689784778
41533842,1371.8144366000868
37548888,1615.0615486571478
15800993,1204.495736805682
72777210,1656.8037605485233
27213732,889.555398180439
86541928,1436.5391005477577
24899277,2473.5498992413836
87153365,1365.7520940956917
29377093,1945.4245347425333
17126249,1724.1649182420158
83735200,1886.9064718140332
75294081,2085.9746783765363
50305812,1120.8455754614954
80598326,1366.9082918134018
73085224,2194.5913204812864
36011967,1944.012860787899
27344122,1415.747998078621
65167661,2180.967062058639
22697886,1352.9544853635184
79772982,1336.4924543210018
75656583,1124.0588904167516
28706133,1263.2796844909544
94307664,1598.4679262905026
79181014,2210.8314855211606
64940514,1452.9377369729245
42076518,1561.4933279036375
38290514,1215.4600753700533
12647465,1170.753579178572
51615379,2061.9534328916875
58583551,1897.4718003471662
89324282,2011.3032919076595
53391853,1610.363274633164
22488467,2083.8739197781138
77912827,2262.547550964838
92699296,1838.870750933632
98391080,1431.1080850682508
25085429,1204.369398800163
58232338,1917.914053233101
40856740,3169.3514342989542
86463099,1599.3111806081524
30661871,1428.5607144795667
43294411,1580.4190426093228
95379944,1939.3577939170725
10473693,1762.2188742630162
60542399,1819.9213595790152
52521598,1753.3513036534841
78214020,1313.5965717084114
42119756,1055.138530905424
74645008,1323.0986091524235
68736704,1558.6272898269945
13851365,2034.6261604699775
10956933,1741.6755089539354
76588396,1587.016761622144
48664414,2237.638551567941
75409758,1625.3305495494703
60867152,1285.2472765770463
49408128,2013.0938356047766
32398201,1413.169506682075
33820657,1291.1413393369091
99096183,1449.93602533045
71729207,1496.6672563850932
13424233,3107.3206601725415
69313487,1345.3875565395426
51427900,1447.3310297482928
20461232,1850.5291543137234
63893951,1158.868709357357
93871936,1310.0592893001945
63699477,1711.272164408336
96362629,1600.1360340697456
53928117,1201.3224848198013
41164553,1171.1513876871575
36908648,1758.6419433466626
29666927,1882.426407217108
11938394,2093.140878377597
52496134,1978.695384093022
32481667,1893.5051742559945
61487441,1482.488622979973
78992007,1392.6011171662922
52895411,1363.1058237864115
58726779,3498.9710359952646
20458217,2484.05145943709
60265538,1723.7029724226388
48479448,1142.5079621328023
72404425,2115.527064442205
91400370,1081.798472139369
56260955,1518.431737323751
65491665,1695.3796771541845
11663385,1285.6433718402275
18615500,1079.9379424149108
87935522,1358.9520131146528
58889457,1847.9088722000804
19169471,1955.8859352853794
66133962,1929.194120306106
66731452,2136.1130408323547
39410896,1580.8773758117902
54940054,1366.9267490787922
10662394,1329.5384957435492
80972130,768.702857621806
45235634,2237.521745158859
32971413,1002.450831190411
79283360,1168.8517300055466
67055260,1228.6489590268413
56118755,1657.8004497688246
29230461,1535.127682475005
37178907,2099.3673622470146
80400106,1627.6827466576149
67091284,1528.8180826383505
54160936,1505.2558003362228
26849200,1722.64399520017
49585462,1346.4482283564473
29429374,1484.8216737021776
95616903,1702.035526171193
40605040,1518.2527061360236
77364221,1392.6428638233865
63366619,2078.8188584323175
82932107,1580.3224977807768
11504000,1927.5013605299362
66338948,1703.1072522380182
17704772,1641.3598269119766
70406271,1442.8075229812175
78457345,1518.185287008933
47160363,2350.496915088057
76792443,1123.3625861350463
76133904,2690.93466588196
30534387,2322.8823498394004
27949452,2300.5075462225145
98920505,1640.9986572788846
79101538,2336.3595074105874
41201623,2452.965619823757
16952322,1553.8864373131958
97020909,1878.5644274255283
76043497,2097.083355191759
34495964,920.7739166652664
68971691,1390.5326351677256
68553106,1468.2824492982636
90311747,1482.9762514052509
89361909,1735.0992243397807
20406930,2545.7136448562874
38933836,1213.029145429289
38377549,2526.308821564346
23346090,2307.216506528423
12625694,1230.8796742707266
57311677,932.8621178534537
53924641,2756.699361800143
36865701,1332.0528041360028
22626294,1397.746379010148
94697405,1744.75806571259
89675917,1416.7785028237558
28055737,1561.4483709449412
17371555,988.7181018341183
31452123,2240.2245700416747
39910354,1533.1377261030127
16661684,1149.109550130269
11696365,1996.6158521024447
13890760,1524.6376307824276
23308655,1622.2149305977337
58265470,1654.3910086292865
23915393,1664.224462576455
47202387,1684.6062831307845
63170132,1535.000990566883
85663208,1853.8942539705124
11731667,1201.1137993908585
96387342,1226.6165342045358
56912577,1405.3120548683175
96546739,1546.8776681641864
56118135,2860.9156077807183
65848480,1433.967035153896
29524312,2040.5608681224319
61207733,1833.7438413875682
95068416,1537.40242054425
93730714,2950.746975380836
58209441,1587.8947573728312
77468100,1303.684473293059
94556768,1382.8436880085076
66214153,1295.469756943473
63178801,1289.8379399428507
47025809,1762.8836787086886
17223815,2481.4661686537725
26808769,1495.4780993476509
25114626,2669.1970230974
33184251,1272.7096131972046
38562723,1815.7238113107178
19383477,1368.34863204333
81390291,1600.710573473203
20998216,2837.69507049021
95233875,2050.8306712629355
36756234,1552.1223120486836
80596646,1780.725679788605
92304937,1567.4692260345155
37613954,1166.020184518524
58590718,1753.6190571891966
53992915,1192.3848131820657
54005253,845.5983535401195
68781482,1380.8204482275626
70720914,1526.106186551743
29283338,1297.5129232982117
71373910,1988.9363111908922
82737999,1151.7516641619734
38789318,1800.7936573114428
50526394,893.0855577246374
24047944,1561.6537149062708
56710540,1258.5739297131702
18038779,1564.9990301403734
87817642,1796.0243286511525
54364617,1984.7395553082752
49277751,1328.4403175500026
50647092,1214.4434294685377
74938295,1379.4047399470612
94151619,1584.3128228332996
14146499,1020.7028935752087
44114070,1861.400751492972
71013634,2024.8877893961069
92727921,1027.5214072379806
23408005,1852.1899958069698
55353418,1924.8991264393474
42627732,1037.2232782151461
52380113,1844.1747421035973
76380932,2250.9077064567678
85051446,1011.5103874703383
13441812,1193.105466735693
75634466,1919.0237943256273
77418032,1566.3862390740605
26069913,1912.770665952127
56951161,1215.1054053472856
65568116,1487.029251876252
61527594,1535.0940387296703
17428821,1528.0204796299374
23710142,721.1068370506379
95218141,2556.4262684347095
64929695,2178.1429522718695
16991389,2203.033581346419
28240625,1316.3449649103522
27547150,2589.8291324612405
66381811,2718.8640899583784
33749942,1373.2555290638686
35190059,1436.9060446872502
63026525,1155.5948340477364
52393671,1645.1697614473408
32813270,1772.0210263058336
49072955,1376.701452817977
39300176,1797.1031281110006
46915044,1735.4416928993478
59260240,1364.0663177815852
12697027,1192.9486347123936
52828733,1272.8882956315747
73335938,1460.4371385286493
55961268,950.4130086475598
13325471,1471.692000398328
29398613,1157.502124319947
27052291,1461.3047646250598
15955952,1573.3775548198573
23271818,1862.3623141110331
99724134,1561.8050945976786
24071058,1384.3391714040347
31560904,2129.9160315287754
65419988,1480.780578756294
15085530,1271.9399457235947
19942722,1856.4403942396946
13275930,1354.2774198982358
22982323,1904.9012915162477
36522599,1727.1743486373823
82021909,1486.3361981369014
68645790,2819.200849394148
54788650,1722.5718628657405
42678082,1914.1198600156386
60925510,1233.5482976093833
88286089,1290.7812447653453
58263484,1627.1303545970222
65619117,988.9589431032954
38104250,1742.0975979557063
13756583,1773.9797686725433
60053914,1349.520105509585
64871810,1683.4193864489007
58457956,1755.2762736267898
46159970,1633.5450863952894
68250229,2350.0869160563475
47390028,1427.9243377078003
32969075,858.1547374613402
53581810,1581.5637630057024
79530731,1924.7937344499917
24487509,1726.599957031055
69933962,1396.6548721726765
65663302,1493.4028040220917
12423653,2061.579575772786
58871872,2088.8420800496456
58171151,1529.591714809854
30617224,990.303633049639
69106909,1788.6609149563592
13212070,1466.347045123568
68351771,965.7418218333404
87624917,2121.2998775163346
11970895,1826.3688850968304
44431758,1622.4405828052074
16633955,1349.5449792854106
42590404,2320.640310933117
86953915,2117.6499429391006
15250738,1651.5230572672917
44832140,935.4357865231535
73698594,1405.3267596249643
42128660,2039.436663061364
79549553,978.7118650475718
71619272,1575.5104253518114
42016649,1126.030677250243
61877206,1005.0879725388871
56572912,2808.7659345569664
71598751,1248.5323026473022
34544077,2268.056262192915
28672236,1313.2555629403234
68689312,2584.2221044787125
20267244,1760.8947458422947
68781454,1360.3952293639222
27270801,2239.193624327848
37219515,1748.9701601962986
12011866,2388.964752715164
98392715,1260.6063969911409
87201351,1044.3143957300058
14908777,1058.3768806792993
34723195,2009.1883527682905
27339925,2376.56685704958
65420496,1460.4203796249133
40933008,1582.7621158351978
47440503,1093.1818953157497
94970875,1249.7091788349696
91029594,1824.7872464453797
65336637,2285.8441531348876
82023374,2110.092499534195
11380763,1605.211664558379
99699540,1338.9494473559507
52649545,1280.0427706779913
46299510,1474.4018883221936
71452565,1079.8346281462761
67641699,1014.3402240143665
12714684,1497.372714330356
60016742,1107.7266440849469
53641525,1345.6769656590816
43542290,2299.4334609134216
32126954,1665.3346262869316
38213318,1562.3538895545298
19971849,1510.4470650617225
69256669,1487.2438014164575
23756854,2185.2722814221493
62908704,1317.4587769174154
32399173,1613.2279426011203
39238887,2344.5301488697096
94428578,2120.2120973366787
52458139,1537.5665749479165
80574227,1273.9813313694435
90487261,1781.8728118554502
31852005,1203.9284260929
24086418,1153.2232627036508
82209864,1233.1181316399916
29014855,1201.5515994719508
56782601,1988.0421796514945
24702075,1386.7869530025982
74660449,2930.836555298793
40117654,1379.6291367937367
60385260,2436.129091590778
35958980,1747.9725884627908
69458629,1955.988905736073
92886159,1492.7070658961213
97734269,2491.0791753888157
19053695,1872.0311662071601
22371112,1887.7755322987641
49183639,1623.5867286469454
53526975,1318.189716288747
26290335,2221.739104675572
13359830,1423.0953942171861
39340686,1594.9695956593175
85521089,2024.1256468775046
26704193,1857.3701172907242
86626423,1763.8324938646808
80675333,2063.194468589751
38369741,888.4551311645737
10428306,1749.9658889577795
18197840,1118.1280492056128
78586780,1659.6351360529982
40311310,1787.253513228712
51507375,1500.9285928192614
10857110,1965.4139060595905
88736789,1580.9848927813812
10823128,1249.0492155618224
75933085,1706.3443341492177
87766438,2329.2376780319555
64406530,1448.950149431178
33833037,1634.140189715282
51715740,1429.5723265445188
59611801,1750.9485088350737
74340374,1468.338392275008
55507333,1938.9192525450717
10416536,1741.4978995811161
43556040,1648.9887113410296
63137873,1920.9985486059677
70387789,1884.789639302707
29408506,1189.701288682152
38244388,1594.213081438178
26541311,1209.8308659535132
21032019,2178.90780300704
95710332,1709.2996384543358
80660421,1488.877295843178
81086775,1766.1039294069385
14692465,1630.3754182425243
35590067,1898.133218784077
37534494,1069.222834474672
46669694,1263.6809611717017
68379291,1624.0958907406537
28943151,1548.7455843848084
85214973,1801.2339707971623
49160221,1121.9917942716545
57027484,2357.219735457387
79515834,1795.1203982749037
48903593,1615.5698714762855
49944843,2089.0554051185413
15919205,1107.6748970133976
89043859,1320.7190957222253
22557888,1684.351811266667
45588391,1609.3706897167303
67323319,1404.518080767433
67813677,2022.7898952837702
94570366,1864.9037065745404
99333664,1448.0133887808472
62452475,1662.6595187665546
27164888,2186.4811793214676
13777597,2723.390986259897
58863729,1191.1578889741843
75372835,1463.4880033454726
46531922,1416.8249685051721
22638297,1509.107724503083
43377425,1513.2174383551667
45061752,1523.934141513433
87232001,1088.9076945841846
99721166,1383.1698903997633
63930988,1594.2801373465306
67323116,1653.480252666732
90199043,1056.612478706538
16025812,3069.66314566385
90192151,1714.6344378739684
85194090,2721.5297186112352
82716623,1916.9735548642582
70041588,1159.7439786155273
10909503,1419.9341677015648
38910820,1995.0361528241363
67605038,1769.0363125215056
22421268,2087.5835235667914
12483701,1506.836628469211
99756084,1695.7944861411986
72806047,1431.618731887216
82569264,1618.7874421556328
85085562,2236.7739542250306
51688242,1530.3192964660495
67031304,1577.2776471936488
67620733,1585.2980780031248
15399183,1486.287687911512
83228475,1797.8227460194212
59551778,2189.530746081616
58024179,1239.2014062858916
67130514,2492.2391669786907
36292117,3309.2319197956463
40708056,1947.0392727994379
16154757,1739.0041396850509
56077131,2035.9674971023717
24589481,1983.794371885855
73507348,1093.4590478426455
98283340,1995.79859286991
78682956,1866.082146289364
48031966,2101.2004939062595
54069937,1297.1681439344432
12509398,2155.1563942417465
55254106,1372.8089485282992
99797445,1750.2096174796704
46298966,1834.5674237050546
97439691,2582.0759425715646
77392495,1101.7609094591483
20307174,2004.6031601850061
99295729,1455.8912451690785
13479279,1785.1996234237924
57906842,1468.465343496624
11957267,914.4810488975572
46011088,1375.2567657137772
40051988,1829.3890914489177
76565808,2187.9991991277284
38007540,2027.095091793217
79111798,1253.0474275279303
44170417,1180.0967522501005
81747003,1486.409279757
10689207,1523.2816057092439
68762949,1326.7076065261224
41533253,2168.650972667827
72624609,1302.5749632132377
95729378,1347.922569122508
63404247,1873.5708866891855
66851416,1492.535248908088
52878792,1320.581669029789
69816189,905.9208410213073
93215948,1381.8971649350767
82196067,1745.3140917196595
65951347,1389.099430036933
28150709,1394.550988433925
26445964,1183.073268089941
59886188,1409.1959751264312
47858132,1242.5231016145776
10617528,1454.7736082657486
26555436,2492.908514098545
75176293,5373.99715148536
15592659,1524.3802144824685
17002563,2004.6903499534853
65418918,1613.7061739781057
50328250,1522.5288336983924
29587649,1462.3524260161155
58771361,2360.5189073352317
11138502,1397.0452029213382
87806628,1606.529606222136
92541302,1404.542975348565
20045193,1352.5654204978443
53943287,1414.3603182920135
72973012,1802.0191859184333
98243897,1564.3896763322912
50425980,1162.8636339682082
53891279,1821.6256354400302
12653293,1359.7324416171107
79516817,1615.4401503662964
57736550,2036.6665925488185
68504332,1126.8404262021108
51418176,1898.8908413011766
52844688,1595.419089746585
14924228,1458.239120907224
17385055,1788.9170868931315
48584675,1826.7247642723162
84113591,2131.844696363622
24176804,2072.706291933756
42578288,1012.8597151857667
22976178,1943.5649815804675
59427067,2215.0949768214336
62214101,1565.2558257661688
31095835,2224.251402162759
61084952,2041.6518774816589
24538640,1342.8205801939669
17397516,1934.6262218668462
53588939,1142.272434813394
64801503,1312.6728625522076
22306102,1471.6249188302143
73464976,1593.9670543363925
25265317,1213.6971017003798
67321055,1760.3472989121221
52652991,1412.6209995840936
77364707,3977.964151632363
28941979,1208.4053316037662
74248679,1410.172281889503
67415672,1021.3848501842837
80048641,1818.495818311082
42348096,1616.3933570688343
76460518,1115.9123267076
34956566,1649.9642582717534
77002192,1650.9759109825116
88577445,807.6849343054417
38297974,1162.885611327081
97975641,2109.2920297080477
15692698,1691.0203210907578
83507949,1544.7470183237153
91740530,1594.7037921801748
37895673,1383.2012372401252
19139820,1903.1561068039944
89742287,1147.180638832995
63175133,1846.552705120558
52867973,1685.053613764612
16690451,1274.7647614748823
37055011,1629.7817969202022
17248647,1484.2355880841235
17328412,2070.5756229099848
63923102,1591.1576900360426
34421040,1627.589135647534
99940233,1823.4308091925268
45814646,1685.2984762254757
58613984,1232.1377870776714
31285738,1356.7040010126948
35071743,1558.4782466806384
52223959,1614.6808463232119
61904367,1134.0000776886109
31525138,1571.136114700001
73171290,1308.8307765172037
44582195,1476.3685794453752
90109527,1458.9879672685536
26952082,1332.6882615055338
53620380,1366.1510173034728
94287883,1111.558135630172
77186365,1651.2383870600218
33864808,1665.202735803888
70959138,1965.5706596475463
52099246,2122.2987369270577
22249291,2002.8353367345724
48803280,1398.8025931753384
89982531,2092.78807074555
64289923,1262.022957847911
22000557,1449.2256731657114
26219747,1254.0701721268936
31130738,2214.6582886323627
32445244,1147.447823514163
75236281,3156.544675672545
13587715,1364.8461358603697
52514750,1291.0856429587154
90786271,1873.287899720178
15005065,2202.905780963409
20097518,1148.9212106206367
50625868,2046.884812982482
84412981,1548.151069841334
92773944,1939.807294378936
25312123,981.7677016364188
70396417,1852.8329309650226
54865863,2566.418213382998
35803808,832.4026597064209
59597265,859.4470748231992
93311848,2284.3281603404107
32340446,1699.9081296566876
96794801,1594.615842886565
40380864,1368.2100895619185
82007689,1856.0582205561695
84851707,2302.0766270691097
83174692,1971.4200635237987
59083400,1826.0252044327178
17580169,1260.6991223227012
18219500,1389.9652113540835
87811781,1632.4627625667479
14088369,1114.78351319439
67659430,2288.5800157454432
42456496,2226.0094638535315
87353322,1652.4901214654765
13917344,1198.3332672627891
19886405,1517.7203380994135
77800166,2206.654156326736
77068569,1836.5688106500284
88362858,1668.571467808385
71241476,2622.0758129015085
24814654,1326.970788073117
46691706,2633.1581871563717
79162545,2074.39683803387
42908985,1727.9826836391755
74936566,986.7272793857743
19620916,1891.5670005937088
54347722,1512.1318330808242
90271799,1564.3080292528575
25414359,1351.8664941530676
35809369,2591.9742328245047
57731323,2356.085284300637
37887687,2215.544814255341
76623206,1513.6749652236501
69954876,2375.0838970548048
78180146,1952.7711772002142
90681578,1453.0013389248359
41794614,1443.0841944222673
83295852,1897.1509299508941
31156145,2595.557956985942
62711916,2287.512303773161
74676618,1518.2354824705617
43248708,1739.6110458206704
69180825,1514.6841007614476
75624999,930.7615849015888
37667208,1180.1683152661974
77810578,1394.511554531124
47115768,1791.3263957253369
81589304,1440.7055106472865
74472711,1406.2883285319986
82711188,2116.013346767148
55272778,1927.1691313639749
98229885,1243.349411199196
70058028,2049.6265903348135
90729377,1868.9390784364641
13401279,1278.8437984011716
85519612,2437.9209301367887
17006769,1573.9775171982583
99888523,1376.038253358375
22354297,2257.5556265702267
43508583,2023.8806286691486
96795828,1469.874726096591
96608998,1941.8964467909555
67452091,1323.8632704645877
40571985,1615.2510576272646
15232782,1602.618074042058
86789043,849.3853662054648
14046478,1757.1669290537873
45515801,1488.6081116493467
26318506,1676.4165760786957
34584473,1328.8772984290922
15369631,1953.0274425108082
26479383,1311.3046726423142
81346470,1031.0381638607391
83197984,2094.029729498628
70331904,1172.4115854287554
78907246,1692.2975504264014
42709019,1871.160932773237
97184353,911.0851620697572
35589537,964.8730400207907
83942112,1321.6595132596783
58293013,2187.002659561042
78567689,829.7437419122606
88610012,1887.528474293282
68628621,1740.9901723826297
51584806,1210.1394971289758
29419986,1321.1978981572736
21476578,2044.1156531764402
77370060,1547.3417146857694
33607448,2572.428462810967
47890072,1448.8650908972907
11234362,1228.2813034876917
70681971,1113.5454756448778
45196219,2023.4885625845154
58136807,1540.6523452576719
21383428,1934.033919443902
38088367,1736.9611650309962
57071133,1399.459511329822
83834449,1769.1516028155963
72194210,1334.3155452146868
14582584,1410.9185136834556
16017322,1512.9789040000858
18598541,1327.0117183558414
82812670,1466.7556755346322
53563234,2805.8360910956494
63779141,1657.6055033195044
70854456,1719.4497232165568
83535660,936.0308866591744
51099419,915.4579765938555
30503407,1384.8986328484673
90802363,1265.315643441691
84057874,1261.1530406497577
93637941,1335.970429549202
33888588,1239.0247648751072
78183407,1600.318942667851
88497510,1647.6990119951336
88829918,1540.7703493166603
72639649,1699.6931513989773
15627595,1773.6514101476885
68832460,2619.6142564965635
31734310,1063.9398092891302
69212161,1950.8808126565807
62980146,1407.4553227000833
69972227,1806.4755831587888
53162285,1144.94937643455
10963473,1722.3563891096248
65276908,1350.024646281778
72611634,1448.5231880251638
81292347,1522.4055785021662
34705944,1301.5746138995428
54322977,1388.4989298682704
27155431,1299.57323555874
61373056,1600.5954274778235
64530093,1961.7693533735207
44187538,2566.424663709146
29110806,1237.9398499036943
34026881,1566.1111065647117
67734035,1716.6763561934097
90355788,2027.700328850681
76930932,1359.9890862630537
31194080,1428.453758585796
26948420,1494.3672299674745
60117998,1475.667372364248
23540580,1866.101270315078
29255361,1689.1503135611435
47322059,1396.1700468394854
50570727,1659.0932540314607
71874386,1242.315583512275
27325447,1216.7392049299876
92986477,2515.5364405491605
27856293,1631.710666353543
55159001,1599.4133034756944
88660196,1732.5914191489671
82148252,2222.4709515721597
15421314,1809.6966251113383
27620141,1450.6886397464286
12348320,2899.82710112349
84344897,2292.139296023066
10950855,1737.6704177000563
44290434,1566.3582600395002
84843689,1411.7385864955388
85814690,1228.5242934252756
60406086,1086.6242373694297
35395832,1853.1391409297605
54621645,1471.61376514929
29154162,1506.6375832895512
40230589,1033.938213398267
46902130,2352.3264225550524
70579622,1955.8650647109143
86272378,1500.2506545835615
12294631,1821.596170331962
29412564,1291.500715426866
88089176,2170.553131326842
91193188,1489.0849366630182
36523137,1386.5105914640997
54050884,1713.2276037658994
19187985,984.1785759145705
91884750,608.8729403347444
77985469,1078.2199467869689
19362736,1319.2393383237961
37641826,1222.469114712727
17997673,1563.8446046309011
12296621,1460.4973091579525
94210085,1393.9417463459447
84475360,1645.809516220884
44450631,2476.2323098093248
96917819,1801.4201970889908
76581579,1555.7510226664665
16376842,1100.1796909410812
20378565,1854.0998720177265
67149501,1351.5208691877124
74149592,1516.9142448100004
55437574,1192.6936832022107
86258875,1155.0506838774697
25154125,1543.422708282157
64289878,1322.4034557368207
59484061,3493.4256028327036
39600891,1924.0773587134875
40907835,1300.6523243927086
47183606,1470.1464239553568
71132260,2237.262552653319
19424487,2030.7930603794803
35720925,1507.4641806455118
74210516,2506.2648607573906
53089641,1697.1109466793453
27778699,2390.5184085584992
73489375,2785.9230610119
46042524,1089.7129221337038
59554727,1633.9908040426708
31273971,1609.6925842981643
31543147,1195.7997659277844
74490349,1550.7421860746697
65190591,1075.251753351251
21122660,1635.8533961299033
54597323,1865.444417824081
77569150,1216.5689833200497
68093533,1397.1193586261068
87099884,1026.9559891023082
64825958,1098.6174673386915
27545112,1449.8217840736806
87791632,1544.4474112207902
93384265,2028.5677251880795
64047299,1117.0458819626426
23357980,1475.184619379396
88585802,1498.4188418160345
26754357,1887.1142694093742
99964380,2468.096801609603
63611208,998.8690096344684
10618556,1119.1747211323234
12155276,1527.1622399010903
56528554,1638.0915831497941
72203638,2350.4278252181116
48174886,1830.9008617577408
25749233,1887.2264105399056
11912269,1188.9862362960937
14181748,2104.8043415180323
77013810,1826.3588940242082
59885886,1566.287108869111
92982194,2439.687467933943
88065861,1598.7465425491666
14857189,1858.6023012770709
60358916,2001.7362694651522
72265262,1546.0701434937962
20471623,1639.2970414449603
88951362,1466.8969426562182
22364003,1708.4910977875195
85137999,1748.9904417614352
84176549,1743.0007682544408
25849299,1374.6597470367713
21233903,1674.5302474343582
95963515,1529.1736344398905
47630408,1573.0287663809697
38763223,1304.2063190997344
34812513,2071.7329772463386
77372953,1099.2314676547242
74724495,1916.0910471274917
34162435,1727.6780476597735
60046268,3117.80531314503
19475755,1467.470214877887
89620481,1233.726310259031
26981207,2286.4066761166923
13918048,1325.5450516175074
36590125,1526.7431838773555
78119113,1018.8026126466616
43245514,1672.662335912378
88082339,996.0504226132811
62738760,1450.4045395147998
55254407,2664.8469439512905
85112378,1557.1835207517322
40490983,1221.5821671420442
44048989,1612.3215536188745
15551565,1636.8546158799525
27681538,1347.8070686922006
98232104,1257.2963476104628
14018289,1465.2351812808195
82522150,2607.1384851854705
65483357,1183.2095046960505
94158408,1639.173688115308
50266167,1858.1783171570805
28805175,1974.0704468586966
93929668,1104.698346496298
15540290,1620.3723446677238
98661090,1560.9765500448918
50074109,1670.2972722269685
85017115,1412.6958233522655
99914220,2213.3855414158406
76334714,1553.8399942991384
38140938,1527.241272168191
93933852,1225.1882405923016
13190892,1575.4552408032748
67747085,4004.3799072823144
96389355,1826.1934481074525
42380180,1229.6467922992922
55522772,1579.6562253807087
18839853,1583.2019041594885
93030803,1680.994905487468
19574384,1547.0498770006986
17501488,1452.7354646740605
92757638,1125.1308052251577
47546392,1614.8112529410366
56569095,1811.6639842143784
34392418,1717.060362489433
49367171,1783.2873696370254
37669142,1360.367649365886
33580264,2032.8615693801887
52617381,1440.6784627340294
13011861,1479.1871452009682
97498208,2108.4144302442996
53388262,1554.9160306974284
63018369,1618.696469890231
59266953,2321.51593889186
33256210,1510.131653361199
26585585,1482.2114953913613
43342989,5419.814681250317
81962175,2406.6371120339495
54752385,1521.0499182130109
12906623,1093.699418645924
12144505,2469.884438817917
47329191,1480.992602127858
35302686,1648.485284142322
29541158,1501.8106628436426
80447228,1430.736731251987
56399590,1669.018430926512
44327442,1545.6471346923015
65756284,2330.635095346499
13967851,2450.8842622752986
33766889,2192.610071250775
70886578,1398.9092145706725
85448456,1591.7941482402068
24208719,1461.1170202239782
72059158,2005.9478756781145
30666083,1482.162274111398
45090209,2059.9952009142785
79520644,1996.9956276171495
41015799,1698.399390972177
22610356,1061.0785026902788
46940244,1221.701062571781
21443863,1249.9685484780546
63769088,2204.6769774463432
32298027,1482.3590989454815
26046152,2087.557943566034
60326272,1430.6861742178564
24693880,1717.2016466137202
18317166,1881.5156517081653
64265688,2302.4905451645404
27910854,1280.8404077223274
56810750,2145.6186084070537
97007881,1282.91425152999
90317702,2727.247446795116
81231529,1601.880623016673
85899649,1506.572186918115
92087175,1372.1808672784737
24070483,1549.5790178820027
87629146,1123.6091145058679
11101794,1475.1216496050558
67889079,1636.5101741856417
25576186,1577.1419246258508
67657245,1770.3381358157692
74992266,1533.9941958091729
83091668,1537.553845830129
41547362,1428.8808996158084
75141878,3033.738251071416
11562295,1010.5487405314861
23748006,1550.1935972090976
89825179,1381.3670746960472
46505766,2669.3118348972516
36098274,2094.370470223252
61326956,1987.6919382152046
69020339,1400.6152755507135
35844282,967.9571512320367
86014291,1728.1631231689462
72500654,1393.7654142966378
11567986,849.0435154158589
95910506,1040.5291297846188
73565600,1880.1986845669155
83729347,3802.1033724132685
39689433,1217.6821364921861
26513864,1189.1161094186211
20449852,1526.935816292226
10382065,1557.127982866182
61096786,1212.0353268047475
40823824,1623.2389672341294
95687753,1133.0984026357908
88043962,1947.907832720691
43192291,1719.1083681994241
18631499,1541.2753500696792
27194752,2528.0210472893236
48023684,2556.389216367113
76180232,2128.1972620861534
99345059,1562.2984128766027
46554999,1406.1914847670275
57537267,1439.8826970672437
72087202,1348.399446812724
60008708,1366.8531463806182
13534295,1338.9779956327877
90971189,1868.3500227626173
55662480,1008.0297100477765
81189360,1575.1680369852113
49401774,1764.8421397534782
12131946,1728.816948043179
78732926,1891.8132730557506
38392538,2259.6762456814317
64273801,1479.481951643156
62858255,2497.0112754295924
13288053,1608.829148261143
80940080,1001.3304409654334
73197703,2229.6643039826827
88918806,1631.347808044378
45088467,2140.621824214902
42105313,2081.8161917327902
51515302,1540.1567489096858
85071892,1319.0649510024944
23401512,1301.4291985379775
70514922,1391.5725426030876
53367560,1718.0485029229633
30799466,1175.0831098662277
87442307,1475.046883259909
84081332,1662.1319199000163
87505658,1060.6364407759722
10151086,2006.7980664212744
19254776,2190.4331159135836
38019521,1355.140072382367
40151098,1831.1792861870263
75965212,2248.533222546076
38667600,1257.2789603236877
55646285,1489.8339820818737
35548301,1348.165983451306
18737005,2325.090483249202
76771390,1690.753028689479
23778594,2611.2062253225963
63739797,1276.0770125196068
40559434,1869.2609673036739
15970404,1394.638759079354
41963393,1636.8287306372822
36850376,1742.7748513063436
30703622,1203.6868542869213
53681130,1518.9227265309466
52524172,2840.2720884444066
78986568,1723.0225571422916
60868659,1676.0145731401492
55970571,1383.8839558257168
69603000,1271.8131100636433
24475423,1197.9615924507675
30105284,1201.1875804221665
42638975,2509.38653286794
54205765,2246.4038317640875
77026950,2172.9831591324005
55738198,3188.2183697296787
49309757,1714.9457083744412
52256145,1759.9191399912927
14972722,1426.1845898372442
47613103,979.5006881937235
31244414,1838.781812480576
67669646,1880.0807489684792
85221335,1560.7179947849027
29598209,1411.6213378576297
64960038,1661.5708853186886
36072721,1949.112080207214
48855526,2156.3993965767945
40290168,1424.2955593112717
84094689,1809.10355364877
64780070,1425.1077008616828
62238032,1581.6429315582182
44102009,1951.5853702853758
13443938,1495.338934573637
27288438,1195.5882731058944
26505769,2016.387293056762
62425735,1879.083222965977
41742405,1946.9442374311104
35508108,1492.665187273734
67267851,1517.2801095755094
65786198,2140.891734308736
69652252,1475.679261855821
78338794,1808.5819894287124
98205508,2908.1001226047424
90079134,1841.8810396632127
89240929,2403.86924664432
59365630,1311.6907134079347
16423455,1541.5093057820166
30410578,1378.6742022919914
41943183,1904.4352697366546
17181615,1329.7519773174236
31537031,1610.1929715520725
55634963,1379.013938021446
14790401,1728.9403571259547
49470022,1516.0129169540385
68137744,1992.6981282696481
10800640,1257.48389553571
82878129,1393.4100317378345
98099360,1856.3369520348144
36414556,1894.2989961337287
74858657,1109.291775880016
41406039,1417.0818137314484
67297495,1303.19003982261
98019387,1755.2375070889873
17133275,1489.6613685293507
44434588,1165.9106746840898
23385843,1643.5576770539092
51805988,1644.3050039111895
65443150,1796.713748842881
77624321,1462.6593179633471
80056192,1524.7371671393178
92008819,1573.2595557086715
78973038,1017.7233635430656
36356168,1739.9776486046082
23051465,1374.4321132435623
18225590,1615.529449783052
30705007,1536.616208412528
51916309,1588.9520563135075
49014177,2074.789703751898
46939883,1633.4762628000215
27552020,1324.360369136002
76064439,1168.637413140861
42732794,1898.314255854236
78185687,1028.8204257188183
37150067,1415.7459792352838
60216204,1436.3090884826634
67861895,1852.2883403229605
82668831,1170.7891245971962
26865256,1403.2814441922994
20296005,1648.1888992058703
91164112,1498.1515412034107
48751412,1631.0037178985813
92672083,1882.8941934856036
66451503,2071.873294923484
79223008,1392.6719547058917
86295795,1297.1779303016765
12188395,1155.3921640349681
33148873,1194.0959900991672
18236078,1752.7203586791984
53763750,1175.8828561918
90278346,1702.707304026897
23921552,1507.4586648802335
60806947,2603.646855278756
87988487,1180.4623198021231
33594333,1442.752438505296
51767697,1532.5218130014791
76176593,1668.5610408466866
20106678,1804.547803898039
89323122,1273.6645502324075
15084276,1788.9546923484331
46737280,1972.872345912929
27725859,1195.2634887723937
47502584,1473.718037274038
89375361,2409.187129172384
54279167,1561.068649109495
62834953,1158.4126468727388
51358955,1623.8425600445978
43105700,1523.0370511191697
71610282,1302.3835475168812
79952909,1962.7756371854414
86913278,1294.6698427330455
72344233,1971.9903724534372
41143291,1148.1590443794646
47312733,1520.254631421751
73376655,1566.3571974157724
44219943,1068.4452415723645
18665144,1372.0521255726328
38016360,1756.2349795482594
50277432,1447.4787013611183
14668690,1318.1661454473067
44041678,1808.7358245896987
68597599,932.7176627547219
55600173,1693.891239721201
78109218,2786.9862809213046
43432402,1975.235441528974
57793276,1703.8955843498559
82143513,1718.230876775654
13373907,2567.1123553273633
78336625,2242.734433459894
51821030,1918.8241258458117
57620512,1031.8216693382535
94840760,1448.0414598944592
71866671,1647.8755422374923
12967437,2793.1205023082584
94620585,1455.5127744171539
45148967,2156.401628681884
28096166,1323.7469426227055
76948857,1557.509864754503
44584760,1187.6960274832902
36577484,1923.5466470417887
63103602,2726.4532677241564
15647671,1782.198056767831
86020607,1962.092966932453
80235014,1434.732101071928
40496834,1203.3892797685291
98549441,1695.464530237696
71915619,1730.6268116994172
27813348,1854.5599082822428
48090735,1599.3559611954058
91818207,1909.0097565213612
12597429,1339.805657406013
99318296,2232.063370099369
38085169,2405.982895887768
38823071,2037.1697458731999
61630311,1871.8182950675528
78195551,1933.1371885262645
88131419,1485.696841805562
18300026,1498.8501091422104
99585455,1996.6277603406809
51530595,1965.1933630942538
94166971,1428.6007807232963
13633057,3266.2356215952045
68298368,1236.9395676502147
69215865,1829.402510035914
30064972,2110.1273329218825
96997224,1609.9527077326181
45138943,1233.960891460942
21749235,2167.025951406838
62856234,3241.7063883170063
23982292,976.9190593212965
17686144,2191.1106966290877
57256437,1877.8339167825186
85469927,1561.0745733825781
14451732,2220.5565722171027
85268432,1499.4064574200183
64602955,1292.112315438666
74101500,733.3858226290328
80083521,1467.693971463171
11433359,2400.7550983139204
99198713,1253.6511981568613
12281135,1343.7619388978364
60094475,1517.6781793583705
18817746,1354.50396538085
80803307,1918.7544317625404
50415370,1413.9067263206118
65098425,1637.9415017330941
52785060,1313.581498368299
76797423,1506.3816367142429
57752962,2250.63154796315
30340212,1565.063101479929
17309152,2562.1739130962414
29046975,1837.659574218439
58339630,1644.6106486101137
38269849,1045.3828689733164
65498444,1435.0524764405018
56278811,972.4568636187736
65904109,1249.7396350923925
34436387,1983.2593865338476
83162633,1687.3187283413292
41922575,1354.7688363514342
67606284,1452.1042561687148
74148614,1393.2709760452356
31898202,1571.5096442891709
12816787,1883.5508057536824
73390625,4404.711832004973
44602780,1604.9082129229048
59497966,2251.494147398321
33304284,1601.7456389633771
70931726,1521.317027615997
44381487,1362.4465483383794
55483533,1581.1499706772918
41096987,3056.6993881959115
60844342,2697.1303658260526
46382270,1091.1333864984824
41975761,1415.523091300758
20086347,1283.1409875808333
82572177,1662.5083360015244
27871083,1181.8076660182157
47060550,1618.9907252233145
44062914,2131.4621692425826
29352791,2620.095566858909
42368060,1486.384285274589
83186065,1745.2821945670487
86750602,1878.1552481654335
18043718,1294.4040505178466
85319365,1404.629782810419
93521329,1399.65612134945
68774400,1617.4025932998532
27686846,1610.759538724763
73144512,2463.1081826731693
47707941,1420.626363179761
91947483,1435.2397977077237
54467473,1911.261055397353
25827075,1500.6458408736682
99472188,1565.924030942466
29814538,1890.8877237433546
98588385,1318.6328385245863
15032563,2493.1987892588786
73738020,1910.3137240022195
11480212,2576.8503637778667
75221745,1636.2706462745064
19968090,1574.8181543488965
70404205,1376.0470855289157
68659791,1707.8332986002154
33092757,1055.6068201163291
78193594,1896.4009274837244
98198145,2379.676390022132
99767011,1723.3122100188746
56688046,1547.1865219088652
66475382,1230.8957566110091
75692782,1765.3092634779787
26808729,1650.885068452264
32171695,1441.119991189341
88456703,1578.1588857304298
20999557,1405.4886718096407
28934979,1433.646948641257
37107836,1544.1006410489292
50278467,1535.0250114580367
61940174,1431.1004690243851
17559774,1647.732222023833
21430086,1884.9504247443735
10776426,1346.7118870265824
98097088,1778.0451131426146
43113087,1247.196194328223
12862019,2482.8646333198367
44592366,1150.3215819873412
96886172,1516.9349307810635
96480201,1068.759416583025
85983502,1562.4659614683562
23038927,1011.4400121059738
53573032,1868.9433008831331
34553934,1556.8073974555525
51249487,1580.2760492568661
85349173,1516.6532047747285
40895869,1200.2692661833642
99256510,2207.8879634154414
76469230,1421.7216429405883
18165718,1949.629840268067
96264289,1444.247025394221
20452221,2242.8031648556203
15739031,1330.8687317253202
75157790,1584.3366469442055
28901434,2310.4327091006135
98941473,1483.489082826777
84489512,1228.5596885914013
11168890,1989.7050227026332
45041073,2038.9136638028192
85582491,1532.2239195836535
14863106,1600.357978018342
53607444,1285.2744481222323
39640829,1010.818681714189
83896205,1299.5311264343845
66887097,2082.1320681288385
54562627,2225.082975747351
60923346,1791.7535774573698
85626709,1369.4885850995427
11687354,1315.3789877955917
99055900,1338.7613348379375
94176139,1988.7294846157638
65142810,1409.5847813407443
21025866,1497.8792256543509
86231352,1550.0259771624371
94223565,864.2879666591394
53094412,1825.3663410990869
16579300,1849.7453803745836
68788821,1574.7624760168735
22347006,1391.1928455040143
89447420,1635.7624685528235
92132840,1716.031394447781
61120099,1465.6920854132559
66390529,1707.676571071834
36752526,1836.1657209738476
28673093,2492.7443967237464
60187719,1407.6084355194628
47937195,1091.9768522616903
18528428,1771.0163657903277
72855294,2251.3636960835447
77314174,1229.3651314679184
74208091,1354.1088348796068
25265856,1195.34204918097
43541187,1918.593233621256
22027673,3837.4434512165135
39533389,1528.1864310798294
28548263,1685.1148589231786
78891989,1473.485967166541
68562696,1690.17309719912
45297826,1889.578316628731
14532340,1631.5690753901838
42487332,1247.4223748921074
79497837,1091.5516211245583
48787566,1421.7674356710756
43024895,1336.8442219402602
54043001,3003.1266529605796
18517095,1141.2615875255706
42190640,1612.2837254627066
81702926,1688.4881058643161
20584669,1321.026914227047
48104361,1313.496291514056
95781341,2036.438918593026
42595500,1382.9945660533133
34081689,1371.3279574001515
18465181,1628.123229782348
87028165,1173.3335078987584
25157413,1481.0839839710154
33500861,1666.9878064430068
22501784,1852.4386374096314
90954690,1568.7443509955647
12079890,1263.541443361674
24560931,1467.41765175412
57180097,1596.549300646663
53805689,1273.1030259516635
54653374,2132.5098928113216
79714919,1587.5683598968365
52629831,1141.995564735441
30315883,2111.2846965711547
55900800,1534.1418562619062
62528560,2595.7296853693756
17439043,1906.077062511127
64302335,2309.536111989752
53498595,1509.3633268352216
92248005,3330.755619328891
65132848,1986.9804928167803
54712644,837.5152600723553
26501578,1142.4577625005386
57973578,1746.2431196749683
64849387,2130.3889758093887
38331875,2169.419193647603
84564845,1340.2986178168037
34335614,1624.829788689213
18851658,1005.1816051819496
10997678,1348.8282983832853
40768250,1268.0313859328478
47646719,1315.4879740919716
92937467,2091.447983427718
61661397,1720.4966944260439
48317061,1334.8400175600225
97216589,1618.3422720060807
39977323,1437.2428813149916
46445975,846.0309663821023
94283551,2071.478447654963
49677766,1327.9383182481627
85991335,2076.870341253452
23059563,1808.62053476437
98641777,1545.917944228857
62115510,1168.3826884320172
63322573,2156.1918209801966
88463974,1579.501582401456
29063398,2212.518121211991
94756964,1676.730916749322
84286445,1458.0717363404365
86644899,1508.0196993108548
58366829,2971.5010529968386
87935193,2004.877373600196
65710078,1213.324133539144
55211028,1091.2976239771176
20090342,2239.636146878489
17885846,1813.087127287159
87917108,1663.742134972327
35243872,2262.587409954162
78681572,1461.2854520666635
36496663,2577.9468025076935
88567292,2552.7948833810283
90883683,1686.0695855511447
77163639,1717.6650879654633
70680981,1696.7713547042006
72230973,1394.882865930865
13786940,1699.6345719157428
56650323,2072.843205866774
67337097,2026.0464206270642
65297160,1291.4873073790166
23393351,1075.5408565261885
43711949,1915.0272989136374
45998905,1763.5141537589732
94413146,2154.6377539329915
30684529,1368.9699852526148
28147355,1595.3523163840684
14737001,1553.366231518068
55758535,2655.1854771849153
95914131,1633.2967796264304
95400320,1258.7913936462298
29157079,1468.4742711401962
34838551,1251.8137074348049
79573538,2076.621234760572
53853858,1326.6852454717625
46958037,1997.696583038407
40355076,1325.9585832255943
79162800,2058.996703659545
61449541,1702.922774119638
68870249,1038.8722001727733
13256146,1970.7485763155107
23687793,1020.4622629109545
49330994,1923.5136014815562
47955268,1657.877413574799
24572229,1163.5773355020003
85493065,1512.9957782740155
95994562,920.2589081177911
86822089,1306.4131490609154
38878729,1239.7752950301317
83459912,2815.761214829887
40295244,1497.436482023687
95702507,1901.3094285878578
97865744,2176.81844640397
81724417,1397.8396624503348
22296895,1424.9430790647427
25100739,1590.9882108566642
11994578,1353.409132654151
43823713,1712.636109066677
57595389,2617.808229793139
37162594,1813.0089241850271
51432674,2347.049197845113
96977947,1837.709614042031
69353041,1426.7717362509757
97471377,1064.3792328185718
78888703,1266.1967019263077
58472902,2444.8964105099076
77647159,2256.0251694211534
63649430,1480.915749073368
11295973,1633.3342949966736
11886952,2240.8840135845753
31115337,2100.186150873733
53945582,1508.9402901088815
73391100,1430.629774599084
16170017,1330.033651702336
96391937,1492.533161627194
49663888,1516.4317084437528
37966282,2164.382861494609
91789209,1546.3280117590018
47228126,1490.9042595920464
26588476,1045.9085446492595
87591569,1569.8055383253593
15315145,1782.507319627618
70198893,2112.992486068209
61666968,1826.7103009337043
22175686,966.8139630812803
63396595,2089.8331572965594
18727617,1795.0887873517822
19777468,1313.317755746243
30527873,1402.8060869316596
95114158,1046.0838432383562
41739701,1415.0258431521688
11369670,1194.2204558498252
74973026,1386.2191360868426
73622781,1707.2436287824657
52281834,1397.0826286800846
16897176,1746.9487455680799
63339672,1992.7630105997885
94319057,1938.2415903799701
89357552,2173.600638201393
24886317,1502.3049357884202
59666869,1341.925318167975
72430983,1690.388020985368
85345596,1486.6790069966864
24218852,1429.6032198035257
82044920,1781.4244683349332
28204462,1339.7841512833852
25544623,1806.6776966250043
98645538,1795.202029895381
35786181,1248.3550725500872
56759514,1516.8772592765974
94979414,1414.42895925063
52508190,2147.908473585198
49317061,1711.9346988908062
76293520,1696.8429112986817
67067662,1747.2453387007126
11847526,1820.1917438444355
14139283,856.3467436830315
35602964,1790.0286111546118
61092334,2384.0385550536
69270579,1014.2286941283775
47517321,1866.9020155729474
10542988,1603.1691843660292
66912082,3041.9973514484486
42445139,1985.9467788312013
73053729,1331.1538527997948
96699423,1261.0248033352907
18843679,1828.6733111665064
86433075,1555.0909425129792
26883104,1357.2595844211248
19601132,2133.4653433106755
37017650,1408.105963250359
83138933,1490.436804265444
73247661,1591.473178791258
59307450,1868.8147717895172
31131827,1348.4815667955825
69966233,1698.9023380876117
40243877,2402.615852242509
41951589,1630.4035328751363
36031262,1713.839971426695
42623413,1982.224914983519
67891203,1962.177415412357
51970188,1710.9391870638992
24213498,1475.7592655292374
96242069,1914.4320963481116
41943430,1882.7329685551115
89189267,1216.7973364545358
19898345,1112.2293213827645
60572858,1412.0408509129136
34988552,2434.7453791882713
91110384,1624.348346007182
75957507,2102.586602929334
64422949,1382.7949705728442
93823627,956.6978678725654
93745711,2067.3927964017244
17782008,1144.5969748841069
40016743,886.8727300811173
78676337,1919.9720123895095
96591242,1626.3235134325257
83545822,1319.8214967990505
89501773,1123.1093831883493
19293886,1645.1368152354717
58534753,1605.639550001094
56198063,1468.101489764338
60777659,1755.4907252168887
65431978,1231.4779805116264
94604898,1603.6043728782772
76197738,2262.212944654898
81980523,1773.0599607633178
41676275,1357.2557194633637
36497965,1635.111951336827
23177824,2017.4247761719687
85192608,1231.431262320581
30289672,1561.938208842895
98138275,2338.288040498728
57817320,1121.4859143002418
42234307,1543.4511181225455
35893634,1237.9766734676639
18195993,2129.0389350113146
98403244,3139.4477983946636
63004294,1458.1662374360046
54567579,1878.8680801311482
91568379,2481.7472819754134
82476880,1294.3805142065714
55652262,1239.9178265724204
20373341,1291.23007323628
58632297,2034.1022659394869
24786934,2471.1047250219476
43722745,1727.3322022121974
87508719,2257.1690667966054
80752603,948.930545580069
16698668,2145.0054988447846
78798734,1607.5305090980785
18461999,2274.160959283077
81299277,1676.5313518879702
91417891,1546.8965619133257
25190830,1843.6491070789289
73164327,1024.326790272823
92759943,2241.810199015193
18785269,864.0189251115662
67717385,1678.062758877827
68136920,1903.8386748433397
77810360,1592.6746204463434
62012820,1661.3731168248257
55983128,1456.6842858249754
28119370,2252.807599420906
34978717,1469.0694046651834
52374215,1332.27730587181
66651771,947.24568526777
49306420,1850.5925438207476
57524470,1898.0644512788294
50884173,1909.2738755472049
41477733,1591.0913993471822
14875840,1748.0620909410143
11186021,1234.4046634341398
36355598,2224.5412328261227
54557949,1893.4589537243155
69426516,1618.7264783768471
92092667,1958.0217680190544
52668902,1411.2405647150563
63561915,1206.9812694406771
11154750,1920.9108455069156
48765039,1311.715623058334
91136342,1583.3060531731535
41265217,1441.3817363899127
25331950,1409.2258114515218
59339185,1650.2568135788424
59925803,1110.6668685698867
15169957,1426.835584887267
14437249,1751.9405926020706
98971521,1805.7734342469637
26418410,1568.2678041799525
85892267,1853.4848313687035
29358885,1118.6142445598848
90069301,1731.6618248112384
11408026,2007.8561123974305
77952900,2750.7145296079507
83752708,1961.6503569645731
15243872,1462.4916169911382
20649757,1241.7840072564493
94157069,1053.6112600340064
80138291,2481.595652931832
79658232,2330.5714360568845
20876663,1448.48144701979
66248879,1707.1055803713186
98196787,1670.9467047224641
11070217,1176.0273111346398
54123194,2056.112598378284
86862821,2769.1846528294204
40252559,1506.9230937825344
60519623,1184.7854892442401
11098932,1589.5893247747356
77544004,1851.386812895528
43855714,1609.9689005877383
57112829,1516.9376756580562
69104738,1335.598820751639
51426009,1577.3598361720549
96759585,1445.4987592142088
61695552,1523.414644499814
29335973,1317.4211635925888
86711404,1710.9698485454498
96132003,1364.7051535240382
71930157,1403.5967955905264
24207989,1090.1605413552063
81239737,1147.7434183941516
19246532,861.0302663815446
12541440,1260.4811558756771
10876544,1945.7241229334334
11012723,1686.5744450637183
38854043,1227.8442499350683
78679072,1582.8513602861103
39567200,1696.9939333399532
59107952,1585.9117552237767
79981461,2082.790002632134
16385065,1691.1211590034225
42418677,1681.9280851703154
26750207,1515.766136762286
92430939,1654.6294199048762
22967094,1397.5994955914011
40195159,1576.6980124398942
72466218,991.1558631127538
34482136,2370.1480855772897
13940540,1558.1727857112157
22725269,1941.4038497503
78995555,1622.2508504786595
73638726,3144.3690019349337
64722395,1466.8507614350265
89563722,1535.1791509423795
32568591,1917.800506226067
45801232,1823.3686525125902
20301291,2117.8964813840726
40244043,1710.9917154561192
64129406,1359.9234976305124
72297320,2237.7798767835125
13456518,1962.0133323385353
27325248,1384.924151118151
33468754,1710.1570520528348
60910395,1585.0379775432484
32681832,1874.0537707954184
21428869,1645.0980795189726
86653666,2008.6999945012947
32786522,1237.076665491358
64027869,1381.6060676155068
34126567,1469.4084234282016
42278394,1893.520076702307
95376056,2339.7668020628457
99562015,1275.8311672121565
15133980,1523.853583091917
54026308,1227.8358079326556
76441994,1500.8616710437293
94110128,1867.19525594257
20201258,1716.1784765163286
84604326,1823.6970647203852
27309117,972.5013928277131
85307886,1007.9925926472009
68918906,1656.5012119905214
16328223,3729.860984578485
18599779,1712.9963846810879
54032168,2019.41531138543
56206271,1680.6616750653695
20991939,1263.0266983755455
78007881,1270.8330018600336
43136632,2011.9474928208765
26961880,1931.4264523182292
59246484,2984.552300614836
97485255,1232.0209857378352
21548886,1410.297673154754
41405520,1590.1629841658525
17265204,1304.6429065130253
57594370,1338.4800242742763
86204456,1596.5522921296451
47896500,1402.248974157538
49072175,1640.8570072876219
57819104,2602.5824553092857
38029807,1541.9145638285452
72219430,1462.9220827486652
51835434,1515.0645824410374
40820294,1121.1391907488198
39676991,1533.9477387633622
47329975,1490.3613747417119
40515929,1322.711289983776
49496398,1242.4759490620538
79829278,2941.8702686651363
25676253,1839.5871436138816
83511561,1909.5874349066153
97282391,1339.6081955732086
48159381,1655.3724378830914
26133617,1168.3257775388126
14830790,1366.0176743370769
38458641,1985.956518150685
92902816,1367.527360776228
67366474,2189.466996557102
12931119,1786.4385607567017
29119450,1633.9986560134191
69182586,1713.2865028426716
95601790,2053.771244657772
37235321,1803.0540142976506
18453791,2120.7594351219927
73959998,2246.342186008171
85145437,2215.825546978805
20490331,1569.7235560405295
40505076,1406.2761574212145
39895736,1735.8660967570943
36927127,1616.753605993836
68104733,1765.6600532790324
65498526,1699.498035720101
29077796,934.2663850175168
12700500,1804.084957225264
23234787,2108.4398696207754
32248328,1712.3851701427118
47710917,1054.254942173042
53904169,1606.537544152993
41795394,2185.6256621119546
81931808,1727.5880965190938
89546300,1898.1931267142736
81512800,1192.2280279363497
74490322,1016.9211690854039
77716971,2414.583137582588
76509280,1547.1123535070374
86774198,1387.7707377490615
63795592,2790.508088670044
15728342,2587.3645154550063
97525554,1446.8135091556487
81201227,1998.0442026768294
98995752,1122.5983579295817
88336972,2680.736058517838
56577963,1639.0315105094198
73375002,1527.6328514298232
92846400,1743.9281362707254
63160455,2760.51565072772
31277941,2144.6403053755807
44244750,1471.207604682523
46198195,1184.234518298393
92939641,1233.2419825568995
97399227,969.342929350743
32829265,1422.0607347254302
73813213,2736.33056727101
71142772,2102.431367704459
26186456,1396.3654962023772
86118507,1500.4683896909735
91253288,1662.0143895024146
16739260,1894.471685391282
97712970,1603.0555256497962
33709101,1796.0153343916945
97473173,1180.0992882805438
84445365,1791.1678242554817
33683407,1685.7043206924327
55156833,3149.190488987027
39198647,1260.9233386488538
84859914,2376.8449752298934
42321053,1186.1876737379905
26496602,1643.271736304252
87373088,1226.041711412365
18576200,1767.015618355758
30304669,1300.3462882597526
97043852,2280.0814204352573
65885111,1812.2641077623964
67235670,1916.624001459786
70791484,1397.0260912778378
80687580,1745.0942533201123
15865255,1981.2666631145287
50517128,2222.144934191225
72791395,2089.726061448502
43267986,2848.4746449327286
93567577,1309.426527759639
15107743,1247.5885708976534
50225644,976.8365527716769
50174181,1315.9469294273053
41401409,1198.426534904326
80395755,1610.751492677332
58616743,1497.8685066179467
62863764,1748.9211300950838
54033467,1265.2549183654398
36905471,1844.882871688933
68728934,1455.5378084144147
11399296,1950.4000231595212
42319589,1186.438354468408
71193471,1255.0141662915235
67728154,1347.713936585739
99252537,1700.9362773141668
69554397,1670.9131228905183
57406844,1519.5048534489754
17460622,973.8868816537533
29136908,1869.3119737798734
88836387,1221.5512468874476
56749521,1498.048125067171
42038296,1502.0449885892285
27575312,2108.5355472347474
27787635,1639.6674796091247
22639453,1613.8233432358622
95074248,2502.72277850879
62398547,1546.7425331526476
48210895,1776.611265569996
87163679,1772.7954094994936
84638479,1432.9675178121327
74277222,1341.101932971225
47124707,2497.22734039369
29597912,1705.1623344102093
73217471,3293.4052061886428
54203733,1375.034700740972
86493934,1495.7629841341343
50925419,2211.7086663460864
36161210,1583.5948048094372
18638157,1475.8131932752437
95763224,1868.6083667738767
92017449,1264.9696041854218
30955049,2067.9694577007162
88464978,1584.4636631605151
81709003,1201.7271274308916
94640782,1183.2043268400341
28684873,1457.8697827852432
82032258,1792.39013580529
81929396,1143.2819618791566
69137949,1982.1728304066667
58556748,936.8584797169548
83494716,2555.0066545582304
51219421,1973.915249890914
20118968,1163.4720537323972
56424305,1774.2225996882196
91040440,2467.899211416011
82249910,1805.6581060813462
65005094,1903.1778272576983
14333847,1358.932870506019
79940622,1956.3321327562032
36407377,1399.119805742944
16485177,789.9390424172028
19967320,1171.8126449280562
86757224,1169.9859836425342
47859734,841.659954086262
15329881,2464.336759667133
38097629,1756.7477391847426
63914375,1399.594045396486
68107359,1100.069029237405
30898448,1873.4648476009634
62098958,1161.8299971756232
82555231,1487.6684190207418
74537472,1456.789765371629
53883476,1267.336885371011
87349008,2593.0779263573168
60387770,1491.4262116412622
76029782,1747.5948807218062
17330605,1644.7238563358326
73592240,1857.177934692533
46762043,2185.4978287433682
35726404,1849.349018387672
19188826,1834.4466037095099
69934099,1223.438545517457
98236292,1604.7268735610712
66601351,3380.4360415792216
24082367,1459.6592433172991
86399833,1594.6313193286142
29406161,1864.2785614331885
77568118,1516.116150059773
68454220,1642.1351253418636
20326815,1821.2950321071555
96392075,2120.3093445210166
43846930,1403.3185058289218
64059970,1751.9714178029317
59660323,1491.5338973812038
30664289,1396.5040976791288
80504110,1618.5992202061873
69214158,1498.1926524303544
37153701,1838.2239079493718
94463524,1778.0172634903763
27069908,1599.2307964453578
19881454,1957.3473852610905
62073736,1696.1662274679013
81301863,1559.3539998689655
84692821,2168.305197019983
18061173,1247.253659789804
20396165,1592.060204910277
90290263,1598.1378241447103
53205197,1588.524181870291
71639333,3040.2440883045433
26581527,1625.5293063207316
88753189,1733.5478985804984
12152481,2534.349129123211
66369748,1682.839287390086
31086360,1539.1215691670277
68141078,1389.898145415196
87072389,1851.0077420963407
97229380,1356.7918396242565
14239930,1175.7585013795579
47067735,1836.1167013299735
23013670,1174.8872766301604
91166617,1449.2877067780184
46464430,1815.2158057537079
48307993,1298.9617307515457
65322743,2410.7600791581526
50086685,1642.7762323017587
65335801,1020.0829021136805
83887090,1750.1938484964824
79333390,1621.5810997710257
84490520,1620.0443333336007
90753494,3583.4689643346137
17091898,2631.7008683821737
94064213,810.3083550677089
76172003,2219.7854752888256
36639874,1424.7084658344595
93190659,1820.4754864206252
77671761,1119.001897725015
64459243,1753.627229147646
92415904,1486.6277787829365
22451687,1518.022528084488
99098676,1880.2823473873257
96250656,1826.0579084080562
43637666,1528.424533802894
87755511,1776.69351578072
39642098,1431.5750545692301
29533984,1783.7076950665949
57860445,1392.737292433223
33335103,1558.915056356186
40928352,1369.6303541447935
66938624,1915.3036536743223
97908221,1416.2742157967741
32317269,1394.1499738072682
56374872,1236.362904378269
56164704,2539.4368568938494
16557670,1486.0701265479554
57350487,2201.118258641491
73640189,1249.0194322446318
28886856,1720.375563398311
66838952,1207.537473212945
73125445,2784.611096511943
89817544,1481.300065733648
69175507,1363.1855747305437
93099722,1745.2278208599748
42498618,906.3097216611671
58133975,1360.0377943411502
50823382,1471.924735522546
82720881,2409.2683463684334
47566077,2405.8492693448406
77236358,1961.3937108367736
24977235,2453.146852216248
82212369,2772.0322648843253
61416619,1600.9017320575574
14011629,1178.2833412303755
47820649,1139.1228271203383
87027470,1297.1765864385795
84406467,878.1584042714263
18483336,1784.2575101823877
11745857,1009.0435399910278
72009137,2047.1328461593157
21373342,1409.067069011824
50764118,1538.7381930870133
17876513,2977.176175271434
21573530,2598.3196450523005
62535056,2250.445413947831
52924658,1523.3293235138656
59116751,1652.1495587019365
96464552,1628.7320883141708
41877592,1922.4624034978735
27556664,1212.9288125764174
82049392,1577.4801410238879
21890177,2205.1422003759667
84019657,1164.0162262306924
70836939,1304.3820594186736
73269246,1329.0278644841408
65430516,2126.17976291902
15552867,1970.6243609156606
16632045,1514.3674915693239
58510236,2010.9715381447306
94607287,1266.268644516586
16582909,1223.602067280882
91254889,2450.1360691323475
52951693,1505.4139936072934
42015762,2170.9429193493875
39537878,1490.3459114952664
75334066,2280.2714890299835
15509168,1817.017716184684
21848464,1240.354086746759
15512926,1793.841344790224
19852776,1389.0814980504729
98991290,1536.5451008315858
67867067,1668.4853048123803
75069265,2344.141058464051
33163007,1020.8657041976863
72461037,1333.9456954853106
79368575,2100.5162807484508
19283832,1552.7850663826412
74686369,1000.3647746519749
42431987,1045.3958871160335
49107046,1908.5652914554148
21631633,1390.5884451249942
57757752,1388.3182198842742
64260092,1907.0971073776911
23733208,2142.798842227923
81359267,1739.341162546997
78964700,1594.5507416381463
33821569,1701.275893661077
52189182,1168.2425509786972
67362415,2104.5704989427572
32252347,1580.552965066973
42461075,1375.4829377966373
42564953,1894.642878781108
53441096,1379.8668803154262
28942045,1375.2229245029687
92173510,1517.54048491693
37939234,1858.7235288645977
83072941,2886.858734885278
72001493,1957.4532501668416
88722560,1079.6849535483616
24458695,1863.0100625222278
34236973,856.5479092513191
63527431,2481.0709448501398
35020078,1748.0190628031676
96240931,2488.6931927760693
96449025,1162.604912970354
73324268,1167.3993760500618
20943504,1711.8881612701844
65163807,1107.7869287094616
65735235,1388.2081495168088
34006121,3031.6603601767115
11206259,2130.547599372677
21142225,1693.3393461216037
43933688,1570.0220891903875
20195114,1442.3788873224728
18089453,1785.605367150508
87927482,2934.727864135713
72119177,1324.5764768968752
68722653,1420.7654060632333
99012228,1712.7715101770407
95191404,1410.790170672607
68494900,1294.5507617598416
11789848,1589.536020310441
51367435,1783.949825145205
83199690,1336.9745862821476
44222449,1316.5270507097455
97059152,1347.0470547516434
21321783,1253.5131568184827
89238156,1583.296273295948
75658495,1361.7814385213944
80514422,1065.0802095951638
80098101,2163.8999544155754
57507250,1969.6422048207578
82869937,1522.1369183981597
64737683,2631.701517581947
64663030,1207.0611698659116
22362250,910.8721429519829
51054867,1186.2333469900839
60302181,1762.4629998389064
89897892,1975.0762799401825
99745406,1672.3127561142408
52137793,1678.1782204655558
94617943,1792.544701708032
92402481,1712.9925513549206
29177060,1693.178292129609
96789879,1930.2288410007168
16733828,1506.1548539491741
69997197,1863.0083889258042
80009529,1425.203031211593
70971147,2123.3573567159756
89268742,1677.2005751632707
81559172,1712.0565059993066
19799436,1707.9624554624763
96316683,1603.2512256288367
16202604,3044.898906315602
99234264,1468.1897945459275
89790861,1487.0146119228548
80624261,1353.548586244661
98327008,1572.608441226804
43114030,1800.0440222236218
38992659,1072.1676269365475
26185292,1664.6185426923864
84958392,3838.6968095147117
63532044,2143.0257975017885
72780852,1478.8134609666824
63755363,1946.485867248936
63435369,2254.1608480117343
49085103,1294.9698018736244
39826465,1418.4001923153253
89335030,1136.4276737018652
92393797,1928.1569032808559
36385689,1271.040845323084
14218024,1137.5945957225617
43067447,2460.0243779710954
11821155,1909.5251378658352
96671043,1248.8903966933078
64977532,1902.2998602533053
51923648,1719.7321855748269
52082499,1712.8506574595351
58693008,1252.3432635746015
77432555,2188.5943493960804
11692478,2732.656812458847
88536020,1423.8343502588732
13996971,1608.04083015195
92291100,1703.8154764842427
77799089,2548.822390896933
46970679,1371.7511601614897
96819382,1904.700318873359
25751312,2380.00850699689
89990705,1049.9051203774823
52038068,1640.2462471316255
32344173,3767.310181374151
33993191,1391.8981053123687
52279123,2273.1390200994942
18496274,896.5299598009656
89490563,1696.783282437493
17329696,1986.5802701930236
16967446,1572.0586767931056
80888202,1175.2319456743344
14661504,2035.2218981890694
19604443,1772.0053179574882
37821572,1160.9645893812212
88831769,1546.2599802711313
32405077,1878.9022981222327
52763362,1443.3553249178215
75573252,1594.3467600092035
54781465,2200.3506147133817
22599480,1945.9057686263347
93311234,1140.4946927501944
69925053,1372.3317203706026
12598333,1808.175602565763
94909106,2105.3794181719136
86019408,2553.451394206224
96477826,1451.4528961302756
47575439,1940.2445058380479
44219472,1354.4968497518335
14808414,1882.1303176142626
51535602,1343.648990995037
85960705,1465.692279127631
52391461,1561.924145163208
81172596,2562.9040090518533
11351493,1756.226859287891
72733290,1126.7702877074726
74877854,1568.641748634235
27680792,1284.4501306577376
44946524,1899.0399102403264
23475779,1804.9557157055406
48465422,1155.7436135001674
52076835,1329.2325907781344
44646564,1467.6590048638354
87277346,1331.7679213489814
47973044,1656.6080092125546
75500097,3380.746793633018
36145678,932.2145499248987
85625020,1510.1039778771926
97404967,1484.1992629621382
11411712,2200.6421562585724
80164594,1138.5576010892703
30555374,1070.6730834921157
93243676,1698.756082247408
12801610,1145.368004529608
58651288,1124.2645634498406
52409464,2299.17582737387
26481577,1919.4088263739861
99557550,1068.9394463885744
92346786,1068.712435307649
33277389,1181.273244413935
78792921,1531.9868582295146
89378277,1733.8413457675822
82856305,1663.7714793034775
30767488,1617.4703616710424
36397903,1328.1849952647415
64870928,709.2571280575552
11575457,3442.7331827040616
39041845,1376.578413199466
92898654,1896.0162259557267
16929732,1585.797740009084
33334714,1183.6874686772273
12221534,1961.1666697556811
73945645,1464.412240876266
68971550,1488.3125090232545
75565371,1899.73597522985
59677619,1321.8446982845562
93539814,2073.7715740582166
24106217,1521.030552878913
55020351,1394.3271123139723
15672017,1424.5066262546898
10841847,1387.6655225119393
86946687,1282.0269734428737
99799054,1812.3510755368745
81128474,875.2742617198234
80366080,1354.7002970702167
10218336,1344.954435900856
72351128,1447.7760728187907
56132260,1459.8261739593363
99301338,2712.8123639590776
84453738,1342.3607032549505
58188871,1828.7258887206954
81971342,2761.9420132543873
94124547,1447.7243089957217
32266038,1690.8771361897377
71760843,1489.7112570961506
77203995,1595.3103687928094
84611651,1461.6066369346129
76627771,1992.1767328531744
12653847,1670.2349304467746
43336328,1604.700879842642
91500607,1624.1676197509958
68213549,1514.7325179808283
35549327,941.7701670986318
80808916,1542.412990076693
17110481,1563.3925585628983
99587119,1097.5153582133519
92334856,2650.188456686807
53359226,1521.8619158790864
80618402,2823.3719996712484
41703808,1995.3604671916567
19195409,923.0474844927782
76941149,1647.1086772393865
97584818,1363.724746089851
56683377,1602.984061124198
67011320,2002.9820784970245
15480221,1652.9548011849338
68081328,2282.4306722847664
55487684,3480.1764237720504
74199206,2668.151560462529
90165063,1787.1138632374843
36193583,1739.0200089873545
10917950,1330.3378020808595
92870312,2120.3488456156524
72030717,1943.4122341863697
17113758,3210.7707912464853
89153386,1441.523220980288
45809568,1807.6389823143954
30803532,1564.4555536503983
41936053,1672.4883542311866
14429173,1582.2473188386175
86629786,1627.968549150614
60024688,1722.0225307825895
75100924,1800.6977718614078
19587468,1304.4642134464432
88088850,1533.034467594588
14339658,1352.5564474161374
93643220,1477.9716488909755
61257147,1899.0223024814222
47372664,1816.6954352585365
72551157,1410.2284365175562
70006271,1698.9905292995425
66160499,1071.2577007151988
14115358,1305.1385728355322
24138292,1897.2167400572068
81649352,1573.5780836342617
86450554,1383.5939247646077
43772724,1666.1572436799133
76147600,1767.4878896383943
37814705,1764.2960152103994
79438450,1877.189271222134
30374304,1528.3636904371208
54234194,1274.102167448883
94516994,1766.3895690363845
15639119,1853.8411434683503
98234744,2811.842217889181
84292967,1324.3127242911105
14583946,2072.9913513612655
74680521,1376.4131669375317
10214287,2002.4675836069844
43877051,1430.8880043203364
28904050,1448.7995243634712
62063260,2037.330523711099
50651267,1752.9994229517567
76093719,1488.8083147979057
42788012,1400.640897105687
64271564,2682.9491694584954
36033563,2147.138582543977
32364760,1642.3279694841985
82718318,2264.2904394667207
42781597,1476.4230900040804
63047151,1302.0449180939338
54331908,1728.3826082025432
88556646,1131.3021565485271
80038856,1658.2811658332196
62561061,1437.637378209968
65834717,1330.3710925796015
80358828,1775.7538207049681
35099840,2019.6009502405625
50872993,1490.4572987943502
80223193,1861.225512646762
28448374,1635.9395122326457
92231676,1671.1108741371745
65717894,1614.1962399621682
86298764,1496.2211997884308
76299579,984.1875775454661
15449921,1265.635116535047
44677435,1510.0696661708587
75188492,1484.7698805970983
99785392,1566.83600131178
27084775,1329.4026305652858
34483861,1456.3882547804449
44135541,1747.7724490615317
85537076,1317.540768836682
32577802,2118.799315737795
58632323,1723.2334548861209
65794441,1449.079048040673
91626972,1481.8979934293686
80568466,1357.4796062615342
19317452,1354.31208995035
19462773,1166.5464839783474
16861573,1974.0627417912945
61543398,1309.2525383826257
67189144,1736.4603311663657
46184090,1058.9550742287227
14969625,1052.3838641938444
12339000,1259.950889175103
87651999,1325.6897251096655
48444572,1574.2557164849652
43026767,1171.7570072787578
25666315,2075.673117011704
85141494,1972.521227466493
10196732,1410.0924014488344
89772932,1190.420439862701
76197106,1546.5568561585442
35668637,1018.9918328754884
47789451,1279.6096083476295
11772481,2251.3661691133534
92352486,2082.9126923471563
74959731,1378.948423566181
24006644,1237.0638707093428
70184471,2151.7618332532584
63616459,1838.9815816772898
65420176,1535.5385651307163
52778454,2935.787492608095
20334394,2359.8515653600098
29566160,1988.4181904381155
41218910,2121.5384216551174
57645530,1139.9411894093037
32753016,2284.0256920581523
53485349,1475.8971307174913
99359057,1501.760412785039
50033107,1351.4782421478412
21562381,1841.6108619626057
77828671,2452.421495603868
59082786,1410.968966108423
99756703,1129.8569328637743
62477883,1134.8059788935077
62194095,1735.6644231602866
77240295,1624.4599234904545
78173906,1454.4656885277716
51850860,2264.1114954060795
36247163,2346.8725045062324
80372868,1332.8266851064163
55810884,1420.7652230931071
39425335,1306.6609714119993
64769998,1487.3722506708882
74184119,1723.312298914876
30910517,3273.439227112234
82036794,2054.4313710908164
27288556,1455.7789567498205
73750248,1258.381093584204
93836103,2172.4175106451644
21006367,1526.7155869778235
93898545,1303.8710891208373
94582565,2079.563570456754
13137522,1224.6053572145117
31604761,1652.5717433247355
60718232,1290.2257074330794
22356430,1258.582716464147
39386475,2697.144294159372
16350350,1566.5815699332209
70755780,1644.3599372088454
55920671,2301.5849772943848
30409198,1432.7119856641373
12366994,3301.333258875213
99624161,1766.6475365949937
27085439,1822.9189987686489
26222780,1357.460091911745
13513100,1994.5137782925576
83619693,882.8203592306339
65230131,973.3108270336425
74197231,1547.1337328315665
16535315,1314.1020565645324
49313519,1564.1316144944522
54192335,1534.0188230322576
80736897,1788.065412330521
99406225,1833.4789429762693
67818530,2919.685287204369
84284655,1364.0845481396696
30897932,1277.9437598488093
32254189,1413.4867397814498
31849680,1761.3288041069543
41359333,2116.4064088530954
66456629,2535.200477545864
68729486,1632.2052956149173
40630348,1713.691527867349
93988333,1690.81465753636
47811524,1130.5512881464033
98617237,1611.5387735355605
20362387,1241.062472350674
84645660,1120.7594584706003
16861971,1677.4191356519696
34588999,1412.430655306974
53427517,1113.9942478981475
42513475,2044.978537257083
57705547,1680.4699968910588
49742880,1688.1254049802467
66920323,1714.4265378888242
12354776,1310.2670988843986
25840613,1620.5948203912224
45114259,1906.8518182094876
49079923,1671.9970085375796
63116367,1094.5838063864342
63802912,1984.5325880004336
48974796,1353.1276872208243
30061599,1059.4415411196378
68578654,2091.561832719273
54173227,1514.040685148809
96680380,2113.0127907831557
23868064,1410.8015934900939
51824090,1694.0398627946022
34839733,1218.9368893500275
80054187,1918.7236422692695
12685572,1653.0291415281663
41567061,2457.002641256955
94877842,1167.7899405042222
58492968,1044.7048169086345
71326484,1065.3266282823004
70920278,1944.0716703214978
54663137,1667.578986771164
32126460,2000.0913953847314
54874790,1818.7771172319945
13538436,1429.7104425207417
30100038,897.4511777202365
80017866,1123.4747576043358
64347455,2638.8112175022848
13683069,1906.8020660989596
48039428,2316.082058688571
99567150,1547.8914420723959
85509215,1141.3551520957456
60668698,2153.1900413620347
12191456,2031.5642891702403
77765786,1524.203650199808
12528361,1195.2104793826836
58442957,1183.5950003475448
54303594,1033.268089285422
27681147,1418.4344144852948
69098569,1352.0371250469273
95221316,1917.9330265400747
40109548,1681.2531272060348
55576313,1083.849659982033
53153958,1527.2844001259455
21200840,1634.595843951993
50894265,1048.6408139327004
23626838,3463.0085575779813
12418418,2085.6644207645627
22706358,1630.1559817928028
45395670,1252.6396015105981
87327017,1425.6559133496958
13017114,2040.4911817370437
32271547,2049.069131221456
74538679,2027.1014238815321
39506103,1532.9168170080384
46816166,1410.138846035421
66503105,1870.2932533286305
65579176,1882.1726280434586
40074247,1722.3586349820619
91310031,1473.831435483373
77444410,1881.6563164261597
69955281,1650.5839080207616
67331105,1871.1542894652132
45643632,1687.2991347462766
73282363,1368.3448051801215
13642505,1341.1658127658511
68901430,1719.89131478569
89906679,2009.1315151922356
52711886,1201.8100177920721
79575331,1496.7646449191313
92616283,1433.535919586234
30763055,1275.638054225319
16611953,1563.3789936823323
33070179,1498.4443897620915
80347205,1660.2095618697406
83995335,1779.5750824400802
14535805,2388.1652494372925
84879838,1545.5220134741776
11864901,1477.6598262512555
14658965,1204.986740936222
24293507,1387.9877379848901
70453525,1644.7664039051497
87798104,1328.2516348593945
19197193,1564.290173025632
28284548,1782.9575984598423
86044842,1677.9492764871964
23057275,1775.613230847841
27985337,2307.417621537667
22587547,1169.638904230397
12855508,2819.016884287475
64337495,2207.732268482539
86712331,2238.4961470585276
61189156,1381.0999041945606
91594873,1628.198884388047
54835971,2045.6060154051886
44370830,952.863834828684
23684803,1498.9606718261919
92481929,1809.900588228102
35638424,1677.047563815964
25657749,959.8055926055773
39381975,1484.615565769469
72999107,1675.0348251541084
25818586,2047.9899849273759
58036789,2085.6885580886133
94320377,1592.0240188931557
47110506,2169.319749696746
66399362,1783.6897897212718
68909982,1616.246433914057
16073310,1520.101913040461
43288405,1153.313350407925
71579560,1753.363696868236
16507355,3297.5205343626635
48802207,1297.2785501212563
89915294,1693.9579270329366
97679852,2242.869525029588
29217698,1920.6769607532033
27435911,2796.768458312326
78879242,2048.5147141446632
27175130,1550.0313758662494
29020135,1141.653709498587
78626569,1237.992774309511
71067812,1395.4132445470243
96690513,1552.7344633780067
95531962,1808.4387495771698
98356800,1128.3185799364255
86104439,1174.3433928996833
55595900,2219.0308497108595
75208610,2018.0340299739712
15300209,2015.1789859582332
61949363,1205.5445206599138
65881085,1680.953893725519
66803690,988.1858762887074
71508510,1796.8840902337486
77429269,1227.0740090775396
70868754,2614.4623237333767
93223292,1919.0630563594552
70378280,1467.1942017785814
72142932,1344.1916744546281
88911193,1324.1322304674084
89761834,1677.6474664844736
36836619,1666.869707091368
53134062,1491.3093816973098
98828461,1861.10425794654
55370391,2279.364466563688
69978664,1428.5981464387314
48824111,1427.5016640347637
11383415,1523.1146998340255
89041808,1909.0145701437398
31864759,1646.1269311008828
85436725,1506.6405581606043
12287678,2614.6728792514664
54577919,1664.2207825229682
69095778,1539.1218021659295
86755087,1532.3382176108473
87570494,1587.7027290931176
42971075,1600.9492685204466
19251821,999.1602422174136
40154766,1230.0911856786654
86599495,1707.8504158769667
88331508,2263.4642481582514
70254717,1470.5350037189312
32105523,1518.168842550147
42241465,1258.866951110738
66334048,1432.9089151307774
56657286,1366.0819284175113
99489082,1654.840330397792
89634976,1754.0136842497125
22529712,2060.5360553454007
93452559,1992.4293549447827
75276107,2454.8417937687805
57620607,1260.0138257177157
11822194,2282.170270963887
85101585,1681.822028250479
73640715,1958.0939396399242
18114714,1352.1560751849445
62352450,1400.0399645879443
88096618,1932.7678227037898
76855836,1403.6970530755061
76968795,1935.3839808472821
19089688,1495.2212887815724
93669020,1209.1675193895978
32221954,760.2231987861588
80149491,1311.152538150258
90863370,1460.5397179255222
18955449,1786.4731671788074
46106075,1331.4823122130156
64362412,1367.4270692189368
13228942,1264.5784409332998
18238798,949.4142577359925
17197174,1456.1189025808678
56883307,1495.8086004972704
43838074,1565.1927100062173
94366977,1014.073486569981
51114116,1618.698402104604
91929625,1769.5372083594418
72617691,2449.58104489673
18081983,1468.506485007044
41430371,1218.9551567360465
18768333,1436.0357690893325
97670981,1578.617036616709
33138884,1862.2427672430968
54769750,1659.3486943724583
89191521,1641.3395795798558
68771611,1386.1256270946021
69658524,1541.242326191467
72361657,2388.7021675704577
56548670,1162.4166892171625
78323750,1669.504653319221
30772189,771.1309958218276
48525110,2015.286127084779
86995869,1413.8632544070254
17626486,1713.019036111101
25200634,1425.1805737040302
42675735,1382.1092812362938
65493081,1675.1379414648943
93613666,2273.5798672763867
70416961,2512.3478224375244
29938065,1601.6589940246583
49578380,2766.3893393429025
98870679,3955.4654741459963
69931311,1949.9594674995733
53406287,1358.9566173972867
84279248,829.5271618081888
95721664,2080.1000223879146
86560148,1373.8297857663463
54643141,1482.3496760145179
87296829,1692.048065912427
44687814,2348.2861340949144
17812890,1559.1584371181423
55517272,1557.4936301143873
83984617,1384.9050006895457
50681051,999.3815299729773
74119296,1564.5002379667633
67223450,2121.1627899562927
77287132,2654.687822612787
36264517,1731.6283199429008
42898261,2809.9111497722347
62830950,1717.2904360737602
34861949,1255.3400436806608
73511243,1324.2441426783873
21486168,1885.0650611491155
99309538,2173.0491527354156
42037617,1460.2290512482216
54746843,1193.9030519336086
47539615,2015.900073896643
84768747,2155.3867005699035
72954519,1611.771004189072
86653160,1119.1988857312465
24350012,1254.6882884167583
44330162,1373.0511459675654
40410889,2979.6567260759853
14017526,1257.7848665539834
18494070,2471.6638455490706
47916307,1918.473459379552
39725498,1785.4783851810241
54156054,1598.3234670455531
49589662,1762.1379648276222
87793535,1882.3921545961305
25123851,1949.431786840192
55319133,2080.2248218528534
35955058,2266.602453558176
15784980,1709.0237320781346
63967490,1622.5221708196011
84366303,1626.2538751705385
32211409,2150.4146015220335
27475512,1585.7795700476418
98385904,1380.5924151679765
74274926,2225.858510772606
26137274,1924.5573092750765
35706395,1720.5322135640363
25432073,1079.5720492732069
56493804,1355.6954247589047
21783642,1854.107635188124
24274717,863.7204521743441
93363592,1124.4066966468629
50359798,1379.214156019503
76057356,2005.0263613811787
34577569,2379.7327356404326
13432670,1648.0223103660444
36150614,2037.4628165551392
95883486,1970.3838184639646
17035345,1781.7756316640127
48987823,1433.2356061092298
18853302,1613.2451295946576
70059479,2184.1197141636317
35830006,1948.9678600633251
83058209,1528.2134157659073
52239160,1451.7395798520786
24939237,946.3579955028134
48271879,2302.8984586668807
58898302,1575.2815293574847
97505252,1618.714274556293
52580265,1333.978426831275
59859756,1901.532168429799
59531100,1970.234093196171
82820692,1729.0699539985071
73015543,878.7825952933581
50663543,2237.3521051303837
61349439,1693.7277384204697
82745505,1941.3778663814708
91058293,1209.8695028736242
17937997,1797.2270610834855
48025378,1502.123158791587
21558049,1549.8347557177533
51468147,1764.1711821873705
87943582,1049.78056490001
72989675,1087.6372090131329
10828659,1540.3989263608873
78868242,1463.945917427344
63610417,3244.1488466807027
13037947,1280.7656551847265
63051485,1657.8559330285107
42637767,1475.3189586420724
66029975,2388.437012231287
41368516,1007.4478624731179
75570412,2032.3005079996062
58832659,1401.497226450552
20746324,1724.9227568990057
41047714,2151.937422777431
41430458,1727.8318439894367
69198371,972.7006165123743
46430156,1593.779553037355
42120705,1135.7995942811679
67695943,1274.5889653663123
10655846,1548.226547966479
56387239,1551.3616290441066
73136827,1402.875742483918
66107772,1936.523212234077
41597595,1294.5525567440457
27035754,1560.371399339311
94233303,1324.564670159194
72371862,1546.8996618372114
47858586,1768.104660049673
50074731,3215.5356978392488
15840349,1561.3544315529714
27527024,1445.8797905117774
51445447,1330.8162596330956
83042677,1354.8219240709216
17433657,1547.5278438312018
83477453,2003.5126337419406
58980418,1606.8904598468791
49038207,1980.8286222625986
35105997,1398.6559741186059
88328473,1896.8630721584634
49929992,1938.704867751999
12057690,1816.7858486171056
22485986,1991.7092513611235
18944255,2422.145356617503
94296460,1427.5185501750223
15325948,1701.3098799721138
80036637,1608.0178548052718
63707416,1614.602734911972
33357067,1923.112851440486
76260292,1982.9641296759855
88542794,1770.3861821121764
36624049,1350.4833218052388
85370002,1482.7321530987485
70947321,1563.923165771801
86215831,1182.4035848197555
71799918,1571.3173866814013
70779429,1684.4145084792328
28177790,1284.5673628040884
33416701,1629.019464537166
32210074,2593.945171276691
91177225,2182.158537302006
62230096,1635.1984349088289
27830922,1358.126333440997
20292159,1705.600260887166
72135125,1249.8240053577822
41060839,1813.5113547147237
14610723,1428.4621985646293
40291165,1772.0835230350285
76063806,1848.6228583107152
21250419,1792.3160621336137
67512417,3278.940848861968
33443292,1530.9356700093533
33660955,1393.000040950241
33504001,1441.692573165116
59014872,1304.6786904012556
48423806,1283.4340512628362
81227220,1321.8151757480018
97904600,2053.5030978041136
80141558,1680.6369281404284
13290868,1529.2309859345442
12913192,1288.7100788270939
94144440,1459.87995836962
53033174,1786.2342033053774
93735706,1659.8917273084637
59909555,2300.081409580401
99555121,1513.5694661745576
13256013,1356.314360627145
93540353,1263.738610903669
97837539,1133.9687867004998
35669129,1527.4514081732252
50012137,1495.9334419355625
68173579,1551.2902900791587
59440623,1289.7791319941855
48714672,3129.994564013483
86973367,1565.1937080380612
28395212,2123.765639988353
50017530,1783.8242138028193
48045601,3089.0501373651664
60427063,2582.015605823136
49061177,1740.5427038628484
42896715,1380.5015199109112
97451418,1849.170626871106
53456411,1168.9257520249303
99184358,1152.4416835977108
91879007,1455.072105489466
76424273,1331.4306278079928
19529774,2272.3915762387514
60604201,1269.1913633639745
96265561,1556.193877721301
84388943,1779.8385425806089
22143961,1827.6899594629922
14880373,1555.746416340525
98124884,1388.79776551157
23434755,1203.7896209493417
36626131,1446.707812733758
86172967,1681.2780500848412
89507826,2276.439961538952
51984404,1153.3168914677383
21328430,1586.344309770849
46133239,1317.042015052726
87118588,1439.6162162099429
72466804,1490.7045468099586
90243251,2194.5680245268636
31491219,1875.7767541502274
83702289,2026.5913133112156
78369132,1352.978025103176
12074272,1379.5931859609348
77297832,1695.685659844098
91732264,1682.3012048977305
51116865,1991.366001915083
81826443,1838.189027435715
26192585,1504.1137451685536
72261842,1391.1958244911013
40619619,3182.315181439551
89999631,1044.4429421645393
10490133,1581.536013682544
90054183,1072.4004336728815
62212383,2166.5950318709693
19863611,1786.3478769663282
51025893,1295.0742233668482
83280839,1101.1680026887443
53701664,2183.9027891277924
70474564,1738.4622060807706
52730115,1677.2687843878405
28945671,1431.0235483893866
76905104,2180.0730795363797
60340609,1535.7852045469626
14262244,1429.5403914700082
86114877,1811.2303727592346
24582504,1693.0759655251697
77544375,1401.207688045013
18212637,1531.765987983241
31107635,1235.545784359997
73185236,1167.6640879685376
73413665,719.6579540005843
31204532,1713.4008052037664
16646519,1245.147925164943
59819313,1386.2486324904623
58041963,1515.3522914902198
73177607,1556.9125027189018
65489959,1912.8944999315206
53892134,1852.7859880717008
14638825,1811.8106143489783
61652212,2180.7659199433588
69208062,1023.8443735060658
98205776,2944.7595615000514
91953270,1740.4339014484165
95708788,1302.9475496230325
71079776,2040.1115839918803
10948901,1422.6070618408257
79084173,1283.8883829624872
41410746,1432.854548325811
50927968,2239.542352656705
99511873,2205.8974887935237
87562260,1422.2368899947141
48098997,1670.169929587569
77592143,1784.0517344576222
50298301,1298.8524926918706
95160336,1198.8714078668597
13581567,1231.7898948571922
76106706,2485.3933404424192
53880590,1722.34970097314
50270200,1920.4582901973133
13098948,2322.7668185374964
81835258,1206.0678783849573
14238786,1529.3373533337424
65288499,2206.153625369171
29149871,1753.3615355750062
39551396,1540.455675106997
77375335,2076.0763462142877
14384374,1401.8571377036835
63368293,1797.5996535942268
25141477,1901.1953522988915
37822276,1418.4803298305615
62473299,1906.5640341750225
90467887,1784.2413079470336
62270028,1791.6493657515887
62101686,1493.8243274379086
51642126,2888.445342222483
50281814,1784.4241127120533
34969698,2242.4618560818035
46962155,1965.5771625462755
17638609,2057.1077220286943
59977095,1157.5970933476972
75196820,2090.3935682777633
65141041,1524.3413978257129
65986306,1981.9203778770263
99818911,1744.616448149838
38328534,2172.8429365327816
31204739,1497.365981399206
53082885,1251.9733906588986
76244528,1251.8267065284324
46394887,2255.47360777567
65939511,1593.2293853263602
96048217,1196.1566614097637
60425489,1336.0847510831838
69419323,1755.31107598726
15008203,1712.6038138757394
70058997,1066.2820104335558
44067940,1995.5208125221468
47031542,1665.6379324895472
28929546,1809.9067960837892
34548603,1985.20077778279
36515676,1248.1637699000848
42765717,1533.7901804712417
60296558,1764.6279650206798
84332226,1567.176905165107
76539663,1908.7066642882435
73504572,2461.869517496622
64646486,1852.7958875634831
28262602,1571.273946630154
74447096,1576.9501883348557
23247586,1259.5920405376553
99044390,1463.7267897967467
66743385,1622.159083084078
62841747,2319.160978659905
98271312,1496.0924757056357
54969068,1832.0921828314833
49548078,1716.0454982929498
47147429,2054.269429583616
46113098,1446.1047557358427
52623517,1585.2392237548672
43618531,1873.8149762116445
54174309,1097.7646115203295
21908078,1586.6037819846663
56753065,1415.4968250412658
22723502,2724.9166689642757
88620530,1184.7703378149463
38560702,947.1881101330887
66126723,1216.5988389209933
24731893,2537.6257445969654
19472558,1389.6458265506187
44766250,1394.8784180404318
75919229,1486.079640903705
27459467,1734.1183797852584
85529275,1317.8450660888684
88503537,1359.5500400786013
66147417,1588.174022792984
53916103,1677.6093383479563
65299077,2122.682158288834
82070950,1090.1932682088518
69058105,1282.3722660548094
89985793,1881.9189714108152
38430174,1653.1199389192998
24884771,1250.454159455757
37414962,1877.916208758373
35739187,1314.366533426181
52492779,1828.1814135505713
70409358,1805.7387752174538
38452011,1551.041399414402
43879270,1109.2106307120714
70351120,1640.839122258579
47671157,1007.252460391015
60667365,1420.8019546038558
85223481,3264.29415077808
83739939,1722.4886975171814
36389934,1483.360969499089
84194560,1405.1501498648522
66937745,1841.2844032733562
82520946,1704.4856804383735
52339932,1166.7074073437054
19641281,2084.507959229916
69795343,1887.2772441411782
99135350,2685.9523504377835
27549583,2139.057008701851
94476832,1212.2427021022522
58221865,1890.533874413951
25319395,2019.0803410593232
74970303,1407.6112817838036
10305170,1130.2402846283182
82291258,979.5734421292879
81383048,2196.0936504708434
79987158,1310.535760158511
13533229,2008.1203600830347
40426833,1882.725817613815
79077516,1324.4094930111282
49738320,1411.1666099789807
51126693,1854.4566015651078
52635836,1840.3608131014853
46715477,1571.3561951903891
82258908,1838.1290950167222
56878285,1822.320421803971
19130210,1655.4096353281723
92849186,1743.9399593066162
24338810,1901.2400916916886
24758650,2226.164677947702
70913184,1843.3775169933815
37987399,1386.362448631887
74913796,1270.0841474192105
17667485,1608.1935425503004
64222955,1199.1121125205575
96958008,1555.8026679297725
10416049,1741.4472428702318
60398901,1156.5030492144979
24738469,1749.8753043942888
50592747,1808.6606693588965
96289055,1114.2546390334917
38420705,1291.9369709543332
93968498,2312.2004400689925
79579077,1067.3615644523186
66828068,1658.9520643084518
96166759,1836.174036850068
32805078,1411.285240625848
96021280,1585.2748780980035
73914137,1272.4543623441293
38819078,1531.752983451426
26837951,1363.80635401344
86644106,1525.8616664776084
55183461,806.2771744822779
52422099,1004.7707368905549
83190904,1573.8946280076482
80939883,2086.3333353991857
12388368,1339.821925519319
15537990,1367.8537970088973
52619092,1738.6340501626355
14251589,1935.2985651157912
78390765,1503.250824993155
43497859,1949.8239832497911
18381852,1661.3964007318916
53390528,1223.3795360921883
32023086,1952.857562855287
55881129,2098.6262207924615
56955427,1834.9878857339718
78797526,1246.471114365239
81441605,1934.8133918786027
49418138,2502.689774011314
16343356,1610.9667016271371
50953620,1058.8459821473355
80530984,1582.6651157545282
92363214,1397.2329427622014
11505021,1023.6240269527942
10464949,1907.8088241189314
40174242,1304.598604550147
46922794,1191.9202531969847
31165878,1638.8701909794727
92160351,1815.1916472075918
97225599,1395.2423236609004
57289385,849.9750931388085
10490505,1364.4696853319604
40593414,1454.7886742549501
69535718,2115.728560462114
29927353,1356.3285920847948
65834728,1400.3896403601548
77297694,1203.2838245005967
20453767,2097.912149294554
38742201,1929.4317907172845
44178016,3489.876175592902
26155961,1335.7993247052348
85037563,1479.4100357094223
13481675,2100.844086584519
32710978,2043.178722783816
42008191,1569.0868602827322
13117186,1506.4965161438374
32427009,1521.95041700674
77926757,1630.8903175641206
11233435,2139.3122972903943
16522541,1340.039279877874
63770815,1997.7680876502434
77164558,1383.0509335440959
74405387,2179.1179975495265
74698287,1486.2627881720798
90725998,1811.98022204194
24204802,886.561229756937
89034765,1894.974339655304
34875172,1405.9223266114307
74411316,2451.922768837142
81157871,1030.7065647953202
44232316,1816.6637617628403
48083558,1663.7271989247965
75280463,2429.3277545771602
11329117,1891.8545831267938
67082756,1470.9566682383527
11237434,1189.5359734384663
69921139,1288.2053157735388
68448780,963.7865500499006
77761059,1590.1464870410266
29006434,1544.9240732116668
30190038,1673.7299087430583
28376932,1762.1855284176836
39355382,1464.2196841091509
42494595,1639.7778216009692
16756651,1375.961365837041
78115658,1604.464500111693
27261411,1779.941588417727
71919180,1762.9499281276892
99090920,1523.4167612896588
64351618,1870.8002024239765
88658759,1269.1504504592442
14195927,1703.9961779061675
63820196,1989.3409057275996
23866225,1721.4789845548391
50484100,1972.9859739085423
98406048,2064.5682040018114
64139858,1542.8315684265906
93302980,1524.5084603937055
62155483,1803.9980665012433
69791340,1801.203401292292
19631546,1196.4043244500228
26192431,1857.2634297796096
68268852,1210.511523649244
14862183,940.7218827843413
50141937,1306.5346360148617
85256282,1190.5398469440318
11027564,1733.1235801500454
51577553,1714.7766569764726
77132573,2084.0243423689435
55254268,2671.4421666495687
25529214,1431.897047102769
89287048,1364.1131993326032
23253967,1275.4563889590875
22644692,3451.468465967202
32245140,1291.5975119693744
82072504,1561.035869712867
34678460,1412.2652158300352
55373081,1621.1717565729275
12138481,1552.4038969692112
23632970,1724.5901984228465
44285474,1215.4081107139286
88075177,2039.5305522375086
13117787,1535.0174364932373
14797111,1511.5136997585632
28697695,1995.8361603868373
34748486,1657.8398282360406
30506810,1452.1127051485419
57410372,2022.0252314807178
28776122,1199.9467710393728
18346451,1613.0795758678703
29932007,1521.9681355844612
82654800,2143.360246717195
67038086,2114.1377627286734
95282943,1944.8032567039033
90723621,1533.9047318841128
37760202,1637.7904575035948
97077656,1635.637803870347
67823833,1147.2262778308716
25222231,1878.836037381514
63451552,2146.8071610765196
66552053,1757.2569472947478
83488554,1512.1339620020083
24886655,1792.6435589823705
83798512,1261.740965705773
46152763,1094.1281285966509
96015866,2449.1677886844036
51731151,863.6280118888336
34899750,1703.8051916560062
55529926,1458.6997982184976
95405536,1275.3618607159997
29288544,1402.8679429645654
50076589,1478.4591845394868
37886285,1428.5077982532155
69818934,1743.6080064347427
13957412,1379.7610332451202
27493225,1994.10198247548
81186892,2088.6135493621523
72734336,1030.1309640991276
20148129,3853.818531815861
23391747,1080.8842065648103
45833590,1228.2014899075418
85777842,2788.2670274461902
92975129,2258.429948715603
33382289,2514.0449558591463
95953281,1364.0628715909459
60074802,1890.0356018653965
23912733,2178.393767060013
31346779,1483.857189373274
25605125,1579.9251956296446
96288207,837.7256608023549
44535745,1596.2206612365142
16008313,1624.9311574469157
91365542,1294.0425453818173
67385764,1097.0875609791747
31465116,1710.444280309368
99474816,1335.6502921298047
26141909,1611.1755901241374
72548314,1706.5180224471644
39043955,2073.574511171912
55963655,1275.950016251289
54632315,1752.367822122711
48726285,1996.4096805494357
76251227,1804.7636843698535
83562410,1408.55217873982
93775374,1612.7201703227674
21446329,1477.0085904591087
37345001,1505.5869087025467
49628614,1498.9767597637613
35767914,1692.6390828887324
10876536,1315.2035504388662
47339936,1273.1214238320515
89347542,1892.8844860050601
22457603,1766.3142996627641
77199929,1447.0927981585228
46378399,1694.5341746567865
70602262,1487.6475941136334
54666534,1740.729264451477
56421405,1714.8841857648315
97652177,1606.938357509979
15442637,1529.83858354341
92360497,1731.124290920754
16847908,1720.5007137398854
14220385,846.1033683211084
25905603,1250.63624533832
58331647,1119.2000717641324
22292196,1792.2476135604295
37237832,1281.4133910243488
33009500,1092.7844819691518
12533428,1479.4307188992686
46939545,1832.5331926105282
41868505,2237.4000531559814
75616535,1827.94777703664
73878512,1532.4753498578777
67270933,1020.1379906928006
98281662,1154.9375376612709
66553316,1216.4029467658968
34303551,1702.135398274738
82645628,1185.4151677281677
57257821,1846.3139288991988
21288888,1800.7636431781748
85963653,1329.7868851097116
47876249,1154.711613518438
21439489,1169.9534278597691
52566254,2306.0990997216304
57084214,1006.9615574332015
16925768,1257.8264930820267
32782035,1769.2348391080302
31791186,1221.9445081417036
62797819,1664.4029257532272
35384978,1334.4168046224665
21945105,2007.141350908306
81557774,2278.420326938917
85407739,1478.6187450339692
86085126,2004.6714574453079
95296354,1410.605430946536
90881439,1626.990687086316
30757344,1799.4864659710436
48457713,1524.1319795934378
89571542,1569.0352138475694
94067050,1327.8636502554893
48271561,1508.7986773941477
69357732,1373.1162636235613
86325273,1162.5802972466597
18152649,1544.6141759533655
33899410,1801.821419142759
22781669,1571.8217798620196
17283281,1218.271937524421
51785872,1451.5910054431158
33104833,1971.5022701513765
91682435,1342.8598121986165
70713314,1544.6738697961237
13110268,1198.0638591475117
34642793,1357.366542524774
41694899,2344.8989688184142
86278349,1019.2060933897651
11717089,1201.8395745739288
59185456,1274.8696803715275
59344396,1013.2506165932651
89922228,1634.9199461362841
62027210,2170.5536441775585
98523447,2260.0037538198285
77330146,1898.3684158485212
78386939,1773.1814953120156
66831282,2061.2673780283017
17596778,1551.7855373543462
72290481,1197.7408616963892
31606355,1208.879645120407
72940683,1322.800789786206
24736121,1339.0854051203999
47814214,1818.2432807821624
39410982,2398.07285418549
44151940,1575.1194764146592
65594908,1374.3767587132263
79125454,1164.7484943272723
50322107,1458.1242736997149
76200003,2258.67344335859
85059302,1126.9893755834248
95450721,1769.9233685607735
93253826,1998.338242223017
19723778,1044.2132821929058
35980406,1464.2215676351873
67285479,1295.7304543529171
68864075,1677.6705623758141
37422791,2179.8644718069845
73798025,2130.0880924383823
97232135,1533.5940252408388
50064513,1512.0670275286473
75638682,1197.49403861335
41937405,1536.4244415381684
18443662,1549.1744749674863
68899727,1966.7556965423253
18388313,1846.5902438773376
69521945,1381.5177549751122
31596715,2408.617999776098
78472605,1814.6972586736208
12713963,1021.1154930454182
46768823,1410.605663953429
27538097,1112.1317818428327
89955366,1633.9676236539992
94081889,1219.76368356025
65214899,1346.8498699760173
95205973,2083.556454411343
83140994,1524.313682405842
69014391,1868.3143438448242
66919280,1326.2646793485785
86299194,1818.9057466061702
14394397,1507.9035349543562
88465251,1854.7922877466328
82447513,2688.890835366201
90676745,1428.108386116078
61229086,1414.0089695486015
30557316,1112.4648535632666
48578361,1681.4042089827933
29085329,1719.1352065408435
99539415,2667.6748374826534
33750162,1637.4154353978172
51880900,1833.849802600915
81942693,1381.6368616191805
44828087,1373.5983826765014
80752087,1387.7345892782316
99218652,2859.381109627308
37433425,1119.8019703748416
39115683,1602.4210857227247
26601986,1346.3527792582597
50469308,1278.4760147773943
69872975,1139.7955092364734
18483245,2233.033518374206
12588982,1418.258623173174
79454705,1049.5999094124568
76523232,1283.8888154398867
96131595,2065.85782672654
99680250,1376.2528237116446
82622915,1321.4958075923025
11290284,2654.303832927264
80057162,1582.2543054931764
72165316,2265.4083821662607
79751433,1258.0251979155134
33215554,2835.198181583006
42852506,1362.316916880233
56093872,1406.3543231809815
64167041,1492.846537881723
83380458,1966.99769433698
32651438,1369.7645744409494
38364846,1496.7120638685562
74621857,1026.475494953367
62748794,1879.8318539398424
71435421,2065.3812791226014
76163868,1809.8781916357657
14677956,1058.1612296184283
48283664,1266.7360420905643
93787027,1336.2358849517843
75353617,1411.1213806080557
44130726,1774.4854418618127
75634285,1703.6732205866958
27969925,1473.6337796834366
34662422,1251.6699521592045
46428766,1044.505468541752
40279741,1757.0568966185465
58991338,1629.6760055924635
52295288,1199.8709364952003
25429358,1294.0559259493887
91223525,1487.903936563683
80429592,1533.04947863022
36010937,1227.498218160856
61652867,2036.4524219485722
34655678,1293.0825025703434
32281319,1172.5613194635484
74717544,1047.4435313518572
81780208,1290.3821623508009
74117270,2143.6798522552194
94663011,1754.6516355699123
18715534,1836.6429154356927
89926226,1454.4005577473424
31441075,1934.0717932020173
85656066,2233.297977781758
63154501,1468.8303083512683
56954947,2236.98793210358
35193891,1769.1512664321683
68045567,2153.8536956918556
75523548,1933.9003523422025
80044768,1315.7387818622433
80565568,1515.6238706248848
58680458,1343.4089610589374
93434632,1311.9007579697584
38164915,2070.7824942681514
39561694,1752.9731549990036
23940974,2008.8027727485896
66689621,1777.184416119964
91586014,2978.1157174048567
68610549,1842.8974261531782
44648566,1682.5678065020254
68443861,2453.260596178175
95300751,1492.0765384875012
74650313,1494.206734523578
78190939,1819.7855104233267
79583687,1495.7977989989588
78744133,1338.3562279907617
19424377,1071.1966323806707
74426958,2287.7868307351787
30714675,2080.3372404855595
20297631,2435.4220046077535
62326689,1801.7771009366606
72851226,2046.5988193089133
94924877,1633.2672375232494
39912297,2013.2301686043356
50554145,1091.4050215384661
51964385,1256.1623307376074
91524053,3145.02018618054
67059408,1072.8105280944783
13707505,1798.8579696965833
96336923,2233.579265779574
18937921,1382.362719003333
23247466,1960.7031471590371
20718626,1283.9742530367262
62001591,2706.1427224681656
32183930,1849.9127435450312
29520078,3281.1830748341054
20246948,1765.5921568781735
12865925,968.6492281422702
75414040,1646.2491941209757
29805887,1935.2612953797318
91828173,1413.978351227116
92911827,1826.674914357324
21259879,2164.262639749753
27730704,1050.6098016628875
10805384,2535.3868514434457
28772124,1452.0971531739713
67895243,2213.609259777994
70282510,1860.4531431803944
76926492,1424.186031739301
56029416,2906.343827805819
42166025,2199.721727693713
88855559,1580.208522404884
71679738,1288.1830385255923
95011645,1323.045216938367
23391388,1344.4857680055547
97276431,1987.1019611081992
78499453,1901.1692796926652
50845143,1618.956192097795
63593365,1714.3911107008878
44645094,1386.3968714289067
92805008,1637.669391487824
95966284,1002.4563046577218
86968525,2072.997903953225
35459557,2971.158765005787
16959595,1878.7652089412604
66852864,2234.533218441989
64976874,1242.5406210969813
90803282,1969.0127698613494
32597480,1384.8201028641606
22525205,1360.922588280265
18357388,1545.4682400439135
55224009,1430.8493498051723
12066751,1368.4225239281834
51600054,2507.7357303401614
33097870,1916.6100407072126
44165189,1706.1218193311804
92174554,1798.79102618461
75685484,1787.345887547687
79648156,1143.3221304027063
34473914,2336.702111607639
42069298,1173.2890861597252
24749467,1306.1502118904218
37024144,1722.5850451160416
53463208,1551.8708723032769
61035399,1285.1393946686146
92975059,1109.0775647919893
16258293,844.8224882327122
80353068,1187.2175464934587
69637564,1525.4487223149954
60889557,1743.2340141088196
45682120,1514.3288108126314
62566155,1567.2381313176295
86829598,1288.328979301713
77516810,1716.8027923797144
32602883,1622.3890826441584
99658649,1690.561185690376
98115366,1583.9472760625242
40551984,2226.0502847523026
89171680,1727.4497174305318
78104461,1409.4197649005982
80805720,1915.1461648548511
44701781,1372.4597727109813
32357693,1321.9426309782182
16257080,1895.807226429745
63758432,1614.5156670116733
86560064,1351.8642038779797
76704426,1445.8751820126406
29021087,1903.4748448388793
30903210,2354.65637651593
59650055,2016.2064649392753
16537007,2419.461816864516
44043751,1345.4330938900314
93550246,1142.691685082896
74795536,2011.2419808131433
36252893,1688.2249294999394
60712266,2235.393071535441
54795015,1845.8741958340825
59038432,958.8003965036347
53101267,1280.4916062044106
96137757,2674.0124470295063
61894184,2164.7572869679466
56980533,1398.4120991601314
40911725,1060.9569780639729
78253728,1959.7499001012927
46517280,1146.8421371913973
98578100,1745.4629031804277
92998542,1172.7635314028182
85778453,1499.3886770881545
67897199,1374.878549062919
37385434,1485.6666079278245
29978687,1031.1804965548113
63462293,1744.3316359045166
82610119,1587.628758881574
11195863,1711.8129515929122
22813157,1566.0419776395847
16061850,1674.5241435886028
25000757,1468.5443399673152
23839386,1036.410964784238
62901003,1881.1827749657684
85332734,1984.9879090670693
41185457,1965.6765650252908
32349244,1340.011774507969
75213525,1938.5081687469458
24267861,1218.4599936895459
80759464,1836.052752432973
38052934,1508.1764123908433
36983078,2378.141089526545
48438532,1107.8085890203533
98811621,3048.6549981449184
41602835,1368.1003708916103
79191702,1542.8752388218847
91526426,1459.063464091643
12436955,1493.8777394463796
35460655,1038.111377944977
24893618,1329.7759707558826
12318894,1087.8965109447067
75385870,1647.1301567362523
24016887,1727.755727470736
93798376,1499.1431193209203
10041197,1985.033365788342
44196192,1111.5338143602019
34259961,1980.0021587460687
79360399,1503.9006606734672
90648365,1818.205838881822
32784142,1255.9249316677408
88014206,1772.778572148926
47541115,1893.0965560472475
81087277,1457.7964553828515
99414879,1408.0136289145628
96312378,2095.6060726459364
45292998,1988.858318981448
62464969,1155.2897982099005
89056154,1615.463352534398
43815757,1265.2234033216807
36326737,1127.337207744519
66733240,1157.6018477982482
82154113,1166.8801661684495
75774127,1318.134968959567
99633023,1853.1508009307224
54243966,1624.3089887465164
21507777,1454.043056419804
89526022,1226.993168217395
35342783,1531.0373718080798
75576574,1640.8346557175073
86207238,1700.0323648433475
11999604,1216.3401350865622
64241630,1233.3303860042395
49681885,1439.31690694166
20476163,2087.7018271001552
82534020,1495.262656625552
80449403,1391.346706997586
91978419,1492.957105007261
13134274,1779.4190436524234
30921031,1240.936234008583
35948510,1082.0505092353426
37862013,1038.5066725450845
74364264,1677.1924977893784
73089121,1647.2807594220924
71120219,2163.2676461164624
81357330,1681.657288130934
86696339,1717.6130388255806
32694372,1221.8252237981883
86397240,2724.1902377661395
75410743,1803.6638462824096
54107967,1576.1023905194459
53182244,1183.124173228364
84949062,2222.201570458556
17578514,1449.2246174467389
66553240,773.3838419355061
78244783,1111.7912842215028
85750494,1375.3177536743817
26835204,1432.8481240894178
25568634,1624.8317290349976
62833472,2214.8868498274705
89441409,1945.4748350832767
30957350,989.2056101276347
83492659,1080.66395886016
14123667,1511.113200438107
81332426,1298.1387429151646
75963486,1423.0526001624585
97473965,1889.690243638963
52550411,1091.22479256313
38852859,1092.1370513035306
86945814,1717.8854233747159
99213841,1965.610260104146
93296884,1790.3909462583017
74681265,1289.0047733800848
67628381,1914.2549392159806
53194004,1922.995587432626
79129949,1352.5234958677363
21417992,1451.1164458294413
65584374,2005.4869312988324
83994457,2694.298017115942
79552394,1264.2289433267495
14169455,3527.8025366200236
11006346,1710.9232290015689
55920445,971.5877985642438
42183979,1761.8485006870026
27236753,1944.2159001991447
38623845,1097.609510894092
56539617,1469.0077111504615
89514584,1219.3990474773263
55800655,1407.8278853213226
95341263,1538.6082245397586
90170967,1280.6649580759029
25603899,1743.7658942889705
80752063,2135.154153267904
74272993,2055.01763625803
83204984,1374.7360437174136
56041749,1987.5349276985426
99929710,1514.459123589908
24093076,1344.8684916187776
76171771,1537.5315175694295
87313105,1853.6487461526258
13150529,1901.008771600006
85314779,1970.2301723682813
23218937,1595.7727647292688
15797769,1357.3689328952964
18451890,1315.8163813821016
23712138,1303.6586127810351
40201741,1428.7969364408116
74044702,2031.190118010969
91758728,1607.4723778401967
41605529,1666.987420914889
30345669,1485.7347391145038
72490311,1495.0672310066673
11341429,1562.102667417981
86562367,1492.1628742545918
65741146,2300.6040399798967
28059650,1624.4789385420179
36854120,1397.1769310534448
70514815,1558.70895409432
28991223,1910.381924435129
34210782,1824.0448307810484
97420540,1729.2858821538873
53582966,1863.9089087267948
25471995,1434.2103816931265
40521306,1553.9072725604904
18442744,1722.3786581882823
86475933,1904.7081256310892
35156621,2101.4522165366157
92398280,1828.4627666208005
64419847,1603.179767934041
27879667,1827.163014704626
33454324,2046.8602019516486
78234554,1342.123006655158
37295459,976.9111316839175
76464828,2079.6193231022166
89898019,2551.4477965804253
94459827,1888.829530635905
30672049,1767.077440737857
93226295,2123.5616148012127
66733496,1058.0928567859194
24799537,1758.3082313706702
30909458,1433.5696302530876
20815913,1633.567366862758
77231006,1109.176660671947
63770561,1272.8311403771752
61281100,1849.2434219392137
25443496,976.5755349316819
90941407,1164.0642213931633
85217471,1914.6200047679001
11330523,1510.0749298980081
60135515,1404.6589957696576
96537329,1724.957921189224
89713236,1561.1952839719943
87856838,1917.42764916281
68427758,2306.1101085998685
35697471,1533.685351303967
30758105,1821.119579641286
66828597,1294.0054653070679
64179941,2711.968114614194
57531913,1624.133797978471
82276369,1669.7180462572917
33117908,2211.951012984968
23807930,1819.9798697599228
58313771,1406.3456035439704
86361973,1541.5737449419278
54136725,1232.7337806077428
80609057,2053.429182013586
23386046,724.055005625119
88923790,1380.879306836255
50739054,1489.5199000542561
85701835,2700.316929519592
11164690,2168.1979470014626
60686704,1465.5962301601876
56500955,1315.6935545948966
92377094,1229.8970515463006
27377686,1251.1698493927952
14820376,1434.2092903803123
24454653,1891.4753839199548
49068691,1457.2013176381618
68870887,1676.7379138318802
40404763,1581.8879180364381
53993271,1597.4905639730434
76624283,1556.5538354136272
84681113,1519.0256975189502
39182711,1401.8445471227958
99418549,1573.473841176592
54009403,1060.7109702542136
15732665,1378.9765870253939
21105712,1760.6076250508406
76841454,1231.8847229254977
77456803,1380.3925944867508
94681649,1873.1286070175977
42127705,915.3449891107558
86327920,2100.78529863764
49706768,2344.92967203797
47210863,1895.83912462874
98862874,1012.1383294107687
80625113,1642.290583963527
13147967,1419.233814145139
79644262,1978.7685455330668
40821766,1183.2413722891824
38964351,1491.0888546730594
80037468,1703.4116198901647
10709528,1351.496796175176
14006566,2638.0394592330376
84355937,1206.0935357926267
68139676,2308.4706847588964
51613745,1491.5484764626356
77042505,1918.028989859705
35307179,2305.280760447551
43137990,1381.5948740953243
60366178,1992.1028621247697
28449137,1701.2365525807388
54714633,1172.8532496632179
86469326,1378.7151800147403
81392986,1938.047514777281
94816275,1417.9197813743074
20992851,2185.8254391019736
33220037,1923.526994893088
52922027,2138.98784030123
70522751,1895.0477758906516
35179027,1704.6212772539886
11006610,1456.5193165741894
97027045,1560.2114815996165
60842426,1519.6085667298564
37962781,1678.3118693896752
57446778,1324.5398108038669
46803142,1837.3276149296273
96412152,1393.6316204580935
41948607,1380.5588218145242
30401183,2247.470532241478
82446721,1479.939673110863
98640166,2398.668539006106
16426411,1487.755184996984
40919986,1999.2192080707537
34959842,1432.9219749371339
76545890,3276.691143574543
38671669,1904.5444215283876
74577885,1837.4689360641603
77894868,1487.0191982813478
44132106,1378.5389402063327
13303745,1111.9969015604836
82202428,1107.4359480686558
69359286,1719.6087942281658
49249118,1802.6549129091145
65186472,1917.2291640237108
86728284,1275.0980685705888
89113200,1785.9744725181008
64085288,1220.4155539432056
83095293,1775.0615906603805
55834975,1730.7175013985905
12408851,1499.3092044119091
45102161,1553.4784316856328
21425066,1285.7071745314195
49253416,880.4739194483969
91720337,1966.859844948053
38125202,1442.4649380662213
76716879,1549.3003496849767
75093314,1076.000990341518
94720863,1294.8260400393353
69306868,1399.940855627374
78783123,1698.4607164232687
31503266,1354.4862389157981
51221256,1413.5227914267696
36978860,2268.775635881493
77102844,943.8204770969816
85218856,1584.3488512389642
64674000,1555.1636779788666
71928536,1491.8435947056703
71632516,1533.1989482725382
44645677,1652.6644807229302
27089889,1945.5306138291196
85001254,2044.6784938401427
80789294,1443.7678690608948
94921905,2283.9742369692653
87557595,1642.4957140675306
27812172,1208.7437749504752
70326518,1796.2197087487264
76820242,1326.0066555113326
37798149,1643.9519220005093
95689974,1444.3444745699908
86698149,1677.5993602253463
82332389,1442.7114785090762
38769988,1148.7115417584932
62104171,1419.8292081252184
20008764,1402.8327229037104
88250848,1014.3437008995257
99989436,1806.5267826342713
20654244,1562.73062589301
63645129,1521.0981330354082
66237213,1180.8380518100082
89366030,1711.9157714721114
43885604,2933.9815752816726
20777495,1723.1742198937754
17630232,1812.9362579712022
41034819,2109.6755073834306
30863558,1538.88728850384
30990096,1552.7949441832354
14528263,1168.0305173321526
38046616,1839.6912867853432
21720690,2173.1905746516372
41971276,1420.9264003768785
81966182,1509.2093578935658
81876034,1257.99788875232
23233042,1330.318766088232
59959368,2524.1440969955624
25429816,2126.645622270287
40884180,1316.574962848815
88955672,1540.9271010575478
43077536,1788.2148214696745
22541133,806.558929004982
98515757,1970.1272158781446
96170890,1628.2040964300447
33994765,1360.9918003438333
91089578,1750.7649626287305
38840418,1782.3983248988368
92439017,1409.716164158095
30192634,1613.480968766303
30769461,1413.6506627207673
80205723,1407.4725478947387
55131937,1889.518468903568
29185681,3077.2655903366017
80773149,1355.267181721373
84757256,1292.987490875782
81505232,1518.456480631928
57555020,896.7917666635791
70106520,1446.2630449292708
43240131,1722.0248185416795
57158414,2984.556461384723
63966023,2303.7707064685296
46075950,2212.1823778170647
47516649,2135.254617013902
57203804,1616.69016472737
99285503,1467.4663189279672
23511969,1107.349878615729
78376646,2181.2800383601207
48884000,1411.4134948757026
98727752,1232.4809307222793
82907215,1966.2638319839182
72719170,1479.2775261652266
39149918,1384.9921232734803
85435767,1462.345050794195
54111802,1946.9530206260367
92599919,1291.7526593608525
24226064,1602.8871066166648
96829833,2192.0401741168375
27301621,1289.851404478755
15887246,899.9094147249984
51726302,1086.8274121276647
51260265,1745.4709640992812
45934883,1590.479381053707
97289930,1812.4701619232285
42847093,1202.9849605784773
13695159,1226.8061573344537
21664737,1392.0418100517866
72162540,1424.9060442141417
45972276,2141.2298875102865
71222059,1662.8580984121884
18901787,1370.1636445600864
64794868,1412.4111885332802
96040179,1330.1855355493649
43891507,2155.6341041582023
94649367,1351.285148558684
85490151,931.7951457599593
51948440,1095.2052073530886
44237958,1028.7635205907777
97658202,1297.7162711285669
77699657,1175.9610979866604
23252427,1558.5249895755321
10697423,1434.20995716724
99095154,1666.0437131408191
86344123,1517.469403721103
32740825,2921.5044126084035
39699187,1512.8246558158762
79334316,1376.814137674345
13862142,2218.308221477028
95022546,1333.3853518513577
85671131,1511.4420346884638
13946093,1287.6902108910874
71911642,1581.5596636720718
74557358,1736.739230383885
76424216,1686.861385115303
60569056,1297.884212574343
21429356,1637.1618315396854
37147011,1221.0003518345422
22363795,1113.9099691359659
22711721,1138.9709716738937
32781826,1623.1847958051785
79919377,1498.537545841987
95950869,1124.4333501824517
67975454,1938.679203867372
61846310,2079.3710951409407
47190136,1622.7748433889456
72140487,1688.3080712448148
33356353,1670.2043202645345
57558815,1572.5213130120571
85765913,1810.9600192283199
67405346,1357.5119453132108
47178751,927.8091745679563
92743619,1348.7438015292912
67809997,1671.057269492075
95649734,1675.1576969751686
35761786,1682.0105693957978
20333506,1106.5857524344203
39856656,1821.6654321182796
80659941,1904.3709111881492
72539676,1186.1921658911867
34808508,1545.9781158425642
18684795,1980.8050808696923
60926773,844.7458834723243
25343604,1632.6194726530946
85280076,1373.9566277339811
51516725,826.6100594134235
54359603,1878.2812145660118
65763192,1816.5856983414321
53926540,1232.200639819818
77237054,2330.0073804783665
75498756,1864.7895218179863
99166662,1189.560367366051
72410551,1225.5402200854223
82923327,1321.0472293186065
46066488,1439.3429423635625
33059137,2122.273965038689
51480279,1352.6248136111126
19373977,1480.4454123769822
90715980,1268.2703054032936
56492794,1359.6530654296853
46037369,1290.7346994013496
22743995,880.2071827895037
42553042,1356.5336126182813
36975311,2040.089299545519
75351486,1201.9131687232004
30981897,1653.8958762192835
35580501,1916.4623443085104
40483549,1220.2525647510513
64819235,1550.0915063208067
26688957,1645.9648459820844
94904538,1751.9466224814041
46754012,1618.9970126739256
36796857,1955.6934019333721
28461943,1846.6000414822165
14026453,1442.561845831876
69053024,1694.6969899565836
32733126,1877.1424542455798
40931025,1631.1086947967513
19427950,1616.5621839208368
84597120,1164.7606989503822
18811334,1338.849375326463
78324699,1642.139941131273
77953974,2057.0200478787983
27862041,2269.1005503195443
37247191,1517.3197467055622
25562317,1823.0519911214653
73172608,2383.998556850094
33104896,2167.0029618476888
82319650,1758.0501763708264
21799452,1595.688606764352
64888946,1913.701278551999
97264595,1768.8104377229618
10429454,1167.10935599128
61575325,1312.3619090354487
56897257,1521.2339746113246
37059519,2360.2296772502664
52110520,2702.752587056873
81197632,1880.938981545979
78041929,1460.76433903889
62481600,3094.974294910257
79068390,1253.432917146112
35652591,1426.6782234708473
39694436,2476.2099230736208
95898355,1710.755096334583
80006639,1950.2560706786826
53958546,1134.8189710103363
58986255,1106.2196765832607
35034634,2009.0854703404987
21845497,1925.5577299247573
40578913,1453.7314004524471
52684708,799.1192092838787
89834641,1595.6200802766514
65511611,1121.1293638615698
65731676,1978.043374994638
83770991,1505.8443466302717
56280602,1431.7190123974287
44140498,1662.2984200764467
52748496,1910.6304048985057
76136540,1295.643660805429
35483441,1303.6520147833057
25193108,1801.5253510971227
27434478,3766.2860337656134
84357441,1718.828060942368
70840263,1596.5994759745702
45633382,1783.4664672224765
68317032,1897.4115880654062
73465107,1286.534084835146
24929921,1979.9808623360589
87300428,1962.3706585575358
69871020,1395.1750989436432
23755175,1258.1241688963005
91971062,2977.487115432867
74483617,1350.1922728350012
89642342,1355.8298375086085
33276861,2255.902019709485
18861332,1395.1144095205245
77211245,2081.607431783912
52041127,952.8691774301733
95864050,1503.5037378669851
82528777,1821.460961488058
62702832,2724.629339766359
24146181,2062.3386140715934
90263367,1598.1704270203466
47033948,1395.1316542712327
97856612,1875.6411171580548
73014333,1373.663596147716
46731094,1458.1757329564507
15781171,1392.3580189973688
51156245,1709.0295446478576
85958922,1047.775353328056
52550761,1239.7099824545373
15567593,1628.1544216758439
50279318,1024.0721331262803
88796422,1125.9291530402418
66724358,1250.750510864648
51443999,1714.8121968551168
32661637,1469.9296791618706
12999579,1425.8983978518245
32460111,2163.741867064687
70354263,1629.4465742753516
99768418,1524.7102528325029
93597400,1798.51261346228
42968448,1022.5820999983265
11447851,1527.090866640664
76146411,1761.304166518763
86917958,1769.8934395637536
57526187,1973.0571845773854
71062405,1563.9534169669096
72847399,1509.5381699965417
54891075,2242.4457606240444
89841901,1755.9739385990397
90056417,1410.9792471433047
77892346,1174.271369731186
31627402,1280.4025805143613
78864638,1373.3291084622333
16022883,2572.4963920517966
21980955,1842.2490169664768
98291218,2264.475552285458
37406677,1342.5183254362043
73253470,1394.6095273777883
80239984,2189.9412434819465
60323265,1968.5757452826292
93655248,1289.2958006703584
58796215,884.0932311547832
94203496,1822.820410901116
89472702,1501.3946087440552
29142290,2042.3945063689398
71021568,1254.514247147051
69197364,2251.5877143358225
67499939,1927.696012479458
51780875,2061.320268970637
46941857,1687.0078065506293
57911836,1413.6023568186401
38559875,1838.26045292906
81398050,1698.7895574166494
75334315,2506.2946246246306
59308610,1384.3443170571215
16247087,1850.0105267967947
43247285,1796.1999671336225
45215633,1759.8650419525984
40481058,1767.3146137266613
40365284,2503.2816203458187
92836079,1613.3395214523687
70303716,1498.2673742765207
81749724,2893.7591148903716
41853820,2029.5528509127932
81440480,1678.9392658922534
84996580,1870.3294827164336
35919442,1429.3943596992158
19046260,1993.250879047164
90423631,2108.467195046567
92961031,1958.850658790662
89855372,1957.8263587265228
77816576,1938.9015251553149
12194715,1522.0620627416818
20115124,1944.2077742134752
73703358,1669.7561279506456
89792966,1766.6986573880565
43706254,1543.1787027000173
70266281,1577.9948583540754
78529732,1578.75177552083
31638825,2213.76291559818
58167471,1909.522619448286
93767960,1839.8671926967306
55879589,2082.678153725641
67388602,1770.258755765074
86008328,1341.4042692420649
53844650,1362.6822206305876
86660948,1978.0296825615496
39941650,1325.398664315616
44395757,1860.6665277678742
81989533,1458.1370705623215
46504700,1231.806686038405
39402032,1244.6397394522987
85919943,1168.599133576413
80733130,1992.2761249905016
25189661,1559.3315629043116
14623666,1543.0225685387895
70848155,1613.3894870778004
68571484,1896.5399930551694
51228995,1352.716781409263
49683485,1618.3763831397903
56036763,1500.7885828455564
32459332,1744.459769416683
10860915,1470.014351098799
43696664,1655.5282343409299
87941364,1761.5679025563668
76183083,1456.9419475311872
20966309,1734.5423130068584
37699108,1701.9468651658162
55952526,1122.2992422812322
15616438,1549.9741523636733
86514240,1727.0880723740972
92945955,2417.95469403083
63145934,1772.6992782088075
58853662,1457.8364632544915
79304271,1364.6196001075043
24276255,1545.792821960117
43245413,1531.9193106052426
59024690,3124.5984498141975
13551336,1852.3226689551532
44848614,1628.401740190995
61087377,1980.4618107515387
11885900,1617.6853202176605
92535927,1231.20773382695
21708152,1617.534551940979
45352808,1329.9218176880117
75624156,1391.4731449884805
32001265,1228.5189595051777
20413825,1442.44945985336
40305802,1631.556901386041
61861688,1247.5240262927357
33441351,1549.335953715565
30365812,2073.2557485732636
43625038,1462.7540903405836
40659534,1364.051520354208
72885406,1492.8218360939516
55817366,1001.2489531522518
78604997,1114.0237344472018
14364198,1453.203196983969
70814486,2617.4396543222883
71030650,1261.6053564903725
93257457,2246.6530850222766
65515227,1136.3849985051183
23048185,1552.6502454860859
64021401,1777.8116494444766
81601136,1273.485388284593
60464050,1583.5597489107306
62126832,1364.224632340742
76122802,1438.9163315293983
68619547,1299.9153195349998
69931017,1879.0434885690277
52039321,1397.7852317667227
96748453,1467.0632598148159
40650345,2166.6323520451165
94190496,1354.9867678000355
40034795,1967.6841890302087
16725203,897.1375980541574
37869032,1988.9902695816727
87784983,1349.6554299597226
67445694,1372.1397731610552
44138052,2058.507003851484
56359862,2082.7454689432107
27113776,1757.106408800854
73853459,1292.103739251345
76284169,2508.2414816202586
42581373,1891.246150273574
74617250,1262.321769606585
29606632,1865.0317346004979
22328059,1609.4983759305294
94596005,2153.4446737201956
73640300,1186.3344598899787
52511016,1498.5453683714386
63643579,789.8385632341178
73979691,1904.401844119812
76806109,1095.5756387766935
67084872,1327.6463949391
94616960,1073.262959710778
44018639,1115.7529040355382
10369424,1868.19946603248
19417264,2361.540375844679
77137301,1547.7757039189394
33598935,2232.6847090139904
81379316,1761.3419283263918
67627945,1501.807312914062
74067952,1123.1695881882877
54161507,1266.558954477168
55930611,1334.0332437122636
64919315,1986.3480158599095
92109871,1293.8898306143083
88653847,1399.7019120436182
50331596,2192.158091722076
68139580,1313.5428606118676
80241693,2607.6319120821595
74034028,1899.1694483592898
22712040,1572.0484081312945
18212521,1461.7650529945702
60434302,1593.6613576506445
45427525,1121.530058143966
95853311,1296.8390491972111
70857259,1857.8065608155637
81477083,2193.882144616993
27723524,1899.2105302804011
25206032,1253.1788672716277
12102381,2288.3314132428645
72428170,1378.4654995114852
27672042,2194.16272437444
77000429,1748.6656754166459
95589605,2442.584608494775
44647376,1700.3429679961525
21338536,1214.7343859851178
13820529,1575.3353321208178
24568041,2233.75271058686
90117191,1722.3983329633854
45800664,1630.8024494083047
13557339,1776.6424657209038
19087413,2219.276987734353
11616417,2083.189003467843
22015830,1503.0080731601402
42617304,1267.8912135966236
72598754,1554.743898062886
34839793,1428.1600004763725
77660297,1503.2151163395074
13706769,2860.813504287504
71694094,1942.8481093319024
26712974,1186.5745199864966
11161484,1456.0728901998245
92404281,1093.2654392854035
29267516,1533.0351144937322
44574998,1586.7420382980072
66291057,1091.421029663946
13701175,1590.6908766361619
24177160,1840.524737660034
81405301,1332.7647224167072
11589439,1012.3566103380361
17537269,1402.792706496674
98168887,1944.1087916378535
57508409,1921.067811352019
83408387,3099.3975798344277
43301435,2107.71180831958
49258344,2391.084960846138
98631322,1291.727743224542
69659096,1775.6281481151045
99106028,1245.570229193102
37856658,2022.608461292327
42881579,1244.4081287051592
77859891,2459.614904702102
81041727,1132.1953358467063
47217829,2349.6348268705465
53083229,1531.4852903975952
79619006,2002.8228641909427
87897995,1053.1653913502125
17964917,1084.2443098515314
80568888,1113.6478900856457
43042929,1349.3943518388658
62796073,1880.3434644813558
61083401,2138.946747598036
14141477,1463.1301088082648
68306110,1793.2323041416264
43708354,1753.3354781522132
73883907,4052.977090524855
75966104,1872.7924420202526
55672599,1318.0857465784175
14917596,1664.0752774422433
65294870,1846.2238914973323
14049454,1660.1376766298988
93295381,1589.1545834653925
27730907,1923.560225314288
52543486,1617.8234926644454
79427440,1396.2151765194228
46627987,1876.5007170422805
63096372,2006.2720632277753
21047227,1505.819056018262
94588817,1642.9288161526692
82925355,1668.2660523364373
20239710,1409.947886675758
66560522,1368.9197400361147
34394729,2295.949533240384
74199492,1389.7941884754703
59577067,1312.9068222025896
69919638,1313.30991534389
46718033,2185.4676779413203
84917912,1629.9364255943221
31599665,1282.0716749118203
39056365,2560.731399110186
48895978,1314.549579600244
47094246,1986.637215643979
19549587,1074.1302856053073
18563899,1860.6429322858448
81642903,1400.6465345663157
12095543,1466.949522511841
67140026,2171.5712466355544
11054636,2119.2314950169125
21698635,1914.991598435431
23623849,1937.0360913897066
71392936,1620.7292657037715
83425325,1854.2695273744412
14553390,2229.8417528177856
70274030,1111.5735550299476
19402442,1245.1991749423985
11041677,2398.100975438571
77513563,1489.5189376721107
87335721,2903.5117787651907
17466406,1470.4355678352076
11267365,1594.048365250336
89144675,2044.68015237316
89338457,1368.367997931503
87803439,2293.3461361458026
20104582,3506.9883180485704
95781089,1194.44420305273
66358482,1382.622014151828
62863016,2374.412128336671
92557337,2684.366786602333
10876766,1225.7063658746617
70473205,2304.475612114693
87569671,934.0727565726144
61139578,2558.7912760029562
53121878,1612.8365052368301
15430462,3278.5309361822187
67332796,1289.1688110730067
75641163,1736.903551819777
23552924,1370.1104768591279
56332291,1329.609828309411
83472051,1563.3829531798174
73213649,1507.8175896252612
47802315,1587.4792879748802
42459098,1353.189643065881
59654537,1749.1102713765122
49312825,2123.819201841566
80983900,1817.6406243396589
58178507,1403.2045537405847
50382416,1896.1824879334438
66073034,2036.3811810026
43848284,1519.9750431257178
85092410,1528.2768412911362
22321014,2433.531698457164
31162245,1364.6340636305194
26802981,1119.8777951961972
89737386,1822.547442725391
22704344,1626.1835998350682
56000373,1843.2642178537635
96310766,1208.3430182037782
70324095,1957.175232958689
86441629,1385.9804331274888
12514793,1344.9856691042085
89583392,1744.4977677564839
36498032,2384.8989001670593
22072881,1198.5863242733205
23992589,1137.4187132247869
25380807,1129.6725021938869
30026993,2394.4278162440255
65742850,1461.8262990408546
33236806,893.3610039695317
64518820,2414.592581061921
42371713,1435.1832959543563
47924596,1759.4303347294342
55469978,2017.503715517157
29356220,1265.5525604321836
98913649,1135.7849609094167
22201860,1848.0031398287956
17005574,1775.148686067956
61767605,1787.0098456405922
63003964,1526.693146304466
52904792,1841.7941781548936
87014699,1766.7931502195509
60476269,1934.6115559956527
23374773,2240.757200840187
12887652,1729.1411432070133
11366466,2264.73554706716
62053080,1232.9195649478584
21354279,1394.7602581615047
58635346,2192.7685121155287
57475663,1594.1468409981765
44627129,1289.6908762856121
29419543,1539.4737279099948
47538164,3254.274227954302
19854086,1611.3802773360676
63381374,1661.3373601655658
55348437,2094.458898315989
80254443,2166.878788292942
23105559,1611.5113375378949
25129271,1803.1382678952389
40257293,1787.7398933593365
63509506,1180.333418211879
45432136,1537.3351709310625
19785631,1742.36470053285
22859019,2603.0944029841207
36147504,1389.1374118305641
54449509,1732.555405016221
81205631,1584.6294624258499
98103632,1834.541255509201
32691265,980.2561907949993
72768344,1444.9030730137165
51890279,797.8847876186634
48043615,1446.7152996934935
25374441,1340.590088235095
59962384,817.3084483789354
28910995,2334.0280589220743
13141234,1587.4768684990966
50747063,1087.6995180075353
55252279,1394.1679548609288
52007426,2184.015056202868
30847276,1614.814133680129
62106368,2261.7031375293122
60214573,1391.8533865403494
40002314,1718.7739102522562
32428356,1701.5627775390815
53658343,2320.4562342597997
29161839,1665.3215446967763
46396012,1490.997641776533
62360708,1982.8284500334378
43297939,2040.3389912457887
12562149,2183.2187134959263
36028116,1689.824305845864
87330286,1725.6815574809873
88119407,1984.0685361146082
26750897,2407.1583852746458
49969361,1470.6788002038072
97204974,895.1782728803497
99702598,1977.823976615494
52763802,1645.5622622529002
68901809,2064.401712122118
39208673,1465.5550355901123
54033485,1943.313431122193
54497531,1666.260980406937
53990991,1347.0016273686576
84489537,1200.9304251749197
35670801,1267.20007315985
78791350,1250.680265421109
20845184,994.4901717841648
13555027,1679.4301898285928
37646059,1908.0683354191758
76127874,1581.965187216204
92134461,1621.7492437554529
35770374,1871.669210855501
71020209,1889.5985444077796
34171582,1598.8076556684691
50654248,1333.2270358028607
42458567,1572.646976913779
19190057,1260.8152845221202
54080489,1274.1000727862138
68542535,1734.8751378450718
45210646,1933.2966352619662
59714270,1529.6921820860462
88185676,1296.7472047864146
71490260,1402.0911243917933
30639393,1191.2289063058497
82576353,1848.4336721086784
24335906,3321.4670604691187
21049647,1245.8946893279756
13781432,1301.7956776670196
86079138,1760.9375960104478
40000990,1629.4983448750072
73775201,2936.4205945120107
35148701,1768.6818934663952
81596880,1368.8042629772783
94320273,1342.9312559451719
36438421,1761.9680095620477
53057217,1836.621168090991
25248077,1358.130898015175
73038169,1185.863855215208
73258090,2277.0644603188434
87336796,1562.6988918956285
78963426,1417.2234698304171
12232405,1663.1361393389186
86811261,2050.608389665555
43165541,1129.540898073408
83018865,1827.681103277561
37762842,1546.6917160916848
65591705,1775.6312411423667
67890361,1449.5742822962475
94753186,1258.5538555871055
93051402,1437.893050573902
18623638,1496.7842814139865
35256497,1384.8626963420722
79246585,2069.6824244507457
23762226,1324.3824338848906
67287814,2484.986947609168
78864148,2252.8143195146204
30658878,2180.0507618582496
97960066,1237.3677219310084
19914732,2358.300750803707
23619037,2204.8182370343075
27095793,1847.1801804690233
83667300,1262.5176275897938
76686009,2200.9737333674225
79911388,1915.9614689387272
36038618,1612.8735351098815
91489166,1327.3585288288134
64088644,1711.9729574339688
10087238,1418.1452968998885
68403788,1437.3506851966993
95817054,2098.9106324123427
57182933,2174.376626392256
83941537,1665.599333431616
86909159,1817.875985222109
45478492,2646.807924499764
84142111,2471.498589071403
45223652,1467.0700133990747
15651868,1800.9723495108512
48952352,1242.496259005525
53380245,2194.211231051114
56211427,1262.8542808321063
66961588,1197.800670015987
38567012,1078.441151396019
74938615,1461.1191203934943
81147200,1814.3011440534099
74772897,1639.6031041950944
80316029,802.1075773389758
76791795,1813.6118287528445
95549661,1320.5428387522163
91524955,1907.1551504575036
93849275,1726.9122478947017
61885188,1977.501119115057
17120455,1153.1484791127318
71403569,1981.9496002274893
57944962,1799.8818669378506
72483844,1680.403026355901
45141218,1689.8483213495217
47525065,1328.88809236053
24379765,1237.645347208208
91215387,2136.3138340462806
39945150,1137.6498588444736
25481926,1747.7454094803804
72167432,1789.2202399346158
15652519,1122.1105741180063
58079379,1142.9650351356981
81779274,1821.7802460365665
11313638,1525.5790537690646
82915596,1603.8787971228548
12551058,1707.2591823423008
69374139,1748.4532966577335
27490970,1596.2231083915146
28663701,1427.8256855648226
51901697,2184.84119644374
19964529,1949.9058877584912
14203976,1940.165265236965
86724526,1630.0524953012366
46513661,2166.2337697435933
42464585,1436.113148180423
14360059,1334.4458031940655
72181637,2316.7632275515566
78956787,1509.762994159949
30264496,1239.4113158776725
77227528,1610.003942384198
50534372,1524.5899425407279
12187853,1876.6011323114574
97814800,1630.698721213861
49704538,1517.9487392686958
31844965,2456.451451167165
89449307,1180.6256584725934
72286626,2134.2387794178335
90641879,1784.6131892985275
39977212,1925.3012154465366
56406335,1271.426714714604
46671061,1866.612810610828
21883230,1596.2339547005283
57754484,1145.9172047720783
96138639,1915.884329994952
48581654,1875.6167160963032
15477564,2231.035022446228
18367532,2115.461211581825
57040971,1055.0786932308827
24677280,1897.8885939633192
38279741,1239.3490348858425
39630161,1788.8769035011776
94354941,2307.4388054611304
73739305,1440.9207763688057
36839896,1707.543267119322
60950133,1311.2666890719051
34560824,1288.178049344895
89848060,1714.3502346280475
21727334,1870.113150722632
96402755,2665.7388970436564
99203156,1458.8006938287633
69252455,1517.0852260400634
86645439,2792.8734312438505
83677892,1354.8513752891347
22897635,1029.8953240513345
45288708,1625.644938331212
59969436,1698.5905234682305
94774349,1324.0159344915585
16886474,2068.1197810020158
44198009,2736.387901526808
64700341,1248.9328806026042
64505698,1243.4618917317705
77323444,1509.1004733597701
27706778,1688.9237400064949
59628829,1230.4377571801238
55365465,2037.114292608969
69970571,2268.5936409158153
94271260,1549.4895838087039
52700573,1741.3958432314269
45014443,1850.8810199806194
71021280,1770.1868961924513
51886091,1665.4007296129946
91170937,1761.2186426985973
92081846,1781.0913903750559
95719079,1795.158248819861
12428005,1294.5881528411085
38292857,1446.4284635222455
75786036,1701.0750204035937
76868352,1649.236097806608
61787836,1741.2341162052132
92993294,957.5790750198536
23885591,1191.43529550771
40800066,1448.1839294456458
56146741,2136.2879222405086
49447892,1559.4218839139648
52965378,838.8909977947643
93685952,1370.1482703025104
89649731,1062.984465300479
47102704,3108.538142535684
52908918,1745.8585882227035
77943419,1588.682485277137
92500699,2187.9555413574312
51420779,1962.9661065643338
72830394,1461.0314986970816
72781023,2231.1881864020647
16161212,1140.9308963530518
73724856,2211.6639229669486
76991618,1129.5463944451858
95797758,2233.990470481289
82786703,1066.3757864021852
77183119,1535.1431249020532
56026782,1185.1921216274538
16589083,1515.4289935605393
47749953,1464.2860454484369
27187508,1661.2965077094177
51723171,1772.6221786211772
56627258,1972.8371326225558
75635227,1151.1119497428188
57547046,1308.7915095829048
36631973,1987.0071016723984
17463415,2366.2480022685013
26674861,1304.2853713336017
56995341,1010.2673040482568
26126144,1204.9997724197967
58450363,2228.5632257354987
89312269,1021.6458490819568
16817991,1321.9346125538548
84965319,1263.5785864953882
43319013,1726.7561322619829
44400321,1154.9180322775603
80024230,1131.3262142020485
74521218,1866.4632002313053
44832141,1591.996401634372
70162625,2088.1049389776713
43589357,1847.0350776183802
14100726,1384.529706598518
36520084,1237.5101500480457
98999098,1097.6846160486716
14148442,1498.179426156983
90033275,1853.0976505102515
19819492,1102.7573926292448
94929441,1535.0428115546292
64769677,1403.6789979622629
80605119,1546.4715980398094
61896581,1999.2080013118457
25053770,1623.2703416279244
74893395,1926.1204540273932
53560531,1370.490060686394
89710260,1343.6055106974757
93875018,1419.6814345636374
64766158,2666.691265765213
54305179,2047.9023068683064
30403292,1936.4293259545257
60767564,2013.5861771101584
35303188,1544.286261220135
21177257,1887.939780217611
15350431,1963.5633518400862
19112314,1435.277018598544
10078818,1778.0603348678717
23150338,1821.554037324704
47635759,1823.5863991937283
30605686,1261.5536150439668
29709781,1721.8996117765512
13735642,1196.771027160308
99020214,1426.5126524394727
28873624,1749.62544072053
70890497,1436.9246497632005
99675492,1446.841648270179
62216584,1851.6386803203684
84668724,989.1594589118546
88738488,1670.185230531243
35683009,1299.5130217557862
72816721,1592.7119661720778
19163259,1714.963925540091
51202613,1564.79226272968
56056704,1058.8649489111147
49879334,1032.5309980708712
16786843,1526.2848490041079
47533115,1679.943983583272
22109413,1338.6749226351474
85518746,1317.1589709453565
93362991,1509.1990840894432
16124077,2085.0801825370822
76182432,1210.759985852657
26790843,1477.5737252972503
89672220,1886.3797146541474
12756298,1800.4149277040099
16926806,1393.2793771794086
14000956,1518.390878906841
36806959,1403.8007073573724
87017954,3303.73007902807
43944283,1662.3410713708854
44101724,1046.4518223970294
67316534,1196.424608529334
88490548,1481.0377641808466
88665651,1756.8750897036923
83830852,2566.5424246307175
35512699,1328.2410629493818
49228670,1664.9320201009195
47172196,990.9081767228869
86195285,2182.6027631994107
61100752,1627.158693732147
23609539,1547.67862058763
95881788,1663.2952366544475
44925764,2067.6886548836196
83971268,2520.1112714159312
17370699,1298.6880458798562
76384877,1427.8194292870576
93972349,1672.5011006364773
64752973,1327.9869961022753
22747583,1384.2438892321934
38304968,2167.468765031097
10235307,1589.6832543442913
25779125,2193.0521952028553
12843653,1271.1471987102207
78094768,1501.2168629369291
10635284,2320.311121003624
13687234,1488.8945177761943
53936042,2044.5959887097295
82732686,1185.8056197973017
96543781,1909.489509045642
82228529,1166.3984627952825
12775154,1543.8444497827543
55255907,1515.2523262352054
32916130,1314.4283910475187
18504284,3356.1331245926544
65825890,1791.857381924626
33391713,1547.9518139020518
93331533,1686.544289905428
89345152,1721.592216890737
46576484,2692.989475361054
33320733,1343.042975870806
10724817,2802.719650244481
41244276,1986.8305287610367
39841607,1499.9039623419167
59463885,1837.1013310192568
61317492,3797.655948372723
33725830,1012.7322983849293
15316450,1683.8067745749083
53318939,1996.8912070281222
82300735,2200.302274050848
44927585,1426.3606247617124
80951510,1711.1311931676537
51421456,1952.190394064477
67936055,1787.543619142215
48065777,1011.9211274790637
56103730,2284.560482034129
40566531,1984.6621898084713
61129612,1809.171918137322
72015593,1515.2485904882822
73826407,1232.293732717362
88021730,1366.9900173851581
85653819,1486.3674137967166
45194339,1409.667131919966
91086895,1429.0340627484059
51919540,1678.0129354004184
23157322,1662.8131182183026
51628095,1980.6307550893064
96537190,1795.6371757635252
53402735,1480.9926001455042
36360155,1133.0299208741433
37694507,1780.0839950680854
83593533,1549.9342221756149
24284452,1639.1950164656027
21000889,1627.0164803341886
18518898,1181.5245578437095
11533995,1693.166097441398
91728492,2187.981568195612
32889326,1041.796515188822
16392740,1426.0681988183587
93954664,1393.2161757449023
40527969,1618.7135635009463
13359501,1360.2968218519115
54613106,1062.062516221562
89494294,1824.3617830329479
43243456,1537.994917311474
49320975,1888.1509444863575
66824387,2102.322034191464
13395531,1384.5636498675142
84702746,1209.8956318848132
46376987,1843.4298757235683
16949551,1370.3248693590451
76113598,1541.9379027966813
88051686,1549.6032862546863
21575972,1643.1547359968802
25797068,1186.9105557225937
46519671,1409.4070612806147
62958708,1637.0001027493736
41163598,1014.2422411998077
90108134,1487.6028805593107
40305514,1564.3925904612006
28323820,1634.2019436698793
36148206,1181.8490142254814
41903222,1651.7373529128947
34111269,1769.7586816519588
22460898,1906.695692921616
87095926,2048.757772355482
99063606,1544.3171861091396
41090287,2624.774069445316
76553835,741.5233208503495
40520930,1830.5305435645685
72499276,1582.3747324678461
40722377,1915.2064594633387
23596828,1860.0414660630643
94118199,1285.9898647953657
54177823,1905.5829764257858
32744353,2410.622759991802
83540534,937.2776354326703
60135160,2013.5634769558753
32215997,1099.1651824609637
60591783,1324.532234491229
75534413,1313.652445635221
74381587,1681.2905734210915
83928867,1139.7353667967932
31779925,1499.3290403614774
71389415,2193.171691482947
36657020,1390.4565836728325
52833217,1634.399993379781
43206206,1270.9330177311429
21701449,2153.612463728097
38073031,1290.3653719893907
34369333,3191.4231764480596
92620587,1756.8730445182664
11512547,1588.08096850792
81501365,1328.1342294962049
91014044,2524.3764128718835
90225400,2035.1315398693152
77353219,3204.8567693072873
55291546,2074.237723007663
22923482,1335.3386073333938
14288303,1278.6662126864062
55909136,1500.7864726159348
41957261,1213.5498292232749
17675131,1338.6792090679462
13490253,2136.177184140446
79023756,1581.4595670890149
98393510,1090.6805206025313
36169986,1438.2719173959802
98879925,1428.7237380630402
64713126,1308.1760463912879
54807445,1635.9994561845112
76751871,1853.9739968381498
98441518,2225.2540138372406
54149693,1927.8785168824004
42794612,1373.7383791724187
76036112,2691.6175406961315
14657728,1671.4636491966303
73292737,2420.0987049253104
37897222,1348.6159359323974
24707301,1677.715586821506
54570938,1904.8930631743551
47969890,991.0365582993796
86391847,1834.214839611698
43251995,1446.8282593712822
61789630,3008.001272519997
12601759,1421.6339629095007
86045386,1287.8507438390182
67870680,1698.1405967145886
92603070,1227.1591819431435
45118743,1387.5336857691066
40352166,1592.4426527831583
96817260,2328.1476022992024
70031890,845.2223400037028
18280163,1483.6102187977756
84418154,1535.326288316979
50657043,1161.9492131301085
24196657,1800.7324324637427
30339428,1480.7218928238399
97021401,1628.5634367337432
35926246,1533.0972699751899
78296017,1879.672784391999
91378970,1079.019710068664
80348783,1509.763711377842
90424864,2097.385434820712
65449342,1252.9071943147962
50552285,1111.2640413905426
96371635,2268.3090478870636
72833770,1616.5822561666598
94834332,1105.995309203554
34291304,2318.110423922692
61020465,1674.203659597739
58556746,2047.6565824140496
39138083,1834.6747031882517
25334186,2039.4234143278588
34764813,1910.6670586403222
37404139,1504.1468382311905
44171473,1391.6532567919892
32137098,1281.9881211404374
72644851,1480.2860024305985
57301182,1488.3466346775504
68777856,1617.6271963562924
46687209,1140.8077402052847
69167315,1413.4789371182178
82057134,1595.1378582801462
28611499,1582.3297076676315
73817431,2138.6578086654913
66885663,1896.2945541391516
81244724,1408.7541548081251
17815149,1764.4631468516163
76792976,1656.3072872281573
32232188,1315.4096088345898
32884692,1480.5400728863972
51904668,2029.8403787717107
54177086,1557.1954345688166
79785130,1971.4338224834482
24791309,1173.093654774515
79748184,1242.815798950761
71076766,1641.3878945580782
91713473,2128.701532927979
21889636,2492.8614814489492
88684450,1607.2110922337345
13868166,1172.8191612899427
72609306,2701.4082787911752
40230821,1052.2665763260784
65326864,1279.4931199596413
47873334,1779.4393268982276
38502225,1190.6777722914396
78086792,2124.39629772572
19000370,2517.0601622344248
18794356,2074.9720851154657
15695931,1270.3356771476417
69820899,1178.8623013616432
42730808,1886.8675601223642
55693372,2299.2797116631314
39793167,2649.208119491906
42174587,1156.1023735182334
17562701,1300.9709936555407
75887228,1383.0052675337054
86381737,1101.7103852371658
50478816,2163.485320754777
59640073,1620.7715582814199
76678970,1454.9819422414585
23159711,1407.1602122516676
74146213,1374.9556291493263
73679527,1348.9948916308185
83678670,1223.907142852183
82153168,1659.051084742496
81585077,2055.2389321591118
51172809,1713.7392606203312
93348209,1287.2398466388993
40526730,2709.4601567771015
35477741,1840.9958469393798
26904107,1801.6247538098678
98083773,1369.5487324334665
62394914,1673.161864847305
38403298,1613.5182395096983
19395977,1617.2629373029993
28561023,1323.6925970188115
45885910,1511.1548678949923
95086890,1322.295710973239
19776574,1250.7430220647473
60586201,2008.421682483673
89147481,1779.472283809714
47209892,1467.2411664759566
47476854,1601.539162534622
60953282,1824.620470856993
72001460,1677.6685061729042
22546493,1709.5641917780733
48912589,1774.7064168836368
37241017,2258.7839393024487
40152795,2217.073418575423
45771924,2384.9304838571375
70307319,2323.0938204534154
42825484,1503.9629206327
32535623,2468.328312692987
54789245,2190.1800285966565
72682970,1932.4573854729906
51218700,1809.195199858361
16039328,1295.1881111858547
44678506,2798.496630758032
59530373,2511.295376754911
81467001,1317.9278171187427
50258434,2190.964780073329
27681355,1577.2962104249148
69431073,1305.6723056343424
93968709,1838.7235645009575
56478207,2227.5045112301354
19466001,1871.523296991406
45204787,2283.150264225555
44120969,1220.7504094913331
11347094,2417.292041359467
33817003,1297.2501799048548
84812841,3008.2939502100658
82947487,2074.248953961772
22317982,1619.1373965763485
95086863,2275.6774715791785
73084974,1299.4676818235223
96665202,2091.737148553619
52954565,1369.7494599384456
22781049,1483.09599902411
39742164,1666.1864047495849
20712973,1352.590505616489
76124953,1696.7922067761945
53726970,1633.4065658220127
30895251,1714.6446900184856
87940348,1886.0491935392156
95321478,1581.2298407948222
41613207,1654.8741807216968
64780104,1493.7818811795632
72574405,1948.4799743464275
87909513,1225.967593113846
80918662,1954.939158037919
50842195,1212.8909570464928
37167999,1763.876343174016
56430683,1461.9196641269239
62519911,1198.4681596699493
29251792,1486.932548363099
85925973,1564.6983346209581
34644536,1298.025496975423
39276706,1363.8791498967064
81892516,1997.454765698191
30222761,1410.7111936882784
10422044,2057.0117124016
28074362,2312.621769179838
64967123,2228.1515661731046
38282963,1381.8759241608107
76769818,1535.0641571269177
81835353,1935.0226787554864
34737343,1486.8326335412814
51032996,1501.3865905928162
32565254,1690.8463960491538
51764743,1987.4966762898387
92831396,1795.5293206867839
84077215,1520.4516794551357
77480283,1562.4743104261506
52724196,998.6939236470198
78039908,1425.4360636817019
46605850,2092.75858825028
61041851,1037.3289982074518
10551671,1354.5383640903092
84956232,1515.9319984238257
93609795,1135.5987003786358
63261476,2230.8846487289666
78773692,1617.6870191010428
41527728,1180.309803602402
86838609,1323.6795968396057
46835475,1490.4390673468563
23285553,1328.562545595023
83082562,1501.178098557705
33889237,1702.402043538852
46836989,1974.6851273805703
42683388,1716.746542922641
15212938,2513.500246737279
63857629,1433.9059436641094
71736760,1413.5850673514617
41166882,1580.208603703437
88287708,2018.7091456681821
68218612,2062.2495654932363
34505104,1596.4408024512957
50756606,1675.7867827975026
40004505,1560.6299420844362
89798576,1620.9344768072924
43860123,2322.8321578095843
93655218,2162.4405642215993
71051446,1144.7797083892287
93380848,1185.8525129993138
27980449,1552.025152051222
57084880,1596.9633638860216
46438239,1476.9465036278677
30942515,2389.9662015562963
19590564,1604.721789958734
83623165,1391.3997251522812
76716085,1868.571654661974
60666996,1930.0234119604813
78361983,2130.5657034880437
72701952,1444.687593408191
74922910,1377.5712280060186
63759907,1619.7350411135894
68856134,2187.6223245831625
79795778,3319.3034707595375
97178936,1483.3557331182255
56185778,1280.7946802181184
48290079,1278.034220868668
29392023,2410.100256906185
54780943,1708.6119484806761
97751068,1490.276416704015
69746506,1552.9729636941968
55371174,1817.5278591927452
67781652,1459.3396863291082
78245291,1659.7301659606958
64158812,2001.5941301362527
60974365,823.5738987215822
12800790,2043.7693021812227
96154030,1739.2766844452553
98482327,1566.3854385291113
17464700,2069.411395298482
56270967,1855.5637551647123
46584495,2034.6379942186395
72785702,1358.0585122422115
41281460,1620.0499038789785
80424496,2516.0604174031882
18835766,1833.8993751132218
87502261,1030.452542985224
96135205,1970.2487174825865
26258289,2580.141928910434
75302604,1433.7224772212605
98645752,1763.0367593157628
58643859,2002.8553590321656
90141148,1932.9996409435341
52181895,1301.3297131128563
16710404,1610.5323468614185
26056734,1710.7318998053795
39602380,2055.944433150738
66983144,1693.0220033006879
52507579,1224.4336689049362
97432890,1523.1073658345776
85547503,2384.3666765476123
63906202,1651.958033341806
84599750,1798.3697396606437
84325254,1280.8736781668138
39975048,1789.433391854848
81574706,3312.9407581353967
30468791,1408.632501552767
97533812,1391.1854906485241
18711694,2105.8199748004267
51787778,2063.649393371816
61409887,1786.6672207833162
22014620,1184.813402163803
38836545,1375.4339764093245
87391833,1208.8479641253596
69117778,1316.1250631768673
68122788,1880.360997764047
51241051,1585.4341027291782
87186215,2192.4845104413303
84468326,1550.419127908847
86410473,1717.8292365819052
56236242,1883.7463828379416
59626902,1309.9101962268676
66112801,2521.5198621030263
84626603,1176.5655194327412
68630773,865.9192181651033
33563434,1134.9040909184566
52975992,2203.89238574308
26817104,1740.5960282639362
19501484,1490.5789226280992
62595745,1619.5279066100281
41563117,1910.6041649011484
52796320,1850.574278741021
21489695,1835.672822634585
56658010,1515.810742357291
91048109,1339.7195750875576
68814610,1571.6811996253637
47089966,1717.7843589100394
79261064,1925.0525472355757
43267298,1687.026530693803
35491922,3582.4478884123455
91103900,1666.0076591066575
81885878,1157.429015492998
10004659,1829.4137532388231
49810234,1394.5334353902265
65062190,1600.6863072950393
57566037,1801.2691787746044
55754004,1590.2409522970054
99179360,1116.5005923680806
67491962,1691.211692535264
55660033,1479.5681825326399
96584547,1628.2468622827566
36088377,2114.661714832691
97242422,1053.1900114924563
12109366,1029.0307751898897
57248099,1696.008911956949
46843789,3219.443645527481
15574311,921.589297260526
39119987,1622.2260051578235
95964371,1553.8479520486871
93965777,1441.6857411322628
32720737,2061.311833483331
38011636,2263.411466830206
28738450,1613.0755414248536
82845868,970.536834707886
92357814,1412.0186941524153
94273774,1192.9657609152994
86770972,2154.858542539479
95965665,1492.114666754135
80658412,1272.671009623143
11188732,1121.7549495231005
78466957,1241.9020467277467
77853776,1526.9379628335307
81589793,1392.3072785332672
49765777,1710.0880870276933
88579415,1460.4212384841169
65011154,1280.1993500842316
32352609,1531.064358113869
25644810,1283.6347213269398
36867135,1718.5432754785245
88848522,1576.091265256504
54293859,1735.069561092796
33019527,1311.8659857837613
46924492,1182.6036419881182
19488750,1416.3376695205473
94594464,1324.9169905060837
73247876,1604.3038961571874
71373451,1237.5172335051884
27655514,1495.457847617875
94112335,1469.1851251687892
79135715,1248.9605772231348
69231521,1449.833169968371
11994136,1678.4541209322172
27288623,1608.360239664816
88123955,737.5977248618893
10000265,1330.5372305451872
79772833,1630.2605836794871
93882232,2487.612548970878
32109681,1193.275075152198
65404136,1885.3040475074238
33831079,1157.5426614874589
71847266,1184.7482351181081
81003839,1137.8890702761753
19285579,1910.0771201413393
51911514,1950.4131605630985
55539434,1816.2431705503543
44536751,1207.4383140326179
70028057,2335.0982225032026
86860126,1868.7633140228108
64254454,1647.9127861321567
98284782,1916.6618746485449
34610652,1534.7171348330005
75568847,1565.8322264871274
65674652,1474.0329578939745
55019276,1496.6153378504239
55592552,1480.0328413977816
94267636,1389.4292725071373
69222634,1276.4144259572624
85591369,1175.6358476935186
43835656,1371.9936054318903
87803052,2197.2553633443617
26232040,1581.1536408745098
91061668,2016.9182085819768
30001734,938.7884344096464
64074995,2342.6889846887884
98892450,2058.7457811133904
30473837,1259.6878443346632
95158643,2097.024025815841
42377220,2042.647110038289
64814717,2041.3253489782585
30148862,1727.309561908892
62010302,1718.8296930284607
99477712,1496.430196136501
70875105,3044.7315060496258
20465640,1236.1591249590235
27850961,1089.520738294115
44835254,773.3002415544461
37634561,1551.5452763940968
46702648,1986.1141833981462
86839823,1399.4115001997186
67985741,1191.6843272971096
27791703,1396.728366188211
27289673,1367.3221019680486
47043760,1513.5487491910728
54808934,1981.0968373550597
98155995,1914.093326106463
69341643,1891.4122233986473
19401682,1472.4186339128157
97496254,1109.3447353214203
26009392,1344.0315785344353
76357312,2088.6027446228204
60644292,1853.0807000459627
92095667,1580.9484376838163
16021125,1764.8521541122375
52662306,1359.0925788354843
22527415,1354.2692172352718
11178457,1841.7078009696581
19452873,1107.1728220297568
89463603,1820.3147556749057
55778959,2530.372769737393
45079947,1435.4976894929305
71913651,1662.814492798938
26030335,1651.0499987993278
18887144,1301.4204695673027
67192573,1523.4624754433992
93955593,2322.155881195029
51025425,2326.626834936996
59882564,1350.0150887064299
39586553,2115.946726448168
10235871,1891.3416961898781
44636319,1137.8517032728007
37290007,2355.494299722706
14108687,1664.5278337251693
34932666,1264.755391550523
80941617,1374.0610848623937
54682782,1496.7291511696724
89652985,1627.6676248424228
13137515,2473.8268802263615
69623259,1518.9097354069042
58672181,1856.9765268059691
19145583,2258.7385302528714
15756823,2016.2735782622337
48404289,1582.4323941384073
81082424,1470.4846422983953
73224913,2228.9888166405867
75845341,2724.595985348683
98474913,1740.8946256519714
41962691,1265.8568521578297
48961741,1899.65911176217
87593653,1156.4385126396346
84917993,1069.514593000503
24081947,1483.990931742808
54462462,2161.4421979248295
51963469,2137.2770113787533
94467679,1352.5995308165573
31642363,1304.4431124348312
66097711,1370.868003360543
12884742,1439.332796654175
94999391,1445.3512224173048
44605879,1481.9111086095857
35787017,1444.7383403173856
45450960,1492.043826971579
95291199,1200.8658439216345
96016558,2166.7247204280984
84566828,1641.2188663989507
47412693,1127.61250744226
49029700,2181.236620135324
60010012,1342.2802034383194
75883768,1376.6040556647042
26202342,1237.2075706281914
42317663,1524.4017166921956
81534336,1207.068890373461
89007837,2096.9404462743328
55830410,1440.5786471363924
42889086,1229.0642678731995
81610198,1515.790066627428
17452253,1330.0151382502738
71203731,2325.5006696196833
80449971,1432.7814061439365
69429731,2103.606328061907
54605956,1863.410114901347
34299688,1412.2618869998005
87819668,2008.2288793262599
35995429,1264.466796433923
79395935,809.6981643154018
77309412,1585.4466071409013
43863935,2087.1494642858675
25184246,1561.6497937659672
36615071,1267.7812788686624
38474717,2746.197818476748
93825316,1142.6584739238633
33683398,1354.5254132345128
69346242,1926.431406758883
59095929,1987.3527895574898
87118088,1368.3568507140528
45924958,1669.618446093377
78591323,1654.8184018084758
37759814,1716.8172232757697
79378632,1718.136552720529
74799649,2256.852857488338
53222755,1703.769304476844
36749663,2361.116536467501
48476133,2019.0561910223762
49028666,1913.0977562676037
74177764,2019.2886436286917
14771208,1186.1896466911678
53613430,1432.752152555481
58749152,1227.4282613351245
32751897,1719.1151166738425
26470651,1402.011341952646
35002941,2150.9240477839526
18541890,1345.340612567746
57596711,1595.4697865589608
24072464,1301.1607013361165
31435093,1897.6724900034944
30602585,1629.1006364055518
75360000,2105.449129715526
46273615,2011.1962710411929
95181699,1442.6112905137027
91310621,1436.1605718486287
82017783,1441.4816828456044
70908643,1627.6728838925526
15861638,1792.9020488536364
50835625,1872.1789889376098
28964861,1080.9473481481464
29864397,1227.6694017002317
12057084,1550.9729556079344
28334945,1840.2140198317802
60084019,1432.9564904358301
63996133,1143.3366113130417
24215888,1208.987284999858
73974645,1386.6528443807613
75072747,1290.925315862977
45633768,1643.4160817987195
35646913,1643.365882043984
53661067,1477.189373656346
78907585,1932.76301795215
76922109,1775.4123798370174
62248680,1877.5133513838812
73320273,1750.4629793805973
22179940,1839.3304913755783
26991418,2077.9286954965864
21855522,1804.09718377205
55265808,1930.3043450748003
58224140,2096.245989828559
19913819,1262.1446432289795
90275479,1458.5737546259763
97988475,1829.888874173812
83636674,1582.1772029359224
19875524,2758.1412773315483
90421480,1446.999338809268
81793670,1724.3437250984907
85521270,2029.245097471925
97359529,1290.2917824166846
91814930,1517.7236578060656
39016297,1618.6970434074099
94156929,1726.4211952835747
45023538,1610.751909061338
58269517,1251.3829984517308
35694304,1452.1548604192121
64951262,1325.4399016518466
95920942,1556.0204249855076
41847450,1491.8694721686097
15255858,1475.3836155415677
95924527,1472.8585985016825
12518283,1913.7067041220787
99811369,1299.653832400759
59569343,1043.3405725499465
47206769,1142.3162045253414
51079651,2364.2136765395694
23194465,1771.5376958635518
83356805,1798.8773332231074
26586384,1240.0797458022514
55548495,1297.3312605713684
86324071,1559.059718315909
75101749,1785.1226129454706
16463144,1086.810435617953
19396787,1371.4096799086692
33279246,1523.2219576650693
49233593,1826.4435781390196
48210075,1020.9800710943363
55054820,1381.2014259460786
96257897,2760.3850728661514
51430742,1811.7631391952673
83437485,1686.2078890715368
50578351,1871.579706916081
97275251,1758.1205377412928
16222585,1495.8232810908723
39525336,1997.397568267205
78481250,1958.5240992043384
90967247,1362.3751571928685
84855982,1565.369268844466
57782649,2114.5137388611315
77997002,1432.9831207743684
36215630,1762.586406427814
95580912,1548.4074384747419
59034107,1596.612160821438
74775777,2235.3782769267436
39971311,1489.7179510827575
89020638,1904.367678538265
51169286,1718.9611136314854
99644215,2532.7469290811587
90744203,1614.9865367375876
96320211,2243.357581621232
36465697,1616.7607719391165
86214609,1809.9994380051148
81033519,1309.1281802438507
61860616,1082.8908049143859
11758072,1540.96071098651
72796099,1034.9302437768058
12154166,1127.1968583238759
48588483,1414.354218769945
75800458,2340.336404930505
27360889,2398.4509160781913
84455620,2783.6729934306845
94594944,1323.652159782307
73063439,953.1583967368401
81513909,1587.33684905513
76078349,1908.7998314092638
18738053,1446.5663008058725
29574045,1707.2202399262753
80540560,1565.1602599802866
25751173,1454.1412089676796
26008933,1413.4653464760556
99638568,1453.5005507348249
16106243,1785.6428015914637
46712863,1172.960572042835
62434322,1725.3487714239282
41483187,1457.9152497275352
56776930,2720.2187478709943
79612305,1634.8274220033727
64780825,1763.562856148337
45536007,1336.3988348033056
46661025,1840.4132668388656
77061678,1312.3988171215217
60393588,1547.3950547057884
63346660,1077.805347176419
27845955,1399.6300108786384
55504400,1532.3683142462498
29005367,1024.1375922144446
22069246,1127.7416331638217
84008491,1215.1322714900696
17133631,1237.0982259770674
84832150,1215.0182674079272
45723864,1722.80266372872
43493787,1504.7461875939073
66097518,1334.15565566596
70168465,1809.9152781611556
94063743,1132.5444335168088
14576418,1698.088965351589
67277120,1892.8928398239786
94345958,1934.3810150028212
30685847,1320.2234438221715
85948230,1577.3063728097186
89817663,1707.2046687536701
32957921,1890.5466926036468
46701128,1628.0322134106245
70035645,1106.139638083909
60395047,1843.53416068222
88839252,1596.577873087591
84131490,1168.5477919450752
75586325,1517.2331136843495
80103534,1323.1253124630286
43032685,1287.8294310547587
15972126,1565.3816779249864
41404247,2286.644434330582
38893753,1182.9774695127928
73633779,1963.9452085267792
35904393,1093.496551063331
24714022,1989.2665080468078
19048345,1134.3163469493763
47004008,1434.9353874248827
94742593,1902.9439298445461
75269823,1765.538559713509
25552669,1086.3773764611597
51828771,1363.3322195941835
70179002,1150.3596677695148
38115411,1724.6630537381134
40317565,2171.983588962628
21110207,1437.2276508806808
84762082,1487.18655967279
48690899,1877.9792357937001
76594160,1569.755623431692
54192522,2376.0054330482794
72813893,2303.3015929887006
21004583,1340.5964343531493
64817154,2201.3889821062185
42706195,1443.4543145638745
48103074,1558.7325028534603
21878260,2025.8492267966928
36272220,933.9540217471585
13817497,1564.3485709781771
41737305,2039.4873103138307
45517239,1699.261450118639
89500514,2362.2553191168395
35952974,1189.1744544417206
79180368,1581.4129930647614
49972479,1949.4247064811427
16468436,903.1326078257883
66415757,1764.900249575344
60737619,1665.4062003653164
61065232,1481.754878141399
40172654,1306.3413431996155
89609665,1880.6219069130004
23952725,997.8299965174075
72896307,1761.049182594901
43835334,3088.93462865348
15170417,1028.7446355834056
67479665,1235.1583083063854
33361674,1498.1620886970993
44130617,1259.362548218548
51579953,2141.9579137829423
75908580,2031.5884033108007
55554604,1697.5924533275786
78855633,2162.6054290072966
16657542,1622.7938253472746
54732615,1829.2101460111628
61746292,1865.6603854768643
57869356,868.3312690976601
29926611,1429.0208346124516
75275045,2888.276119034023
47886535,1609.3745095732775
44918482,1349.3720496770482
78968246,1790.487220620755
54136456,1624.909142741677
90807736,2173.137108424347
60276696,1624.1335229383442
82048962,845.4096559883634
92669446,1771.5844440809876
48680297,2029.1539258389193
20902349,2452.9118317358957
56991657,1855.3143311251727
47839152,1561.6942580842285
78844128,891.5916435789895
13384224,1403.2413387339611
46213331,1793.3755624796356
34116626,1057.4021558814454
13884884,3046.1839329585578
86060261,2174.903779739389
33698474,1453.4203944198634
65729973,1204.6196192123616
10671871,1423.4355704780908
35704807,1607.1433152871489
55231783,1691.6422166976424
62208192,1678.2886606276982
67563103,1724.896468363351
72548470,2258.8524923168175
35725437,1758.351887066612
91119982,1709.5004404286801
58303560,1934.2363143338432
48430844,2035.1061447043746
17825416,2314.6112670839498
97821966,1926.5644992804039
76538437,2541.6243758474434
46855429,1349.8543048027504
70135617,2029.9537277232928
68330883,1100.3651452175247
82205109,1674.7776918138163
47743752,1871.5130235445752
55059767,1162.9684698468461
88243398,2545.995148888587
44699350,3075.8412558335945
35330178,1571.049772275482
25203468,1422.171977955031
40479165,970.6079191876688
10947997,1095.4446877286603
76351104,1568.6794158270052
11445786,1656.171974805737
49470754,1400.7995525481704
25466549,1773.8103963961184
68081302,1330.041585432388
66965573,1793.5384824570294
91230160,1963.6518069681358
44322697,1371.597649334037
17542284,2094.9647043458335
43035885,1550.8889534487364
73926094,1119.7453488953067
64948505,1548.1974298307507
78950808,1250.5345287259904
38422125,1262.1157977865712
70854487,1867.686682990803
96303461,1941.4699427658888
46698218,1751.083216164686
42918073,1557.919984383485
60976113,1432.5637806474854
80414616,1441.8048820884699
11919826,1616.4736851192672
78548658,939.567493463492
21857739,1457.5722834840574
29877271,1926.5074872415537
12698388,1864.7593150280916
11871707,2419.3830837718992
80819542,1399.4960328583038
95941128,1407.8121781848552
15401105,3628.165019939403
32754426,1562.858173593963
69235267,1052.6482717460392
71590075,1856.481570611615
93562904,1554.2923605025687
48418506,1050.1945206892751
91190923,1510.2364682151922
33120061,1213.6298423771634
79992717,1431.997527748318
57263719,1793.335389002643
97902872,1591.134737376823
11659952,1364.3135919389922
19463140,1656.9643162449295
32523829,1598.8268711138498
91862885,1682.9785225564485
72799092,1914.5713323809514
53477503,1559.814614839317
66993460,1789.0751371757167
13665562,1397.1203688306196
80709687,1576.0364849777832
40330962,1779.3843923494708
42684844,1571.5733130078809
27675885,1957.9483743305761
38250322,1443.7560964367274
63478776,1472.205147454748
62285686,1749.927669614846
97553472,1999.6570811409863
64732641,1662.19801764595
10341748,939.4270435349704
34930451,1660.29803827197
53726168,1449.4677723130499
69426758,1169.8452740285238
90029637,1207.8417946177628
94611401,2316.628376977385
31394855,1505.5801156738355
36645175,1602.4910696490158
56281801,1274.2939862772691
12148162,1722.6069887373408
18771087,2065.8269973560105
15509457,1500.7240130324706
58811830,1399.8820926065289
73003066,1825.7686306753012
34190353,1476.5174641770257
70731913,1156.1493512127809
55320872,1940.8340808377027
41886703,1977.0858253395784
16884593,1354.2446595260578
90415325,3046.2910226424933
28408198,2431.0701532351745
65914001,1586.388750709583
75122895,2076.6002638571367
80177938,1540.3584269478488
37984269,1515.4249686248593
81491790,1857.3659744203542
37294085,1543.6869304159984
23335477,1304.784105391778
74996570,1357.9262468685206
11602841,1523.0899676692618
70152712,1744.6139086837156
37504288,1347.0378259847228
76619689,1194.3140619704322
95075447,1614.2395372086714
62779399,1814.5468805606313
66278648,2436.1357944297083
18002070,1666.2696376620377
94135062,1217.8570328050412
74396322,1237.326502943584
97169764,1828.5745918983428
84630384,2033.4933364226445
46052909,1197.283526288744
60213474,1832.5845741211713
33797784,1849.6630986200123
59759309,1669.493821649984
47001738,1670.2191742704247
76899861,2570.330625147861
54444766,1029.8540383047632
26850612,1487.7412966839536
22468145,1363.3365606855884
39243645,1386.1672041257714
35759583,825.8941231143444
92468992,1629.3133157822947
68717112,1278.1277708557016
47344834,1294.714085352826
52115284,3076.263607301758
21042322,837.0851418761198
79258805,1609.3006777342996
51304748,1713.6873906528847
23253686,1895.1638427146036
43275074,1436.766861176826
81602713,1754.9727836126242
60924053,1432.4573547098705
50363853,1852.1071831836969
28412591,1005.5388147544672
65145713,3031.9003909967687
47077663,1964.7897018577896
58136966,1381.599036886287
67034290,1222.9014562396733
72057747,1717.8231953377544
78034116,1201.3269148102916
99365155,1648.8726309398244
56151729,1640.080306728887
68997667,2125.208904138701
46532370,1012.3968307352271
43276809,1766.03022094959
70460118,2489.804035190082
66150334,1528.0951455524573
92614050,1451.8963721359494
69313526,1432.6230832558376
70949373,1873.5310261980912
98595102,1479.8862892183408
57731071,1170.9714393797465
58855043,1433.6984516991406
45456441,1882.0541088947055
39733268,1300.3604341378411
71064725,1466.7191939423044
29668017,1701.930066173105
94555207,2051.202480326688
60811404,1683.7505943114666
53154973,1485.859362046596
79534885,1549.5183496765474
82049293,1863.2568440475459
19578533,1069.1866206961058
66374977,2081.0505289054313
16850211,2100.777037432113
98217866,1512.255470013416
33773989,1449.0355019505478
14998381,2338.98137004163
92421507,1242.0843531406529
66591282,1107.0515653657258
27243576,1715.522923821881
58962954,2103.941489611172
62891715,1051.4525221295412
40256776,1353.1997347036706
92014626,1681.5147600704693
68868046,2143.9427027575744
47811896,1982.2366469949109
86438296,1961.5347818327962
10421272,1542.2250695690325
56519274,2043.5454450072655
84854339,1893.062366629655
95049673,1826.8507876098126
65578696,2631.2769028668176
85747970,1308.8042111402845
69874974,1117.852482175009
34594425,3150.484548368973
14874183,1863.8058083008812
91643227,1424.6520356251585
94998930,2709.314419774746
25184219,1912.7654948190593
78637662,1346.3929443206698
40102355,1888.143178220619
33004293,1647.2109500348686
85498300,1784.1396491326134
37721019,1627.627315271373
78482421,1494.888504342772
81912650,1451.4760878058853
86410146,1637.694022995334
69095320,1186.97265354989
56569332,1425.5179138576225
97340317,2898.673113974925
37533494,1281.944872316328
55430447,1117.9836453890866
45610406,1288.7558982146359
64085140,1767.7245239629144
81416250,1474.6923989616787
70034683,1783.487829091664
40315264,2021.5040605580598
73160601,1547.3628384835645
54677638,1891.7860938544973
90571590,2017.44833466175
84772888,1746.749644698032
90285847,1815.1168821777003
80203339,1733.7605438565513
73536003,1142.9956671657455
56021479,1145.3569243824734
10526589,2202.9025758291805
23648848,1720.714932327545
27805990,1634.4547042889578
46740683,1892.0411121751006
66243364,1445.8772319091258
88626421,908.1959819636085
81009655,1862.9842559214085
47576712,3354.6171777120894
73803450,1181.2109672619897
47427075,1050.0342537764886
72540520,1725.4873140727898
55407503,1871.811356453088
49275948,2545.9302990453307
74312584,1701.7752078921683
84174297,2583.7026088097036
96261162,2319.7393230612993
22879870,1796.98587076453
13933179,1868.142803104881
20116066,1282.6256707532605
38689361,1291.4089040271522
63156536,1715.715810007768
95340838,1717.155163593615
75352375,1051.356783456985
48265534,1681.7173018076417
74912030,1121.7468767472233
70071430,1654.6201474889997
87025516,1682.6279583114408
52784904,1356.5074794028458
96281041,1849.12035453486
60302206,1795.365407867536
88862209,2159.588873888601
66359731,1979.7048193144358
56582999,2292.3852982997655
78391067,1612.2709113628378
84566381,1655.7644079908216
15548328,1276.8771023849868
49432086,1942.4592134062284
49054075,1797.0983280875698
71689174,1987.5471070746046
64196832,938.2863051143373
85965917,1767.2051481160952
30935690,1355.457598596208
55460540,997.6180617145943
89457485,995.4595040921123
10188743,1350.14585528244
58823191,1192.560846027187
20643935,1977.1120839173207
40325735,1820.1988365974703
91136520,2030.2992310168613
32259671,1954.2986281806914
26400774,1211.5685209168096
28057887,1205.2820995596906
82844555,1209.7864155199634
51111773,2170.1632482537802
42987529,1848.4166053961178
62978911,1370.959067866316
11881525,1261.5364065163353
86857890,1623.3338159303094
79797628,1491.9844568944518
80357222,1630.1545910233115
35431033,1708.8875807333204
99201502,2334.7446422899043
90452446,2260.8759713990835
18670977,2873.7903779963285
66979442,2097.261404730388
93738605,1471.0424745383555
29213200,2076.302083550649
31107212,1851.6795100100733
91594833,1050.058074332842
82943336,1264.023743861347
68443662,2462.7687375402093
93641230,2162.0437110721905
50244475,1398.178722423231
87626955,2028.9050687711042
51387553,1333.152056776843
71504785,1364.1905646916487
58768482,1636.461590922859
47301702,1913.351598243491
46285200,1691.5583280044032
27113638,1803.535940466047
63361835,1192.2744694850028
42709073,1126.3012278693277
87920715,1129.8922379718308
59996173,1847.4767073845499
97865712,1182.9915370696535
76462362,3031.899084572456
38643308,1816.1027816432345
62694540,1884.373828355234
62141335,1310.2928507832246
34503041,1523.692553622914
11311229,1036.7506718108395
51623206,1675.664411343457
28560163,1743.2875422845682
94388349,2022.6740350072603
86256710,2256.7017936494854
61215694,1641.9337834731723
80946911,1732.9012887181223
35537651,2359.7536169012687
66755381,2385.0423083138626
73455092,1141.1908021503632
34041393,1583.9510632129595
30484078,1812.872524222564
62329986,1668.6788237421617
62897188,1467.8278687595787
51881772,2062.803219323951
94211751,1178.8010866031811
61613645,1275.3496326049542
71479652,1913.5044366639006
85310501,1560.0154194496515
23110318,1675.986896689967
82884759,2091.4877209933343
51095836,1622.7753674544654
52772048,1232.8990355034127
17245854,1404.705100978057
96708865,2291.2851725811092
67276218,1695.5353948613695
89528454,1247.971814526941
73044839,1547.998862140219
92820854,2020.5668619376356
81415527,2221.5074253196162
54704500,1473.9695839549377
62696690,2173.6747571049527
43848311,1668.5538521926421
30447397,1178.5386534464787
96343937,1330.7566386592969
19151468,1495.3668749058331
75047192,1391.2693234389592
29891460,1528.8444733561746
47625277,1611.816034977088
57930980,1434.94920684329
48354539,3214.6175925889074
27628114,3544.6123981652577
32690361,757.192438850906
93744019,1161.0414112992066
99861438,1521.1690536611566
30181088,1079.910867035498
31181640,1955.8490517555922
44766788,1399.940327056879
65594080,1332.2353275470884
22508377,2210.7694862083977
97181173,1700.1988880473266
17420303,1623.4674027477502
67800143,831.931102355978
33454469,1765.5150927170387
30418520,1766.3246380494413
89752463,1212.2692811017366
55142148,1936.697232032784
20848293,2307.208810773876
12617495,1335.227875189463
20378275,1710.626234423622
37172337,2019.8991172092694
21839038,1216.3128923323713
66993155,1485.5194048997976
41249770,1231.8376907623158
80181790,1841.3729813852303
36248478,1340.791156278832
99097401,1439.865359314332
16998435,1128.5551452471166
28345246,2198.1951343464734
97230601,2413.411421121971
67442292,1744.5708259848136
54477624,3086.346103813706
22866548,2591.6408813751473
86504569,1630.832483572678
81257074,1429.7021326011961
53101206,1318.8918416006557
77626907,1838.4347365100705
15402267,1213.3018774688976
66190974,1555.58623111019
85276459,1989.1817836573148
61882567,2307.119425631817
67503548,1483.2973678764931
80801220,1418.2882725238123
45827465,1707.795729424303
13145303,1552.1916894178612
92842662,2209.4382135055807
73150077,1770.564324168572
10904048,1059.056657166051
89655386,1615.2260854838205
91827598,1306.0850462349617
36736446,1415.6874854310354
73791907,1294.8226653630688
93237533,1220.6626429465362
29020722,1724.6862211454843
31344857,1117.6465013336021
67961594,1204.1361282849605
82896045,1373.58891419099
79782925,1995.331564306557
65627534,1712.366469375339
51055429,1860.1683767012853
24073352,1460.164899246096
63468697,1638.4280254302257
69815836,1263.4460647198714
94658489,1003.0740032640282
89803063,2598.843422303404
41826065,1568.2515145058326
95957321,2750.55014067844
72164672,879.2805888210447
88171071,1088.418044832187
47273090,1519.2995308067966
19574799,1182.4723878194918
74042503,1398.426007201095
73199665,1867.9271924954826
32553552,1804.8325873087003
99007181,1433.6922515257681
86459252,1810.243762733832
33160158,1401.315171072479
89403244,1842.4688861758284
83607429,1851.2158311215262
54979491,1955.3625050464855
34711897,2188.582372290843
76049090,2277.06780869465
38209438,2623.750429345107
43607471,1400.881146150341
37603490,3002.6899873388315
28133465,1569.2829725607269
66543688,2147.022298950485
13310180,1437.5196975087554
70639698,1393.5298154221703
31227382,1586.1176342139624
27953042,2069.980242622489
62042217,1371.731971566084
91860613,1351.8635710161798
55497701,2862.9609745249386
20529003,1456.862710998824
95270433,1527.2332298356887
99713042,1584.4767305141797
78850782,1502.031274537794
57339822,1244.4548770024596
89910926,1696.772854093347
22738331,1659.6705155592492
29399410,1616.701972310809
48960030,1574.620694218898
23209349,1877.8547345586674
40869262,2695.859614670899
13469481,1558.1691249700123
37901584,1367.4298539069707
15827667,2141.7184275972545
36279211,1319.2414360874002
60254169,1441.0260066521053
15666676,1973.2718245044914
83527323,1361.6058305867039
38323312,1577.3723348959418
16145827,2319.4633503709088
25816799,1825.1772845584585
31540608,1197.1201841818176
78332853,3917.908091947918
50241601,995.933681069965
59793938,2000.5471086310688
99765396,1519.3294039097298
22142241,1918.9615489416283
28238312,1117.6290498942928
56677251,1810.4228201871338
79286536,1923.0397239675167
20049898,2608.9177133232192
79883465,2247.2046743804963
64419086,1303.0023393418862
35428504,2221.1921496718496
83636473,1704.2158348178189
91911110,1369.9333934674196
94747885,1516.7349864280443
77052407,1766.8058519037952
89274668,1416.9266349883549
65429257,1492.1105563781828
18949424,914.0621501588977
78354959,998.8755222634096
38613499,1902.1445396736178
99410878,1933.9837217587228
17066881,1672.7220670960642
84559340,1838.0530792588008
45796615,1734.096611164038
18650747,2161.782085225065
87098836,1658.0598489684178
18956602,1747.3314670880447
49896714,3228.4263943438928
51066559,1218.243932390122
72393934,1485.294998988459
63389143,1175.9196726643188
35204339,1486.9640219124794
51345357,1334.7490912779167
46322354,1648.5749222923648
33951394,1673.4063493315105
41031096,1232.1717874527526
42228451,2901.616777520936
41161057,1050.6258818839708
98892524,1525.349145787386
19811103,1511.475512420415
65448488,1531.6408267155277
32428376,2944.87198552462
85323274,1041.1137959967648
92258087,1644.984619014496
79217297,1616.8787672306153
11989719,1608.7391307762311
28471365,1478.9246090965437
34542074,1692.780985687771
29164293,1578.328901190148
84304086,2122.290088352238
31817572,786.6249952352467
77771839,1349.8422811231512
14239440,1337.5886546064241
46882099,2144.7031406015517
38983396,1507.5111852194016
31683463,1681.884530066983
78092716,1987.7968125829984
42013895,1679.112002165597
65197071,900.7587342018711
64495960,1426.6388530663626
68745703,1401.88408213435
51390927,2101.1987127748885
94850983,1660.6979181437766
24328415,1211.8731371477072
85572847,2016.9134674734207
42303463,1495.7036870179306
48215084,1070.2471394777392
35427122,1673.6588888170184
62307341,1909.778587683748
63212299,2022.229136676902
97856687,1569.5055583836054
35540248,1877.3727847803912
41303810,3331.057799113218
72749855,1781.886427180365
21620577,1303.6220069944063
33846878,2868.27173299099
72596574,1806.9718053618608
85230815,1206.9944475026966
72103187,1306.826752408933
39368813,1710.0658829866188
77055150,2024.931165048735
61280124,1757.7689380093389
88442406,1588.0231778215655
34283144,911.5246892756991
20283328,1206.0048673362762
15081148,1538.81856452243
30803223,2284.880417064387
95977285,3178.18207366484
73578397,1216.3533342829871
23548274,1420.9751858104366
70020229,1840.9755321278546
13657037,1760.9854395715545
62209540,1108.2668630792052
69122837,2041.9487132845363
56882140,1465.9979669477198
31090970,1064.5804131131624
18895583,1519.5593419805966
56220075,1711.7998028307193
81883128,1284.8257266247726
85178304,1320.1336657642255
44572294,808.6575476381241
69139777,2514.295998263726
77682175,1733.8098294025083
98697835,1406.1323353505377
82862062,1577.2879318874802
63154444,2113.7781016267904
36052607,1950.0693755272307
80221636,983.8138259836256
14612606,1151.4512510266447
22793087,1796.3131896999882
27221763,1906.1712066642015
85356281,2617.6639103409434
72870330,1442.9756680534663
21631750,1330.8650829271817
65662420,1454.468176827889
94704718,1675.6311129347835
68031612,1624.477168926291
23780065,1195.3807855091832
76854946,1190.9712334614733
65320814,1769.5855766552488
98544588,1554.1973193083916
66236365,1327.7221092828643
33614608,1801.8919449528287
41538321,1305.0779021238538
52604597,1418.400764672905
51929168,1082.4262294740631
34989178,1482.867660994829
17968995,2309.039193337176
17104507,1694.8757966825287
31799006,1168.5480796137654
80534303,1683.3712246884231
39486975,1585.9725272667083
70473933,1421.8301889982895
39315812,1617.0279773876916
32664756,1913.5451388461886
40582877,1570.4170571798124
14853484,1507.1543777585975
72018275,2125.0373617539367
85501233,1777.6777821476087
62857702,1219.6206504242143
37589957,1410.2117019341606
75861106,1270.813780206348
82048801,1959.319733355643
41226392,2324.993662480026
43191623,1137.1134198337543
98896014,2926.2819740601367
39009427,1183.742541370736
67635937,2061.8896599727086
93989030,1589.0752319218766
58213050,1210.6779326387023
39089500,1610.6449235799112
48099206,1574.7842831444307
65115683,1606.7495797818608
19072238,1045.300047742486
50691779,1642.5921367051117
74240054,1634.8373392707156
57606331,1479.7172069408898
50124096,1688.92823033656
50596395,2115.262430291114
96230340,1529.7595798815753
73626141,1962.08491592279
12420303,1377.437899137506
64008469,1978.6001345861198
44066450,1963.9561777980919
27734466,1014.8339025941915
30219489,1289.5502940881051
43296487,1506.3716133209464
22060633,1925.6446063364208
23197881,1484.8798305502053
65499520,2099.1290778348007
42012431,1354.2491930534807
42076492,1609.1789344765805
92931745,1685.9945307346272
47924563,1993.921442855828
17036042,1661.9025924689922
79903869,1056.020528549231
27876581,1315.0429093616335
10911722,1946.5049403289006
21207465,2442.4464498209486
90406241,2329.3956589092027
92048586,1755.8348099908671
72112785,2141.8862480831563
10881048,1624.7810586659627
71511312,1390.9428401507855
42854203,2017.2622911620756
23271785,1817.6776378127481
92261360,1515.5332187913325
14679655,1016.4427153202893
90532154,1499.4296115575062
32402071,1371.1879111105573
90864060,1482.2268942751846
27274358,1194.6524963857
26334631,1761.4068453560242
39224642,1975.3525711289185
19272671,1803.0700296601906
77841869,1258.82377237197
27204546,2053.659086133109
12405459,1261.553026364336
23265034,1934.1144455949368
97633242,1483.9248582772427
15746059,1409.984308570367
91462754,1922.2875843497216
71359730,2332.7253811409914
61463575,1270.3741081038345
66429439,1329.2294071405545
63351764,1148.8138820083627
96265907,2533.9632664721735
87085441,1488.037010081636
53920662,1556.8046844688727
67679919,1741.8936015269162
96779897,2551.5334588704604
27837717,1569.3017242434205
37035368,1742.2774287121822
26123523,1511.1149608576522
79652243,1561.0092541472357
91451403,2224.3280033732335
29758902,1000.4553854415782
47019965,1899.0810391528437
14375753,1625.8976311392255
85119076,2209.5477053201744
58032446,1642.7856848171068
58129049,1697.6568611502616
89574518,1403.3023976488855
61206117,1972.9953526946745
30554474,1146.7558938497796
65452020,1817.452689471618
97089415,1905.0091202362862
75395475,1628.7911747787803
58881030,1715.8305606696333
49402947,2837.7305685340875
68947111,1814.7182182808904
48259609,1679.5182126827603
46561397,1633.5117863894327
99687364,1953.06276091742
91051315,2382.1598843587944
88446486,2033.9393292537145
57583992,1768.1681609657146
50054814,2103.5692814056597
42048168,1537.3868725366717
49480319,1544.8365223294657
72653841,1812.2090726006418
93923592,943.3217027114706
60863343,1572.1755964158108
64544903,1238.7276792161788
13683649,1504.8731910571698
35441685,1573.711556519681
52702103,1190.8914168991041
33316809,1412.1585716665147
99319395,2188.406999290767
42958811,2364.692514587145
79034999,1468.9475182111328
76692806,1173.3304293594458
12247918,1635.1670577746643
82872484,1719.9054715737548
74712172,1821.6619303598247
40198101,2147.9813152761103
21709825,1596.3651469947201
56134477,1525.4396934492552
64741940,2134.9887029791194
20094279,1633.0364169357308
86415472,1313.8550277340257
71923505,2201.173980693151
86463105,1686.5217169134546
27182144,2300.538758762692
78605487,1307.4890365245785
61339703,2454.512958784591
19457777,1592.009936408094
14282521,1574.3314671689016
53055745,1615.236001352212
64045100,1206.3920006472388
67336212,1659.256693422704
30110453,1925.6999405610084
84766140,1299.2464305555247
37132913,760.4561800610572
37337576,1657.3561670527015
81785280,1411.278979715812
33749639,1520.0603975967672
65293655,1726.0645175649722
99472212,1093.0812814194671
78611736,1613.0437921065402
34109955,2234.817025439324
85732620,1538.6314155630107
22271257,1918.187346722787
17111467,2808.252188695593
87529909,1460.0618336313212
80109140,1979.0984847763102
74139761,1763.9765518029328
46468468,1334.975215558663
11871024,1840.0668926766523
38948416,1356.3918038503343
79710564,1610.3629759169735
76775271,1531.1297000985535
39022631,1270.3183113787593
90991831,1915.2375823830123
89162323,1803.0703031004716
23588134,1519.060844163793
97925196,2941.92010149093
73394555,1169.8060406571765
81939394,1154.2450352189087
34503849,1849.5103376643256
97624284,2918.9579599466756
83688015,1731.2259776914289
26753007,1155.6749167461915
87953339,1669.798866743248
63187534,1424.3261957116913
67816850,1027.7016874051476
58193423,1365.6002224678107
63256520,1499.8271868411484
14482256,1245.8626563220848
70047018,1238.0943165334656
25694473,1341.0573986171041
18876734,1377.5609201236477
24815106,1517.7958471159561
32093953,1251.1027160757174
21672606,1939.172224306546
51265019,1546.9060924091712
46633682,1432.0875898724353
99505720,1973.7302654222424
72684116,1843.7978212292583
73603518,2184.6835121946956
42812113,1933.2321933131254
91497924,2062.3962353962693
94645725,1489.1828599672135
83011406,1088.1555980664662
40459671,1310.0997199662268
28128683,1485.9236574674587
89799485,1254.452702803914
78077056,1321.1977801030573
60018274,1925.9321052684502
63035070,3028.3363693918
50452662,1912.4746984852209
90748238,2307.8405947025876
19626211,1363.9652606152256
76831160,1650.7420752541886
64430456,1280.6729036932536
21788725,1738.6941404992403
62692428,1258.051210223688
44601450,888.659680377261
84918858,2285.788296571611
60654538,1953.8471497381713
33549671,2458.9525271702546
96482407,1375.0140055097127
38139452,1668.8898871400718
25148521,1550.3253514316448
39090111,996.4992570620187
37364225,1844.9767261237184
79808740,1635.2785135870242
54570288,1870.6878562687732
81519320,1564.373502689541
61290981,2105.5982590564813
82595740,1411.1886144148677
99018938,1545.5395292117055
84429722,2250.0281459191815
70463415,773.6594513178939
13251670,1488.4724452220742
63915791,1806.9571486441225
37156544,1809.2324784359996
19087720,2271.2560712361806
15777066,1575.1429780521091
88419707,928.7744028391177
48515636,1542.2213776526994
88810042,2128.205425095439
55078871,1607.7061040717542
82278966,2235.7211194146967
33265741,1295.9445283033
64678931,2046.5300354141184
26504939,1340.0432223262299
64056925,1660.5079346215668
46046461,1432.373439083545
47352478,1510.550356222954
91442238,1960.0707539616367
89293921,2699.272187899003
12378808,1331.6401256862634
10153799,1859.5622437521845
21954731,1032.900052276702
76938502,1535.9040319208088
51632874,1744.2730428318484
56510091,1927.2759128330183
54773302,1604.1920331688013
29181400,2359.875780087038
36937513,1408.405222993673
75732466,2237.4207557457116
53117846,2439.5335667439085
38538746,1832.9057392960246
27988038,1846.3604697263593
48886162,1686.9307568471556
24085686,1322.9260868923104
57820012,1499.5438940223332
46878225,1116.741594427569
20632751,1581.1728209311814
47775231,2951.969636843272
46789610,1694.5518009417735
72806360,2481.6845421172507
21856002,1060.766084143183
42319053,975.8191455162846
99630613,1097.8463676328095
61255494,1901.0174423841388
76945971,1352.2814266008218
40393163,1915.036481107254
81941837,1991.7622818621387
45930551,1361.575600977974
24573538,1888.0095791001986
52994547,1621.532258379222
28445231,1687.7873243220101
45643109,1977.1592941767904
75887247,1253.9095063074672
46367713,1428.0973305347072
12575157,1798.521450419675
85076068,3222.248171301299
84603623,1236.267387589545
45514815,1479.1499018239047
52278951,1395.8232247630156
50360032,1073.2975784979315
52896193,1630.0025367558637
91847198,2842.5554454026897
25179521,1511.3377146803775
92545328,1950.7959005129433
75231573,808.3259479170207
37926120,1798.125446892068
51096687,1807.9566466840806
62646217,1304.4508416869553
62619222,1808.609525586732
39457866,1399.669691596635
47130686,1551.0964243571516
78763249,1265.1650563378744
69618147,2002.589079006803
64127746,1006.4797114719503
56593004,1738.164818831743
97403924,1348.2532478904752
73948550,1347.6709194722523
11236514,1755.16357183101
54389520,1270.0953319325206
76068841,1410.930637386522
59631248,2492.228928518803
34575405,1375.8076797960236
91359645,1499.3202638426844
14542871,1163.2915283893
37836409,1366.0706540782585
99958710,1187.782459672721
50329848,1919.6605482542157
55825298,2189.066974444202
43158591,2244.6434020761358
95022900,1292.4036366555363
11903900,1644.6869193392422
59905554,1230.4634896782504
33394781,2007.8497445394848
85262305,1794.6289393926907
18156267,1865.1700955408753
77719072,1364.3551108905804
72353806,2002.5163308139254
61973490,1809.0660474394551
80257850,2267.4216145003516
27763246,2206.090917832866
28152447,1094.6404293170358
40447839,2136.789389279884
88401173,1490.3031568073654
77151749,1910.1040170859023
76938434,1442.7187733524859
14595997,1135.335779607623
22245783,2301.725737469481
45164346,1471.4955022370968
44320199,2099.138757393082
35470526,1576.6581369232051
83276172,1572.3658581425643
65081928,2281.369668154903
34774976,1305.8821894076225
10096416,1468.1712704301208
76574726,2468.1387160484096
88509347,1979.5117264335938
11304650,1451.2334831093392
26418453,2195.8430256130855
69643263,1422.3929930813374
30241547,1346.4854805750274
89725513,2563.420365937082
32289745,1942.7198608674182
33888699,1436.273637399772
67508421,1362.1738628151884
86446610,1470.0412222726802
71641515,2511.6011332198345
46243423,1688.6645380256825
86921194,1636.8869083941015
15222892,1652.8143794728496
29435694,1649.748494713241
35795322,1895.9110182226639
39026338,2138.612528576734
27051431,1999.4429160307961
91107111,3175.7085830402007
76674186,2303.6901865659615
17932616,1389.1242067407454
86326117,1223.1681273140157
64151997,1815.2772880387008
