customer_id,monthly_spend
20451981,1850.0367738874138
23251656,2661.706361930181
64082260,1422.3040825648256
82505923,1975.0009559351192
89981994,1417.9799115089904
64973937,1221.0821401008077
27610278,2015.7144377106845
35883083,1204.548117301846
20490020,1617.2155025929299
54517670,1254.952499997868
94359232,1659.3843920170793
17326886,2438.9961451678237
86594167,1728.3048323664043
94873255,1533.2823138106996
62944765,2495.8964391255254
95482882,1253.27050139758
76963069,1357.9249895402825
25112257,1557.8908696441792
69916855,3165.8451600288345
71088357,1297.2101856299723
50168897,1232.4377494655753
67403679,1446.7102500870365
55474643,1100.5386732165402
54852556,1457.989331840651
63667529,1664.094922495384
48025998,520.4808032864083
93351324,2127.78801299241
18887996,1547.968122452266
49568688,1574.420336259111
92911099,1642.3727627442352
11717924,1384.9097987404248
62085471,1700.4793712101387
78336143,2125.5279040544583
13087851,1262.9134226777626
33506258,1108.676761933706
61356554,1985.6775146863167
11967368,1202.1623674108341
98374877,1588.5980011039842
76845536,1966.899261187496
59313599,1167.2818094879626
41041059,1621.3669574682674
22292838,1523.598544970806
99892065,1493.316551585336
78345355,1094.1515129171044
85986903,2805.4393665260477
27715035,1620.4210412584384
66099730,1469.8662047403416
75346786,2005.2148409057336
22860710,1692.7997870738707
65958654,1428.230107442926
82607442,2200.9562463269426
43471475,1558.519373600601
36465070,1214.9287032511768
21931749,1490.3973848219969
66815930,2619.594638617948
44485157,1078.616827464409
78728059,1725.695222982601
89264710,1341.43851964447
81874643,1679.721730328123
48603927,2413.5494779405303
20257622,1082.8504486278503
88360790,2202.0990629435128
79411556,1610.0257643908803
24819092,1345.5040462400702
74678656,2367.327952778865
22548045,864.5500538159839
95827783,2423.318724868037
60019526,2359.1458347789985
82548254,1555.14720048668
90453319,1567.5899360211708
15312091,2240.707987176842
34786964,1190.1183929868198
46684232,1113.9191005129778
84597099,1755.3419619013755
98134524,1174.8103949667304
18531043,1553.2522363292103
14953383,1556.0897379307744
80944054,2158.2496415587493
34873753,1355.1559491393082
95577033,1600.172201938547
50215436,977.4560682488901
95347203,1635.0147228309313
58614046,2183.8983043110006
40368791,2109.0567371751094
23316775,1797.4013627894258
23331513,2397.7116412118994
40038060,1445.8022553994424
22096579,1276.848018843659
24978810,1534.8681019731105
65890694,3226.7025002421424
47906818,2039.9573185711163
38478694,1182.0670655676843
54797755,1141.1903439726107
44533278,1358.871891550591
58182080,2183.950123469305
67491014,1709.3716764574992
45798475,1805.2602808983615
41586132,1567.6658656966624
22956540,2719.1354800071413
25367334,1961.534191538079
70503250,1172.0741936956363
58307796,1040.8168687733944
59859757,1210.3786693334457
47787665,1309.9826247490623
69610612,2289.364454479383
66658967,1499.355015344195
37962749,1269.048968475319
87675902,1970.6496096467313
61682179,1433.1674019051125
78073125,1103.9799172388095
73229345,1710.3612486018021
43171437,1828.2538077828183
69766997,1744.3073623550154
14939250,1354.5092404695847
12328281,1406.9912175778431
76560997,3661.5177553612534
57569914,1647.7813587657458
20883894,1649.0000770362526
22766188,1535.6573360091204
62905121,1344.1299490993924
36295477,978.4472411270564
55610529,1266.188159202683
40366302,1186.7680007430674
18624954,2116.658365614211
72668820,2786.1971687101736
23817472,1548.1269556811924
99830054,1621.175211707286
63410560,1068.943645849986
11811963,1485.3415917870864
68778133,1791.0151074892901
61211015,979.5921998477061
85223112,1682.504277103025
17785980,1729.3613820862117
51523712,1400.7616237411844
88242319,1497.8542573973973
66674532,2112.674739066966
76442132,1788.7970732977346
84193848,1297.1711263333066
80878809,1237.3521976446834
92088473,1131.431315360202
18574912,928.3913921328514
82956926,2469.178316677241
57265640,1661.7569390784586
27961225,1040.6427679341743
65404075,1339.3353545905807
98698597,994.444363843471
63221757,2636.6628565591905
45396691,2184.2794500820346
95724535,1198.5888157994696
98157590,2263.7435779187604
60909030,1516.1376085864104
20932142,1573.3965201406177
85604729,1295.0136042432637
25410553,1112.378919688436
76477501,1749.529861233288
29459273,1865.3367520313202
71879657,964.6571778535589
67115179,2036.3199669465414
82348794,2248.0610907699083
32880748,1373.21029225257
36203607,1485.9666590424065
20891850,1285.4369047346277
94570583,1089.9697026165825
47560755,1478.1303774919859
39752876,3291.296751474139
68980243,1742.12512751103
71143374,1265.3578585837022
89917748,1865.7481289619027
30461949,1365.7135306923215
67458886,979.7772459149692
44166816,1131.6729053899244
48218923,1819.3408736716467
83104523,1305.8973681762413
23739634,1762.5790172925724
45544123,1734.0925190494238
72316980,1842.8596697518785
24805396,1215.1113882632708
85045576,1811.0968047781964
21314164,1776.7336030957758
52842656,1120.0669378478678
12382139,1815.4567873450565
88152347,1372.0056761237233
49270171,1929.0564411067908
20221404,1270.7502963284335
25851974,1429.6126275381166
95701680,2190.8748052998726
83739665,852.8619050495514
61996348,1574.6442345460741
12797236,1813.120995972407
25554853,1241.6707274288974
72618187,2296.984710445061
77583489,1571.9616507902283
79450582,515.7647889507645
84595636,1615.2546790093515
89981949,1299.3394782374846
69424476,1528.4356748295397
55064308,2369.699380520269
82956266,1600.2633313862073
60185159,2282.9374409516354
80612747,1822.9790405069696
41303090,1413.1385828939274
13517787,1926.152302178316
34078093,1576.0776216823158
69030112,1639.049768637365
61791328,1741.3492173520744
51789245,1114.4840332916106
88068699,2613.8359007873382
33399367,1311.0570005577429
79597553,890.1533478109311
70695101,1532.9540167723549
98169962,856.7956632044541
89251190,1711.2292172957636
53044281,1943.301185792756
73528670,2794.133956617099
14751149,1744.930150212071
61490053,1592.8255620464151
51385275,1500.989062108215
41764194,2561.333688421743
96598282,2167.0630147723346
96823449,1312.0171893018785
30931247,2094.155502087237
60872668,1299.0181668485768
97835669,3131.0816672214205
36785828,3151.153068158016
25812131,1502.7797675185755
38410800,1889.4925854182225
33023072,2033.964990346643
48250594,1730.2985802609448
94891015,1205.775636018593
65307671,1144.523361379029
99621779,1878.0615105707025
83959755,1089.2703846769396
64535310,1386.225789136268
30594968,1610.9476826974187
10263960,1360.8442924135572
60876075,1914.797576020813
12217583,1818.7873374169817
29989580,1180.3857506008278
31184452,2005.5032713049256
16182148,1532.8585311041504
74700470,1793.2429325623075
53084609,1177.9668957988097
36052930,1338.1197222054493
86583512,930.2140585740439
10930793,1839.5057470640688
74179918,943.782492652258
89853445,1142.3777289342381
75258370,1240.8168230550814
93197004,1705.0549035434951
16551408,2220.806069372423
36115326,1952.2465551073794
47243451,1625.8260884590597
90773939,2741.535357166978
30735291,2332.57253814485
66891211,1018.7211400534449
77142249,1160.808236664069
24530798,810.340362289094
78204046,1381.5955849373943
60230110,2097.154251596177
13017302,1930.140064725703
21044447,1484.995523784052
28976655,1621.8374661930382
52214813,1688.6730331732008
61575366,2054.962496893768
23125986,1106.8926059437613
11614855,1296.7559684542707
68090330,1710.642949084678
31241329,1935.6949935511084
21561157,1321.2172809674364
61917300,1711.6158740261376
82147824,2679.806596758544
91513421,1244.4563207570993
30753790,1524.823120156198
33700064,1263.2998877137245
86773406,1240.8466874847811
41719197,1391.6103883887704
67399596,1210.294435228642
37696535,1207.0328379023179
15791208,1356.9662572317382
24348676,1201.2056968178447
24480974,1801.5510749856242
49440078,1356.539634060082
48242779,838.6146844639596
13405947,2535.3680408774376
34531671,2143.014686550643
63652222,1346.2990933324597
97745210,1542.274096077019
48557187,1281.4309030096003
79801016,1309.6248292737578
93409518,2102.389833836001
48891463,1007.083337933701
41134793,2347.5080596218986
76776302,1688.0737108950004
89505130,1344.8877825696147
46129267,1411.592260163133
57862630,1069.650866192294
32227094,1127.0977444394453
72887559,1664.2846863928269
97826236,1131.1078659402397
40250768,1791.109601615494
56765848,1136.3113613496582
11244823,2555.1515515799088
40189321,1669.2142652190032
68120430,799.6232385726706
64917610,2169.643592637693
79290200,1141.3405182405775
13110537,1568.3753557418609
56816135,1108.2351819107794
27525357,2782.8055609996586
71914367,1677.5352937916468
23989491,1143.3958019039374
86436168,1996.3407881672574
63499286,1618.8459350467128
18619374,1814.0630143200062
52222614,1339.2934755258777
75467866,1521.7792220249416
28926111,2273.526082399547
98661834,2979.7192243580726
73087852,1421.77574249925
48887326,2007.1937590151329
87383314,1712.497177890895
88682579,1829.095620178364
12617324,2590.643175612028
49224165,1379.276137714044
69951588,1818.549890004414
11713703,2055.436185265749
59435002,1621.455183938534
61153563,1500.9881613184145
57206499,2671.3558218947105
89140242,1578.8245516789507
95100771,2361.001358691751
32638417,1072.6731733840263
61625712,1164.6846533436285
61250133,1817.7937274200497
17952873,1410.9002151098443
14513813,1381.9137978231236
57500282,1346.4149923752125
51340284,1382.6134535650062
35897956,1434.1552674391098
21856280,1705.3348337181033
36786275,1389.0376015850816
99178725,1421.3623928559487
48955886,1805.3997564081528
51811678,1377.294742800632
81930210,1680.909503600954
49161318,1667.0973059021012
24723720,2025.9486756382948
14950936,2474.226660171709
54638593,881.6676562963202
98115682,1540.8428741917162
10533857,2228.9779743352815
87478097,1468.4457824440165
60429975,1956.5439709595432
38969729,1662.9168967745086
64656132,1527.4794083896506
86963086,1509.4068123836162
17268859,1413.755079429317
72142121,1741.4306642248005
91574809,1612.438924138249
54272037,1779.460118664209
16058661,1991.7201618050906
74133244,1068.4623925260619
14281752,1459.072606398404
46666867,1040.5521875588074
75686584,1557.2880300946806
25546684,1379.3856666790803
80619174,1608.0216540060014
61749604,1445.8181711896675
38248391,1127.2344014079904
16877088,1132.7416505736119
99140321,2202.9399190288786
15975231,2831.564557203081
40531945,1533.356253727256
71708672,897.4979245287224
85030779,1736.7061203614232
61117487,1163.8441012777776
42638536,1902.1122346272207
82326061,1237.2297778524087
17028661,1142.9223461931833
26048783,2231.6100797296062
34262255,2173.152217710271
14326462,2054.728366838871
93816989,1374.651920558607
23690395,1557.7283782177174
94999262,1522.1834284707252
81971277,1374.6364032458132
90562416,1469.4258396847165
95799765,2389.3237324134025
89244724,1917.5501807314226
83879641,3024.0404505280553
96424387,1740.047131216233
51051501,1210.8810336659824
29249441,1615.335312574908
62893412,1134.8423695542924
61417835,2257.6469112143573
62755928,1519.9967611478382
66501572,2408.852001254623
76084740,2730.3148549781195
27624326,1861.9996910268715
86757966,1580.9070409826784
92455037,1164.458239101497
67852942,1933.354522108355
30696098,957.5318353241221
44792329,1121.359605865301
10390388,1453.1754465629606
17826936,1785.019227303129
71880941,1544.4855053420454
98184673,2208.7631782839294
60002125,1378.9552770124658
34664804,1121.3831870574018
37594595,981.4984640413271
42980815,1864.5973133511588
25819880,1555.949027345442
16484408,1992.7978131961263
91766904,1343.3726901832615
82866803,1473.151445004967
82424284,1535.3365384457218
72903422,1573.5108088502188
11480750,1807.1655644499804
96983867,1709.078130723107
41426492,1326.5196775842494
24002286,2126.0000852674534
18056145,2107.6561880581885
72362977,1073.0983812052998
15977163,1779.3135603374321
51036186,1318.812318792952
34918337,1915.7605053728032
20599813,2106.093261588439
19900890,1656.2179392917064
27971378,2330.0578392360867
50965403,1593.1366122080601
49026734,1047.9594886034508
14192253,2547.39634924133
76817070,2364.0706598424003
41164681,1352.937090689985
94312885,1707.1815075278998
38527851,1065.928951255244
88279496,1863.1375522316864
15498361,1519.7641978981862
17691622,2674.4241157452366
43719564,1283.655029857664
27861137,1228.3437091848189
20308452,1412.4728634000498
97996598,2209.228458474489
93656677,1070.5829208892521
20464937,2234.1940351195544
25195757,1462.5486637395686
95231592,1935.4435616571272
96604510,1152.2162390816823
12888073,1246.1257571178621
99408984,2060.102801063433
65238591,1476.7772524342693
24114707,1419.373739610592
70796256,1193.421064707712
64703869,3418.152196919178
35203752,1496.6741396464006
47453323,995.7038980710414
12385313,1335.1831920643622
54441418,1321.7580997728642
83549825,1164.414227553406
20370209,2453.075095856991
68357218,813.0795964572162
62743829,1604.8962239415544
20331898,2198.108683926138
43934228,1567.2125360501732
47620709,2527.594151566642
75355275,1444.7769582326046
63446649,1702.3183512979037
89051919,866.5896148931312
92954904,1607.430547703059
64731800,1546.2690556853265
27945685,1849.6612452455042
98412215,1223.6358662678497
19535502,2071.99506386837
66516822,1638.7777195505464
45373292,1183.0529184319414
34711249,1337.3827644033836
48370651,1733.1747263934149
71354510,1433.6662425150594
56728847,1055.738032554012
40004525,2365.3095309799655
94648945,1545.8294262190632
62756732,1320.5763816693047
80428237,1597.8833485056139
64878556,1701.9666789613452
30597278,1487.647771693729
40357660,1722.0122234369649
98010210,1479.7320345516823
43275959,1911.631726821216
67938712,1383.524501641679
50506973,2144.3505102274557
27421159,1310.461640749066
51123211,2521.021685898887
51887530,1248.257117372944
68372581,2019.1093764124603
31184062,1728.8750315992268
55543655,1864.2360925989854
71805162,1819.835671680376
98612541,1500.142973223465
67235486,1337.0284752159785
35490134,1693.3857667880297
74647441,1380.717437707552
73962817,1370.973290014641
95192638,1209.5412754285453
96803902,1499.6213807483225
97635826,1180.4091615956597
34428942,1784.432366313158
86699979,1816.440593100103
79766437,1933.129032984348
55732878,1642.0042759208727
20035702,2892.888337937121
54997853,1949.5059092326871
91776457,1427.6100956152468
13967606,1529.0718769914365
88365927,3018.5853852052064
92907413,1062.4842438623466
89771364,1674.243364678231
75648081,1365.0082097063826
97365061,1201.145531740222
29587137,2138.7580560288347
22019813,1375.0575899473479
29469529,1709.7176232329052
66670735,2121.022544537884
84380411,1839.8789420370283
17040729,1829.3133298353775
25307807,1756.735605602581
33962361,1261.7806268719326
67969299,2098.793950143353
38562471,2440.9616891187493
33114742,1852.7061961304798
54307298,1046.0662421483687
20058700,3534.2731159975733
33779532,1950.9170278298536
88110162,1176.1412090891195
36112292,1417.6401834464148
38475061,1801.2315618019138
92644264,1698.664478059406
92355731,2073.2356381671348
75478249,1763.7253762308417
23875741,952.8076453516641
88793850,2207.7943797108574
14142195,2505.724375317145
67422773,1963.8020377842056
36705498,2119.0207592481897
62072834,1714.7273083554628
33337577,2154.4876565193304
14298054,1916.758163227386
96998725,1169.2907143545167
70579244,1629.3223502113467
26844678,1951.959316482961
97441250,1348.1781026502952
49239286,1620.8956120102148
19469855,1088.8405224491964
82552850,989.00292609466
60170958,2630.1896749248167
28237826,1901.5940286908065
84208342,1745.7347989093416
28295140,1899.6432910382753
38477827,1461.301666484743
54941872,1311.295593335929
15450767,1605.8653056404087
93656934,2062.669351992713
54273142,1332.2266799909983
63648675,1144.5666053287325
31875954,2105.271420458386
60881802,1895.463332278364
17233443,1522.8797463771398
28953932,1450.157384568133
64958348,1526.6428024420318
27038940,1361.4566712019125
25667330,1358.0085549385365
89200812,1485.6361703634825
63109620,1207.0127067638164
34692595,2087.7259475954834
45554823,1308.5496022559755
50487516,2052.3849963643474
37970303,1833.141138247552
20944145,1559.0384307006377
54232510,2407.7925947345984
58289637,1493.841424702534
70295882,1009.9463060766521
11855847,1332.449691850778
26640485,1487.8477673647608
92806514,1667.3268292441285
43703605,2126.7968962729674
75507937,1529.6617327537142
21361381,1493.9714049256804
73615273,2365.976983916046
92437179,1649.0947474272896
57813173,1365.0514833293291
99373127,1092.3021177390701
95805212,2349.7329410882858
61946147,1494.48238061266
24903202,1343.167555465087
88268253,1376.0784559723563
45270713,1327.0922385091662
67013519,1807.705675876114
64480094,1241.5392911695524
18481385,2250.599204669591
69314375,1353.5813277438979
58464172,1927.3104347311905
57844179,1595.5415196506256
65371057,1418.338410074361
22749627,1326.4730400923004
64747851,2222.7251129028623
35545690,1862.0926430592551
91575937,1547.4661987524992
11663787,1500.2047554177943
59570536,3053.871446083781
53724418,1525.94034994887
78572661,1376.8940981629983
38544041,1744.6089697716834
27091356,1926.2616944319175
20013110,1148.1756020683695
11862841,967.9633695691168
54926458,1476.7320196241626
72702715,2770.479740001245
65477001,1282.4487016654757
99407693,1287.190837377476
15192014,1769.5986360358847
87232785,1717.3448667565558
76412402,1500.3578490275117
49393943,2162.64678525939
53853124,1192.5015396695235
17486636,2368.077790305143
64895733,2703.355708977222
64938150,1236.9736803192586
62321885,2031.8237262851171
14616504,1383.0950933666172
53996148,1924.998261730446
17209399,1900.9942299919114
25102335,2010.4171041700588
54515012,2442.5068239445386
80596244,1350.5982714436882
54217244,1233.1730557947876
29133774,1420.8406079271886
60727794,1718.0300866730483
55160698,2352.5333544435475
18231141,1830.794164024932
91091163,2108.245224720772
52747750,1677.344537563503
97932301,1852.510252503407
77391969,1561.222046865935
64274314,2271.5687796220054
82861922,1330.8823472514705
95155142,1455.6464528649706
57522876,1017.2912504213313
46054634,1327.5799490603747
32006732,1599.068181701709
62808198,1150.7861182434535
60875435,1668.227911244556
15688688,2090.6919773520412
13559129,2107.297662985161
25489744,2824.428869621597
55669591,1188.375460665786
10763911,1281.9346291564254
15579269,929.7785140748113
18433265,1763.3781314870898
72131946,1006.0012494656994
50106249,3483.645006649958
21363716,1119.6214929184248
80090384,2003.8981763495617
37971475,1253.1871636632404
31314120,1639.8244517223307
73683678,1968.00157963486
29703095,1591.7031781565304
87144591,2293.5081304918717
44689207,1320.0707311396663
42450190,3261.850968694869
92653218,1619.6569066335599
67727493,1700.1889279828517
55742747,1715.5973112607064
96941026,1019.6668376865051
89824134,1327.7907525222192
19822449,1251.2152897323747
18676315,1248.8712662266635
17316044,1059.7423432573341
81559769,1084.3632979700947
98912158,1150.4717692473544
67772871,1840.5957357627706
65921862,1743.906303260889
12636566,1265.5112482664956
88608909,2136.470631783317
43902318,928.9112848442434
59512038,2075.2166185109245
77976362,1472.1754023499057
57092914,1747.015504485098
47412567,1576.4706658191624
17145991,2823.100185499711
56270450,2821.9638460173296
47467383,1561.6801468313736
10449714,1797.553263115078
43156511,1688.520753086729
71377851,1727.5681481222175
54093810,1694.6991421818966
78096026,1441.926734797671
57320154,1009.0088253252985
45383520,1092.2779280795708
38351707,1625.6383214962807
70796190,2606.538203457408
29977177,1643.6431661479328
97584339,1507.8630755575687
47886559,1089.314676728698
45622137,1536.461283385257
21500277,1280.8573735553107
47647928,2269.343766142372
54496344,1399.5896635339384
44268785,1782.061619559918
75946241,1283.5672945044266
30459191,1253.0553537526998
15840319,2189.957717351026
72588739,1661.006475165801
73017157,803.6695705954814
25420365,1600.66142463357
55377863,1720.7554633916873
51370964,1538.7626817889138
48905468,1528.6832190815
83191846,1683.4901656820389
59334183,1619.7370538047785
94009638,2224.9602756997183
41721760,2323.7900191456415
35401283,2299.7782228718233
69685525,1339.0423182370814
84271975,1563.2172497375968
95753616,1202.8560109350326
32526219,1011.4635169354207
64532934,1127.6416573473866
76031822,1638.2767789065042
52468855,2133.918352114339
21028902,2378.86335283883
34108713,1491.6945609111367
84943048,1182.0677101925837
84439701,1810.264411106685
16539498,4201.676503859197
24537949,1387.0590079934896
19537971,2241.814718833352
72069403,1286.4848278889078
84333546,2303.789455574767
11868598,1884.168962084979
72165230,2056.1966376117525
86606477,2979.885733264824
85432562,1940.7144346789842
53853013,1843.1351355263414
87319378,1553.1853406159555
32466967,1265.6909967891922
80519195,913.5845268043569
12289146,1309.7451663536663
17893529,1543.6571409256082
76217556,1347.5317233467058
27323024,1587.953005804608
86557861,1596.3701773016799
37601873,1825.9286255740333
43146250,1207.0111336603252
51498335,1588.5419158607694
46939189,2174.092566235373
36620181,2883.323798580973
59890806,1640.313962035418
19160668,1271.2218040728383
94555827,1466.0119755780981
73451577,1578.1446621597013
83828090,1451.1748371163092
92021594,1006.4656155064562
15822386,1451.0834393091063
57405310,1213.0367932984136
22671359,1013.1457109246187
68101436,1191.7520508480711
66910009,1487.2604978221427
55778706,1841.3432907815097
75120697,1571.4695457719872
12885545,1458.6674484253886
28604372,2055.6467501960087
97297156,1225.195877177314
18964928,1463.0179672081156
61244754,1577.1980673770036
45178470,1442.5858697023868
65250669,1310.4025785963738
75566313,1586.8743449107624
25053248,1699.0900400200812
71082761,2952.2561714560047
25210276,1517.3825347368338
39718089,1916.7919318301101
51364178,1686.9660788188871
31211994,1567.5342406700154
71509945,2259.2365898954245
98330029,1198.7094981626747
22456435,1364.8619928081464
56912862,2143.7180965928915
41548833,798.8820103772487
34760776,1548.0987930690278
54015943,2366.9710463320534
75943554,2340.904662445195
61847706,1353.8361919627218
79766441,1456.94962225674
29099073,799.3139637790267
92971983,2335.3553716691486
77042656,1307.9308688694048
41355522,1259.483441480789
37905258,1432.5206221977412
62845536,1089.2946054681238
70252689,2501.391423141704
69012389,928.52537991021
55230723,1176.2754478260192
36148733,1466.6349038743847
11166306,1571.6361989843879
86661349,2327.6376264381483
39933083,1405.5088720739368
91301497,1426.4041281818809
84697954,1283.7967465591453
16890490,1072.7055612192712
46638869,1106.4282030536756
44149767,1575.3100130721905
18897403,1645.4489574933912
77411533,1137.7509018751957
62885631,1976.601514207416
34219564,1710.0518088121312
69042251,1257.2324275807584
24137005,1086.1695507611673
66305720,966.0232004249444
17619455,2059.7516855465515
63065642,1530.3414199771662
43970026,1870.4211689508518
78870428,1801.85756298591
72114631,855.1110765097029
84664219,1689.0485510641379
25739422,1405.4450716704177
54038039,1977.6993663497044
55081531,1479.4104482750158
45672847,1573.0291095554815
29734641,1497.3493446464672
63805244,1142.7892140963704
82782411,1790.6980735912023
64705797,1383.6801933289466
59326862,1360.2488620610573
48549098,3045.431489048896
39570097,1195.6879559150848
98000370,1308.7504063425586
63674921,1816.2069995756315
16674336,1711.6589251159166
77063987,1531.3138104068514
67143015,2435.3818893369585
10570033,1615.6630454128642
47185088,1269.4343354558455
63757190,1484.3823053081046
43453041,1452.8138126278172
17890447,1950.6215065905415
34735493,1012.8760225013734
40580820,1304.1978009674551
84776860,1809.0575114124035
34883247,2248.7338945908355
75437035,1622.828305282983
63198281,1396.297901311276
33289878,1857.1321555437996
42222441,1559.28949735995
53518898,1327.900034504608
77756377,1910.8335070545254
66266331,1520.669355989693
75207542,2110.8569641640483
65741993,1205.6557713161644
30452290,1049.2071007553272
30341625,1474.1967758813212
10196118,1243.4899503155677
39997400,1550.9009634356532
42764498,2675.6978538156927
93568775,1146.7228101521575
60138513,1275.0879428250114
95863174,1569.411670753347
92194956,1569.8659109869543
34979379,1667.1688748026936
71517927,3083.4946768982186
80092401,1039.0379901798733
29853468,1076.1784494596525
95595164,2417.3628013267703
47277321,2435.1575868884515
95111852,1045.6277353435044
49309773,1593.824627254445
52060622,1290.8261400635297
18920892,1198.3329489009773
95549548,1703.8657875277063
28343921,1617.7759425839147
24575136,1254.6571065422468
51405326,1440.276769748317
88024456,1650.2953058416012
61475538,1912.633259361276
86032798,1923.105005938583
99829874,1973.0811356930365
96251785,1256.2277551387117
11235918,2136.3869806634816
41084979,1645.203423491949
31949326,1386.9419034737627
88425482,1140.9960959297982
41724063,1328.5620189530703
24244868,1734.1028469229768
96443454,1623.511767174567
83159015,1603.262340769943
24632345,1475.1216606294813
44153806,1478.9583744839656
93580629,1067.616271164583
53277959,1390.7988742184168
99759183,2582.1614608813047
55252816,2657.3973286345044
41285175,1486.5550090706606
73261084,3089.6159567277205
99347555,1972.172324530298
70567494,1160.7673425527096
76764787,1196.2860509017235
14328685,1822.3987835203482
66866287,1265.5090640645153
49679159,2066.4062191249313
58671247,1716.7801753869671
20236719,1109.1728543229215
34585357,1354.495200592221
45051453,1139.1400886444778
51786574,1584.6202857368908
79731887,1303.1373935706602
54354970,1498.4236166185055
77833826,1411.57165562262
80242735,1205.0867466744776
79336488,3304.26950227906
51121070,4092.9619359010485
15930057,2031.9542514914342
84864986,1628.7587025177397
97820091,1937.7549790041244
76206876,1427.2434420274337
34508398,1265.670010676554
15581330,1668.197556321968
24272114,4399.6251194595225
45684128,1286.0913614081985
53910689,1592.7412026011123
89611963,1956.395396002961
19439294,1309.5146601020685
44476677,1286.915010415889
72816714,1593.1378640796343
74817899,1841.9107448148495
24462605,1454.3296059248164
62629343,1122.4390895349663
60387272,1382.7780382028961
60976677,1924.7937328308176
25938630,1926.2558131048193
89171283,1553.4879808032497
23407854,1266.26860048903
84390020,1250.8074735899174
10131944,1685.7521156541616
61185673,1329.0505513881837
76507951,2200.5973578057065
92456997,1395.6956775109313
27091498,1492.1385614902315
22015405,1515.4566606697208
64048811,1250.8247747911682
59963315,1789.1403488283154
99392827,1963.6634485435993
52435285,1231.5502572083678
68018936,1268.1564982466477
92985874,762.9367984076248
19827012,1250.9237464836556
32076309,1204.1610561360978
74459345,2380.4928230063138
59329650,1754.0979481175436
70105673,1450.3913133020724
47359337,1471.310387803996
27991858,1471.7554140865902
36755663,1572.8949799083748
94560591,1929.0047757598218
47944050,1486.0580284110233
49561372,1856.737557287348
96160989,1219.3849619869266
67474261,1628.2083789363453
71965824,1817.6557682962587
13777105,1904.3594242157462
64739771,1424.876651538424
57691432,1525.1651898571572
21801740,2115.574859574139
74352185,2045.1015874286315
91521650,2173.127595203601
64797772,1774.8054885248132
48820263,633.20156966086
14791909,2263.005461435877
82868024,2497.9480096291604
97971853,1591.1616996964433
75654232,3223.030105109925
30725718,3494.1695496650327
83442812,1784.8431325567153
62376431,1894.0129151259068
45295601,917.4372545382747
44038407,1523.2780462416833
74138589,1602.3142479898418
78812422,852.6612200506083
57253455,2246.9062482920785
10109432,1387.5704069784565
70492234,2050.369574263481
16499768,1296.1235858291059
29721809,1712.2965027512325
99970795,1994.2529320048213
38494075,1776.2376124195766
13300921,1005.7310135997799
18255583,2708.7557463539215
76957329,1553.4593137366799
83103502,2275.224550005491
24570014,1401.0794233932015
19318542,1876.3953648879024
70614169,1400.8229400817818
68374888,1270.5311389044637
10546051,1420.2545863855541
82817153,1202.6394534458684
26190736,1390.97908925099
26227414,1221.486099144723
55825692,2198.779031870892
65550483,2010.011793304524
14872097,2285.0921667438442
32405281,2257.0597691027315
37055817,1320.7842319674953
42617798,1564.8171753996496
30684771,1450.9743620421318
21842298,1808.682596645491
44215525,1545.0904869012375
54734331,1438.2878707947325
77244965,1375.190734539774
31618537,1767.2240797284737
10912371,1990.9330241878367
25284273,1310.4877570815818
63793006,1527.2173375018453
40346903,1204.59933147809
14281423,1270.34887949429
10329833,1483.1817476420456
58147868,1568.231051168267
62215262,1253.0482888600616
11535494,1522.2531400635685
55289261,1821.5855118232232
93054393,3301.907728657711
15613905,1283.3116502269168
52346993,2773.9762354264503
31426410,2084.5016470198907
11924915,1311.5064978367968
83461539,1960.026187623605
68351051,2305.240652197194
23144760,1388.7593562547268
97049626,1650.0260281654025
94895031,1244.658835151259
14702382,1465.056246644317
22232789,1442.4983017193222
14653500,987.1908829266339
45931554,1136.5863533190234
39099976,1507.9656054994618
65803003,1377.9477163995475
56391701,2292.986573444232
92222330,2324.960924094816
93455198,1313.8441938035521
52410336,1142.9478889300276
82423675,1324.9710042427448
25925356,2655.977091771547
88622240,1084.2835096976028
37830382,2852.339647909968
97198420,1934.5457263783958
21477504,1316.352991310463
84142976,1733.4037538527318
96401209,1380.5104330572215
18047299,1837.7214747869307
25908320,1699.0568448186516
69709013,1388.224918056127
63707451,1521.5238640353014
68674616,1703.1604396113814
41246291,1605.451018837315
93099265,1674.4169505994212
44969882,1446.5676679188357
94840571,1746.6539899882384
24428966,1592.3034885092572
73406276,1832.2525331465354
74093567,894.4629061392143
55445678,1438.9629126957514
56770356,1695.0175571028867
20116401,2153.622707579888
23989432,1109.9825592620184
77573883,1693.3373626706104
30955534,1997.0542079739687
46007298,1233.9045381213339
60038151,1393.0643359901735
16169663,1608.5584522124677
40454664,1963.0994389473155
62049127,2196.4790515452446
19821119,1449.93764664708
56611586,1572.29990492462
55267084,1177.2263986682128
55813034,1849.7107794981398
23867957,917.2231716382889
90096160,1304.2459753668056
32751852,1480.84602733647
21394047,1197.0243115039561
80032862,1321.970487628141
22418983,1476.0548570076069
52802197,1118.280534092121
48673505,1218.7753505394887
14195685,1140.276952693584
22205138,1660.856714569181
96628154,1473.5449521735152
44734813,1240.934313705068
55802873,1661.183100782919
41368275,1553.6612297989823
67686446,1139.3643298868135
97989934,2340.9130119044407
65686117,1085.9084556380265
45591525,1686.767471144578
14884094,1452.6983118798535
60291749,1391.2153688842557
46418453,1535.3950843792375
30133967,1876.9209465131883
30307611,1469.743997603604
76539721,1670.3120772535565
93325285,1044.8510932548163
69825909,2025.8877523674528
10220197,834.2055964962038
34178403,2620.247568456617
67327944,1461.918677470444
58361366,885.1715121818862
35080838,1241.0863378483682
24415695,1499.6551298261422
30354080,1658.2487375601859
24117628,1827.682602998098
62628994,1202.2030003556097
51012198,1285.3518612196128
68125143,1594.98185883058
94485707,1622.2106046701451
40172711,1548.37616017707
17647583,1898.357027632059
94790367,2049.073693581697
18254706,1458.275259569532
65733568,1500.5393134742822
58357649,1362.9547347923751
42289495,1658.8955223466378
15020288,1721.5869238755226
31419590,1476.3597733656052
37233713,1262.0171163223997
26330225,1403.941222451573
73976501,1620.9803740246446
90642644,1049.052229283764
63791881,2365.905542843134
40102213,1614.3689158726438
60203926,1440.160502856927
36257216,1244.2913503730338
24119768,1877.526279696156
30403208,1693.2948623109314
39737862,3446.3188465405497
41150683,2225.705477926321
99351268,2030.060003873479
62692262,1911.4452383484033
72711178,1435.1349725443317
10083097,1506.361178532869
65370298,1630.3889551860989
84388395,1211.190903185221
52114454,2885.88844266409
74646950,1586.8984686546846
72720701,1407.1708870705872
45732529,1575.2230225554413
10509116,1854.3204040402868
36154567,2075.7367743986897
46124383,1812.375739756452
27866730,1991.9485811492425
62320931,2038.2427137350273
78979954,1452.1652656644612
52531638,2340.511800048993
70662494,2292.15020656365
88174413,2317.273032844309
21513664,1141.5685265564916
26546743,1879.7076504952697
89094189,1992.2813896062428
34006202,1163.5046812404753
44458405,1357.6338065382843
46102741,1961.882945360663
80947937,2306.9384995159944
73456376,1213.6461752015493
27640503,1196.6061503217786
66469621,1728.455231626912
35504694,1549.0794647676846
24815317,1121.5972009899288
58171289,1613.1909849129872
18612790,1944.9758930044395
63428669,1735.298066973718
57949817,2411.395667129533
72876573,1471.6613317863091
96193736,2972.046774750928
57932688,1752.0577823870426
61617398,1744.835113836245
57513357,2121.7683044802616
46336493,1368.0076646576983
56173102,1430.0433882391524
22210971,1412.9756290422583
27397907,1295.9038684772238
94750459,2401.563668096055
23197778,1505.3349955811743
62692781,2536.9340991006884
94164438,1700.9790293777473
19395402,1534.3886169159223
94219712,1693.2502589556539
33491568,1227.7314601219134
67632603,1349.545174052451
19852962,1977.361492780435
73405784,1723.366465764436
88192699,1465.8078061182966
29867417,772.366538841461
84909546,1539.4503211253796
52598919,3530.921191520825
86077350,1147.5847556651618
43929538,1733.7817307994908
89992133,1547.6905439048471
33643157,1252.4077516583159
40190924,1448.0054720162277
97098808,1884.3196661705474
87635513,1593.136802832773
16478169,2118.012263589249
79498204,1963.5177983137148
62568791,2504.9438054867524
36457296,1453.9058303989227
29599077,1496.8556653736737
22644116,1909.649453881444
69419691,1306.5278524124399
21970018,1627.8768064930427
31666748,1426.5828005201597
84691804,1815.5127361781592
19277545,1617.372319412494
78443496,1184.1267951201564
92759112,1408.8234522932214
49629913,1687.736110253676
14874574,1139.0205756288356
61108399,1434.2406847269824
53618559,1501.2999894609964
46977752,1466.9433606312455
87695599,2190.091138079405
68430793,2222.349558461048
11606038,1545.5251087342554
52469720,1084.0302333865252
91726930,1486.068513542445
14558288,1555.6412282138344
98640275,1381.582508849567
82918511,1197.0849939519437
32992592,961.2427804848408
36930879,1674.8895226063403
73360172,1449.662473353403
22281491,2721.212785164031
33813436,1534.9068452415574
49300946,1887.939704456653
56371129,1712.9891808984062
83899433,1692.4511444298812
25827679,1756.3300045038136
16631062,1457.6340823905482
86793673,1866.156911492205
99689707,3028.2317660357407
69776211,1309.8396785733853
55892015,1157.0889922098659
19716865,1838.6798759625192
46860460,2463.7784800022364
66143638,1401.931207872009
46241046,1926.6077634981123
47497471,1742.9807642123642
38256243,2349.444236035024
90078699,2177.4054439493075
66607961,1671.8316067137278
15632043,2155.769132534955
81498334,1650.7636409121421
82443801,1400.7098355185428
88411591,1245.9609764812367
18221799,1416.7119291032172
30242976,1553.2445139597796
66494245,1885.2578254667221
49287510,1069.1554242429281
83370642,1004.0086079758918
92348451,1105.1593757970527
55790147,1748.7597243735825
49423398,1794.1158583732354
39715763,1427.7165841620852
46440335,2018.2691250159858
78128236,1233.9822590985357
63409672,2262.6710619988603
98873842,1191.621384268443
34782044,1803.441395101546
70391546,2013.537335730265
76956234,1489.4141451753344
41544516,1275.4605908075064
42550648,1122.215752513721
98465226,915.3638554578051
30886863,1384.1315943634395
84535276,3237.430747680543
54301788,1300.2428987318779
78637034,2717.697677449352
61387156,2277.043920424652
71715096,926.867852547705
47859897,1200.4224833242386
59800013,1952.6763961046152
95293248,1461.0404403524046
11553772,1962.5638805429332
91107127,1440.2746629909814
66825939,935.3519676937556
33598864,2205.4327782575438
18818037,1720.4026275082717
86800656,1845.8698012239197
45209421,1287.232430785338
99712718,1272.1202986490678
80320840,2033.5687005321706
24591401,1210.0977271907464
90294177,1589.8388161850771
14404076,1294.5499763045702
60829113,1764.0528073958517
22529505,1783.0489081554401
59566170,1701.8022419560664
40149323,1389.381602801753
40382936,1417.7684389624571
99300537,2241.077681218263
44631793,1111.8651958668286
49450050,1525.1502733079728
62395628,1472.7741207334552
30879014,1234.8211106103195
85524688,1505.6720125684965
87381496,2246.8602944734484
66258576,2486.1454963715814
71415255,1713.3475300487369
45179604,1742.7035748223213
82676573,1915.1923958916304
14654038,2109.368944045387
57261303,1859.1443083424338
69037727,1707.134894848784
78583522,882.9561629277614
49703078,1204.2755340410026
78525136,1150.1983634657956
86407509,1754.4355233606163
33024193,1440.1057749658696
38535158,1616.8908254875973
84179400,1972.4586346779888
24680896,1227.9548552614792
42024082,1642.876563981647
31137878,1202.970660442983
92689780,1469.3594001889771
93487228,1464.8641319315866
27421195,2755.516992675324
27611928,2122.2756170308753
25261420,1744.2439766742234
46864780,1753.3185676896362
51909487,2125.278895427342
37913958,1457.8769047380008
74334619,1689.4307500485502
24422548,1801.6482789485733
58508595,1333.5384008065275
25087154,1736.0931210906842
76806766,1356.4915333089164
27262464,1224.8321765174594
73422693,1376.2780672070985
58175270,2626.1401433308956
76648743,1717.850726820927
36026120,1264.5332830306559
87485989,1929.3543095776888
88798255,1258.9476259246449
85293030,3826.0456223364463
87029422,1287.0826829173443
72679949,2219.360472505883
25871017,1064.9325760027057
61396744,1401.7841389832038
63197784,2137.060615644006
49632353,2373.7090746175495
65625596,1219.8050343328916
86795596,1097.4487439168906
81433856,1049.5925324653792
87476873,1467.4382387347587
98147948,1166.3188231122374
99212421,2348.044469731701
78236394,2118.59082116745
60511137,1794.9420027426547
37030090,2051.32057568425
47227545,1682.2405607841988
38980163,1547.545919583891
33290320,1443.087431019262
57735630,2595.151255178673
37888473,1005.7013781990028
54251453,1328.1745135653432
85556127,1537.8708019623803
26903779,1900.191170443589
91692809,2440.0972169095558
32446203,1824.1227964468305
34350235,1900.2700851469053
28532174,1595.6885856511121
59869496,1327.6802335578627
37887202,1884.8520954578585
54799254,946.7208376654066
44298051,1454.6637777151898
89901990,1339.3042469569075
73292166,1748.2361312771693
21775362,2162.214246241641
36884233,1629.6150845377874
66353025,1866.8951534082664
19481125,1409.8550420081729
95336492,1219.2763932300286
32400462,1600.3068816395394
28975228,1681.0839917211501
11320585,2198.723449924743
32162156,1312.704254580705
88724326,3716.6567664415256
67650053,1749.5682153725636
21038175,1515.6741068580063
64836379,1423.7070520295777
60827779,1516.7250299559255
88997264,1914.4229645462515
44622902,1396.8638832590402
85670106,1570.862788020875
38945693,1344.026176970571
69337730,1479.289148549588
22890345,1907.4172858145755
93106331,1974.933669850035
56257607,2324.624408559916
42845025,1663.4688681147184
10678470,1495.0762462201656
35975743,1797.7514435629207
44298756,1516.0124448058398
66670226,1550.4733425250683
37883517,2496.290576724815
62831558,1175.779352696734
25294874,1855.0327862868444
34601413,2069.432409769239
61300626,1820.9735623121544
63694211,1446.275250561162
70308634,1857.304560831953
92846964,1649.1055654088357
32093061,2116.817378662828
68496425,1214.2265959647082
36724576,1653.0159735046534
18988842,1889.460242130194
44304522,2024.4400202666052
91192236,1388.2626541883242
27105876,1495.1014975409096
89869414,1020.0149628243744
45877010,1698.1325169352192
24146001,1060.3601143400124
23395701,1367.3094367767533
38974456,1478.855606768814
57842607,1282.2015321667081
51687346,1516.1719845077419
99288080,1443.9783285607405
58963406,2072.9505224634386
29443260,1985.920263005732
62626422,1539.0099943793182
57515098,1782.833154990187
61739694,1397.9103453454557
27459512,2079.12016768154
84889146,1412.3387789435574
58681841,889.8718838873463
63593417,2319.8659067689646
33073018,1426.0638816747346
18775917,1783.3389686128503
38962045,1844.61506302307
67933426,1409.3096886024812
54603681,1639.097279928571
83399485,1343.4753009552826
64199110,1756.9810863433129
82415208,1570.5997012718744
87961803,1867.4706325543102
44853010,1582.1863196745226
59952980,1627.3050688545727
88562279,1100.6893783074156
55858413,1468.592302152136
61198975,1514.704725823389
37448315,1687.9851639911974
19525923,1311.2277603285343
35026025,1805.5354671740156
37029910,2369.883164334624
65651564,996.9857716588117
76546746,777.7757243028465
78805012,1559.5574218039635
73332787,1163.8592477233865
45937289,1664.7725981893286
99048249,1180.0021061535058
29475704,1297.4615269983124
93694996,1340.47552320582
18159173,1789.220189648208
50435273,1199.0683629637558
56812269,1674.6597047832972
10385151,1539.5328374606152
74541267,1797.0087325832744
16719195,1344.5865853638975
48754743,1398.0018983088423
18188655,2155.3646791536194
32063627,1882.0323343507482
95749552,1584.7565224051089
95191424,2332.665341436269
79363744,1183.3374214220999
47169927,1430.1657422940386
77108983,1235.1758830239385
44823862,1067.4787309964993
81122519,2828.197359751609
18168723,1245.7092695246565
59737458,1470.7810776757447
12477444,1524.9560726441275
89609832,2116.998025257001
50913652,1364.6845243142727
42856249,1183.773629402678
62711409,2224.127256266113
67374114,1567.345599119187
26708384,1769.8051201061007
57463109,2026.937139938451
64273952,1206.314318571239
56304545,1846.3436583617745
82795140,1753.1466388916729
14007213,1742.7117446536524
54415843,1614.3312357039217
54590957,1896.2768077883086
67350145,1431.2877787371401
74993313,1284.2301136271283
62432527,1940.4556181331707
33713363,1780.826059503471
80390114,2844.4089790400167
12723951,1752.3460606264048
71416124,1251.5352839580285
72440899,1525.220715613705
60115717,2907.833446437721
26317947,1327.989484627202
35504199,1203.6104437961344
30187539,1524.0890207751233
55346293,2368.301005380901
90516502,1212.0391498166375
72045347,1982.5971656604315
79850408,2394.5918640070927
20443404,917.3036843824727
84501791,1489.2119436463458
73999320,1463.2425174001003
98913461,1335.0029717308219
37225199,1094.515151199243
16193655,1821.0113675557645
72620298,1400.9712678282262
64188152,1362.8241816026389
67784083,1930.908381639277
90552658,1593.9629817188081
80748000,1000.0442028435936
38083778,1855.4453172604944
65525497,2111.5892382512006
19381953,1297.108407839275
65723090,1712.550068363956
76151738,1938.6338617822237
48225827,3009.0758480718123
27357384,1519.0114961770817
72090603,1630.9173231283607
13739096,1692.1562104623506
42442381,1631.6235624476028
57561155,2185.028084895621
35942827,3148.612725469288
89196128,1565.0374668877853
90585757,1448.866525146649
28123361,2074.2121913876504
54892166,1140.647561926505
34399967,1274.7851165342804
36429013,1653.150897304739
87308981,1217.785963646579
99529719,1513.3163240336912
22093311,2436.1320457018437
81263538,1718.1933938306495
71338939,1429.826303328602
26758105,1425.254816305727
97028969,1524.0694649892862
64463656,1531.2167545911582
56099433,1788.8784427312457
85325718,3489.893860681878
44166454,1709.8910871447592
36489810,2262.6655067433235
33207901,997.5026402528846
27978007,1679.7149576740067
81479630,1217.8009126897443
51537650,2235.4564776780694
45619520,1439.3578760655596
38111175,1682.944454656727
52128949,1177.2620250736493
25404819,1754.7977476810433
76230938,1906.5874423102593
35633669,1837.3999492549578
17486296,1666.8311324267795
26823352,998.8807542925013
24234066,1780.1807211149232
69609466,2100.3729353408075
44500625,1890.0933660159496
25810885,2336.704031519514
47095933,1376.1692930999002
29996746,1649.7694273241793
26824387,954.4460577696993
22560248,1819.863833524263
67043419,1422.782370031621
56128877,1614.2610326780098
78532613,1360.6580067635464
63334626,1598.2739443181665
41942475,1353.046880431645
71572581,1192.5958495265086
31224917,2505.416634199894
52061385,1453.3093850972605
85648776,1153.7066314125896
89601046,1088.7971681765264
16315474,1598.2930582830002
90885644,1375.0378268118634
69988016,1589.701067483467
55363982,2773.6792413909
15084841,1241.3025130306833
85269120,2033.6183536404667
31531393,1081.8358093201007
65511292,1947.681834068364
76207920,2656.458536529161
25765261,962.8704005797039
99628783,2069.3554089325153
29123949,1513.1336492196672
84071477,2907.9340505225887
55408575,915.0728667329581
18563235,1981.3704732618112
32862824,1283.528785971873
87247913,1471.7124476566091
70811397,1333.1503162156657
79135010,743.8611016897293
95532555,1761.9111095535343
91619153,1875.9856803540629
85185899,2234.417475652207
45503458,2020.8169758023237
40572975,1438.9433405851628
89004010,1594.844187466691
34562042,994.6633381612289
63463440,2293.264307744682
64460362,895.4911917880778
67250925,1428.4830280353535
14939721,2775.2462750283516
35310686,1511.32868713652
71187848,834.0371564446154
61524357,997.8518832282689
36782194,1390.1571041431255
89842273,1116.2522959269363
20614858,1448.5636028089657
68048266,1083.5827661922979
62462117,1320.0117684305317
72115510,2647.930559747215
14057421,1123.8647249585295
99878320,1668.0737226834663
68934495,1714.0239433598765
63897425,1449.515674558497
30823846,1581.2841145978873
45856506,2054.748804524469
36318458,1784.171502949655
54709816,2080.7731329058242
58956301,3095.964560019892
61193977,1991.6549842570346
94916864,2169.8672280597675
95563649,1466.5535749237686
11808364,1258.390646443077
53108582,2235.9495186922995
37502181,1136.7449851182487
37996385,1201.9620521919965
53563779,1320.0673129931238
62612706,1047.272977102116
33233317,1014.2828691153194
39285196,2599.467337639148
12469660,1455.445634401944
10086272,1917.4519334089514
61556619,992.7903201659924
44239580,1841.703379813086
37303458,1772.0450140372789
69742763,1433.6974260105517
79252407,1404.7921089460488
55035288,2980.5090129004884
22573833,992.0922642944341
73616028,1876.606075058082
72379751,1420.0381743647774
63515051,1337.9862043180349
43605274,1163.766183026106
94526159,1806.0105826842544
87017405,1896.1892102501188
27785122,1416.8881768887945
88986010,1524.3478190264468
83705830,2922.6322584525647
19294754,1385.1342943834968
10016581,1852.3937344981614
98337631,1750.0864680101904
96284977,1760.4191306785606
85120493,2046.075895370884
76912038,1810.0389881004203
38273802,1522.2008132993317
31373003,1407.6406929918735
16311364,1487.981438969301
81773825,1336.143542973942
85451822,1764.000359693685
83837897,2289.315038651762
79840167,1304.1726433061413
10053165,1639.1703249095735
66085962,1534.632464154501
74446354,2731.692678855443
71248291,1276.9426935583126
13527988,2274.6892890216445
59655162,1373.7871928871352
81270080,1083.8692425107051
25459024,1775.7371073930624
57124820,2249.76874487979
38744724,1542.7858263719465
14672828,1845.7230535904189
86208199,1278.622049336161
60804234,2098.7634942162254
26637959,1405.5130963279028
84505191,1819.2381326168063
34949195,1670.9085205357399
18236230,1786.817147278463
83633670,1864.0828295462459
38795738,1013.0115594727671
57060441,2127.271765800915
63193750,2838.0983323343758
16584196,3261.293349088191
97470867,2157.1066218486394
57117308,848.4704482952936
28539736,1430.5729523911111
42854708,2710.2455304116975
74612987,983.9896105752217
18574187,1099.590689820716
82554201,2003.2664749995242
63502035,1632.8013484556811
91862663,2944.3088776809095
92211122,1694.0846433447405
31056808,1579.7746743358289
16943964,1386.0817345030453
32863651,915.8676305227258
68176876,1347.0549677851652
49131404,1038.091635778199
70277995,1297.3013393835445
35494136,3277.639214989579
81234980,1756.5262694248688
38613978,1870.7884678582575
58078556,1516.8555054226456
44540392,2745.9461827514783
54581831,1367.9988550537398
27711464,1190.7494685493411
34639609,1548.145125637012
61465981,1341.3275814860895
97434739,1933.9695852845311
11115465,3022.2904950038273
73204702,1818.5333337005272
43122014,1652.2874935063248
82465915,926.237128750634
70336402,2466.0676872239733
66860305,1662.741734039112
41500458,1669.9702631164412
92919391,2346.4021890205063
99618084,1412.7785865512137
86909460,3550.691759129153
17337355,2346.095182135686
42353664,1104.305330882839
21765685,1936.587542425617
89088918,1235.6809695316786
35899962,3475.3964961804495
68684318,2078.469480554761
18484780,1281.0842342682813
87388388,1532.7069052358486
90094211,1692.6342537737296
16804039,2254.9571533696253
91010086,1418.1326880763847
99469868,1645.6219311270975
37545302,1753.7560754397052
71878464,1622.7824995406804
21183040,1958.0280538121299
35304073,1826.2660155037736
50348670,2114.476156290411
34230931,1205.3320842738042
48867425,1601.8325142844012
35018884,1352.800833274691
82792644,2875.6016393647697
55638604,1666.070783275346
45618589,1657.2214528696745
94996859,1207.1246988541745
59711138,1277.4791944789965
20008628,920.505947825892
74210201,1811.8717220792048
71592370,1675.484688224897
91112168,1749.9550219102791
86979588,1822.2776606037028
77491019,1725.2577833310388
82906889,1523.8405762369875
47215201,2048.9918710020297
74482354,2321.3644035441525
85248466,1400.6214170221697
48081067,1859.145442842698
15387364,1320.1557138589908
49479914,1553.014972173699
67144063,2413.535358897447
21546784,1821.1990486513228
33690767,1403.5095988549504
33115846,435.9933346121916
61562965,2023.8766375496598
39809818,1804.5865977876497
68123009,2390.421584506376
51851996,1911.6996810129056
14592737,1291.9670176793772
53703850,1642.7932339744802
32305458,1911.5646709029834
15802272,1087.110774209514
36113397,1543.4602082176802
10490484,1877.8897012688149
60733954,1749.88242539588
99162691,1028.984213034231
93098807,1199.2066530255602
40838545,1686.40568004807
11051825,1882.7212166739366
82908690,1474.3484594804304
71787511,1680.2195264304555
72823966,1492.5917885747785
12980060,1777.3270181046191
96086415,1533.7989319849855
23697274,1963.7215929444253
51614059,1804.3999896235944
78779574,1625.3999141026657
95241308,2714.923697371113
17643222,2688.3820192954345
93263316,1694.788101842765
37302631,1277.0233499296817
87271886,2027.9316002115493
55736876,1788.9272264486408
51594702,1883.6477500221265
83945766,1062.7073040772627
79078313,1258.7931868375108
31277810,1457.4734705340727
74965419,1844.4460296814605
12557472,1338.6550962042397
61610958,1519.8496965724134
87565891,2821.3380883368022
69835471,1615.5369466805028
50409416,1342.387406002937
77449547,1997.6553689571874
97554546,1258.7135452463199
15981479,1583.891497070308
19522006,1670.9147902142977
27996044,1567.151522761036
41161764,1751.2590201825483
20740770,1553.4937177616268
70042803,1592.4883152330485
52210690,1241.568742240147
81657059,1215.3446036432404
67733763,2312.659524336735
19453777,1378.242917666169
76648543,1753.4069269428373
38569009,973.2357618577124
24713941,1198.9174391203876
89660454,2352.4988849990636
85740410,1569.1812416406171
86257801,1428.9007524994904
86873805,1600.6254562721354
33399735,1746.8095710173675
37535534,1271.076843759096
27667456,1491.7747585070695
61581329,2270.117504327388
51263630,1098.6492646575407
52033053,1410.283682045035
90888218,1350.0227803885834
12546179,1871.6681081654826
83093814,1463.2676468128584
46297699,1237.651575623175
97044400,2028.509922466006
31763919,1300.9237961072995
16008849,722.8657659554169
51084945,1032.4559317771239
59957604,1590.462763991977
18780994,1287.4566818760482
87997537,1413.7572501088052
45685391,1715.2777126347144
44441149,1409.3751951796369
14178311,2049.9037558947957
43522500,2191.804552267422
91025767,1583.3509077898075
92328854,1681.306463188071
53582398,3097.3231469760694
79088536,1226.415415583149
46193764,1234.388678587154
84800487,2191.5365302682485
58906346,1888.7765892211278
16384425,2205.1255669808256
31314423,1597.5095637224613
78713693,1282.322604895823
59579059,2775.8845049276356
51309878,1632.066967356536
18367921,2584.5175295260997
17963218,1351.2432237836165
63773516,1686.4445599322435
43820904,911.6839150624014
61844633,1505.9370377367882
97433520,1961.5185835902962
67890378,1313.6036383266746
84770654,1984.387075110567
56388014,1036.9889964383156
48498606,1263.027204417038
96139568,1172.1042098645808
23184000,1808.2396609477576
82435682,3147.4598832796664
84725417,1144.7863627390966
80398008,1266.1684437091676
21408816,1864.731739206863
40561414,809.4226982331472
47526789,1726.3997079656713
34202671,1590.1450583917474
47410501,1475.6923562104505
18437030,1962.0721193535678
89947527,2068.7858625676927
48179652,1056.0731979473599
43574355,1255.79852708188
93441626,1351.6744886630167
49833156,1015.5354320731585
27436801,2190.9609828944235
43212239,1666.0759280598118
57781002,1872.4768813095097
80452756,1755.3437559408153
69547198,2253.298237574988
92282402,2334.260498085512
60080700,1848.5242490505896
77220496,1185.212656842086
54095090,1689.7277534582047
28159066,1119.9047072098087
76298460,2050.169584383072
57334293,1709.1938650602865
51349452,2622.5752013293345
57825954,1340.933110135606
75566691,1425.2529931155075
21994482,1544.4995010371592
15472109,950.2465760778548
74524636,2225.4555194344184
50954892,1683.202922810353
72834699,1636.8123758664126
62999750,1397.9585075723924
33123268,3789.299937609392
66540114,1402.014362963808
54002928,1303.6904873411738
55085304,1538.6200370958577
22151066,1583.685443619784
65334729,2286.1111064571655
30865724,1221.0862081306716
90388666,1354.8352001390022
55605064,1308.656539182653
69408128,2421.6845926913697
99473168,1847.1795980882023
75818797,931.2202207640156
62565025,1623.9992075948164
75143116,1466.8674990553052
47696923,1800.0915623173996
19416750,1642.4717168669376
22855194,1944.2195121457692
67192782,1946.2166142756744
87517475,1494.2641549615382
56350089,1761.9984923118063
34134972,1753.995976783984
60576347,1952.599064647765
26319072,1350.2614618962134
88893111,1267.3225985677932
68033382,1968.6714030835738
94035885,1321.6057641422633
81187160,1544.02673397793
28315736,1352.2563393315675
22692256,882.5603188587398
37267592,1208.395106415014
91150814,1752.6721157009597
26431305,960.8068943433733
87910232,2708.248859773679
41955248,1507.1647956743573
69743430,2298.17125321042
46703259,1607.6261162564645
31441294,1515.0034677419246
52540774,2116.8326626715957
86506186,1408.7505668123306
59584539,1301.1474794396636
97314977,1735.9842913512077
96666615,1515.4240783424304
79683457,1621.3069302104118
82209443,1595.4198692555162
28258830,1669.270299083909
42067661,1755.516793169002
66297804,1065.9847212176235
16941404,1212.7235995732358
75005309,1443.4202474303167
24570745,1908.1176351260647
86113362,1917.9138824267063
17047985,2133.894413227806
65773050,1488.9665147893434
58445540,1311.2804045687124
48523637,1960.855577018927
95993557,1700.006996752727
88761628,2754.27653789546
35281082,1737.92320411218
63427827,3302.274022652164
38736916,1447.1882113726888
86580197,1762.7466632046473
23112535,2776.8238495807373
70370352,1932.0658611675417
27855625,832.4478844582906
60833031,2126.810007091239
23047956,1341.972154862786
87351286,1567.7471894118441
75886001,1112.2608594121132
66301086,1778.2447819145739
60935733,1159.1755155038425
98414359,1801.5175229827016
93169508,1592.4352116100683
77985316,1318.780828542238
22647726,2388.3743587711224
39865459,2601.159695946969
81994206,1296.0825719525226
62822262,2014.3952954734468
85331429,2824.0628130395717
75110630,1167.1641079434198
51138756,1903.6472376298211
83491442,4367.691588623949
67891583,1305.6094163918117
65475315,2744.9571207426234
37180335,3081.5975193468635
53617145,1765.111245576325
66644091,1338.0483272911529
85685863,1385.1814916336932
67756317,1622.7884379468799
47286828,1231.4558889657062
30798257,1766.8043259631218
55429056,1420.5396296346657
48423935,1328.3625599599893
70215654,1486.228085106894
84995114,1608.3342814712967
34191374,1173.9344368664154
94424055,3008.9186954292654
35266032,1152.213299792342
10282778,2032.9469392838837
74509894,1515.631377116491
62379565,1511.2987896507223
69295266,1195.4555086091882
19487319,727.7978971447726
80523155,1724.6737070516267
76258438,2646.2937955468456
15381648,1496.548946000372
76313330,1404.3495880720577
67909709,1368.3972200378942
94172578,1360.224464643671
73730320,1287.7067131636545
93164433,1302.1380440196394
47160388,1034.354851743627
39990609,1759.7974398202348
64566990,1584.9416014391886
91126842,2519.8853269794386
52824809,1567.92538681658
57254599,1520.2367682346721
38718331,1213.762783423335
86095545,1482.5342021104836
47117496,2369.559993946682
38398092,1969.516794182496
35904079,978.0278616974641
90919237,1269.3304757910114
56102015,1177.6288362116118
71540566,1414.200794494544
10011577,1436.9216770730163
84723499,1937.0094800606419
12437858,1344.0090086076762
55600884,1297.651355301703
14903844,2122.5976192218172
79656066,1407.4523166960237
22833793,1199.3261206219997
52725368,1570.7707156177514
69338616,1938.5220759589552
69512258,1540.7385817778902
96249786,887.7701293156703
93289839,1522.8780922672233
89525161,1831.3535830217086
25602400,1464.9261039569105
82687645,1592.0461971936568
86466057,1658.2253413271294
31039064,986.9008516532929
38126410,2359.616637791262
98941268,1955.5161420702154
98887377,2104.649475507595
19069593,1391.4138564696505
48991500,1236.0806970431481
81340729,1204.608768027495
17755803,1347.9305733411811
28332754,1202.0321647426504
48710415,1556.867141973355
13552122,1924.1621415977188
67175252,1868.861973888065
81401006,2350.0644543430053
87569420,1463.3563563020857
68775804,1771.3834978775062
51303767,2291.193534956364
36907350,1256.8934634371774
11852044,1240.3129544879575
57122012,1981.5139666184546
42764646,1414.3217690803838
23299341,1182.407493181858
99527596,1577.3668376906764
97393585,1292.249284814054
43578412,2357.8785702849987
98294611,1721.602090006121
30924809,2008.342053706763
88121507,1953.146730502762
81094653,1788.9981345838826
83948197,1832.0823792150154
53707208,1527.1600121308452
72598207,1966.3745876564055
96325015,1326.2625665264936
32527392,1194.064479312195
13367283,1543.1666577375322
70926441,1961.9566378731602
14507496,2776.172750580016
84516945,1504.7720251652308
17478153,1327.233176022872
83347951,1232.0670425497033
42507501,2659.637912512839
54322410,1395.253113123464
51129418,1899.8701815623967
92284337,1111.9207870761688
56191305,1159.4657365096475
69717201,1396.4873711085677
77803958,1633.9411712506128
30868541,1052.5464838977457
21948362,2141.598986683285
64597726,1391.5831226452476
24753315,1312.0117384615414
83137150,1047.9900280428014
87115344,1689.7145878020901
99984175,1692.72407719092
78503238,1568.59500396445
56241324,1868.74937987916
44979606,1204.6399036165035
73782771,1771.3581440304297
83259646,1550.7105413357983
83615385,1279.9854863683624
84238097,1368.2023730000235
90104229,1815.0206046426758
47165230,2169.2370027138104
90052115,1143.148092152006
29318397,1763.3789221360994
66821977,1781.3079922008244
74914365,2748.4282828089995
21821045,1546.5709683544487
78077361,1189.9195625159064
11290483,1758.1972872103295
18150280,1487.2630715716953
97190006,1350.1096241625507
23716973,1626.4597591939616
22402268,1970.619171124444
22495547,1445.9210020765104
62732805,1333.935957594245
35149813,1037.5449430893693
45074208,1520.923942330691
16930048,989.7488140570549
37034316,1275.842101275662
41257506,1058.5727986120987
37119194,2755.6887479806196
67834562,984.9173753375164
34524417,1866.4875036236665
65917034,1436.0048389351762
89187031,1345.3005620223935
38918236,1771.0549770149273
15343670,1514.5196996322422
14075655,1306.4480814910755
38174910,1933.3813864653457
58723158,902.6880983656564
60249533,1708.2487475136263
97281245,3561.6276553448056
72949298,2842.3352181182167
15101045,1226.0947439294116
28123842,1438.844255030044
79777819,2578.6072568161803
49207880,1669.4583243102306
80546483,1717.2538979073377
64032695,1489.892220753377
13192282,1378.9726815872204
77309020,1668.8897121835428
61977302,1679.876272623309
97344057,1707.3614506854615
30586194,1447.6954415682344
56677229,1377.5510496564298
22130117,1194.1621649647855
40261245,1856.7292266076554
30166032,1736.0560577901238
77089984,2115.2781904090207
26878900,1347.6259297689908
61371436,2023.5231994472547
42742062,1783.0607395951097
95339974,2526.551375197561
56107946,1632.8120120772733
75011328,1528.9932985207456
72662754,1313.9199006637466
72203106,1004.6485944857051
70496852,1634.4943646514253
13201993,1506.605467948077
78164844,2171.052030754999
59342403,1496.45760278564
94540895,2023.3963970432649
46539631,1537.4840973728292
72239923,3086.810122352989
87927143,1502.1554089121885
58112642,2023.5971078986156
46348606,1163.9177979378148
41028863,1534.0334833938425
24368370,1323.4073774187843
29933781,2315.3612617329154
82791847,1521.7456094877334
96015529,982.9920163685771
54561874,1400.7427742427817
53184693,1033.252959134735
76671373,2244.3197641806146
63611357,2031.9217917917554
80706420,4094.6881258267294
55017743,1933.9223592462288
80689892,1679.4800654323835
84469446,1663.0083140136305
23226721,1606.812408248013
85084580,1581.425262224056
80669002,2203.7413899837775
65745002,1699.761177821323
89007400,1527.3885281585785
29824422,1867.0605982161935
35775431,1540.3849754043579
14074630,1156.8317103181341
72325201,1367.819969780931
23874500,1537.9490290932602
37300173,1568.5893170138145
33493494,1841.2623363719483
30229764,2700.578564035613
43966954,2036.3362331838323
27845488,1586.3610939313276
37461765,1902.777932882272
54994083,1980.8227598659703
73747516,1683.0278929367225
41276058,1124.6045966543977
55912598,1351.9378518399133
60686267,2153.47416490236
32726148,1740.8677370902956
99279088,1307.987304693636
28728541,1480.1210022712714
13858737,1563.4086269078803
21895570,1732.9459590701927
76323759,1682.0961489644678
79038940,1104.3140858686422
29272847,1358.3823810725842
98713132,1508.951038954184
92394953,1657.1787455503288
96580365,908.387091681902
44481344,1259.9835650894872
16420037,2199.062061402687
93921984,1594.168174287992
26481610,2368.496092822412
36292815,1478.176938694242
77806189,1925.1636616206197
75958945,1289.6142665639206
65456150,1554.0607720036703
80743824,2307.5345331648364
49966934,2266.237119631354
86026791,1337.9392219362733
85816309,1090.7965207582613
15568874,1870.4835369898587
99556884,1720.9022714645255
27514144,1691.3999507877413
33950340,1586.423567591677
90674412,2879.3242693712527
31688776,2002.5848157117352
58380703,1319.5534720903488
59666638,2101.445302440034
28858647,1673.336991376544
96281488,1313.6329764444286
81757957,1751.0457195926963
15387606,3135.419129311912
95978588,1022.6878621460359
38876766,1542.4091600644444
97177476,1521.6276551769024
56304916,2182.6955917581017
94447504,1512.3197735330205
12858830,2119.853578690335
29325031,1682.381598212008
45137864,1232.1991989232758
40574206,1670.7715723285642
14671172,1184.3034800340993
79393183,2165.177178863964
73490914,1181.891139933946
74160460,1318.603994510687
44164617,1014.256224763248
82646950,1876.140546148628
13359174,2410.233355674969
75134927,1169.7794277215842
36042465,1286.2654224430732
83839627,1918.3990769137888
23668396,1795.4096447784666
75299261,2351.095886488595
41480775,2151.2108082863037
33690039,1900.1977481335227
22503085,1458.0965325482107
37466667,1241.5633290703336
14321282,1429.5200008580025
71351933,1685.6969199809134
87081502,1113.103803910538
65472553,1464.628783657935
99213360,1719.8089615863087
10832464,1232.7008741660713
51819797,1947.388455529096
75955259,1932.6487602261402
88647663,1572.295880554274
48629803,1404.2173057930297
83286245,1957.3683633490493
88766577,1329.6625339155967
92941012,1663.33099662138
77129657,1834.0360102549573
98212477,1439.6948091050365
47578988,1233.8285304352962
50209960,1573.4969382398453
34219777,1547.0522932525075
79439231,1260.1562728367194
73635146,1822.83492527397
64910994,1695.239284037213
53834693,1051.6560439323414
11363592,1859.6602456125015
10873772,2820.431325581064
87767702,1934.4488746988707
23454749,1214.4451207462262
58196808,1460.1106522766775
68491285,1612.4001262871757
92242279,2973.0538312151953
33507598,1658.2313601029562
31155680,1686.6568022473034
69782815,1266.2665922506108
99510246,1580.4401023209468
76945883,885.9341596653893
17094345,2036.0292023805991
46337525,2031.6419003443373
28488983,1138.587347241051
16761031,2770.331606713852
79032271,1170.1294497174313
62295468,1088.736391348851
34239247,1936.5509410426234
13382072,1463.718254642418
22594211,1851.4774195814332
57247913,1194.1416007848122
91685716,1464.055322988766
17466502,2070.1057713199193
33964749,1760.3977340119557
51427608,876.5440380493177
24310192,1191.8184246269607
31116680,1538.3031212109445
11417356,1934.994659181542
62762079,1459.8373247878756
42671255,1969.727891564483
96926020,1679.718619983782
50275050,1797.6150533418077
39760605,1487.6502973134102
74898826,3028.259282016697
72916922,1397.5314112064445
15943032,1311.3349536709943
74582816,1760.6896845392064
59875250,2007.3803123050473
80790659,959.5644919085038
19888418,665.9413090776167
31588130,936.6236280739691
66158465,1978.8623319583012
18800645,1664.53997631558
64505218,1427.0357153120074
56056799,1293.9954547812627
10374837,2160.858999531103
41300143,2560.456571309236
78621253,1322.2899012281646
11141195,1597.8380612957844
33865847,2431.138152504592
90610974,1069.7241995137417
98930552,1517.8970843404422
12727530,2207.455279777912
52930535,1536.7906106027226
93753865,883.5892959498352
70595210,1689.1434406524465
86025280,818.6801245257875
78663509,1609.5429709160805
21322626,1364.6255882166913
38172344,2010.9328343082916
12467923,1851.8328705467904
59832255,3558.449009078669
60019461,1717.5176063735325
36274445,1281.796558868109
35417851,1373.5585326320665
24997453,3126.3751894349293
83094532,2700.6234889911398
90174488,1626.1308922154744
71319002,1177.1095125788738
29621396,1448.1309432590108
10011880,1480.8605453189662
17190126,1311.4788966498445
70424510,1644.412441061572
11417531,1234.4035136878404
27554957,1660.6060129374407
13689480,1125.6391432537437
69613512,1530.3352757418836
74318773,1777.307684815452
45221034,1550.726120530909
12200305,1375.1552758368498
29052499,1918.0029594039518
91168920,1851.6336160950177
99587330,1049.5304805761923
85493546,1433.6104043368657
36510260,1574.1289863566387
40370308,2007.2688589889192
89123563,1493.7879511157491
68894033,1290.7465165086987
73938236,1926.068668474625
25242707,1258.7211426780443
87339346,2197.076763302742
34182148,1119.4361276916595
55488547,1408.4213363964998
58799207,1401.7479313444078
99415472,1421.4246390232909
50374353,1753.5569716109362
44632960,1245.7470122927748
46918499,1903.554559033664
61219752,879.7967515980932
57928854,1359.4913569037346
22536598,1236.8313316667734
69936903,1384.7193586650856
69696012,1177.693587258703
75807455,1374.6705120283054
31557332,2136.3707239181995
98503124,1129.4668801767393
45347570,1601.840606642527
91321804,1738.793634518651
56392111,1739.030624766161
86308272,1021.6558663454181
64596791,2165.621170773556
80652734,1839.3454495265757
15067372,1756.3950470584246
19485124,1442.504487763564
14453004,1119.76324494155
26285533,2347.0029821284515
92838656,1544.9967453039972
37408293,1597.1724624473661
44619550,2059.465517336432
12229798,1374.5064510189686
19471907,1343.8774273440702
79387412,1126.5156174600625
62896852,1680.8030654970369
45934349,2306.8582697941865
16860511,1722.8840321052778
43506983,1487.7263840871517
70740306,1853.8783693234575
92814410,1362.7510233809128
42104710,1727.7842649076497
23656647,1262.6286271886308
16622582,1668.8612050297193
91730318,1442.424152466789
71502047,1610.6370749791954
62198081,2645.9539167473417
35586426,1532.357145023436
73159054,1292.6398826874217
72932579,1382.419178360294
15860553,1655.9760501104433
76499202,1289.3121879124224
49147306,1200.8536901484192
66173222,1439.114016627888
36048465,1744.913274054978
58226162,1663.5858304362555
75348253,1364.5751750823442
29406516,1595.4962953265203
30120831,1324.2946767877957
88886135,1528.3597318050383
90716300,1024.61705390564
12118186,1530.3035239866692
39388114,1574.4475665973757
43348151,1431.8263642301235
70648988,1584.0307455912885
89828759,1423.5360568745496
25774436,2308.1790568933566
56166234,1247.704679229719
46207048,1336.3110893813227
24260337,1653.302251237178
43372122,1302.2954563341734
99211792,1381.1544169617814
72425048,891.9906470724778
58848576,1524.5394193655998
69451066,1017.8733060335436
46571746,1815.0580077895024
35037281,1248.4968610077553
85573733,1335.0406843780747
85004009,998.5304262718204
98713147,1757.1528650168402
99574842,1245.6754912168203
56403873,1048.0923624409447
79242881,1691.8120554870848
58458582,1155.1429166475912
68482067,1175.33052952724
16690135,1978.2818390793489
15173091,2181.8484497464965
61448444,1566.5545200792017
69237042,1119.9265902542284
85145895,1010.4841780847713
22701271,2632.7669322749957
39148372,1299.2473157679326
94500108,1602.589837732703
68415143,1247.1246285339964
40595467,1948.7096030547825
53076141,1603.2269150029288
73641861,997.0601256499443
48605668,1577.225144513697
69923530,2052.441594971923
49319680,2068.826633863068
45928049,1816.7052752699099
73814109,1185.1590622647077
61386764,1630.5053184050705
67209776,1417.3683397306627
10596331,1400.3438104816328
14387887,1698.9789102390284
66568548,1551.024471862971
59240082,1650.686182344812
35040177,1629.7632406615826
99480365,1462.938779525116
68333386,1213.037386961902
95572882,1977.969426114388
38132096,1683.8066120081633
76955826,1810.1813421668126
17729676,1935.5056972663301
42211142,1342.1284092196247
20158681,2573.5366160301182
79393152,1329.2431640369118
39911125,1442.9378870356145
88836366,1714.334961368313
20409154,1675.880882770529
15026679,1561.6916542445824
42131515,4766.671898304673
54650905,1499.0828624929459
26838390,1386.976060934049
65068346,1268.6405693691174
92979933,1674.9792320625402
95452518,2462.778346711131
38822689,2181.2721631571794
46355252,1936.5619702975919
12444224,1941.0894763480712
42979270,1299.3402134950115
77573762,2443.250896531791
14826829,1691.6821098295768
28709839,1905.104763698247
18829646,1797.3123501756922
96568537,2083.905379493339
56829547,1641.0825039805322
93979772,1804.532870152953
17626588,1546.8731450363466
34011504,1650.881526353198
52636134,2139.427575594096
91687348,2040.1166324928658
36508418,1714.9063393176893
82621948,1164.3036178549303
89318730,2662.823519321553
98717167,2100.9375415447294
26278873,2184.6929723903295
56823412,951.402151764312
75609163,3738.087361853869
90104725,1730.3504314032753
75874553,1862.9309372238438
48469293,1802.746179780573
70313722,1771.8376142787674
48269879,1453.3853067267485
30338233,1908.9844478827774
32779513,2203.7901885284714
75548478,1436.134995731478
38561257,1864.5408118963694
10945373,1020.166968127071
15756944,1461.4689990901416
46940446,844.6106842272288
24659465,1354.7302410597185
88948806,1624.618976064076
34164402,1457.7095827997944
79477391,1955.290417823055
15537006,1741.4138576241858
88911942,1994.8983047223462
96378293,1487.4506668090307
76422231,1583.2131400637427
12309843,1171.716388466774
96239148,1340.1912159928718
86466781,1626.4468112802426
49050128,1817.180625412819
14724818,2369.526848055663
56683970,1651.863149925373
98393974,1300.8885948011603
84824034,2326.5117633879854
92573067,1527.6548434505623
73226546,1839.473062455023
61358064,1195.3946477813013
59398688,1904.4842898154488
14969480,875.9629973328516
80588045,1658.9890948650402
95597071,789.6202426550983
54836005,1269.8983720654717
23220441,1851.81469607965
59018993,1789.0159312995925
68425900,3043.1594325828896
96400633,1477.557134486683
32664783,1257.9627986445046
37951383,1385.695483287225
42701020,2135.2065020796745
23132709,2054.3799748836777
36039638,1586.7360073344616
14728562,1614.9809572863971
62765095,1701.2114049079717
90518206,1780.3492494813843
99330676,1420.6025395055258
54002963,1882.5533235749117
80024301,1181.897169610883
83450392,1288.0052233426654
80827964,1270.563283677108
22623823,1429.5270509308878
85154401,1314.6356661271864
92409200,928.1701211773543
37461274,1645.7972744437486
39412052,1877.3321883734814
99188219,1154.0007585138997
10533163,2409.3104464003936
16576946,1321.511344915954
10571061,1748.7441621838802
11502784,1075.4356976378203
10627022,1110.2049117652573
66112731,1602.6064766856928
12271580,1386.1019108290336
19300863,1727.2392863014222
42301466,1337.9914250096651
93227392,1507.5479216349916
13989390,1383.7632832864053
83189444,1581.9272732143838
88982820,2136.788598085087
86309809,2555.218644234381
93812427,1342.8328535179996
79351177,1672.1309654397346
73882065,1579.7172356378167
85331771,1536.1202335691019
33746879,1456.9320228232618
90357052,1476.9936271045985
42998447,1911.1431456699252
42297649,2347.3401260750998
74232297,1507.0973432064777
68234963,2224.298040736217
79955240,1284.7662650999723
33685499,1466.3910993648092
74031111,2252.737734447142
81527691,1868.5395130415689
25578339,1301.7413592344915
36826714,1248.2175352933002
66720469,1293.538454038755
58271754,1099.1985296508017
79175453,1569.2563583181586
91006186,1166.6766427276577
75399510,2084.3600828743147
65438642,2398.0731969005233
72193555,1288.9861637647502
52661224,1677.185559659617
40274658,1926.3055497482742
63582038,2930.461725649079
95316180,2404.5728832425025
31722576,1491.3336884024475
51439680,1810.2560959631155
92864642,1609.2484465629884
24588628,1562.557000966414
62383426,1346.0052641191394
91245064,2363.4195814778236
61715372,1697.626681825818
65148106,2204.4362342783356
91441992,1255.6967455202157
49274969,1723.2133999507316
33917232,1419.4926274218492
83235081,1826.218155199385
40753215,1551.610109347677
70796627,1288.2995548849715
73931614,1153.8880145979404
56857736,2672.6929364112048
54064504,1905.584083185664
20389019,1174.2344615474017
57574601,2440.114783744703
16478279,1316.9249411932487
68356151,1863.6938868869079
99711808,1890.1663959436137
98284968,1505.8455239059274
30598390,2005.8580220802853
55132880,1841.3096561146156
34163532,1461.9068804530916
40857770,2270.5147800702002
79839486,1214.9780748084916
78134573,1901.4754465549777
96251286,1714.1455370333294
46606815,1806.7797714927206
53204628,1116.2747256757718
39264189,1567.2664541560196
66917873,3705.6437733222947
75228206,1613.670094924749
57466748,1853.241638586087
75500440,1977.7107710859584
88152254,1588.0320978805642
88711927,1456.9571009043295
71935730,3007.478084766077
11714210,1090.073409975154
99304127,1530.6969034481215
79629484,1599.2096788477052
64599027,1247.712051814201
71633685,1639.9102665461794
14342958,1670.2513832135194
27958253,1711.8777844458452
61174518,1397.8894358696698
74916891,1548.915943443548
72753968,1498.948789014947
36262662,1757.9076578589918
60917615,1488.0081050643041
99306721,2301.2592930548017
53075886,1372.7348638748676
73928511,1734.5055777995365
19965325,1173.9418508469673
54826574,1574.1953082978644
64209168,2600.694421893725
34147586,1387.3092343501053
98269123,4049.7733595827176
97467622,1717.8332942817412
85814087,1342.5390430325267
72333580,3245.68841272497
30873738,1352.2250052677925
10331403,1411.8803486085285
35344119,1716.2796338499522
35769080,2532.3917938931386
21575135,1523.672079906213
75304823,1376.9200841045988
23401574,1064.8653457415728
83090193,1671.5695307994029
86996430,818.9956344828531
99751646,1244.829634324154
23591049,1779.541195175851
81709576,1358.5585322339075
82444468,2001.8688049973605
38288153,2018.947358401183
87446209,2660.071321532498
12079734,2396.047064180374
25058080,1564.2968601936252
89691662,2460.572327217054
13150938,1848.0808292411596
36020495,1936.8825281620273
54923182,1638.0885419326241
28841079,1285.2028352475347
41392965,1125.4269308785624
17119564,1651.2775965030949
57430704,1503.1350871836787
36272284,1557.06329763684
91925114,1247.782044599447
74412922,1930.4528830965849
65743046,1517.8080272670932
48653211,1484.9071035631514
36332370,2366.918000446754
85424579,1789.7115641922355
95090269,1130.6490529349346
95971802,995.0409744130956
86256336,1287.5168653678181
31156844,859.2380139284288
37688219,2504.4858684721703
82437324,1513.055692418006
21950676,1761.1760785694707
54094553,1449.016189829515
74374536,3390.4608638341033
61738687,2036.3571629415355
19277250,1573.9320938796543
84311990,1962.430902858455
94274494,1765.5370668327432
89122239,2660.7373397820547
97119289,1195.6231514298006
29959537,1343.1304666298472
22777840,3863.0602666142518
39391011,1324.2556829878447
15127918,2147.755994337434
47251761,1288.9115824678456
20023773,820.171964740841
96682736,1300.2318412452719
12309412,1651.0622488147337
11517944,1402.2989060943157
59425514,1321.3565049903289
28854961,1414.9431407215527
63750719,2019.4948317614096
69531684,1324.6928869464243
73516640,1474.1967377998153
92500346,2446.0736360828514
66124065,1669.4013396770197
28886163,1362.8186002633383
19680706,1972.6299879409023
83673598,905.8074185360967
85519237,1440.0264469385256
37110854,1536.1021238256158
96010780,1964.3686698430317
51391268,1222.5315872491212
17655078,1547.9314313351535
26863121,1151.333046386429
30839269,2276.9249524238576
22418770,974.6941486084871
88029081,2272.2594062575367
27689636,2486.516366326554
58431423,1613.6801625307473
43802347,2757.321466303361
83961382,1083.369318065763
27938336,1244.421386304239
35978100,944.1565324051834
89319775,1371.0088391508195
30362974,1343.994595349031
93105032,2268.3403083409985
20314268,1348.9757839994336
34550012,1418.757419013528
28077484,1637.802443746642
64656384,1381.956076220902
48022436,1534.421367123584
40507726,1722.5979238166553
10314144,1323.0841166668283
81012787,2098.1405311628964
45672873,1712.2674913908945
25759428,1613.6829952329329
13512722,1215.1298382923671
96070498,1455.968874912541
21352279,1328.8509087329167
54205490,1538.5544845179381
44645119,2664.760829758389
37332321,1352.8887783168775
54601842,1532.8862121469913
60801709,1421.1862403662205
28903523,1691.3214299831145
79159760,1538.5842719274183
20416757,1058.2403969523252
38432201,1272.138961573867
60739859,1954.9992877696407
89931987,1722.2150478903873
60999736,1851.788250255455
43182602,1376.6385693466452
89739478,737.0384381981726
50450523,2019.4261234923786
73950928,1403.8421582067897
12330781,1075.9234529304438
50236542,1736.3684622685523
34912503,1410.3514132813116
25536468,1637.011223574976
63776599,1266.1050213664944
56389530,2254.4040635559204
60881312,1199.035694099107
94656046,2464.787966492457
84143693,1421.0210243600939
60768240,1626.208752593903
60458308,2231.2370345294867
53948557,2092.941181580454
11612817,821.7455997926996
71889062,1173.9308791667286
77172079,2004.3536749631382
34222625,1843.9824065842083
69965828,1255.650221079875
94714430,1573.4546225436236
71961534,2022.1974321845332
32936108,2081.0578524461307
18431618,1267.8895416311066
13548537,990.0600126161769
86674079,1392.1418334418825
21748194,1873.9612775063554
40124541,2424.1938784054582
33347811,1552.734828123802
92929218,1477.062565312219
72190892,1419.3847171110515
66963455,1600.859942789457
96157867,977.408670667076
15254705,1679.8776060085438
89064766,1737.478959279101
85305349,1397.0781594730215
58781934,1359.6562644021244
42553797,1107.114322900162
18721533,1336.5554067824153
58244383,1785.4930687124638
13696896,2136.1381981860195
65894339,1703.7505668975195
61098619,2645.3974206515027
26018756,2270.770394970879
59479424,1679.0756763743343
81738781,1720.7736533272823
91106215,1316.5505421462167
71223563,1145.7824218921774
95945745,1495.6371474994069
91424061,1275.3190073044454
67135880,2431.6398449001504
15528553,1599.6690103581961
33657705,1485.0050142492198
62553289,1527.0631010284612
60993054,926.4207878566067
42800613,1364.1077753821644
17769800,2616.9158030646136
21401202,1483.7031420139517
52155473,1134.6661119117364
93304650,1384.0938568131583
51407728,1479.2725529379654
89543732,2150.9103381464024
43419947,1784.8280186458278
41488699,1435.1432241370037
60974422,1652.8673181788488
65352047,1211.2767153123966
37012905,1073.5680459134162
14787203,1602.1931532365281
29417973,1512.2375302943412
19835446,1887.0009223168
43255500,991.5908767270138
28812691,1466.2010529832232
18722953,1314.2438614649766
93227004,1677.479645918199
35371569,1736.3931585412606
12076594,2204.05246320844
17330331,1784.4699027417412
70946197,2127.334701983927
44132847,1637.3130561532514
77445263,2031.2905754472924
56880921,1435.6744738260695
11480304,2692.6158264325763
44407005,1910.78062085492
57603851,1283.2927271179708
36951093,1595.581385816112
18651476,1101.2713841616364
28758403,1917.699006312497
29842235,1395.9531424621184
80915194,1362.3261543260066
87361082,1845.405189764262
67711479,1256.5771590844847
96493355,1409.0679170145188
60783295,2368.560663647778
56178874,1293.350919313727
36921713,2426.5689558061654
48581624,1400.4208848471817
75576141,1303.0465205280134
20755403,1099.229079595462
52097748,1642.9060043669726
30927924,1216.167741190656
52924618,1593.3290576730494
23083091,2157.221972150092
10593933,1570.6680376069744
14984647,1807.8088108285049
50764768,1195.3186863953267
42909851,817.9295029933263
47962891,2106.898400572451
24155862,1983.2035788791454
96222874,1282.531500020104
76243625,1714.411337314255
83785580,1713.568880466635
68046684,1515.6775023926675
35026518,1497.3437956488724
21144795,2261.730432042007
42304823,1724.0481334727663
32449171,1742.251585304315
67804951,1456.098552329945
80988109,1291.4855233165674
31562948,1330.3453365354699
80571715,996.057711156348
91879270,1147.8495504782106
80331872,1961.4389983000801
39788137,1852.0833897719285
78186126,1602.8611117320347
34300076,1649.1471187632442
70710711,1444.9883296137064
19520201,1995.6408982858327
75968232,1344.9244549774762
62441830,1474.6186892625376
87704160,1736.5488389286456
38039509,1898.950517129818
87299257,2472.204445670728
34604480,1539.2390585296707
93559487,1509.756754820896
35225951,1459.7203928801168
80500038,1639.0883955472282
88587318,1355.0446350044515
72460444,1648.8103156100924
28502361,1765.7626169797754
91781888,1859.3179825134766
83528344,1470.2214589393961
15266445,1675.5768640382914
83532377,1166.5680112764578
74780110,1813.811292627852
88664511,1435.295772331438
81767501,1354.481095653448
41015579,1792.2556236161972
19338404,1696.0924215026887
14667759,1958.7986300394505
66260119,1495.945358174468
20542479,1648.1138322990798
54097170,2750.7141290717796
35669653,1885.5252271252134
94127563,1202.464522002907
81488029,1836.5831498481746
93329952,2281.045534720169
57217043,1859.903980429443
65522547,1500.0314138707975
73695068,1584.2722064789152
13539769,1309.3712773978032
44056017,1552.310248375827
46617581,1456.190368537708
68464888,1693.2203000005468
45303083,1257.025369937663
86984156,1559.5772799416193
56630529,1251.5383265687115
78254395,1145.8229036262405
30913049,2024.1787254830197
82688614,1281.0864480436514
88893045,1390.109161723747
94639808,1723.560024204319
52742143,1495.5133125968466
64260968,1531.7246442117043
76546956,1675.7184355996533
83523035,2324.6062236001567
11013053,1988.3422829240335
44130994,2050.6110047484
53796074,1231.8990475444768
35498168,1856.268342143406
63562445,1182.9303821462056
42365113,1673.720212146819
54613679,1341.122702323081
69835682,1022.1743705897993
40747675,1161.8436587987967
37071709,1336.7548557484843
11644754,2375.707847308743
29456046,3373.5175976878627
63575365,1173.9423230147988
62030210,3086.970645173136
84640048,2225.808667128686
61377846,2231.7932805216888
72441550,1438.385567439843
11270022,1541.3905740982716
70261792,1863.9498715654124
52404988,1516.7981164921991
84003906,1885.1710008030147
31204633,1101.789519530552
75242666,1879.0103248047344
49434528,1636.395537887314
42863318,1620.858780145872
47571305,2312.345761111713
66490879,1212.7356825876245
82396141,2363.845192894995
96803616,787.3842608958813
10584088,1504.2492994777701
41994657,1765.2970296094359
87186973,1905.5640228028687
71213873,2383.742637071065
49764305,1548.0741723514045
43725149,1151.8224684532474
83812129,1669.2396548632191
63290164,1609.5012830928194
79318573,3042.6007469585497
10844028,1968.8330358832427
19798231,1218.4634463783586
97056407,1173.2072100712646
32215003,1705.9283007659974
94765090,1342.1491612386778
47235057,1695.9423682754712
94429036,1773.7178964306381
19267342,1303.172578436661
79884507,1542.8757389494485
68548734,1591.0960696208335
64679483,1011.5811886868785
99761027,1394.5885618652665
77538039,1642.5479214706222
28035639,1673.307693364312
66579510,1370.984438013956
50333547,1240.6314584809606
30957545,1735.4478299369325
87343589,1295.070941254963
45470859,1808.195203452604
57383256,1033.921341184303
62753404,2552.6119570049077
65906932,1676.593600731709
54060112,1647.9451948158066
88317327,1155.0213860359138
46875481,1430.2228421272252
86614127,1265.9142597941827
91675434,1724.2467606012426
83895227,1225.6261614418822
86365373,1768.25194200286
19948626,1299.113384421244
79630167,1477.8703445359108
89106944,1272.289415232431
46083057,1672.5412476519873
96150610,1451.170242315939
35015883,1553.28871853812
69747407,1957.1449547366371
55538576,1328.2996385208892
97411049,1675.7025961672668
11519556,867.6069116311634
81677533,1282.9621695564974
60065328,1025.3957377050885
91824420,2122.7811368564794
72549395,1593.1692736310683
75208950,1233.42936474227
54258616,2256.2928941468776
28371507,1507.6376935186559
33800661,1681.5335115026787
94718676,1085.343068845964
98426094,1892.6869416994416
41019343,1851.2644073407407
55953203,1786.0597058010446
97258831,2079.036616337912
12406914,1317.4742931574701
54260975,1201.786437192361
17839314,1619.0657114433766
59228162,2190.7845651341336
53104947,1636.2956164580257
13405871,1488.8827957016033
30540873,1804.088526595464
10681459,1513.1390027823447
88488173,1695.93260851527
11138134,1438.8315800227497
55965946,1777.9370491928196
21024415,2324.531347068237
98633407,1253.1764211397408
17665044,1781.129576224033
52365929,1367.724733407574
45919010,1403.1769961584835
29159751,1698.0177070136804
25938815,1475.8553628611157
31864619,1591.5480989434438
84907440,1715.882100893489
55408023,2097.3306316192297
97513676,1165.7453565072922
71808636,1702.661234455911
37329985,1503.4836536394835
66719590,2081.425124950678
19832352,1171.5720864164657
63673893,2056.748856641816
54185196,3998.821607230153
66171184,1243.3857927678748
15702584,1489.7924491914082
26362681,1344.5542107303518
15300602,864.4933214428968
54091216,1813.1328246785408
41649165,1481.8580226107263
17221791,1435.6380826238105
60925601,2037.6716379866011
98579259,1735.8489133085861
84327985,1411.6272086431466
42373455,2885.37097677634
51759034,3534.0652469785177
57369993,1185.527454866394
86174456,1907.3823044378664
40095064,1228.2313039703517
36904267,1154.1885494102726
95653857,1461.5570033632916
91047161,1288.5675039345858
24858933,1279.737038626041
43668504,1556.108985297727
64688863,3982.4083072402123
19394328,1543.043186004462
90928544,1862.611403412401
54501975,3039.0676006552612
55816692,1422.9733412377573
54235055,1437.9892164661003
54802075,1836.6032112541207
44582261,1430.9625706893703
30580440,1311.609792767343
53586985,1499.831926043952
45293131,1783.6001996860102
61623792,2173.6143603876817
12664255,4193.448100519091
99282552,1639.9486966223906
57422029,1541.656921946353
95049365,1610.6432251336878
44630924,1669.4178619225436
59932513,2773.588795450473
79864196,2770.8055088211904
38025450,1154.5626230900384
43187524,1681.3034366871839
85710350,1959.4652933046975
39439329,2221.6769228278463
11767243,2088.4139169614646
40729807,980.383738449929
95837440,1926.8115776851703
62785546,1483.174555484709
18032525,3154.357308646576
78515248,1145.521022301712
64000264,1556.9110311050677
70932637,1371.9644122162094
56631286,1445.9622491619646
82611641,1605.8247312202468
14610215,3058.807878384154
65282606,1811.7336458387829
31080502,1392.2301134691218
66137109,2219.0999906261054
55286917,1608.9402163533173
19462876,1264.111211149423
37235871,2233.396769072099
53584009,1283.0541155376002
99377565,2093.6258817944286
82994298,1758.7028020364764
64250472,1617.829388949013
61269314,1027.6879301395097
26299312,1440.603632127191
97300018,2119.004470041916
74523665,1398.0820675786654
19970243,1724.0674080307117
14406104,1284.6700406485922
87865772,1430.1215964911046
12224440,1012.4624075407075
62628011,1621.0045133026335
30735313,1533.6720303073344
12214322,1512.3305561561497
80943078,1044.879263257633
89421265,1813.2879703800843
72762674,2183.2959928903783
55920835,1367.5742489913875
95456446,2251.032905736024
96630600,1637.0267324920117
20077759,1464.4880597714168
77066065,1571.0308377251636
47856776,2346.165016401822
31685937,1401.1547326067562
41522098,1490.4668578009098
30032101,1381.2287298181805
91606427,2752.074242981968
22900349,1978.1674631450824
43552678,2386.0251028630314
38881909,1638.677082196296
77508029,1615.438183975242
95128506,1973.6845042959485
64627729,1128.6125540589471
56744301,1190.2835564704085
59338251,2390.941344346528
19662574,1261.3656451950908
92971829,1562.36040259992
18409584,1647.19930090657
71760159,2221.1615207561117
43660858,1683.7869641583425
77997629,1828.4878986685637
33928732,1138.3863278163076
68629875,1223.5210767664882
48480450,2243.567818823626
54283664,1554.4007721336163
65942293,1927.6751438536012
95573502,1368.3137164079665
45086632,1212.6713451123505
23012000,1692.7741901068177
45395839,1568.7974922356282
15432712,1250.1618077773232
72298046,1766.645326284544
84408769,1571.293388320059
25246226,1322.406672686425
20056705,1860.514650709169
67856036,1692.5642491597034
56138985,1983.1720834751861
89984541,1367.6883278289858
34860961,2439.284626987983
55067089,1754.1896588533948
63717753,1808.123082279643
89165138,1473.1740818434369
22336894,1669.582383204904
23089519,1427.2670395243317
74572156,1024.5169878741344
96120368,2529.366379618732
70734227,1900.550559437189
43842124,2032.6669072417876
98567604,1523.2010961709402
54538757,1731.7189254933908
40105171,2216.03746942717
12135438,1603.2069694036152
73738446,1351.280606223467
62385208,783.4285836452967
56062641,1968.8477079048153
60234485,1007.3419648771636
37490148,1127.213251467076
73644773,1507.3118916654118
25147876,2194.187151608363
98738159,1693.1073571193945
36202424,1450.6827088264497
90053455,1649.2429897505262
34861961,1692.5694995038218
40235987,1520.3979461918975
25289802,841.470539586086
72831408,1935.5112055429413
62725172,1582.1072858375385
20547868,1695.455797089837
43821417,1401.354093401296
39911650,1677.9618568818464
76282034,1480.3404833169611
93532589,1362.5690088931967
71389546,2020.874313906467
26491098,1366.587612893448
63364173,1207.890410209966
74256814,1085.8658533381451
35509595,1829.9491706600013
18139863,1922.4577180496487
68577776,1956.4884664296117
29522715,1601.3766291024942
77706518,1748.7473295157222
14006179,1406.1841368444943
92579248,1853.325763490251
59229974,2097.8172056288154
62295609,2338.032633392115
84259414,1774.3948411606864
47815936,1153.828979439521
81563963,1076.3445078692976
13005852,1529.4133582948564
62738558,1772.9398194777632
57070759,1104.9266451675992
99600292,1973.9208112665249
94306787,2012.773417341928
95225104,2033.6597815144942
55330216,1510.3708084049827
36532262,1729.455738538458
46565446,1680.634749825926
49087723,1385.181789243146
59534453,1472.1831231519923
48055811,2542.593232608343
88400730,1910.3644429912968
99040799,1340.6875822457039
54783545,2047.48875588421
51521420,2374.142946015006
62125112,877.6111922584661
41533842,1359.0016222009394
37548888,1603.2651694610267
15800993,1184.9158614122869
72777210,1623.1319304316135
27213732,901.2166240985068
86541928,1436.269045593092
24899277,2422.1131834136254
87153365,1327.0772142495134
29377093,1925.9173497420284
17126249,1738.4761897846495
83735200,1949.5070848677465
75294081,2102.844292710601
50305812,1128.2417865388916
80598326,1384.9846883348584
73085224,2136.7052355978176
36011967,1867.5771854418904
27344122,1397.152337879343
65167661,2121.095743622759
22697886,1309.2138452947827
79772982,1247.528904826931
75656583,1141.421208301635
28706133,1273.6055549912846
94307664,1526.0104255729614
79181014,2078.887294288548
64940514,1432.3206131147547
42076518,1532.7859347043843
38290514,1194.791062293355
12647465,1156.231711424427
51615379,2107.8975685096475
58583551,1808.6959671696595
89324282,1996.4838631631076
53391853,1567.6586633971262
22488467,2103.236602443024
77912827,2270.953636313247
92699296,1802.6241208003785
98391080,1423.9328274630059
25085429,1235.9162628970478
58232338,1821.4090253668617
40856740,3369.6466171204474
86463099,1530.3268603424285
30661871,1313.5227317723593
43294411,1570.2048046085872
95379944,1925.3832024354601
10473693,1802.2370173198422
60542399,1801.6672520031802
52521598,1664.8801953456468
78214020,1200.792832654596
42119756,1002.0813189453421
74645008,1245.427960972111
68736704,1567.4082457620746
13851365,1966.788289660137
10956933,1778.7998448065264
76588396,1563.1730026685361
48664414,2140.739098320528
75409758,1558.400946072806
60867152,1314.3634848754007
49408128,2071.2788818689355
32398201,1370.836463845121
33820657,1268.7426717923686
99096183,1452.9617462292767
71729207,1525.1750548693228
13424233,2983.707534824951
69313487,1323.40850092875
51427900,1379.01374018115
20461232,1831.2910152052436
63893951,1185.5532593120342
93871936,1154.7281813787806
63699477,1742.7744948724044
96362629,1471.124971836569
53928117,1171.773536005401
41164553,1107.6259449259069
36908648,1727.0036476719406
29666927,1908.825130547645
11938394,2125.146360286393
52496134,1939.9760333974555
32481667,1837.9514685271429
61487441,1394.0238352491292
78992007,1331.709317354639
52895411,1384.521503553054
58726779,3296.32711548943
20458217,2533.717103876005
60265538,1756.2773136369708
48479448,1119.6467148481458
72404425,1997.9612445445284
91400370,1048.384176266288
56260955,1555.2438548199598
65491665,1725.8576112418727
11663385,1213.5121751154245
18615500,1091.9706409643732
87935522,1321.6326625916154
58889457,1767.11893999423
19169471,1933.0249327045508
66133962,1861.23028607254
66731452,2112.169689155414
39410896,1553.6001439591641
54940054,1377.1540231714996
10662394,1286.3158118485048
80972130,698.3783951289793
45235634,2157.559032438147
32971413,974.5923906846547
79283360,1196.7624046501778
67055260,1138.0842089693454
56118755,1657.9635235470628
29230461,1488.6463263585424
37178907,2108.3465238913986
80400106,1615.9201198489257
67091284,1413.3467884743893
54160936,1473.6262485399907
26849200,1743.443135837716
49585462,1230.5414072040357
29429374,1451.893875182251
95616903,1471.9085061858962
40605040,1539.8756177280743
77364221,1279.9404160117397
63366619,2110.0801879576698
82932107,1513.116496737922
11504000,1986.2477569730618
66338948,1684.1585104719588
17704772,1697.7517265298716
70406271,1408.9627169452333
78457345,1522.2511469381886
47160363,2219.844278216668
76792443,1168.6352397223966
76133904,2748.512290476603
30534387,2332.0802694062136
27949452,2355.9979037102817
98920505,1622.3501862383275
79101538,2299.025183604106
41201623,2513.873807123361
16952322,1558.355700599342
97020909,1783.4956360673557
76043497,2102.1795386058047
34495964,897.5896304080101
68971691,1336.5579710264897
68553106,1433.9183930207382
90311747,1472.6220494439513
89361909,1651.8599040969148
20406930,2444.5551079718966
38933836,1188.1042857755606
38377549,2634.2909827857075
23346090,2396.2655782989164
12625694,1237.6661253397328
57311677,826.6683926811284
53924641,2725.286974135822
36865701,1363.6100538596422
22626294,1355.7768862234761
94697405,1684.5463332035176
89675917,1315.6492450577605
28055737,1520.866398412515
17371555,945.6524054932302
31452123,2199.467992874151
39910354,1523.9573535184759
16661684,1134.8053425976473
11696365,1935.328374792728
13890760,1546.7642141741396
23308655,1650.2691174769773
58265470,1645.5875039793775
23915393,1652.3752671850484
47202387,1694.7061432837472
63170132,1477.388865978298
85663208,1906.5047796807914
11731667,1253.2455323010731
96387342,1148.8508661650076
56912577,1385.6831311456663
96546739,1552.0015802459807
56118135,3006.9415198564247
65848480,1264.0861191342353
29524312,2106.696365523526
61207733,1817.6567889484488
95068416,1478.5849047158997
93730714,2895.701801204268
58209441,1620.7878958110368
77468100,1257.945737537862
94556768,1311.4699429051286
66214153,1212.3994165330994
63178801,1218.1388683048478
47025809,1815.2845331435287
17223815,2427.170006386624
26808769,1502.9410211690702
25114626,2739.643724076881
33184251,1225.3903077922246
38562723,1857.0543857638706
19383477,1339.7338943860714
81390291,1605.7840378922206
20998216,2959.9431627261474
95233875,1954.0411658531027
36756234,1528.3552438852437
80596646,1649.317281076327
92304937,1590.4929785729867
37613954,1150.2561132289097
58590718,1765.0870703195844
53992915,1137.682312713389
54005253,803.4444632066264
68781482,1326.645921580895
70720914,1421.548327497349
29283338,1249.7067303424278
71373910,1936.255005789161
82737999,1106.3663253100367
38789318,1743.2565992655761
50526394,854.2012218185995
24047944,1516.428669411718
56710540,1240.199900216269
18038779,1535.9312665622906
87817642,1720.4947625335644
54364617,2031.1656455042014
49277751,1281.5330071841947
50647092,1284.0270043131256
74938295,1355.7793484889473
94151619,1491.9996176549023
14146499,1023.889946954534
44114070,1838.001348313725
71013634,1970.3241005699092
92727921,1064.256228946631
23408005,1786.48107657021
55353418,1944.95730708665
42627732,1043.2945802664226
52380113,1863.8988767960568
76380932,2141.435243577759
85051446,908.1591519149536
13441812,1184.1878701652834
75634466,1907.7847713558958
77418032,1546.390636945976
26069913,1957.5018352966752
56951161,1186.6143289786282
65568116,1492.1940921268717
61527594,1439.3600998335712
17428821,1537.2243032656686
23710142,711.6872380691406
95218141,2446.535960018977
64929695,2196.9233745380047
16991389,2254.1711512516736
28240625,1285.8128558430544
27547150,2506.5908310006757
66381811,2632.1256180250425
33749942,1329.9344587459618
35190059,1415.4668324840156
63026525,1103.8804993848184
52393671,1677.054447282034
32813270,1794.39368155881
49072955,1283.901242688901
39300176,1655.5221507108909
46915044,1656.9801563525373
59260240,1366.7183230805492
12697027,1230.6522360586096
52828733,1198.6188108552585
73335938,1461.6713276800813
55961268,884.2434501587348
13325471,1442.256322893275
29398613,1112.3786627783493
27052291,1380.901167856446
15955952,1554.9342644610313
23271818,1728.8738422062763
99724134,1518.0770828075879
24071058,1284.7402694405396
31560904,2093.633299466366
65419988,1413.2154303559225
15085530,1170.7339074998458
19942722,1948.677810047784
13275930,1232.977585346749
22982323,1931.3749243410452
36522599,1666.6101967982531
82021909,1472.5160134200669
68645790,2901.1416430501736
54788650,1764.393953642878
42678082,1938.8839546792385
60925510,1236.501380274486
88286089,1269.282928896523
58263484,1663.8183693529445
65619117,908.335017324352
38104250,1676.7143086020803
13756583,1762.5595117905038
60053914,1193.3213668255466
64871810,1664.0496531485862
58457956,1823.5647416383922
46159970,1578.7734151684567
68250229,2319.1695815235144
47390028,1404.393211640586
32969075,849.1673459330075
53581810,1575.1010842428607
79530731,1948.8405982352724
24487509,1833.0788061439516
69933962,1406.0684845351075
65663302,1473.4813209974752
12423653,2016.3264083555966
58871872,2065.115679723373
58171151,1465.2175380438114
30617224,898.0150974600799
69106909,1646.4551128817186
13212070,1412.9290817308554
68351771,912.4973248901492
87624917,2237.029503641647
11970895,1853.3894884044087
44431758,1577.146931373878
16633955,1310.7760654252388
42590404,2298.2984329062724
86953915,2065.1926055182585
15250738,1666.9301941556039
44832140,888.6204093254327
73698594,1376.2838913945488
42128660,2043.710134236978
79549553,941.2414167952272
71619272,1595.054889139454
42016649,1063.9311850192435
61877206,949.9812700637543
56572912,2975.594923892089
71598751,1198.9492211761956
34544077,2291.1497593632043
28672236,1309.1308354524813
68689312,2628.2262769193844
20267244,1742.349765233769
68781454,1269.797717692797
27270801,2234.5298056131805
37219515,1675.3992607646708
12011866,2272.1332586133503
98392715,1219.8509680121426
87201351,978.7606943887507
14908777,1089.6535402681664
34723195,2025.9758019498563
27339925,2279.4978826170113
65420496,1333.6715448212512
40933008,1568.2339225802937
47440503,1124.9877865594606
94970875,1219.1508340438213
91029594,1874.1350694933208
65336637,2373.421467866651
82023374,2170.3513417996646
11380763,1609.6667236205883
99699540,1251.1744352194764
52649545,1276.2701029610107
46299510,1466.9377246593672
71452565,1036.7060373945956
67641699,962.3701466821536
12714684,1480.1072372282406
60016742,1082.9649970453281
53641525,1421.3284244216475
43542290,2295.7520382321945
32126954,1633.720936136419
38213318,1530.3287024034746
19971849,1496.161123281551
69256669,1443.0402842787514
23756854,2248.952590230187
62908704,1286.7238890317606
32399173,1681.2404501095446
39238887,2297.160166264365
94428578,2166.3698047223015
52458139,1519.66654158977
80574227,1287.5484188895164
90487261,1798.4740576439488
31852005,1175.723885716161
24086418,1121.2680451002273
82209864,1239.1739147067212
29014855,1021.4277847020116
56782601,1966.638403371225
24702075,1331.1442898842313
74660449,2926.1104571403143
40117654,1364.6148527627545
60385260,2462.4183804502454
35958980,1741.0178962911748
69458629,1947.8694569052843
92886159,1444.6417929040547
97734269,2522.5867740281356
19053695,1736.921923983029
22371112,2003.2446355180011
49183639,1574.315896661645
53526975,1349.1862211557666
26290335,2164.0322305707264
13359830,1410.309737331646
39340686,1560.1465154919047
85521089,2002.9704849546029
26704193,1838.3349503654274
86626423,1757.4357407754544
80675333,2001.294716191714
38369741,886.0633643167818
10428306,1748.3373660350894
18197840,1028.0147017141308
78586780,1421.7064834675778
40311310,1731.0239289792203
51507375,1445.897288543423
10857110,1839.425155296607
88736789,1612.8445772915713
10823128,1196.1589422437196
75933085,1653.6869830934575
87766438,2280.0062771856674
64406530,1383.512708530708
33833037,1663.5508350752036
51715740,1348.0919367826734
59611801,1761.3949679509947
74340374,1446.763428201994
55507333,2022.5023658998111
10416536,1810.1602374225338
43556040,1613.4278865576755
63137873,1896.1087728423188
70387789,1832.5153612895374
29408506,1072.9849047700154
38244388,1530.9322007519593
26541311,1102.7237498050267
21032019,2042.1935297714635
95710332,1743.3835438581202
80660421,1456.4000375810638
81086775,1659.1664667924374
14692465,1594.7962354247886
35590067,1921.836918411701
37534494,1032.8435056582139
46669694,1251.515664229486
68379291,1635.701295469195
28943151,1515.3316211371443
85214973,1712.6719805999514
49160221,1075.3497128992985
57027484,2229.670586127155
79515834,1777.460560980734
48903593,1547.0492767457959
49944843,2141.943116863104
15919205,1067.9255049958106
89043859,1196.106465980856
22557888,1635.3135250803928
45588391,1614.5447760414916
67323319,1373.8153766154342
67813677,1984.4793957488564
94570366,1855.0658427978938
99333664,1381.5846790795567
62452475,1507.7535494354258
27164888,2045.5140329525873
13777597,2640.110409714423
58863729,1228.6313292768984
75372835,1405.2975770675002
46531922,1416.9780418518305
22638297,1501.391928261738
43377425,1448.2579492066243
45061752,1555.5736512694718
87232001,1084.5100441167904
99721166,1332.0651859632897
63930988,1527.0340228089844
67323116,1542.3492331589246
90199043,1014.1597392917132
16025812,3158.113086237902
90192151,1724.5822754868325
85194090,2637.109366493722
82716623,1915.1836571236277
70041588,1093.1268496223786
10909503,1380.8799462488898
38910820,1975.3268836596344
67605038,1742.6763712939737
22421268,1972.5416162712884
12483701,1481.9435678339846
99756084,1686.5154997998056
72806047,1403.3207550460613
82569264,1628.9286570121048
85085562,2315.90777675664
51688242,1422.0024416148326
67031304,1581.7549015229345
67620733,1574.9604290186476
15399183,1431.738693086975
83228475,1848.744316882784
59551778,2054.824524272488
58024179,1227.1315383050426
67130514,2522.075239280595
36292117,3425.691814391048
40708056,1965.7588418763078
16154757,1685.6842492759188
56077131,1974.4631109006082
24589481,2017.7458825764284
73507348,1139.711901191396
98283340,1971.7048243629954
78682956,1738.5068057547362
48031966,2012.619758539978
54069937,1250.7700911444056
12509398,2104.875072980371
55254106,1327.0524727608752
99797445,1735.1191410471934
46298966,1847.096028820813
97439691,2557.374587374165
77392495,1010.1284297693089
20307174,2066.5028732190926
99295729,1417.7911565101615
13479279,1834.910566719167
57906842,1513.440924891838
11957267,872.4787600795349
46011088,1348.8145941587795
40051988,1821.2857231476466
76565808,2146.9034479726406
38007540,2034.6456769052538
79111798,1203.2170745649616
44170417,1159.5409892834264
81747003,1464.8443186245697
10689207,1474.0976179344063
68762949,1267.2362208439633
41533253,2174.2609297319127
72624609,1061.5999855883847
95729378,1370.6724726305604
63404247,1868.5788792802484
66851416,1525.4477254434616
52878792,1255.7324256784725
69816189,842.6832468987694
93215948,1308.5904883128085
82196067,1783.2915087574756
65951347,1341.2422580046273
28150709,1380.6780488310212
26445964,1113.5514717362503
59886188,1314.9457170899232
47858132,1175.7671425099968
10617528,1462.8373903962813
26555436,2525.9620932240105
75176293,4736.414078456674
15592659,1540.5855227745037
17002563,1933.8035515986132
65418918,1527.1335730653088
50328250,1562.0369233703348
29587649,1448.1181747823653
58771361,2500.703530740637
11138502,1345.1098484612153
87806628,1571.2733677682975
92541302,1390.3877323715697
20045193,1352.8685374179565
53943287,1351.9329795454933
72973012,1782.0328820405425
98243897,1583.1153179916648
50425980,1142.0696319940853
53891279,1621.294209617331
12653293,1318.4986002403605
79516817,1603.325550166685
57736550,2112.1945420510583
68504332,1100.2627644360548
51418176,1954.9088006189302
52844688,1604.9173135046367
14924228,1421.6032877499433
17385055,1719.3975913513582
48584675,1869.0011500676383
84113591,2147.0632174624207
24176804,2043.525255346883
42578288,952.0732689671607
22976178,1915.317331797843
59427067,2323.208696046602
62214101,1522.0724881656931
31095835,2273.3572153536943
61084952,2022.7811086969623
24538640,1200.3988085161407
17397516,1950.0652282889396
53588939,1037.245001460576
64801503,1280.2490383049962
22306102,1454.7859563901038
73464976,1530.736753498248
25265317,907.7752461988393
67321055,1762.419688109513
52652991,1342.7188476275448
77364707,3466.7628439756345
28941979,1175.036265604246
74248679,1359.4892570612565
67415672,997.1977274947917
80048641,1800.8582947850953
42348096,1692.2611088111587
76460518,1071.1688071538415
34956566,1646.7336964121905
77002192,1646.8307632622448
88577445,780.1093985212999
38297974,1052.8718563279967
97975641,2097.1468184307287
15692698,1622.0020073372693
83507949,1519.0001273621165
91740530,1585.0614071285827
37895673,1320.183356071649
19139820,1906.4899967399501
89742287,1120.275419003839
63175133,1754.2141920769986
52867973,1679.8379003310465
16690451,1245.3088942327327
37055011,1679.6739939289469
17248647,1439.1473993833984
17328412,2024.4358473974648
63923102,1605.613703177394
34421040,1607.2400785753398
99940233,1779.6734468833893
45814646,1628.8125969092973
58613984,1215.3797312360896
31285738,1238.2152225860427
35071743,1567.9124436583506
52223959,1546.3923603429344
61904367,1142.6685955428327
31525138,1518.3488579236462
73171290,1285.2202115500186
44582195,1387.865475022185
90109527,1387.327371509929
26952082,1324.2135134466043
53620380,1283.0677121835301
94287883,1126.0658648809035
77186365,1664.28342767502
33864808,1566.8598171458955
70959138,1841.9178026628047
52099246,2146.3014014763344
22249291,1935.0806253834048
48803280,1302.2439945062413
89982531,2098.222651077273
64289923,1184.4448448909925
22000557,1405.4412944912149
26219747,1205.8844184419777
31130738,2292.8713732195206
32445244,1172.5428436989107
75236281,3218.221100431759
13587715,1323.0548471093798
52514750,1259.6410997294652
90786271,1815.4853062401326
15005065,2365.938582220754
20097518,1155.3602473730439
50625868,2004.6806147990878
84412981,1572.3504927984318
92773944,1962.1824656420404
25312123,927.1332983859534
70396417,1846.6414247531773
54865863,2481.9988710762505
35803808,816.4237268998747
59597265,846.1127046651691
93311848,2389.4536939374443
32340446,1759.607209864532
96794801,1528.391185334002
40380864,1382.678628760213
82007689,1830.0152968065593
84851707,2355.8801974301027
83174692,1870.5798922300662
59083400,1855.0646340571682
17580169,1212.5768487986156
18219500,1372.0759536123949
87811781,1693.501866557321
14088369,1105.1576368833616
67659430,2318.903734632566
42456496,2174.520429753248
87353322,1657.0773175026782
13917344,1132.0849174298755
19886405,1464.2402256364046
77800166,2154.4296454651103
77068569,1770.4542649856241
88362858,1518.0629632936539
71241476,2496.1618394355346
24814654,1305.2133396572506
46691706,2709.738827426984
79162545,2134.2119773411937
42908985,1748.3905220717386
74936566,951.7171739214119
19620916,1879.1045619893596
54347722,1477.0348654181216
90271799,1481.7682926372518
25414359,1319.8582658424468
35809369,2640.4679596653277
57731323,2377.636390162255
37887687,2244.0169422563868
76623206,1381.821579008281
69954876,2430.313407731107
78180146,1836.9053104741392
90681578,1474.2565403097153
41794614,1428.390715882571
83295852,1807.8408805542092
31156145,2599.888686702809
62711916,2260.0263966187026
74676618,1545.7901351700227
43248708,1765.6467775454973
69180825,1512.0713451581448
75624999,875.2005431547141
37667208,1169.2824113776194
77810578,1494.913209508403
47115768,1769.1750485164741
81589304,1365.5374617630462
74472711,1427.3154863555308
82711188,2071.2217309111056
55272778,1946.872352387928
98229885,1259.1878222566395
70058028,1853.9984362878993
90729377,1827.9862727188631
13401279,1198.9661195547747
85519612,2446.5019471935893
17006769,1641.6747049803455
99888523,1397.80531567392
22354297,2249.192402653225
43508583,2006.7475369999074
96795828,1432.8561014416946
96608998,1997.2118414401393
67452091,1399.8976746245744
40571985,1604.2705460717239
15232782,1561.627444210774
86789043,853.9667202943654
14046478,1709.562982766837
45515801,1385.317573780734
26318506,1642.5285072989234
34584473,1266.1391307458111
15369631,1972.9874895488433
26479383,1232.1868068889444
81346470,1036.7030234782287
83197984,2061.1945887970023
70331904,1084.9111977933333
78907246,1747.381005778873
42709019,1826.3924235677184
97184353,856.5563924049297
35589537,878.1092981080354
83942112,1369.1502367377
58293013,2165.5785393870337
78567689,795.945675573391
88610012,1892.7680201361711
68628621,1715.7488755774893
51584806,1116.339414328057
29419986,1278.2258357001194
21476578,2111.664697270588
77370060,1566.5210988662036
33607448,2573.840169749585
47890072,1416.5930745296
11234362,1232.7864797418695
70681971,1050.701582876767
45196219,2042.4158459997057
58136807,1537.9695884706746
21383428,1890.007491131506
38088367,1672.3231645663843
57071133,1394.6171651610348
83834449,1692.9897885310447
72194210,1291.1880498324313
14582584,1395.3924973243322
16017322,1363.479895734642
18598541,1260.295994266721
82812670,1438.7491491819214
53563234,2851.834128927501
63779141,1705.9726148074922
70854456,1751.1119562347096
83535660,843.7405049544033
51099419,849.6822659745949
30503407,1390.142409869702
90802363,1227.3220633303451
84057874,1205.0185549072332
93637941,1319.6934426790294
33888588,1226.5122057343676
78183407,1470.407985567058
88497510,1671.1677713090332
88829918,1522.1109607270093
72639649,1652.4105639443555
15627595,1717.2470730766206
68832460,2749.7849583348993
31734310,1047.4223809472405
69212161,1921.33007558661
62980146,1372.1583370163173
69972227,1788.4630918348334
53162285,1111.9481119741006
10963473,1709.464649259347
65276908,1266.474146652732
72611634,1434.2887305802167
81292347,1572.2752096871918
34705944,1273.348577753443
54322977,1381.1089019540448
27155431,1349.5419250219916
61373056,1556.3036074710435
64530093,1971.9533709952484
44187538,2579.691881301419
29110806,1182.7978331167922
34026881,1527.7533206776343
67734035,1645.0611565991348
90355788,1933.4576550344636
76930932,1351.8629118498393
31194080,1393.8350890848994
26948420,1482.5064380273182
60117998,1405.0240191345765
23540580,1858.780998285234
29255361,1697.595922593197
47322059,1367.2572852960327
50570727,1685.9349444810296
71874386,1122.5504283207395
27325447,1181.247706427087
92986477,2412.643442889445
27856293,1592.097620970948
55159001,1583.7632007220118
88660196,1552.7099174178295
82148252,2328.3494920759504
15421314,1761.784330112839
27620141,1407.4861986246228
12348320,2874.316829055484
84344897,2290.5183343450517
10950855,1738.2105524998226
44290434,1597.5372232643313
84843689,1411.4114469652743
85814690,1177.156686288965
60406086,1011.2692256644273
35395832,1852.014146894257
54621645,1435.808034448707
29154162,1524.3432358293815
40230589,862.8394501804044
46902130,2369.050902473338
70579622,1869.4880352907264
86272378,1437.8886020230707
12294631,1680.9592896121248
29412564,1251.1730131605852
88089176,2204.4793820778987
91193188,1477.3234369178115
36523137,1332.2817390913638
54050884,1712.071893865253
19187985,999.2837735850927
91884750,511.03982949290395
77985469,1091.8350087130448
19362736,1284.8492968755288
37641826,1218.5068986597628
17997673,1553.467148463299
12296621,1429.1676763442983
94210085,1371.4899371238196
84475360,1669.620195621616
44450631,2567.060491124275
96917819,1706.0321800333372
76581579,1541.645283466976
16376842,1030.9035479813076
20378565,1898.15635548416
67149501,1257.1707108641071
74149592,1569.4025070902994
55437574,1149.826455451512
86258875,1140.7323587422977
25154125,1579.0862177168738
64289878,1270.4989803401447
59484061,3598.187811738134
39600891,1979.4037604803761
40907835,1260.129930706888
47183606,1429.2194176282655
71132260,2267.038750295694
19424487,1968.6120357047746
35720925,1495.038007355433
74210516,2535.6292489382895
53089641,1536.5268367093668
27778699,2409.2754293805265
73489375,2856.7562241958035
46042524,1081.0790824308026
59554727,1700.3869917933678
31273971,1595.2411832261741
31543147,1142.957431565545
74490349,1493.3118593296529
65190591,1028.0366837957886
21122660,1632.3658803877806
54597323,1905.1522648509622
77569150,1180.0069395099863
68093533,1360.3217138120106
87099884,996.7224668156081
64825958,1069.462112442399
27545112,1491.5413458139801
87791632,1414.187047503875
93384265,1997.1955922339394
64047299,1108.9977594346751
23357980,1454.6126859560768
88585802,1474.453260307507
26754357,1952.1560193335195
99964380,2539.197361573644
63611208,1004.1732763637013
10618556,1083.2244825043956
12155276,1410.3699004743005
56528554,1600.9134673317942
72203638,2346.0526822812535
48174886,1843.8363640993725
25749233,1875.157562799852
11912269,1255.582207062088
14181748,2069.201039488468
77013810,1860.5635559951327
59885886,1462.9085066973491
92982194,2474.576214488109
88065861,1639.3306806837725
14857189,1778.1285955606256
60358916,2013.2365725836592
72265262,1515.427068689243
20471623,1621.8131904759637
88951362,1407.8391935593224
22364003,1658.633712627645
85137999,1800.6424766131745
84176549,1748.0171360220802
25849299,1366.7245530031805
21233903,1615.7255463706435
95963515,1478.7087837460713
47630408,1563.5853389346753
38763223,1253.721000346187
34812513,2076.008493548238
77372953,1072.0555701038481
74724495,1854.2554122483814
34162435,1815.9608648959734
60046268,3192.197211902668
19475755,1440.3670435414062
89620481,1171.3761876943713
26981207,2326.9003502864844
13918048,1325.64446671475
36590125,1460.8149986624187
78119113,948.7183977287294
43245514,1626.5960110790493
88082339,893.7760508127974
62738760,1400.705633070323
55254407,2797.7888621942234
85112378,1513.8148168035007
40490983,1123.264660543933
44048989,1546.8134038049297
15551565,1490.0766593189467
27681538,1274.829172160954
98232104,1187.5547655414305
14018289,1433.5847505288934
82522150,2640.6236775777056
65483357,1128.0690820849904
94158408,1636.6618110649772
50266167,1895.242257191227
28805175,1969.3007456233338
93929668,1060.0233436991282
15540290,1566.4589833360526
98661090,1559.912938859196
50074109,1586.1116315433494
85017115,1407.8724836699732
99914220,2294.172444481174
76334714,1519.764941157788
38140938,1565.5581324865427
93933852,1122.9326107131394
13190892,1620.294858379507
67747085,4165.181508505173
96389355,1811.6309698577472
42380180,1237.2189179321792
55522772,1515.6893514615451
18839853,1570.9876013144633
93030803,1551.9247237731179
19574384,1435.2165981759429
17501488,1465.993178634094
92757638,1105.4829879672093
47546392,1663.2216927258278
56569095,1841.1655152222966
34392418,1714.188523867871
49367171,1784.7826447203242
37669142,1384.4436197784767
33580264,2029.625591930499
52617381,1487.403856955014
13011861,1495.841892575077
97498208,2156.3418814634597
53388262,1507.5063661278891
63018369,1616.0737317761607
59266953,2201.202013235578
33256210,1502.8737943825538
26585585,1455.1861808034937
43342989,4911.482763814511
81962175,2331.587349217194
54752385,1523.9359399665957
12906623,1040.4948733041492
12144505,2345.921990861326
47329191,1435.7506326674668
35302686,1566.3066453840452
29541158,1459.00484612069
80447228,1341.2067052483585
56399590,1660.547117591366
44327442,1523.2375200613747
65756284,2419.194085740805
13967851,2495.3101736076633
33766889,2297.53534111785
70886578,1318.0812956115583
85448456,1592.5770162932404
24208719,1445.7602526962025
72059158,2035.034637151231
30666083,1452.4400934813305
45090209,2157.5977625302244
79520644,1971.4224666354
41015799,1656.978257441076
22610356,1032.5163328002175
46940244,1163.0925358277286
21443863,1184.8015017288133
63769088,2200.681414489346
32298027,1386.629514740106
26046152,2110.0381566114875
60326272,1366.1242845382426
24693880,1596.2084438409406
18317166,1782.0674039001058
64265688,2286.8599849248335
27910854,1208.922164437051
56810750,2261.34426213629
97007881,1273.6622336423195
90317702,2759.7639232915603
81231529,1477.247507766746
85899649,1537.6803892942696
92087175,1327.0530318341773
24070483,1572.831724956668
87629146,1069.1565838688168
11101794,1407.799402925205
67889079,1590.785515527251
25576186,1592.3319939855637
67657245,1795.1443852759326
74992266,1472.5801679725676
83091668,1326.8374901666052
41547362,1309.7915451143192
75141878,3022.1956374363963
11562295,994.0401321202731
23748006,1494.1872574262923
89825179,1381.0811134801797
46505766,2793.018596328367
36098274,2133.6570451146777
61326956,2047.9075144352214
69020339,1412.8561788330246
35844282,929.8884714307729
86014291,1787.540447376196
72500654,1388.6303051674954
11567986,797.7437586709102
95910506,1058.3884395634532
73565600,1802.5496612191034
83729347,3302.068364245543
39689433,1190.9939569858007
26513864,1185.4073857488065
20449852,1458.383805820049
10382065,1607.666067940303
61096786,1147.1001945059425
40823824,1556.5461647897916
95687753,1095.4899066034623
88043962,1950.6549037459952
43192291,1709.952379445337
18631499,1526.6103055314327
27194752,2432.9403312333498
48023684,2709.170765070269
76180232,2062.2025219656107
99345059,1577.9447059403274
46554999,1390.1621071257223
57537267,1274.0853952242885
72087202,1326.7970021149383
60008708,1361.6580853180776
13534295,1357.5269074203725
90971189,1843.168473934272
55662480,951.6161880183844
81189360,1524.6294790974566
49401774,1722.0055019091192
12131946,1670.9045880655638
78732926,1823.5854307241275
38392538,2237.92007966289
64273801,1518.4509551008764
62858255,2614.4239664308466
13288053,1567.0381735330184
80940080,972.6279683488907
73197703,2220.7683142184296
88918806,1575.6213801727827
45088467,2161.5185889209915
42105313,2089.64293782486
51515302,1524.6708539236604
85071892,1255.2449757457757
23401512,1242.3050886737035
70514922,1263.907186981718
53367560,1670.6327139261207
30799466,1193.2642111853963
87442307,1478.7103020908246
84081332,1662.1667373753548
87505658,1015.6157741478933
10151086,1990.3784171310406
19254776,2162.824432968559
38019521,1330.3648729680804
40151098,1757.2375402540629
75965212,2226.414622135367
38667600,1186.6407987142552
55646285,1477.428731148758
35548301,1264.9011502685034
18737005,2406.920769695053
76771390,1650.602481528371
23778594,2739.3249079706006
63739797,1216.0577414429372
40559434,1863.5200756907645
15970404,1324.4710659776804
41963393,1529.7465674087641
36850376,1673.4513136109047
30703622,1179.809749974695
53681130,1553.9529046165997
52524172,2861.421055851146
78986568,1736.8078726714105
60868659,1665.6674086570144
55970571,1321.7073193571416
69603000,1187.2179503259383
24475423,1110.146908635042
30105284,1179.9730534791854
42638975,2564.9261698884593
54205765,2214.1919761983127
77026950,2192.251000943263
55738198,3333.380032920478
49309757,1672.5227331529977
52256145,1719.8364641591168
14972722,1402.0464913377523
47613103,911.1955033479771
31244414,1787.9317549076382
67669646,1787.4859566354971
85221335,1517.0019303865706
29598209,1462.482576826299
64960038,1631.9353557175536
36072721,2055.8577226165085
48855526,2197.0324392493853
40290168,1406.0288235318515
84094689,1848.1817414029056
64780070,1402.8722835772994
62238032,1385.2058192877337
44102009,1908.2125757343827
13443938,1456.9933510020635
27288438,1135.539369396916
26505769,2032.0551347092453
62425735,1865.1593360386505
41742405,1891.9863001876627
35508108,1452.8420468778627
67267851,1527.1115474530045
65786198,2159.243665058584
69652252,1447.6634959491014
78338794,1828.1455166777337
98205508,2958.1096614677826
90079134,1844.0688428632222
89240929,2365.376963536346
59365630,1231.4012628191515
16423455,1519.8974588960125
30410578,1356.188810667608
41943183,1931.7711541398412
17181615,1321.8432806226028
31537031,1502.2309128585414
55634963,1352.100852282666
14790401,1715.0180804468578
49470022,1340.8174391080759
68137744,1878.6840088701383
10800640,1266.652781386677
82878129,1296.3759160576021
98099360,1804.3776416573187
36414556,1903.1317254195756
74858657,1068.8214601727102
41406039,1392.4528424234525
67297495,1244.2953093943338
98019387,1725.550499763002
17133275,1440.2304033129826
44434588,1160.468511298631
23385843,1684.007509352384
51805988,1656.9602809454736
65443150,1689.3334600773612
77624321,1427.9935422334154
80056192,1458.0954864724335
92008819,1452.0791391232056
78973038,947.8207094351764
36356168,1575.486543774873
23051465,1381.9826371602758
18225590,1639.8655807109
30705007,1491.2616786087572
51916309,1449.8253591059165
49014177,2058.037784200192
46939883,1522.344521738562
27552020,1339.3139768395206
76064439,1111.2704508462366
42732794,1836.7391470220482
78185687,981.5654770536198
37150067,1375.8048868453886
60216204,1425.2369871176704
67861895,1891.4237676538282
82668831,1150.5375125756839
26865256,1355.2556553604359
20296005,1584.4106463208623
91164112,1497.9068345518526
48751412,1524.1486526487602
92672083,1844.8084622191084
66451503,2102.0943229148693
79223008,1351.8492060457527
86295795,1268.23737077482
12188395,1111.9028147325037
33148873,1170.1874966454202
18236078,1740.9950982852838
53763750,1197.8234765625803
90278346,1650.8433812036576
23921552,1430.8020469719054
60806947,2540.2042715814337
87988487,1148.0828444810404
33594333,1360.024079741522
51767697,1556.9484959624115
76176593,1666.3589334377302
20106678,1795.2241483084315
89323122,1268.389947577258
15084276,1788.2249104366451
46737280,1904.3019578196986
27725859,1162.3995400284966
47502584,1537.4284970856452
89375361,2336.324195441702
54279167,1609.4272988596758
62834953,1130.0550076733448
51358955,1583.9219819611953
43105700,1489.0279493525738
71610282,1289.7760937991723
79952909,1871.226366541114
86913278,1191.3459921587325
72344233,1901.0836533513834
41143291,1161.9421926227149
47312733,1480.6124109626855
73376655,1520.8168173794609
44219943,1057.2148452284227
18665144,1365.9711816776457
38016360,1710.8275391031052
50277432,1498.9040869906135
14668690,1273.7549754155314
44041678,1749.3324173360509
68597599,930.6866567385932
55600173,1688.166294818291
78109218,2641.483075324148
43432402,2022.1879847412008
57793276,1760.2546058439302
82143513,1665.228482323617
13373907,2542.1745858018353
78336625,2402.0536046847164
51821030,1910.5364001697992
57620512,1041.3727380033333
94840760,1351.6582994270623
71866671,1678.0562414306798
12967437,2920.6555473432645
94620585,1457.9923950314046
45148967,2156.2110052422872
28096166,1303.692480306155
76948857,1526.6990962187167
44584760,1144.7738017631068
36577484,1955.6906060630806
63103602,2730.04211332085
15647671,1793.9109933509492
86020607,1901.6094977839475
80235014,1445.5251426541736
40496834,1150.9482158783185
98549441,1740.2314340933526
71915619,1646.2318313019002
27813348,1864.8759143621219
48090735,1512.5821229426438
91818207,1892.6053964249552
12597429,1306.058359209439
99318296,2245.1133606281232
38085169,2532.697790232555
38823071,2047.1150986008324
61630311,1962.1854174424914
78195551,1870.321524680132
88131419,1438.6768838142145
18300026,1425.5953152383665
99585455,1961.093285632383
51530595,1969.574858757011
94166971,1259.6228747205816
13633057,3471.795527409415
68298368,1237.6107838426058
69215865,1792.3010719326114
30064972,2081.849546897421
96997224,1562.1564077328633
45138943,1171.5968885418927
21749235,2144.467312882997
62856234,3379.5930957183764
23982292,978.5120542121144
17686144,2251.4927145569427
57256437,1864.4355762444773
85469927,1427.9426069654487
14451732,2225.1292488797294
85268432,1443.1221952559058
64602955,1258.8466813866137
74101500,662.81841540931
80083521,1353.424601706057
11433359,2313.7508857926578
99198713,1197.2698888752657
12281135,1315.257141157314
60094475,1460.862560556389
18817746,1351.1721177531522
80803307,1926.7500365839862
50415370,1366.9982158974444
65098425,1681.5789295900133
52785060,1253.8265727916344
76797423,1459.707278345396
57752962,2248.172722674788
30340212,1458.1455998610847
17309152,2510.497454246719
29046975,1818.8019674031996
58339630,1606.3980262502444
38269849,1019.8331634088034
65498444,1375.7702069048632
56278811,886.0906547474182
65904109,1056.2033817820372
34436387,2040.7565796468682
83162633,1646.4696029452693
41922575,1354.815513246776
67606284,1415.01518448195
74148614,1422.454768431995
31898202,1475.8219957148517
12816787,1818.599775721077
73390625,4568.537427823834
44602780,1634.412514499144
59497966,2321.654809433547
33304284,1412.315032959165
70931726,1479.5932093701772
44381487,1311.4525173906898
55483533,1543.7159138024654
41096987,3088.0226453534206
60844342,2650.647109106705
46382270,1118.9483108012523
41975761,1390.5078530641658
20086347,1174.641888615794
82572177,1657.410656057967
27871083,1116.2753496379537
47060550,1666.4867059224484
44062914,2069.135386356404
29352791,2592.2081666786526
42368060,1383.38615650348
83186065,1684.020227490262
86750602,1873.1880499240563
18043718,1185.091070621969
85319365,1342.306550811562
93521329,1312.4784891830768
68774400,1671.1567117364273
27686846,1560.4615500546
73144512,2444.0611245759596
47707941,1426.0104296927648
91947483,1418.5121258740496
54467473,1775.7682411306912
25827075,1367.231637978108
99472188,1524.3479967849562
29814538,1778.2567746278946
98588385,1259.2994907735365
15032563,2329.399125984753
73738020,1899.8857651177882
11480212,2397.5504455075625
75221745,1592.8863253778698
19968090,1558.2569927830075
70404205,1331.6852048837345
68659791,1618.0586231237144
33092757,1011.3589963073146
78193594,1906.0612913806674
98198145,2400.1100018389184
99767011,1738.291644641113
56688046,1525.731514869689
66475382,1177.0850102223017
75692782,1862.4114163621364
26808729,1577.4172368263064
32171695,1486.6046098563104
88456703,1536.6109504007666
20999557,1436.5608153070848
28934979,1249.0000032731602
37107836,1519.7187592198766
50278467,1445.1220270327426
61940174,1388.1868186368613
17559774,1563.2176534892822
21430086,1863.7537524777138
10776426,1281.9261793011322
98097088,1734.9855430906632
43113087,1261.0438110192497
12862019,2489.144530614968
44592366,1171.4538232350499
96886172,1456.6668752522735
96480201,981.9544423483783
85983502,1568.3939490307432
23038927,1023.7134471041612
53573032,1717.4761146756869
34553934,1525.3371275592601
51249487,1537.2944069537366
85349173,1490.332248853525
40895869,1175.0928777783024
99256510,2174.542496890156
76469230,1364.1823169433653
18165718,1915.68461371183
96264289,1447.7893547515635
20452221,2240.5589562985183
15739031,1264.2440428221362
75157790,1560.429243497309
28901434,2345.6133711038933
98941473,1361.0220132129198
84489512,1267.5838678283378
11168890,2068.8401446588805
45041073,2002.6598624316537
85582491,1482.5516650734098
14863106,1614.0608210108314
53607444,1242.0145569386104
39640829,893.1388316575794
83896205,1256.3322430420083
66887097,2076.8128616274053
54562627,2284.0598152315456
60923346,1798.4010435423731
85626709,1328.7776425074903
11687354,1262.3084518481264
99055900,1251.9802873891597
94176139,2013.9369673679316
65142810,1344.886243651921
21025866,1451.287168048369
86231352,1529.7179733253686
94223565,892.1525022541601
53094412,1704.8143001350113
16579300,1764.1648934396085
68788821,1549.8026787315719
22347006,1376.5389814277432
89447420,1528.5846412562448
92132840,1682.7410009043604
61120099,1460.8612770414143
66390529,1732.1053493523432
36752526,1849.3575000051421
28673093,2497.0245844525975
60187719,1329.0708207193575
47937195,1094.9887604577052
18528428,1671.38375592672
72855294,2165.5250305274976
77314174,1215.205072833938
74208091,1367.9003948298243
25265856,1087.4833663084987
43541187,1924.191373639805
22027673,3701.457137719523
39533389,1468.9842843263987
28548263,1684.83046424882
78891989,1481.4430497211106
68562696,1704.0096452979035
45297826,1863.7642466738896
14532340,1611.4236284263131
42487332,1224.3934008214158
79497837,990.9935100097022
48787566,1425.060378448071
43024895,1316.5840586257552
54043001,3318.634804874272
18517095,1134.1492420498857
42190640,1616.534171129163
81702926,1629.4946393001578
20584669,1218.2364967390886
48104361,1299.8366594288882
95781341,1898.5602222146977
42595500,1319.3696496037455
34081689,1350.391319587659
18465181,1538.937809997706
87028165,1153.8674396346094
25157413,1529.418693087398
33500861,1608.5018180635627
22501784,1833.2774762978308
90954690,1506.5889277064625
12079890,1131.6239937510531
24560931,1497.2704465964396
57180097,1643.9042469305405
53805689,1208.144369320543
54653374,2133.8788265475423
79714919,1626.4066022031102
52629831,1092.8085746269755
30315883,2036.4890307218861
55900800,1564.707000496902
62528560,2660.791068430389
17439043,1953.7821770277246
64302335,2268.5542003982914
53498595,1503.3519528891331
92248005,3345.9754119902623
65132848,1999.8926550475082
54712644,681.9389590612162
26501578,1108.6056065484984
57973578,1703.0353850499594
64849387,2134.8291994401065
38331875,2157.0504114388723
84564845,1318.0206964039032
34335614,1560.6008034237402
18851658,978.1573609366205
10997678,1328.1283848538174
40768250,1266.0104280096657
47646719,1356.813822275289
92937467,1927.3160278613211
61661397,1712.300520691234
48317061,1233.0943597291136
97216589,1563.1611100308453
39977323,1448.6525807074877
46445975,743.1398943182262
94283551,2059.884296441434
49677766,1325.2219760116902
85991335,2052.280569941679
23059563,1746.4360812439102
98641777,1404.9946473668297
62115510,1102.738962105907
63322573,2158.747254300974
88463974,1548.3801141032216
29063398,2284.495547816878
94756964,1659.6464946802976
84286445,1357.285810471522
86644899,1476.72010227662
58366829,3133.1817074636397
87935193,1961.1981951509745
65710078,1177.9899059529812
55211028,1054.4023367236707
20090342,2189.289307334206
17885846,1698.5474770650903
87917108,1460.95484505017
35243872,2260.342698185574
78681572,1480.4683585488933
36496663,2703.565951750828
88567292,2567.8834679389784
90883683,1608.9706534953946
77163639,1748.0873696684182
70680981,1645.168629575222
72230973,1333.9572617514543
13786940,1682.409163872807
56650323,2117.074424705488
67337097,2086.7978971417488
65297160,1298.3263306793924
23393351,1014.9138712562577
43711949,1923.0538933853832
45998905,1732.5186334394862
94413146,2137.8371091307604
30684529,1451.795863914157
28147355,1633.900263659304
14737001,1556.2759190943348
55758535,2669.7834092999615
95914131,1648.3027623134808
95400320,1243.2796852629212
29157079,1445.3566619326807
34838551,1228.1194401143512
79573538,2015.624547591973
53853858,1313.137825965612
46958037,1969.5592275057954
40355076,1274.8692315041292
79162800,2021.672445149357
61449541,1623.7246132333528
68870249,994.5775647471659
13256146,1969.7286947897267
23687793,975.4956987364965
49330994,1850.12828225444
47955268,1673.5109024901903
24572229,1094.6347027609334
85493065,1437.5665521866013
95994562,927.5772105260513
86822089,1301.7188017646515
38878729,1219.852061338672
83459912,2885.862249608048
40295244,1448.1767670610143
95702507,1870.5332301000356
97865744,2208.6323314158585
81724417,1384.4084669552162
22296895,1404.8240422515205
25100739,1538.1175649863137
11994578,1318.1720872762796
43823713,1618.7777313025979
57595389,2602.2450797486963
37162594,1790.2372408054646
51432674,2369.2132420240773
96977947,1901.0285271625833
69353041,1339.6006271659478
97471377,914.5241708939798
78888703,1226.0638622027136
58472902,2501.9428398747223
77647159,2225.2586796048618
63649430,1478.0586062574941
11295973,1577.5432121626013
11886952,2313.6572425048575
31115337,2148.1122225260365
53945582,1510.8815520560051
73391100,1357.3924345024968
16170017,1253.5750090557679
96391937,1406.620581039155
49663888,1548.0101708476732
37966282,2126.12753263883
91789209,1479.2559347053693
47228126,1473.445093078887
26588476,930.5222115313413
87591569,1564.0432562077237
15315145,1713.385357961236
70198893,2177.509053195056
61666968,1910.2403429050105
22175686,954.962113545039
63396595,2074.8325899198744
18727617,1771.267380061433
19777468,1287.5912266986486
30527873,1347.7454788864463
95114158,1101.6577953048002
41739701,1358.568886420661
11369670,1163.651013331796
74973026,1368.894331596183
73622781,1692.6501639889223
52281834,1324.316353994324
16897176,1779.0550016957745
63339672,1939.6409173603572
94319057,1863.6924917442607
89357552,2214.274964596929
24886317,1459.9305979718263
59666869,1262.2014854893407
72430983,1644.3088053177526
85345596,1432.5084470773181
24218852,1350.6393326581606
82044920,1795.334447184235
28204462,1346.6866154975253
25544623,1784.5298547522532
98645538,1812.280148727282
35786181,1352.2507035687934
56759514,1446.3885015362544
94979414,1388.5335042816448
52508190,2173.334189850295
49317061,1716.4944932605822
76293520,1657.827881025955
67067662,1743.980618864525
11847526,1743.8877895805945
14139283,845.9138179276797
35602964,1754.4689014483665
61092334,2404.1134867278097
69270579,977.9509581946436
47517321,1849.3091291179785
10542988,1552.0743622050259
66912082,3054.2384013684295
42445139,1991.1784928606303
73053729,1248.255323641392
96699423,1222.0175124622426
18843679,1878.4096782228153
86433075,1534.1203509893387
26883104,1328.0261505954606
19601132,2096.674258745813
37017650,1317.9760873963985
83138933,1513.7161860514598
73247661,1547.4193006426174
59307450,1862.5693589443479
31131827,1374.9872188852637
69966233,1726.0128499226255
40243877,2363.7616845867738
41951589,1644.5787391696
36031262,1728.4522775755
42623413,1905.797438026023
67891203,1988.2714545554102
51970188,1679.3975527944142
24213498,1443.7653668143516
96242069,1838.4770995231688
41943430,1673.4159843091707
89189267,1178.4659381669028
19898345,1052.249111846358
60572858,1388.6367758630918
34988552,2499.3736129499084
91110384,1567.804655084452
75957507,1984.9470976150938
64422949,1373.2084896719934
93823627,925.4922200602706
93745711,1951.9691690682716
17782008,1156.0668990009642
40016743,872.4122209711014
78676337,1897.4403044480148
96591242,1605.7707115246803
83545822,1293.7008550261535
89501773,1070.3543904211224
19293886,1633.1518259215875
58534753,1605.7149925214114
56198063,1394.08840901309
60777659,1744.23000358952
65431978,1214.74571818361
94604898,1639.8402865956825
76197738,2254.717725904911
81980523,1751.8385731625722
41676275,1355.5413357473205
36497965,1657.8070557215592
23177824,2007.7579851734013
85192608,1170.8890485826687
30289672,1553.4956925463237
98138275,2340.8229725608794
57817320,1054.6488461315885
42234307,1518.163996270759
35893634,1176.352971743488
18195993,2144.6650780729915
98403244,3409.9152119124396
63004294,1405.0256502577097
54567579,1875.605683950277
91568379,2495.79451014758
82476880,1275.884882425618
55652262,1154.7572730647505
20373341,1307.328030973167
58632297,2035.1687853919188
24786934,2526.1342739841784
43722745,1658.0483395381186
87508719,2287.4089529252406
80752603,924.8337126729057
16698668,2129.545688225005
78798734,1534.1941039380672
18461999,2215.510239292748
81299277,1606.5052445925999
91417891,1519.5697781983968
25190830,1879.0572822437314
73164327,1011.0364148143605
92759943,2316.926284260216
18785269,866.9267016636173
67717385,1713.488367204703
68136920,1872.8170301042746
77810360,1550.4912335264153
62012820,1617.896700776841
55983128,1462.0781930209193
28119370,2137.2606187037222
34978717,1382.513495835809
52374215,1208.246684340098
66651771,854.4702305342995
49306420,1858.2487389446342
57524470,1914.9572492293137
50884173,1929.563999081614
41477733,1587.9405087625275
14875840,1793.4190435256016
11186021,1179.7300760904823
36355598,2403.5174534701305
54557949,1834.439062854259
69426516,1578.6499650459689
92092667,1978.90209553067
52668902,1366.091293750741
63561915,1136.0052824711936
11154750,1870.1044770873941
48765039,1211.9056679080004
91136342,1545.7061790845182
41265217,1440.4158064710566
25331950,1361.6900898471158
59339185,1687.1555514854406
59925803,1117.7840810977973
15169957,1338.2447148402573
14437249,1670.0382724100355
98971521,1709.2650145758214
26418410,1508.3664547669598
85892267,1803.3836905880214
29358885,1078.7939667743792
90069301,1705.0263004764488
11408026,2089.7305903297156
77952900,2822.9376909650173
83752708,1949.7465204772286
15243872,1524.4440147197615
20649757,1196.4355354708043
94157069,968.5517586518273
80138291,2407.367821920868
79658232,2394.496182460602
20876663,1508.1287557295962
66248879,1647.1618060570818
98196787,1658.3695574226367
11070217,1126.1801863938222
54123194,2123.23135359781
86862821,2726.96202989454
40252559,1551.5506717670228
60519623,1167.048962747278
11098932,1573.7178985604983
77544004,1853.0352670968614
43855714,1607.2725195962146
57112829,1543.8742093056183
69104738,1299.1490666207376
51426009,1554.1108459873649
96759585,1434.3857135268006
61695552,1434.1592523421778
29335973,1261.436843102857
86711404,1743.8231122888237
96132003,1344.5804498162538
71930157,1344.799254826226
24207989,1048.8767458284542
81239737,1154.3292521641845
19246532,822.6324070601953
12541440,1236.0390403180088
10876544,1875.7073807017237
11012723,1601.4496172518595
38854043,1104.9411167249948
78679072,1598.9689005557823
39567200,1685.321543671918
59107952,1546.2315272544658
79981461,2054.8945413609936
16385065,1667.5071823093938
42418677,1564.5268425974061
26750207,1388.2981262950743
92430939,1647.0069656418968
22967094,1312.0318566154317
40195159,1551.5830068898945
72466218,961.5933596847757
34482136,2285.3383688710464
13940540,1521.1708799369424
22725269,1801.016342740105
78995555,1552.2214865437777
73638726,3057.409219771535
64722395,1511.3109386388658
89563722,1432.8142871554633
32568591,1875.109946949036
45801232,1759.5525927177052
20301291,2041.310156933775
40244043,1726.2403241814798
64129406,1258.8530391142838
72297320,2092.747663125147
13456518,2036.0303555094793
27325248,1319.5958489311067
33468754,1729.7913989599192
60910395,1584.6463156517125
32681832,1655.8544033655885
21428869,1607.3925262387434
86653666,2005.4777117869503
32786522,1121.0515027897695
64027869,1352.355786608899
34126567,1534.856408175432
42278394,1797.7774640426464
95376056,2397.289272351601
99562015,1190.7411553040442
15133980,1472.2073548474739
54026308,1181.7731886930048
76441994,1473.6581078256586
94110128,1807.0452690904317
20201258,1683.5921691396077
84604326,1798.0896021721053
27309117,906.901993599367
85307886,978.8462336599688
68918906,1580.4894943161432
16328223,4092.6115007210055
18599779,1653.0483080994652
54032168,1907.2336205890213
56206271,1656.1439249838545
20991939,1294.613442755166
78007881,1204.5072720091916
43136632,2238.7962270388302
26961880,1751.2602067041882
59246484,3054.7094114136653
97485255,1182.55074557607
21548886,1328.4320377233053
41405520,1570.0710256408533
17265204,1353.0372136355375
57594370,1269.6065450856474
86204456,1538.4508068507841
47896500,1380.7937771992251
49072175,1751.6719455165874
57819104,2755.4979675862232
38029807,1527.6826945330038
72219430,1421.3254194718577
51835434,1527.510283059153
40820294,1157.5266454498328
39676991,1541.469555061396
47329975,1484.2551624813552
40515929,1280.5570566382685
49496398,1185.556897033373
79829278,2967.5855952651696
25676253,1833.5637029920165
83511561,1876.8910174145863
97282391,1309.0742948192117
48159381,1634.1345276540947
26133617,1175.1587812556506
14830790,1339.8691820120164
38458641,2021.967785332956
92902816,1328.2617308948822
67366474,2248.7997724715938
12931119,1758.8296243191594
29119450,1637.5356259600444
69182586,1734.3404516577186
95601790,2049.9978658154937
37235321,1753.2062449816751
18453791,2190.6062738923156
73959998,2436.8166674020076
85145437,2210.4704887360426
20490331,1670.172816033775
40505076,1391.3211230113475
39895736,1684.781060455054
36927127,1614.9103275081263
68104733,1819.9300183752805
65498526,1672.1480920239812
29077796,906.9913517851875
12700500,1759.2027962276477
23234787,2071.528146512337
32248328,1670.5237384773582
47710917,964.8480286326667
53904169,1585.2860006711808
41795394,2252.9735198403273
81931808,1702.0448125564365
89546300,1908.2983975937832
81512800,1116.9831638877893
74490322,994.3636785685559
77716971,2376.6360363372773
76509280,1622.4531747462142
86774198,1351.645269015125
63795592,2695.7011157551005
15728342,2586.2092538188413
97525554,1455.6256565779358
81201227,2046.0458422191903
98995752,1075.7427572090469
88336972,2837.648097287611
56577963,1673.496632264916
73375002,1462.5630218182296
92846400,1720.260193780542
63160455,2797.2787807350837
31277941,2131.4288117532465
44244750,1454.7269419158654
46198195,1053.4715752354493
92939641,1167.1905889700195
97399227,1018.9363954379686
32829265,1491.6999840598178
73813213,2724.690184418124
71142772,2128.938807755313
26186456,1338.3658534340311
86118507,1461.6400139426837
91253288,1603.4574976069364
16739260,1865.5614100851592
97712970,1652.0689107407734
33709101,1810.455609417738
97473173,1064.694174850994
84445365,1754.8599698660173
33683407,1577.8760087958206
55156833,3052.9885480509342
39198647,1180.7621880289876
84859914,2469.090000643037
42321053,1138.5694134272908
26496602,1698.8974205166958
87373088,1231.974199446951
18576200,1797.8807512758995
30304669,1279.0328778615442
97043852,2371.7562673513335
65885111,1836.9687788700369
67235670,1895.5325720555104
70791484,1353.363362526147
80687580,1714.8776082319882
15865255,1823.136821217614
50517128,2108.118668364161
72791395,1986.6130196131614
43267986,2911.882190543949
93567577,1239.0051808300789
15107743,1192.0258833693993
50225644,973.5610943247632
50174181,1366.9849526626588
41401409,1202.1229717645447
80395755,1559.1555025608154
58616743,1398.4467165330482
62863764,1674.2330245843718
54033467,1248.123207011423
36905471,1908.4191582547917
68728934,1399.7794836399214
11399296,1959.3941190534333
42319589,1110.3589958726482
71193471,1253.4633261414028
67728154,1294.7638174260762
99252537,1671.6100570511085
69554397,1611.110987486123
57406844,1508.5620908759545
17460622,955.5218683327415
29136908,1889.895930572009
88836387,1113.6479626763035
56749521,1400.5351146809294
42038296,1482.807385052751
27575312,2068.5308256601643
27787635,1616.2481097917068
22639453,1613.4896514613379
95074248,2660.314357423458
62398547,1503.40455835142
48210895,1667.6671115662398
87163679,1779.9626877691105
84638479,1425.1025212629127
74277222,1312.4268311486207
47124707,2447.5231201128545
29597912,1714.4052123917081
73217471,3241.328898706323
54203733,1336.02103522997
86493934,1460.3440219002603
50925419,2180.750872834968
36161210,1548.0111608092343
18638157,1473.1913499838693
95763224,1860.0515674575713
92017449,1297.5525545069693
30955049,2080.8319864235004
88464978,1595.194539229533
81709003,1184.7150148030828
94640782,1104.2520944642326
28684873,1371.8132516428834
82032258,1806.170828936711
81929396,1088.1389144454286
69137949,1964.9811980517504
58556748,897.826448428962
83494716,2616.1386354870947
51219421,1939.3920849255883
20118968,1122.8818129197884
56424305,1745.2179136546254
91040440,2430.0465172814315
82249910,1779.5149603943528
65005094,1856.4640053692715
14333847,1364.5175244251848
79940622,1885.9966046148816
36407377,1380.3275269651188
16485177,662.2901363776206
19967320,1117.7524332072514
86757224,1092.712230611711
47859734,679.9411149676652
15329881,2484.7896616307467
38097629,1803.4994013722078
63914375,1341.1371899179744
68107359,1077.7008759858888
30898448,1892.6379855803418
62098958,1150.9933092426518
82555231,1476.6493266582754
74537472,1436.0678226658097
53883476,1315.0907786751293
87349008,2618.786268886644
60387770,1466.5436695735593
76029782,1716.8107382507092
17330605,1685.1230028228672
73592240,1854.969026130386
46762043,2177.6776798954156
35726404,1803.762423433745
19188826,1879.9938189320633
69934099,1177.9147884425597
98236292,1601.240485591897
66601351,3346.770011823271
24082367,1460.1670303197475
86399833,1592.8065685153404
29406161,1853.9989595992379
77568118,1522.9508731966837
68454220,1662.2938739001622
20326815,1776.694487203567
96392075,2092.721690459461
43846930,1411.3163825148142
64059970,1807.8687177735264
59660323,1491.6083922854073
30664289,1373.2582977518455
80504110,1583.538637327389
69214158,1341.1664140615012
37153701,1762.8639822962175
94463524,1704.3373906823515
27069908,1548.3462859102785
19881454,1832.0667962992936
62073736,1631.85904631182
81301863,1626.507583261927
84692821,2260.0340922211108
18061173,1231.451258911838
20396165,1507.629591960421
90290263,1582.2353091920334
53205197,1569.8492780997406
71639333,3028.008738071736
26581527,1610.9242975336324
88753189,1621.6039805905875
12152481,2513.3361579292427
66369748,1680.135881427723
31086360,1453.9902101149223
68141078,1366.8328692610717
87072389,1802.4884922109568
97229380,1331.6335178592658
14239930,1122.59667197305
47067735,1856.2739347309484
23013670,1178.1092947434965
91166617,1507.7218300515894
46464430,1724.990795492582
48307993,1279.3822415279255
65322743,2473.5985952764613
50086685,1580.6172724095686
65335801,1012.1872352413586
83887090,1848.7652200847392
79333390,1614.4341183782276
84490520,1633.8161148829354
90753494,3750.1496446785277
17091898,2649.0457822921744
94064213,727.5893272773741
76172003,2166.430977613617
36639874,1439.8124107541034
93190659,1802.0375246027206
77671761,1077.6873967830495
64459243,1687.6460137393774
92415904,1491.3581043611493
22451687,1435.5543131770733
99098676,1856.8307112361813
96250656,1861.2936464819202
43637666,1520.1218061255927
87755511,1788.6913739081156
39642098,1430.6695292962127
29533984,1704.6058076585414
57860445,1466.9968321963838
33335103,1586.622374204793
40928352,1234.2210399007954
66938624,1867.9215686559862
97908221,1317.7347920136158
32317269,1312.4590141478036
56374872,1168.2946076149308
56164704,2554.3630830381403
16557670,1443.0468894661544
57350487,2171.531615937484
73640189,1231.659212803685
28886856,1638.252230662219
66838952,1096.6135435103517
73125445,2822.969448250639
89817544,1470.6066244131525
69175507,1295.972478457582
93099722,1736.574448226563
42498618,759.6462770183248
58133975,1316.4022144801284
50823382,1493.2419788736386
82720881,2340.655822288516
47566077,2464.762859499608
77236358,1950.3813413539856
24977235,2542.5818073624423
82212369,2525.5785913393634
61416619,1619.6596231876024
14011629,1146.6639564169875
47820649,1143.306486991204
87027470,1256.5655248050873
84406467,756.9806083645187
18483336,1794.494678379585
11745857,949.7445927402609
72009137,2033.219085065573
21373342,1408.80355364209
50764118,1450.253291375463
17876513,3026.270859103545
21573530,2516.577388995036
62535056,2286.664359924592
52924658,1515.6296109133639
59116751,1591.0669592598103
96464552,1611.4813626266784
41877592,1847.5719334744026
27556664,1173.1314576069865
82049392,1594.8166112276642
21890177,2201.0791334775913
84019657,1194.2432415557353
70836939,1172.29693078009
73269246,1282.6842211257224
65430516,1926.9316225642854
15552867,1906.6289304160946
16632045,1514.2113094880108
58510236,2079.984813193516
94607287,1221.9167425619698
16582909,1174.2993905754602
91254889,2436.20250002995
52951693,1477.624556393798
42015762,2194.8070122167665
39537878,1319.7366678936155
75334066,2260.0412397862387
15509168,1795.7483155687364
21848464,1230.9399970418829
15512926,1655.6507908215565
19852776,1363.659226281074
98991290,1552.0901348755551
67867067,1587.9893238609557
75069265,2369.5880958544403
33163007,1021.2613291174342
72461037,1287.1845839512303
79368575,2077.222550152888
19283832,1524.4824492829757
74686369,806.3068366390702
42431987,1020.3611472014549
49107046,1816.3251047979784
21631633,1501.4486061313269
57757752,1296.18780455723
64260092,1912.2249887834905
23733208,2215.866196930256
81359267,1761.1143420856317
78964700,1556.487534114601
33821569,1752.2844925646107
52189182,1043.4926782413104
67362415,2073.787989220912
32252347,1569.853500820526
42461075,1368.269554322878
42564953,1934.7460365132526
53441096,1385.3740540806489
28942045,1316.4479414878665
92173510,1455.7734675400975
37939234,1869.6325316681907
83072941,2949.679203165514
72001493,1848.8050330105077
88722560,1060.6975252025386
24458695,1929.2479016385535
34236973,804.2036890726928
63527431,2572.7759783670263
35020078,1787.8509334320786
96240931,2589.019107101748
96449025,1123.7990641207252
73324268,1128.4466875250646
20943504,1596.9548848690195
65163807,1078.7752723220685
65735235,1367.994853630016
34006121,3241.0491189935096
11206259,2176.3626291299543
21142225,1677.049621839388
43933688,1489.029022596189
20195114,1351.3595437487318
18089453,1796.760773713279
87927482,2976.5269776650653
72119177,1256.5684875805441
68722653,1431.9601833501188
99012228,1687.0630611163654
95191404,1383.8232849192336
68494900,1193.8388762389166
11789848,1562.894248814056
51367435,1784.1544163611745
83199690,1274.4565328723554
44222449,1277.3521591956526
97059152,1316.3529473266494
21321783,1287.161377237008
89238156,1598.5811640928234
75658495,1345.1307187713894
80514422,992.6805580949953
80098101,2115.1695426262413
57507250,2011.830500154275
82869937,1437.5549945168361
64737683,2672.872808930206
64663030,1197.5565855613079
22362250,916.4209350328659
51054867,1165.3421127286265
60302181,1730.3698898461657
89897892,1920.2139578074898
99745406,1704.9293632889246
52137793,1638.986883552458
94617943,1900.406408325665
92402481,1676.3396587194331
29177060,1590.4324389789501
96789879,1919.2702283706026
16733828,1482.2658404745453
69997197,1832.3536873509088
80009529,1359.959183241676
70971147,2118.03469812693
89268742,1634.090863791898
81559172,1713.4076651585472
19799436,1610.763944653716
96316683,1586.4619948722477
16202604,2984.097194991653
99234264,1411.8229808314632
89790861,1445.6556424900023
80624261,1341.6804939551125
98327008,1557.6785533380582
43114030,1847.1471272409976
38992659,1080.343674659281
26185292,1679.0924811896239
84958392,4087.379815651181
63532044,2183.2807236264025
72780852,1412.5870143841382
63755363,1947.7535040297716
63435369,2267.96810715757
49085103,1272.4154708028352
39826465,1374.9806207363195
89335030,1044.8169560617214
92393797,1924.2508030181293
36385689,1092.735905262167
14218024,1127.4278427753588
43067447,2486.2248604367874
11821155,1868.5086015148822
96671043,1222.9713393558532
64977532,1805.3887963319062
51923648,1691.6159741285212
52082499,1687.2357829685766
58693008,1213.2224626198329
77432555,2173.9190585351653
11692478,2743.8912085357924
88536020,1403.687410168338
13996971,1540.2246528307708
92291100,1742.6629380381864
77799089,2531.876750544289
46970679,1261.3550967377585
96819382,1906.8226907538744
25751312,2379.2678342134564
89990705,1055.0093687679814
52038068,1645.1466144951057
32344173,3759.593200815312
33993191,1467.3886341260081
52279123,2350.1344224641343
18496274,905.7553212944423
89490563,1615.4927903364116
17329696,1917.5315024162142
16967446,1579.6994063615407
80888202,1052.8240122102923
14661504,2089.608942964112
19604443,1745.3247387254112
37821572,1085.9602884262426
88831769,1617.518594424596
32405077,1804.24811809144
52763362,1375.3564399380293
75573252,1613.2883255287134
54781465,2195.416134014887
22599480,1754.5445836381127
93311234,1085.3556171938437
69925053,1361.9738607317952
12598333,1812.868082340388
94909106,2047.4954388817844
86019408,2566.228846347708
96477826,1431.9601690542747
47575439,1928.2230737564869
44219472,1320.3445862791348
14808414,1813.0275714808258
51535602,1320.6409226058074
85960705,1434.2618637140574
52391461,1554.6391629313705
81172596,2527.7414476755794
11351493,1745.9837180933937
72733290,1130.8994605317303
74877854,1594.6073918607149
27680792,1290.045989448069
44946524,1915.8472863480251
23475779,1780.819620792344
48465422,1170.311644643277
52076835,1321.1527020943372
44646564,1478.5165481981448
87277346,1289.3176551000308
47973044,1595.4332880726806
75500097,3599.213376707138
36145678,918.7027867434841
85625020,1483.5613346131552
97404967,1433.121236532662
11411712,2304.6309719470314
80164594,1100.2542839324185
30555374,1030.8375442649049
93243676,1641.548738810566
12801610,1123.5918255373417
58651288,1082.4533213782533
52409464,2268.5222922922535
26481577,1898.5261311820807
99557550,1042.0912222549812
92346786,1045.5914501421355
33277389,1090.8824099440756
78792921,1519.761210276425
89378277,1809.9919302421556
82856305,1591.4754688110932
30767488,1586.5432847137783
36397903,1340.4111547900477
64870928,662.3180337252339
11575457,3346.0180888251884
39041845,1330.1281011965748
92898654,1739.3365813058676
16929732,1531.9684891986517
33334714,1162.0441236982506
12221534,1882.6832974814167
73945645,1411.5737832325003
68971550,1464.2401053642502
75565371,1995.6644915974011
59677619,1302.0185498738701
93539814,2122.1663873901866
24106217,1527.5734974104646
55020351,1362.9182809476065
15672017,1513.2211058803541
10841847,1329.2250141716213
86946687,1161.955103038345
99799054,1767.7959223090047
81128474,829.077457941855
80366080,1230.5742242357035
10218336,1312.0065456604302
72351128,1428.0725361933303
56132260,1524.2565069614268
99301338,2849.5764099202856
84453738,1318.6304216124004
58188871,1752.4207307160207
81971342,2730.919862520386
94124547,1443.3141183320245
32266038,1615.938044328891
71760843,1429.207788340004
77203995,1523.3487944549236
84611651,1407.6308771214665
76627771,2021.923570876283
12653847,1615.7632056662437
43336328,1615.6762757195027
91500607,1580.6729415355383
68213549,1475.1694388060512
35549327,872.1354668388676
80808916,1501.5071885786137
17110481,1506.7173966261485
99587119,1054.2260623889515
92334856,2773.740336971478
53359226,1473.5133385273011
80618402,2958.9119766909766
41703808,1941.7203926508996
19195409,871.1446055549908
76941149,1714.1307158920833
97584818,1356.3634177532094
56683377,1550.642021066925
67011320,1981.5130488124225
15480221,1757.2113381421098
68081328,2332.150043087124
55487684,3376.695575812205
74199206,2704.804514233008
90165063,1815.5276447857834
36193583,1760.6330414172453
10917950,1333.2627082432691
92870312,2067.4644323650887
72030717,1969.4327765353305
17113758,3530.9198334932853
89153386,1407.15524969906
45809568,1742.2630271844403
30803532,1550.6479488893945
41936053,1616.7641184848278
14429173,1489.096988963749
86629786,1632.3033150878475
60024688,1734.9974097082893
75100924,1858.1046416442662
19587468,1179.6122014189123
88088850,1484.3903381621162
14339658,1222.3773479214774
93643220,1447.0780520927524
61257147,1825.479178908354
47372664,1749.8145878287512
72551157,1397.2209090937756
70006271,1618.3573837298704
66160499,1009.3124536135349
14115358,1273.5184319340187
24138292,1874.7858132690349
81649352,1579.4836448979609
86450554,1354.1540296201388
43772724,1683.8077724088607
76147600,1685.8372451807434
37814705,1810.773755028043
79438450,1874.1132427468226
30374304,1393.2115762835952
54234194,1242.3183579683312
94516994,1788.5000502551711
15639119,1812.980057797252
98234744,2920.069579004645
84292967,1267.1223921715273
14583946,1970.3054760387142
74680521,1334.7068214494175
10214287,1961.44959585037
43877051,1372.2178557860059
28904050,1407.437424661891
62063260,1969.7256150305118
50651267,1712.9312073777471
76093719,1529.1263133152968
42788012,1393.01183913488
64271564,2886.7198225036555
36033563,2137.6225570685465
32364760,1596.4640214008466
82718318,2348.277163013581
42781597,1472.0490269689667
63047151,1224.0309526242943
54331908,1717.7255177489571
88556646,1137.017598337078
80038856,1656.0243889322862
62561061,1363.667403904775
65834717,1281.1388473253116
80358828,1785.7708048621355
35099840,1997.777690360598
50872993,1407.6832802005524
80223193,1859.1630368401425
28448374,1623.4280003042081
92231676,1637.9203821083515
65717894,1570.0339048295489
86298764,1481.7751104389922
76299579,981.3054215233507
15449921,1275.5624382208525
44677435,1501.1105734818084
75188492,1597.3917638617218
99785392,1501.761030621289
27084775,1314.033924622335
34483861,1429.384390175226
44135541,1848.7345631045923
85537076,1355.1850086680233
32577802,2134.4870969339877
58632323,1679.7187156290572
65794441,1470.0221324432846
91626972,1433.3359876572758
80568466,1323.09446973182
19317452,1298.3800425491606
19462773,1131.2232648437898
16861573,1947.242584554536
61543398,1327.6890736941727
67189144,1730.1851998177306
46184090,1083.9095519070822
14969625,1067.752191625181
12339000,1187.6191918170448
87651999,1156.7494346885799
48444572,1592.7383900083037
43026767,1024.1751251025992
25666315,2082.6308923798706
85141494,1977.647537362074
10196732,1297.6004947860122
89772932,1155.4189566409907
76197106,1559.330415437445
35668637,954.6678794546347
47789451,1271.3393326291405
11772481,2364.4981101386534
92352486,2070.2458776901417
74959731,1342.0159361267904
24006644,1176.198204645234
70184471,2110.5867187753142
63616459,1847.943574426809
65420176,1463.8720997045139
52778454,2911.8783554120073
20334394,2407.7652499492256
29566160,1988.0670896787017
41218910,2073.8742927698554
57645530,1062.722302142555
32753016,2370.93506456413
53485349,1456.763149880851
99359057,1393.907849016315
50033107,1325.207331159384
21562381,1838.7624608748913
77828671,2542.465242960625
59082786,1414.755861779942
99756703,1139.9956625349987
62477883,1144.01432273769
62194095,1787.8102030507605
77240295,1582.2090874891844
78173906,1466.6233365237463
51850860,2425.331521966786
36247163,2381.234334508057
80372868,1340.6755304003768
55810884,1352.7370910950426
39425335,1135.2701377950464
64769998,1460.9303333397163
74184119,1737.3732265044314
30910517,3250.573598926507
82036794,2061.476544231929
27288556,1482.3188028544093
73750248,1258.6793202134875
93836103,2180.047391089039
21006367,1513.404906715471
93898545,1290.138792273109
94582565,2028.238184066394
13137522,1140.361565999534
31604761,1596.1581998204217
60718232,1263.3283864493505
22356430,1171.6609572626005
39386475,2749.6616503167247
16350350,1563.4526058746928
70755780,1629.3345590994027
55920671,2287.7773693708177
30409198,1416.4118736350424
12366994,3453.6822712081466
99624161,1732.6594451666479
27085439,1839.9978661973964
26222780,1315.884029028895
13513100,2052.4587742073813
83619693,869.2762715854558
65230131,966.5704011325874
74197231,1480.0421251642729
16535315,1314.5324353987246
49313519,1503.2121450184693
54192335,1527.274443054776
80736897,1786.8730877229336
99406225,1854.0130501390906
67818530,2889.8305009143633
84284655,1337.6662821018156
30897932,1305.942192462699
32254189,1440.121670550657
31849680,1706.1729782838895
41359333,2212.146784067446
66456629,2493.978443860292
68729486,1621.05441335682
40630348,1655.7510777184937
93988333,1693.6726299024806
47811524,1096.2497007497116
98617237,1565.5786107445845
20362387,1163.7640347839626
84645660,1022.6514829536592
16861971,1584.856405097046
34588999,1425.9017864919617
53427517,1068.9701215248822
42513475,1926.9623633188705
57705547,1694.0555214828194
49742880,1704.6280827944997
66920323,1721.0497150901542
12354776,1324.5519540021185
25840613,1603.4087846638654
45114259,1953.0391856063977
49079923,1704.9744257137909
63116367,1030.3656505332433
63802912,1981.5340490936162
48974796,1331.700139162274
30061599,932.9778123912652
68578654,2081.025856700264
54173227,1438.5536506198728
96680380,2097.635097306017
23868064,1405.6026909806765
51824090,1659.5709434865748
34839733,1253.6463432768865
80054187,1849.214917892753
12685572,1646.441654220713
41567061,2471.0886909289234
94877842,1130.436674722993
58492968,986.9331737385163
71326484,1042.7065882065544
70920278,1912.8558297719492
54663137,1716.2601031672339
32126460,1984.0298070295019
54874790,1789.1515725868342
13538436,1462.147906837875
30100038,774.4179140353295
80017866,1069.9534140714436
64347455,2676.972550666611
13683069,1799.0735459057598
48039428,2420.7941277370905
99567150,1566.944085595951
85509215,991.46958632184
60668698,2076.4532676811327
12191456,2031.336307180036
77765786,1584.770772322134
12528361,1152.5662356342127
58442957,1059.4224696119209
54303594,912.0125007285907
27681147,1412.5715254316501
69098569,1258.153727855423
95221316,1954.0246852207206
40109548,1690.6803185216509
55576313,1106.0849206460564
53153958,1492.9994495794297
21200840,1623.6473772859893
50894265,1047.609333088081
23626838,3635.2049243055008
12418418,2212.750975320557
22706358,1632.1221079266027
45395670,1280.4458143485947
87327017,1275.519873337926
13017114,1951.7004290474708
32271547,2018.8103658552077
74538679,2090.372281473335
39506103,1556.3007256575572
46816166,1393.7383051650352
66503105,1702.1916168911857
65579176,1913.874167144394
40074247,1650.4571389833063
91310031,1532.065258973472
77444410,1844.3456680730915
69955281,1667.3836267446613
67331105,1755.5503382754819
45643632,1627.0557027056207
73282363,1315.4046998506121
13642505,1324.8465197115336
68901430,1717.9034535660658
89906679,2007.5400877335844
52711886,1140.6318545006566
79575331,1418.706811987414
92616283,1380.2621501446981
30763055,1195.925031757828
16611953,1567.2237301934936
33070179,1480.921595292439
80347205,1605.3996339988653
83995335,1759.5331947412883
14535805,2431.045286701836
84879838,1524.2991108301533
11864901,1390.3271611345822
14658965,1117.7890282853664
24293507,1203.1194300199156
70453525,1640.3757922076816
87798104,1254.8208300578788
19197193,1595.2040803950874
28284548,1725.9624347032247
86044842,1635.8047581991664
23057275,1809.4555034856153
27985337,2305.4875281641966
22587547,1194.2734480316324
12855508,2867.7996296975575
64337495,2258.953146705856
86712331,2262.743559276738
61189156,1262.3069350139701
91594873,1504.1634549677137
54835971,1961.1204973075155
44370830,946.5815846103134
23684803,1481.7967090559957
92481929,1840.9758987220412
35638424,1694.7146384157002
25657749,930.1653852464045
39381975,1536.6776414651806
72999107,1744.5895925772688
25818586,2043.7999901616997
58036789,2000.0709493843265
94320377,1593.3051126138018
47110506,2228.5150464627086
66399362,1849.996680836434
68909982,1618.655951306495
16073310,1435.7958712517532
43288405,1102.5778841982842
71579560,1691.4198879251992
16507355,3269.162610978255
48802207,1303.043001206533
89915294,1775.7191784218735
97679852,2309.47445595914
29217698,1900.191186964133
27435911,2835.615348795413
78879242,2056.8541728204787
27175130,1532.8020547885164
29020135,1149.4731774512788
78626569,1192.6572015606866
71067812,1402.6066994559228
96690513,1552.5939526387715
95531962,1749.7372664874044
98356800,1144.7156011535485
86104439,1124.9242091234316
55595900,2256.5965020831777
75208610,1996.7878933349386
15300209,2108.1746800547885
61949363,1236.7225309647172
65881085,1646.265401061069
66803690,946.1342976858829
71508510,1730.451872977285
77429269,1216.9962122318652
70868754,2504.2806345233403
93223292,1881.8675307326573
70378280,1435.6183990109614
72142932,1290.9964826061118
88911193,1145.9249426246386
89761834,1692.1762384317453
36836619,1656.1563234421296
53134062,1454.706496943306
98828461,1712.4841989009783
55370391,2333.073998223535
69978664,1444.2040778381997
48824111,1398.63350812092
11383415,1501.7540502454417
89041808,1821.7026440143463
31864759,1643.9840409295464
85436725,1479.5521537705438
12287678,2702.2136998780315
54577919,1633.5582735438927
69095778,1484.186951876941
86755087,1526.1019598562664
87570494,1582.0732835682415
42971075,1548.8515270184337
19251821,948.6845901537899
40154766,1155.6383942454208
86599495,1702.0482122057815
88331508,2213.070824513736
70254717,1412.8944444126403
32105523,1549.20330543775
42241465,1179.5637465504658
66334048,1453.7207821559193
56657286,1180.6467240720362
99489082,1650.2986050902434
89634976,1715.795582803276
22529712,2140.8989002684893
93452559,1933.0147359066993
75276107,2418.042082451405
57620607,1245.979267385767
11822194,2188.872268271523
85101585,1682.5713018615177
73640715,1846.6732471267553
18114714,1285.7989008568363
62352450,1414.239423832825
88096618,1934.3123974712205
76855836,1376.7491869720864
76968795,1924.4393330151725
19089688,1466.8128082338817
93669020,1108.0091957185002
32221954,736.1258695977127
80149491,1235.1905531387915
90863370,1449.2156423663382
18955449,1748.9588533176495
46106075,1298.7967842295661
64362412,1299.3985796212496
13228942,1201.9208421314327
18238798,915.3422677124544
17197174,1407.7470765786854
56883307,1494.391502420451
43838074,1570.3258730727664
94366977,973.217098016098
51114116,1647.6504595507856
91929625,1713.2760413212836
72617691,2483.2500201041216
18081983,1432.0740974008636
41430371,1219.2454825229302
18768333,1390.196812328614
97670981,1608.8676912364924
33138884,1800.8094706583515
54769750,1694.6878359275697
89191521,1606.413633312713
68771611,1375.4535755696268
69658524,1521.3461552262422
72361657,2460.3760140751547
56548670,1081.1765154151049
78323750,1614.7464005485483
30772189,785.1742147499208
48525110,2087.1622088977692
86995869,1487.8417410326804
17626486,1762.3514244425858
25200634,1386.5379955582025
42675735,1246.3335358523789
65493081,1476.4481061451434
93613666,2250.7550994099524
70416961,2549.175006395396
29938065,1516.6221595302782
49578380,2687.13293462713
98870679,3975.3795127053263
69931311,2022.518620148489
53406287,1291.8076713014766
84279248,736.943395861304
95721664,2027.2800607424665
86560148,1424.3872713247388
54643141,1378.7898220870684
87296829,1734.987240143592
44687814,2416.339944318891
17812890,1593.8264985940245
55517272,1564.4029614021854
83984617,1384.5344612314923
50681051,889.2715247678907
74119296,1490.815253773793
67223450,2129.0000201493963
77287132,2612.9175828916304
36264517,1687.056960644197
42898261,2913.2322278004935
62830950,1687.8426104226144
34861949,1201.9465382633898
73511243,1309.665271549746
21486168,1887.4942829955385
99309538,2168.3735968192746
42037617,1458.2543815643073
54746843,1190.1576052772677
47539615,1954.2986320173352
84768747,2199.172421216302
72954519,1598.6177174858092
86653160,1106.1941104615719
24350012,1233.8717802675449
44330162,1400.9461089989868
40410889,2961.0608827721594
14017526,1216.9394865475888
18494070,2472.7408823717733
47916307,1917.0146120228771
39725498,1723.4977209116926
54156054,1567.1841813371918
49589662,1718.561199772941
87793535,1873.728935968808
25123851,1895.1018681343737
55319133,2000.039394079491
35955058,2257.0269865221258
15784980,1685.9547779927072
63967490,1605.9639328751277
84366303,1598.0064433494938
32211409,2045.4210123601126
27475512,1556.4269185913467
98385904,1306.9392436308974
74274926,2294.5566496278516
26137274,2051.767409243935
35706395,1702.418510610302
25432073,1066.898350491827
56493804,1309.9864063387422
21783642,1763.3672260229152
24274717,666.3967216542137
93363592,1087.5565843282457
50359798,1331.386214947504
76057356,2006.6384146840385
34577569,2506.961641018047
13432670,1608.0452903801122
36150614,1998.360275464984
95883486,1939.7736430561952
17035345,1852.265191007301
48987823,1381.502239779621
18853302,1566.450328355449
70059479,2162.6925534565553
35830006,1954.3200020109105
83058209,1507.5862534136331
52239160,1424.9621342043354
24939237,895.1969031137588
48271879,2345.0538116213766
58898302,1497.7455020146272
97505252,1544.0190312666527
52580265,1366.1090980643412
59859756,1917.9939854492409
59531100,1925.1670634627435
82820692,1735.4806161993754
73015543,796.5736848662382
50663543,2273.7585521422648
61349439,1626.9296654105437
82745505,1896.178391423065
91058293,1181.148256122005
17937997,1811.768929048888
48025378,1464.0175380755081
21558049,1532.2143863090216
51468147,1823.7030402816008
87943582,1033.4320653499578
72989675,1063.1427589442515
10828659,1394.042503695056
78868242,1455.1663230601334
63610417,3256.401571197007
13037947,1219.3010447085921
63051485,1671.5094758519256
42637767,1344.106638611654
66029975,2415.3620908418075
41368516,925.9255946881336
75570412,2009.363103095775
58832659,1371.1176355539876
20746324,1776.8163245177877
41047714,2027.2180595634293
41430458,1723.776156279392
69198371,952.7150469715609
46430156,1512.1795974470033
42120705,1125.9510234708716
67695943,1264.3661100831043
10655846,1518.1587447676088
56387239,1544.9638646845044
73136827,1351.2023611804227
66107772,1940.6904852816033
41597595,1189.537152528086
27035754,1579.4831828915235
94233303,1355.8248750100154
72371862,1585.069953565953
47858586,1844.9327206024884
50074731,3316.6325059773208
15840349,1556.7692792586374
27527024,1487.0097346207885
51445447,1307.8801825120386
83042677,1310.7693698085707
17433657,1419.23585831623
83477453,1975.3861608809227
58980418,1573.9145310121262
49038207,1888.869193039036
35105997,1369.5640047925954
88328473,1967.1678834307459
49929992,1955.6942410679203
12057690,1789.1223413013734
22485986,1969.0868148852965
18944255,2395.604422570482
94296460,1497.2303877821887
15325948,1686.9968466356138
80036637,1552.6501848884125
63707416,1556.2262450541273
33357067,1937.4344749628076
76260292,2027.2125678030086
88542794,1768.4994954484384
36624049,1309.4736250335218
85370002,1495.8994795596582
70947321,1513.8800210036807
86215831,1156.9369489537767
71799918,1580.8149596053202
70779429,1632.268414314353
28177790,1172.0680741199997
33416701,1653.50727244115
32210074,2487.0462215396897
91177225,2148.187996401473
62230096,1603.1400672064979
27830922,1294.3847260250004
20292159,1645.7106802932428
72135125,1237.0223250666038
41060839,1818.6955705127918
14610723,1434.144610194628
40291165,1782.7827751538998
76063806,1830.3467037571647
21250419,1834.652417399395
67512417,3285.9047244431777
33443292,1508.8357695343593
33660955,1377.931922878579
33504001,1337.2497880980577
59014872,1284.692727992263
48423806,1247.2859257890607
81227220,1258.1980845071287
97904600,2108.014632138495
80141558,1643.8220906296349
13290868,1523.0279009782707
12913192,1291.1152287309733
94144440,1486.825772748807
53033174,1862.6984969503578
93735706,1528.6964174970738
59909555,2359.523090430924
99555121,1509.3982489467612
13256013,1364.8788401096638
93540353,1168.9597733151907
97837539,963.1922773609863
35669129,1473.5550462610092
50012137,1472.9606576451538
68173579,1540.5953713833978
59440623,1299.851664941433
48714672,3473.164386873764
86973367,1360.8149978055171
28395212,2040.2526188591132
50017530,1721.3380677200876
48045601,2996.2452098205986
60427063,2754.412730621885
49061177,1626.0363558716083
42896715,1350.884862287777
97451418,1854.3960697621128
53456411,1147.8557829016636
99184358,1065.7845374586914
91879007,1363.6749135424836
76424273,1309.483290442517
19529774,2326.989691560444
60604201,1285.1359806875562
96265561,1620.699555769882
84388943,1764.525956930647
22143961,1728.1794417828185
14880373,1528.055705863101
98124884,1224.9831611963962
23434755,1148.0093836136111
36626131,1392.7153726835086
86172967,1710.204450874036
89507826,2335.3192002687797
51984404,1116.8918332075452
21328430,1590.2469402810077
46133239,1329.9038240981495
87118588,1400.2225940710816
72466804,1415.377027757055
90243251,2263.0181846070204
31491219,1822.0266409328347
83702289,1931.2456580442272
78369132,1324.7182698277288
12074272,1316.0365425995287
77297832,1732.85579285165
91732264,1673.8177516629369
51116865,2011.5397835403564
81826443,1869.3356407203587
26192585,1500.1014558331347
72261842,1367.1458981088065
40619619,3220.3183375933613
89999631,1007.2794734715105
10490133,1509.5856321534059
90054183,1042.8525620379378
62212383,2148.695886162667
19863611,1694.2201144285905
51025893,1277.9136485545882
83280839,1041.6441637434093
53701664,2092.2300883162516
70474564,1794.7312839746555
52730115,1560.322853236545
28945671,1387.4426650463367
76905104,2186.598986849549
60340609,1425.0714579204166
14262244,1214.566026032188
86114877,1731.3182340431724
24582504,1683.2683364563447
77544375,1381.6794631478558
18212637,1575.7661084984643
31107635,1238.604890217095
73185236,1139.2944749347014
73413665,674.4421724444933
31204532,1665.2125676334715
16646519,1261.7986664090042
59819313,1365.9628318593857
58041963,1519.834703873655
73177607,1519.094751268235
65489959,1862.5878491743695
53892134,1903.4756264202435
14638825,1791.79559089336
61652212,2291.094622593038
69208062,962.2399435189672
98205776,3015.5093365495127
91953270,1636.7529756768217
95708788,1109.8813963242071
71079776,2100.3380655879873
10948901,1332.5878366567304
79084173,1344.4546745978441
41410746,1385.3808098258776
50927968,2345.514710201983
99511873,2138.3229168375583
87562260,1408.5767503278603
48098997,1591.6215155403984
77592143,1726.8928361077217
50298301,1261.1763205617667
95160336,1171.761051270188
13581567,1119.8582115171737
76106706,2475.361926121801
53880590,1714.353906118014
50270200,1882.8243581085273
13098948,2262.2412303518427
81835258,1092.0813396008812
14238786,1524.4182312476196
65288499,2130.908283406687
29149871,1762.9805873782248
39551396,1540.7207104771671
77375335,2101.196100619592
14384374,1355.7512355276344
63368293,1694.3895739633658
25141477,1881.6606160589351
37822276,1364.9156806837352
62473299,1751.4714702159772
90467887,1744.8470584344889
62270028,1707.3429595691248
62101686,1460.5612194314244
51642126,2901.072990898294
50281814,1764.2817098214307
34969698,2039.9410369645734
46962155,1898.0100305671608
17638609,2025.0247277177239
59977095,1064.288334784599
75196820,2057.6202826300537
65141041,1519.795762529362
65986306,1935.1036857427678
99818911,1765.6968366836084
38328534,2201.236958504145
31204739,1468.5702686666482
53082885,1126.8543566536564
76244528,1251.967816886675
46394887,2395.5819339025106
65939511,1580.7712519270167
96048217,1237.3613973852357
60425489,1292.8125140964228
69419323,1742.7640458692201
15008203,1639.8472299822636
70058997,925.5328337320301
44067940,1927.9921175162774
47031542,1629.751541226999
28929546,1755.838473210144
34548603,1962.9097114582644
36515676,1186.2727002652784
42765717,1591.0100919933334
60296558,1768.7178018989766
84332226,1547.6299312966912
76539663,1849.7586023444846
73504572,2520.1035095665848
64646486,1794.5511063318825
28262602,1547.9751405142815
74447096,1490.8367699711712
23247586,1297.4489157109033
99044390,1381.4333204848554
66743385,1488.0293755836165
62841747,2351.808917619823
98271312,1450.3808366796247
54969068,1889.0739653866758
49548078,1704.3086129128553
47147429,2057.260135076694
46113098,1418.7419402432765
52623517,1645.2186342933198
43618531,1887.5446146019938
54174309,1049.7429505919238
21908078,1539.9985488602924
56753065,1432.0420221753318
22723502,2728.9357069052526
88620530,1066.4629235858242
38560702,938.0186190116752
66126723,1193.2356084326052
24731893,2474.5931970959036
19472558,1319.8730839523814
44766250,1330.3356329255007
75919229,1476.4737546445263
27459467,1714.9823164365366
85529275,1238.6740678931155
88503537,1314.6071995678203
66147417,1570.7569261647916
53916103,1534.982208349618
65299077,2178.658425570506
82070950,1084.2200570922728
69058105,1268.288080109729
89985793,1869.349751575943
38430174,1645.4593694550242
24884771,1172.1537817402211
37414962,1812.6350403500032
35739187,1320.8632424037714
52492779,1862.7289806061544
70409358,1783.564329418118
38452011,1517.9131694525788
43879270,1086.7442348917343
70351120,1603.7060024331718
47671157,899.0700311401315
60667365,1387.8768090700096
85223481,3211.0089792227013
83739939,1733.829018188874
36389934,1460.3008244890639
84194560,1383.8971934818398
66937745,1805.926640135901
82520946,1617.2399156491656
52339932,1105.523970978149
19641281,2073.0959869282397
69795343,1867.8770114072047
99135350,2810.27799103496
27549583,2078.867006537991
94476832,1142.3354421199717
58221865,1846.873250816576
25319395,1984.3450490318692
74970303,1425.5650266362734
10305170,1117.6752129272027
82291258,873.7866854251375
81383048,2153.015365729537
79987158,1237.0753437048618
13533229,2057.878129094666
40426833,1851.433331357001
79077516,1243.1241791447308
49738320,1403.3541111912707
51126693,1839.9473392118523
52635836,1857.6093356493657
46715477,1573.739172283488
82258908,1885.4073577166125
56878285,1848.2659759754495
19130210,1656.5432473410553
92849186,1844.52036158094
24338810,1803.6115367555628
24758650,2205.576882468994
70913184,1862.8104527541095
37987399,1362.9571383772416
74913796,1292.1301131524601
17667485,1587.0553162073863
64222955,1137.9948305940375
96958008,1525.7025193829088
10416049,1742.878766953247
60398901,1067.79577642513
24738469,1756.69260488978
50592747,1867.5857391091245
96289055,1114.000286644551
38420705,1235.8594300136674
93968498,2369.3212216880793
79579077,1051.4107979351245
66828068,1719.1701082664895
96166759,1859.992613066437
32805078,1294.4470474540217
96021280,1536.5994097647374
73914137,1230.8628042234723
38819078,1533.3934810679043
26837951,1282.2766545499564
86644106,1458.318230846575
55183461,698.6869658641863
52422099,1013.6569078916206
83190904,1570.4709773485956
80939883,2001.2419006386037
12388368,1388.95876930415
15537990,1264.2588658412567
52619092,1697.0753772749345
14251589,1843.640750125627
78390765,1507.4275075781345
43497859,1953.6878214249111
18381852,1625.350729492004
53390528,1258.2427683569617
32023086,2065.5243657807064
55881129,2011.0763120349316
56955427,1809.9992774286857
78797526,1086.3739095474346
81441605,1848.3635043013805
49418138,2498.87136366643
16343356,1592.8499902027454
50953620,993.3555702391563
80530984,1475.6482535717562
92363214,1295.8882920697731
11505021,1004.4617612274477
10464949,1937.108438931812
40174242,1269.7414735340021
46922794,1155.910014167448
31165878,1665.8393487367387
92160351,1750.3571424022118
97225599,1363.5478370042106
57289385,778.9712770844915
10490505,1349.7266205650903
40593414,1476.1366430568276
69535718,2144.792621182947
29927353,1342.131585907303
65834728,1360.7467969523893
77297694,1200.5503934530775
20453767,2140.078536087496
38742201,1941.4716280078776
44178016,3316.768578804902
26155961,1339.8138674340444
85037563,1427.966608377721
13481675,2178.368574449594
32710978,1903.6333844192764
42008191,1404.9186558232796
13117186,1475.572014475855
32427009,1472.219244874735
77926757,1569.8759151789832
11233435,2089.354873956405
16522541,1338.3374306237947
63770815,2032.317355478632
77164558,1370.4273787695522
74405387,2189.9101700105666
74698287,1439.1034770900364
90725998,1764.4319651998599
24204802,817.374179149431
89034765,1872.8723880820469
34875172,1398.2960693320822
74411316,2323.418098849631
81157871,1017.4718872670072
44232316,1778.1389252917886
48083558,1734.4634236841357
75280463,2425.5154728537686
11329117,1854.4288581409712
67082756,1381.852385653006
11237434,1187.9460390692077
69921139,1346.280623601614
68448780,910.061825322962
77761059,1509.7935223666739
29006434,1556.281681675657
30190038,1646.9335973020964
28376932,1709.7064778617578
39355382,1390.7645338865223
42494595,1660.2857466253986
16756651,1376.6565724608156
78115658,1423.9548709950514
27261411,1824.1170287725913
71919180,1652.3767975765663
99090920,1507.6034347598365
64351618,1803.0610192895629
88658759,1224.2616006660583
14195927,1567.7636078430767
63820196,2016.9559020029478
23866225,1775.3540124599635
50484100,1920.393761934834
98406048,2032.0196076675074
64139858,1529.399200455316
93302980,1494.3201395061292
62155483,1794.499659155509
69791340,1738.2464398829031
19631546,1189.055254269568
26192431,1850.9485104853643
68268852,1192.7084781452813
14862183,886.7369794068368
50141937,1298.1208503938747
85256282,1199.3833966446307
11027564,1737.3604874913735
51577553,1696.1280902423289
77132573,2073.93785117348
55254268,2673.8319887766284
25529214,1408.399710875839
89287048,1305.9857764886272
23253967,1254.7793963931308
22644692,3449.7066705885804
32245140,1176.6907386241555
82072504,1507.708853447953
34678460,1385.3351942596034
55373081,1623.7014189050374
12138481,1543.5105148488533
23632970,1930.048456486636
44285474,1180.780860756131
88075177,2083.784039908849
13117787,1555.7764104505395
14797111,1428.9766234322235
28697695,1992.567746678579
34748486,1591.4623998381603
30506810,1438.8534486314577
57410372,2078.998765507944
28776122,1154.7845802420404
18346451,1624.5685516951683
29932007,1501.4647514599046
82654800,2126.8732736738903
67038086,2056.76348315405
95282943,2056.694846537451
90723621,1507.0963387787954
37760202,1652.6547325363956
97077656,1567.4396719697986
67823833,1059.1526512541209
25222231,1801.8090778286075
63451552,2181.22214750775
66552053,1764.8530321354451
83488554,1460.7699074353266
24886655,1804.1031214588415
83798512,1162.1851719191257
46152763,1031.9719694557384
96015866,2458.438696862781
51731151,819.8986728922205
34899750,1707.713871805638
55529926,1392.4054787698133
95405536,1220.8994178136968
29288544,1497.0444216042847
50076589,1427.2718985752758
37886285,1425.1084993408183
69818934,1770.4546068013701
13957412,1371.1742302539071
27493225,1995.2188379560105
81186892,2072.8302928368266
72734336,1036.6838852921865
20148129,3600.503807516841
23391747,1034.7978381088976
45833590,1161.6493233900396
85777842,2643.787990372806
92975129,2277.745338160258
33382289,2666.710491967172
95953281,1248.379673442451
60074802,1875.6743930739917
23912733,2111.010879111478
31346779,1450.1801010898323
25605125,1489.519987603313
96288207,780.9810375311699
44535745,1594.2682929930934
16008313,1559.062407380683
91365542,1234.1779769846498
67385764,1055.927443685154
31465116,1777.7365824874976
99474816,1297.697930744211
26141909,1541.4352304868787
72548314,1689.7426512470383
39043955,2170.4688672036887
55963655,1290.7555254112606
54632315,1749.911843690274
48726285,2038.6929788080113
76251227,1784.0347737665293
83562410,1352.1880880088022
93775374,1526.323655180693
21446329,1497.7158506327232
37345001,1539.3587754199166
49628614,1444.96679324254
35767914,1623.9728581700829
10876536,1201.3365483091845
47339936,1238.0787065227946
89347542,1778.021611858001
22457603,1784.790090609283
77199929,1419.903715982674
46378399,1624.0260680078534
70602262,1570.8888218169006
54666534,1716.7475149643376
56421405,1576.7550086508904
97652177,1632.9811440764188
15442637,1445.6373983439273
92360497,1752.8803370374717
16847908,1717.0315640688714
14220385,782.9373665897913
25905603,1199.8313549616644
58331647,1125.6635287792692
22292196,1801.288929016792
37237832,1276.1166951348455
33009500,1044.0576283096027
12533428,1427.032524896973
46939545,1845.205564616206
41868505,2336.8624335574705
75616535,1911.1853550427434
73878512,1506.1772377740062
67270933,926.5969432240591
98281662,1144.5687182186236
66553316,1228.7817029230791
34303551,1592.3523459179223
82645628,1144.517635477412
57257821,1859.4111016667987
21288888,1835.2346576393463
85963653,1286.0745959650906
47876249,1102.5690549375288
21439489,1168.7470213578658
52566254,2335.0118852302703
57084214,924.5051805408146
16925768,1262.7866066511408
32782035,1859.4617315634964
31791186,1176.0049973186788
62797819,1642.953194402857
35384978,1338.9536347273909
21945105,2033.7204459788181
81557774,2243.2258423773937
85407739,1440.4685404202037
86085126,2095.8104146401074
95296354,1459.5298993759507
90881439,1616.4680004634547
30757344,1811.1186114437269
48457713,1499.8843904687142
89571542,1578.9083259765468
94067050,1312.3391511584996
48271561,1512.9668702068434
69357732,1352.3943624853678
86325273,1092.4386239553571
18152649,1553.0616663959283
33899410,1771.5708565386228
22781669,1502.7249163647598
17283281,1174.0522956173245
51785872,1447.763634960297
33104833,1981.9574006153273
91682435,1301.0983425217019
70713314,1569.7176476964294
13110268,1094.707570396743
34642793,1374.6412122934696
41694899,2193.731343692701
86278349,957.177400336369
11717089,1164.8586502026017
59185456,1214.2491084254416
59344396,984.822696273345
89922228,1627.0330853864095
62027210,2176.6927004818485
98523447,2315.0228617180014
77330146,1966.106806300838
78386939,1760.3605646904125
66831282,2102.1468556651403
17596778,1468.699112873001
72290481,1176.8258560946633
31606355,1169.0531586551926
72940683,1237.6410771060991
24736121,1330.7193601760462
47814214,1642.135465771759
39410982,2423.89245401793
44151940,1628.8805969729558
65594908,1405.1135418270953
79125454,1156.1869131394258
50322107,1481.8004575446187
76200003,2307.6581402931797
85059302,962.3680869986026
95450721,1682.8902868760351
93253826,2070.7603275547635
19723778,1052.6544432661055
35980406,1490.0032064939512
67285479,1344.5616691781483
68864075,1662.9919213796582
37422791,2187.5078580957265
73798025,2037.5218255717816
97232135,1518.079663678367
50064513,1474.5085136238927
75638682,1141.2633289688888
41937405,1586.9482522139522
18443662,1495.518300328634
68899727,1966.7264283819566
18388313,1792.545813652533
69521945,1368.6891832433623
31596715,2404.7102152998477
78472605,1753.7703338459207
12713963,986.0640220624379
46768823,1337.5658686344034
27538097,1157.654848808686
89955366,1640.661374154047
94081889,1144.9873626404096
65214899,1353.2773023728207
95205973,1952.7409402840055
83140994,1475.883082113059
69014391,1835.8880955117916
66919280,1268.6775893584122
86299194,1763.176173543546
14394397,1458.8455020037907
88465251,1897.5718520449868
82447513,2539.1374816101807
90676745,1336.972589737469
61229086,1400.1405504320091
30557316,1115.4119809767378
48578361,1706.2082428151575
29085329,1683.5134119072832
99539415,2718.9259920327086
33750162,1559.1206812991697
51880900,1694.5346206578565
81942693,1338.5507894804614
44828087,1347.019740516091
80752087,1342.3447783471295
99218652,2986.0780951776924
37433425,1052.8762710965689
39115683,1600.0123830884727
26601986,1342.0219079575702
50469308,1268.2374279783025
69872975,1103.4970411762934
18483245,2309.3392894686554
12588982,1376.203430740288
79454705,998.8665160272611
76523232,1268.0590191906417
96131595,1930.2450787134858
99680250,1346.652012320041
82622915,1313.79935448069
11290284,2659.158081765452
80057162,1540.4051063510406
72165316,2348.614315176279
79751433,1240.6924006460024
33215554,2724.7268542662664
42852506,1327.736555786371
56093872,1344.4279143126948
64167041,1463.6623112560792
83380458,2052.168858097981
32651438,1440.9839246531094
38364846,1501.232964975623
74621857,998.9761366357922
62748794,1790.7233137622634
71435421,2073.374960551896
76163868,1807.0129008692245
14677956,986.4602603342008
48283664,1234.9403596024981
93787027,1342.7615646802617
75353617,1363.6077338513833
44130726,1764.5670435108173
75634285,1641.60300990105
27969925,1501.5557398633885
34662422,1230.98591811287
46428766,1004.1089344922932
40279741,1797.8259139307108
58991338,1690.8709850462587
52295288,1180.6913041188716
25429358,1311.9189533966949
91223525,1465.396711597161
80429592,1452.5332249388948
36010937,1160.7697911470648
61652867,1999.0784518963042
34655678,1223.2310529714202
32281319,1194.2190969663486
74717544,1024.3782894360272
81780208,1232.1191481156036
74117270,2146.2327111444383
94663011,1738.5567162211246
18715534,1781.4759962094156
89926226,1453.4159588998896
31441075,1905.4993278505196
85656066,2400.054197068742
63154501,1415.8130936440948
56954947,2224.4266007376223
35193891,1720.7111514714816
68045567,2131.6520937034893
75523548,1835.5523410880423
80044768,1310.5909651509087
80565568,1505.86085637152
58680458,1288.42152227428
93434632,1341.833849104286
38164915,2077.273395058834
39561694,1622.4833307515057
23940974,1971.5198486224238
66689621,1781.1380755796802
91586014,2982.157182310209
68610549,1873.7184864134615
44648566,1703.5902057845037
68443861,2605.728700212153
95300751,1398.0017576567743
74650313,1423.8529516895092
78190939,1822.2910146370136
79583687,1452.5238092436878
78744133,1386.7444285801175
19424377,1088.1991198574037
74426958,2324.530656079487
30714675,2076.1987064300656
20297631,2516.870580320057
62326689,1775.3500012666507
72851226,1993.1478353361313
94924877,1734.4240263594918
39912297,2010.7292040542063
50554145,1048.3346317993987
51964385,1230.9367720705327
91524053,3002.31864629732
67059408,1057.2180239655622
13707505,1826.6753549131265
96336923,2308.544444357856
18937921,1321.7351049501672
23247466,1948.144027290578
20718626,1228.441142737724
62001591,2689.844781649606
32183930,1853.9021580954595
29520078,3320.711233906398
20246948,1556.251480634631
12865925,711.2071323328722
75414040,1656.2550529753867
29805887,1883.4740153132836
91828173,1407.218280055955
92911827,1829.8041481414186
21259879,2209.603180588185
27730704,1057.5914579340522
10805384,2554.1795222963474
28772124,1441.9946638858053
67895243,2120.6243670511253
70282510,1844.7578556208277
76926492,1412.0244274507725
56029416,2906.912217717259
42166025,2179.3839682468597
88855559,1538.6336468760833
71679738,1263.0767792631232
95011645,1282.43568486382
23391388,1253.494184631617
97276431,2006.537138758237
78499453,1912.6669255058953
50845143,1609.4111236285526
63593365,1694.5113558793846
44645094,1374.3307407108025
92805008,1416.9398765913083
95966284,844.5215386414142
86968525,2072.5024069345936
35459557,2899.728895901475
16959595,1865.627722772498
66852864,2246.5554667644783
64976874,1201.6777483305314
90803282,1894.099891819935
32597480,1371.7873994738866
22525205,1316.752535078572
18357388,1528.3699516165948
55224009,1430.1086990676936
12066751,1376.578858758456
51600054,2435.7839806386473
33097870,1896.5928639176288
44165189,1743.5710455390515
92174554,1809.1823174958322
75685484,1767.1636461409196
79648156,1104.284022289105
34473914,2275.3548428123318
42069298,1098.7859311162042
24749467,1293.6191319549846
37024144,1673.0822423571315
53463208,1562.497113055945
61035399,1182.1795817640334
92975059,1012.0249484205217
16258293,755.3606157759779
80353068,1140.4175003658515
69637564,1475.2753188400854
60889557,1721.2698268812624
45682120,1483.943454754537
62566155,1546.2959704603188
86829598,1343.1948124580952
77516810,1689.7049917828792
32602883,1527.720849007744
99658649,1649.5447480593018
98115366,1594.4917439445871
40551984,2168.457076681039
89171680,1604.989830523414
78104461,1327.5498030819233
80805720,1896.9711064103637
44701781,1348.297394041842
32357693,1300.0474539975003
16257080,1960.6342438994297
63758432,1570.3788786891728
86560064,1284.7451847553525
76704426,1420.8344521892138
29021087,1862.8316579958391
30903210,2262.222266572034
59650055,1994.1490180756136
16537007,2492.596802848129
44043751,1339.5322128577832
93550246,1148.0912360598259
74795536,2047.0507529802892
36252893,1643.8523690951263
60712266,2171.489740894939
54795015,1796.7920696645235
59038432,885.0984080031786
53101267,1293.138418666866
96137757,2620.9478930953037
61894184,2135.4435546546792
56980533,1380.6072196816463
40911725,999.2078718184711
78253728,2011.9468744152457
46517280,1054.088814600878
98578100,1646.0175589851294
92998542,1246.9687494513403
85778453,1477.9974297441995
67897199,1347.7201625903222
37385434,1388.221131846323
29978687,980.3766816172893
63462293,1731.335959745852
82610119,1550.654775167734
11195863,1789.9061065155793
22813157,1541.1276180614805
16061850,1549.9124880004595
25000757,1391.7005852313416
23839386,928.5460275382206
62901003,1858.8127101090358
85332734,1934.4397209831802
41185457,1900.9941335171077
32349244,1343.444257989489
75213525,1947.2843237465565
24267861,1153.5726979975748
80759464,1805.440376562015
38052934,1474.7491388767241
36983078,2358.6930722362504
48438532,1155.606664645325
98811621,3030.231346905673
41602835,1286.0318217964452
79191702,1542.1789313253012
91526426,1410.3323817632538
12436955,1474.8661146975296
35460655,1011.295767412485
24893618,1314.0596028930338
12318894,997.2295683021637
75385870,1665.0407072872692
24016887,1754.9770277558296
93798376,1461.576494492056
10041197,2009.1823355859015
44196192,1059.9296510286745
34259961,1897.9533842561796
79360399,1490.621138258205
90648365,1814.7971173363817
32784142,1234.4505051886117
88014206,1816.1368788408497
47541115,1956.4299166328822
81087277,1397.0548041388743
99414879,1313.1968060599042
96312378,2019.5205548038643
45292998,1760.2386722280448
62464969,1132.3470945859622
89056154,1663.360204104738
43815757,1271.4705239437762
36326737,1115.8464398771473
66733240,1166.290804158347
82154113,1066.0948924222685
75774127,1264.5176938907157
99633023,1900.6170403656708
54243966,1528.9032743916503
21507777,1409.300097999095
89526022,1193.535801592849
35342783,1549.2517197592433
75576574,1647.3932123055263
86207238,1617.77623658905
11999604,1234.4684138123005
64241630,1152.1203256942283
49681885,1409.7809690270956
20476163,2119.781967952155
82534020,1339.3317393870266
80449403,1387.9237708729422
91978419,1464.5181488244918
13134274,1760.506796959782
30921031,1182.373411014148
35948510,1078.0602734687093
37862013,1054.7254584694945
74364264,1619.8334972454695
73089121,1669.300085922104
71120219,2102.11564845615
81357330,1652.7302134789195
86696339,1724.4658896724272
32694372,1227.2212348139624
86397240,2642.6666696200764
75410743,1725.6079198029047
54107967,1591.9942958537088
53182244,1241.12423626541
84949062,2252.578630668331
17578514,1466.2532984876646
66553240,722.4122495385689
78244783,1119.9207694469133
85750494,1388.1640450422935
26835204,1386.1198882161211
25568634,1627.173208946474
62833472,2111.235355380322
89441409,1909.7346862792783
30957350,955.8003348141358
83492659,1071.7222656413949
14123667,1490.229749990731
81332426,1265.3848141899814
75963486,1397.436901729659
97473965,1866.0846222134085
52550411,1042.4172536822468
38852859,1049.5118838914968
86945814,1728.587690360649
99213841,1983.4138601316185
93296884,1749.1096038019807
74681265,1305.9737526582087
67628381,1895.9194678793428
53194004,1808.4784925356155
79129949,1291.583579846124
21417992,1484.5389702291882
65584374,1982.2773027674218
83994457,2596.10875607511
79552394,1209.2926088996262
14169455,3482.5576916134546
11006346,1632.4761912896113
55920445,921.9221432255234
42183979,1769.8268825832931
27236753,1968.6425633410831
38623845,1027.3072614332962
56539617,1467.1596055173086
89514584,1142.8324700970716
55800655,1405.834681339683
95341263,1495.137602213628
90170967,1185.6510505025353
25603899,1696.932584944881
80752063,2090.5523827614547
74272993,2110.759491539825
83204984,1340.13790598998
56041749,1981.9674261958985
99929710,1469.5858750050372
24093076,1275.213975721348
76171771,1570.9652981330623
87313105,1879.736210223616
13150529,1804.3416755310088
85314779,1949.3394833791783
23218937,1617.8742495932465
15797769,1327.6475974963553
18451890,1191.4474689268486
23712138,1319.667281397337
40201741,1454.5371206249047
74044702,2058.618152869956
91758728,1506.2588722460257
41605529,1585.8843134553001
30345669,1467.9109571181268
72490311,1487.2317544424368
11341429,1521.742849791094
86562367,1615.061490034307
65741146,2380.0436079302563
28059650,1628.5625179272522
36854120,1397.4684507288982
70514815,1515.7118955425628
28991223,1980.4595726992595
34210782,1834.2496102391806
97420540,1701.36517202285
53582966,1854.306402111014
25471995,1372.0566455875394
40521306,1504.042788840335
18442744,1796.8200072496356
86475933,1947.6226032579445
35156621,2001.1733236258237
92398280,1576.4634333916679
64419847,1621.7039936514436
27879667,1814.9231858569626
33454324,2162.984147130353
78234554,1346.2881321286643
37295459,924.9983339801648
76464828,2160.8871713969593
89898019,2543.1145046645333
94459827,1839.8583306488683
30672049,1842.7790946787418
93226295,2182.3491237073217
66733496,1071.63840495474
24799537,1699.6801659839414
30909458,1397.4618441046568
20815913,1599.3135901356468
77231006,1120.1182131246705
63770561,1242.5952776712006
61281100,1845.5000396626115
25443496,948.9091826544438
90941407,1206.8280377277017
85217471,1904.3280038684468
11330523,1493.9963867216002
60135515,1425.4570502354343
96537329,1664.010224064078
89713236,1557.4691265424856
87856838,1934.2443215763553
68427758,2276.248175419269
35697471,1501.8074359431937
30758105,1848.3007312231534
66828597,1315.3604672401636
64179941,2756.9747774117736
57531913,1590.739947938431
82276369,1612.7565907014362
33117908,2214.9848786763646
23807930,1672.8021085785824
58313771,1366.3233842409586
86361973,1433.8086198912795
54136725,1185.0576165321254
80609057,2042.8453242919427
23386046,707.6810681326042
88923790,1406.3079480793058
50739054,1503.747912798638
85701835,2673.635929266509
11164690,2176.0047535148287
60686704,1427.809457538605
56500955,1326.434464666706
92377094,1203.5798774451887
27377686,1220.097398106586
14820376,1382.4275978510245
24454653,1951.61672535687
49068691,1463.6235937447173
68870887,1615.168443519383
40404763,1605.6344818894765
53993271,1550.1450422962737
76624283,1525.5407156619356
84681113,1455.8449755612855
39182711,1450.7958317593834
99418549,1583.371309404285
54009403,1052.1924728000931
15732665,1321.034758996476
21105712,1756.422513515707
76841454,1211.4983966828477
77456803,1366.7601262693795
94681649,1792.7416516915446
42127705,825.174630810081
86327920,2051.0218224595455
49706768,2253.991626607628
47210863,1876.7470652409768
98862874,1024.6691076347847
80625113,1639.5430138749925
13147967,1392.3398836935278
79644262,1933.0006709698018
40821766,1145.1451807879673
38964351,1434.3567503356621
80037468,1684.909054324756
10709528,1383.7210597205037
14006566,2819.9185416414152
84355937,1112.8174140805622
68139676,2410.3197305189306
51613745,1477.1182847078258
77042505,1880.267223227291
35307179,2342.2015653474828
43137990,1390.3010903736747
60366178,2040.9598010995705
28449137,1664.5129270385346
54714633,1109.1801743705362
86469326,1351.4239548473183
81392986,1836.4842401951607
94816275,1355.009687017246
20992851,2222.1283283282555
33220037,1856.4566485621192
52922027,2098.3013812862973
70522751,1858.0530735696552
35179027,1642.841135435869
11006610,1422.292062689058
97027045,1485.1659237117647
60842426,1505.856232916695
37962781,1697.1817584488813
57446778,1298.6537798802703
46803142,1764.695032470498
96412152,1382.1212323996726
41948607,1403.8561460326464
30401183,2360.959397461462
82446721,1473.6078572954946
98640166,2394.788012722772
16426411,1436.2456016959586
40919986,1962.5151319851745
34959842,1377.552848337217
76545890,3335.8838761835173
38671669,1871.4503322816734
74577885,1789.1661664492967
77894868,1456.8569968307822
44132106,1294.7629636646118
13303745,1113.7412836246313
82202428,1095.2254917045993
69359286,1713.6557874542693
49249118,1807.2971280602774
65186472,1908.9612992717448
86728284,1258.6769426875921
89113200,1816.8318885212927
64085288,1177.7794019827409
83095293,1710.800965408973
55834975,1756.1388468491475
12408851,1535.489208110057
45102161,1483.6246047120194
21425066,1234.4187366776032
49253416,877.1263594595624
91720337,1900.8323967680758
38125202,1460.7371330876506
76716879,1542.5697467884625
75093314,1047.4410418915415
94720863,1251.425737807882
69306868,1422.5079425258891
78783123,1649.9987043169772
31503266,1381.6201929551812
51221256,1368.4908099723116
36978860,2247.813576090548
77102844,975.4622852177439
85218856,1584.100667474886
64674000,1476.048732125225
71928536,1476.4422956776584
71632516,1656.4374385539616
44645677,1539.7988995921103
27089889,1906.2965166763436
85001254,1976.5980472087078
80789294,1467.1324248635865
94921905,2202.7857210735033
87557595,1605.236272904238
27812172,1147.6892291665954
70326518,1819.2137346253376
76820242,1289.1639385705955
37798149,1493.2302994142492
95689974,1427.2570619594358
86698149,1555.2692966837408
82332389,1466.5958507258156
38769988,1152.093511855331
62104171,1364.471739023902
20008764,1368.3923681086762
88250848,1011.1764139598766
99989436,1782.73309522897
20654244,1508.5950065163725
63645129,1484.446879840791
66237213,1196.9531727821402
89366030,1705.9009820535325
43885604,2896.7807963359674
20777495,1757.8067477222364
17630232,1703.7729746467985
41034819,2054.0488192512357
30863558,1544.3259807633817
30990096,1523.581361761944
14528263,1116.8376971479086
38046616,1881.511070444156
21720690,2064.0564123064905
41971276,1201.302041775696
81966182,1464.8846587641
81876034,1221.9605057158913
23233042,1204.1295828313653
59959368,2364.946252693623
25429816,2046.6698081112042
40884180,1365.9259653964943
88955672,1480.6464416851848
43077536,1714.9989467336884
22541133,735.2720707769554
98515757,1917.634942442073
96170890,1547.8512597034392
33994765,1263.7119393816217
91089578,1766.586099417834
38840418,1765.4707241017795
92439017,1370.3002068677729
30192634,1672.4344681339628
30769461,1366.462380264892
80205723,1380.7172063398534
55131937,1894.0553236758856
29185681,2972.3054869544817
80773149,1330.9391169967973
84757256,1210.4752352063274
81505232,1309.366371384711
57555020,849.9999364861766
70106520,1424.8138826761863
43240131,1715.7553411070628
57158414,3226.4105908242072
63966023,2268.7143310319357
46075950,2253.2895173425572
47516649,2152.1935068116863
57203804,1630.685056568843
99285503,1448.949358876727
23511969,1113.129246752256
78376646,2090.773465570567
48884000,1370.190588770369
98727752,1230.239878493541
82907215,1914.2891085356239
72719170,1441.3590487318536
39149918,1332.5727797229897
85435767,1509.0315426831587
54111802,1926.4330143848063
92599919,1290.6664540199436
24226064,1639.219315235707
96829833,2177.4066483124275
27301621,1290.093734776027
15887246,857.4403479537076
51726302,1109.9813444577328
51260265,1746.6810244428748
45934883,1481.342665880797
97289930,1722.1063656025963
42847093,1175.7468312770225
13695159,1201.4445393114797
21664737,1303.0465139430307
72162540,1326.0032106080796
45972276,2061.515619804636
71222059,1615.130528664614
18901787,1291.3840202382655
64794868,1417.204314257008
96040179,1258.5884085889859
43891507,2165.6479927464466
94649367,1285.9732168969883
85490151,931.0637647039956
51948440,1120.4030667540826
44237958,1040.617326948101
97658202,1283.9464855699846
77699657,1192.49746336737
23252427,1519.4158857315813
10697423,1431.4844739172186
99095154,1661.286195400756
86344123,1520.3830624014806
32740825,3031.481929467593
39699187,1512.959088431664
79334316,1295.7752242810923
13862142,2279.538618850811
95022546,1303.2817374161182
85671131,1490.5543567729214
13946093,1271.3870379282291
71911642,1579.481406419924
74557358,1693.3599097451092
76424216,1736.8964454624502
60569056,1254.6337738631828
21429356,1605.5373188981168
37147011,1191.3921847173783
22363795,1094.7308723122344
22711721,1033.165117555404
32781826,1607.8680352424728
79919377,1518.6430374160855
95950869,1073.9741247517807
67975454,2007.2711732033583
61846310,1948.945557758444
47190136,1467.0790625396876
72140487,1716.7165854910054
33356353,1674.8144430570399
57558815,1603.8308108973638
85765913,1852.6419807126058
67405346,1323.834365740237
47178751,915.3355389952943
92743619,1256.48073023027
67809997,1682.9434420171056
95649734,1598.371617921138
35761786,1695.8027613583245
20333506,1036.4989197774269
39856656,1755.9290370219503
80659941,1949.323131269157
72539676,1114.6871752233849
34808508,1516.288671649309
18684795,2054.082860168445
60926773,815.1062663421577
25343604,1549.498546667241
85280076,1283.6916828256767
51516725,769.9755810077706
54359603,1736.0844787561102
65763192,1830.4465367402538
53926540,1247.7014725160677
77237054,2359.64909427617
75498756,1751.1712204144485
99166662,1155.2405764493521
72410551,1188.2613207542636
82923327,1257.124425481596
46066488,1467.9720898370026
33059137,2137.359973435791
51480279,1178.2073965325812
19373977,1296.8961306766973
90715980,1249.4361712858554
56492794,1328.485543595779
46037369,1241.036387140757
22743995,825.2238727650804
42553042,1308.6005979001236
36975311,2064.8564393686306
75351486,1181.9172827959676
30981897,1636.1157933855156
35580501,1848.5038472393483
40483549,1147.657544106083
64819235,1518.0286307473086
26688957,1620.6854189541173
94904538,1645.6359746212609
46754012,1614.773772938831
36796857,1916.2611324963088
28461943,1904.4306165055268
14026453,1471.7108626569657
69053024,1690.1716669406953
32733126,1822.3148066124907
40931025,1616.8628849908987
19427950,1629.458679187296
84597120,1158.3830327978294
18811334,1312.7715153112003
78324699,1591.0859887195586
77953974,1991.0278933261784
27862041,2344.601803462558
37247191,1500.118564293363
25562317,1834.4710437441022
73172608,2478.631633579543
33104896,2103.3762805125184
82319650,1717.4875213214395
21799452,1421.846208789512
64888946,1852.6818476750655
97264595,1850.391390833256
10429454,1125.6522610364466
61575325,1268.0476549595494
56897257,1521.7575374379537
37059519,2370.378887205517
52110520,2734.676343471652
81197632,1800.656269417182
78041929,1494.3990580660484
62481600,2801.332133165443
79068390,1201.441169195402
35652591,1383.9577367319027
39694436,2160.854399044027
95898355,1705.3602050640359
80006639,1948.7955798125827
53958546,1105.2765688944157
58986255,1067.845519133932
35034634,2102.2276176694068
21845497,1948.657601046542
40578913,1380.7840113418624
52684708,659.2076430004064
89834641,1551.8689703229124
65511611,1001.7701891195633
65731676,1960.4479865026317
83770991,1527.081821279579
56280602,1362.557535232827
44140498,1668.0856217091464
52748496,1863.4797246473738
76136540,1321.728557059357
35483441,1225.155266037533
25193108,1723.4058301316454
27434478,3739.3296017753146
84357441,1716.2297217493212
70840263,1600.0862907757755
45633382,1863.3475510923222
68317032,1904.1820425350609
73465107,1257.7963222130409
24929921,2039.9952775692325
87300428,1932.1182570439446
69871020,1309.106880747743
23755175,1235.78336218107
91971062,2899.2106220455416
74483617,1267.6377752404599
89642342,1317.8127607409385
33276861,2392.416741179834
18861332,1347.3228455225476
77211245,1999.33350657273
52041127,977.8497842451633
95864050,1457.8163050808785
82528777,1779.8423324653838
62702832,2875.7613247464787
24146181,2023.5539084114578
90263367,1612.0373234430833
47033948,1287.4735579036198
97856612,1828.8893003716862
73014333,1332.8667024389958
46731094,1350.1588657352304
15781171,1305.5480319193678
51156245,1679.663976751711
85958922,1028.2628833350223
52550761,1064.8789496067618
15567593,1636.8173540566397
50279318,989.8254765404449
88796422,1075.398300582706
66724358,1209.6803847923377
51443999,1690.5439593624628
32661637,1431.482068605728
12999579,1316.4835590565526
32460111,2148.115644921325
70354263,1656.3391948204462
99768418,1479.2283842770162
93597400,1714.0236360755107
42968448,992.0297443102309
11447851,1622.57327826937
76146411,1704.4887817847305
86917958,1789.2598555103857
57526187,1941.2745517546398
71062405,1573.6233426181504
72847399,1512.588949807524
54891075,2218.5420995164586
89841901,1720.4305284093427
90056417,1398.3596616617867
77892346,1155.083028171017
31627402,1252.1600569966402
78864638,1379.1021651556516
16022883,2652.6418750092907
21980955,1844.5159802232333
98291218,2205.666295254833
37406677,1267.7299072875728
73253470,1366.7220467789703
80239984,2181.7275990910707
60323265,1962.4787521365097
93655248,1253.2996968116524
58796215,781.8131420608892
94203496,1742.109038934567
89472702,1512.6045221779264
29142290,2051.930746618157
71021568,1230.047575341433
69197364,2225.8010599148192
67499939,1971.8246841252694
51780875,2125.8506815986493
46941857,1496.7552386232912
57911836,1344.0170458825733
38559875,1799.6602295868463
81398050,1714.0921352076261
75334315,2496.5475144195884
59308610,1404.0756050580474
16247087,1843.6081438779738
43247285,1757.9942909402885
45215633,1640.190465064201
40481058,1742.9316719012938
40365284,2550.0832077505306
92836079,1564.2423013659422
70303716,1434.583813873982
81749724,2827.34718165678
41853820,1993.1234749708663
81440480,1685.0788125189315
84996580,1734.4924674790798
35919442,1399.5734987481808
19046260,1959.7256878640844
90423631,2139.578365892787
92961031,1951.668156675591
89855372,2022.476719362469
77816576,1927.5344317983208
12194715,1471.7967526389523
20115124,1909.0731044049376
73703358,1588.7530809845307
89792966,1677.3387734668365
43706254,1344.5156278381025
70266281,1555.0951931642949
78529732,1590.5739209586952
31638825,2261.8236235203226
58167471,1852.4844137022135
93767960,1808.9865336255784
55879589,2099.3132803088397
67388602,1658.7623657451381
86008328,1294.3945896612263
53844650,1313.0054943499176
86660948,1860.5651852231658
39941650,1335.915482875229
44395757,1722.8815591372488
81989533,1416.8383700522022
46504700,1271.9140594350397
39402032,1236.212195909575
85919943,1094.5400202171002
80733130,2029.495979898412
25189661,1527.7677555429448
14623666,1552.8191242196503
70848155,1692.1307512289436
68571484,1866.5278644623236
51228995,1404.2332467190497
49683485,1596.0392122112023
56036763,1514.3663002216451
32459332,1767.6047553392032
10860915,1226.9691630372452
43696664,1579.7894217072908
87941364,1672.635176826389
76183083,1442.4026703032332
20966309,1753.0216674324447
37699108,1640.0211061666073
55952526,1159.504462478086
15616438,1543.6956973572537
86514240,1727.147160983068
92945955,2378.4100311898324
63145934,1749.9518438199514
58853662,1362.0410015652592
79304271,1364.46577860069
24276255,1499.7185741119256
43245413,1520.8505176191486
59024690,3160.4677780772686
13551336,1846.6214219269573
44848614,1617.7541691412878
61087377,1996.8045864668065
11885900,1502.2748442984516
92535927,1224.5576031411479
21708152,1604.5786363892921
45352808,1215.8460340609513
75624156,1381.1774033408578
32001265,1259.8853115313564
20413825,1406.8812417298266
40305802,1626.7162849600284
61861688,1176.4761286073976
33441351,1493.0601734646373
30365812,2082.6927658483996
43625038,1416.212564395416
40659534,1287.5185743423783
72885406,1514.748310199457
55817366,974.9316276251737
78604997,1092.138049503021
14364198,1352.3623979281347
70814486,2646.0236109768307
71030650,1184.9615781327113
93257457,2218.9377086972604
65515227,1182.6970979795208
23048185,1548.4039700443218
64021401,1685.282946052585
81601136,1249.583408800711
60464050,1506.0064452131157
62126832,1347.654901544593
76122802,1454.8159833765635
68619547,1260.7796898393024
69931017,1863.1491989491342
52039321,1387.390315148802
96748453,1400.7623408532916
40650345,2178.9388937461763
94190496,1359.1605790017077
40034795,1944.181034805581
16725203,929.0010455981839
37869032,1918.5593820593563
87784983,1399.1064292912831
67445694,1323.8035966422829
44138052,2115.515594369417
56359862,2024.8139656412352
27113776,1736.2971306004308
73853459,1288.1224436315354
76284169,2469.2155407580813
42581373,1880.3887644207437
74617250,1201.4121202080055
29606632,1868.8882007970121
22328059,1605.3825667959088
94596005,2137.5916334948447
73640300,1157.7510093160697
52511016,1458.977045599362
63643579,736.9566120073754
73979691,1790.3050271704014
76806109,1062.9938476414486
67084872,1335.6543471878967
94616960,1103.0432851728274
44018639,1103.315842662624
10369424,1988.3965467232392
19417264,2387.2721595981657
77137301,1497.1510434116637
33598935,2321.7128870699744
81379316,1755.725068159226
67627945,1534.0984373303204
74067952,1084.7512646335863
54161507,1223.1914744731102
55930611,1292.1298931445979
64919315,2019.6360669262117
92109871,1256.1074531901954
88653847,1370.1967371213038
50331596,2206.4821065930887
68139580,1297.167846866485
80241693,2675.9182129543087
74034028,1870.2691504947663
22712040,1613.332467252567
18212521,1424.6490566931598
60434302,1562.5003399277612
45427525,1119.0532726805077
95853311,1296.5264957693407
70857259,1804.0043448929919
81477083,2209.9655205237523
27723524,1935.6685369752731
25206032,1226.1719683794634
12102381,2432.180623198296
72428170,1408.5640379280421
27672042,2180.9309703650624
77000429,1768.5942640941394
95589605,2396.4959365892814
44647376,1711.950789842855
21338536,1151.9841169216272
13820529,1606.9258168727004
24568041,2190.4049449337285
90117191,1777.414863385807
45800664,1583.307634445166
13557339,1802.8482192676433
19087413,2273.730867700771
11616417,2155.200890470649
22015830,1460.8862570309389
42617304,1169.2606033048462
72598754,1458.7808055840053
34839793,1391.494862245674
77660297,1428.4128772352487
13706769,2717.9352655410617
71694094,1864.939617793217
26712974,1173.7208101779083
11161484,1386.8481449391788
92404281,1078.0877038953568
29267516,1578.841517936995
44574998,1561.3854307201323
66291057,1044.6563661193832
13701175,1631.658271371885
24177160,1851.3410188611565
81405301,1340.2962637411108
11589439,946.3019658066744
17537269,1356.3442734267142
98168887,1884.831735342838
57508409,1895.31309070195
83408387,3227.295118460027
43301435,2204.8572420817163
49258344,2375.6225214530123
98631322,1229.088971263193
69659096,1756.5140034551525
99106028,1206.1204030203114
37856658,1898.6491958349768
42881579,1072.305185930293
77859891,2524.3942852770606
81041727,1093.40155884309
47217829,2354.32871115476
53083229,1507.9264871772737
79619006,2106.6633377553107
87897995,987.2381045678347
17964917,970.1315337913834
80568888,1072.7006760804632
43042929,1281.9417606322654
62796073,1901.0269133313955
61083401,2165.4470422013087
14141477,1423.2729285795647
68306110,1781.3140395460514
43708354,1742.8293179622458
73883907,3708.9409750696577
75966104,1881.9047676922157
55672599,1286.850171874683
14917596,1624.744675898092
65294870,1737.538911839762
14049454,1682.813878779504
93295381,1615.6081519550198
27730907,1892.8827572433675
52543486,1576.197533411315
79427440,1396.8794491608319
46627987,1802.6303902823115
63096372,2056.8954370598144
21047227,1498.7392268899757
94588817,1612.0621231326888
82925355,1655.385684611382
20239710,1445.8246296289867
66560522,1323.7731078936276
34394729,2335.7734310934075
74199492,1352.527454043835
59577067,1305.7676849264096
69919638,1344.5832214258978
46718033,2176.642782217757
84917912,1612.3410291912764
31599665,1168.4020312018251
39056365,2682.0392676228175
48895978,1323.9807011264088
47094246,2012.1008490692745
19549587,1066.6500451391232
18563899,1853.2965887915564
81642903,1313.3077683348326
12095543,1470.1590295155152
67140026,2205.2972000047484
11054636,2121.913012162488
21698635,1891.208121481509
23623849,1914.2144574168526
71392936,1540.3433492950433
83425325,1894.9796549831253
14553390,2274.1788924107655
70274030,1133.315699478824
19402442,1209.0083553227744
11041677,2585.751689164787
77513563,1436.7411602165087
87335721,2934.515176564365
17466406,1403.1421995626263
11267365,1630.2186055627674
89144675,2002.8204628005954
89338457,1344.582509968367
87803439,2316.418421947463
20104582,3616.705747536509
95781089,1173.8373839958413
66358482,1363.7558488143102
62863016,2314.6131498931036
92557337,2633.3212881293834
10876766,1173.88710514727
70473205,2294.0093850024723
87569671,895.686620378079
61139578,2775.7669235026074
53121878,1595.3846515015914
15430462,3280.953460810446
67332796,1144.1080683785196
75641163,1714.7381380121853
23552924,1363.0813232699775
56332291,1286.9376319204973
83472051,1638.6570354747794
73213649,1485.0888108013648
47802315,1557.4754923218748
42459098,1362.533429710963
59654537,1739.094206908062
49312825,2084.608397191317
80983900,1771.8961708966144
58178507,1270.1253594537593
50382416,1910.0621373776125
66073034,2000.3255474489986
43848284,1461.9068866707505
85092410,1524.8703468868023
22321014,2407.729288045094
31162245,1355.8908238565625
26802981,1080.188388711967
89737386,1809.942057493887
22704344,1588.0691207851503
56000373,1777.9543424916014
96310766,1157.505222561132
70324095,2004.4139524790978
86441629,1297.5520365281764
12514793,1314.0530253377287
89583392,1628.0047284690993
36498032,2460.0462456374803
22072881,1116.8101264039099
23992589,1045.9242656008023
25380807,1093.1178578186802
30026993,2455.375915515357
65742850,1450.7122226810025
33236806,917.025093541533
64518820,2478.007107889088
42371713,1428.315172717875
47924596,1803.6381956660111
55469978,1986.2416492179727
29356220,1224.6140954116643
98913649,1116.4351343281842
22201860,1885.9492669172105
17005574,1734.7583698011886
61767605,1825.7408446828795
63003964,1372.4877831883584
52904792,1786.507518009293
87014699,1725.5638800790655
60476269,1876.2422716562294
23374773,2278.4961081592082
12887652,1705.6982442497297
11366466,2371.9857590034285
62053080,1233.9827645437597
21354279,1303.2568601504288
58635346,2151.3418672111507
57475663,1567.2598132607777
44627129,1315.82605771042
29419543,1582.8334788641566
47538164,3420.4531914785284
19854086,1693.468886625093
63381374,1602.4486477722598
55348437,2064.5767344109004
80254443,2139.744595784047
23105559,1613.343637440063
25129271,1786.2129921617916
40257293,1814.7086306083113
63509506,1155.4176569731983
45432136,1555.310440184938
19785631,1718.0837086155639
22859019,2609.539506223276
36147504,1330.7072978411836
54449509,1525.0200746311727
81205631,1611.1434046938637
98103632,1838.3506281821728
32691265,951.1591900403708
72768344,1447.8376278456433
51890279,773.2367643130085
48043615,1407.943028395433
25374441,1276.6368543489805
59962384,808.2739002150593
28910995,2334.525015829242
13141234,1547.464171172438
50747063,997.5847243526852
55252279,1376.0814646909314
52007426,2234.196008150613
30847276,1467.5580601044683
62106368,2341.87123781832
60214573,1337.3052341271077
40002314,1718.2410431698042
32428356,1698.293180254443
53658343,2294.9174918606636
29161839,1687.387742888707
46396012,1438.214680093205
62360708,1866.8806680520283
43297939,2047.2666047926584
12562149,2196.9707309045657
36028116,1681.9129092839182
87330286,1574.1554597022312
88119407,1959.7866992048964
26750897,2469.4489119081277
49969361,1434.1644364773563
97204974,873.8424454155727
99702598,1995.2848352651224
52763802,1603.2659699184185
68901809,2007.1767471664382
39208673,1375.761998057678
54033485,1870.0346918777548
54497531,1572.7917321421862
53990991,1285.2519394809588
84489537,1223.6698102566215
35670801,1290.3148033904959
78791350,1254.877625751181
20845184,957.1658661245127
13555027,1650.422052844939
37646059,1904.4004115052176
76127874,1514.973975827306
92134461,1577.346743023727
35770374,1968.32732983499
71020209,1825.0004654220395
34171582,1572.1708235318936
50654248,1271.3139014448338
42458567,1490.7590772611782
19190057,1208.9787430570948
54080489,1183.4868428715565
68542535,1793.4843676737569
45210646,2025.83088808007
59714270,1495.264412831623
88185676,1255.712374695243
71490260,1376.1339454999195
30639393,1157.2058952573047
82576353,1860.5280199449494
24335906,3445.767669887252
21049647,1252.1315514799053
13781432,1271.1290139295265
86079138,1742.3299506634212
40000990,1585.2436310701023
73775201,2941.597931710772
35148701,1705.4201230665496
81596880,1308.5670222097463
94320273,1433.1622160432585
36438421,1803.6499160593585
53057217,1758.55828795394
25248077,1278.1478978099901
73038169,1159.4919207159085
73258090,2207.2854811417815
87336796,1605.9085429526715
78963426,1430.2454794383266
12232405,1621.7396667139585
86811261,2119.7957934989913
43165541,1052.4755305732842
83018865,1704.6514425735907
37762842,1529.6639929611604
65591705,1665.4865876295992
67890361,1203.0659005197547
94753186,1206.4803406609828
93051402,1395.7190085993745
18623638,1444.8740405804454
35256497,1384.9250924139221
79246585,2112.1881436789827
23762226,1303.0322172958763
67287814,2415.6015915520074
78864148,2302.5963037604374
30658878,2187.3968115097514
97960066,1282.3436195637335
19914732,2389.6047204635747
23619037,2189.6580694843924
27095793,1877.6694343676959
83667300,1229.3169803731953
76686009,2216.356979749405
79911388,1886.241082617738
36038618,1560.8917717723057
91489166,1206.511948086796
64088644,1722.207783467426
10087238,1329.0054944941783
68403788,1354.448939740231
95817054,2171.7017346597245
57182933,2183.3740324233104
83941537,1640.9376755187568
86909159,1881.586620448583
45478492,2663.4700098293292
84142111,2577.9471032535116
45223652,1415.9314041815555
15651868,1817.5420968094513
48952352,1180.6431263105617
53380245,2193.797034044218
56211427,1176.7308488431268
66961588,1178.0624251611978
38567012,1002.0280289038348
74938615,1407.5670725616917
81147200,1701.9149734054063
74772897,1642.6618209636617
80316029,808.9032359080416
76791795,1903.1168534987721
95549661,1323.3786490858033
91524955,1993.8248601622204
93849275,1762.2126206749779
61885188,1938.2868020097635
17120455,1096.5214657554504
71403569,1995.2731647196615
57944962,1854.0346138146585
72483844,1670.3573812951443
45141218,1681.2482699214172
47525065,1323.1520470892585
24379765,1173.4143656260317
91215387,2158.9403051025083
39945150,1078.7827905015338
25481926,1694.726379772072
72167432,1827.4601044406686
15652519,1060.0607926979742
58079379,938.2124489211758
81779274,1762.6897312439246
11313638,1504.6841707521464
82915596,1617.818785376676
12551058,1608.2871944886474
69374139,1762.7118422222566
27490970,1564.4941380063842
28663701,1383.725633612518
51901697,2315.522938821412
19964529,1919.2733945108403
14203976,1926.0363842765435
86724526,1491.8267816962261
46513661,2068.0003484806784
42464585,1384.6615617463347
14360059,1350.9460539625293
72181637,2282.1951987487737
78956787,1454.1719466509762
30264496,1214.9357350913215
77227528,1503.6825742472874
50534372,1483.076606228938
12187853,1880.9364430931635
97814800,1566.429848034075
49704538,1563.3946944921345
31844965,2412.135694681753
89449307,1037.744963447528
72286626,2151.2663089816983
90641879,1773.3761187512052
39977212,1924.1167839683746
56406335,1265.5851745702757
46671061,1818.163632916724
21883230,1452.6572361763651
57754484,1099.2043027777472
96138639,1867.9150867496592
48581654,1789.4758027665196
15477564,2220.6850005840142
18367532,2153.9097863350266
57040971,1029.4842769083616
24677280,1911.1552410338502
38279741,1128.7405223141918
39630161,1719.5002888278964
94354941,2232.5794957340736
73739305,1460.147953735561
36839896,1629.7930143478786
60950133,1258.8806163996271
34560824,1261.286865715941
89848060,1617.8480788145207
21727334,1795.659313130731
96402755,2613.3567372193365
99203156,1404.5940359656836
69252455,1497.834592046881
86645439,2853.1635738566083
83677892,1348.802279364313
22897635,944.8784246931215
45288708,1576.8931317951499
59969436,1687.7582095008052
94774349,1323.2569901957515
16886474,2073.754623254139
44198009,2846.033928195989
64700341,1206.9028287735994
64505698,1268.0156395765996
77323444,1459.7542964002134
27706778,1657.861029624027
59628829,1253.1332704565489
55365465,2111.4002660427973
69970571,2320.098241044778
94271260,1481.5605192709552
52700573,1739.7101967784463
45014443,1871.4925209274347
71021280,1703.0326934119842
51886091,1616.2260756146204
91170937,1787.3863903033287
92081846,1706.5922375592313
95719079,1799.8162643984585
12428005,1301.0480080779914
38292857,1440.749972819755
75786036,1858.6915954649478
76868352,1613.9528677068413
61787836,1771.3932513542009
92993294,1001.1805176404888
23885591,1239.8907797668794
40800066,1434.8551855460394
56146741,2071.3007917917303
49447892,1546.579780168894
52965378,857.6143459574256
93685952,1332.3145128339627
89649731,776.9695742202451
47102704,3014.068710243137
52908918,1745.529513315101
77943419,1412.2077852940256
92500699,2249.307074865746
51420779,1939.4186764510305
72830394,1462.7613741223543
72781023,2195.72911155691
16161212,1135.3113620036681
73724856,2197.870234031483
76991618,1128.515300743079
95797758,2198.9457128921845
82786703,959.0213741184231
77183119,1530.421725308629
56026782,1172.8842361985073
16589083,1511.0665939602725
47749953,1417.162132738619
27187508,1543.3122787645832
51723171,1608.3755526956702
56627258,2041.201829342594
75635227,1131.0310783492112
57547046,1303.6589402408008
36631973,1933.2749952113259
17463415,2375.7252474645543
26674861,1218.9576845734903
56995341,990.8415896186706
26126144,1160.9304689822006
58450363,2259.3126938697146
89312269,986.8224283433528
16817991,1217.8171343175597
84965319,1223.8927285678951
43319013,1738.8613252566338
44400321,1095.2306156784832
80024230,1153.3067692224504
74521218,1866.993986746817
44832141,1571.8333583585263
70162625,2057.4957587891404
43589357,1803.728450779691
14100726,1369.125577035202
36520084,1254.9333882230435
98999098,1064.530899512006
14148442,1569.8231683113333
90033275,1875.6037153367943
19819492,972.4007274761541
94929441,1576.7218999342742
64769677,1359.9078074936356
80605119,1557.7025090186
61896581,2053.124121439121
25053770,1548.1509190113384
74893395,1917.5189988179116
53560531,1366.4702421558075
89710260,1338.296486872514
93875018,1381.9229536631847
64766158,2657.2218929951027
54305179,2084.7931592422
30403292,1932.9051979059832
60767564,1899.1243631583309
35303188,1273.8023573983596
21177257,1866.1094782890582
15350431,1906.9985819503484
19112314,1436.8127365640228
10078818,1741.8197782557454
23150338,1777.104271716049
47635759,1798.1838667602844
30605686,1206.086221598842
29709781,1691.2793255100062
13735642,1134.9814273099678
99020214,1404.9574127511155
28873624,1789.3407063238
70890497,1438.9078763542268
99675492,1445.2290517490756
62216584,1887.5500305071066
84668724,945.5761198717017
88738488,1650.6755039701734
35683009,1252.4113379421842
72816721,1590.8300608010434
19163259,1706.7028085874294
51202613,1547.2619560717687
56056704,1016.3621762323679
49879334,973.4635577182116
16786843,1433.2593467631057
47533115,1688.4494153877183
22109413,1315.4185667332479
85518746,1184.9757313589405
93362991,1534.153448188135
16124077,2114.786064143107
76182432,1173.2254659740163
26790843,1455.9768686734008
89672220,1750.0137027475662
12756298,1774.233254926258
16926806,1375.0522316677536
14000956,1461.247686137202
36806959,1388.2948853031762
87017954,3460.616813558798
43944283,1673.3822537187611
44101724,988.4437696956084
67316534,1173.9738481834934
88490548,1384.723214758546
88665651,1723.011844983547
83830852,2574.4455294179324
35512699,1251.0369968676398
49228670,1653.339227758829
47172196,967.5849364371767
86195285,2220.0319779993415
61100752,1733.1776028772038
23609539,1487.8522325173697
95881788,1676.9185123386585
44925764,1960.512619205658
83971268,2487.4963609322676
17370699,1299.5515394404777
76384877,1358.349333462852
93972349,1602.5998886574118
64752973,1273.454193893088
22747583,1349.607145373422
38304968,2236.8610024689056
10235307,1537.8690393100767
25779125,2207.888173495104
12843653,1207.0068368083396
78094768,1496.292277227814
10635284,2330.5032400335317
13687234,1466.850236985053
53936042,2125.7992450414467
82732686,954.8625075311159
96543781,1902.7930780628426
82228529,1111.6436749790826
12775154,1581.3922283180475
55255907,1467.6425331097216
32916130,1172.6077092415373
18504284,3402.8607261120947
65825890,1790.8587720761118
33391713,1514.8283048632595
93331533,1607.2101848618502
89345152,1691.882565872699
46576484,2726.1087620939606
33320733,1257.7530333752143
10724817,2849.688063112174
41244276,1978.356068588618
39841607,1497.7576291509033
59463885,1822.4189140772746
61317492,3588.71649796395
33725830,909.0096127445323
15316450,1694.489542388504
53318939,1994.391045300455
82300735,2162.02991364832
44927585,1422.9371445180898
80951510,1676.487356970576
51421456,1955.4270599081667
67936055,1830.826431524857
48065777,986.6849669426641
56103730,2333.642888736781
40566531,2035.5014831057374
61129612,1782.0534861457238
72015593,1524.4087412140113
73826407,1036.6711882320262
88021730,1328.9928668630644
85653819,1446.7885812202544
45194339,1415.693289781979
91086895,1415.289681042886
51919540,1678.6025831309685
23157322,1541.7199753358423
51628095,1928.1329497629051
96537190,1733.4390263263647
53402735,1470.1253899204262
36360155,1093.8553145996887
37694507,1783.5130863554198
83593533,1600.71768169078
24284452,1664.4186898729906
21000889,1630.2852475327136
18518898,1106.436397306864
11533995,1730.8104298918888
91728492,2174.719807426903
32889326,1040.748927814758
16392740,1390.7297024931318
93954664,1372.2567804421549
40527969,1616.4042653169163
13359501,1381.9303232219922
54613106,1040.5402771073334
89494294,1871.42996161213
43243456,1534.7516079806803
49320975,1843.5667265152852
66824387,2150.91567250867
13395531,1313.724320802543
84702746,1164.4838562750133
46376987,1799.5815553061175
16949551,1363.847009947293
76113598,1524.9127824585066
88051686,1436.632570186128
21575972,1604.7902581563599
25797068,1152.8551096694357
46519671,1378.6867496045122
62958708,1538.1739274304177
41163598,971.3432823315547
90108134,1356.473337050396
40305514,1509.4283899530167
28323820,1607.0733953614483
36148206,1214.0584502339104
41903222,1585.9488946156025
34111269,1682.983318459035
22460898,1825.6388097557538
87095926,2027.6000869570532
99063606,1581.0265716380002
41090287,2689.3211886075082
76553835,715.5367541264142
40520930,1855.0323293957565
72499276,1598.4844880183805
40722377,1888.9008948358485
23596828,1903.7194945381534
94118199,1206.7668360963012
54177823,2008.6795889090706
32744353,2477.5014004202803
83540534,944.2159111933385
60135160,1944.5918053780156
32215997,1100.8695053568647
60591783,1379.8233276255785
75534413,1305.8566713097523
74381587,1688.8818445905151
83928867,1045.123245129028
31779925,1479.0805509636205
71389415,2172.2979836628315
36657020,1331.298001011828
52833217,1661.1762444979759
43206206,1240.8647263110054
21701449,2140.257487441292
38073031,1257.1752341706926
34369333,3138.9623530041567
92620587,1688.7181094370578
11512547,1574.4199202238322
81501365,1286.490038388606
91014044,2467.027154382931
90225400,1861.075880050657
77353219,3247.88402070104
55291546,2040.9840777077159
22923482,1296.8176166927574
14288303,1280.7499230257104
55909136,1449.5801334937503
41957261,1176.509105676057
17675131,1339.0252113381575
13490253,2149.7322743670516
79023756,1563.7666528619554
98393510,1098.7899594571718
36169986,1445.959255945042
98879925,1345.4757930995302
64713126,1286.6754222152429
54807445,1630.3202779174076
76751871,1862.4767533597815
98441518,2413.808232222583
54149693,1863.8316263799136
42794612,1329.4658147808561
76036112,2691.835047065065
14657728,1650.8536698376247
73292737,2470.0917179669286
37897222,1373.3460211855358
24707301,1593.5877210601889
54570938,1905.1879280166631
47969890,1028.4293903742494
86391847,1882.6211247723768
43251995,1304.2843358577636
61789630,3224.1756069596595
12601759,1340.5594367077138
86045386,1246.8715400624756
67870680,1561.4777823931001
92603070,1156.8447447029052
45118743,1389.5741841319198
40352166,1603.2917294682372
96817260,2359.4379289529993
70031890,796.4454557172477
18280163,1512.509421273419
84418154,1459.9948732730802
50657043,1097.0843910428148
24196657,1797.638902490194
30339428,1495.1811254400466
97021401,1547.464615423658
35926246,1526.311620400285
78296017,1782.2987063991145
91378970,1060.712663278244
80348783,1524.3487491836418
90424864,2018.3184051224227
65449342,1224.3938758548156
50552285,1074.2071995731374
96371635,2263.0136037515413
72833770,1596.6008971399579
94834332,1103.3941365959647
34291304,2363.58199912639
61020465,1675.283079006302
58556746,1984.3531104820395
39138083,1755.323458467445
25334186,1958.6270559941127
34764813,1891.0731431827944
37404139,1523.4341083478757
44171473,1354.297874381679
32137098,1268.7812891153255
72644851,1437.234132805491
57301182,1490.905136446139
68777856,1567.4014263150116
46687209,1101.1004219166841
69167315,1350.3151644299523
82057134,1608.9401989080316
28611499,1537.7481112112293
73817431,2145.1458087264523
66885663,1914.8101730978387
81244724,1270.3427557299476
17815149,1653.7640458181875
76792976,1483.1439537837155
32232188,1300.1827434568609
32884692,1484.2991224614452
51904668,2026.9478248416965
54177086,1515.2079930370126
79785130,1853.3386413650849
24791309,1132.9498605171527
79748184,1187.4203792100939
71076766,1617.1348412573316
91713473,2098.77164448237
21889636,2551.6530693520867
88684450,1563.4547016948088
13868166,926.6958368966634
72609306,2709.7522038419424
40230821,985.5054865286696
65326864,1188.2816013948277
47873334,1709.0849116440618
38502225,1077.4753535277634
78086792,2139.921991587943
19000370,2549.317165132068
18794356,2091.9814411781504
15695931,1258.0568392806586
69820899,1156.8824470679801
42730808,1842.8864570130254
55693372,2260.18876197561
39793167,2593.5416454325277
42174587,1063.7140929953387
17562701,1343.6165270962304
75887228,1395.1764358581952
86381737,1076.7724688398441
50478816,2087.920401443252
59640073,1516.44908370461
76678970,1460.1204967472802
23159711,1384.16351748367
74146213,1324.6173203508133
73679527,1336.6841652810317
83678670,1263.0230228678988
82153168,1678.7091795409983
81585077,1900.0705860024657
51172809,1656.7985669426434
93348209,1236.1084741703653
40526730,2660.3964267674214
35477741,1808.5559851275368
26904107,1731.172679737013
98083773,1380.116654922128
62394914,1632.2072349879913
38403298,1640.6713511965052
19395977,1618.9612257122928
28561023,1266.4508861328156
45885910,1519.350392083843
95086890,1305.0736898680655
19776574,1246.7056574370247
60586201,1949.2322587084493
89147481,1770.654404139995
47209892,1358.2589492674545
47476854,1573.4828090723681
60953282,1911.3349702217495
72001460,1590.2770364437033
22546493,1715.0756098771872
48912589,1832.58698109424
37241017,2291.7410737911014
40152795,2140.8317215970837
45771924,2447.12419296152
70307319,2401.6327799459254
42825484,1505.414799404127
32535623,2548.168390749234
54789245,2235.4033690682345
72682970,1938.037220428527
51218700,1791.8290025757854
16039328,1233.8810292824292
44678506,2797.1613383507274
59530373,2598.836469280765
81467001,1319.258543541177
50258434,2162.770567512468
27681355,1515.4006063041911
69431073,1298.4853879699392
93968709,1761.4957771961936
56478207,2240.3704286023208
19466001,1913.6084703382814
45204787,2380.8519286110036
44120969,1210.1975464048369
11347094,2447.5113176487566
33817003,1300.338636480688
84812841,3081.0971811049435
82947487,1969.553373870722
22317982,1616.4836870548213
95086863,2340.3246933469745
73084974,1232.2945162417595
96665202,2219.170208999883
52954565,1269.8370932305668
22781049,1428.039863578586
39742164,1595.537298075119
20712973,1317.6219882417063
76124953,1745.4738619642121
53726970,1657.4474440844149
30895251,1613.137697131117
87940348,1787.9647074255333
95321478,1534.341924513951
41613207,1648.4847791882391
64780104,1529.6775929954092
72574405,1808.7810179707612
87909513,1139.8614795402711
80918662,2005.198314520997
50842195,1219.0695792180327
37167999,1666.6408039615155
56430683,1488.20587408501
62519911,1159.9458458047473
29251792,1429.5773653474635
85925973,1543.3956798248494
34644536,1165.5194324522615
39276706,1273.602339716913
81892516,1857.7152576588446
30222761,1346.8663177961516
10422044,2102.057296974197
28074362,2432.439239857226
64967123,1970.5298495120444
38282963,1370.9291730265918
76769818,1532.6675085038878
81835353,1885.5013523705427
34737343,1438.6933460942419
51032996,1449.7773614236212
32565254,1685.9801518110592
51764743,1934.0990013301225
92831396,1877.2058103997072
84077215,1519.185746687915
77480283,1522.7418672143929
52724196,945.3858521188153
78039908,1443.5516088427535
46605850,2127.883233315304
61041851,904.4676395077786
10551671,1292.5653701579117
84956232,1557.083759797335
93609795,1099.7759571353295
63261476,2270.172777080426
78773692,1609.8360769501496
41527728,1160.0575812111229
86838609,1327.3601941536106
46835475,1438.9027625252031
23285553,1281.8131447387432
83082562,1482.0929955896545
33889237,1618.215638709472
46836989,1963.5739115782665
42683388,1670.2554429944641
15212938,2657.1713580977444
63857629,1496.8414779662112
71736760,1415.223541060318
41166882,1473.7803831871342
88287708,2047.9126050667655
68218612,1954.6220408595402
34505104,1513.232752863665
50756606,1585.9102722690975
40004505,1530.8547543937816
89798576,1489.4634055540719
43860123,2220.5908392600536
93655218,2155.882832292203
71051446,1072.5022419988309
93380848,1167.8689865483245
27980449,1473.9793492209092
57084880,1606.481089035106
46438239,1402.04632117056
30942515,2385.9224888663216
19590564,1562.0661581604838
83623165,1373.5004168025005
76716085,1817.2215133759062
60666996,1854.558221984023
78361983,1944.7162780527874
72701952,1447.0359618217988
74922910,1348.5112871350912
63759907,1601.3666806551676
68856134,2137.416619746107
79795778,3246.4359975757766
97178936,1415.4877771951176
56185778,1286.8988316478699
48290079,1283.6173964819554
29392023,2504.0217956299757
54780943,1567.7739926992967
97751068,1488.5155665707268
69746506,1504.93884623912
55371174,1749.7137519955768
67781652,1449.06960312441
78245291,1601.5718988161148
64158812,1919.0067690419614
60974365,709.6518069811857
12800790,2091.7530492069636
96154030,1733.9535456889903
98482327,1560.829639873171
17464700,2162.5560545501025
56270967,1726.588331314465
46584495,2083.2261124224133
72785702,1373.7852257884722
41281460,1591.7171556521682
80424496,2617.6279393862965
18835766,1859.4618593998441
87502261,968.6190907370549
96135205,2039.2449003849035
26258289,2616.039971418848
75302604,1412.3809225885093
98645752,1831.5930819384655
58643859,1986.4306310930285
90141148,1927.024603267775
52181895,1256.367321075757
16710404,1583.5109938094581
26056734,1551.5151900908536
39602380,2054.4672852956787
66983144,1736.7406242542554
52507579,1230.8150953659288
97432890,1471.4809921147669
85547503,2295.675516207449
63906202,1540.3809053745485
84599750,1726.146557771735
84325254,1279.2121739204615
39975048,1734.832502244898
81574706,3407.1146144428926
30468791,1333.858216583879
97533812,1351.1660173998664
18711694,2028.6212813170266
51787778,1974.5188070849765
61409887,1836.6301143952019
22014620,1144.459327539948
38836545,1347.1701805574519
87391833,1183.435042033655
69117778,1249.4376831406878
68122788,1829.46059462336
51241051,1558.4705908631886
87186215,2187.7918460334054
84468326,1493.0358249906378
86410473,1653.800099309313
56236242,1911.619867667838
59626902,1300.6349993861043
66112801,2499.972302256292
84626603,1197.563207250654
68630773,837.8762547379711
33563434,1126.7215140454637
52975992,2191.013109113441
26817104,1772.2710016401109
19501484,1414.2449195510917
62595745,1639.120379608773
41563117,1913.7105816018056
52796320,1818.866910740308
21489695,1796.5291427091133
56658010,1504.0145708986813
91048109,1289.6665403255395
68814610,1576.9094572696501
47089966,1694.531618740241
79261064,2050.918675513585
43267298,1679.218543224397
35491922,3700.7119595322783
91103900,1696.2158319659504
81885878,1137.7031038653215
10004659,1645.2811046698682
49810234,1358.946772075943
65062190,1564.3642991004845
57566037,1757.3980760940085
55754004,1534.5059709911939
99179360,1056.7725828300195
67491962,1655.146344055265
55660033,1512.4041520733174
96584547,1619.248058622736
36088377,2195.991736335028
97242422,1058.098925514633
12109366,1007.268053570743
57248099,1722.8811632063284
46843789,3376.6552150681887
15574311,920.8866216989416
39119987,1607.340148755445
95964371,1511.972304698475
93965777,1360.9908909864096
32720737,2020.931816617007
38011636,2263.8435047012968
28738450,1539.2708537298086
82845868,1011.2977876221547
92357814,1472.6876658467831
94273774,1201.081169793723
86770972,2114.995327293034
95965665,1467.0397164149904
80658412,1237.6061922554409
11188732,1009.7549222265036
78466957,1194.1117388334178
77853776,1516.4972677766764
81589793,1368.9147280140655
49765777,1667.1140922693876
88579415,1360.5435317037989
65011154,1261.0756386199678
32352609,1502.1645779870225
25644810,1265.094998274003
36867135,1701.6089639037239
88848522,1526.390889632522
54293859,1729.3195077439302
33019527,1240.6784143174543
46924492,1142.1562460725422
19488750,1358.5926049888446
94594464,1329.374811807596
73247876,1617.4109707309494
71373451,1166.2204200084466
27655514,1499.2406620696534
94112335,1486.6777163101867
79135715,1235.2238066773668
69231521,1392.6550031455467
11994136,1729.7639512034052
27288623,1577.8404078168064
88123955,648.2487724457216
10000265,1232.0837117063547
79772833,1552.0861729381872
93882232,2564.329046922175
32109681,1147.6434555321039
65404136,1762.1367541757563
33831079,1078.0405507564265
71847266,1205.6993886532293
81003839,1087.815980715185
19285579,1865.8028302556713
51911514,1940.6614668025063
55539434,1830.2149883965917
44536751,1122.4509097663245
70028057,2191.6783195664298
86860126,1943.9970131517207
64254454,1579.801440743312
98284782,1869.803189473673
34610652,1503.022174071811
75568847,1549.009755510715
65674652,1378.8462875218988
55019276,1473.8179034740058
55592552,1376.1505241144873
94267636,1396.5905878516644
69222634,1237.397848655289
85591369,1008.2685447383874
43835656,1424.9572636097055
87803052,2256.3154557120747
26232040,1565.1766767476104
91061668,2065.5100343191807
30001734,810.2814549492089
64074995,2372.2806592745637
98892450,2030.8300279762732
30473837,1255.2383011517884
95158643,2021.7310474960593
42377220,2016.4479481917624
64814717,2082.9393558746588
30148862,1741.8685562525488
62010302,1729.7989989750877
99477712,1533.026867736586
70875105,3168.892014565428
20465640,1218.1393431116749
27850961,1064.61549520091
44835254,725.7955035699123
37634561,1478.1509116406712
46702648,1952.5089376005685
86839823,1391.621144592332
67985741,1158.4890863460487
27791703,1371.9935418221448
27289673,1339.4236446891762
47043760,1399.3598060491572
54808934,1925.0022620814734
98155995,1837.0913814121943
69341643,1842.1990281987428
19401682,1449.1421790141258
97496254,1041.7467059538028
26009392,1346.259246485312
76357312,2156.2569341948188
60644292,1882.3089520236417
92095667,1584.2396160665169
16021125,1801.9506794637773
52662306,1325.065686880113
22527415,1339.114713245378
11178457,1822.5217815473213
19452873,1041.7624612783636
89463603,1761.7373254462616
55778959,2515.416828842624
45079947,1390.8666595054312
71913651,1604.2856180421272
26030335,1617.2884954778253
18887144,1286.2295424192505
67192573,1491.5629163340413
93955593,2348.885847054333
51025425,2317.7558719016415
59882564,1382.5249395417618
39586553,2183.806695785707
10235871,1895.361141271812
44636319,1089.8924409396031
37290007,2446.8021173473876
14108687,1591.588456551201
34932666,1219.7298370697883
80941617,1363.909965100486
54682782,1520.0800426881774
89652985,1578.2927660797097
13137515,2478.5575781193
69623259,1483.351272333854
58672181,1886.002642283457
19145583,2225.4849810440883
15756823,1970.7399427534963
48404289,1565.6437188375887
81082424,1404.0371624893842
73224913,2230.047994991555
75845341,2741.272804708889
98474913,1687.9139394736487
41962691,1280.8158548850772
48961741,1879.8250193452084
87593653,1179.9646921753579
84917993,1016.1127544634426
24081947,1434.0168331983507
54462462,2249.592802798977
51963469,2130.8845262915634
94467679,1347.6170333473326
31642363,1286.6653691537208
66097711,1371.5787951457519
12884742,1417.9977128056344
94999391,1424.38220350003
44605879,1535.5496793468194
35787017,1405.7545444242157
45450960,1458.4465658961071
95291199,1165.8098516467437
96016558,2147.5747131509897
84566828,1589.5413668160063
47412693,1082.0522665410351
49029700,2233.3962535445044
60010012,1324.8987024032185
75883768,1386.420910031226
26202342,1214.7117538446776
42317663,1492.4307862944295
81534336,1210.636351018229
89007837,2164.4580109452027
55830410,1409.8071645317102
42889086,1129.1040933326624
81610198,1441.1320804299617
17452253,1265.5226325107672
71203731,2418.1329065845594
80449971,1383.0311810007838
69429731,2062.5671851252487
54605956,1856.4003775168221
34299688,1377.403566027906
87819668,1884.1964063721607
35995429,1214.117094612352
79395935,758.5464905969468
77309412,1557.0356847961505
43863935,2119.056044742788
25184246,1541.5274039234278
36615071,1212.5706718429178
38474717,2838.9039522347484
93825316,1084.6705855977502
33683398,1392.17629451734
69346242,1972.1608271277246
59095929,1898.092765232277
87118088,1219.162400075715
45924958,1669.147663737504
78591323,1575.71410875321
37759814,1734.2741713618675
79378632,1730.955523254943
74799649,2339.1487111862734
53222755,1614.2805329274208
36749663,2359.7660295481937
48476133,1951.2240867371231
49028666,1889.7096203091342
74177764,2049.033630014949
14771208,1139.1161803513155
53613430,1353.296827097509
58749152,1321.0489658242734
32751897,1664.0372877540917
26470651,1482.8402635923887
35002941,2292.6522459060693
18541890,1322.2103446346773
57596711,1521.3146402286318
24072464,1249.436929179797
31435093,1899.6136703423413
30602585,1583.2847972847626
75360000,2077.330913368382
46273615,1933.2494328052576
95181699,1405.5768433232302
91310621,1448.0011754753175
82017783,1417.9982517272201
70908643,1610.177290360303
15861638,1927.4878548005229
50835625,1924.8751608307136
28964861,1060.0082283442887
29864397,1184.7093068789127
12057084,1492.461778390398
28334945,1857.40950002897
60084019,1425.7580223227483
63996133,1094.8461382734608
24215888,1170.3150129325668
73974645,1293.6979944306877
75072747,1268.3750417062608
45633768,1662.959872556248
35646913,1588.0880831639563
53661067,1542.0564285563205
78907585,1999.0473370331158
76922109,1784.139704098962
62248680,1873.3011436164425
73320273,1642.625752908799
22179940,1811.0682684051424
26991418,2138.498207101806
21855522,1777.7704866044771
55265808,1738.728908286859
58224140,2067.5710944222624
19913819,1244.5414313101921
90275479,1472.12374705954
97988475,1811.287930897835
83636674,1529.3207559083146
19875524,2865.678672926702
90421480,1423.9251503111457
81793670,1689.015043957317
85521270,2069.4229582521752
97359529,1266.1707113656869
91814930,1493.5120273435327
39016297,1614.9495803816967
94156929,1762.0989907545595
45023538,1621.3328813635276
58269517,1216.5294184560742
35694304,1371.5350536841145
64951262,1271.360837554728
95920942,1614.8477592207685
41847450,1461.4113383298427
15255858,1416.9064932382103
95924527,1410.821347530505
12518283,1969.8982219188217
99811369,1244.355251549059
59569343,992.358418514474
47206769,1112.2113067649514
51079651,2510.014344449027
23194465,1791.557069997631
83356805,1829.2163725582343
26586384,1181.7842132622002
55548495,1204.6274921813822
86324071,1568.5569345176903
75101749,1869.8743792597927
16463144,1087.9544463468133
19396787,1309.9643809768631
33279246,1511.6951380953576
49233593,1835.441350998121
48210075,949.4121219829813
55054820,1378.1888752712337
96257897,2723.297347739387
51430742,1727.7062497123895
83437485,1646.670140071785
50578351,1904.9239766016067
97275251,1797.4700632736185
16222585,1465.5353783907885
39525336,1948.358489582752
78481250,1921.0633284032801
90967247,1280.505548483421
84855982,1510.3363109064169
57782649,2071.377331992098
77997002,1425.3569514530154
36215630,1744.4160760897526
95580912,1499.8282990158186
59034107,1561.8948716521759
74775777,2299.297911002262
39971311,1467.2571845746515
89020638,1905.9610533696903
51169286,1676.5809286041513
99644215,2440.5206649706697
90744203,1591.1873677469177
96320211,2197.8475438008186
36465697,1627.3854920963217
86214609,1870.7507932838566
81033519,1311.7976986249503
61860616,956.22118418838
11758072,1375.1581050263885
72796099,1029.5546305490464
12154166,1142.536537042089
48588483,1378.271132307197
75800458,2317.2870215554517
27360889,2312.280880451021
84455620,2851.5752059381944
94594944,1304.363883203003
73063439,893.2455215614043
81513909,1516.4400771468904
76078349,1819.8078677738395
18738053,1359.5800423518212
29574045,1670.5691446973237
80540560,1541.9813397055198
25751173,1410.7299408716922
26008933,1431.635043302293
99638568,1475.7811208766718
16106243,1816.2465169984623
46712863,1147.3005616207604
62434322,1701.9533376756879
41483187,1418.3298774462037
56776930,2805.4451143533743
79612305,1594.6005520312801
64780825,1844.987916024491
45536007,1321.3166761746277
46661025,1717.2497054298362
77061678,1230.026804176509
60393588,1508.8071330419261
63346660,1048.5282259958558
27845955,1369.5362557023125
55504400,1470.3108859893168
29005367,974.1903967517794
22069246,1063.1886117116217
84008491,1131.33521821609
17133631,1025.2129613306472
84832150,1184.8234529747676
45723864,1698.3691905784046
43493787,1488.2226816308835
66097518,1293.4165851951145
70168465,1712.557483875927
94063743,1084.906321274097
14576418,1631.419828215312
67277120,1909.593036392808
94345958,1885.4411550954112
30685847,1332.0946697149977
85948230,1564.9649361420004
89817663,1662.5555802467518
32957921,1902.0130402219077
46701128,1503.2720600031741
70035645,1099.8982356992062
60395047,1789.5073607040924
88839252,1589.6730222383947
84131490,1161.9793212249963
75586325,1484.2597756856842
80103534,1262.8084274175146
43032685,1232.034771666868
15972126,1532.8139279094894
41404247,2288.8150046184032
38893753,1253.6617886065628
73633779,1949.4150761914686
35904393,1035.5026041103201
24714022,1892.6885456058394
19048345,1062.540197349969
47004008,1437.4926201606431
94742593,1895.3831922034221
75269823,1684.3900149251406
25552669,1010.0132988246718
51828771,1342.8700046945758
70179002,1132.6149304222522
38115411,1718.163324085303
40317565,2223.777883550341
21110207,1437.4939154109334
84762082,1468.4675194397814
48690899,1835.2698204900225
76594160,1601.2841062198625
54192522,2305.1899290358588
72813893,2334.5350026150422
21004583,1402.9190748997764
64817154,2182.724420577275
42706195,1477.2177745232088
48103074,1559.5229820753402
21878260,2095.266603824322
36272220,861.5541348043083
13817497,1560.2395606489658
41737305,2016.9779512644775
45517239,1697.2461324309324
89500514,2215.215130853827
35952974,1123.746080350472
79180368,1626.3442279884162
49972479,1925.0904705772684
16468436,848.1985393024264
66415757,1776.2575799231129
60737619,1659.6225503679027
61065232,1446.1097306842614
40172654,1293.04241041017
89609665,1875.9459071429674
23952725,924.1247132871788
72896307,1822.9647567880895
43835334,3077.8046699929655
15170417,1010.4100306436831
67479665,1216.7719978225105
33361674,1475.2863961332241
44130617,1239.0269859130292
51579953,2089.0259294492125
75908580,2094.2968292406345
55554604,1697.805022897956
78855633,2068.027931562786
16657542,1692.7713563081102
54732615,1795.6242774949478
61746292,1859.4727794951305
57869356,799.1258299683598
29926611,1440.6437712183208
75275045,2861.694198211748
47886535,1562.325687270751
44918482,1250.1320751651292
78968246,1793.3973346215062
54136456,1649.448858913743
90807736,2174.6495029301063
60276696,1600.3197315695857
82048962,860.7849560682264
92669446,1784.0400595031658
48680297,2052.2005210074403
20902349,2471.2227148710426
56991657,1915.1997127854092
47839152,1585.8102346392973
78844128,837.7736320940438
13384224,1397.564808331002
46213331,1749.631902195229
34116626,1017.0370166192258
13884884,3139.913618085579
86060261,2066.2251688531037
33698474,1404.974824756705
65729973,1203.6508511790225
10671871,1461.8771218026466
35704807,1595.2311799243882
55231783,1639.4642883182933
62208192,1762.9539362139633
67563103,1661.8426533794511
72548470,2290.625594206663
35725437,1699.4022224280238
91119982,1683.6651748240895
58303560,1911.548291033683
48430844,2002.222330212732
17825416,2386.3920271846105
97821966,1797.8666800286858
76538437,2601.6954974503315
46855429,1262.2313881585844
70135617,2024.3637593759875
68330883,1090.8528856159787
82205109,1673.0439260599883
47743752,1841.5246534996825
55059767,1175.0284398943943
88243398,2611.324161712607
44699350,3300.4550075860047
35330178,1543.4890919623695
25203468,1382.268738529635
40479165,864.3487182263558
10947997,902.3467660639301
76351104,1588.2735659258533
11445786,1657.5552266524508
49470754,1358.6892251100276
25466549,1779.6728580039617
68081302,1146.1195931463674
66965573,1749.8503285504462
91230160,1899.1804372527156
44322697,1299.3172198861146
17542284,2173.1485444958284
43035885,1497.762855918924
73926094,1092.9618388196425
64948505,1554.4458702423394
78950808,1231.6273587256321
38422125,1201.1526707126623
70854487,1893.9207640621878
96303461,1982.3134942284853
46698218,1698.0498644699592
42918073,1625.4627349078407
60976113,1336.8353877416857
80414616,1413.508622584823
11919826,1570.6480777324496
78548658,821.7153723662864
21857739,1387.4249861933397
29877271,1791.7659556174663
12698388,1752.6045526861897
11871707,2462.2725202310935
80819542,1350.432464462738
95941128,1458.9187350609718
15401105,3749.1430290037792
32754426,1527.441271323605
69235267,1000.5809541160494
71590075,1866.5223377128161
93562904,1602.8448936315317
48418506,1004.5588888546197
91190923,1477.9535468135468
33120061,1137.3128225588766
79992717,1360.2978959313336
57263719,1859.7652208583538
97902872,1587.2077593514946
11659952,1408.812108027804
19463140,1715.298564338428
32523829,1595.742157164367
91862885,1684.6965505117885
72799092,1950.487373320493
53477503,1552.3509169375868
66993460,1747.47507005359
13665562,1326.4473522797987
80709687,1563.5135586688987
40330962,1776.4293489106142
42684844,1506.2536201628134
27675885,1943.5486433113701
38250322,1428.6681881396935
63478776,1484.167177737173
62285686,1808.3286049982478
97553472,2043.1990102518555
64732641,1665.2577753784828
10341748,867.2342534173961
34930451,1519.375619202612
53726168,1435.8872147445975
69426758,1153.238658225074
90029637,1187.774655049772
94611401,2313.937470400535
31394855,1482.6490532798848
36645175,1575.8674829193137
56281801,1216.044491223238
12148162,1664.7012703541332
18771087,1983.1037346216106
15509457,1471.8374531077884
58811830,1414.7794008927833
73003066,1860.702761541653
34190353,1453.3341235384696
70731913,1141.468109019638
55320872,1917.0435168027414
41886703,1961.5675666008963
16884593,1284.4468179673095
90415325,3057.6661049061636
28408198,2382.4972280059314
65914001,1622.8541164235123
75122895,2195.029323168637
80177938,1552.3007948698307
37984269,1530.2546487848088
81491790,1883.549514878199
37294085,1564.4013320490328
23335477,1265.9954347036817
74996570,1405.4192614010803
11602841,1507.7472411500203
70152712,1751.6473978116671
37504288,1382.8879271104863
76619689,1129.5327079785882
95075447,1643.9967640930195
62779399,1767.3772423967355
66278648,2486.224806384249
18002070,1618.3795022913162
94135062,1215.1862927410766
74396322,1193.7083248340175
97169764,1790.5828314760688
84630384,2103.5634568076525
46052909,1155.1973686547922
60213474,1765.1201465743409
33797784,1816.5724817069874
59759309,1631.6180909332827
47001738,1678.211062383771
76899861,2695.456504179424
54444766,999.6951580621089
26850612,1461.6632113318278
22468145,1411.9996723922413
39243645,1224.423446890015
35759583,819.7552090953025
92468992,1641.4397665657498
68717112,1299.571177207727
47344834,1183.142451140665
52115284,3047.1053563184923
21042322,790.113545521942
79258805,1591.7848232569854
51304748,1808.0977408627753
23253686,1782.9599310339236
43275074,1449.5620626895825
81602713,1691.183146000007
60924053,1379.257693850835
50363853,1761.9422771954548
28412591,964.6529629852215
65145713,3142.6402388114752
47077663,2017.1422368993371
58136966,1422.0040020844986
67034290,1185.6554138921335
72057747,1667.8724541174777
78034116,1210.5875389515454
99365155,1657.8237547274439
56151729,1667.7206977273186
68997667,2139.6139800483015
46532370,951.8553648744572
43276809,1759.868526956925
70460118,2563.0030650067474
66150334,1492.2813352741734
92614050,1390.5142615100053
69313526,1427.6056554756478
70949373,1844.9244163998433
98595102,1488.9672195362464
57731071,1142.3791157416474
58855043,1418.1127372369335
45456441,1844.4202079607915
39733268,1241.5329766938662
71064725,1392.5764930978344
29668017,1676.7958600280392
94555207,1916.0127882925224
60811404,1648.7915274700874
53154973,1407.46444192917
79534885,1611.3435198060952
82049293,1830.3221750836067
19578533,1084.8360896230606
66374977,2123.355357806556
16850211,2125.200195146058
98217866,1439.6009586178504
33773989,1431.4943997143002
14998381,2444.095201291485
92421507,1193.1051878761293
66591282,1132.4135268037246
27243576,1656.3050356095405
58962954,2085.339397691058
62891715,970.4837050766428
40256776,1380.4120599780608
92014626,1642.5901979794096
68868046,2103.0088324922162
47811896,2019.403974075125
86438296,1945.8375031511212
10421272,1544.9388521923224
56519274,2037.8888752419105
84854339,1775.693936842167
95049673,1739.6868086185432
65578696,2701.0227827949716
85747970,1204.782825117822
69874974,1046.5773914521394
34594425,3174.250834032472
14874183,1875.089725555826
91643227,1430.8805020451086
94998930,2600.3006028557734
25184219,1888.0432728761332
78637662,1334.5350957130056
40102355,1937.14048361732
33004293,1599.6894215897555
85498300,1770.2877475989533
37721019,1604.8409633092667
78482421,1459.1007657429393
81912650,1416.904182594612
86410146,1633.03489122496
69095320,1081.0525511959877
56569332,1424.1440540507674
97340317,2914.224472868168
37533494,1281.664867258634
55430447,1009.6559375639632
45610406,1265.6834722724839
64085140,1736.3264479728518
81416250,1458.5574905900555
70034683,1643.912692916852
40315264,1977.9698420192506
73160601,1496.1666301473774
54677638,1881.6921895378462
90571590,2026.8047842779358
84772888,1747.2000418196437
90285847,1822.589757910081
80203339,1683.6899204368706
73536003,1122.4150020478614
56021479,1081.8241165110378
10526589,2291.2841691392587
23648848,1667.3549306737286
27805990,1598.8178511725896
46740683,1860.379727098921
66243364,1431.311448146123
88626421,892.1872103796571
81009655,1801.9570518082978
47576712,3337.0430168687794
73803450,1127.6358691334067
47427075,990.7515462126113
72540520,1665.2545979640329
55407503,1876.8359617579752
49275948,2621.0638505328347
74312584,1748.042887455582
84174297,2511.43709538055
96261162,2317.2590873277463
22879870,1740.7552407584224
13933179,1788.6339747913987
20116066,1281.1787718782043
38689361,1197.3456902876178
63156536,1734.4237820466008
95340838,1743.6781364208616
75352375,974.3170251225818
48265534,1671.7894213519194
74912030,1009.8038042869174
70071430,1691.7651263597209
87025516,1631.2177267999546
52784904,1299.5971016467552
96281041,1907.143794975735
60302206,1853.4108995551346
88862209,2226.4032842526613
66359731,2051.4776440930277
56582999,2304.6455522125993
78391067,1515.2752227465971
84566381,1723.4384834748462
15548328,1313.7278654235447
49432086,1981.842393675108
49054075,1792.8262094801953
71689174,2008.6278066129628
64196832,911.5565464356083
85965917,1787.4128051267062
30935690,1338.0300059568574
55460540,939.7511526290093
89457485,928.4764044287908
10188743,1366.6609723687382
58823191,1166.5444956589035
20643935,1912.9073378042929
40325735,1749.2502660324049
91136520,1931.672075521472
32259671,1874.077142127044
26400774,1147.3757303322488
28057887,1219.004711632174
82844555,1190.2629470141762
51111773,2187.8418539198133
42987529,1783.377027223868
62978911,1310.8307144146754
11881525,1254.3859340263373
86857890,1560.165741549692
79797628,1471.2122658374064
80357222,1637.8679040830123
35431033,1801.220864904319
99201502,2375.25779992742
90452446,2306.316343314299
18670977,2897.9536055263306
66979442,1992.138384844831
93738605,1442.096539841277
29213200,2063.797528589845
31107212,1869.6215246984157
91594833,996.9113549728908
82943336,1293.6277438646625
68443662,2548.9934174338086
93641230,2193.335166473078
50244475,1370.5479847772056
87626955,2136.355292858427
51387553,1367.2994068403884
71504785,1285.4588517866725
58768482,1619.0851715525325
47301702,1822.8915108247004
46285200,1704.8941045908794
27113638,1791.9656519824869
63361835,1219.25794945184
42709073,1131.2185402649961
87920715,1068.2150728377821
59996173,1849.9780419645797
97865712,1242.8222518457708
76462362,3013.456057920275
38643308,1789.8457928106168
62694540,1677.0937439054749
62141335,1234.7529846295427
34503041,1506.2662388212805
11311229,1038.2797141789476
51623206,1657.2584892766836
28560163,1737.1162776673937
94388349,1984.3039664430917
86256710,2427.352004098544
61215694,1622.8955061505037
80946911,1741.4251253295934
35537651,2393.086948303356
66755381,2259.9746408797137
73455092,1157.6021541650111
34041393,1596.3164797174159
30484078,1752.5174607127663
62329986,1682.4319613867765
62897188,1401.0981351701807
51881772,2158.9655148576526
94211751,1122.5109175945468
61613645,1240.2371736249872
71479652,1913.731947729791
85310501,1519.4626965645468
23110318,1708.6971911250405
82884759,2070.742270374342
51095836,1648.4530596951738
52772048,1192.676939728249
17245854,1358.6300382513862
96708865,2236.8156048002115
67276218,1677.092725209698
89528454,1161.9862228151007
73044839,1435.3469407659877
92820854,2051.9445591774934
81415527,2244.453208776185
54704500,1458.0622584498387
62696690,2119.7757412128312
43848311,1705.8053837137381
30447397,1185.2802454991913
96343937,1325.611438201814
19151468,1425.9481451129573
75047192,1328.9326334915181
29891460,1529.8368696571047
47625277,1438.8370750974782
57930980,1450.0179631033552
48354539,3255.6914633167335
27628114,3247.2132142253986
32690361,747.2447895235385
93744019,1159.3559892452884
99861438,1452.2948412190508
30181088,905.3838352932111
31181640,1916.2875132846273
44766788,1306.457882512217
65594080,1200.2264899128802
22508377,2205.2940109300703
97181173,1746.3005365109652
17420303,1587.9102246027016
67800143,758.3654579217007
33454469,1755.818052344715
30418520,1779.737572414181
89752463,1184.32357117724
55142148,1859.0781041480282
20848293,2375.005612042628
12617495,1300.3833506984547
20378275,1695.1630919811016
37172337,2004.0530416210095
21839038,1236.1773430493276
66993155,1445.7432336491097
41249770,1159.9846277112754
80181790,1671.6267302766526
36248478,1313.3714179506037
99097401,1417.884383001547
16998435,1102.356332495781
28345246,2206.6960441350516
97230601,2368.735855602685
67442292,1637.12641909394
54477624,3015.770413942969
22866548,2490.879757556297
86504569,1670.9646090963836
81257074,1385.7467790570804
53101206,1294.8579768273676
77626907,1799.5949094882
15402267,1147.7928583453686
66190974,1497.2301989854445
85276459,1955.8447649991851
61882567,2321.182966412561
67503548,1574.8513618385318
80801220,1347.5072266377806
45827465,1716.0807694819596
13145303,1547.3555950861619
92842662,2236.613581731306
73150077,1788.104830719676
10904048,1007.2478319840286
89655386,1593.9781606267957
91827598,1314.1688453517284
36736446,1340.5737299625034
73791907,1293.4374266894406
93237533,1173.225772853161
29020722,1694.0923209431378
31344857,1039.4163987792754
67961594,1253.4635842366797
82896045,1353.7992002797903
79782925,2037.6823644630367
65627534,1729.548577296373
51055429,1701.3444725374125
24073352,1393.193219856298
63468697,1603.3317679743932
69815836,1200.3486009999754
94658489,925.7396536078186
89803063,2698.686554769474
41826065,1540.2420040100765
95957321,2851.767339569654
72164672,832.0560469153355
88171071,1075.400574879851
47273090,1406.308592176598
19574799,1124.0655545940106
74042503,1361.3172525758425
73199665,1946.4550257852354
32553552,1755.987018886717
99007181,1404.0254690750844
86459252,1750.1602723826798
33160158,1359.1366057874309
89403244,1900.789340811538
83607429,1815.5676610135115
54979491,2012.2785009052393
34711897,2191.631590231418
76049090,2353.4189882647484
38209438,2477.243922446196
43607471,1304.2117088516795
37603490,2963.7784450382273
28133465,1564.9977597719671
66543688,2110.554704574617
13310180,1349.104769470349
70639698,1314.0443424035107
31227382,1615.9866882732786
27953042,2021.2604384816743
62042217,1342.3449565966832
91860613,1313.0451516963549
55497701,2879.2666644220326
20529003,1349.5857177606947
95270433,1547.9152403650457
99713042,1468.2831314744196
78850782,1451.7829739126837
57339822,1192.040840672077
89910926,1711.0929848772914
22738331,1658.995747766297
29399410,1522.6745347161243
48960030,1559.3253240967042
23209349,1938.677331748828
40869262,2673.7208186486005
13469481,1575.8256342003745
37901584,1281.6806078458826
15827667,2084.1054200519156
36279211,1307.9471274136463
60254169,1411.7701806786322
15666676,2040.4718052005041
83527323,1374.8375497540462
38323312,1632.3018223600332
16145827,2397.4762606868467
25816799,1917.5496445703202
31540608,1122.7618262407223
78332853,3726.726300780628
50241601,961.8355135018381
59793938,1966.5316511245442
99765396,1507.9310811447992
22142241,1878.8238065980097
28238312,1066.6488285881514
56677251,1706.617687905903
79286536,1907.5186149526967
20049898,2449.0457277423825
79883465,2227.7619940752884
64419086,1250.139674693753
35428504,2162.3422564948355
83636473,1634.535222752853
91911110,1346.6560578450728
94747885,1476.6014953744555
77052407,1682.2866998972183
89274668,1316.4594508851635
65429257,1473.875157912178
18949424,855.587718328562
78354959,990.9326141587209
38613499,1866.3080490920427
99410878,1854.1044650024269
17066881,1587.8495198700668
84559340,1848.5799793842166
45796615,1644.847041693581
18650747,2181.244057509487
87098836,1617.5989514066657
18956602,1718.1659889254538
49896714,3165.2318238772586
51066559,1133.9677434398413
72393934,1437.637244924005
63389143,1045.570475554237
35204339,1488.1422207370192
51345357,1289.7614643170432
46322354,1593.192552277914
33951394,1708.7869767099935
41031096,1179.328861216617
42228451,2840.314743037599
41161057,1004.0139556413282
98892524,1529.677895029479
19811103,1499.1449406579038
65448488,1519.2761663600631
32428376,3110.1666231476343
85323274,968.6211617184725
92258087,1553.9602647692986
79217297,1610.160900308032
11989719,1641.0712922599891
28471365,1358.78812643186
34542074,1582.3424695706442
29164293,1559.8260531066796
84304086,2035.6546740866004
31817572,778.4015595231389
77771839,1340.663453301327
14239440,1293.8523173649028
46882099,2097.303281071676
38983396,1451.0528165340609
31683463,1611.4175423115291
78092716,2007.025735744787
42013895,1651.7296027825957
65197071,835.5360882018955
64495960,1331.4962627057287
68745703,1369.687912294025
51390927,2025.843379127018
94850983,1570.9163187969818
24328415,1197.841768281428
85572847,2157.1433617017997
42303463,1416.668105242881
48215084,1048.3017761428869
35427122,1624.8304988681236
62307341,1878.2185365244382
63212299,1956.9016731061756
97856687,1609.0023404221981
35540248,1926.130029960538
41303810,3360.813933599201
72749855,1669.4305068866138
21620577,1255.4457852935698
33846878,2897.5265591894185
72596574,1758.2432493651565
85230815,1183.595801187132
72103187,1265.3929696490047
39368813,1655.0019981409414
77055150,2017.389862065757
61280124,1753.9579299672132
88442406,1581.0421207700917
34283144,909.7160785774723
20283328,1110.6155253517582
15081148,1475.683595688368
30803223,2340.0589356631426
95977285,3215.998314712841
73578397,1192.8102998838315
23548274,1403.4761026426759
70020229,1907.0093912692332
13657037,1699.4296747229384
62209540,1074.7919869094235
69122837,2010.350662550653
56882140,1462.2747491307068
31090970,1043.9601777590656
18895583,1482.812462002849
56220075,1652.7461874917076
81883128,1254.1883325585754
85178304,1256.9769150044851
44572294,806.1971100144973
69139777,2300.7491322105616
77682175,1531.5045396952328
98697835,1335.9739601646745
82862062,1570.0336143491754
63154444,2039.6964317514842
36052607,1910.0989919770057
80221636,924.3576471600314
14612606,1109.7430300332853
22793087,1777.7527254643912
27221763,1886.3704395147902
85356281,2578.80574698627
72870330,1418.6921903212274
21631750,1268.7764805515894
65662420,1394.107666243307
94704718,1628.3495433891792
68031612,1567.5083587320398
23780065,1105.4413848628083
76854946,1137.6770083400145
65320814,1721.511916978771
98544588,1512.0980941938467
66236365,1301.8028038212294
33614608,1829.883586393414
41538321,1312.7047656196755
52604597,1434.4114632437497
51929168,1044.9208055569745
34989178,1461.7101497480196
17968995,2351.141385069474
17104507,1598.8096071369957
31799006,1156.0364407875636
80534303,1553.639623819036
39486975,1559.423618482262
70473933,1411.1807643311467
39315812,1616.5879707246754
32664756,1869.0011669795986
40582877,1523.7341743201619
14853484,1517.309321401041
72018275,1952.9174340724628
85501233,1740.407421459511
62857702,1198.4252963235103
37589957,1378.4508355147907
75861106,1234.6196170677927
82048801,1967.105874221181
41226392,2278.586937697251
43191623,1111.5160533387038
98896014,2838.968743982023
39009427,1117.6396175060224
67635937,1999.1364856202656
93989030,1555.2449476972286
58213050,1274.9530459117398
39089500,1630.6585789014462
48099206,1559.672747509375
65115683,1570.3449071983277
19072238,994.85052908698
50691779,1606.4448698764475
74240054,1654.5718673875215
57606331,1459.0643008705413
50124096,1730.4872929986245
50596395,2028.6539728133316
96230340,1494.3010829545103
73626141,1873.5948906187375
12420303,1370.7756640669052
64008469,2041.0314273664687
44066450,1944.108252131024
27734466,1026.9612488254998
30219489,1246.2741345272366
43296487,1449.8232476871412
22060633,1962.1864484280945
23197881,1471.8847774982507
65499520,2169.825742572784
42012431,1323.051311690961
42076492,1587.5630798801287
92931745,1576.7351232570418
47924563,2085.729460406633
17036042,1564.7949204080398
79903869,1026.2769467460014
27876581,1338.8033533003372
10911722,2037.5912338064354
21207465,2513.7772155201283
90406241,2287.9564494492474
92048586,1822.022299204844
72112785,2135.788315144914
10881048,1602.7652595520226
71511312,1336.742828609013
42854203,2087.048207016431
23271785,1751.6764832829058
92261360,1461.4084795359954
14679655,920.1625615088966
90532154,1447.2065747030608
32402071,1279.442175230738
90864060,1432.2349607002736
27274358,1188.6617512910498
26334631,1664.9188112208365
39224642,2001.5819716346982
19272671,1796.019527299185
77841869,1230.6613002463935
27204546,2087.932760407267
12405459,1266.081194685941
23265034,1847.4321462571127
97633242,1451.5810867476755
15746059,1382.7897952713372
91462754,1831.8493527221813
71359730,2362.983782015183
61463575,1138.869074231073
66429439,1310.151052662309
63351764,1072.0743791326997
96265907,2665.5639293143504
87085441,1489.0376604824935
53920662,1584.1843714400438
67679919,1689.5606837482455
96779897,2666.1453550954798
27837717,1640.608992288705
37035368,1788.1582182354953
26123523,1573.2564021941155
79652243,1569.568455362916
91451403,2259.4758261171055
29758902,958.3268766779402
47019965,1846.3384499385252
14375753,1642.2049473939928
85119076,2176.802600223358
58032446,1584.568779435628
58129049,1646.159957893004
89574518,1293.4112206472994
61206117,1933.6964511816714
30554474,1133.4894741885148
65452020,1853.5721871019937
97089415,1852.8968159287815
75395475,1598.2673336425892
58881030,1673.940534832486
49402947,2925.8013582663434
68947111,1828.51066511389
48259609,1628.9870323766838
46561397,1611.110583214416
99687364,1978.2121555727324
91051315,2341.178958111959
88446486,1895.27168829567
57583992,1751.7346285766175
50054814,2197.3223986536495
42048168,1511.8438993888706
49480319,1476.6471915893421
72653841,1819.6168424338475
93923592,901.216290184786
60863343,1614.5471182209108
64544903,1237.9860483155642
13683649,1458.3434541193492
35441685,1572.5065480542057
52702103,1163.6263624804246
33316809,1366.7205871267304
99319395,2168.17784343997
42958811,2368.720585910128
79034999,1387.1700251641585
76692806,1152.2945210539722
12247918,1742.0815901776682
82872484,1733.7917551912635
74712172,1790.143291045279
40198101,2276.6285913411493
21709825,1616.9130755805236
56134477,1499.546268468562
64741940,2010.7211960310851
20094279,1612.0174893047867
86415472,1270.528864486688
71923505,2188.2938138267514
86463105,1595.617113216975
27182144,2382.2433461042774
78605487,1318.917605864228
61339703,2467.08327671431
19457777,1597.482562915933
14282521,1585.921820645183
53055745,1593.4816237037583
64045100,1214.641342320195
67336212,1614.6465748007522
30110453,1829.1947640395388
84766140,1219.7712070892428
37132913,707.1676947499972
37337576,1570.4047377094605
81785280,1381.2040077842198
33749639,1481.101407499746
65293655,1640.1693067357935
99472212,1090.4670485363163
78611736,1587.9627697609528
34109955,2302.967148281496
85732620,1525.6004894162695
22271257,1828.6539960265925
17111467,2849.9819337324675
87529909,1378.1904061026926
80109140,2000.4415967914442
74139761,1745.2140587659303
46468468,1332.3322708716212
11871024,1816.0593087895124
38948416,1311.0260090256857
79710564,1573.9369874283086
76775271,1495.9409867671388
39022631,1157.3529628870435
90991831,1866.6057821889124
89162323,1761.6285390652602
23588134,1481.9027353419428
97925196,2991.854946757508
73394555,1141.788247161477
81939394,1069.9972980238251
34503849,1832.9852794294934
97624284,3074.3296682463324
83688015,1650.067322086962
26753007,1174.4694546759874
87953339,1694.6763182356995
63187534,1400.8579610121835
67816850,987.0198495578096
58193423,1292.0444281940865
63256520,1459.3228173777266
14482256,1156.053617617871
70047018,1260.8671144703846
25694473,1318.3200333653658
18876734,1322.1081744901821
24815106,1515.6794993581811
32093953,1238.3962830789794
21672606,1947.8838625532603
51265019,1523.717988762459
46633682,1371.2546076113933
99505720,1828.3289261526006
72684116,1779.5295475944806
73603518,2086.0542936155002
42812113,1976.134386434874
91497924,2008.5136963564146
94645725,1489.3880201102209
83011406,1067.0495619984656
40459671,1260.5215277274337
28128683,1458.6777769261828
89799485,1172.6478780237035
78077056,1346.717769675533
60018274,1894.505558759918
63035070,2899.7608574274736
50452662,1878.9929237931324
90748238,2285.3209417637413
19626211,1317.7761475148482
76831160,1588.1541910873345
64430456,1244.0174176808312
21788725,1643.4298776660355
62692428,1150.2473024246679
44601450,789.7933763129157
84918858,2192.4412608832936
60654538,1789.501156186071
33549671,2515.3708734366387
96482407,1390.673108036479
38139452,1571.7258162053683
25148521,1517.6437453909343
39090111,978.8674156838615
37364225,1789.9611978493874
79808740,1615.3928125253265
54570288,1895.542751721178
81519320,1497.3763277736934
61290981,2080.189064717773
82595740,1458.58850591091
99018938,1565.654101035753
84429722,2238.297881739595
70463415,732.4268256650059
13251670,1451.5066441584606
63915791,1847.892479874564
37156544,1865.228757503783
19087720,2278.043402266154
15777066,1575.700809707006
88419707,835.7109155321069
48515636,1502.8127506835722
88810042,2105.099665464424
55078871,1604.9392564797345
82278966,2189.519912166422
33265741,1267.4378453879985
64678931,2013.8601780739623
26504939,1336.7604223426408
64056925,1670.8335316016535
46046461,1452.1726742960059
47352478,1451.2302622483771
91442238,1943.3522184825017
89293921,2704.8976048023196
12378808,1266.4812281571353
10153799,1942.9021133027625
21954731,967.9107923127902
76938502,1553.1249445408307
51632874,1652.00685678442
56510091,1900.3160760308551
54773302,1563.9521447588902
29181400,2375.2944847489775
36937513,1312.7512268937778
75732466,2280.6795552790854
53117846,2370.3472715201874
38538746,1805.352424275617
27988038,1873.6087551901546
48886162,1672.6721192706054
24085686,1236.2431234992694
57820012,1419.9550379907548
46878225,1112.6575309869338
20632751,1498.0316533034902
47775231,2875.8503014491816
46789610,1711.3484869332644
72806360,2334.2231488522766
21856002,1049.71617070875
42319053,954.733075874257
99630613,1049.9726710680156
61255494,1902.9692791133787
76945971,1361.0478647942832
40393163,1896.688432424875
81941837,2056.041596221396
45930551,1273.0002604022932
24573538,1776.2119570373459
52994547,1651.785404507375
28445231,1653.122270252983
45643109,1921.495687610775
75887247,1220.526937969986
46367713,1366.037556133974
12575157,1695.3746280960208
85076068,3240.813636580761
84603623,1195.5761917471439
45514815,1396.2072775869156
52278951,1368.4009037059625
50360032,1014.3350418097696
52896193,1511.6689360145479
91847198,2814.5716616390305
25179521,1474.8806823459893
92545328,1857.3361636230663
75231573,757.6141080842867
37926120,1826.1348181976418
51096687,1702.836394352127
62646217,1204.5765229974886
62619222,1766.550383875449
39457866,1402.14819370007
47130686,1558.0068861086918
78763249,1240.6396967775502
69618147,1980.9778078822665
64127746,994.6786466159019
56593004,1743.9873684701547
97403924,1297.0287844013694
73948550,1311.5276991749947
11236514,1769.3496861828582
54389520,1237.2945610454974
76068841,1385.0986042835382
59631248,2505.920482479521
34575405,1402.614122355145
91359645,1424.7678673749817
14542871,1109.0148110449027
37836409,1316.0210588585414
99958710,1175.5491191173267
50329848,1802.0943597169692
55825298,2150.614771270126
43158591,2226.881159637162
95022900,1240.4413641600063
11903900,1566.290943852833
59905554,1208.1310474578643
33394781,1964.3445047658427
85262305,1771.269317156154
18156267,1847.6058100907278
77719072,1368.8995196525652
72353806,1972.6147496076305
61973490,1895.8903285265496
80257850,2231.8743221228065
27763246,2276.921794142876
28152447,1027.1141626706117
40447839,2116.8856815755494
88401173,1480.0667163625353
77151749,1800.3308511560886
76938434,1373.7772215041482
14595997,1029.9562983043375
22245783,2246.661760496002
45164346,1446.694823813344
44320199,2048.4498182546213
35470526,1514.4709299675271
83276172,1601.7227702173877
65081928,2261.957890466333
34774976,1259.2693515671185
10096416,1476.1691808221467
76574726,2653.847564392693
88509347,1965.4590448590345
11304650,1388.670258126219
26418453,2250.061049482274
69643263,1498.606961696283
30241547,1289.9972588447565
89725513,2621.9584916712292
32289745,1829.729260128337
33888699,1374.3723434318244
67508421,1320.601477293149
86446610,1431.9809112900452
71641515,2580.132105571845
46243423,1647.732058865715
86921194,1684.1727804702718
15222892,1659.8818818191878
29435694,1568.892979908027
35795322,1891.345072777482
39026338,2123.3068810430377
27051431,2020.797187975552
91107111,3038.139311546581
76674186,2251.2053138739416
17932616,1343.5363597593957
86326117,1199.9192756799878
64151997,1811.3823961980424
