customer_id,monthly_spend
20451981,1703.2760745592097
23251656,2593.364693239587
64082260,1486.6602289217963
82505923,1946.806863003487
89981994,1505.1227596057706
64973937,1319.1846181739218
27610278,1992.6442183766808
35883083,1276.9024020570223
20490020,1633.4564601350028
54517670,1356.572667916335
94359232,1680.7951398993669
17326886,2460.0342117299638
86594167,1792.9451443613004
94873255,1522.8187208950242
62944765,2385.000325151174
95482882,1302.8011002186208
76963069,1463.6768450877478
25112257,1506.395329965738
69916855,3072.1055239743173
71088357,1346.5018370856303
50168897,1187.985878153327
67403679,1454.4894001025543
55474643,1223.4442304726663
54852556,1489.3374111511048
63667529,1553.75967194585
48025998,868.351330686304
93351324,2178.1023553941022
18887996,1567.2447825336285
49568688,1658.223079669765
92911099,1603.8776704025029
11717924,1388.226225536396
62085471,1696.2532390460742
78336143,2137.436344037896
13087851,1413.506970316675
33506258,1248.5468587875218
61356554,1985.4004703051528
11967368,1319.154090959831
98374877,1528.8190902872557
76845536,1847.7362054442772
59313599,1245.6522966666814
41041059,1672.2071519621413
22292838,1442.7614849682764
99892065,1601.8070584082543
78345355,1248.4590802452203
85986903,2830.604585147758
27715035,1767.2795776365094
66099730,1374.2097791103938
75346786,2328.2974565278982
22860710,1773.9302576412695
65958654,1431.675841465041
82607442,2132.8248261565486
43471475,1586.1077585365997
36465070,1401.992818619678
21931749,1412.6441825676893
66815930,2590.0989241025095
44485157,1215.1409889593256
78728059,1627.1015475913593
89264710,1452.4893454147432
81874643,1797.5166934922318
48603927,2315.496036663596
20257622,1190.0622824232312
88360790,2138.1545758198213
79411556,1625.6842416352451
24819092,1428.282995027281
74678656,2349.724540435305
22548045,908.1165758082891
95827783,2066.1078191471934
60019526,2491.5822190253893
82548254,1641.5182640663936
90453319,1502.2535879171674
15312091,2106.3526058033444
34786964,1304.8034111882002
46684232,1232.9655074783261
84597099,1738.42130233387
98134524,1132.2401665153654
18531043,1683.9579821191312
14953383,1570.954807533774
80944054,2088.140703288055
34873753,1445.5302808215467
95577033,1586.2307688706749
50215436,1052.038752694329
95347203,1609.2689568032677
58614046,2009.4687726308334
40368791,2010.3871288260377
23316775,1886.4015465909072
23331513,2160.511813788175
40038060,1411.3695428350045
22096579,1341.5500032327252
24978810,1589.1694803590528
65890694,3092.077976563322
47906818,2141.6251900598504
38478694,1241.5252782394916
54797755,1396.2422039291205
44533278,1446.9662975290469
58182080,2207.8500292909903
67491014,1699.6337235343658
45798475,1785.5116661393179
41586132,1635.4555848023224
22956540,2523.67588792159
25367334,1926.2915501161688
70503250,1260.5062263387977
58307796,1198.1652231274204
59859757,1217.2226206862103
47787665,1311.2003620088897
69610612,2068.888529481328
66658967,1515.275022918191
37962749,1357.3936439850745
87675902,2119.0641128587445
61682179,1444.030578404235
78073125,1228.0377509833202
73229345,1718.7064291855227
43171437,1886.3975236571587
69766997,1648.7058598226126
14939250,1409.256553639755
12328281,1426.3079287792107
76560997,3120.22189384248
57569914,1853.0807306274448
20883894,1797.0938576817812
22766188,1585.4143472512465
62905121,1380.7337304099578
36295477,1173.0319478965105
55610529,1340.2467674100374
40366302,1149.5083948423944
18624954,2039.616153709377
72668820,2776.6367352215752
23817472,1592.3178424087935
99830054,1762.2644864128192
63410560,1303.2138601934653
11811963,1464.0092443000513
68778133,1882.852116651932
61211015,1018.0080896093402
85223112,1745.8778361345046
17785980,1804.881914925559
51523712,1463.7405873969967
88242319,1503.6884712450533
66674532,1994.275889498028
76442132,1839.0444900856332
84193848,1419.2369580584511
80878809,1321.9870873394073
92088473,1173.2090412524592
18574912,1099.4522098396578
82956926,2368.1613356128028
57265640,1578.3701197605576
27961225,1184.0429547402018
65404075,1399.2768462432723
98698597,1076.6759749587056
63221757,2585.584212699058
45396691,2241.178780588358
95724535,1123.2034601390155
98157590,1896.0796011737518
60909030,1519.9397688335898
20932142,1598.0864505089803
85604729,1219.9661729301529
25410553,1176.457669304233
76477501,1759.9158809044543
29459273,1920.237204393344
71879657,1119.9522859894066
67115179,2080.4134695858966
82348794,2139.56423041165
32880748,1387.963535070272
36203607,1573.9270693367303
20891850,1311.839101568016
94570583,1323.8314802933558
47560755,1340.3298508982873
39752876,2933.7354425845356
68980243,1593.78543269606
71143374,1454.3101824229054
89917748,1982.9975290763507
30461949,1451.9653501023058
67458886,1072.8422273045742
44166816,1261.3547710096666
48218923,1806.4097257057015
83104523,1324.298338476549
23739634,1811.8000904627952
45544123,1706.7779320684142
72316980,1719.748378924823
24805396,1341.3081235812701
85045576,1839.8620448660752
21314164,1769.0055420034905
52842656,1187.7479216214697
12382139,1731.8319837731158
88152347,1580.8387480123422
49270171,1873.1425508603418
20221404,1366.103628832694
25851974,1548.8558282060476
95701680,2229.667408917677
83739665,1022.0884912395297
61996348,1617.2855995149707
12797236,1776.7892637689945
25554853,1317.6375554045192
72618187,2281.175633122535
77583489,1635.596051200855
79450582,731.0484177767788
84595636,1689.356860592086
89981949,1407.4380430505046
69424476,1452.1798052354443
55064308,2189.0001323613683
82956266,1740.00449649962
60185159,2142.109437828324
80612747,1701.5461148429758
41303090,1406.9503806224166
13517787,1859.5490447777156
34078093,1473.4569490606148
69030112,1685.1882549934533
61791328,1732.450004504795
51789245,1233.5729642667961
88068699,2525.6886052087916
33399367,1402.808551449886
79597553,1034.7324490371573
70695101,1506.6234457891057
98169962,1089.8661431163125
89251190,1657.1774393879564
53044281,1912.284455242625
73528670,2625.434034436341
14751149,1685.7814256426532
61490053,1589.0888162803724
51385275,1530.0571758693973
41764194,2544.6096528992875
96598282,2087.8807973326466
96823449,1301.0228036695044
30931247,2048.913319664315
60872668,1472.438094479413
97835669,3046.5512040715957
36785828,3101.4140262896226
25812131,1561.2025071863977
38410800,1913.0617870280191
33023072,2073.3398739575605
48250594,1671.588318882687
94891015,1341.1347876614047
65307671,1265.088762716891
99621779,1903.5064225417525
83959755,1319.9305539093803
64535310,1392.865949716593
30594968,1692.7282797491662
10263960,1370.3990594672591
60876075,1776.8212450265978
12217583,1898.9127257164416
29989580,1176.2986271580614
31184452,2062.612123326881
16182148,1528.2687329999733
74700470,1724.1452723265543
53084609,1169.0666061051772
36052930,1386.8056293436168
86583512,1148.243768667109
10930793,1859.639891614195
74179918,1018.0210868661084
89853445,1313.4805806635109
75258370,1180.075761348068
93197004,1702.1292101676852
16551408,2045.1402728757853
36115326,1923.3478231575634
47243451,1585.6572648414267
90773939,2294.9166692143795
30735291,2259.3586071876493
66891211,1178.675113790881
77142249,1186.6334904905516
24530798,851.534454049181
78204046,1485.8372346634692
60230110,2097.970427516186
13017302,1966.5166776401586
21044447,1457.3742321125876
28976655,1614.0659554968797
52214813,1607.0292158095629
61575366,1948.752363513672
23125986,1107.7762942092668
11614855,1303.4493026621903
68090330,1669.7901125418432
31241329,1908.7058358255194
21561157,1433.2512617862837
61917300,1543.801830125914
82147824,2692.3801540396503
91513421,1293.798685507593
30753790,1619.2903438347807
33700064,1250.9028502146843
86773406,1369.4037788746425
41719197,1510.4012459044584
67399596,1256.9286099557119
37696535,1239.9026236568618
15791208,1296.9389148152595
24348676,1121.459206538832
24480974,1795.0659981686235
49440078,1628.0948027020077
48242779,997.6429784485055
13405947,2446.5531333381077
34531671,2003.9600285028578
63652222,1326.0428010338637
97745210,1572.5738014180088
48557187,1405.845255682
79801016,1311.5683878578016
93409518,2107.735440442587
48891463,1096.0429443178302
41134793,2199.7632183226683
76776302,1704.3762057291447
89505130,1436.1320288207005
46129267,1461.8905622816633
57862630,1102.1216855511884
32227094,1268.6482854544684
72887559,1658.8855697430754
97826236,1319.9826524143377
40250768,1626.1996204667278
56765848,1254.5458058840084
11244823,2481.773378781205
40189321,1560.7023008693889
68120430,852.4103527581685
64917610,2191.7285877347754
79290200,1228.9270914035828
13110537,1649.5709150692417
56816135,1188.3952947278528
27525357,2664.406814821575
71914367,1797.755562567359
23989491,1161.6086525945539
86436168,2045.0044884506806
63499286,1757.1721747246338
18619374,1743.5571394000103
52222614,1434.1681041776462
75467866,1332.1710306942055
28926111,2151.046694484659
98661834,2774.1117679842546
73087852,1414.0411390193713
48887326,1968.2950453771844
87383314,1731.2244605560495
88682579,1836.075820283297
12617324,2717.942581939961
49224165,1364.7208849603446
69951588,1656.3074770714668
11713703,1962.1689510579577
59435002,1674.55263620919
61153563,1522.6341792502428
57206499,2560.1697630269446
89140242,1635.9981050158722
95100771,2372.065523091511
32638417,1196.6656148578031
61625712,1290.8306634942155
61250133,1757.7677995757972
17952873,1476.1528195031308
14513813,1330.8845590962726
57500282,1262.3753861906268
51340284,1368.7702850161736
35897956,1561.1119783361619
21856280,1692.2937247893626
36786275,1409.466480550184
99178725,1372.6929141823116
48955886,1899.9894713474655
51811678,1547.1560171152046
81930210,1757.177108485222
49161318,1705.3356185100051
24723720,2043.914430463242
14950936,2216.4068484093227
54638593,926.2918036609872
98115682,1674.4709253436918
10533857,2240.8066608263425
87478097,1532.3811512066466
60429975,1999.329779968526
38969729,1523.7065130756537
64656132,1500.3577958172368
86963086,1428.8414283440775
17268859,1387.4785610673482
72142121,1730.9155287202968
91574809,1593.4848820248005
54272037,1842.3007937731004
16058661,2132.1020942221435
74133244,1216.563883381743
14281752,1600.2906617835702
46666867,1055.43338389017
75686584,1762.0622268997556
25546684,1411.8618612909586
80619174,1635.8934088475553
61749604,1482.8034583959181
38248391,1148.2415363705668
16877088,1180.7459741355892
99140321,2051.1702173911717
15975231,2737.411057588952
40531945,1522.5759014093915
71708672,1043.5398813789334
85030779,1717.253825923417
61117487,1216.82781873184
42638536,1839.53571201358
82326061,1228.2788445630079
17028661,1375.9230716078978
26048783,2010.573047919099
34262255,2280.8129049271197
14326462,1982.0079768233463
93816989,1454.3770612105673
23690395,1636.8082931000947
94999262,1683.2138257049078
81971277,1408.3512876138439
90562416,1560.366210528196
95799765,2150.972663828555
89244724,1859.288324902904
83879641,2779.988442661409
96424387,1629.613345909417
51051501,1351.1037873606697
29249441,1626.0107905540915
62893412,1323.9922535527492
61417835,2205.4599414342742
62755928,1433.6679920724057
66501572,2256.865327996455
76084740,2480.7228891471036
27624326,1821.6610513594474
86757966,1670.3651999206909
92455037,1217.5320806918633
67852942,1903.675631948448
30696098,1008.9969431759828
44792329,1301.7837280083158
10390388,1413.3298114113984
17826936,1843.129951089397
71880941,1624.7569747471982
98184673,2323.200630710741
60002125,1296.3031928071223
34664804,1283.2461567950463
37594595,1233.4729448397425
42980815,1854.06679544158
25819880,1556.945551357103
16484408,1841.9377191867266
91766904,1449.0546513500126
82866803,1633.5767963688347
82424284,1582.8487179434594
72903422,1554.8830809327178
11480750,1692.953902183827
96983867,1670.4882922371146
41426492,1333.1027971345059
24002286,2111.6595065318506
18056145,2144.5689812512214
72362977,1228.8810703005656
15977163,1848.9177509280046
51036186,1465.352469965619
34918337,1933.1160171256495
20599813,1941.3393436401282
19900890,1626.1664593379962
27971378,2155.999765403122
50965403,1697.7802418818492
49026734,1183.2435378259227
14192253,2450.247349679572
76817070,2166.5313676955675
41164681,1486.244315034562
94312885,1647.477153723049
38527851,1276.084913772368
88279496,1893.399851006924
15498361,1499.8495476022067
17691622,2702.671210327207
43719564,1270.400493335876
27861137,1249.586512350647
20308452,1362.9944904598735
97996598,2109.8119537122075
93656677,1139.9682560368008
20464937,2066.320812124134
25195757,1486.217011705777
95231592,1833.2835290746984
96604510,1331.4527103445068
12888073,1373.7195744326352
99408984,1925.1617123142362
65238591,1451.1729064151011
24114707,1421.91978074285
70796256,1235.7826991691009
64703869,3284.4318002560935
35203752,1522.84050880658
47453323,1056.9787777038246
12385313,1281.2596004860677
54441418,1272.6818846111216
83549825,1215.5746600971088
20370209,2359.5637677745613
68357218,936.5124468942488
62743829,1665.0025597249091
20331898,2060.762162819895
43934228,1680.7068226028762
47620709,2418.7940014493097
75355275,1493.3044484165255
63446649,1696.182462112535
89051919,936.6353277894757
92954904,1667.5807396860337
64731800,1466.6063436837499
27945685,1803.40544088921
98412215,1302.2002921294363
19535502,2155.2197360710284
66516822,1680.4853622149292
45373292,1207.1953301236442
34711249,1454.0719505454208
48370651,1776.4028568183098
71354510,1495.2441515729533
56728847,1165.6014793705374
40004525,2188.458874766923
94648945,1617.836468636488
62756732,1515.042150163617
80428237,1587.2824993402141
64878556,1770.8778759993709
30597278,1577.3537171424823
40357660,1755.5404056747889
98010210,1534.8926168426522
43275959,1896.1397818046185
67938712,1462.6759398187871
50506973,2134.570439083487
27421159,1307.6500157429684
51123211,2439.238259155637
51887530,1144.0812371299266
68372581,1969.3587129448342
31184062,1475.7930526655744
55543655,1879.7502913029284
71805162,1858.5739737010897
98612541,1470.2175342084156
67235486,1450.7774035058999
35490134,1655.9238297682143
74647441,1384.8056171612
73962817,1606.0544102899144
95192638,1344.3369035138235
96803902,1616.7256534614717
97635826,1223.3740455459197
34428942,1785.7145855121498
86699979,1686.6908631525046
79766437,1958.2707250957164
55732878,1627.7123127746588
20035702,2850.433808177242
54997853,1849.6189566025032
91776457,1580.840962833588
13967606,1524.4461369443982
88365927,3247.1208798002435
92907413,1235.9994888636825
89771364,1620.4331501424356
75648081,1345.6313282640647
97365061,1239.4992900883228
29587137,2222.8004441542753
22019813,1485.8354889693637
29469529,1790.439213535357
66670735,2132.65797834064
84380411,1837.9029366207392
17040729,1898.3585878386666
25307807,1845.4380268360792
33962361,1338.449483816092
67969299,2217.700669625839
38562471,2376.5656591745633
33114742,1776.7483249338673
54307298,1189.9247379296655
20058700,3533.5156732837054
33779532,1880.2382761736592
88110162,1233.6814084748803
36112292,1418.8727604282992
38475061,1609.590858348302
92644264,1738.333930942125
92355731,2050.1812150287815
75478249,1754.951471314967
23875741,1114.4371520036639
88793850,2113.5315622189946
14142195,2610.802987638432
67422773,1904.9720576617344
36705498,1863.2572359147562
62072834,1775.8214663503284
33337577,2068.090416836976
14298054,1824.824216390613
96998725,1143.7442583427603
70579244,1688.5419577133273
26844678,1914.7455168242793
97441250,1477.7819037498978
49239286,1767.3900193501886
19469855,1137.6710595709521
82552850,1170.2166358722593
60170958,2646.133802303488
28237826,2004.936976492499
84208342,1744.5767106803858
28295140,1782.9031464467212
38477827,1588.7757114120327
54941872,1444.0566694544605
15450767,1584.6191047018624
93656934,1924.5157421549527
54273142,1338.909745130643
63648675,1277.7679709876802
31875954,2003.7375934252298
60881802,1875.8841670879538
17233443,1646.702382648663
28953932,1478.6178893172307
64958348,1604.2773724004066
27038940,1386.5048675021392
25667330,1408.970466634317
89200812,1439.7769883189808
63109620,1317.5028432256847
34692595,2060.610693597006
45554823,1335.9931344816557
50487516,2498.3138333837082
37970303,1797.9593608177543
20944145,1545.024351682766
54232510,2464.0538798836524
58289637,1392.0383153362102
70295882,1127.878173148235
11855847,1426.2303449770168
26640485,1454.3717737005159
92806514,1629.2538379332955
43703605,2134.2210352287443
75507937,1567.7346209189957
21361381,1461.1456389548703
73615273,2157.298611292678
92437179,1578.3830729215792
57813173,1382.7396343356065
99373127,1142.5589190817075
95805212,2399.382240650524
61946147,1621.883566707866
24903202,1357.9272767682992
88268253,1362.6480195039426
45270713,1343.6156662509325
67013519,1892.3822853497481
64480094,1269.7077793227857
18481385,2137.6809728636963
69314375,1459.349433648616
58464172,1959.1749209882694
57844179,1569.980236330273
65371057,1423.463191611321
22749627,1441.2416113140287
64747851,2356.151234528002
35545690,1942.5736023199845
91575937,1538.1238550008172
11663787,1523.0644730380945
59570536,2998.574494508004
53724418,1658.4139618551171
78572661,1534.7212561556207
38544041,1753.605456374231
27091356,1870.5757372035393
20013110,1146.0750974291684
11862841,1103.7580260235975
54926458,1508.8553724541528
72702715,2318.973883457937
65477001,1323.8688046361299
99407693,1382.960920039506
15192014,1742.5381525701025
87232785,1729.9501101994954
76412402,1475.5362546324543
49393943,2112.1282833749374
53853124,1301.3590998855943
17486636,2351.1893446044296
64895733,2570.658949322714
64938150,1319.4026729315901
62321885,2128.120608344377
14616504,1560.0352746683875
53996148,1966.7304721617108
17209399,1703.4307539579088
25102335,2070.623016677976
54515012,2253.3408773431092
80596244,1431.1970165261775
54217244,1380.914807506807
29133774,1536.7076303386143
60727794,1728.4731670830765
55160698,2358.247317328843
18231141,1857.5468912679994
91091163,2112.683909578111
52747750,1633.0438814735862
97932301,1758.5021829608002
77391969,1438.710698940011
64274314,2231.4384968124186
82861922,1377.9805910328882
95155142,1378.0098930154884
57522876,1171.3890603956618
46054634,1452.2091879150007
32006732,1562.1034088890428
62808198,1248.4106523174564
60875435,1614.2509402186536
15688688,2096.3530618151844
13559129,1973.9655776016918
25489744,2666.0293555465564
55669591,1225.8393755792908
10763911,1410.6661331263576
15579269,1115.0404228731625
18433265,1729.8734957065305
72131946,1059.1476803052876
50106249,3003.3739507177797
21363716,1224.0008528102474
80090384,1896.1096368020644
37971475,1274.685116247043
31314120,1556.8858495176257
73683678,1899.8878235338448
29703095,1629.0681585510695
87144591,1891.701619104838
44689207,1271.5033656541816
42450190,2944.5120911009703
92653218,1735.8915099997644
67727493,1815.8249645145402
55742747,1926.4468926569566
96941026,1238.3047231430367
89824134,1418.7813489230507
19822449,1306.0621851874273
18676315,1320.9046157164066
17316044,1175.4977543475409
81559769,1195.3976398680936
98912158,1211.346829599907
67772871,1789.8786861367796
65921862,1796.7800889142918
12636566,1206.0482473528537
88608909,2060.747465735705
43902318,992.4305661386152
59512038,1969.6490519663735
77976362,1475.5401290902657
57092914,1731.4625176617863
47412567,1507.4379986272045
17145991,2561.838333462727
56270450,2561.902390088297
47467383,1600.3636152709946
10449714,1703.3333102601189
43156511,1792.983233200636
71377851,1868.4524887309722
54093810,1720.015923914689
78096026,1363.5792493488702
57320154,1163.537322945607
45383520,1225.0798919176889
38351707,1579.568095855344
70796190,2717.695447417495
29977177,1648.2485096772732
97584339,1534.4490901346348
47886559,1245.7852626951255
45622137,1605.3205371710128
21500277,1250.6237902918404
47647928,2291.731856642332
54496344,1441.5193373007378
44268785,1943.9516560440206
75946241,1479.6045133433645
30459191,1317.0691973939704
15840319,2133.068159147242
72588739,1683.5364825290117
73017157,1014.6534129166548
25420365,1677.224052917265
55377863,1648.7100053730553
51370964,1512.1643123815481
48905468,1493.6646260494153
83191846,1627.9604586284074
59334183,1541.9080685028223
94009638,2173.504041120277
41721760,2356.1636761428904
35401283,2125.40092307821
69685525,1433.4433205854143
84271975,1586.0971766637394
95753616,1286.4176758488975
32526219,1074.0800108395895
64532934,1156.1804969379434
76031822,1686.9472148622751
52468855,2204.5191172653326
21028902,2425.5638125248406
34108713,1468.5878197457002
84943048,1238.1266666580143
84439701,1988.9772709643964
16539498,4462.685897308038
24537949,1458.3377936695485
19537971,2370.9177774498967
72069403,1315.9124026823683
84333546,2208.989512761154
11868598,1919.4892365211967
72165230,2109.757137110236
86606477,2815.189872403984
85432562,1698.4355298541507
53853013,1880.0124357481648
87319378,1588.4605216455548
32466967,1254.4511636009393
80519195,1049.8402616156368
12289146,1382.758332245494
17893529,1549.7052883561619
76217556,1441.241324723117
27323024,1594.2962630959003
86557861,1610.1037931552657
37601873,1744.0041904072568
43146250,1230.0554859087717
51498335,1748.3561238382433
46939189,2059.7001907814333
36620181,2703.9027601376247
59890806,1490.954156731811
19160668,1420.4086423686633
94555827,1459.3646019415023
73451577,1591.8855845777593
83828090,1298.279631668483
92021594,1129.8184405300017
15822386,1529.0408421558304
57405310,1291.7767882844926
22671359,1115.3301878309157
68101436,1352.9535954199068
66910009,1549.2738099287901
55778706,1862.2305932579698
75120697,1506.6461525504885
12885545,1587.9426109528395
28604372,1949.2195509781586
97297156,1372.6132420286704
18964928,1524.9168770183446
61244754,1569.0179711118226
45178470,1456.1892840890368
65250669,1410.8523708690063
75566313,1551.1757830881902
25053248,1696.302917408671
71082761,2765.399291155285
25210276,1552.7497885349626
39718089,1999.0161014374946
51364178,1652.9008847033795
31211994,1573.8666495462237
71509945,2168.902914502952
98330029,1245.5038934068732
22456435,1390.702951155624
56912862,2232.75759425899
41548833,993.8971895410893
34760776,1677.9578172240188
54015943,2382.716301462701
75943554,2304.324080863592
61847706,1351.8126034253203
79766441,1394.6305607521056
29099073,922.6062772418559
92971983,2191.3504817328285
77042656,1379.578615518511
41355522,1274.818250206435
37905258,1512.1391373715715
62845536,1164.8428157513358
70252689,2334.5061912940205
69012389,1016.3090843209387
55230723,1346.1486669929861
36148733,1438.2556646813669
11166306,1693.2191843794876
86661349,2301.809915166546
39933083,1469.8834779922
91301497,1509.4461250763973
84697954,1431.530977974104
16890490,1237.8559070818512
46638869,1167.1099216723417
44149767,1727.0488052191856
18897403,1631.3335359030104
77411533,1254.7543299167025
62885631,1919.2299752419092
34219564,1770.0522665121964
69042251,1333.054720738515
24137005,1291.5640256849958
66305720,1014.2167894680368
17619455,2067.519628973408
63065642,1556.0074429653637
43970026,1704.1456015623178
78870428,1731.051188307091
72114631,1072.4174072096546
84664219,1656.9535744563948
25739422,1431.4255027903848
54038039,1887.9438546815054
55081531,1566.5603275690776
45672847,1652.5682923641646
29734641,1457.1850458564427
63805244,1238.9402961093742
82782411,1750.26152291449
64705797,1455.0529024957307
59326862,1658.118943602484
48549098,2959.710875131216
39570097,1251.32691243553
98000370,1440.4317349693247
63674921,2012.7389533285439
16674336,1725.9941869646998
77063987,1586.451482104157
67143015,2305.132387215512
10570033,1575.601486947438
47185088,1435.4109937514522
63757190,1434.5257292739761
43453041,1461.751808765336
17890447,1901.7599628866105
34735493,1110.4780444223625
40580820,1602.700052118795
84776860,1819.4586692403213
34883247,2243.3077280449074
75437035,1875.9399821099666
63198281,1460.7314391181767
33289878,1710.5034034128564
42222441,1551.6433989096552
53518898,1352.6745377143038
77756377,1878.8191288725143
66266331,1512.5492930404464
75207542,2100.564091685377
65741993,1272.052047871465
30452290,1160.807623197148
30341625,1582.9923817584229
10196118,1366.8380190359064
39997400,1537.6100894217423
42764498,2749.289965938741
93568775,1318.0305217260734
60138513,1322.346607873016
95863174,1685.6875226474972
92194956,1550.9751452966336
34979379,1614.0467036840614
71517927,2845.1843467963704
80092401,1123.4081406412777
29853468,1145.9145592441357
95595164,2502.423441828044
47277321,2339.657193088865
95111852,1154.887093288579
49309773,1568.1468035968312
52060622,1365.8241494150698
18920892,1210.0253863665394
95549548,1761.2595719100777
28343921,1696.3841104819835
24575136,1324.2222302582334
51405326,1462.2136412948737
88024456,1641.8640127214815
61475538,1788.7811581020976
86032798,1940.1033890221217
99829874,2063.8752863890318
96251785,1299.669944776022
11235918,2228.052414389812
41084979,1612.834567209987
31949326,1456.9749256588764
88425482,1227.8262236467904
41724063,1417.7583870872902
24244868,1863.9791947409826
96443454,1574.7717345828953
83159015,1719.9538294579083
24632345,1622.8204641371876
44153806,1444.0547283367218
93580629,1161.248325457168
53277959,1435.395435991871
99759183,2437.9704033751323
55252816,2653.903958194613
41285175,1610.4708300190855
73261084,2933.367568485043
99347555,2016.27069131163
70567494,1174.9849565189152
76764787,1274.9771450508206
14328685,1799.3232923481035
66866287,1437.6455483068225
49679159,1911.7530532582773
58671247,1693.8211465450797
20236719,1461.3678273424368
34585357,1430.0478039904865
45051453,1339.719321862517
51786574,1622.1013243803795
79731887,1369.384596113289
54354970,1646.360705790932
77833826,1453.6408202010598
80242735,1272.1082462302409
79336488,3098.954772052669
51121070,4608.424752373211
15930057,1922.5695009910426
84864986,1657.8516191754563
97820091,2102.8067423680764
76206876,1462.5423480576205
34508398,1342.732853932692
15581330,1758.8918267465472
24272114,4561.514159050424
45684128,1368.2808728555353
53910689,1610.7347647123481
89611963,1718.6662262818852
19439294,1703.9931167245772
44476677,1411.4205898738176
72816714,1611.3744853503915
74817899,1955.134565059887
24462605,1484.6523386820998
62629343,1174.768236435021
60387272,1411.9281581571129
60976677,1895.3927151750597
25938630,1938.0759238910045
89171283,1667.0774306585777
23407854,1468.4135561130852
84390020,1368.922450607669
10131944,1767.4842912561346
61185673,1434.7149157541753
76507951,1927.529321916809
92456997,1431.0710075384727
27091498,1520.3651351499864
22015405,1488.8855653023531
64048811,1383.1040009466556
59963315,1787.2989450934094
99392827,1854.0171100264342
52435285,1382.6958282583812
68018936,1307.4782516743517
92985874,852.903525250416
19827012,1301.2466493147253
32076309,1331.745179106951
74459345,2024.9083381170617
59329650,1714.078710343133
70105673,1474.200635532044
47359337,1317.6205485841485
27991858,1420.8120653201345
36755663,1607.0037789300661
94560591,1836.787914387213
47944050,1481.5447519688576
49561372,1868.941212260127
96160989,1322.7067343242334
67474261,1574.3558356802193
71965824,1857.7503030355824
13777105,1810.793821964632
64739771,1424.993499201007
57691432,1575.0199374863762
21801740,1997.9102644937034
74352185,2059.348105557054
91521650,2154.802391130454
64797772,1729.984426617451
48820263,836.554156732614
14791909,2167.7648006825953
82868024,2350.1744098001795
97971853,1531.1139724479997
75654232,2981.536769110379
30725718,3290.9889098857348
83442812,1707.004364807987
62376431,1858.443794514062
45295601,1092.6529564394716
44038407,1384.1276750295629
74138589,1597.4386736928911
78812422,889.8664573539317
57253455,1886.1952992487122
10109432,1388.2531883337806
70492234,2178.0708333911184
16499768,1415.4798128407433
29721809,1619.9567193528756
99970795,1928.9225619926
38494075,1749.8020939518797
13300921,1217.7140013805492
18255583,2505.741278516817
76957329,1622.8384722138328
83103502,2237.6896643205605
24570014,1349.7016526201173
19318542,1924.8278992397702
70614169,1453.4228142715679
68374888,1364.471079557941
10546051,1487.9278850123444
82817153,1308.3716907719424
26190736,1419.2512453745217
26227414,1319.5460534601168
55825692,2082.7462093085273
65550483,1969.0707961820253
14872097,2126.7618114794163
32405281,2269.323440678496
37055817,1279.2228362626474
42617798,1611.7519059442536
30684771,1403.1678121310013
21842298,1861.8356150235381
44215525,1579.369392257273
54734331,1482.8492919601615
77244965,1441.625833676966
31618537,1816.0558754916963
10912371,2139.787758314202
25284273,1379.7857874046051
63793006,1509.598714116517
40346903,1143.3628420670286
14281423,1338.222088216167
10329833,1523.529906826934
58147868,1587.4014462211946
62215262,1398.5959323779714
11535494,1528.01231879151
55289261,1741.1968484947283
93054393,3207.5336220940035
15613905,1381.893161184811
52346993,2639.9233220952274
31426410,1888.6848720184103
11924915,1408.2403060370261
83461539,1936.035683105484
68351051,2116.894301980743
23144760,1504.546533791766
97049626,1715.1699268653779
94895031,1295.6268386557629
14702382,1506.2154437046493
22232789,1366.9481715330112
14653500,1142.3760477325195
45931554,1296.2010859359355
39099976,1476.2026112466808
65803003,1470.9897618546993
56391701,2150.506279948729
92222330,2199.222931275476
93455198,1452.0220126994482
52410336,1245.2176241448153
82423675,1486.6798129901013
25925356,2827.38564594467
88622240,1059.8015824386966
37830382,3089.9294490549864
97198420,1964.2809912173368
21477504,1454.1995352552951
84142976,1802.7163872652734
96401209,1542.8623182897143
18047299,1935.5757307507013
25908320,1629.8287941659041
69709013,1475.4426194179225
63707451,1369.5833869997168
68674616,1728.903098350093
41246291,1634.7103013258081
93099265,1660.2032114685476
44969882,1412.8579402894925
94840571,1787.4924458820956
24428966,1759.6669203053232
73406276,1857.4442296171703
74093567,1096.0921748529674
55445678,1436.7627079137967
56770356,1773.8496409631814
20116401,2028.9018166770927
23989432,1217.0664616222218
77573883,1729.19770608438
30955534,2035.985188181545
46007298,1262.8677707541342
60038151,1397.1630721088816
16169663,1558.385943616983
40454664,1885.8968322125013
62049127,1992.9505977849453
19821119,1526.3561181171658
56611586,1564.0957822846897
55267084,1204.0627130742334
55813034,1921.360254996545
23867957,955.0372560628148
90096160,1391.5358478159003
32751852,1565.9125498064361
21394047,1239.1946115970534
80032862,1330.6819017696512
22418983,1421.6425479237153
52802197,1137.0397283911598
48673505,1348.0241675857037
14195685,1279.8198727597146
22205138,1540.359300557613
96628154,1550.4496155886325
44734813,1422.272031431851
55802873,1700.2662128608883
41368275,1683.0503827734003
67686446,1157.3677871558439
97989934,2326.1789848674857
65686117,1142.7613551692223
45591525,1724.7328492586498
14884094,1485.2154104843132
60291749,1390.3264472592862
46418453,1621.3717364787608
30133967,1819.4173224265107
30307611,1534.2086236618024
76539721,1647.0306626709216
93325285,1311.6870633353822
69825909,2034.618804045407
10220197,838.4546742224024
34178403,2152.7725155036514
67327944,1514.4802161251146
58361366,1071.4540488736916
35080838,1351.9613367977188
24415695,1419.0139032239006
30354080,1698.858679220466
24117628,1782.7794975003633
62628994,1296.235383747962
51012198,1342.982306510206
68125143,1603.343341646989
94485707,1594.5252657054825
40172711,1592.8369426508982
17647583,1894.9706711386955
94790367,1886.9199312731678
18254706,1483.9976114710441
65733568,1550.8552448060302
58357649,1369.311103077506
42289495,1673.9738078122923
15020288,1782.9612347669138
31419590,1345.2240573492522
37233713,1335.1465208221707
26330225,1507.989933416399
73976501,1606.9227329012456
90642644,1120.0511478006315
63791881,2606.0512666508275
40102213,1485.3918660311713
60203926,1489.3009987030832
36257216,1391.106069234383
24119768,1981.7674204486048
30403208,1660.11495388602
39737862,3378.3393834080257
41150683,1978.2250961724353
99351268,2245.2749419681677
62692262,1966.782346423923
72711178,1426.602464419602
10083097,1602.108346030607
65370298,1551.3859152856473
84388395,1323.182344629021
52114454,3313.9367925736265
74646950,1573.0388081151837
72720701,1429.4553149717617
45732529,1531.8865071503697
10509116,1880.1709285597015
36154567,2068.930329357208
46124383,1857.0846527692556
27866730,1986.1303271011834
62320931,1979.2329842084218
78979954,1474.2364321383582
52531638,2396.6701818156257
70662494,2137.2644890737874
88174413,2113.699570950565
21513664,1213.730611567656
26546743,1870.093861690521
89094189,1904.4615771698377
34006202,1219.6900888965924
44458405,1481.1121118863723
46102741,1890.7134975817692
80947937,2133.2551302850047
73456376,1281.0801552164671
27640503,1290.1663585781105
66469621,1764.6818647015184
35504694,1611.8696346336167
24815317,1071.0201815019407
58171289,1727.322752896955
18612790,2045.2780770949435
63428669,1722.3278501042992
57949817,2288.809179598259
72876573,1417.5192479447323
96193736,3014.2527386718057
57932688,1676.6880380470868
61617398,1750.531164406188
57513357,1990.7294146176494
46336493,1417.1250423165652
56173102,1580.0670730621553
22210971,1502.25933370255
27397907,1286.342791525357
94750459,2382.2283635371136
23197778,1470.9211276637109
62692781,2387.478755825391
94164438,1627.6799271762054
19395402,1480.4532246370804
94219712,1685.2365916998708
33491568,1290.37103083454
67632603,1416.1604965887484
19852962,2061.517925593119
73405784,1719.299228876763
88192699,1453.3981495937153
29867417,922.1230884955044
84909546,1549.2952338232797
52598919,3118.575564880027
86077350,1134.5120460243056
43929538,1898.0185962378935
89992133,1514.6632191804717
33643157,1143.1495864968294
40190924,1527.5697026939442
97098808,1870.7809367261168
87635513,1507.121621691693
16478169,1884.9933497972972
79498204,1927.089736897987
62568791,2371.870260142552
36457296,1534.397548419437
29599077,1639.3328085509713
22644116,1886.103357311633
69419691,1375.1608880271713
21970018,1720.1183897139395
31666748,1372.509662403387
84691804,1850.0162862913514
19277545,1615.6475836420113
78443496,1291.5089189185549
92759112,1506.2673629149049
49629913,1511.7997348561396
14874574,1247.2913771148676
61108399,1384.3942922632548
53618559,1520.885292414675
46977752,1548.8733599735274
87695599,2142.2216297428495
68430793,2217.961512480044
11606038,1541.2438732813573
52469720,1194.2783164938583
91726930,1562.8412678806158
14558288,1437.6591207965241
98640275,1459.2899246766374
82918511,1244.7596386695295
32992592,1069.4164255952446
36930879,1720.648626890368
73360172,1396.1370915704358
22281491,2224.7415926634326
33813436,1618.760183676153
49300946,1838.0466286078513
56371129,1770.0640149095352
83899433,1649.9135231212347
25827679,1882.8840916338959
16631062,1527.7462101368524
86793673,1868.6966872666274
99689707,2973.3863587298247
69776211,1374.3288025201778
55892015,1312.7068101993898
19716865,1776.9103222197168
46860460,2310.173850355772
66143638,1396.5961293663563
46241046,1930.6422720713601
47497471,1675.4201291346724
38256243,2004.6278939330468
90078699,1953.901550999396
66607961,1666.5852978957132
15632043,2181.9842251874315
81498334,1716.9411674910139
82443801,1482.47968133345
88411591,1371.9773322256485
18221799,1610.5139352882036
30242976,1598.6181179682906
66494245,1818.2158112349268
49287510,1190.7498636046096
83370642,1112.324755295017
92348451,1212.8927975658323
55790147,1738.992806688414
49423398,1691.3875416326962
39715763,1500.5294577943496
46440335,2109.7013371644707
78128236,1371.0464026243906
63409672,2181.0795257506315
98873842,1213.4172442180363
34782044,1750.3074751761683
70391546,2027.0552845057102
76956234,1506.097617762371
41544516,1330.0975552499262
42550648,1199.081877976609
98465226,1038.7604362597542
30886863,1519.8145550370627
84535276,3132.130204026099
54301788,1365.9543998502088
78637034,2619.800842236809
61387156,2332.853199630624
71715096,1106.9551413397394
47859897,1260.8756308031552
59800013,1971.897280813571
95293248,1577.9785332089077
11553772,1926.5738711571944
91107127,1241.6045490046426
66825939,1019.0044705142816
33598864,2231.9168684202714
18818037,1658.4664061371
86800656,1869.6048005052025
45209421,1459.9810759051486
99712718,1288.0079509491377
80320840,2149.3589749380762
24591401,1254.8405153321594
90294177,1760.88653306304
14404076,1287.9505382803854
60829113,1767.57537404866
22529505,1775.3156682522012
59566170,1702.0497461560278
40149323,1515.6383474929555
40382936,1520.1936569008153
99300537,2184.7548314575047
44631793,1114.0947164288132
49450050,1478.983925574311
62395628,1540.8394003567016
30879014,1275.4429048484171
85524688,1471.490402389145
87381496,2042.9971328106778
66258576,2572.930301145786
71415255,1736.553552134474
45179604,1871.6353598691437
82676573,1822.7911617893083
14654038,2146.6398077441354
57261303,1826.007107453019
69037727,1917.2807142650943
78583522,1034.2161625981282
49703078,1298.7861936439513
78525136,1306.0596973888048
86407509,1773.3137969355032
33024193,1504.7380719550426
38535158,1647.726144812229
84179400,2038.0443341439689
24680896,1311.3958694300657
42024082,1696.3145240927713
31137878,1170.6984236615247
92689780,1532.3280707653914
93487228,1542.1135288776286
27421195,2600.209308539094
27611928,2178.677004830655
25261420,1813.3655393824652
46864780,1770.5798354691194
51909487,2212.9172266031865
37913958,1510.9354649143966
74334619,1592.8751700565424
24422548,1730.5422140747057
58508595,1371.5750429247648
25087154,1711.5456572315184
76806766,1431.7527478547258
27262464,1331.3826698225685
73422693,1461.8750492472643
58175270,2643.630841549078
76648743,1735.192543657219
36026120,1363.797757339492
87485989,1896.9942019075625
88798255,1414.894531474222
85293030,3779.4020663018655
87029422,1363.381430540098
72679949,2263.666315781601
25871017,1196.1197278579823
61396744,1390.4736760665648
63197784,1989.473912998986
49632353,2359.2023146054808
65625596,1393.6264193405625
86795596,1204.8220688666204
81433856,1178.023090433236
87476873,1536.0269253487156
98147948,1135.122284649589
99212421,2446.966452414334
78236394,1936.623164704258
60511137,1908.9586054748224
37030090,1965.5560565103356
47227545,1721.6620026581588
38980163,1646.8869886438854
33290320,1480.9000333408403
57735630,2555.4020882482428
37888473,1144.0580983102955
54251453,1373.5938204566255
85556127,1914.175029325152
26903779,1836.6660427464788
91692809,2355.541531003271
32446203,1931.402421134441
34350235,1845.7560194733258
28532174,1718.0340988335322
59869496,1294.9838862778051
37887202,1855.5241912352444
54799254,1121.6513876904144
44298051,1503.1042522360806
89901990,1407.0462282841825
73292166,1796.593044216709
21775362,2473.432425901586
36884233,1557.4671452899513
66353025,1995.3695035578703
19481125,1409.2107226034243
95336492,1319.9360164837376
32400462,1654.0738905504236
28975228,1593.5497270460405
11320585,2012.5237819101146
32162156,1247.243754032119
88724326,3294.2656113736766
67650053,1678.405751166241
21038175,1666.5732215353332
64836379,1513.2545774438825
60827779,1523.0132555559478
88997264,1931.4617335458759
44622902,1334.2105230886255
85670106,1534.6318461525148
38945693,1486.6580321786691
69337730,1648.4954326466432
22890345,1823.205206951283
93106331,1999.385046996457
56257607,2099.999672457519
42845025,1709.8397715212768
10678470,1545.4758320744147
35975743,1773.8047616855542
44298756,1397.6034334727935
66670226,1537.7179179354848
37883517,2360.4455590137927
62831558,1232.0249028555868
25294874,1877.2158001052132
34601413,2130.5963199803764
61300626,1797.3043649758827
63694211,1475.5735797158115
70308634,1800.722612339534
92846964,1605.8748216169772
32093061,2026.6458830614106
68496425,1282.4805245687169
36724576,1718.0373932776242
18988842,1868.3036644526978
44304522,1922.6333173704138
91192236,1446.8708286181131
27105876,1465.8690558246708
89869414,1022.5430365038133
45877010,1791.3770550713782
24146001,1164.2307072786182
23395701,1453.3836861577445
38974456,1495.7794389429089
57842607,1322.96449015189
51687346,1484.5546220247925
99288080,1559.7980948008637
58963406,1874.9850152500887
29443260,1888.7162025440743
62626422,1625.5331273157
57515098,1686.8595072643577
61739694,1501.8979551622092
27459512,1895.9956695237047
84889146,1420.800489859313
58681841,1019.9709914521162
63593417,2108.4752124693823
33073018,1490.6523249570557
18775917,1775.0317931315988
38962045,1841.3922737351245
67933426,1474.7378754887136
54603681,1556.185487340782
83399485,1420.3304824190025
64199110,1889.5753014200805
82415208,1563.9404748977474
87961803,1835.5795941825695
44853010,1576.7509287790374
59952980,1715.1049613672574
88562279,1204.370499992838
55858413,1399.469432237004
61198975,1528.140478030849
37448315,1632.3023976875463
19525923,1335.7349251660278
35026025,1830.384511813171
37029910,2165.6238249621797
65651564,1072.4067657989053
76546746,954.8924182493298
78805012,1491.4781513789935
73332787,1274.8252716739012
45937289,1709.8370563319404
99048249,1258.934227555591
29475704,1372.1435942581948
93694996,1359.1578887622516
18159173,1666.1269267047264
50435273,1292.4550822875544
56812269,1559.296620731349
10385151,1699.1371967936961
74541267,1880.1235367207082
16719195,1350.445698094746
48754743,1384.4563224416358
18188655,2077.6386137434292
32063627,1741.4414110827167
95749552,1743.7296345859097
95191424,2203.6435180206513
79363744,1343.1319452988482
47169927,1469.7086892803077
77108983,1436.3985291980853
44823862,1163.1613231694284
81122519,2724.015564921842
18168723,1215.986878293546
59737458,1403.6478743825273
12477444,1477.8898080525196
89609832,2254.382613446821
50913652,1244.1966536837558
42856249,1286.5965723731301
62711409,2409.5898756793567
67374114,1475.42183854931
26708384,1801.4192896491013
57463109,2068.809116839001
64273952,1336.1788134941853
56304545,1826.5969390538933
82795140,1896.4944588993526
14007213,1859.844889464089
54415843,1591.1550168871652
54590957,2124.4362366040205
67350145,1494.650300000891
74993313,1340.3786985005136
62432527,1789.6003606599804
33713363,1721.4408311334244
80390114,2818.1981529794825
12723951,1711.5945667030833
71416124,1317.3810520866248
72440899,1574.568339359469
60115717,2678.9324729033083
26317947,1554.0406117830705
35504199,1403.4318868244404
30187539,1623.1529734817161
55346293,2258.2123172398146
90516502,1233.619772478162
72045347,1907.400781033766
79850408,2261.4798877046223
20443404,1056.443062904361
84501791,1510.722752368687
73999320,1606.7384261439636
98913461,1329.6029009303027
37225199,1193.8343931050288
16193655,1804.8281249938345
72620298,1473.4839058975867
64188152,1400.8616532116125
67784083,1932.684364374236
90552658,1605.8333806195533
80748000,1090.7856243943372
38083778,1870.32505126226
65525497,1994.7632564310948
19381953,1346.2906407217758
65723090,1727.5685829980548
76151738,1994.9074477685722
48225827,2850.9791584056443
27357384,1552.6177559795394
72090603,1617.4619867814965
13739096,1679.1788432738795
42442381,1661.9526017928122
57561155,2137.0666402654974
35942827,3045.662787463305
89196128,1680.3905563258727
90585757,1449.2614854147914
28123361,2097.7842771037217
54892166,1326.1103736302794
34399967,1350.1645081816769
36429013,1626.1558758346157
87308981,1295.8997293580728
99529719,1588.3810083472051
22093311,1879.9600475500351
81263538,1643.3312704431437
71338939,1494.3606622015236
26758105,1531.0017569429583
97028969,1596.9761679006936
64463656,1473.2406150560778
56099433,1853.0652835841852
85325718,3436.6014704206377
44166454,1768.4998612952124
36489810,2320.8865573245835
33207901,1031.4837051013462
27978007,1689.5004056105277
81479630,1341.4263987183353
51537650,2266.6436644284995
45619520,1474.2842753277926
38111175,1718.4889858877877
52128949,1301.125810731869
25404819,1717.7144443128452
76230938,1964.7420218307414
35633669,1722.4328167158578
17486296,1613.8493795084155
26823352,1188.702666856226
24234066,1786.107875198917
69609466,1979.6435117362282
44500625,1821.0096845751389
25810885,2230.045343789506
47095933,1407.6166493813205
29996746,1611.9191019938098
26824387,1085.709978898819
22560248,1843.417136910756
67043419,1481.8295416743324
56128877,1584.8157457760294
78532613,1403.9401462261328
63334626,1575.3387028904147
41942475,1404.1223190525627
71572581,1410.1685357576991
31224917,2511.2316412005734
52061385,1466.2130621681663
85648776,1282.4331295510574
89601046,1135.8867429760467
16315474,1716.7824195502144
90885644,1546.5734131545416
69988016,1775.2475213760736
55363982,2779.2511119219553
15084841,1345.436522196854
85269120,2222.364931908864
31531393,1265.5575782034773
65511292,1883.3324069046134
76207920,2902.850009947708
25765261,1125.8775324152239
99628783,1910.7553944738388
29123949,1492.9141713393292
84071477,2646.7806577181896
55408575,977.0833565171052
18563235,1904.4221427254993
32862824,1349.3435880328725
87247913,1622.1150087051365
70811397,1473.975906115876
79135010,892.2847953215494
95532555,1776.0903810495408
91619153,1985.8625472108856
85185899,2333.0630499197
45503458,1863.4173327501785
40572975,1399.3605368286603
89004010,1663.0779117388072
34562042,1107.173569248605
63463440,2341.542249302414
64460362,1017.9236884615244
67250925,1413.1461499207714
14939721,2598.8131886149126
35310686,1560.6525220790222
71187848,1071.02341941273
61524357,1167.6423749108471
36782194,1457.8289105408253
89842273,1223.072911052866
20614858,1528.2161673704786
68048266,1235.1511703922283
62462117,1364.1537168511004
72115510,2540.0165301071293
14057421,1306.4967103594695
99878320,1554.820969606432
68934495,1653.2739110690036
63897425,1502.77528789089
30823846,1627.9684921412081
45856506,2027.7964837420402
36318458,1837.7790622622256
54709816,2165.654014162866
58956301,2921.7015939209045
61193977,1851.3675025053642
94916864,2205.5124599708356
95563649,1575.5758596978742
11808364,1359.2190379193025
53108582,1876.0282256548355
37502181,1217.1541776494144
37996385,1371.5776085418663
53563779,1260.492807521555
62612706,1083.45579542561
33233317,1163.304175991721
39285196,2709.235781438165
12469660,1523.3435689646994
10086272,1851.3965609740285
61556619,1129.7855752419018
44239580,1755.4071256114328
37303458,1897.2097524911285
69742763,1521.5175521024619
79252407,1534.8936691316746
55035288,2808.311878929723
22573833,1096.9267044953333
73616028,1872.2156448298301
72379751,1460.3652960531467
63515051,1372.5224039884718
43605274,1335.2652739682508
94526159,1925.6443200117326
87017405,1902.8156553834847
27785122,1509.5043115046744
88986010,1504.6322808248208
83705830,2618.7944442198072
19294754,1449.1744203631038
10016581,1873.9562771538624
98337631,1731.4348012661794
96284977,1565.8355149929482
85120493,2029.6182356050874
76912038,1728.9791544671655
38273802,1574.3755688512958
31373003,1427.734875324431
16311364,1527.1603692804244
81773825,1362.7309055861106
85451822,1756.1408311942891
83837897,2034.7657904911125
79840167,1459.6832335777765
10053165,1546.2568122508696
66085962,1576.247664942531
74446354,2760.5916031334705
71248291,1340.4956018348985
13527988,2228.7016661123525
59655162,1453.1618131769824
81270080,1255.529499024821
25459024,1821.2249302767932
57124820,2322.958718332625
38744724,1577.99712081068
14672828,1745.9044635912537
86208199,1238.1994603593928
60804234,2119.3252664393226
26637959,1445.6564767511345
84505191,1761.864023757104
34949195,1744.7887157189323
18236230,1643.1553153438522
83633670,1751.4718398197758
38795738,1133.0722803873607
57060441,2189.8698590760755
63193750,2920.0893860954757
16584196,3216.2988861925405
97470867,2092.341422433971
57117308,1004.0885544899003
28539736,1482.0975610496932
42854708,2559.5628494199705
74612987,1129.390876745845
18574187,1150.73505519385
82554201,1932.6030453177698
63502035,1685.0786993596798
91862663,2734.6109033050516
92211122,1665.9245620131894
31056808,1485.1166723680471
16943964,1382.7412278377435
32863651,987.409191741738
68176876,1542.2548926904255
49131404,1167.5141675068085
70277995,1376.8789659507706
35494136,3287.5833305548776
81234980,1811.7797617213607
38613978,1798.0585522598165
58078556,1572.2695271855343
44540392,2601.496466908643
54581831,1192.4854528848077
27711464,1151.8929332686469
34639609,1518.6497959995688
61465981,1386.545615970265
97434739,2034.6261961498453
11115465,2757.7420561768317
73204702,1950.4939684360713
43122014,1596.0614202911465
82465915,1087.040818855368
70336402,2380.4460006565055
66860305,1576.8820015117374
41500458,1823.4568585624788
92919391,2151.9041968628208
99618084,1426.6975764433453
86909460,3380.2524827478396
17337355,2534.5957157691923
42353664,1228.8549658428267
21765685,1982.8310475605183
89088918,1323.659462201791
35899962,3344.61107512083
68684318,2032.8258330449225
18484780,1323.0441291582495
87388388,1720.7966572968128
90094211,1745.4262952104302
16804039,2360.140392317341
91010086,1545.8340505598069
99469868,1593.5600573421023
37545302,1735.2875226848787
71878464,1767.9276733464678
21183040,1973.3047076690366
35304073,1848.7743960159746
50348670,2185.679727932077
34230931,1187.0645130575667
48867425,1544.3031269772016
35018884,1335.7507286235923
82792644,2992.53929416611
55638604,1722.0234597563483
45618589,1646.9825978084482
94996859,1387.0073973288136
59711138,1316.4458696119036
20008628,1054.3782535244839
74210201,1799.194571449483
71592370,1622.9509597119916
91112168,1661.5305437103284
86979588,1825.2694601940639
77491019,1730.9461848976216
82906889,1495.7216261964272
47215201,1999.1658535350416
74482354,2269.548067977887
85248466,1569.2892533535874
48081067,1853.5757404759922
15387364,1266.9468856353294
49479914,1616.7709340331555
67144063,2337.716995500655
21546784,1928.5762111511385
33690767,1443.5425970556125
33115846,695.5888753035101
61562965,1928.8160362052533
39809818,1906.8181680742443
68123009,2318.569125805135
51851996,1975.2093534471753
14592737,1320.9143964066072
53703850,1581.2435930150755
32305458,1955.3724691795717
15802272,1299.0514944948015
36113397,1549.0895868653083
10490484,1833.8454013751723
60733954,1687.7090850072677
99162691,1106.6569528243135
93098807,1250.4292960365965
40838545,1609.3536294751746
11051825,1918.8058908982666
82908690,1527.7242650564315
71787511,1657.3772739146357
72823966,1522.037098515454
12980060,1664.1814222595901
96086415,1577.260552764171
23697274,2052.65886953819
51614059,1843.9847818804813
78779574,1671.2813865608007
95241308,2384.2316155414082
17643222,2758.8239314374255
93263316,1626.0775997773646
37302631,1340.2495468588852
87271886,1852.6345939943303
55736876,1809.2093573450884
51594702,1927.2261430238914
83945766,1125.4581902860048
79078313,1280.108283567734
31277810,1508.255154323677
74965419,1877.353630225521
12557472,1402.479357392603
61610958,1661.3008412830961
87565891,2993.5906966578677
69835471,1704.0268114676885
50409416,1369.6685370096848
77449547,1966.55714296821
97554546,1422.0079522268493
15981479,1680.91119279745
19522006,1604.2314654815775
27996044,1613.2713239954057
41161764,1705.5810021486627
20740770,1516.0288621482769
70042803,1574.126338176132
52210690,1255.8452139372207
81657059,1266.5093632643443
67733763,2233.199390084383
19453777,1423.0327192000216
76648543,1660.8464035374382
38569009,1035.5445427818877
24713941,1330.49236577842
89660454,2439.791254281372
85740410,1668.6637622316862
86257801,1553.580374889461
86873805,1496.3000994925874
33399735,1742.268657970101
37535534,1358.756189626497
27667456,1489.5030451975204
61581329,2174.101343798958
51263630,1114.9989853398545
52033053,1441.7479669885465
90888218,1539.5081808725552
12546179,1757.7543294925679
83093814,1511.291506826895
46297699,1299.1917657332212
97044400,1912.257713353096
31763919,1309.9327120404673
16008849,902.2142456991376
51084945,1100.7943868571333
59957604,1505.3962349945248
18780994,1338.2790941214025
87997537,1358.4641719221352
45685391,1611.1502201595447
44441149,1478.7218996398283
14178311,2053.048941600055
43522500,2143.833257530776
91025767,1698.6495945893657
92328854,1739.2930601289231
53582398,2768.9161129539525
79088536,1247.9634852062868
46193764,1283.4454299249837
84800487,2166.0832985342795
58906346,1835.043159792392
16384425,2173.973350480264
31314423,1575.8586015576398
78713693,1401.5090853549339
59579059,2557.7460847436514
51309878,1743.6319490620456
18367921,2672.5511713226206
17963218,1330.0129932545851
63773516,1712.341265838439
43820904,1088.549323297717
61844633,1591.8690002998324
97433520,1906.1144523206096
67890378,1383.039027148289
84770654,1898.5687431804083
56388014,1106.4206958610218
48498606,1353.5214795471293
96139568,1292.3840583275305
23184000,1748.7337485363983
82435682,3109.984669529609
84725417,1223.4967243981562
80398008,1358.9990102788781
21408816,1860.90324058281
40561414,905.5858092363952
47526789,1697.0483459996883
34202671,1627.8899082592518
47410501,1563.3921479236324
18437030,1925.3338390572
89947527,2092.0927063090417
48179652,1049.3780517819855
43574355,1443.838855964046
93441626,1383.5651827629033
49833156,1167.482104006867
27436801,2159.388686469219
43212239,1726.6283420442483
57781002,1896.5132187837899
80452756,1777.9324565481465
69547198,2289.5234934706245
92282402,2441.698334531146
60080700,1795.190669576279
77220496,1251.994841822675
54095090,1921.2750961019494
28159066,1235.9952320146629
76298460,2021.1033883172713
57334293,1811.5804116382967
51349452,2517.8918005489
57825954,1358.4671394739478
75566691,1491.3333917168397
21994482,1771.1399977518804
15472109,1091.2561435084444
74524636,2134.880272495185
50954892,1755.1272272957135
72834699,1861.7670243477605
62999750,1499.8628960971864
33123268,3250.377946396186
66540114,1580.6264500121536
54002928,1313.8223885111026
55085304,1519.7836757322166
22151066,1485.2370132058143
65334729,1980.126281430334
30865724,1286.1375659688497
90388666,1406.2259520647501
55605064,1381.5085837381057
69408128,2319.2273800491844
99473168,1900.8645339036723
75818797,1007.2476669296952
62565025,1796.5272891813424
75143116,1513.3868613762033
47696923,1851.159652395155
19416750,1733.4336630602747
22855194,2010.5871403476615
67192782,2131.452293363349
87517475,1645.3050722005994
56350089,1731.0387607369698
34134972,1629.8334654925693
60576347,2028.66342032058
26319072,1241.794444964833
88893111,1315.529640487978
68033382,1851.0270958497358
94035885,1374.4649611707598
81187160,1539.5818014576353
28315736,1449.8024557445656
22692256,1030.4455332920672
37267592,1270.4724912438178
91150814,1679.645464120377
26431305,1109.6628947280994
87910232,2606.1030196745482
41955248,1586.0857757656777
69743430,2195.2012413593316
46703259,1623.173881311927
31441294,1454.7355666389985
52540774,2144.23536157734
86506186,1567.6394132574983
59584539,1281.398228974364
97314977,1630.2766931833505
96666615,1595.8572201716327
79683457,1649.367778945352
82209443,1678.2337743005323
28258830,1604.9082917881044
42067661,1815.3407855360504
66297804,1093.712969778047
16941404,1350.0512893156447
75005309,1467.9185764183956
24570745,1906.6700824248226
86113362,1994.091489531808
17047985,2326.084837334991
65773050,1551.2233946716988
58445540,1383.6983241720939
48523637,1919.7683305410364
95993557,1693.8218570917065
88761628,2786.9966222375074
35281082,1789.8416557531941
63427827,3221.205650748797
38736916,1633.9178539729805
86580197,1695.815302587229
23112535,2320.0476855979578
70370352,1853.973059037901
27855625,947.8188137794439
60833031,2062.157603569098
23047956,1466.3759771120992
87351286,1560.7105099838573
75886001,1239.4326922793148
66301086,1855.3577114947288
60935733,1332.4023856091771
98414359,1801.0485302289787
93169508,1807.6804825927034
77985316,1379.0121203166404
22647726,2291.3604322158512
39865459,2604.298419452147
81994206,1368.8103640838362
62822262,2158.9572150977224
85331429,2664.646198372174
75110630,1160.0624732647061
51138756,1826.941082308984
83491442,4535.779675582573
67891583,1366.4188120718927
65475315,2723.820821916641
37180335,2716.6207922318063
53617145,1622.08791181415
66644091,1370.5827160681602
85685863,1411.354525139171
67756317,1738.7173897764324
47286828,1285.522239359294
30798257,1821.0357722304275
55429056,1503.2424042608043
48423935,1426.720367244715
70215654,1478.433592372464
84995114,1559.773251606307
34191374,1358.4792410660068
94424055,3028.8553562735324
35266032,1437.82337078112
10282778,1922.8287115008568
74509894,1546.3665353847423
62379565,1651.5918080686802
69295266,1307.7095130796138
19487319,905.5108131978035
80523155,1791.1647015002013
76258438,2692.1713661600547
15381648,1490.6108145969831
76313330,1481.212259213416
67909709,1531.0546801470323
94172578,1422.9976254305661
73730320,1368.4750950959428
93164433,1362.6118200791134
47160388,1118.2112504609752
39990609,1755.7832453280687
64566990,1505.2233788717588
91126842,1990.0020172205056
52824809,1558.4661986428614
57254599,1477.8698442243794
38718331,1328.8586253800258
86095545,1471.7524994153
47117496,2232.9438279425735
38398092,1933.5687198418686
35904079,1117.4975196025423
90919237,1266.8657194217565
56102015,1326.2118634969347
71540566,1444.2865228517223
10011577,1504.9383302446693
84723499,1915.008247406262
12437858,1379.083990967349
55600884,1333.8957971363832
14903844,2131.2746584736406
79656066,1449.7439393881916
22833793,1173.4472499641772
52725368,1727.9019518912548
69338616,1877.0507753862694
69512258,1503.7803924504321
96249786,1039.4028495636423
93289839,1624.0142163042217
89525161,1789.3574266654978
25602400,1539.319026958349
82687645,1639.3034184812304
86466057,1558.1870087575992
31039064,1100.0397972851413
38126410,2446.456983686788
98941268,1930.640941097525
98887377,2109.804032413097
19069593,1380.1415079483286
48991500,1265.3529898014217
81340729,1302.2622970542182
17755803,1466.8650633278203
28332754,1270.834315531199
48710415,1579.1441312542274
13552122,1886.5128747057431
67175252,1840.7553110416534
81401006,2199.5603963402914
87569420,1536.6415718787034
68775804,1618.2646636893585
51303767,2036.9856236587748
36907350,1346.965282710903
11852044,1396.1699289259507
57122012,1878.8312506009288
42764646,1398.9284350477794
23299341,1293.9563032738165
99527596,1586.9734787489201
97393585,1308.7621514841808
43578412,2582.2593330765303
98294611,1637.4892602204438
30924809,1975.1791257486648
88121507,2013.3385686552704
81094653,1839.1362041158352
83948197,1846.112883476798
53707208,1538.6180406745373
72598207,1929.1774496593412
96325015,1319.2599340045617
32527392,1226.9336167750268
13367283,1538.0141422078411
70926441,1875.5437760262844
14507496,3012.99641868734
84516945,1608.09221839416
17478153,1301.7921484183014
83347951,1430.3721634213691
42507501,2498.68907738314
54322410,1441.4981415354412
51129418,1858.0560742816476
92284337,1241.873157932572
56191305,1310.7903926984263
69717201,1406.0987438660213
77803958,1658.5170947205288
30868541,1150.5099595359984
21948362,2091.9944905670777
64597726,1403.7607687445825
24753315,1347.2395528448756
83137150,1063.3875301826602
87115344,1602.1572058429556
99984175,1871.9500052993285
78503238,1531.3054358637105
56241324,1766.5815479829632
44979606,1265.0311823190941
73782771,1709.1599741807274
83259646,1613.9666622610848
83615385,1267.9656104093992
84238097,1447.4927271272315
90104229,1759.8265688446743
47165230,2021.7388308860125
90052115,1106.8687325549088
29318397,1726.3280274153738
66821977,1748.642680155111
74914365,2891.2716571762826
21821045,1533.8128269409342
78077361,1306.3198967163976
11290483,1855.1675488297874
18150280,1451.5670391344236
97190006,1358.9497316208426
23716973,1597.4322481180427
22402268,1906.760498455221
22495547,1498.6423042338874
62732805,1401.410566857302
35149813,1205.4409662155601
45074208,1569.3880828375866
16930048,1037.3463406492272
37034316,1304.8144286947927
41257506,1172.859466126456
37119194,2831.6472505738843
67834562,941.6436625408813
34524417,1929.864716131611
65917034,1502.9998078217257
89187031,1437.8316556380496
38918236,1817.72745309109
15343670,1606.6315287240186
14075655,1360.7084748311825
38174910,1928.534090297381
58723158,1066.6626894789515
60249533,1793.092681429787
97281245,3282.3452788997784
72949298,2740.0762244729926
15101045,1356.196801890355
28123842,1512.6167135778696
79777819,2556.7751688594435
49207880,1645.2741543035866
80546483,1603.533896571448
64032695,1491.2884084396637
13192282,1402.470381686196
77309020,1758.5492024037342
61977302,1822.1944599667236
97344057,2001.5569010562986
30586194,1595.016516773056
56677229,1437.5316877630323
22130117,1164.1611068232912
40261245,1854.3548652024992
30166032,1633.7989704649053
77089984,2020.9393761641334
26878900,1543.3307217084928
61371436,2042.6310050154189
42742062,1747.23979118024
95339974,2286.8432416195587
56107946,1694.9720931925651
75011328,1432.6332173059602
72662754,1465.3723834053535
72203106,1210.4011919232232
70496852,1664.1471707925532
13201993,1472.627261531422
78164844,2186.7998141393596
59342403,1460.8444589390142
94540895,2205.079572288884
46539631,1619.7158718019466
72239923,3084.591091131335
87927143,1548.960977366897
58112642,1979.0975307728572
46348606,1255.0003605586237
41028863,1643.7193562936966
24368370,1335.4567520284877
29933781,2167.4579164067845
82791847,1479.8663239874384
96015529,1139.7489255988685
54561874,1585.2224008198941
53184693,1054.0820363559944
76671373,2483.621774547351
63611357,2004.6134389581573
80706420,3346.4591551744043
55017743,1841.002662669166
80689892,1609.5934110461105
84469446,1640.0680526763504
23226721,1712.9137764504103
85084580,1480.7118603592885
80669002,2130.4417716704133
65745002,1681.5303166906717
89007400,1559.3936644189225
29824422,1710.1515541159176
35775431,1568.1596872024188
14074630,1273.671862369637
72325201,1411.8220357613595
23874500,1500.244924729277
37300173,1543.7952531969102
33493494,1888.4735773508758
30229764,2644.84722963261
43966954,2048.6294183857767
27845488,1674.0611395057665
37461765,2066.7202204247883
54994083,2032.7592872724706
73747516,1597.8854657181878
41276058,1198.4943317509399
55912598,1484.1468724348626
60686267,2273.3002640373634
32726148,1610.5128131760248
99279088,1386.489573586979
28728541,1487.1824666009306
13858737,1689.4614928865965
21895570,1681.972103411487
76323759,1548.8230907088234
79038940,1222.6077227856417
29272847,1409.0206684760253
98713132,1548.015366919445
92394953,1656.902270572011
96580365,983.9822514978038
44481344,1381.1551546062522
16420037,2227.2843747198417
93921984,1777.0406001592767
26481610,2345.310387405075
36292815,1479.0372616368556
77806189,1877.1641510582313
75958945,1395.3719392149662
65456150,1546.2389639424584
80743824,2313.1355865811643
49966934,2343.988292302085
86026791,1456.1202850933541
85816309,1236.0886909885126
15568874,1851.0964431548646
99556884,1626.516897772549
27514144,1658.9246257631132
33950340,1547.427798019325
90674412,2736.6301172998783
31688776,2085.4269287856746
58380703,1389.8776532505474
59666638,1891.2572056313543
28858647,1680.9349082276294
96281488,1460.930919712359
81757957,1614.8536945652043
15387606,3131.417320291525
95978588,1072.2851928864866
38876766,1489.1646646664574
97177476,1519.295724400899
56304916,2058.7441940626773
94447504,1453.5271038137764
12858830,2273.7258094191393
29325031,1618.5253658380757
45137864,1252.2106202607495
40574206,1734.691504914964
14671172,1249.2756844505043
79393183,2088.759154990696
73490914,1251.086831529359
74160460,1566.1137956839846
44164617,1188.4382502877752
82646950,1851.6531611867526
13359174,2219.9018467375026
75134927,1318.3022989418446
36042465,1413.233565334519
83839627,1988.164455940085
23668396,2106.040344610443
75299261,2400.39559452967
41480775,2075.1186909173957
33690039,1893.5797922221598
22503085,1585.0359724575537
37466667,1308.962820794299
14321282,1412.9396906989411
71351933,1717.7782758758988
87081502,1179.8832175162609
65472553,1561.1637098081665
99213360,1685.473666637081
10832464,1305.1063684477906
51819797,1888.5036379960895
75955259,1983.2664316333316
88647663,1660.9353800259635
48629803,1413.3185499669335
83286245,1951.7051952392192
88766577,1385.0635703420337
92941012,1490.0048527657748
77129657,1794.8271820121433
98212477,1431.8013839777718
47578988,1273.2083236079914
50209960,1472.782326910737
34219777,1409.8223835551064
79439231,1359.257948459278
73635146,1857.1670066978297
64910994,1794.4779162667078
53834693,1072.6277303610384
11363592,1895.0046702956222
10873772,2451.3226240416484
87767702,2019.8913284185683
23454749,1403.429186820311
58196808,1454.0853879868216
68491285,1581.4285968176353
92242279,2634.3337275799076
33507598,1770.0751968856014
31155680,1658.5661198423793
69782815,1438.3748560006866
99510246,1594.3365502331112
76945883,1001.661305767762
17094345,1940.6152726041812
46337525,1853.768278590088
28488983,1110.5036758454992
16761031,2693.7116205084267
79032271,1126.0177088926423
62295468,1205.3067928124503
34239247,1893.3760292147251
13382072,1428.0683584990743
22594211,1855.5245476836435
57247913,1298.3797442279335
91685716,1510.9317093766376
17466502,2006.8703716875523
33964749,1782.1835752193501
51427608,1120.0124746571482
24310192,1319.4646079957015
31116680,1570.402256164133
11417356,2101.1076299400875
62762079,1504.3400090455093
42671255,1960.0472427549932
96926020,1794.3847471572938
50275050,1802.3365982007424
39760605,1510.2863023609357
74898826,2909.5800097682713
72916922,1502.6640387419577
15943032,1404.2948037559104
74582816,1719.2938664534306
59875250,1934.6370172556824
80790659,1046.1616827070136
19888418,787.4115991163568
31588130,1062.4608480469008
66158465,1886.8342326363756
18800645,1649.842548280139
64505218,1486.8678185351603
56056799,1312.9419106138294
10374837,2093.5864444088315
41300143,2669.7655164650446
78621253,1366.8506203973932
11141195,1634.6611021979725
33865847,2231.9797552365117
90610974,1127.1974618070358
98930552,1521.8869289521242
12727530,2181.198268082828
52930535,1519.1430429323418
93753865,956.8956667935785
70595210,1675.4392744360277
86025280,1044.3373211286316
78663509,1658.9190848932433
21322626,1391.634404878075
38172344,2135.3401757227944
12467923,1860.47691646255
59832255,3365.1045488427135
60019461,1741.1491419438432
36274445,1358.0071136659747
35417851,1413.550505112472
24997453,3081.5873719249194
83094532,2646.170880456327
90174488,1635.6093560472445
71319002,1203.2560741292455
29621396,1540.6702158484645
10011880,1470.4850986901502
17190126,1435.5612145147604
70424510,1541.718438707515
11417531,1277.6886869259506
27554957,1608.0774400009266
13689480,1248.3937001816907
69613512,1548.0526490048808
74318773,1779.8806979549852
45221034,1671.1801080353907
12200305,1386.7571056360882
29052499,1888.5998769963376
91168920,1885.469018178668
99587330,1097.1704583139915
85493546,1459.7078951637611
36510260,1423.080952563762
40370308,1935.4529039168438
89123563,1547.020213365555
68894033,1405.9826886929623
73938236,2094.854637032919
25242707,1258.185129788626
87339346,2098.1905628227614
34182148,1239.20272326185
55488547,1414.4292124106248
58799207,1527.1636803400559
99415472,1462.5686470426415
50374353,1775.9785329667209
44632960,1416.661700690171
46918499,1996.9190520943846
61219752,1087.9632831029335
57928854,1477.5015947852637
22536598,1316.727839079501
69936903,1344.2138869073856
69696012,1295.1133435928268
75807455,1335.0053069007283
31557332,2035.7936544654196
98503124,1144.7148706628102
45347570,1555.4771206283128
91321804,1607.8761448595437
56392111,2035.0617030178441
86308272,1137.2893405696725
64596791,2073.6587302016546
80652734,1928.7964579907562
15067372,1756.0840286512673
19485124,1467.8158540511831
14453004,1344.4785580816133
26285533,2118.105078964198
92838656,1600.8569356491648
37408293,1649.282021533409
44619550,1977.0480729413057
12229798,1345.8610883110566
19471907,1545.229598729012
79387412,1246.1333945901974
62896852,1681.709170964444
45934349,2228.710464379394
16860511,1541.330046055253
43506983,1490.489771617635
70740306,1827.421540846066
92814410,1355.0117496266103
42104710,1824.4128061673246
23656647,1323.2201012759813
16622582,1661.7002337503397
91730318,1449.4197042044887
71502047,1766.711967659373
62198081,2579.0270688809132
35586426,1579.4738907577207
73159054,1360.6780928288338
72932579,1489.116915192634
15860553,1562.8108535580714
76499202,1291.0578511052838
49147306,1287.5811267488175
66173222,1594.9173058355693
36048465,1709.1723692261842
58226162,1692.411208445913
75348253,1497.0819234547805
29406516,1662.2098962567334
30120831,1434.4203480167846
88886135,1496.6558971247196
90716300,1056.6606343593912
12118186,1510.9308783394818
39388114,1578.1505618094834
43348151,1468.8460940081459
70648988,1677.1192131941825
89828759,1513.386881285039
25774436,2232.67321994418
56166234,1314.4273325337497
46207048,1456.9527893452007
24260337,1539.4059804093356
43372122,1444.217704340844
99211792,1461.3855556358797
72425048,986.2820708740786
58848576,1490.663122286956
69451066,1104.5418976924714
46571746,1806.0596135651833
35037281,1362.9909583496458
85573733,1348.2502597579764
85004009,1176.015855797371
98713147,1843.175129254342
99574842,1385.2203985623166
56403873,1185.5903851944356
79242881,1796.3738064196473
58458582,1222.2082278808864
68482067,1198.7162772395563
16690135,1824.2226774794894
15173091,2142.199963468362
61448444,1554.9242981481689
69237042,1247.0575658963726
85145895,1098.9717510365954
22701271,2556.909598730117
39148372,1386.8591411837426
94500108,1590.735809627395
68415143,1239.8756381255744
40595467,1830.829522552722
53076141,1648.9140576853274
73641861,1120.961380876233
48605668,1715.8899673807566
69923530,1834.9014495494632
49319680,1908.5370998124652
45928049,1819.6503218968314
73814109,1256.110766573295
61386764,1670.482007486242
67209776,1501.0196938436957
10596331,1349.8217701867552
14387887,1835.967046503214
66568548,1647.9015581641002
59240082,1622.7012794474645
35040177,1790.2382651021871
99480365,1497.9930166951342
68333386,1246.64871631456
95572882,1814.3095920848723
38132096,1668.9622649683602
76955826,1725.023362303005
17729676,1878.9977324186214
42211142,1388.8854948593535
20158681,2599.122968293815
79393152,1384.4833793980488
39911125,1502.073968972607
88836366,1769.4327433176913
20409154,1645.7516377839584
15026679,1542.0371232027271
42131515,5101.383331646644
54650905,1611.3309147761154
26838390,1412.584170220623
65068346,1299.713185846802
92979933,1689.2224215399076
95452518,2409.8241344942016
38822689,1988.1818840924009
46355252,1888.5827872680525
12444224,1840.3674360510724
42979270,1330.7192915339065
77573762,2389.9873869916632
14826829,1739.835089911994
28709839,1819.060459913003
18829646,1595.3616726079372
96568537,2086.708204732765
56829547,1649.2385077478232
93979772,1797.3128093375904
17626588,1562.5446798516316
34011504,1642.0958416839187
52636134,2079.671073514239
91687348,1982.5171888837344
36508418,1687.008643758345
82621948,1223.596448862796
89318730,2666.801089351486
98717167,1965.0067171501105
26278873,2048.8428836293842
56823412,1101.4436413815324
75609163,3519.17420962099
90104725,1717.270020050151
75874553,1881.0939016506052
48469293,1767.2946652063401
70313722,1766.5152718671359
48269879,1515.328611115763
30338233,1705.8428172851638
32779513,2067.090139383525
75548478,1505.2134157859023
38561257,1873.2347331013475
10945373,1157.8082466216217
15756944,1655.2491062690972
46940446,1050.7497964517656
24659465,1340.927490958198
88948806,1584.4243791789586
34164402,1570.6692588072872
79477391,1945.0733383878444
15537006,1808.095981941583
88911942,2067.098965713749
96378293,1677.2714993415507
76422231,1524.0628610440929
12309843,1269.6224069640487
96239148,1398.0956516069275
86466781,1611.6400758690177
49050128,1691.3949269272698
14724818,2523.447764211711
56683970,1650.6565978351753
98393974,1453.8445635652643
84824034,2285.664606065676
92573067,1434.9393253622482
73226546,1877.9447537289986
61358064,1273.3888999985475
59398688,1827.625399318677
14969480,1023.9354730404958
80588045,1587.7266027355213
95597071,925.1057139406495
54836005,1417.8501891423607
23220441,1691.8836250034183
59018993,1890.655192891091
68425900,2924.9346788880334
96400633,1559.0674378242197
32664783,1333.7356589027788
37951383,1420.2875509063085
42701020,2138.6762322126538
23132709,1984.156288000545
36039638,1707.9899406603608
14728562,1745.9622516535005
62765095,1644.8191546840103
90518206,1701.9344791616059
99330676,1352.460414494746
54002963,2051.890920831343
80024301,1169.0948376406777
83450392,1347.8307015646574
80827964,1415.231537206368
22623823,1527.5280788360171
85154401,1451.4865855623216
92409200,1106.4975920271474
37461274,1790.2409111793702
39412052,1757.0974692502086
99188219,1260.319338248963
10533163,2266.1568004067685
16576946,1433.7543602554704
10571061,1677.292016511478
11502784,1166.4714828544606
10627022,1172.648487085783
66112731,1651.6757177420136
12271580,1434.055644659129
19300863,1837.0773028404262
42301466,1395.926719613371
93227392,1569.0406284937092
13989390,1366.3732120982188
83189444,1536.0634123701302
88982820,1956.1450488465007
86309809,2481.962811425658
93812427,1380.4265456130347
79351177,1662.359601964762
73882065,1770.1258195181558
85331771,1631.8121380900116
33746879,1591.1660111637218
90357052,1431.4404090209518
42998447,1885.634669460019
42297649,1997.4529042180113
74232297,1471.2486466918117
68234963,2196.3632441751292
79955240,1350.2777372136168
33685499,1553.315869761957
74031111,2311.5714715639465
81527691,1916.142892840201
25578339,1351.515980582701
36826714,1322.497915615532
66720469,1263.5471071020152
58271754,1092.948947999371
79175453,1577.7770201545045
91006186,1274.2693635627522
75399510,2036.3802433398546
65438642,2015.6095644281952
72193555,1448.6778998303048
52661224,1718.867066706332
40274658,1873.2870777747228
63582038,2733.1137833750063
95316180,2356.7783442379437
31722576,1479.2669564191058
51439680,1854.9331218953046
92864642,1511.0567668685947
24588628,1691.3735317748292
62383426,1411.5983885592661
91245064,2306.14099445481
61715372,1613.8228879468284
65148106,2073.0758208041366
91441992,1391.306605383271
49274969,1743.562220718153
33917232,1526.4176164052906
83235081,2047.2259929011743
40753215,1428.937246851191
70796627,1341.1404187925536
73931614,1314.276667427334
56857736,2494.7036641592404
54064504,1791.6419083924764
20389019,1247.6038001187062
57574601,2467.8358171462783
16478279,1305.9683284745497
68356151,1705.024749892873
99711808,1916.926707951309
98284968,1470.7839805594142
30598390,1963.0319422506084
55132880,1852.857891361179
34163532,1455.4621343728863
40857770,2297.6419004830304
79839486,1224.3960237011934
78134573,1928.0849971348166
96251286,1645.1450681172332
46606815,1809.9204085351594
53204628,1252.072419114574
39264189,1556.6244886450638
66917873,3442.633645861554
75228206,1581.144036021408
57466748,1809.0595353276071
75500440,2155.8401830262123
88152254,1576.8281487945867
88711927,1407.879966329182
71935730,2909.4785939246217
11714210,1238.6289370605523
99304127,1643.0229569339228
79629484,1488.4187359794166
64599027,1302.052594479825
71633685,1592.6900932836338
14342958,1764.9377485100376
27958253,1731.9657353820107
61174518,1489.5321044231928
74916891,1514.1595152498974
72753968,1665.1465112789353
36262662,1723.4871703053986
60917615,1379.8453417677276
99306721,2301.404747604668
53075886,1373.7273554580934
73928511,1620.3490010955845
19965325,1223.0183896841122
54826574,1722.8961098729574
64209168,2460.8269091232987
34147586,1501.8327435224664
98269123,3816.1373201459837
97467622,1718.3886778233448
85814087,1481.351277153979
72333580,3029.0457198637046
30873738,1456.3680915301215
10331403,1426.6930813838849
35344119,1957.8609864178281
35769080,2529.5855914917797
21575135,1491.8548182029017
75304823,1345.2259040507001
23401574,1145.9190320319842
83090193,1610.1724076256373
86996430,1017.9174652170353
99751646,1305.3188341174298
23591049,1812.4344359083689
81709576,1466.4179249944757
82444468,2034.1807479354552
38288153,2065.385173787727
87446209,2608.8732426485767
12079734,2186.0902745236012
25058080,1654.0790447872628
89691662,2460.6680306259254
13150938,1853.131710955132
36020495,1882.674946428791
54923182,1642.016202730021
28841079,1262.2006683282932
41392965,1140.017433554536
17119564,1684.968975170489
57430704,1569.6252491572068
36272284,1605.6509068853472
91925114,1368.7452793329496
74412922,1878.0026328827105
65743046,1404.1900727521158
48653211,1634.2879721137083
36332370,2326.9140874091568
85424579,1698.299190397977
95090269,1149.8428247026347
95971802,1154.1518007574566
86256336,1342.429282852759
31156844,998.9302751821988
37688219,2411.711050568308
82437324,1497.2568220264538
21950676,1749.4634362624213
54094553,1358.1781677783733
74374536,3553.8255029964466
61738687,2016.6561309199344
19277250,1607.753324908766
84311990,1990.5991854976962
94274494,1740.5626223083268
89122239,2575.9107347443946
97119289,1354.7056795298067
29959537,1399.4092282895813
22777840,3942.4652554477907
39391011,1539.3713424579062
15127918,2015.4944975243704
47251761,1291.1758418260895
20023773,1042.085046869543
96682736,1213.903825421554
12309412,1696.570866603241
11517944,1398.133226885222
59425514,1354.8249703330036
28854961,1385.6964130103286
63750719,2002.1239828213731
69531684,1450.623328664622
73516640,1364.0189638171503
92500346,2393.1434386870683
66124065,1658.521442965499
28886163,1472.005113106817
19680706,2130.3064010191415
83673598,967.3416280550297
85519237,1517.208088151141
37110854,1576.4939404095767
96010780,1918.9228261040735
51391268,1426.0002527516504
17655078,1644.1371972509266
26863121,1182.0665773364733
30839269,2225.502884760516
22418770,1022.4087639847041
88029081,2051.4424716961576
27689636,2316.6134512214353
58431423,1651.4330396403163
43802347,2669.1233223722784
83961382,1189.6327874200376
27938336,1303.5077543373427
35978100,978.8304040283284
89319775,1434.7093471596495
30362974,1371.6752630790947
93105032,2294.6011184082176
20314268,1431.6747997073217
34550012,1405.4348648202026
28077484,1664.4849321211082
64656384,1502.9591195973524
48022436,1509.7370030952743
40507726,1774.7250930560404
10314144,1368.5999230211742
81012787,1952.1746573553428
45672873,1994.9495273638584
25759428,1668.8383675196376
13512722,1267.526783816537
96070498,1488.0070873130137
21352279,1369.4470124555314
54205490,1684.8372287767004
44645119,2605.8029104776424
37332321,1466.2791307406033
54601842,1394.4189142704215
60801709,1448.909438390061
28903523,1713.409266586696
79159760,1553.734957963427
20416757,1155.0775713775945
38432201,1311.6115203679642
60739859,2045.037690989854
89931987,1732.2493329089382
60999736,1908.8846106202059
43182602,1441.1707387095514
89739478,905.1193123434399
50450523,2141.479802963281
73950928,1528.114074076663
12330781,1151.8246192942331
50236542,1867.1183615427747
34912503,1342.9672019402412
25536468,1615.2575448453558
63776599,1361.1925198907431
56389530,2368.6800837438095
60881312,1312.772454072836
94656046,2465.3172218286677
84143693,1564.3057302864229
60768240,1694.5869157824745
60458308,2292.9862419038964
53948557,1964.2663678051094
11612817,822.9795085321424
71889062,1332.5480623484086
77172079,2006.0391119700166
34222625,1793.8720243572504
69965828,1252.185138426226
94714430,1647.3697574865496
71961534,1948.7195021100808
32936108,2122.574146465213
18431618,1409.4172522406209
13548537,1139.4150078205003
86674079,1506.2983166176984
21748194,1748.6559915925072
40124541,2376.9811857277355
33347811,1488.5076998951643
92929218,1556.7476507538288
72190892,1493.728401180065
66963455,1509.3358797538456
96157867,1032.5182182541635
15254705,1576.4289644659066
89064766,1748.5697740227702
85305349,1380.7492825040222
58781934,1259.692245509968
42553797,1194.890746480285
18721533,1317.0540558757023
58244383,1965.632487511452
13696896,2095.3634299555724
65894339,1796.6462898042107
61098619,2638.1567162824617
26018756,2310.948045263798
59479424,1622.2373467316108
81738781,1764.2450022021787
91106215,1206.536277571668
71223563,1226.406768794376
95945745,1435.4068802545373
91424061,1397.0828810820497
67135880,2484.141808240673
15528553,1567.1397240443382
33657705,1461.8493905093787
62553289,1522.955052139344
60993054,1065.7228715420176
42800613,1359.9760630738244
17769800,2601.9083215755127
21401202,1423.4123146518245
52155473,1178.259583216453
93304650,1307.9171484274475
51407728,1363.900307262343
89543732,2127.5088474987847
43419947,1757.627253650233
41488699,1435.2787663480603
60974422,1598.3583008515684
65352047,1295.1281649412344
37012905,1125.317110783711
14787203,1544.1353301239346
29417973,1536.0572523182595
19835446,1983.2763486439144
43255500,1052.237830542772
28812691,1456.0437464785298
18722953,1376.062220397951
93227004,1759.4772889780618
35371569,1758.0497924777048
12076594,2522.5884895328013
17330331,1792.3546941740178
70946197,2243.0589462554512
44132847,1467.6654498197322
77445263,2050.0203119918383
56880921,1377.795792999156
11480304,2576.578204893629
44407005,1899.3362967920316
57603851,1272.2547160850982
36951093,1574.6960153853565
18651476,1193.2406261031551
28758403,1947.0219677804687
29842235,1431.4648032298032
80915194,1491.4862221629744
87361082,1789.8996168710103
67711479,1394.4375756431966
96493355,1447.2992977763333
60783295,2257.278879354318
56178874,1364.4045778605025
36921713,2254.021188767838
48581624,1403.2597864650531
75576141,1351.1699777370252
20755403,1281.4847766000776
52097748,1667.8936302654072
30927924,1319.9461370757226
52924618,1679.3713050512592
23083091,2049.3524670934976
10593933,1683.5914516542962
14984647,1806.7160378052645
50764768,1259.0565958077761
42909851,1003.4837934496246
47962891,2019.1278798651686
24155862,1949.326613587567
96222874,1391.0608048921597
76243625,1887.9293507833843
83785580,1704.5293842962365
68046684,1567.8979587372057
35026518,1509.9870758841485
21144795,2405.476548886474
42304823,1782.0197721775567
32449171,1655.7975568838272
67804951,1581.256328662593
80988109,1445.1546082071777
31562948,1523.5341294897255
80571715,1042.031453629002
91879270,1103.7163006979893
80331872,1848.042123499782
39788137,1737.1190931584872
78186126,1729.0537469466053
34300076,1530.167246432982
70710711,1546.3941761394271
19520201,2163.0017826971284
75968232,1354.9998015249325
62441830,1462.9922695094974
87704160,1726.6486720999778
38039509,1855.4158095265766
87299257,2309.4006393500913
34604480,1610.3023457850225
93559487,1647.755146288974
35225951,1535.5320404571837
80500038,1705.52177105925
88587318,1417.2956518562887
72460444,1732.1129695143281
28502361,1689.5704188687248
91781888,1928.8284541908595
83528344,1512.1436142507073
15266445,1761.9474627407135
83532377,1342.0858754837486
74780110,1815.9695196615796
88664511,1415.2959826434158
81767501,1423.4905621460184
41015579,1713.848722931515
19338404,1701.9358551090866
14667759,2148.6945510190176
66260119,1498.2824276105634
20542479,1738.9857827489695
54097170,2640.1650615053904
35669653,1920.1279748287252
94127563,1264.5087360607438
81488029,1805.628051325605
93329952,2060.4407921521274
57217043,1626.84454696673
65522547,1555.1455855368756
73695068,1729.7858605311424
13539769,1453.0813740257984
44056017,1478.5947857219362
46617581,1364.426742735077
68464888,1650.6526304618517
45303083,1313.170058473469
86984156,1477.619247925206
56630529,1351.4257913038375
78254395,1202.243343672266
30913049,2052.3157540888405
82688614,1353.5872149771444
88893045,1450.422881692567
94639808,1616.5526072278378
52742143,1587.9848589459582
64260968,1528.2266053410692
76546956,1888.95996563173
83523035,2182.619913499841
11013053,1990.6913875096116
44130994,1886.2600750634206
53796074,1350.8383049017975
35498168,1864.664923485276
63562445,1301.5021609367623
42365113,1648.0444346185511
54613679,1362.4591859642223
69835682,1216.9684936141398
40747675,1272.9293978259675
37071709,1430.5962388100866
11644754,2268.373918997018
29456046,3237.785465979113
63575365,1178.861780143298
62030210,2863.2006005575768
84640048,2036.4992714023438
61377846,2202.1122304889022
72441550,1525.8495802233606
11270022,1640.2884765116962
70261792,1569.9928622161938
52404988,1650.8339363587604
84003906,1799.1666343511763
31204633,1194.3468217724276
75242666,1833.0369895528843
49434528,1937.8877891493398
42863318,1511.2399084947035
47571305,2569.072080038817
66490879,1405.6466825233292
82396141,2216.880815970372
96803616,894.383357076025
10584088,1522.1488906181396
41994657,1826.8187751211822
87186973,1920.7009658830939
71213873,2111.673580676025
49764305,1493.3257240494895
43725149,1187.591942297685
83812129,1639.1995789922596
63290164,1845.6892104328283
79318573,2871.6694674783557
10844028,1886.952006015536
19798231,1280.7323928073242
97056407,1229.263612743972
32215003,1707.8603027975169
94765090,1372.4834409813031
47235057,1701.6059923795212
94429036,1808.932494548325
19267342,1389.3305049356331
79884507,1521.1256223453129
68548734,1593.2298594691815
64679483,1111.7955057473084
99761027,1357.4981118349685
77538039,1578.4110586569195
28035639,1573.6556110137697
66579510,1504.0934644439774
50333547,1327.9315563246557
30957545,1768.052705197565
87343589,1335.7640197892692
45470859,1768.3990474305115
57383256,1162.4226567018789
62753404,2486.146392479913
65906932,1705.5490446326517
54060112,1632.3848473764424
88317327,1229.3560298379937
46875481,1433.0932187451708
86614127,1186.536410897578
91675434,1723.7047056364324
83895227,1278.3193626222114
86365373,1765.0103269613223
19948626,1377.3210237675999
79630167,1431.6734884446948
89106944,1325.5195622429487
46083057,1621.1195582681619
96150610,1628.0100813385204
35015883,1546.592309541305
69747407,2204.246132741603
55538576,1322.8515146641362
97411049,1641.2761385292874
11519556,937.5674748022467
81677533,1313.41449894258
60065328,1129.8464717898678
91824420,2266.2424883362305
72549395,1586.2265161236603
75208950,1365.385416332312
54258616,2212.2462485818273
28371507,1399.0891458408828
33800661,1642.3739740066721
94718676,1151.4859438814628
98426094,1842.9013780123337
41019343,1765.724223535611
55953203,1848.779569997844
97258831,2013.4570987916195
12406914,1307.959745375437
54260975,1276.0201667478254
17839314,1731.5142494872694
59228162,2399.228890355975
53104947,1566.7422579416507
13405871,1522.7730917092856
30540873,1724.4209844671504
10681459,1427.7074683566555
88488173,1637.847067902705
11138134,1406.7749196778905
55965946,1741.7493969430634
21024415,2189.2904355637456
98633407,1308.7110303816225
17665044,1874.0653662802872
52365929,1314.3714441683233
45919010,1315.7975844560715
29159751,1655.7272925362818
25938815,1482.7519029685523
31864619,1611.4208905537805
84907440,1614.9294687280485
55408023,2045.4873012217558
97513676,1349.563153342095
71808636,1762.4543260913017
37329985,1519.6095835676601
66719590,2095.0944194993344
19832352,1176.8018552895824
63673893,1985.1026885190481
54185196,4110.202391425801
66171184,1267.0294352810497
15702584,1516.3755976096477
26362681,1515.190413791398
15300602,1044.3713183565976
54091216,1748.2162353056879
41649165,1541.5337888557822
17221791,1397.090990206127
60925601,2277.789480550632
98579259,1634.9947726971486
84327985,1374.6519083594717
42373455,3073.5459703350707
51759034,3178.3938306750606
57369993,1250.684226153542
86174456,1865.4031376139337
40095064,1316.4107093074922
36904267,1273.3451393857908
95653857,1562.6498595011556
91047161,1370.1917699903938
24858933,1372.7565961482715
43668504,1581.361400188928
64688863,4235.230297718023
19394328,1569.48474314287
90928544,1838.8736076638763
54501975,2766.5138045806225
55816692,1413.8158704599443
54235055,1413.7224510049737
54802075,1788.2318359897668
44582261,1459.0733852882956
30580440,1305.1471417246228
53586985,1542.3739932466333
45293131,1658.9463279488987
61623792,1842.531232821565
12664255,4042.5862601180215
99282552,1665.6333536156542
57422029,1545.8698770251367
95049365,1829.5387704931975
44630924,1676.2430292421025
59932513,2731.2145128101824
79864196,2848.814306620165
38025450,1268.154591376501
43187524,1635.659883530447
85710350,1863.817718718526
39439329,2205.459181152403
11767243,2201.322357144583
40729807,1128.1249167745918
95837440,1925.0873454252942
62785546,1467.9156087086483
18032525,3292.582961446587
78515248,1255.073793790451
64000264,1545.7916615545075
70932637,1411.0081213126216
56631286,1505.9993394807836
82611641,1690.591949202933
14610215,3013.1943047701407
65282606,1780.1184096431923
31080502,1459.5739456064832
66137109,2104.968453411325
55286917,1531.0267516475178
19462876,1348.9881008131072
37235871,2220.5858831121263
53584009,1301.056032611496
99377565,2039.2741384604997
82994298,1859.5123873821667
64250472,1669.5486872037325
61269314,1092.3646387269048
26299312,1438.438326353727
97300018,2236.4191721564157
74523665,1398.4290467378748
19970243,1814.2518571166574
14406104,1313.3021176031073
87865772,1567.9745081410085
12224440,1191.3709312665544
62628011,1651.7261202616294
30735313,1582.5140536348945
12214322,1536.1070308608942
80943078,1004.7838512223943
89421265,1829.9373459452806
72762674,1996.0976503982358
55920835,1320.4303509463734
95456446,2255.480636166192
96630600,1693.7830932517077
20077759,1457.824418538014
77066065,1660.9581058429162
47856776,2240.315316676708
31685937,1454.0288054547277
41522098,1511.407954727332
30032101,1453.8804826571338
91606427,2742.9522958686257
22900349,1740.4939272974566
43552678,2273.259903026685
38881909,1768.2289226055802
77508029,1545.2815195831874
95128506,1980.0949789088252
64627729,1244.9997559311194
56744301,1160.953429304942
59338251,2305.4057381084817
19662574,1302.8676006528926
92971829,1676.6520889441654
18409584,1715.70364401935
71760159,2163.2508361388914
43660858,1946.1937031106754
77997629,1714.7742696284188
33928732,1265.8674945798643
68629875,1463.255411074745
48480450,2105.5993219199886
54283664,1554.3544026334325
65942293,1709.375100489011
95573502,1472.4147931970206
45086632,1285.7522260324306
23012000,1698.9265963923144
45395839,1590.116268976584
15432712,1493.3445112452353
72298046,1716.394991449236
84408769,1542.3204375403095
25246226,1384.613391705293
20056705,1839.163731339785
67856036,1632.3362519355721
56138985,2086.829781218398
89984541,1465.8093730995802
34860961,2334.776465412218
55067089,1763.4581999393642
63717753,1904.7673306689983
89165138,1351.9868434399511
22336894,1611.6472596715628
23089519,1462.30079700316
74572156,1012.3237854719102
96120368,2282.4800197993472
70734227,1872.1542608907293
43842124,2061.983675492503
98567604,1475.6152516381158
54538757,1821.0874919667724
40105171,2196.4924322303164
12135438,1612.4037129193844
73738446,1481.0191147877204
62385208,904.0796715340643
56062641,1798.886893911283
60234485,1040.3114459744845
37490148,1310.3477807798986
73644773,1476.9443799819196
25147876,2207.2287649194263
98738159,1669.0368310999995
36202424,1521.7409390527605
90053455,1632.3099458595573
34861961,1670.4163796158743
40235987,1649.3276653615526
25289802,1025.7255350724333
72831408,1860.919563760889
62725172,1647.9250453701861
20547868,1650.9706432085393
43821417,1508.5347631932348
39911650,1720.7309519052046
76282034,1675.0349929247768
93532589,1347.759263624786
71389546,1821.708790618169
26491098,1347.1285340985248
63364173,1299.2371931829518
74256814,1176.8437789695997
35509595,1779.298679304366
18139863,1922.471398959046
68577776,2015.5503247146657
29522715,1615.6572072097745
77706518,1770.3232889053666
14006179,1455.957160102667
92579248,1764.458917004404
59229974,1779.9716231018383
62295609,2203.575547711442
84259414,1707.5017361652358
47815936,1282.1402695032477
81563963,1060.1253742124425
13005852,1603.8267758348472
62738558,1814.0569262091356
57070759,1200.1432220915033
99600292,1897.3039977252504
94306787,1999.906127539996
95225104,1890.1039183044225
55330216,1577.6907405677973
36532262,1720.2666479076295
46565446,1964.4808052960514
49087723,1243.8455249527012
59534453,1476.1930018782418
48055811,2497.701179390417
88400730,1849.8763444678023
99040799,1417.6088233369892
54783545,1952.4549788416348
51521420,2359.4305221617446
62125112,925.8761445317158
41533842,1351.7685945229575
37548888,1587.845444930919
15800993,1255.0131498697933
72777210,1637.7620030862695
27213732,973.5507639669606
86541928,1473.0768244598846
24899277,2278.579894052387
87153365,1402.131370508014
29377093,1978.5335956751758
17126249,1655.4316913941434
83735200,1930.323139809117
75294081,2053.061320959108
50305812,1155.6507020808583
80598326,1343.8055029256777
73085224,2077.342302687801
36011967,1875.4694573618817
27344122,1397.9310892424237
65167661,2190.589536976366
22697886,1439.4864873928038
79772982,1356.7992382026587
75656583,1133.837277217388
28706133,1274.2440005797357
94307664,1572.927263375438
79181014,2390.213629128364
64940514,1499.9849961562566
42076518,1511.9535349914493
38290514,1245.990167822169
12647465,1253.9373836484745
51615379,2048.300944390157
58583551,1791.8910470411413
89324282,2041.6275312380826
53391853,1624.048285125446
22488467,2094.3225650152303
77912827,2265.205871679059
92699296,1939.6784478109437
98391080,1511.4673244693352
25085429,1271.1934267077997
58232338,1839.8677504615955
40856740,3199.186132151929
86463099,1609.1429373197743
30661871,1474.0070274602988
43294411,1590.2385304117854
95379944,1844.2914045569426
10473693,1706.9166493060122
60542399,1838.9397111936385
52521598,1819.7056041574838
78214020,1371.0762026137065
42119756,1144.2077118319492
74645008,1355.4904031183457
68736704,1576.8916248278329
13851365,1888.6750525917553
10956933,1694.012684391433
76588396,1569.027148863773
48664414,2243.876371468796
75409758,1713.823331693575
60867152,1309.6673049840065
49408128,1931.9487651631769
32398201,1396.2348569176208
33820657,1334.096970073921
99096183,1505.2386303604646
71729207,1611.2858743324232
13424233,3298.521357877836
69313487,1435.3282260618873
51427900,1533.458131618924
20461232,1927.4737596937102
63893951,1186.1813836273227
93871936,1403.287092463924
63699477,1609.3042302052806
96362629,1618.3102361124756
53928117,1333.7955035409052
41164553,1191.0848806014621
36908648,1742.488045777543
29666927,1781.6955552112045
11938394,2135.5894835592153
52496134,1984.7086027636763
32481667,1901.194619757387
61487441,1403.5958704268603
78992007,1489.4534175094732
52895411,1359.81609470918
58726779,3457.9102321464648
20458217,2318.40881173792
60265538,1635.7885520954994
48479448,1180.8494725241196
72404425,2041.19768425659
91400370,1102.352119090833
56260955,1512.8697534609228
65491665,1557.3697584324582
11663385,1373.724206661557
18615500,1164.248509927361
87935522,1296.7337168035033
58889457,1774.7476459420925
19169471,1911.6362697954917
66133962,1843.3294337828727
66731452,2250.7548065769947
39410896,1574.5076037997421
54940054,1390.1989988689927
10662394,1376.880166966171
80972130,913.5673676883207
45235634,2244.3444219838548
32971413,1117.7521670897997
79283360,1176.8598083351792
67055260,1295.8711197176697
56118755,1648.0693798471214
29230461,1577.3470445120558
37178907,2071.221358368394
80400106,1647.8021347360655
67091284,1617.491478362099
54160936,1525.0959342781928
26849200,1633.435302150111
49585462,1381.7761508952444
29429374,1429.444712202734
95616903,1470.0807200517763
40605040,1609.5567588113734
77364221,1456.9382685171026
63366619,2049.270878258528
82932107,1597.7542409449552
11504000,1772.501900820965
66338948,1831.6010233814904
17704772,1602.8128693249664
70406271,1365.272978400995
78457345,1494.0991168293592
47160363,2290.3736988686965
76792443,1094.9777338721424
76133904,2705.3684634099163
30534387,2397.188887640142
27949452,2264.844029024371
98920505,1579.1083764978564
79101538,2279.9354776134787
41201623,2429.5637023551203
16952322,1469.5608333758241
97020909,1822.8031885644712
76043497,2119.6904912330024
34495964,976.7196953171117
68971691,1383.9744782829653
68553106,1517.5305654311653
90311747,1503.469380948417
89361909,1695.791053282816
20406930,2447.7917893881063
38933836,1263.838828676212
38377549,2453.113549737195
23346090,2163.8007019127226
12625694,1249.8140572221912
57311677,1021.6495444768386
53924641,2862.1788893562775
36865701,1332.9710556446653
22626294,1352.8542960668333
94697405,1708.0346197247907
89675917,1311.6800364610178
28055737,1639.3515671345788
17371555,1072.511175375782
31452123,2161.6205865150673
39910354,1461.404920174506
16661684,1219.374825014224
11696365,1987.3756299137044
13890760,1571.4571561330192
23308655,1504.4337115286573
58265470,1621.2971694057667
23915393,1627.2887743777799
47202387,1665.8080568474954
63170132,1476.5538226845524
85663208,1836.4363703543756
11731667,1064.3035569298042
96387342,1317.2793274011422
56912577,1427.1265616437856
96546739,1607.709462783538
56118135,2814.584718152161
65848480,1377.9978020108258
29524312,2044.4363937551177
61207733,1914.354963190266
95068416,1602.3155568745217
93730714,2794.702161941698
58209441,1615.4070808483052
77468100,1374.8426192407283
94556768,1358.606208609367
66214153,1298.7161839939922
63178801,1303.8151215721266
47025809,1736.8149335505354
17223815,2197.4924534491106
26808769,1473.806292202218
25114626,2519.959866665907
33184251,1405.815007049261
38562723,1755.4078887330993
19383477,1440.996625531309
81390291,1729.5327551101514
20998216,2794.6057365868746
95233875,2073.3237770549044
36756234,1500.8378232030684
80596646,1581.7174315491486
92304937,1619.9832145331984
37613954,1258.2878598402492
58590718,1667.7329237739357
53992915,1248.4005464646525
54005253,926.9733663756743
68781482,1369.3233936659838
70720914,1499.962379913776
29283338,1350.0446763189598
71373910,1932.883488235829
82737999,1270.4595096654116
38789318,1910.1403384107966
50526394,988.2695191115972
24047944,1590.02260580759
56710540,1370.5158731724687
18038779,1648.5903121249294
87817642,1756.5173071222746
54364617,1941.3191882669123
49277751,1357.6049237405557
50647092,1223.7772214456954
74938295,1472.699018676341
94151619,1628.6848247988119
14146499,1020.3011998653537
44114070,1767.837624613583
71013634,1994.2733138300375
92727921,1017.8730005201556
23408005,1772.0008742452776
55353418,1911.4874393973112
42627732,1147.4857878413018
52380113,1836.3446459704148
76380932,2000.2414736027424
85051446,1027.2960657357467
13441812,1274.1596860319996
75634466,1773.1304500628264
77418032,1561.1860904663984
26069913,1851.0073405949868
56951161,1268.5274871758122
65568116,1543.56982127042
61527594,1590.4164370215271
17428821,1494.6982795038466
23710142,801.3661909526708
95218141,2507.967057090603
64929695,2176.9685211786264
16991389,2266.328069063636
28240625,1293.4544259737952
27547150,2811.3831356813616
66381811,2603.6271291082758
33749942,1387.84313296453
35190059,1437.955757051878
63026525,1174.3026556243021
52393671,1582.7645384546126
32813270,1760.5882970217924
49072955,1417.1848770349116
39300176,1667.9451889724794
46915044,1680.739340464837
59260240,1327.5063954095797
12697027,1239.969555919406
52828733,1337.2980297257823
73335938,1464.1938616719387
55961268,1081.6508037313904
13325471,1588.7980382475623
29398613,1146.5813651708108
27052291,1447.8276798006698
15955952,1607.653691626584
23271818,1858.7123336413395
99724134,1628.2799370537848
24071058,1230.8720684693371
31560904,2139.024819993021
65419988,1502.4026840386541
15085530,1317.9211970896865
19942722,1814.0733461149093
13275930,1469.5778327203361
22982323,1842.3187215090065
36522599,1742.7595611797801
82021909,1645.025632998977
68645790,2774.2321120461156
54788650,1655.835094462607
42678082,1888.9709161976377
60925510,1300.1590064891377
88286089,1318.5303578611754
58263484,1713.866874762143
65619117,1075.2019327124187
38104250,1718.2244073655913
13756583,1830.1941474802761
60053914,1317.6163928738204
64871810,1686.874691084903
58457956,1763.6771352772407
46159970,1569.7161918191848
68250229,2250.8510299954473
47390028,1435.4188172710217
32969075,935.6885357363465
53581810,1566.5835195509057
79530731,1875.5096020173087
24487509,1615.2323975703664
69933962,1386.757472963639
65663302,1548.7924743951464
12423653,2083.467865673605
58871872,2059.8868147413345
58171151,1587.7273597019055
30617224,1012.352129355063
69106909,1593.3391411625032
13212070,1483.023762278127
68351771,1036.3026350895038
87624917,2162.8738861263437
11970895,1798.4365131679963
44431758,1627.8166380302964
16633955,1434.22615437776
42590404,2300.669400054544
86953915,1973.049844975966
15250738,1610.3931109000116
44832140,1093.8612936643733
73698594,1420.5474885161925
42128660,1982.4674136175677
79549553,1071.927350014681
71619272,1512.083203985894
42016649,1176.6322914851796
61877206,1010.2877797505952
56572912,2541.190455057337
71598751,1333.0788023385498
34544077,2011.5873681757994
28672236,1322.155942741062
68689312,2329.8937295554274
20267244,1675.941261711665
68781454,1368.3606495264899
27270801,2069.3293961475874
37219515,1569.0367550414835
12011866,2277.005268433324
98392715,1263.282399039682
87201351,1154.589668643318
14908777,1132.81275881535
34723195,1915.4487532673018
27339925,2447.365584915889
65420496,1448.275441212764
40933008,1620.8485636972853
47440503,1109.3710809694337
94970875,1315.0313056673933
91029594,1784.8063407912382
65336637,2168.1795538449246
82023374,1820.2905397578363
11380763,1654.1229080281175
99699540,1295.918046322834
52649545,1266.907951607991
46299510,1432.6746362830743
71452565,1154.6082062123096
67641699,1092.3602721092434
12714684,1462.429946421697
60016742,1123.8320787603705
53641525,1300.2257977180868
43542290,2216.5299707303693
32126954,1624.2690446719782
38213318,1522.4173831402254
19971849,1520.1326674287382
69256669,1447.4170633251138
23756854,2073.045262151968
62908704,1378.0398897322088
32399173,1618.166473492754
39238887,2359.4800981491976
94428578,1903.5063821556198
52458139,1568.069062543041
80574227,1375.7626572079207
90487261,1711.4635106157525
31852005,1297.0097961778679
24086418,1229.1422073817203
82209864,1280.9892353273433
29014855,1382.8163882175702
56782601,2047.6624992882003
24702075,1361.5763499660454
74660449,2744.011705983158
40117654,1383.8199794323066
60385260,2428.793980337417
35958980,1703.667360940711
69458629,1959.910603261555
92886159,1571.382824816163
97734269,2379.9155506759557
19053695,1893.7955311607168
22371112,1857.7620095228672
49183639,1572.2500336428013
53526975,1476.29582390458
26290335,2185.2862720600706
13359830,1483.0810347660636
39340686,1581.6263144645725
85521089,1977.0205637088056
26704193,1924.0161404224
86626423,1648.902165263035
80675333,1902.0993979448892
38369741,963.1404536717954
10428306,1810.6125770553963
18197840,1164.5883090103625
78586780,1553.619947707298
40311310,1694.1703587204743
51507375,1582.3542970560625
10857110,2003.7276246734268
88736789,1569.2330477854427
10823128,1315.9127858069778
75933085,1731.568168366781
87766438,2164.227346664697
64406530,1496.502401678878
33833037,1620.573592988186
51715740,1413.4982327615705
59611801,1723.6275932919639
74340374,1412.63559538518
55507333,1942.3769000515033
10416536,1806.936258254425
43556040,1583.4917328728957
63137873,1783.4850179787645
70387789,1873.5709822119427
29408506,1237.7164644570594
38244388,1535.707610397937
26541311,1228.3399286444571
21032019,2217.563994898195
95710332,1762.3457063072221
80660421,1534.3570267348264
81086775,1706.4453904632812
14692465,1615.696213623124
35590067,1800.1448793160614
37534494,1175.940282992937
46669694,1273.221026326313
68379291,1569.2238664615002
28943151,1530.9642871283154
85214973,1838.637120372597
49160221,1198.4381220193866
57027484,2174.648138273116
79515834,1679.5771498344438
48903593,1543.1122948041761
49944843,2041.6135571484706
15919205,1192.7196470053511
89043859,1456.992142492033
22557888,1741.464708908716
45588391,1591.739015647523
67323319,1440.179824469335
67813677,2066.271029840596
94570366,1841.7641389690525
99333664,1524.3227861787034
62452475,1622.465054330212
27164888,2158.9555142039508
13777597,2325.204231495958
58863729,1108.362262537336
75372835,1509.3263291933636
46531922,1458.9620855730238
22638297,1560.6550455236882
43377425,1579.2002902305887
45061752,1428.7816380537195
87232001,1113.9789952679444
99721166,1420.260960866001
63930988,1633.6817854636722
67323116,1711.0755948650813
90199043,1089.6072963690947
16025812,3186.499526971688
90192151,1667.5635685202765
85194090,2891.3938905260075
82716623,1772.9313028318986
70041588,1135.95644158449
10909503,1454.0980465282655
38910820,1969.8569109161435
67605038,1720.0476830528498
22421268,2213.560770320025
12483701,1472.90429784877
99756084,1680.8945251877954
72806047,1417.4933227675713
82569264,1614.0885278120024
85085562,2194.7287570142644
51688242,1538.6631741165843
67031304,1652.2793136685314
67620733,1515.2602400480907
15399183,1442.7335653706953
83228475,1769.515548763144
59551778,2201.682869777155
58024179,1267.3629881997183
67130514,2371.66428177803
36292117,3232.9763472528844
40708056,1957.6093548345834
16154757,1726.9345410457454
56077131,1998.975270711254
24589481,1907.0369753682646
73507348,1148.3572786047785
98283340,1972.4442613378174
78682956,1778.2020922850552
48031966,1965.7501070052595
54069937,1338.6455769919173
12509398,2203.452859971549
55254106,1388.2120157913225
99797445,1719.909907406351
46298966,1831.2313546757314
97439691,2616.4786867254224
77392495,1201.644164827775
20307174,1882.096386132475
99295729,1462.1529716827738
13479279,1815.7346722688605
57906842,1513.7133156770585
11957267,943.7481883751334
46011088,1389.7708705231403
40051988,1835.5931666044062
76565808,2196.53018121981
38007540,1986.411743722802
79111798,1210.286905180968
44170417,1220.7211336585112
81747003,1423.1041592474817
10689207,1425.9378427399397
68762949,1347.1142061262274
41533253,2080.4469037870526
72624609,1193.3788012655148
95729378,1342.9956203081
63404247,1863.346542495502
66851416,1506.2066868414652
52878792,1304.5846506777386
69816189,970.243976527263
93215948,1450.038340208274
82196067,1722.7058989380089
65951347,1439.5013991716467
28150709,1445.7140598780854
26445964,1228.7041577759633
59886188,1440.7209820465782
47858132,1302.4533432867397
10617528,1439.5864916326811
26555436,2445.9021846685764
75176293,4851.172538275784
15592659,1544.4409236290367
17002563,1888.4479346764372
65418918,1641.1642292899503
50328250,1413.5857574194515
29587649,1551.894138541014
58771361,2397.6084620242395
11138502,1380.1117494439184
87806628,1578.4114340682236
92541302,1415.9297478937
20045193,1357.7477264600923
53943287,1395.2381600868612
72973012,1732.105244803118
98243897,1524.2984727529345
50425980,1223.7643115574172
53891279,1921.6335063076476
12653293,1401.1419071092218
79516817,1706.34832909121
57736550,2032.101993909984
68504332,1116.9973935440555
51418176,1881.3631323211578
52844688,1605.0401128755777
14924228,1476.240410448081
17385055,1737.0526672877843
48584675,1742.4405613406257
84113591,2094.5533071739937
24176804,2053.0098384568237
42578288,1029.8541914535576
22976178,1888.353266337209
59427067,2250.1716877651324
62214101,1538.882976071397
31095835,2185.2775124502637
61084952,2014.8838630898563
24538640,1306.5946151068915
17397516,1867.6566199702886
53588939,1202.484010993697
64801503,1335.4681828329271
22306102,1462.9179834604179
73464976,1604.7731195362483
25265317,1156.2559002781074
67321055,1755.97057144529
52652991,1476.3870332995543
77364707,3978.983652393134
28941979,1296.5850101300348
74248679,1393.9382772249842
67415672,1066.742202916772
80048641,1751.0780519685072
42348096,1548.8606081994592
76460518,1149.9441019701005
34956566,1641.5661899802997
77002192,1620.2694219995296
88577445,849.8626510747422
38297974,1179.562806129739
97975641,2067.325506421917
15692698,1646.6905810600338
83507949,1494.3708609599646
91740530,1581.1000322011737
37895673,1442.0308361367333
19139820,1974.694876965506
89742287,1165.5896121694366
63175133,1700.571274553414
52867973,1729.229121644039
16690451,1335.9061921590744
37055011,1609.6515348368696
17248647,1407.0464466150506
17328412,1961.9897706979802
63923102,1660.0236914244745
34421040,1639.572419331954
99940233,1831.5406782523094
45814646,1642.2193516406642
58613984,1269.5863165435094
31285738,1383.712959085829
35071743,1509.706166174748
52223959,1648.427571306056
61904367,1164.6072912968486
31525138,1566.608300064626
73171290,1317.1060926077228
44582195,1469.6918110856425
90109527,1419.0574513330914
26952082,1371.2590232062028
53620380,1343.7140265356297
94287883,1079.1105383826243
77186365,1724.0698443938775
33864808,1681.6090211302017
70959138,2047.3644453691472
52099246,2038.6862289187288
22249291,1992.10456331583
48803280,1366.6778634104755
89982531,2092.338327622002
64289923,1322.839171200886
22000557,1490.3902759605267
26219747,1313.8268765263927
31130738,2038.8538797966041
32445244,1174.908101407971
75236281,3180.735165828051
13587715,1390.095271677232
52514750,1348.8372908658782
90786271,1906.7010914564225
15005065,2088.8452294060667
20097518,1198.9296450658196
50625868,1904.235705517645
84412981,1478.6439733578138
92773944,1942.0934095965197
25312123,1053.735301964305
70396417,1773.2396027784064
54865863,2566.865428042575
35803808,943.7943840783377
59597265,931.5084370621157
93311848,2236.3640056112044
32340446,1651.9239274748136
96794801,1665.00374865508
40380864,1377.9139583839735
82007689,1714.0342069593833
84851707,2323.930371347825
83174692,1910.3888441694373
59083400,1776.738200822564
17580169,1349.3848132969144
18219500,1384.2158323837737
87811781,1675.898381763452
14088369,1293.9983951886427
67659430,2208.2499151712345
42456496,2190.033137269619
87353322,1625.4378725021595
13917344,1259.3540737081819
19886405,1494.1703839557413
77800166,2158.636503390332
77068569,1870.8806793375622
88362858,1641.1286961967937
71241476,2720.517257743192
24814654,1394.1669551773452
46691706,2570.0988030099206
79162545,2069.191696924422
42908985,1675.7247556200316
74936566,1029.9368627989797
19620916,1804.2783761473972
54347722,1522.226900678807
90271799,1626.6219033496209
25414359,1465.2091611111248
35809369,2735.5461637995504
57731323,2295.3408843862867
37887687,2038.6072967000719
76623206,1439.962664425721
69954876,2210.7674172223606
78180146,1873.200265275747
90681578,1344.7522723321924
41794614,1489.151162616181
83295852,1939.226918987215
31156145,2535.8889424863864
62711916,2361.1505100064155
74676618,1578.2446900949906
43248708,1659.8843214529772
69180825,1480.0824287250923
75624999,1001.0069630372876
37667208,1167.3701128998969
77810578,1427.9261204861448
47115768,1790.2534136492159
81589304,1412.0876741105149
74472711,1348.3039894630595
82711188,2154.8930558874654
55272778,1913.154776638501
98229885,1175.3306461646266
70058028,1974.009493987517
90729377,1859.7348168262379
13401279,1370.7042443072778
85519612,2239.562297949934
17006769,1513.77590064319
99888523,1294.5104651689776
22354297,2281.2241681569253
43508583,2000.566940623377
96795828,1421.5516601470158
96608998,1922.1192775893817
67452091,1355.7011147180797
40571985,1636.4443282680663
15232782,1626.0173467920233
86789043,870.562059747545
14046478,1707.6182636249341
45515801,1586.406747448436
26318506,1657.5620434915422
34584473,1382.553360773103
15369631,2019.3114721661445
26479383,1381.400613946918
81346470,1035.895013492828
83197984,1963.0942126296234
70331904,1205.364659796085
78907246,1599.8978433890097
42709019,1827.0167914125245
97184353,952.3517089433896
35589537,1099.7927454783653
83942112,1252.859709401186
58293013,2203.8932704772637
78567689,839.1160899813246
88610012,1961.5899980812374
68628621,1574.5991336772395
51584806,1181.1127566289517
29419986,1426.3326280568817
21476578,2084.1166854449543
77370060,1479.157997638005
33607448,2619.3222383072257
47890072,1580.329512585788
11234362,1360.4606341099025
70681971,1146.9588683028935
45196219,2112.224441260922
58136807,1548.1371041970117
21383428,1868.0329183700449
38088367,1789.4629629323917
57071133,1351.7547419582882
83834449,1730.6911057066723
72194210,1452.6138325268678
14582584,1383.811588242982
16017322,1401.6689645816123
18598541,1425.375601576853
82812670,1492.2375809892071
53563234,2886.633435157637
63779141,1628.494803118881
70854456,1626.9204414291812
83535660,958.1257169561259
51099419,976.672350487056
30503407,1435.6066125863015
90802363,1325.523775702511
84057874,1283.1042005636732
93637941,1291.5805031161033
33888588,1198.6535300656838
78183407,1615.7594748001566
88497510,1662.2598348872802
88829918,1516.9537619841997
72639649,1692.0113459761833
15627595,1815.4493274366127
68832460,2524.65418351878
31734310,1115.4818473991497
69212161,1875.457022857542
62980146,1489.119186949515
69972227,1727.6231423913746
53162285,1314.7016686470604
10963473,1637.9892530873556
65276908,1474.3573892825516
72611634,1466.366612907896
81292347,1549.2688953183695
34705944,1382.8460676029345
54322977,1385.6542111587542
27155431,1309.470475315267
61373056,1725.6902558049453
64530093,1955.0605965426273
44187538,2608.862288915241
29110806,1298.6994085740732
34026881,1524.8421241338701
67734035,1674.3626857575603
90355788,2018.2994681550622
76930932,1392.1544431782825
31194080,1330.4338466363322
26948420,1451.8515175957348
60117998,1439.9193760734543
23540580,1844.8192850072123
29255361,1614.1172920234553
47322059,1410.332271819566
50570727,1561.6774604725158
71874386,1188.6457400334405
27325447,1278.2330970208548
92986477,2556.2549838460072
27856293,1580.0732233477788
55159001,1562.789668561439
88660196,1675.3554633151682
82148252,1976.575070222257
15421314,1830.1624023662173
27620141,1431.0687486787665
12348320,2719.005721273535
84344897,2237.6421441323664
10950855,1642.0430416779486
44290434,1559.8157598219395
84843689,1469.245604469231
85814690,1280.458369558371
60406086,1144.06852674469
35395832,1882.3987633253564
54621645,1388.5395465991182
29154162,1398.510240262768
40230589,1156.3428400220723
46902130,2218.5695763128483
70579622,2039.1345246465617
86272378,1428.1117953576304
12294631,1870.261080179135
29412564,1319.7809861593557
88089176,2104.299791445759
91193188,1487.065365773246
36523137,1494.1347970033005
54050884,1720.7981692402586
19187985,1017.506879410118
91884750,822.5416542999745
77985469,1201.295155716446
19362736,1377.6974363786437
37641826,1253.7844451875653
17997673,1576.8571425227403
12296621,1452.816239126266
94210085,1348.1494864384492
84475360,1648.9938991374538
44450631,2427.7477238237843
96917819,1823.665038072138
76581579,1626.5385687918706
16376842,1194.1472174716016
20378565,1799.6588935339719
67149501,1396.594369780391
74149592,1503.8925322550315
55437574,1262.8716538566912
86258875,1036.1423491240353
25154125,1531.27853203979
64289878,1313.77608785928
59484061,3258.2884446185394
39600891,1845.0443497927067
40907835,1274.486427263237
47183606,1539.138921460016
71132260,2227.4151638019025
19424487,2070.9157417917377
35720925,1404.9238655360732
74210516,2521.2439701862145
53089641,1693.7591212581626
27778699,2202.6392727472744
73489375,2776.7522300717915
46042524,1144.6950548303678
59554727,1583.1099704490161
31273971,1629.5329608584743
31543147,1241.7784377671358
74490349,1620.1708264064519
65190591,1155.9344947412665
21122660,1640.3342894117845
54597323,1762.7684278724582
77569150,1203.5376159314114
68093533,1332.9723545424413
87099884,1124.7266279567784
64825958,1187.4938226256834
27545112,1371.5486804222776
87791632,1592.9083787537359
93384265,1967.3257717457159
64047299,1172.0548076384969
23357980,1422.5383766760435
88585802,1433.5526650108052
26754357,1830.2063315445862
99964380,2448.1050549506613
63611208,1156.3006090212157
10618556,1118.2397577816032
12155276,1580.4945453993596
56528554,1644.169562368692
72203638,2434.1620068312104
48174886,1806.2848945465746
25749233,1959.9413154810015
11912269,1119.2007443709933
14181748,2125.8489231221643
77013810,1814.9711794343289
59885886,1668.4907846285598
92982194,2406.4745158504566
88065861,1550.545629459479
14857189,1770.2752375847454
60358916,1980.6865209802688
72265262,1649.4151237817182
20471623,1696.9432403848296
88951362,1556.9774946785633
22364003,1822.8844369812095
85137999,1753.7685917418573
84176549,1604.0088959539128
25849299,1457.6411981129718
21233903,1660.8632667342797
95963515,1540.602511435178
47630408,1568.1446443897964
38763223,1291.4243946348035
34812513,1907.2092868106383
77372953,1170.667722896669
74724495,1946.5470667261923
34162435,1461.0399644341462
60046268,2820.674076101732
19475755,1439.3270187727273
89620481,1386.887190047701
26981207,2159.097644923878
13918048,1358.9213710649487
36590125,1499.6669254929277
78119113,1093.8474230991364
43245514,1721.7821927078592
88082339,1004.1186390719066
62738760,1478.681282638099
55254407,2668.102884365432
85112378,1586.6387122291271
40490983,1287.812284214382
44048989,1691.8869728865632
15551565,1563.974189234001
27681538,1341.3196574109961
98232104,1385.6614283273439
14018289,1437.3384115337512
82522150,2496.086515282254
65483357,1247.1911145428664
94158408,1672.6336946505912
50266167,1775.5293578456524
28805175,1969.7311074750476
93929668,1124.1833633330893
15540290,1669.5446646754845
98661090,1575.1695912435982
50074109,1717.8317615707167
85017115,1309.768922462983
99914220,2152.8017492351905
76334714,1517.6462753100768
38140938,1494.9088987384018
93933852,1324.3636829101874
13190892,1599.5150096462885
67747085,3998.303809168492
96389355,1745.1059142740128
42380180,1248.3598471613548
55522772,1610.2595820692952
18839853,1566.1990626699153
93030803,1604.9421546639292
19574384,1675.119098861637
17501488,1495.9885036188
92757638,1120.5238067173343
47546392,1600.7052657394265
56569095,1876.1083875398053
34392418,1655.1826845739274
49367171,1752.0556200146975
37669142,1358.489016789401
33580264,2078.9424140278243
52617381,1460.4458152011744
13011861,1574.9500029608223
97498208,2082.1121737384574
53388262,1351.63382356372
63018369,1603.4076111120705
59266953,2361.3829405786346
33256210,1576.4066477240513
26585585,1484.501378560397
43342989,4735.334233551112
81962175,2315.3589248154863
54752385,1591.872692689754
12906623,1158.4326227005645
12144505,2251.925242167998
47329191,1464.5401933273463
35302686,1576.1201030610382
29541158,1571.7612976181051
80447228,1495.9209090575573
56399590,1698.449378391164
44327442,1628.414142376944
65756284,2395.989837450054
13967851,2421.547211771549
33766889,1916.6038773411844
70886578,1378.0060206409134
85448456,1544.2315732604013
24208719,1511.3931789236333
72059158,1987.014281295782
30666083,1443.7119748428743
45090209,2021.5874484714618
79520644,1924.72076557185
41015799,1676.7544800153546
22610356,1059.5523564841635
46940244,1269.4509860243422
21443863,1311.4121630599607
63769088,2175.0440003586496
32298027,1443.4034400608853
26046152,2046.2959315310957
60326272,1493.4088802521653
24693880,1524.660555564677
18317166,1970.3917263143212
64265688,2228.3709642114104
27910854,1367.0556568352401
56810750,2156.6851502549785
97007881,1267.5447150538537
90317702,2458.8501409683217
81231529,1551.5543087478686
85899649,1546.4809130469337
92087175,1414.3864900553265
24070483,1499.7572030758852
87629146,1201.6270766902219
11101794,1427.8892381330438
67889079,1715.403298915529
25576186,1553.3821376761261
67657245,1786.462638733141
74992266,1508.7266022042734
83091668,1496.3429412020562
41547362,1604.5051827766295
75141878,2933.7071292454066
11562295,1099.328043192886
23748006,1447.221627482302
89825179,1449.4855497789297
46505766,2660.039488974589
36098274,1865.6032559526473
61326956,1956.4875148813624
69020339,1387.862459953828
35844282,1037.7207817782062
86014291,1713.4774506087504
72500654,1503.5100231040078
11567986,892.966175311732
95910506,1096.984747700506
73565600,1905.074946937301
83729347,3823.7547067054356
39689433,1318.3677817923965
26513864,1207.3211309678122
20449852,1543.1834327439342
10382065,1519.854285282533
61096786,1290.991407051675
40823824,1575.1974159423849
95687753,1131.7868189998246
88043962,1933.3350148491886
43192291,1767.069858365133
18631499,1585.632941379138
27194752,2363.6577462081136
48023684,2150.6880373152435
76180232,1956.9005510061997
99345059,1553.8502843067943
46554999,1465.2632730934463
57537267,1503.6666667654142
72087202,1242.3952269726315
60008708,1348.166456469209
13534295,1355.132195269552
90971189,1812.913652338617
55662480,1070.0247289693407
81189360,1758.3316697956066
49401774,1687.1186092409223
12131946,1642.1083925250425
78732926,1934.36115348546
38392538,2239.091011111677
64273801,1454.3991374797795
62858255,2470.5474756317726
13288053,1547.4446384830687
80940080,1074.620118009773
73197703,2199.1214582252087
88918806,1663.4713623293953
45088467,1888.7877493638948
42105313,1990.844137977191
51515302,1643.6873526126933
85071892,1347.6587035887317
23401512,1328.9115236339385
70514922,1368.1489393129245
53367560,1713.0809456294287
30799466,1249.5251348304375
87442307,1459.0221708608387
84081332,1625.8050454206802
87505658,1067.0458116935552
10151086,1936.8492031238566
19254776,2108.3285810684974
38019521,1461.0204597093993
40151098,1653.6072125445871
75965212,2205.1335836563576
38667600,1223.3776889711828
55646285,1428.3945154261135
35548301,1356.3451551324413
18737005,2307.5063839260624
76771390,1637.6183604842272
23778594,2567.267979678786
63739797,1308.0164511051921
40559434,1933.464536854004
15970404,1420.320567078673
41963393,1661.2035697503777
36850376,1821.0972339596515
30703622,1224.244276153017
53681130,1484.4376946082207
52524172,2792.5604294881405
78986568,1580.9120884459978
60868659,1555.624552342818
55970571,1417.6678321598588
69603000,1278.3271150623134
24475423,1256.1888814134675
30105284,1226.703569991323
42638975,2574.838869336973
54205765,2198.4922671443737
77026950,2141.8789404535955
55738198,3141.2896243434993
49309757,1733.7285224847567
52256145,1885.747738424706
14972722,1422.7374814936236
47613103,1042.6897032271215
31244414,1831.1787493263741
67669646,1889.5350461798746
85221335,1644.920741598102
29598209,1541.5067520269429
64960038,1644.6806034793294
36072721,1889.7059118332365
48855526,2064.5731247824206
40290168,1475.4280700945067
84094689,1681.990822219247
64780070,1506.6725736815695
62238032,1566.7975350243255
44102009,1855.448646236223
13443938,1550.6029853332175
27288438,1146.3267603225468
26505769,1906.1440628549026
62425735,1848.9769917590463
41742405,1898.6157507489113
35508108,1478.9064388752613
67267851,1634.2848867139114
65786198,1994.2472930613
69652252,1415.024842022241
78338794,1763.1885985715883
98205508,2588.606671512003
90079134,1778.9713642385527
89240929,2482.5448323369974
59365630,1399.6681741075358
16423455,1577.722480698705
30410578,1416.8815308606097
41943183,1882.5884626479053
17181615,1395.6240713148272
31537031,1782.9633096163518
55634963,1398.0663577638866
14790401,1735.2612598202002
49470022,1505.3503445539773
68137744,1960.3170898865126
10800640,1337.2333114920411
82878129,1395.2959580225745
98099360,1841.2895132479186
36414556,1921.5627149112765
74858657,1205.6596293278353
41406039,1462.5848418624078
67297495,1328.3465992811173
98019387,1738.0777873205561
17133275,1495.461593352865
44434588,1256.6236221929742
23385843,1719.9906051262512
51805988,1615.8561445433656
65443150,1618.111266465008
77624321,1506.8833659636898
80056192,1519.7010416066917
92008819,1547.1210846032568
78973038,1036.3902756157004
36356168,1822.0764583062917
23051465,1324.2850732705579
18225590,1732.6690493019955
30705007,1592.9843963140152
51916309,1528.4233838830999
49014177,1986.6451992959878
46939883,1615.1014048105687
27552020,1324.2875979224507
76064439,1100.7791937496088
42732794,1931.83880387667
78185687,1073.6038372306855
37150067,1459.2266825684715
60216204,1464.0573301926702
67861895,1761.5180938169285
82668831,1276.9185537474661
26865256,1448.244839132342
20296005,1694.177959647401
91164112,1455.643297294768
48751412,1594.6822371301412
92672083,1973.528601584022
66451503,1962.7142644762266
79223008,1389.1529347605128
86295795,1260.8755992593315
12188395,1202.8050235931519
33148873,1211.1676972376808
18236078,1631.8876992764501
53763750,1221.560992002763
90278346,1690.695564344575
23921552,1487.5248633668998
60806947,2703.63240439027
87988487,1213.4862320145921
33594333,1403.7833515378002
51767697,1513.1746319047427
76176593,1696.208328564245
20106678,1844.6444150752775
89323122,1365.8179464293587
15084276,1716.4798074210003
46737280,1741.9304168913643
27725859,1243.826743939653
47502584,1510.8532174258314
89375361,2417.844910729371
54279167,1624.011062268752
62834953,1168.4176874393506
51358955,1635.4673474583847
43105700,1551.9265520286394
71610282,1285.0266735017854
79952909,1961.4258244747919
86913278,1242.9096671162235
72344233,1997.1389812691702
41143291,1189.0345918992466
47312733,1508.5907077992952
73376655,1656.3210390405795
44219943,988.2332787266805
18665144,1373.65649836122
38016360,1728.873461729387
50277432,1481.8768728206185
14668690,1363.4233368286832
44041678,1776.8389350161383
68597599,1093.5880203704253
55600173,1748.3659508080425
78109218,2855.7939559968863
43432402,1864.7535980784992
57793276,1586.7850397541947
82143513,1730.986949342453
13373907,2344.418714042929
78336625,2129.714026834897
51821030,1809.1331591741186
57620512,1123.4803121462842
94840760,1423.7965357412022
71866671,1627.1635135197057
12967437,2670.6213019657384
94620585,1493.4172307454298
45148967,2130.257203988502
28096166,1334.7914686498386
76948857,1552.0761664675088
44584760,1223.0122665269562
36577484,1814.2181708737894
63103602,2809.8923429689726
15647671,1808.0204027274779
86020607,1891.3195016430207
80235014,1445.3721297117202
40496834,1247.9047846247913
98549441,1613.5952786918945
71915619,1668.5313372497947
27813348,1891.4097146466743
48090735,1613.1948955425114
91818207,1878.004039997413
12597429,1352.5012087988223
99318296,2240.2855735340863
38085169,2239.1939049012362
38823071,2069.4761855029483
61630311,1896.7244345014162
78195551,1829.1892864612184
88131419,1647.20972304656
18300026,1557.4549517653797
99585455,2097.4921581581016
51530595,1964.2540971976794
94166971,1499.9427555029583
13633057,3055.1717297773052
68298368,1286.2625082954755
69215865,1800.709550634055
30064972,2099.2105363987225
96997224,1651.6690319451732
45138943,1287.6651551804052
21749235,2104.8574609727452
62856234,2966.015506589128
23982292,1079.9909046291066
17686144,2310.1350523920764
57256437,1697.9448242554413
85469927,1634.5887889069556
14451732,2106.410243420982
85268432,1430.863664972777
64602955,1328.9681845273149
74101500,804.0671877877381
80083521,1451.1582055574281
11433359,2264.2924249599114
99198713,1276.13860649304
12281135,1414.3945874501237
60094475,1352.9437593281452
18817746,1335.905461316017
80803307,1919.6843401215056
50415370,1478.1678837325499
65098425,1631.6342833585713
52785060,1331.1183438669714
76797423,1526.7293084019032
57752962,2257.1259788324965
30340212,1504.1772400428006
17309152,2543.013776569044
29046975,1756.7824045618413
58339630,1555.172732259776
38269849,1136.1204862273137
65498444,1456.7003935140228
56278811,974.4986849330471
65904109,1208.6924589982498
34436387,1779.0568630008047
83162633,1660.8392429094479
41922575,1344.3597926073148
67606284,1428.393986430064
74148614,1375.4035330079578
31898202,1595.471680858363
12816787,1864.3776387265818
73390625,3928.2297830429115
44602780,1540.6942349018927
59497966,1997.5446355157203
33304284,1474.3734328586984
70931726,1476.6514128520855
44381487,1300.7544448373144
55483533,1554.5692047656842
41096987,2966.485818372422
60844342,2554.3514445126903
46382270,1125.5289684376132
41975761,1532.743312520473
20086347,1365.176338964095
82572177,1652.3769845766656
27871083,1104.4410851365396
47060550,1582.7698539410803
44062914,2064.9738446078272
29352791,2693.4279389493227
42368060,1512.26737094005
83186065,1776.7553963299977
86750602,1761.1868422618843
18043718,1285.7921934306135
85319365,1425.1543538467774
93521329,1537.3342253673627
68774400,1606.1871007917327
27686846,1701.55326524416
73144512,2459.214097979193
47707941,1511.3367725750174
91947483,1530.939184045859
54467473,1729.073079436259
25827075,1620.7945660143448
99472188,1516.3196692994452
29814538,1844.475878741893
98588385,1355.52962664486
15032563,2478.1572330267077
73738020,1898.0456058357645
11480212,2279.4271225403204
75221745,1582.5951174173508
19968090,1521.8094972801748
70404205,1357.4027473777467
68659791,1587.1873181012593
33092757,1108.4132238044585
78193594,1807.7097641989712
98198145,2311.1250843590215
99767011,1709.7437145023528
56688046,1579.030073779162
66475382,1308.5803581834246
75692782,1625.4640723742007
26808729,1599.8372626669511
32171695,1431.922127902355
88456703,1556.7496582919339
20999557,1407.5268039988844
28934979,1379.0986612966208
37107836,1540.4716542586143
50278467,1514.838937900059
61940174,1477.3665006975577
17559774,1679.663012386714
21430086,1875.6006385961857
10776426,1366.2266144392033
98097088,1733.1256849064248
43113087,1311.7104529039593
12862019,2465.848883061822
44592366,1261.3066354548337
96886172,1521.6790071462524
96480201,1144.188554720886
85983502,1614.782304753582
23038927,1024.0695417469688
53573032,1724.7114739474423
34553934,1564.4184854752364
51249487,1650.3196362200513
85349173,1530.9118188616962
40895869,1209.2516794587964
99256510,2223.104511472063
76469230,1472.761974849683
18165718,1893.3100667707545
96264289,1438.6064955402433
20452221,2167.8691658986795
15739031,1289.7454770030033
75157790,1644.2089434479612
28901434,2336.603551890327
98941473,1562.8440329474877
84489512,1179.1710400596235
11168890,1794.2093308446892
45041073,2057.0612955685706
85582491,1544.9117455641094
14863106,1687.5456849903392
53607444,1318.796595436206
39640829,1131.603989293314
83896205,1270.4433409579653
66887097,1984.2378378335534
54562627,2075.041502433077
60923346,1706.184245218912
85626709,1449.3925212260156
11687354,1344.8844195131653
99055900,1382.9083102192012
94176139,1883.6829263657878
65142810,1445.895815944236
21025866,1546.1254208707394
86231352,1534.4273806552224
94223565,933.1129907664614
53094412,1751.8812500681458
16579300,1707.192681543503
68788821,1552.2660618947023
22347006,1347.3269578055103
89447420,1696.2356621345277
92132840,1795.325947140054
61120099,1484.510871156139
66390529,1692.3268762803086
36752526,1931.2007149309559
28673093,2464.800098361728
60187719,1485.896959096715
47937195,1182.0320453976296
18528428,1747.7317775691852
72855294,2376.743136104944
77314174,1163.3703883370206
74208091,1347.9164275737762
25265856,1202.0093999005617
43541187,1924.4327980042012
22027673,3844.773682238974
39533389,1534.303525209022
28548263,1671.6383346159332
78891989,1512.1037334555049
68562696,1725.9548967410615
45297826,1912.121722385472
14532340,1630.1720006224637
42487332,1210.0100893323402
79497837,1184.658427805045
48787566,1460.5709829464934
43024895,1352.7765007713733
54043001,2861.3732699766742
18517095,1253.8174646187606
42190640,1649.0745004950402
81702926,1773.5274612974083
20584669,1249.3744001552502
48104361,1315.9749623203766
95781341,2112.048472227439
42595500,1513.9848002777128
34081689,1365.930722330318
18465181,1600.7881942238275
87028165,1091.0230528915433
25157413,1585.7267628707214
33500861,1717.6658595970644
22501784,1774.1395837242153
90954690,1641.5627173354515
12079890,1272.7736036064182
24560931,1407.3040915869449
57180097,1582.2420208822748
53805689,1317.7087021433513
54653374,2145.817250149937
79714919,1500.4345053429797
52629831,1182.6949680220002
30315883,2134.7610380874703
55900800,1473.060522250326
62528560,2577.964198319754
17439043,1938.4692110836838
64302335,2392.9600695868025
53498595,1524.6159038398307
92248005,3266.3904173028855
65132848,2052.1386856857007
54712644,902.3408126196504
26501578,1182.561872975372
57973578,1671.268255227491
64849387,2177.906962108023
38331875,2100.076758418457
84564845,1373.6758497186495
34335614,1481.285472839034
18851658,1155.9986083333395
10997678,1453.4902493132565
40768250,1331.9109002181888
47646719,1302.9528508191404
92937467,1991.9087321079862
61661397,1730.1784728317887
48317061,1374.5765218314236
97216589,1595.9718173756035
39977323,1502.701621902541
46445975,894.4323447904304
94283551,2058.624132784441
49677766,1342.0315338707535
85991335,2145.8022536667827
23059563,1862.8263320149033
98641777,1511.978935132398
62115510,1221.5870783510338
63322573,1907.901970067286
88463974,1614.8259354297609
29063398,2089.2107358491517
94756964,1665.5727360923752
84286445,1494.034694897516
86644899,1471.1532827744616
58366829,2850.610819243866
87935193,2044.7101879950508
65710078,1285.4013296773535
55211028,1170.7431197138903
20090342,2394.536742075496
17885846,1859.1746841512222
87917108,1791.5969657481241
35243872,2265.5750015356853
78681572,1467.8499412194944
36496663,2559.3649297269512
88567292,2653.0906256853436
90883683,1752.4281556509964
77163639,1712.0586941636325
70680981,1640.1112907518936
72230973,1288.809131403678
13786940,1647.7817947821495
56650323,2092.0597664861693
67337097,1981.9373438045493
65297160,1336.2577382437235
23393351,1083.397244522301
43711949,1893.491504465691
45998905,1770.4519849754022
94413146,2104.5070427335177
30684529,1323.695252727299
28147355,1416.688788021118
14737001,1514.3609736152257
55758535,2643.1891431890936
95914131,1593.741665796639
95400320,1252.3550608967994
29157079,1495.8454813646294
34838551,1272.6954107837546
79573538,1924.6298544462288
53853858,1275.7904397873688
46958037,1950.5786744290338
40355076,1298.059946398302
79162800,2071.937601733662
61449541,1758.7263581429465
68870249,1172.3905730886622
13256146,2013.353293166883
23687793,1006.1343768401558
49330994,1905.9706987830582
47955268,1675.7153314976993
24572229,1294.6953686769489
85493065,1513.9578731541308
95994562,984.1638405619852
86822089,1353.1139489191116
38878729,1256.5682041745008
83459912,2843.1540828165394
40295244,1542.7625097032792
95702507,2018.2244489630762
97865744,2106.4819797273403
81724417,1425.3442589374154
22296895,1433.4444432360715
25100739,1650.3301751060242
11994578,1458.7171949452008
43823713,1732.9038817545222
57595389,2639.388586391127
37162594,1775.0191287266932
51432674,2406.561123856248
96977947,1896.2351253773807
69353041,1498.6822111074728
97471377,1065.092451564224
78888703,1227.4385604459492
58472902,2434.987442595053
77647159,2307.1014163358336
63649430,1555.9599752753074
11295973,1586.9469729082523
11886952,2242.3758551189894
31115337,2049.682888120127
53945582,1497.2226425218462
73391100,1375.3861561151791
16170017,1430.8096116946772
96391937,1510.9463400429822
49663888,1574.4277165603155
37966282,2258.1470872836912
91789209,1501.078377913475
47228126,1550.4093896085615
26588476,1239.4710332921436
87591569,1541.0801699238732
15315145,1702.5469061163203
70198893,2202.2278195768104
61666968,1654.1901409213797
22175686,1047.6848409517138
63396595,2051.112092467664
18727617,1712.4114139236547
19777468,1338.6810871588093
30527873,1487.1253762331523
95114158,995.0466496773475
41739701,1470.0315589831066
11369670,1285.060442353997
74973026,1417.9046973111099
73622781,1718.4160394007122
52281834,1379.4327330405424
16897176,1632.5167256212626
63339672,1997.9376657936236
94319057,1858.2637987701194
89357552,2157.9550607661263
24886317,1518.6080723723032
59666869,1305.1854378599703
72430983,1624.8612612038717
85345596,1582.8146024123193
24218852,1436.7328538408415
82044920,1700.2161488341508
28204462,1286.6454170361776
25544623,1729.940207108082
98645538,1751.5895049815356
35786181,1262.3763093379453
56759514,1620.5445311210908
94979414,1612.749048040038
52508190,2102.6808143214366
49317061,1708.1937894409368
76293520,1755.7229870819772
67067662,1760.1585652980714
11847526,1888.1901627618056
14139283,925.3506600324013
35602964,1676.1988451568313
61092334,2434.2575352960002
69270579,1089.7613891118945
47517321,1753.4744175755836
10542988,1671.3829024596514
66912082,3043.10157847997
42445139,2044.3126273408736
73053729,1289.8801226135106
96699423,1328.8590425211764
18843679,1830.0134615329498
86433075,1548.9081697514955
26883104,1432.7345262621702
19601132,2099.0784735614743
37017650,1516.0905862118543
83138933,1470.6161675860635
73247661,1528.6751495787144
59307450,1887.079449701883
31131827,1396.0995642576547
69966233,1682.5917494962348
40243877,2462.231811026778
41951589,1612.8209724921626
36031262,1616.9445191224054
42623413,2035.239453596649
67891203,1878.4048596635507
51970188,1670.4925290945782
24213498,1591.7618624895301
96242069,2035.1021225342986
41943430,1903.5882075493787
89189267,1314.8253984659057
19898345,1175.7009094490313
60572858,1380.0887481449274
34988552,2292.505162788756
91110384,1619.018026345934
75957507,2043.1326629055259
64422949,1341.2472079072854
93823627,1191.527724707098
93745711,2112.147303407049
17782008,1154.4744969808346
40016743,1003.2647953152323
78676337,1983.0926106031222
96591242,1558.4314569445203
83545822,1365.5570923661219
89501773,1194.4330737938005
19293886,1643.1681562663452
58534753,1738.546172088963
56198063,1506.9543074016008
60777659,1773.0909019418887
65431978,1248.8832473605903
94604898,1595.371087746372
76197738,2252.44036045116
81980523,1706.0109415659867
41676275,1312.815653590976
36497965,1599.195682773553
23177824,2074.112710947605
85192608,1230.294737753699
30289672,1545.6054414064652
98138275,2495.2061873213593
57817320,1178.3623747755278
42234307,1514.8539873038815
35893634,1299.8201344009701
18195993,2201.60772632727
98403244,3037.261363020835
63004294,1470.441445101225
54567579,1944.0622926800415
91568379,2398.0167886761824
82476880,1330.447242603004
55652262,1269.5997796490026
20373341,1278.3917323261885
58632297,1930.122459414361
24786934,2574.1804498151573
43722745,1729.7384917055801
87508719,2270.2387170271454
80752603,1097.1766385899584
16698668,2147.0816631007056
78798734,1780.4182861694103
18461999,2126.252839834309
81299277,1731.7227368578924
91417891,1504.2892710896738
25190830,1839.7168913528878
73164327,1084.1515616494576
92759943,2138.434521572544
18785269,930.24855508475
67717385,1603.3360735132999
68136920,1884.014335672457
77810360,1504.0696283827779
62012820,1593.5450766517054
55983128,1455.9636480638792
28119370,2322.2279074008793
34978717,1451.9470073401853
52374215,1308.1327255810722
66651771,986.0042873263914
49306420,1836.7925428411743
57524470,1809.7707121108967
50884173,1964.9557810009076
41477733,1540.3410393823071
14875840,1666.8071171326987
11186021,1277.7224639183887
36355598,2135.8333220079353
54557949,1776.8700662527879
69426516,1626.1311645428316
92092667,1788.0579541193765
52668902,1297.753032968951
63561915,1280.6566988080108
11154750,1908.9765839203685
48765039,1308.5424977662062
91136342,1611.5153159311417
41265217,1459.9843439732365
25331950,1366.1929181078274
59339185,1676.2601331795581
59925803,1216.6070775666276
15169957,1498.4115875160248
14437249,1777.3959509518936
98971521,1788.764043075923
26418410,1512.8429277283265
85892267,1922.2580295140135
29358885,1143.216195546457
90069301,1650.0428227384286
11408026,1967.6262524511412
77952900,2483.569420198593
83752708,1974.4650016605033
15243872,1431.8328542847034
20649757,1266.9970570282178
94157069,1139.0331082860093
80138291,2538.3313266669493
79658232,2209.933623635469
20876663,1375.8399738455316
66248879,1648.8793237762945
98196787,1685.9040088836985
11070217,1254.042130903148
54123194,1980.5446444966149
86862821,2801.017080471594
40252559,1397.6379675185024
60519623,1215.2170209446365
11098932,1617.2563017500606
77544004,1855.4870680399044
43855714,1630.5181901398623
57112829,1510.3628238136491
69104738,1277.9891951307134
51426009,1531.5189409324119
96759585,1409.265287235819
61695552,1572.8558347672783
29335973,1352.7308169660787
86711404,1772.8652459063971
96132003,1430.6180445762025
71930157,1520.8913249033776
24207989,1077.561587012684
81239737,1127.9454838847842
19246532,925.7713261526416
12541440,1289.2823204272638
10876544,1894.4499553714236
11012723,1706.4634467010683
38854043,1315.9506853141004
78679072,1596.3004738405257
39567200,1723.2671154588893
59107952,1612.1717959465384
79981461,2049.0270435738325
16385065,1635.1070406746376
42418677,1704.8997294133035
26750207,1521.8950102274187
92430939,1660.0124938050524
22967094,1404.102546749141
40195159,1581.9545704594386
72466218,1023.1249534022096
34482136,2259.5782466738337
13940540,1543.478010042575
22725269,1937.363814615672
78995555,1660.2871146774983
73638726,3253.43370253021
64722395,1344.5587194234056
89563722,1712.9037693986827
32568591,1932.5956287244192
45801232,1787.6571519816107
20301291,2046.032569289096
40244043,1534.6323176378198
64129406,1348.0783750685873
72297320,2064.2055644162824
13456518,1884.3249823881094
27325248,1452.729247716323
33468754,1731.4361949739944
60910395,1639.223388105576
32681832,1930.1009873278983
21428869,1618.5049847486098
86653666,2087.740234441087
32786522,1282.3702615395994
64027869,1419.8049691154488
34126567,1399.187402355358
42278394,1868.450820211225
95376056,2334.0613771389335
99562015,1311.7279122193304
15133980,1527.2167006222112
54026308,1404.5300256188834
76441994,1510.0460931594957
94110128,1694.053508239498
20201258,1705.1998199837747
84604326,1824.5862330533157
27309117,1096.3791798813727
85307886,1057.6760126766922
68918906,1600.7689753331972
16328223,3640.167046710304
18599779,1700.7764753083197
54032168,2026.792028361512
56206271,1604.8817308491962
20991939,1285.9753518399314
78007881,1283.1973447720416
43136632,1919.0565803577967
26961880,1840.1540069671764
59246484,2879.297822607784
97485255,1231.126200615105
21548886,1400.4576074205222
41405520,1573.5978252848206
17265204,1258.425236067322
57594370,1352.0221964745313
86204456,1514.2262267467513
47896500,1358.9463153082204
49072175,1548.2837335514912
57819104,2504.327670084107
38029807,1516.9275509099518
72219430,1457.066501188988
51835434,1559.1988391045163
40820294,1259.3437959135686
39676991,1580.5978102350102
47329975,1453.973448702134
40515929,1277.8923090503708
49496398,1301.0170028289697
79829278,2951.115293347293
25676253,1837.3399361930765
83511561,1887.6981064620745
97282391,1331.1670939137337
48159381,1658.653050302266
26133617,1173.4231367726165
14830790,1443.5079858528563
38458641,1875.112185356854
92902816,1319.0806044736557
67366474,2239.067395580598
12931119,1817.3011936562248
29119450,1661.701914409293
69182586,1636.7245435182972
95601790,2026.8074915111747
37235321,1691.6041040741256
18453791,2124.382281429631
73959998,2283.565935138657
85145437,2154.587148309494
20490331,1473.219612639521
40505076,1430.593660007463
39895736,1750.9936256582764
36927127,1762.381219908881
68104733,1702.9597552555051
65498526,1631.728081101328
29077796,1104.9483268850522
12700500,1664.7236410051394
23234787,2105.2319774751904
32248328,1681.237439635214
47710917,1089.0273389186814
53904169,1645.5748258338865
41795394,1983.178031970765
81931808,1714.086478900355
89546300,1856.669575362761
81512800,1236.611719563758
74490322,1085.5203099226767
77716971,2323.6710441152145
76509280,1440.30174398957
86774198,1371.5905820559478
63795592,2767.1444651761885
15728342,2499.781514777959
97525554,1421.739967707247
81201227,1966.0241475381126
98995752,1270.0990455527342
88336972,2357.9221112238956
56577963,1698.3477836678976
73375002,1536.586769949682
92846400,1796.4597160180883
63160455,2734.3404508847334
31277941,2207.6434930567484
44244750,1397.9544520956558
46198195,1167.095432201265
92939641,1191.7743610361415
97399227,974.0715354451445
32829265,1368.650527288405
73813213,2548.9060018620726
71142772,1956.6228691252186
26186456,1350.3508631899715
86118507,1565.5609425866726
91253288,1663.0830636245935
16739260,1792.4467037117067
97712970,1594.819167739916
33709101,1798.3951895542543
97473173,1201.578460723281
84445365,1800.1475183811397
33683407,1766.2314789791262
55156833,3094.792493417661
39198647,1275.9270988634942
84859914,2424.0418734566874
42321053,1259.8963416767438
26496602,1551.7315722801443
87373088,1336.2669070620925
18576200,1744.8612170276263
30304669,1368.0713000942922
97043852,2237.873120688109
65885111,1958.1353561873573
67235670,1877.520958034067
70791484,1364.7621975093466
80687580,1687.5299059586823
15865255,2080.6974210519047
50517128,2069.223866854181
72791395,1975.4698847658647
43267986,2955.141115152994
93567577,1354.1550064491364
15107743,1312.3121427580304
50225644,1084.530271752212
50174181,1297.208819681984
41401409,1231.2328307922598
80395755,1592.8986914015309
58616743,1468.7709800249552
62863764,1712.2164442378778
54033467,1288.827436709868
36905471,1867.0506883105581
68728934,1544.7635717434998
11399296,1938.9808029782007
42319589,1176.7163387175792
71193471,1298.765444532697
67728154,1353.9136048266587
99252537,1703.5869040809887
69554397,1635.896717111648
57406844,1535.2350605247098
17460622,1170.8559865626687
29136908,1884.1920538798815
88836387,1181.7577128961805
56749521,1586.6898558646667
42038296,1508.4936030898211
27575312,2092.535741526294
27787635,1604.3302510054598
22639453,1696.7567173195582
95074248,2491.5549933098205
62398547,1617.1383061521944
48210895,1711.124971831838
87163679,1766.466811262717
84638479,1326.5040893964149
74277222,1436.5980767811038
47124707,2449.2496257087373
29597912,1689.0670556855025
73217471,3275.3504014521823
54203733,1338.4076316035503
86493934,1557.8545495010337
50925419,2083.235560789067
36161210,1589.0621286987966
18638157,1595.1348043342073
95763224,1894.7365676894317
92017449,1308.5173195028508
30955049,1975.9801422174673
88464978,1567.7886652953437
81709003,1210.9637700815344
94640782,1168.8530723966896
28684873,1530.7875814305335
82032258,1758.6880072752642
81929396,1149.393878327867
69137949,1961.1363863838894
58556748,1029.285779684999
83494716,2545.198716494982
51219421,1904.5072592261502
20118968,1279.5352059804065
56424305,1711.8941948066713
91040440,2462.2730878097427
82249910,1761.3644576019992
65005094,1760.6564405372585
14333847,1364.5057130750777
79940622,1881.4429561553927
36407377,1345.5550421842588
16485177,836.5144380825328
19967320,1266.9423415067201
86757224,1225.3666393343478
47859734,1068.4559518131161
15329881,2429.746110744442
38097629,1693.5523164649467
63914375,1408.7852519966912
68107359,1138.590176972678
30898448,1915.0009298363511
62098958,1225.4739327139712
82555231,1401.5967877948538
74537472,1478.5920422654028
53883476,1216.7817662430293
87349008,2406.589962018037
60387770,1508.395803843296
76029782,1789.8901925859907
17330605,1551.4557128820397
73592240,1831.1057876350474
46762043,2063.2343178757637
35726404,1833.1350597697322
19188826,1779.435182648999
69934099,1184.7708591199023
98236292,1624.7766248345715
66601351,3234.5582416408542
24082367,1530.9335393655927
86399833,1534.5789605561001
29406161,1968.974063684201
77568118,1569.6997495982914
68454220,1618.5672687293961
20326815,1814.9129740544306
96392075,2086.779102267418
43846930,1442.5127399076637
64059970,1648.3045497572193
59660323,1546.8076755857421
30664289,1379.0637176574396
80504110,1560.9214205115059
69214158,1479.9668678663122
37153701,1931.490933919208
94463524,1776.3253897842937
27069908,1711.896966168918
19881454,2069.3589042381022
62073736,1646.0060172129558
81301863,1613.7093509484034
84692821,2134.126705068761
18061173,1320.3242139748445
20396165,1563.2026345166828
90290263,1573.6257951167192
53205197,1584.1691980405535
71639333,2848.6213847483377
26581527,1557.77713025333
88753189,1619.6215618729968
12152481,2683.1745131193597
66369748,1618.402873859202
31086360,1575.4490481646628
68141078,1362.2749306258456
87072389,1829.8667035744338
97229380,1357.48016785036
14239930,1273.8309552254307
47067735,1907.7364107639573
23013670,1233.140886382973
91166617,1343.2803224856877
46464430,1836.5400938340438
48307993,1394.505288546749
65322743,2325.8657195824258
50086685,1553.3376042248262
65335801,1199.2169019456373
83887090,1620.3445998547697
79333390,1537.0103929297368
84490520,1688.5607388573728
90753494,3228.432858470716
17091898,2650.5714946882285
94064213,878.2246753139897
76172003,2015.2846043699813
36639874,1446.5366337504133
93190659,1861.4863888876323
77671761,1189.7727993748776
64459243,1697.4151375524439
92415904,1456.9678716941316
22451687,1562.3323660807741
99098676,1811.2517713672105
96250656,1880.3854896934874
43637666,1518.2860655702145
87755511,1636.747455100969
39642098,1444.4766735673852
29533984,1828.2345769714698
57860445,1378.6868341102127
33335103,1588.6915523429097
40928352,1430.7819404476022
66938624,1912.3266179485079
97908221,1396.882015932979
32317269,1570.7866868354067
56374872,1237.2021956623905
56164704,2405.491747728049
16557670,1579.6215561650104
57350487,2207.456419914574
73640189,1253.2537514730097
28886856,1641.3684658154925
66838952,1207.2865789425719
73125445,2907.274626276736
89817544,1425.9808905363532
69175507,1355.9935998866479
93099722,1573.3158697119086
42498618,985.618987863333
58133975,1343.5195305926334
50823382,1500.1830896873491
82720881,2410.3715501061683
47566077,2410.5150537477907
77236358,1942.8375391915922
24977235,2211.421192543774
82212369,2610.626186360173
61416619,1532.9213036108908
14011629,1220.2502016744938
47820649,1210.9621457503317
87027470,1306.259784481683
84406467,987.8189985456814
18483336,1742.217676641106
11745857,1091.1991100041093
72009137,1913.1611801204494
21373342,1520.1643011565566
50764118,1499.3958884218134
17876513,2773.7945792963046
21573530,2298.182408401164
62535056,2000.932533307701
52924658,1505.1361792303828
59116751,1762.03019127575
96464552,1647.2264796890508
41877592,1912.0059011733722
27556664,1261.29077856181
82049392,1596.6220864518482
21890177,2205.1137718849996
84019657,1171.91996784892
70836939,1334.5530035079641
73269246,1349.0990063354645
65430516,2311.290781508394
15552867,1977.5458646575505
16632045,1566.0917852038815
58510236,1910.1186586309032
94607287,1324.0696725009172
16582909,1265.8010691947447
91254889,2484.079140305104
52951693,1537.5361704374357
42015762,2186.946711912488
39537878,1563.218727830926
75334066,2451.6691533333
15509168,1749.8541245391382
21848464,1263.4607041013157
15512926,1834.5538827552257
19852776,1486.664005645065
98991290,1471.43877599391
67867067,1607.834975936174
75069265,2450.1365171109505
33163007,1005.9455056047351
72461037,1335.033160036051
79368575,2194.4398937429696
19283832,1522.4872238593825
74686369,1111.270178826473
42431987,1139.9390635059428
49107046,1763.7364458560262
21631633,1251.4676370316263
57757752,1482.6941637796756
64260092,1817.7898907143117
23733208,2040.8724850264182
81359267,1708.1445924267443
78964700,1651.4823988519781
33821569,1623.7725380690072
52189182,1245.737158996241
67362415,2126.81530495258
32252347,1615.9680429738673
42461075,1468.1010308811983
42564953,1820.9249843774567
53441096,1434.5325894048829
28942045,1377.6278327449631
92173510,1429.9710457256529
37939234,1848.8969321142113
83072941,2957.0540806148256
72001493,1964.9857152127952
88722560,1181.5641767053683
24458695,1780.9718139277552
34236973,958.1110857651574
63527431,2416.158499194114
35020078,1697.9210981952397
96240931,2366.0282765391803
96449025,1176.3494231336806
73324268,1282.6677111844338
20943504,1687.8410160228125
65163807,1132.9117940601716
65735235,1418.0607494587998
34006121,2961.2356131298334
11206259,2045.2416621471539
21142225,1645.9437775570466
43933688,1557.5502807601968
20195114,1497.7100934662603
18089453,1769.2321380039896
87927482,2899.8191790170004
72119177,1419.727958063814
68722653,1396.7452500400811
99012228,1737.6466183359476
95191404,1328.7471689283227
68494900,1274.3353453871907
11789848,1595.9131947873109
51367435,1788.3029296293664
83199690,1397.8557054772455
44222449,1331.0354022274296
97059152,1445.9646750255995
21321783,1277.3969131074778
89238156,1663.9083693957637
75658495,1436.4182309296343
80514422,1094.9351589068622
80098101,2076.42313164587
57507250,1922.1668929214095
82869937,1464.346727765056
64737683,2510.304702205158
64663030,1221.6519463928257
22362250,989.5241157139433
51054867,1251.9509750467644
60302181,1824.0556362865393
89897892,2031.405016158215
99745406,1736.9058726712158
52137793,1655.0803973414143
94617943,1722.976301407028
92402481,1672.85108195345
29177060,1661.5906178471348
96789879,1893.4116299689924
16733828,1434.3255840097368
69997197,1836.6219428948434
80009529,1545.632625251478
70971147,2185.3834727225058
89268742,1652.9286259836226
81559172,1787.248314548602
19799436,1734.1797887992402
96316683,1561.578494940659
16202604,3053.3744534958123
99234264,1477.4938195447162
89790861,1449.654126687046
80624261,1386.3195739338466
98327008,1647.0802988180121
43114030,1717.1466776953116
38992659,1070.902914175664
26185292,1647.3002574518562
84958392,3838.2223855251027
63532044,2003.1050597316148
72780852,1528.5552828582227
63755363,2027.6756316710928
63435369,2255.6628265362174
49085103,1321.9051580813323
39826465,1403.959440044084
89335030,1135.1488559022157
92393797,1760.417395419498
36385689,1311.8905048671465
14218024,1239.1023471057372
43067447,2449.1657568303326
11821155,1898.4441049853322
96671043,1242.9564656010737
64977532,1826.6457728981143
51923648,1787.529726768545
52082499,1712.2949640962252
58693008,1363.7139360657384
77432555,2225.104922717027
11692478,2282.1410402937736
88536020,1423.1490833678613
13996971,1644.0248322459042
92291100,1744.4878916132034
77799089,2372.4162118208283
46970679,1424.812330028652
96819382,1921.7546036906735
25751312,2419.6760656210186
89990705,1025.1142302629285
52038068,1738.5151010803736
32344173,3589.252931055029
33993191,1327.2875632780128
52279123,2126.913417325296
18496274,1029.396300822995
89490563,1776.2672788753775
17329696,2198.417771722542
16967446,1637.2514002049943
80888202,1163.1675222328647
14661504,1949.0558956402365
19604443,1766.6459257964864
37821572,1300.9497931152212
88831769,1480.448376780713
32405077,1885.4283853153374
52763362,1530.7040422017383
75573252,1629.8264159397606
54781465,2171.472073715864
22599480,1815.9386885548183
93311234,1202.0158290384968
69925053,1359.422520737063
12598333,1789.5062557158822
94909106,2052.4039986202233
86019408,2505.3449016498475
96477826,1502.3555163517162
47575439,1961.416295891504
44219472,1462.4153936831315
14808414,2014.7712725409835
51535602,1443.485015793487
85960705,1425.4454513659668
52391461,1601.4799290313754
81172596,2450.5055877435807
11351493,1685.8204790012037
72733290,1115.9698293294377
74877854,1555.0533678962186
27680792,1360.6172084887548
44946524,1832.29439196692
23475779,1763.7530709074706
48465422,1217.1070709116955
52076835,1332.0036849883359
44646564,1428.924784096446
87277346,1320.470562889643
47973044,1619.646210924737
75500097,3052.392337694203
36145678,1104.5040040803665
85625020,1472.2342052839947
97404967,1442.79722903166
11411712,2123.98990768829
80164594,1196.595450698038
30555374,1064.0557434771497
93243676,1695.6102639965663
12801610,1332.3018384041789
58651288,1234.1735456910965
52409464,2038.2499597628332
26481577,1822.623181138286
99557550,1142.7912012815184
92346786,1137.2861042868155
33277389,1217.3000262289677
78792921,1499.4422614572893
89378277,1661.005921197232
82856305,1636.7388773953523
30767488,1524.8404433308872
36397903,1345.5915597389553
64870928,756.881065210951
11575457,3413.0185483040855
39041845,1401.631128993749
92898654,1911.0483938706202
16929732,1566.2748465486316
33334714,1185.2068479229067
12221534,2004.439210156258
73945645,1381.6480311232583
68971550,1482.1515545024583
75565371,1708.540082998885
59677619,1347.1707625527697
93539814,2051.582796027053
24106217,1497.918054068328
55020351,1364.9113636288828
15672017,1347.9729347890868
10841847,1426.6038231580853
86946687,1378.771089208191
99799054,1777.978663629776
81128474,936.1534485289162
80366080,1424.9980951302239
10218336,1445.8162704511292
72351128,1507.3185018533572
56132260,1448.5093865856832
99301338,2699.269700146069
84453738,1514.2657092852921
58188871,1773.2335853659836
81971342,2931.492482899496
94124547,1437.5681540020714
32266038,1736.2009407440005
71760843,1438.5809083866748
77203995,1603.4141514878813
84611651,1388.4789252476492
76627771,1963.681528136024
12653847,1682.9681787125623
43336328,1527.4703367065265
91500607,1622.4733118771364
68213549,1570.4471963639633
35549327,1003.4670058636473
80808916,1501.250820786587
17110481,1543.8864542489207
99587119,1151.621582568807
92334856,2703.1419403561536
53359226,1613.0644879006766
80618402,2720.552199032879
41703808,1974.4379758448345
19195409,917.0112947878105
76941149,1589.642502384436
97584818,1351.5580296537626
56683377,1654.5146496861098
67011320,2006.7998661046665
15480221,1538.4286212257944
68081328,2201.421880253165
55487684,3450.7447180620247
74199206,2691.3890492526866
90165063,1810.0347747002663
36193583,1767.0194257714215
10917950,1361.9170824856428
92870312,2202.3890966339636
72030717,2035.1718260366529
17113758,3318.4747424353404
89153386,1460.8951669369003
45809568,1766.5174867325754
30803532,1522.3490675258836
41936053,1693.3798659171096
14429173,1692.2644378614996
86629786,1543.6346164509753
60024688,1666.851399607987
75100924,1810.054565773248
19587468,1232.197716068298
88088850,1525.3283570812278
14339658,1410.4199348568595
93643220,1375.5354249848904
61257147,1873.0065766298073
47372664,1737.5659427166477
72551157,1493.8799950107546
70006271,1724.3747273247436
66160499,1132.69017377029
14115358,1328.2077842574033
24138292,1776.6441086828831
81649352,1528.9714894483677
86450554,1398.2391341516802
43772724,1618.8469341639436
76147600,1765.236654611302
37814705,1700.93217649049
79438450,1729.3819658584932
30374304,1610.3267854139183
54234194,1375.760336783153
94516994,1711.8903538688373
15639119,1798.7517227881756
98234744,2819.964216500668
84292967,1448.9213397194192
14583946,2069.9067917158513
74680521,1343.2379508099127
10214287,1891.5518566919188
43877051,1459.2151980928375
28904050,1513.8038062215935
62063260,2127.6823494688115
50651267,1744.0366371646899
76093719,1499.9146514520764
42788012,1391.1040475204943
64271564,2549.399532661159
36033563,2056.3324583351427
32364760,1660.7243974340552
82718318,2199.0948773200926
42781597,1505.536637277064
63047151,1331.7850161116394
54331908,1723.0715996223764
88556646,1207.1787945298686
80038856,1646.230003048033
62561061,1401.437510051734
65834717,1350.9541188214912
80358828,1786.1363899084297
35099840,1948.4699235942942
50872993,1536.4838036602785
80223193,1793.8486586391377
28448374,1678.270565481759
92231676,1677.9670976038913
65717894,1605.4152860881466
86298764,1493.06277853818
76299579,1092.8571545932625
15449921,1295.5602439510185
44677435,1464.1411960102953
75188492,1474.359482652688
99785392,1568.4072911519072
27084775,1351.8743197889664
34483861,1388.7837350248892
44135541,1681.4192664282546
85537076,1339.673687876548
32577802,2103.3910755903216
58632323,1715.4131388196092
65794441,1462.1325356385723
91626972,1401.243771601012
80568466,1349.6257728481753
19317452,1477.0917468328714
19462773,1293.5067266372278
16861573,1856.420190034562
61543398,1331.2156380356364
67189144,1694.4123558347933
46184090,1014.6157100136377
14969625,1156.3224307962068
12339000,1203.8075269106284
87651999,1388.4809770547358
48444572,1551.0078663435165
43026767,1158.1028608459535
25666315,2067.2162168180507
85141494,1922.6372756507053
10196732,1320.2086665812078
89772932,1266.4177453436282
76197106,1528.3660766947
35668637,1070.3473307012155
47789451,1247.7475586580879
11772481,2226.8629834309363
92352486,1954.6828024363115
74959731,1368.925995675502
24006644,1297.6145345306916
70184471,1934.3386890309353
63616459,1828.749442605717
65420176,1564.911539915675
52778454,2893.043897131192
20334394,2169.575490676736
29566160,2070.7927555133065
41218910,2174.7008298540322
57645530,1166.9110164375613
32753016,2194.2083487849704
53485349,1448.2371403963052
99359057,1575.0009882449067
50033107,1376.9435607793464
21562381,1866.7404482694312
77828671,2416.4927616610526
59082786,1510.33381178492
99756703,1200.2319299705032
62477883,1253.0634556257996
62194095,1761.7650785371857
77240295,1683.4647625787293
78173906,1420.1376676520124
51850860,2240.958231976504
36247163,2330.948174675019
80372868,1348.4073826548176
55810884,1468.60936077965
39425335,1279.5088047111115
64769998,1447.4796609274263
74184119,1737.8827890704288
30910517,3342.0315155695407
82036794,2078.874588486198
27288556,1439.376113577574
73750248,1396.1364598527655
93836103,2089.136145754233
21006367,1552.9274186965574
93898545,1354.748935296881
94582565,2007.0307518086524
13137522,1230.956249898947
31604761,1691.3571963726718
60718232,1308.3282103189379
22356430,1364.665223244086
39386475,2591.5176556692045
16350350,1538.0227975425905
70755780,1670.9567255352963
55920671,2138.9759893148375
30409198,1473.3011248298305
12366994,3103.7929154645353
99624161,1717.5293875902387
27085439,1736.7242958906252
26222780,1358.9565571087726
13513100,1775.5337327335906
83619693,898.5965163762339
65230131,1050.628038449338
74197231,1544.4333350547108
16535315,1308.687398620143
49313519,1634.5462627043485
54192335,1560.2570324911756
80736897,1739.4479356865768
99406225,1845.699683391243
67818530,2876.4540215554325
84284655,1427.4707364683763
30897932,1285.3176782470277
32254189,1439.4685224061081
31849680,1782.861926221895
41359333,2125.783115600403
66456629,2561.1632119453097
68729486,1717.3192234801154
40630348,1656.8572227904574
93988333,1699.5411292704066
47811524,1227.4963876947697
98617237,1686.7196924102388
20362387,1314.2581044985454
84645660,1184.0264879369204
16861971,1610.8588019740787
34588999,1452.8941357968315
53427517,1090.555781082789
42513475,1994.778296278685
57705547,1699.4329145784216
49742880,1604.7109632626536
66920323,1694.7911872164511
12354776,1247.5337352854644
25840613,1614.2042950707646
45114259,1706.625928624274
49079923,1646.593880496985
63116367,1160.9538325767135
63802912,1846.3348534862102
48974796,1346.4569840597467
30061599,1102.7819698955514
68578654,1851.2429615142705
54173227,1408.1066822430305
96680380,2171.7483401564427
23868064,1465.140037611376
51824090,1662.468250014632
34839733,1190.3163822158194
80054187,1870.0331466823875
12685572,1600.2583821683916
41567061,2391.348571240628
94877842,1097.470529061019
58492968,1075.757117870011
71326484,1103.8841773978968
70920278,1949.2851503585237
54663137,1629.923952671928
32126460,1925.8888498941244
54874790,1749.9295593054755
13538436,1359.1987236188556
30100038,850.8394748002127
80017866,1158.1484783732449
64347455,2643.6397006004827
13683069,1873.5787057508635
48039428,2259.1878151825863
99567150,1538.6266627695704
85509215,1108.9298819979042
60668698,2212.3456387866154
12191456,2205.7871404896055
77765786,1566.807369955384
12528361,1234.7873497634716
58442957,1228.5386134867472
54303594,1151.3619437731395
27681147,1392.980297550904
69098569,1509.3501206145656
95221316,1856.865974188746
40109548,1639.1789301496663
55576313,1153.853863545196
53153958,1549.0313509270889
21200840,1664.3526134295544
50894265,1162.875050683314
23626838,3180.4579914604806
12418418,2092.381279011955
22706358,1592.2623156176155
45395670,1325.6457075726269
87327017,1420.1778009414347
13017114,2007.060932137909
32271547,1819.8287312156049
74538679,1959.5884479018096
39506103,1507.3989948671212
46816166,1354.506716041739
66503105,1953.04493510717
65579176,1836.3781116686278
40074247,1772.0427398520028
91310031,1342.9349335587065
77444410,1968.9732029662325
69955281,1638.9726441095781
67331105,1873.5743788113436
45643632,1609.9444791578837
73282363,1335.525667323521
13642505,1316.0424278047947
68901430,1645.3136409740125
89906679,1897.8592595185974
52711886,1302.7355288706956
79575331,1559.4218214614525
92616283,1481.9455825006817
30763055,1385.6682797366266
16611953,1482.8952142795586
33070179,1535.4419020169942
80347205,1604.6252464515753
83995335,1834.4538866339458
14535805,2368.773710045282
84879838,1502.6087524165275
11864901,1572.1514715354779
14658965,1186.9868666400057
24293507,1250.9436068852233
70453525,1664.4838861754772
87798104,1354.9904341040904
19197193,1520.7976678515915
28284548,1670.523441971999
86044842,1668.2376251697196
23057275,1719.644615901309
27985337,2379.2577636984106
22587547,1163.36246275442
12855508,2732.237924848478
64337495,2206.9383366731545
86712331,2338.731674240215
61189156,1391.6688291562903
91594873,1554.151422443469
54835971,1989.8116290354867
44370830,1065.21311111232
23684803,1521.5415779876187
92481929,1820.0587368983374
35638424,1640.8546187661284
25657749,998.0638967713354
39381975,1383.4110166752673
72999107,1662.2166910396516
25818586,2069.9035396609734
58036789,2252.81632330468
94320377,1725.3635987360785
47110506,2072.205184412217
66399362,1778.771509783755
68909982,1673.3638997252474
16073310,1534.9667031375564
43288405,1251.0145278161046
71579560,1808.4339172807186
16507355,2967.6027390046183
48802207,1323.0731128707057
89915294,1693.2340111886217
97679852,2161.0314710615517
29217698,1942.202425166894
27435911,2789.0652827681165
78879242,1959.6890630470707
27175130,1607.709274882228
29020135,1143.0053616887096
78626569,1215.5757232858389
71067812,1467.7699579948953
96690513,1521.310099948199
95531962,1772.6472855408952
98356800,1160.0562909779399
86104439,1228.7348482467762
55595900,2079.8711907647453
75208610,1995.186324703144
15300209,1930.6593543686665
61949363,1296.107109212771
65881085,1723.134590367529
66803690,1045.847329829208
71508510,1817.0866684383682
77429269,1280.95596272173
70868754,2603.297003968343
93223292,1914.5460981342635
70378280,1465.9356521890084
72142932,1350.5634190024725
88911193,1456.4462841921168
89761834,1716.8784225751062
36836619,1658.5178779358423
53134062,1538.576751068169
98828461,1694.4435303354703
55370391,2250.848529173536
69978664,1401.650423140246
48824111,1562.533215045588
11383415,1548.6277910221354
89041808,1797.696921555603
31864759,1675.87941873585
85436725,1485.886261739499
12287678,2463.5078229200303
54577919,1659.503902228541
69095778,1520.4278352869783
86755087,1695.7452920606231
87570494,1571.5434941000046
42971075,1600.575854108837
19251821,997.4941621112056
40154766,1233.7168105767482
86599495,1615.996499178275
88331508,2434.6104692006334
70254717,1467.6082207975442
32105523,1537.9645390580724
42241465,1222.6665136268512
66334048,1403.1612995700755
56657286,1286.3413239453646
99489082,1774.9224680194475
89634976,1747.4332238329316
22529712,2064.541875574421
93452559,2044.0678460621982
75276107,2272.536647738574
57620607,1188.8964922301607
11822194,2290.6962227553536
85101585,1689.120058074718
73640715,1962.2912100969118
18114714,1398.5302884270614
62352450,1372.3841174785996
88096618,1870.2834376639062
76855836,1392.9557759649692
76968795,1856.1479416822897
19089688,1479.3346659926153
93669020,1261.3830203387229
32221954,749.7774319185877
80149491,1255.9228478511582
90863370,1496.0100042479053
18955449,1738.4296221683735
46106075,1315.7078017530325
64362412,1405.1221801125116
13228942,1344.3369617653264
18238798,1039.3939244151418
17197174,1546.3261612333702
56883307,1527.2127868360262
43838074,1578.4273480368045
94366977,1117.6514425276316
51114116,1588.0229281119043
91929625,1862.7019750815941
72617691,2054.5054647848915
18081983,1437.36546045153
41430371,1246.3798054097192
18768333,1430.1340638796287
97670981,1548.6215738110407
33138884,1902.0140351440946
54769750,1633.6827969707515
89191521,1675.7399723904816
68771611,1353.2195613618564
69658524,1480.6490980876508
72361657,2260.442653483612
56548670,1220.2429653753254
78323750,1646.4185839547604
30772189,790.3999196403144
48525110,1938.4241172582722
86995869,1429.4976369091114
17626486,1736.2402441259455
25200634,1489.0651094316434
42675735,1437.939837044193
65493081,1622.7357801763005
93613666,2248.695715686701
70416961,2415.2414998644804
29938065,1615.5977009510332
49578380,2794.0430293696704
98870679,3643.508966694476
69931311,1800.6745373520178
53406287,1338.7118798099987
84279248,912.2769462697728
95721664,2014.3081001211053
86560148,1340.2919526747146
54643141,1474.6889660033169
87296829,1647.9378287891495
44687814,2081.8912697698115
17812890,1538.1363808651702
55517272,1527.9779269096402
83984617,1319.6683823730173
50681051,1084.8508033732037
74119296,1585.6006450720072
67223450,2150.360028058381
77287132,2757.190967649521
36264517,1724.603609033927
42898261,2920.7523556187375
62830950,1731.7620481116758
34861949,1278.7801228636627
73511243,1323.8283345606753
21486168,1920.0360138452813
99309538,2087.8394459340666
42037617,1451.4106256143452
54746843,1237.8860423119845
47539615,1977.7561776766638
84768747,2084.7028196203096
72954519,1642.296469994191
86653160,1220.4934010686766
24350012,1301.0413386596772
44330162,1318.177367833286
40410889,3058.1854013299458
14017526,1237.4161291080438
18494070,2484.1928873620113
47916307,1838.6204060655114
39725498,1742.2301858325561
54156054,1749.7182999581564
49589662,1715.3879044648845
87793535,1874.702005916972
25123851,1924.0273567066401
55319133,2019.2461869695687
35955058,1994.0167564458689
15784980,1733.5161915349786
63967490,1580.8780407748666
84366303,1693.1784286963893
32211409,1853.5418466982048
27475512,1493.963043329123
98385904,1464.578496055078
74274926,2095.092895889078
26137274,1868.9412087773655
35706395,1724.3380784705803
25432073,1092.3393944234992
56493804,1364.1594788346385
21783642,1839.7612354649218
24274717,888.187993556354
93363592,1227.472578316831
50359798,1451.599252734593
76057356,1997.589594137031
34577569,2381.633719581581
13432670,1687.3934188003748
36150614,1909.8632646995154
95883486,1895.9425816552962
17035345,1746.156371536759
48987823,1428.1696352490935
18853302,1741.8921510200928
70059479,2122.9706069662307
35830006,1968.7103048323995
83058209,1620.873537709595
52239160,1472.6638725197315
24939237,1140.1126295202166
48271879,2296.147415667573
58898302,1629.0116461665311
97505252,1542.032422461352
52580265,1339.272674421034
59859756,1863.7563186892235
59531100,1960.0918289478911
82820692,1700.5090157524198
73015543,933.0543713031894
50663543,2322.673427309559
61349439,1571.4372923974945
82745505,1917.0844818326505
91058293,1232.9044559399194
17937997,1874.2949420144807
48025378,1453.5167629852456
21558049,1626.60304260287
51468147,1721.079793822301
87943582,1041.7008729469835
72989675,1116.1235956924888
10828659,1493.7960922577697
78868242,1421.6891937809578
63610417,3180.460761275928
13037947,1303.2786722343794
63051485,1640.8609170614209
42637767,1391.497489656344
66029975,2201.8809012641136
41368516,1063.5813428481024
75570412,1871.5792953234686
58832659,1392.0765896199377
20746324,1725.1624294686228
41047714,2197.440665395737
41430458,1699.5280183560467
69198371,1071.1603042647619
46430156,1656.7145378665614
42120705,1127.7990475994925
67695943,1235.6549954199036
10655846,1545.8205642495286
56387239,1536.6081938463608
73136827,1489.4906296608035
66107772,1903.0537562611362
41597595,1422.997022293986
27035754,1530.2440856092676
94233303,1292.6695222185497
72371862,1573.4952190985732
47858586,1736.2800249246832
50074731,3240.8409908902995
15840349,1561.5772864339665
27527024,1491.7601563378178
51445447,1256.4541158953177
83042677,1417.46225128043
17433657,1563.5016922953114
83477453,1996.8499598540895
58980418,1548.2820919508092
49038207,2019.854741085657
35105997,1416.7411936317621
88328473,1722.381289947055
49929992,1826.9054582334386
12057690,1808.425349027888
22485986,1851.044375137493
18944255,2385.2297320595017
94296460,1368.7839402107752
15325948,1631.050042778376
80036637,1711.167068232451
63707416,1745.256015770348
33357067,1963.278894292093
76260292,1958.9493054539714
88542794,1790.4705817017104
36624049,1338.279846512654
85370002,1440.6532990473854
70947321,1527.3012477617472
86215831,1261.4387927102339
71799918,1632.254820923526
70779429,1606.5252895798899
28177790,1337.9535668667825
33416701,1484.0837897455963
32210074,2554.3996913322308
91177225,2138.576398932379
62230096,1566.7481030939882
27830922,1472.1597699233296
20292159,1818.1936829193721
72135125,1289.8489902458853
41060839,1805.7707798131132
14610723,1408.3910901485308
40291165,1709.6778635411044
76063806,1825.5047390152133
21250419,1774.0652221381592
67512417,3327.5162683715907
33443292,1628.6406418092884
33660955,1331.9106629145456
33504001,1445.8746446628365
59014872,1327.155680747255
48423806,1291.9027182524337
81227220,1364.4746092238927
97904600,1936.0456843102786
80141558,1658.69211918631
13290868,1579.9975417916169
12913192,1241.9399270397535
94144440,1489.590210867894
53033174,1824.302195431258
93735706,1709.149653872768
59909555,2256.019139553399
99555121,1522.7846250966495
13256013,1424.7651733441926
93540353,1281.9432843667826
97837539,1166.6226794879494
35669129,1533.468642921272
50012137,1506.007287197666
68173579,1583.986772252025
59440623,1314.4074992872208
48714672,3181.0304262433096
86973367,1604.8574254261155
28395212,2005.7990443148303
50017530,1799.876275988491
48045601,3025.2769153018976
60427063,2699.9487216835846
49061177,1784.7830537852622
42896715,1281.547472108565
97451418,1865.503855550659
53456411,1176.070464160775
99184358,1228.7644927893002
91879007,1567.0471192006567
76424273,1337.7649169048766
19529774,2314.004686095901
60604201,1314.3416218056586
96265561,1656.5020402898397
84388943,1799.7877760203007
22143961,1916.3988890056185
14880373,1492.4384270309051
98124884,1363.285812985888
23434755,1318.7964281452246
36626131,1525.853414455261
86172967,1604.075156938541
89507826,2101.3286298786284
51984404,1215.396775236623
21328430,1574.6325893319222
46133239,1332.493129289121
87118588,1504.2101617108037
72466804,1537.6835084625438
90243251,2017.7794879711803
31491219,1962.9152048008807
83702289,2093.916490235258
78369132,1334.4354251024918
12074272,1445.137050785136
77297832,1666.979215895602
91732264,1687.4142737814097
51116865,1884.4572468423682
81826443,1862.770806195095
26192585,1553.276470700204
72261842,1408.8421030907632
40619619,3165.5615136056026
89999631,1142.7979927998867
10490133,1604.5620047768427
90054183,1145.8077686409279
62212383,2174.1130256365796
19863611,1719.5057688239312
51025893,1326.2050915958143
83280839,1160.1078000998057
53701664,2036.4975078955597
70474564,1733.382764559097
52730115,1788.3034211146849
28945671,1453.2500702401085
76905104,2035.0401856924743
60340609,1571.1177282699837
14262244,1366.8297165830443
86114877,1722.6548645980765
24582504,1733.3011503006235
77544375,1460.9946173745132
18212637,1503.8148503434425
31107635,1367.7729513031209
73185236,1281.807341482777
73413665,782.9167330763316
31204532,1775.7333723091776
16646519,1332.9396166534125
59819313,1405.9930865195556
58041963,1499.1759279494458
73177607,1556.2472980119483
65489959,1793.6012702167109
53892134,1826.6029723608522
14638825,1812.9574194383981
61652212,2069.3211590562764
69208062,1114.6411986726216
98205776,2887.556862748178
91953270,1731.6910304751332
95708788,1258.516647550666
71079776,2095.7616166272314
10948901,1478.4399196353716
79084173,1281.1392550190444
41410746,1495.7224158180213
50927968,2174.4214093140777
99511873,2225.703152887577
87562260,1521.3898786854006
48098997,1689.624031344104
77592143,1894.368266261312
50298301,1327.1025207187688
95160336,1229.9273823523233
13581567,1243.059607940876
76106706,2612.441185610251
53880590,1673.691901858798
50270200,1879.3727078478898
13098948,2442.8785881803997
81835258,1112.1521684589022
14238786,1486.6311015210902
65288499,2227.13042486465
29149871,1799.1552041917093
39551396,1488.318623405278
77375335,2033.9460459080835
14384374,1406.2447450200605
63368293,1794.95346063864
25141477,1891.8111304427475
37822276,1483.4911466375752
62473299,1871.8475372767632
90467887,1797.5754187148968
62270028,1833.0965522099712
62101686,1534.5180831023347
51642126,2873.3117637875157
50281814,1888.0568195538704
34969698,1948.8125573495545
46962155,1840.3500525185384
17638609,2103.8961012657514
59977095,1353.4813430071968
75196820,1927.834376643406
65141041,1528.430137443967
65986306,1922.943485259275
99818911,1801.9038743150936
38328534,2040.8741946147788
31204739,1547.6760820117138
53082885,1240.7556842932704
76244528,1277.4254687097675
46394887,2256.7299032927704
65939511,1703.7238422823762
96048217,1099.2538169875002
60425489,1411.4742478875196
69419323,1752.0574865705173
15008203,1473.7044979880466
70058997,1245.9795381561344
44067940,2074.5795671154974
47031542,1662.9243856212704
28929546,1783.0690295413474
34548603,2005.1201539682982
36515676,1310.6916302760349
42765717,1542.979729786102
60296558,1761.8719967992563
84332226,1482.7647800198076
76539663,1978.7751899976274
73504572,2501.8968825960737
64646486,1923.1463529323637
28262602,1622.7482013545239
74447096,1634.1158161464316
23247586,1293.736095625945
99044390,1491.995062855632
66743385,1729.619647513178
62841747,2427.89440396525
98271312,1431.8986254440817
54969068,1723.2594936069656
49548078,1641.720389989855
47147429,2096.7941860568926
46113098,1458.3271704226822
52623517,1537.0117757225473
43618531,1846.9427860319572
54174309,1201.4760769646066
21908078,1634.373551850807
56753065,1442.5583076568332
22723502,2519.7585398414153
88620530,1276.601262614252
38560702,1079.1812110412197
66126723,1217.2295548583918
24731893,2555.2974368550013
19472558,1439.701715030134
44766250,1444.1614369020886
75919229,1557.8479706519556
27459467,1771.6135515593637
85529275,1412.3880373268294
88503537,1383.5878946278153
66147417,1591.002501086609
53916103,1653.254307609626
65299077,2070.2124169909234
82070950,1199.780680885585
69058105,1316.1907817393576
89985793,1817.8427177473927
38430174,1601.1308645942513
24884771,1341.3069989981752
37414962,1894.466256144812
35739187,1389.7339595730643
52492779,1796.6808829972417
70409358,1845.1240078595802
38452011,1539.5666813069545
43879270,1091.921817269837
70351120,1564.8855132953868
47671157,1087.6520330769786
60667365,1485.5355172104928
85223481,3277.548072192425
83739939,1688.72781753584
36389934,1460.111773408597
84194560,1389.2826060691264
66937745,1773.1873914450257
82520946,1678.42728074018
52339932,1154.6734740161487
19641281,1967.2580616754192
69795343,1925.1677932167677
99135350,2621.384134422037
27549583,2002.6819956427194
94476832,1263.2283128165236
58221865,1918.5556445534937
25319395,2007.6854088836399
74970303,1449.4499373529563
10305170,1154.4309416539013
82291258,916.7433209563592
81383048,2017.2079899992605
79987158,1320.1902680816627
13533229,2105.0238658102758
40426833,1864.8564812555028
79077516,1417.3026716882027
49738320,1415.2734428577398
51126693,1821.1757492299735
52635836,1820.9487593137774
46715477,1610.0608298614793
82258908,1798.5056558379576
56878285,1828.968988115931
19130210,1626.7978996470645
92849186,1750.8283371516447
24338810,2017.1901297088123
24758650,2147.5607209117697
70913184,1780.3758776724471
37987399,1379.4793056066437
74913796,1384.6989840260487
17667485,1659.4973105719635
64222955,1334.2952539155915
96958008,1533.7818123245465
10416049,1606.4819250265507
60398901,1270.6275333478777
24738469,1792.3474804945447
50592747,1714.5578294397794
96289055,1164.0622317839754
38420705,1304.9361633417445
93968498,2259.308719745673
79579077,1159.3541290715118
66828068,1538.9538178854796
96166759,1840.232005579061
32805078,1412.4345880524181
96021280,1548.2761014366044
73914137,1279.882640346719
38819078,1484.4564412319444
26837951,1355.3348363508944
86644106,1589.8114961214135
55183461,931.9604557323314
52422099,1103.3350166576888
83190904,1496.6796047420962
80939883,2152.1028637387435
12388368,1432.2933049860096
15537990,1506.6095359655428
52619092,1739.2880934472603
14251589,1979.8491147213745
78390765,1458.6379071530496
43497859,1880.3908890413568
18381852,1681.1891180935916
53390528,1269.3587706339883
32023086,1698.2336409039947
55881129,2025.9714578875537
56955427,1792.2357012999219
78797526,1324.7261246937019
81441605,1946.1812067938188
49418138,2609.101758376776
16343356,1617.320055145115
50953620,1124.446964391097
80530984,1564.8654742766882
92363214,1359.1237556999952
11505021,933.802868998151
10464949,1749.655919449874
40174242,1340.9978812667596
46922794,1297.3735368896357
31165878,1616.1016475593592
92160351,1845.0474067072487
97225599,1431.5529176647826
57289385,928.1312360120132
10490505,1373.952718548355
40593414,1459.9476136686305
69535718,2189.8939111759696
29927353,1410.0539086984504
65834728,1354.770027049424
77297694,1299.1574578673508
20453767,1965.7063480612157
38742201,1847.150675190476
44178016,3513.5086843777126
26155961,1387.861244393981
85037563,1536.600849710797
13481675,1931.297636852274
32710978,1920.1773534013828
42008191,1534.4710046298999
13117186,1572.9360646468228
32427009,1522.1322323134398
77926757,1522.1589640759457
11233435,2173.977929817334
16522541,1317.0312065242947
63770815,1863.5430261280153
77164558,1408.0205537045697
74405387,2163.0472634138077
74698287,1508.3274277658477
90725998,1743.1281116256682
24204802,943.3177100119466
89034765,1842.7319244530645
34875172,1457.4094824174574
74411316,2247.9311787727156
81157871,1028.6825887309885
44232316,1804.64324542962
48083558,1613.4100106955857
75280463,2429.1463718698506
11329117,1720.5947707574248
67082756,1413.8731772464412
11237434,1136.6312559125543
69921139,1265.6379218119819
68448780,1040.679105504112
77761059,1705.976100546182
29006434,1496.5591631573848
30190038,1687.194861273228
28376932,1723.8671122913645
39355382,1424.5846279914963
42494595,1605.8567991228588
16756651,1498.787058729154
78115658,1480.76386615771
27261411,1718.3605693915356
71919180,1553.9651786745526
99090920,1527.2777237099601
64351618,1873.6368119156484
88658759,1338.4479224128777
14195927,1777.3642504747959
63820196,1986.6946333792723
23866225,1710.6362004299112
50484100,2054.2010014526772
98406048,2011.45435509993
64139858,1629.1452545874117
93302980,1533.1746440941301
62155483,1853.0642745086998
69791340,1794.8640443633471
19631546,1250.213383119837
26192431,1834.003659577947
68268852,1244.8389855467092
14862183,1006.8615911559043
50141937,1433.506649965431
85256282,1182.1259566762863
11027564,1696.3065698864325
51577553,1660.319615172522
77132573,2185.5287764390955
55254268,2770.24172657372
25529214,1443.8670175529626
89287048,1311.8445109051015
23253967,1307.628425956355
22644692,3353.227282697272
32245140,1203.433839921592
82072504,1486.9889585188967
34678460,1481.0590605103991
55373081,1586.1948509395565
12138481,1630.7229796837294
23632970,1603.50471068991
44285474,1310.6184132259712
88075177,1958.6190711352276
13117787,1532.8208794730897
14797111,1467.0445668661182
28697695,2011.5071340422242
34748486,1718.658458080331
30506810,1440.2962925356276
57410372,2136.695899277442
28776122,1243.5090292775612
18346451,1701.0475213213526
29932007,1611.5525811163907
82654800,1997.306470511658
67038086,2048.9348777883024
95282943,1837.3346903400802
90723621,1595.0838331913133
37760202,1663.5826370260052
97077656,1716.2355724843962
67823833,1263.2203217915344
25222231,1794.154028909966
63451552,2128.4955234118024
66552053,1746.5324852707042
83488554,1635.5444563417846
24886655,1714.2424649908692
83798512,1335.117953841894
46152763,1160.1884406556114
96015866,2381.0455835190814
51731151,900.97966570976
34899750,1764.3835825512979
55529926,1460.194137289735
95405536,1310.3886084793899
29288544,1398.1383702677938
50076589,1534.7768522002684
37886285,1480.9481496558187
69818934,1734.3618300356316
13957412,1458.6684030046333
27493225,2054.193856778619
81186892,1997.732852938048
72734336,1165.3762626247735
20148129,3842.3174620420677
23391747,1148.3945041956574
45833590,1217.3635149303864
85777842,2767.786159212147
92975129,2256.0935676691774
33382289,2392.8836722453498
95953281,1328.0626083264574
60074802,1871.4600036898175
23912733,2023.7474181050084
31346779,1498.6399342709885
25605125,1747.4206070309763
96288207,944.3095729308613
44535745,1541.9398107265097
16008313,1644.745025495314
91365542,1317.6766435652878
67385764,1110.7617806706523
31465116,1745.4751512701193
99474816,1351.457572723114
26141909,1536.4479775659331
72548314,1768.5100968089448
39043955,1994.1903645240216
55963655,1288.5345559983318
54632315,1741.071253459701
48726285,2013.9803727817289
76251227,1729.6367396554017
83562410,1432.8412820983622
93775374,1668.8553258675397
21446329,1451.4485102918395
37345001,1439.0583857481213
49628614,1521.8630153696351
35767914,1739.6909042484222
10876536,1333.9210210790252
47339936,1344.1386862622167
89347542,1777.080397426698
22457603,1677.7328227963694
77199929,1465.6444579272024
46378399,1756.4304251348478
70602262,1493.194163763392
54666534,1716.7352891335204
56421405,1740.0567907824266
97652177,1630.4102558799048
15442637,1497.3632995164294
92360497,1759.4215982030114
16847908,1768.8455559607796
14220385,947.1597068191995
25905603,1320.2099968218783
58331647,1162.2394731298525
22292196,1767.3639306439804
37237832,1352.6808942051503
33009500,1164.431748009907
12533428,1502.7106629473349
46939545,1827.8504091986015
41868505,2157.518307447063
75616535,1789.67913040563
73878512,1519.3324485793735
67270933,1157.69607728544
98281662,1201.7046685546773
66553316,1193.4134491323903
34303551,1703.9233640070697
82645628,1281.922755215527
57257821,1813.2547188643682
21288888,1755.962944071089
85963653,1367.3946351627244
47876249,1246.4058008011807
21439489,1224.3727410828574
52566254,2308.788637620975
57084214,1086.976651269733
16925768,1273.2967919446812
32782035,1749.14915444576
31791186,1271.9629243250258
62797819,1719.9493027136598
35384978,1399.1488767345372
21945105,2003.3805388307694
81557774,2184.5613963364904
85407739,1559.0982402428326
86085126,2056.6643032978373
95296354,1355.6995362121745
90881439,1691.5982972225897
30757344,1858.6310109484723
48457713,1571.3346784520145
89571542,1561.87504937881
94067050,1346.9420076685074
48271561,1503.4517053685827
69357732,1401.9587590879971
86325273,1204.3876900508762
18152649,1481.4719645962618
33899410,1774.7140440456863
22781669,1587.508964596074
17283281,1318.0877002453742
51785872,1397.464445055528
33104833,1954.0945249254155
91682435,1349.803363445664
70713314,1564.3206823319092
13110268,1224.210285838287
34642793,1385.452537016363
41694899,2213.156255242423
86278349,996.106294583644
11717089,1282.0068586589673
59185456,1351.9956712472747
59344396,1091.992742348468
89922228,1581.6274410495384
62027210,2134.907658379926
98523447,2285.714388771154
77330146,1822.8921444553307
78386939,1799.114274557659
66831282,1958.9785259173054
17596778,1519.7140969160826
72290481,1219.7488112085175
31606355,1237.7715688692958
72940683,1347.344539005995
24736121,1322.1833733563337
47814214,1742.761028515162
39410982,2400.7689176361423
44151940,1567.5891253457094
65594908,1366.4742588221511
79125454,1253.5295979630257
50322107,1424.3683425641677
76200003,2273.2896100295793
85059302,1030.7166557971088
95450721,1720.633659414213
93253826,1912.5931404905282
19723778,1117.4211150982471
35980406,1587.079863043063
67285479,1231.7208097314526
68864075,1587.6038361545964
37422791,2016.2946249843085
73798025,2182.1894099006226
97232135,1540.5452215278847
50064513,1604.2239450613085
75638682,1217.8269160186971
41937405,1530.0479726413837
18443662,1457.52390615473
68899727,1890.0761363870092
18388313,1812.43279637637
69521945,1384.4991083158852
31596715,2324.4475379065702
78472605,1791.1727858384652
12713963,1140.7183598112624
46768823,1465.719439621412
27538097,1174.2370106118929
89955366,1642.2110270517728
94081889,1269.1935180589796
65214899,1335.1799544029313
95205973,2173.41144465763
83140994,1553.8573686350178
69014391,1852.865920551256
66919280,1362.7297715896748
86299194,1788.843174858849
14394397,1560.6431523570045
88465251,1779.901432142928
82447513,2677.1021933081365
90676745,1420.278014007715
61229086,1389.4738492152185
30557316,1083.667942077573
48578361,1665.6180794836534
29085329,1595.8302962901457
99539415,2591.8295456955284
33750162,1681.4500867304182
51880900,1758.434943089652
81942693,1303.78259202369
44828087,1398.2987889567137
80752087,1370.823328657376
99218652,2707.539857645186
37433425,1109.721330307251
39115683,1573.2272494275776
26601986,1342.994244373092
50469308,1332.972570004262
69872975,1145.80268059336
18483245,2155.6871393684405
12588982,1424.0530671164586
79454705,1027.6541040645802
76523232,1391.4569334955534
96131595,2031.2307546686404
99680250,1322.5833650379386
82622915,1315.7526323270301
11290284,2620.454997801009
80057162,1510.3966403650797
72165316,2205.2218679725847
79751433,1300.0534451731542
33215554,2888.524703509855
42852506,1285.4960536513229
56093872,1391.7937763971777
64167041,1506.7333064457298
83380458,1949.401653188449
32651438,1340.5092739720237
38364846,1466.569797387951
74621857,1126.3926356827246
62748794,1735.082374520866
71435421,1987.2893238971894
76163868,1731.8961534619402
14677956,1057.0992860246317
48283664,1273.4159908506067
93787027,1347.0050932997556
75353617,1514.2949675462817
44130726,1782.2317733901662
75634285,1765.1265629361112
27969925,1472.7352369526616
34662422,1260.6324919794038
46428766,1061.6626755606933
40279741,1762.35521622684
58991338,1600.4888389774503
52295288,1217.3958056857225
25429358,1344.2261762406376
91223525,1439.9710680692344
80429592,1522.2043982674286
36010937,1315.9419213215988
61652867,2151.0528365109462
34655678,1272.7006199335735
32281319,1197.6557965938887
74717544,1130.4946530131326
81780208,1303.3489403893498
74117270,2101.337984848374
94663011,1739.6822515944104
18715534,1749.261146217691
89926226,1387.0853609407004
31441075,1891.083537006081
85656066,2160.718303929325
63154501,1411.1634408490336
56954947,2197.4770766903866
35193891,1802.4120028839445
68045567,2124.2078709114953
75523548,1922.118827716748
80044768,1310.1538507924213
80565568,1498.9264026816118
58680458,1404.0950130671254
93434632,1304.5273604795693
38164915,2047.4338609972701
39561694,1898.8994338318334
23940974,1971.9184153567528
66689621,1784.6207274538913
91586014,2944.0677311512654
68610549,1741.2284294775013
44648566,1755.9746618092533
68443861,2449.338556749901
95300751,1446.4937716570473
74650313,1554.0034170050483
78190939,1830.9109150475058
79583687,1582.4833035903214
78744133,1417.0696591693018
19424377,1051.140000349098
74426958,2156.741567850591
30714675,2085.4400032206536
20297631,2400.9500705002597
62326689,1884.978403486127
72851226,2002.6178603216856
94924877,1596.9438957657046
39912297,1940.2539690083788
50554145,1113.9454244980595
51964385,1399.974266213834
91524053,2868.681117267813
67059408,1176.1238694368058
13707505,1754.2002557232454
96336923,2239.01908621071
18937921,1355.0276975915729
23247466,1876.7548794538748
20718626,1236.166324298495
62001591,2593.066193183562
32183930,1773.681465927213
29520078,3460.843276501983
20246948,1750.1682447200824
12865925,1082.974433084118
75414040,1676.8591800101901
29805887,2022.5615325649785
91828173,1449.2156106061166
92911827,1756.5934711793082
21259879,2155.54494082968
27730704,1044.2400810450886
10805384,2550.510568109693
28772124,1442.8249659536496
67895243,2162.1186518342315
70282510,1797.4548360401768
76926492,1544.671438319837
56029416,2842.8299071596007
42166025,2216.4636447853077
88855559,1497.751253246148
71679738,1238.0626506438912
95011645,1502.2254966846067
23391388,1352.6098439625148
97276431,1922.6716395181413
78499453,1821.9680327855697
50845143,1584.8279702746775
63593365,1733.0636345991597
44645094,1402.6074136268742
92805008,1803.1474291063064
95966284,939.9333533927147
86968525,1990.8571538380518
35459557,3005.1656176335064
16959595,1824.1015534242943
66852864,2275.2701307327898
64976874,1229.6184649763156
90803282,1949.273891727842
32597480,1421.7290963978962
22525205,1364.9238100395232
18357388,1485.3097815576405
55224009,1390.526452718168
12066751,1410.3542093103374
51600054,2603.4462368835766
33097870,1959.4252614477437
44165189,1643.9545318586015
92174554,1781.0470675113627
75685484,1766.9180497492002
79648156,1207.2708521981763
34473914,2287.4773342151516
42069298,1232.2153917021642
24749467,1395.256475731864
37024144,1752.4009217914202
53463208,1586.7115785564806
61035399,1341.897080578951
92975059,1020.974925439193
16258293,1010.4382544406733
80353068,1220.7587852745892
69637564,1517.6166586127304
60889557,1799.8535546858561
45682120,1523.3891124556333
62566155,1539.693688027855
86829598,1251.9014925143574
77516810,1652.6465946395224
32602883,1656.643638141744
99658649,1746.9374072221012
98115366,1582.508771157998
40551984,2327.0729707061014
89171680,1701.679345293338
78104461,1487.0371730550846
80805720,2096.904688403384
44701781,1362.7784142667672
32357693,1352.409756923614
16257080,1858.1717960504934
63758432,1656.0924859893191
86560064,1350.491587074911
76704426,1441.2597951157584
29021087,1915.7006883160693
30903210,2549.2079044135494
59650055,1948.8489534499292
16537007,2414.4268597918604
44043751,1389.3706790630104
93550246,1191.9606194237404
74795536,1851.924005470381
36252893,1689.5489573203595
60712266,2132.9556745663813
54795015,1714.9904486317241
59038432,989.9911454033681
53101267,1334.2085099567582
96137757,2658.456370997223
61894184,2053.429589620114
56980533,1318.8512416032806
40911725,1005.4786145107203
78253728,1959.1073284947656
46517280,1273.0164096561662
98578100,1762.2923286437099
92998542,1137.4186571987989
85778453,1622.6292452471732
67897199,1483.1236673804478
37385434,1518.7786317242137
29978687,1094.099446322659
63462293,1668.9705552134687
82610119,1553.6025269644251
11195863,1707.5186676116066
22813157,1613.5489372006766
16061850,1736.4557293293224
25000757,1572.0696971831255
23839386,1101.9744878457211
62901003,1880.2120420817962
85332734,1990.2376798587381
41185457,2030.609259839467
32349244,1408.337772669075
75213525,1897.00393939889
24267861,1272.7795679570327
80759464,1896.5995351557547
38052934,1581.6443661939284
36983078,2227.1655614347405
48438532,1094.8604185380398
98811621,3048.974807402753
41602835,1420.7703054629474
79191702,1618.3976327082291
91526426,1462.6719406307632
12436955,1530.938876744045
35460655,1147.6756468271976
24893618,1290.0655695542505
12318894,1179.0047694932807
75385870,1604.7824699622288
24016887,1694.792176437533
93798376,1537.0681841679936
10041197,1892.9640636310667
44196192,1227.0636468830214
34259961,1921.5523035535218
79360399,1537.5021693915598
90648365,1817.2811542572645
32784142,1277.0563033863555
88014206,1710.8336332674746
47541115,1900.7864814529123
81087277,1421.0453671922135
99414879,1305.833289820251
96312378,2015.480748292827
45292998,2136.5931575057707
62464969,1194.3773465800973
89056154,1576.5596757192618
43815757,1300.6054452041064
36326737,1131.5653148249244
66733240,1232.0897712757262
82154113,1228.2810539484694
75774127,1336.2287400554637
99633023,1830.1809750086545
54243966,1704.2154244164258
21507777,1438.463943926055
89526022,1289.1624840521858
35342783,1432.3629481820356
75576574,1658.137986675428
86207238,1582.490286843212
11999604,1223.9537639839587
64241630,1292.913378564671
49681885,1421.743318567338
20476163,2006.0691604362678
82534020,1533.174537598553
80449403,1475.4166512877568
91978419,1578.2649428974537
13134274,1831.5719957742783
30921031,1315.5696698195313
35948510,1078.278973170838
37862013,974.8646321754028
74364264,1620.868353184586
73089121,1698.0012902559668
71120219,2198.930629801937
81357330,1749.4085632304004
86696339,1642.073452797267
32694372,1289.6206132642494
86397240,2587.209843995414
75410743,1913.6939633425695
54107967,1606.848354590813
53182244,1256.0570134893824
84949062,2105.2770909382407
17578514,1461.0039064175016
66553240,898.1991057361697
78244783,1224.3828136494071
85750494,1371.216843259887
26835204,1520.3183497460448
25568634,1666.2023316554437
62833472,2239.4961177394453
89441409,1881.722517672303
30957350,1015.4519738600337
83492659,1152.0703251572393
14123667,1523.0326623257693
81332426,1236.942306891663
75963486,1439.1871068653086
97473965,1877.3132810817742
52550411,1217.0318589100655
38852859,1139.3595560202375
86945814,1660.87980579542
99213841,1971.386790750103
93296884,1750.9135878201978
74681265,1339.8239213689847
67628381,1938.9513466730486
53194004,1882.2705281365652
79129949,1359.7135726598553
21417992,1471.0194413089162
65584374,2038.675869252769
83994457,2683.1577897287157
79552394,1309.1295372072238
14169455,3672.045524396995
11006346,1698.342466909169
55920445,1099.0144827690447
42183979,1722.83332632133
27236753,1998.283722326345
38623845,1172.9242022233425
56539617,1528.2004818575
89514584,1308.7689931577397
55800655,1451.7949173325435
95341263,1648.7197796480377
90170967,1301.0947541369421
25603899,1700.0464483354747
80752063,2152.169592805634
74272993,2015.3592918247941
83204984,1369.5424949685794
56041749,1877.904146812139
99929710,1554.6802778472656
24093076,1389.7185402811983
76171771,1493.7045271835486
87313105,1770.6355419740028
13150529,1859.1957576947977
85314779,1852.8520954330886
23218937,1629.340355649573
15797769,1423.02826302151
18451890,1371.551899665204
23712138,1262.0370454872336
40201741,1426.746074026388
74044702,1920.111531936271
91758728,1578.3661362413595
41605529,1707.113052286679
30345669,1378.6053052758841
72490311,1461.3952018985951
11341429,1472.209717564659
86562367,1432.3304698493619
65741146,2162.21266990136
28059650,1673.0199463786246
36854120,1465.6562010643725
70514815,1574.9710510645991
28991223,1874.8081226933248
34210782,1742.5132006607053
97420540,1746.7945086795396
53582966,1857.990616787248
25471995,1461.6579395553317
40521306,1584.1458448044143
18442744,1638.7243345706465
86475933,1856.300298636791
35156621,2249.23018888661
92398280,1921.2807386984737
64419847,1634.1458110144408
27879667,1846.1628951108084
33454324,2040.2709704043812
78234554,1330.4005418352008
37295459,1004.4571008365679
76464828,2035.9709476909945
89898019,2362.362791201816
94459827,1806.5898847773415
30672049,1700.9942456296505
93226295,2024.0421363160951
66733496,995.7786490385238
24799537,1781.0268071747732
30909458,1468.9645847188592
20815913,1671.622835702471
77231006,1183.4980752978304
63770561,1320.8321938817999
61281100,1825.2145375742618
25443496,963.7133584122648
90941407,1166.851832985218
85217471,1891.0689792740707
11330523,1585.3074273495254
60135515,1313.1786179189128
96537329,1789.459851091084
89713236,1502.420363180357
87856838,1874.5997878105768
68427758,2194.154053118141
35697471,1535.7587542837891
30758105,1840.7579158383103
66828597,1421.0633914678829
64179941,2765.7660745371777
57531913,1559.248620774841
82276369,1639.4037362220165
33117908,2113.0877717170065
23807930,1774.5074984481357
58313771,1305.56109227021
86361973,1562.2475105756716
54136725,1177.3494799588482
80609057,1869.9903664221158
23386046,882.7946638834359
88923790,1401.5829339123377
50739054,1461.823133858122
85701835,2510.291677237752
11164690,2123.9437058576136
60686704,1552.9280208728771
56500955,1373.712949097268
92377094,1285.146682732058
27377686,1295.2235888360854
14820376,1487.2908164074659
24454653,1804.863673009874
49068691,1453.2808234886802
68870887,1656.5353637407445
40404763,1565.9230119694637
53993271,1647.5727133843043
76624283,1610.6868355420152
84681113,1478.063141471412
39182711,1404.3977006883283
99418549,1598.838209192647
54009403,1071.4308045999344
15732665,1395.1391850938414
21105712,1765.8836903664137
76841454,1319.7619092019197
77456803,1362.8196577993845
94681649,1813.2007956018797
42127705,941.6632256165585
86327920,2153.098353519516
49706768,2384.1840469343674
47210863,1820.1572280874038
98862874,1131.4841347222705
80625113,1772.8944369397234
13147967,1435.714637656127
79644262,1918.9116226783842
40821766,1176.0682891045037
38964351,1423.564987736117
80037468,1713.2263173046242
10709528,1239.389793770968
14006566,2583.494783894553
84355937,1223.794098750244
68139676,2026.2813320011508
51613745,1529.4231911070049
77042505,1859.3214205377285
35307179,2367.637242778147
43137990,1393.8107298308184
60366178,1912.2119938215963
28449137,1635.2925573877565
54714633,1217.3242675031413
86469326,1441.8819419815009
81392986,1898.3253433736024
94816275,1484.727004199742
20992851,2114.8963279323343
33220037,1969.8970748717506
52922027,2196.584906798098
70522751,2033.6071123758122
35179027,1741.071116676422
11006610,1405.7747769183036
97027045,1631.501564288625
60842426,1527.131336062203
37962781,1641.398654102309
57446778,1374.5889795817288
46803142,1792.2640882536866
96412152,1425.6299064693792
41948607,1425.2350803231543
30401183,2166.4425580644993
82446721,1493.132254756013
98640166,2436.491031956428
16426411,1511.01049240957
40919986,1996.204010028645
34959842,1442.5116403781697
76545890,3332.746201477959
38671669,1904.6986995094087
74577885,1863.5286617527927
77894868,1474.5168197550038
44132106,1380.0525772338735
13303745,1235.893692740998
82202428,1224.1484507084228
69359286,1671.1261360207423
49249118,1861.3179657368617
65186472,2057.5068170961126
86728284,1281.4573368740923
89113200,1707.703901293889
64085288,1207.2375098878842
83095293,1798.2073053631086
55834975,1691.3601830110792
12408851,1369.4184100667046
45102161,1617.5805859399916
21425066,1370.366864479671
49253416,958.9313895787222
91720337,2025.357170470447
38125202,1471.451782730708
76716879,1490.9268004711992
75093314,1094.1562188801677
94720863,1353.004687396127
69306868,1411.4266735216313
78783123,1797.6215228710375
31503266,1381.6099738890125
51221256,1436.0516570254383
36978860,2109.2291364407124
77102844,1043.4094676689815
85218856,1578.766056990599
64674000,1615.1048653246671
71928536,1473.0545580478024
71632516,1497.9352078351342
44645677,1666.6485095259793
27089889,1954.0735905398446
85001254,2090.8731381007806
80789294,1420.0879011021696
94921905,2142.624481432165
87557595,1632.7239479777522
27812172,1272.5220648881289
70326518,1745.1361295090705
76820242,1362.2984630161118
37798149,1647.2275531142645
95689974,1442.9306870526925
86698149,1685.3936457171649
82332389,1421.109743013735
38769988,1180.4924402087177
62104171,1465.5327352677923
20008764,1449.6881851343214
88250848,1098.3475938371253
99989436,1685.341146575051
20654244,1604.00205648193
63645129,1579.1713635128601
66237213,1220.3020530328245
89366030,1701.1712535609377
43885604,3033.5189095481046
20777495,1681.3998203654246
17630232,1740.2384656499426
41034819,2014.0181045407012
30863558,1518.824619922993
30990096,1612.3645228370383
14528263,1271.7230216178205
38046616,1764.485050648789
21720690,2090.3012328583777
41971276,1441.1478499092896
81966182,1610.7416340820118
81876034,1257.4122806647288
23233042,1276.2736889260757
59959368,2509.60567081896
25429816,2241.9994950102914
40884180,1268.6284433093754
88955672,1459.5275666521138
43077536,1829.1946625285027
22541133,833.5608600819808
98515757,1969.766964869764
96170890,1600.4548478440327
33994765,1358.822343753451
91089578,1706.0041560081731
38840418,1782.3430569040681
92439017,1381.7600042698691
30192634,1641.0579815869328
30769461,1460.157046984654
80205723,1429.448537639696
55131937,1956.34339533867
29185681,2858.9997288740033
80773149,1382.8928057398964
84757256,1257.8767309678594
81505232,1494.9653808497144
57555020,937.227417847741
70106520,1406.932404028967
43240131,1712.2760416735362
57158414,2985.4697525280712
63966023,2226.0458146739825
46075950,2297.58511567558
47516649,2142.253714833322
57203804,1674.2648189247973
99285503,1575.612476806754
23511969,1193.2083330513876
78376646,2223.9993128426877
48884000,1380.3481548553564
98727752,1214.6598385880195
82907215,1974.7119686768062
72719170,1487.520807955137
39149918,1369.5117426997663
85435767,1438.3044104098437
54111802,1993.8726716997955
92599919,1323.426619376859
24226064,1588.0820945526184
96829833,2136.088837297144
27301621,1292.5313184283166
15887246,966.3276851803212
51726302,1085.624151733807
51260265,1726.9785834517593
45934883,1578.2931408056654
97289930,1752.400666119637
42847093,1253.4113946670184
13695159,1301.4235800145275
21664737,1409.1696861214025
72162540,1557.9402910786882
45972276,1903.6893921618628
71222059,1707.893727629597
18901787,1419.508564107759
64794868,1406.6814981328805
96040179,1418.2899496352165
43891507,2113.8596771109587
94649367,1353.7543518351576
85490151,934.2936154027462
51948440,1089.2274255741595
44237958,1053.5836803225156
97658202,1208.5520920774118
77699657,1245.8829394123547
23252427,1606.761875469556
10697423,1466.652352806842
99095154,1545.4573418014336
86344123,1521.2901296783969
32740825,3005.6865436274147
39699187,1516.9775534176974
79334316,1415.90950697482
13862142,2240.389770860951
95022546,1306.9521892338782
85671131,1532.6972609073218
13946093,1277.0702866001254
71911642,1586.0236054097184
74557358,1615.8933197431597
76424216,1585.8682904905577
60569056,1425.7392135926361
21429356,1619.793874758541
37147011,1244.2796736702844
22363795,1218.886987498875
22711721,1255.4098542496465
32781826,1631.518577064192
79919377,1482.5376748702324
95950869,1133.5651485582407
67975454,1840.123291627227
61846310,2045.027524653176
47190136,1576.6105033284089
72140487,1668.405622719389
33356353,1637.3227943944848
57558815,1527.4280718053446
85765913,1764.4903024750975
67405346,1441.510473888024
47178751,988.0511648099131
92743619,1345.1165043766005
67809997,1632.9956259696369
95649734,1573.4490215002488
35761786,1618.5918310731472
20333506,1268.1118197594906
39856656,1797.3807156948383
80659941,1922.6514930839244
72539676,1192.2993553681724
34808508,1549.5314502473652
18684795,1969.6059192217845
60926773,950.876618025533
25343604,1650.4644899675257
85280076,1316.134663921477
51516725,887.0537646312441
54359603,1866.0911286376838
65763192,1939.49102876984
53926540,1235.2818873770834
77237054,2289.695884553
75498756,1850.9468854157926
99166662,1233.512625770411
72410551,1280.9837195146943
82923327,1430.538504596472
46066488,1470.1708271666826
33059137,2113.3945535114703
51480279,1369.367059861917
19373977,1415.7266609307292
90715980,1286.7625631307264
56492794,1404.300752257326
46037369,1299.050607358268
22743995,860.2795976159736
42553042,1443.0161709792005
36975311,1919.3523596235489
75351486,1219.75674625792
30981897,1757.8261565079151
35580501,1867.0740755148838
40483549,1267.7672839453985
64819235,1509.482156598097
26688957,1587.4290569961754
94904538,1724.9414875818327
46754012,1588.0394895244515
36796857,2000.0413978470008
28461943,1833.2190885904117
14026453,1477.43441978897
69053024,1672.5104775027437
32733126,1847.9324900973188
40931025,1671.6064139564692
19427950,1615.3418294598505
84597120,1173.0724863090065
18811334,1390.0356056616781
78324699,1616.3749953286488
77953974,1994.707252786552
27862041,2258.905281983913
37247191,1559.4048223038344
25562317,1824.9018340325972
73172608,2263.2264681272563
33104896,2202.2802290753298
82319650,1803.9154790650284
21799452,1569.7792652009744
64888946,1910.19775140684
97264595,1738.1669797934069
10429454,1187.364313417791
61575325,1357.842613731914
56897257,1535.7879697873068
37059519,2245.324380844509
52110520,2634.213717245622
81197632,1891.2508406657255
78041929,1439.2005337694704
62481600,3133.812266284075
79068390,1272.597248248617
35652591,1402.0965228825223
39694436,2616.216262142062
95898355,1695.8127003088914
80006639,2033.6109932277523
53958546,1307.6400558559258
58986255,1212.109630248715
35034634,2135.5869846732644
21845497,1876.0369972992223
40578913,1446.3632674867827
52684708,917.6105702469662
89834641,1597.1007388417304
65511611,1101.161101151462
65731676,1928.3246864254522
83770991,1493.7792820585282
56280602,1387.313304726668
44140498,1710.456033633568
52748496,1913.972485454389
76136540,1263.8584268195564
35483441,1274.6743882034377
25193108,1810.2587012946162
27434478,3739.7261163209396
84357441,1663.0510556802622
70840263,1558.6814496002992
45633382,1789.564428684944
68317032,1902.6716565863924
73465107,1246.8630662573842
24929921,1933.7255918031015
87300428,1847.8147265594785
69871020,1474.635890413465
23755175,1261.51938560925
91971062,2852.0941401889745
74483617,1490.9227486097766
89642342,1400.3377812772524
33276861,2196.9839213569435
18861332,1399.3999998809024
77211245,1906.5210395467782
52041127,1024.3506368113694
95864050,1550.2260474560026
82528777,1797.2246951290867
62702832,2780.4819632788385
24146181,2055.7885029593185
90263367,1547.3238877322658
47033948,1338.6788712152995
97856612,1832.325001916024
73014333,1437.0558372396206
46731094,1461.1659171767385
15781171,1397.1818789286172
51156245,1633.4586394844325
85958922,1167.9276537178648
52550761,1158.4478714193292
15567593,1684.981753792546
50279318,1103.4556940483924
88796422,1235.1988350942288
66724358,1265.757839741936
51443999,1669.1877286739493
32661637,1488.918801580585
12999579,1511.5442870248726
32460111,1961.2739252625531
70354263,1668.4970926437923
99768418,1530.9277486510337
93597400,1794.9656110345754
42968448,1046.5026469731392
11447851,1493.1929970314684
76146411,1805.6457050684412
86917958,1794.9527007991182
57526187,1944.2661880363341
71062405,1593.7767776017376
72847399,1574.2038193105147
54891075,2262.694672662474
89841901,1770.5445978986036
90056417,1384.975643291873
77892346,1243.7292178430378
31627402,1271.3503140054584
78864638,1476.9392541380034
16022883,2537.2581431049034
21980955,1756.266944478676
98291218,2316.5467625427823
37406677,1338.3496463260994
73253470,1495.7587410849621
80239984,2234.9357396673786
60323265,1942.0363924882222
93655248,1283.4323372940737
58796215,968.2143984107948
94203496,1817.042523084867
89472702,1555.5460170653437
29142290,1964.0979887912904
71021568,1342.779001758892
69197364,2352.28734988768
67499939,1919.9871485364038
51780875,2078.979488389299
46941857,1611.41134144335
57911836,1483.3521469691505
38559875,1816.9770057165938
81398050,1695.5934034193538
75334315,2299.573437270375
59308610,1474.9555320037541
16247087,1748.5698754914836
43247285,1748.870278193481
45215633,1868.5760599505852
40481058,1763.8010175465251
40365284,2369.047737643473
92836079,1679.7582293891185
70303716,1460.7676103140477
81749724,2742.7546244873342
41853820,2025.1956859585646
81440480,1687.734410049636
84996580,1787.818361643529
35919442,1498.0435540474607
19046260,1964.7893062886496
90423631,2002.0265542644809
92961031,2042.099768434359
89855372,1856.097608949717
77816576,1935.7247355910565
12194715,1590.2434134867055
20115124,1887.0324966779403
73703358,1707.5047519881239
89792966,1766.1059359637504
43706254,1482.0953174552005
70266281,1508.7612049853851
78529732,1575.5081902696445
31638825,2225.641326346485
58167471,1779.0720019853889
93767960,1825.5587569057789
55879589,2032.4619425365481
67388602,1833.3782088228825
86008328,1375.5034387835751
53844650,1358.1072670315675
86660948,1892.0165468682949
39941650,1431.4732586669666
44395757,1842.0898932301313
81989533,1429.2502145872384
46504700,1189.5996869556607
39402032,1328.2334710016125
85919943,1279.4986608343254
80733130,1893.9280785183967
25189661,1567.3271702663137
14623666,1518.8497064954788
70848155,1531.5482275652325
68571484,1780.1406757776465
51228995,1380.5514071912332
49683485,1635.8125909928335
56036763,1496.0392258982824
32459332,1751.305173444855
10860915,1265.2015488796364
43696664,1667.2088379523007
87941364,1908.8735567811484
76183083,1476.6865454385293
20966309,1687.3306174039324
37699108,1622.3534859985407
55952526,1068.608187405533
15616438,1527.5519901753923
86514240,1750.1215314547012
92945955,2229.48852144687
63145934,1760.8319286457352
58853662,1544.0561689290669
79304271,1389.311225378276
24276255,1489.8938693229745
43245413,1458.6325372195693
59024690,2930.6262666595812
13551336,1848.016298600975
44848614,1664.4013990858953
61087377,1937.4528889018015
11885900,1593.950166581165
92535927,1269.1674850429997
21708152,1560.2470255047137
45352808,1475.9219351050965
75624156,1395.5896119291092
32001265,1209.3628282839722
20413825,1445.3889064191985
40305802,1643.2100842560435
61861688,1244.779897005585
33441351,1546.6067883749195
30365812,2074.6078456093514
43625038,1526.258059596999
40659534,1424.5229251930932
72885406,1472.3572940065442
55817366,1048.8853594817185
78604997,1160.8476285242216
14364198,1620.1894369589672
70814486,2497.5998878092996
71030650,1293.198519479351
93257457,2249.9583255953726
65515227,1123.6804916102694
23048185,1488.2147319117487
64021401,1858.350624067415
81601136,1310.1555611140177
60464050,1747.4042648649802
62126832,1432.26329538915
76122802,1409.356432852294
68619547,1365.1396375436807
69931017,1796.3356314806003
52039321,1399.524707596283
96748453,1612.943032397723
40650345,1969.2761628567844
94190496,1288.7728047208418
40034795,1905.630464911217
16725203,1040.7965570404162
37869032,1956.4188042993155
87784983,1268.73601139893
67445694,1345.0561552865943
44138052,1994.9409745477124
56359862,2173.0687662887944
27113776,1806.9267553455952
73853459,1341.9741995062022
76284169,2543.901321403344
42581373,1905.185159555696
74617250,1260.838856221445
29606632,1899.2337836961838
22328059,1716.4578110587663
94596005,2205.331328384499
73640300,1252.7333908762116
52511016,1466.6375339581382
63643579,878.3918087083555
73979691,1887.4950778450234
76806109,1154.378420460879
67084872,1317.8378359475073
94616960,1130.9774000363257
44018639,1110.5846743408358
10369424,1795.6517609654259
19417264,2275.2026547384976
77137301,1533.449566625572
33598935,2312.2892719977667
81379316,1797.1403863038515
67627945,1561.0411710526396
74067952,1273.3139181315648
54161507,1317.9427427336702
55930611,1311.0459236066952
64919315,2078.6595881754192
92109871,1391.1245349579149
88653847,1457.3488749820556
50331596,2145.005740206535
68139580,1346.8183336515879
80241693,2554.4527152309615
74034028,1877.1946670465627
22712040,1567.3453653481854
18212521,1417.2060804235693
60434302,1571.1687765711615
45427525,1171.196112317065
95853311,1309.69160594558
70857259,1847.0781248072365
81477083,2108.5029035084713
27723524,1857.3123442321566
25206032,1263.1323099178312
12102381,2211.533201551852
72428170,1378.9997554889571
27672042,2082.5824809761334
77000429,1722.0958889019805
95589605,2345.4705725605063
44647376,1746.2751528793083
21338536,1283.21446680108
13820529,1628.5174339840828
24568041,2293.0510683318594
90117191,1729.896963723662
45800664,1610.448400147478
13557339,1797.046677516102
19087413,2198.579095093256
11616417,1955.3445313670602
22015830,1527.7579050347538
42617304,1229.4802386318433
72598754,1518.8726919422782
34839793,1531.8643377512449
77660297,1531.6741757339923
13706769,2693.1890833838866
71694094,1916.173704699396
26712974,1220.1078592656906
11161484,1466.8170534097096
92404281,1129.5164235803697
29267516,1505.623038711232
44574998,1568.1888976057846
66291057,1167.1476344249666
13701175,1575.3294979496584
24177160,1813.9504475710692
81405301,1318.1687423527576
11589439,1024.81226657408
17537269,1351.4102788568964
98168887,1965.6658293440603
57508409,1935.8076649749785
83408387,3024.8528649160517
43301435,1981.6513234631586
49258344,2378.501700833228
98631322,1314.3922951567845
69659096,1737.7200479111686
99106028,1221.6324049857367
37856658,2073.3286342919037
42881579,1168.8920879313869
77859891,2471.106158531845
81041727,1175.2493715439844
47217829,2455.63746411323
53083229,1547.0335230028543
79619006,1932.6845059340178
87897995,1140.860444846858
17964917,1046.0145910867807
80568888,1184.9507725697288
43042929,1377.012085583126
62796073,1858.119872202322
61083401,2194.692179325056
14141477,1429.333050138654
68306110,1829.5198985480492
43708354,1712.2875113021305
73883907,3844.9415316985073
75966104,1801.628472021027
55672599,1328.8193259646819
14917596,1619.92613143162
65294870,1820.1323276519379
14049454,1718.7612913146627
93295381,1542.0752955051514
27730907,1967.008209572713
52543486,1641.5149305732764
79427440,1396.1558865621766
46627987,1836.6104790843603
63096372,1969.9494297131728
21047227,1481.1717381581418
94588817,1649.7945531790965
82925355,1719.7535242089587
20239710,1465.2892667079502
66560522,1402.410296440363
34394729,2186.064561028581
74199492,1310.9866679683057
59577067,1328.518935273985
69919638,1378.1642550111594
46718033,1885.6322912118087
84917912,1636.008173404516
31599665,1390.2547970863413
39056365,2315.1869197520796
48895978,1385.9533265708587
47094246,1981.3675556232306
19549587,1175.221045058626
18563899,1771.4246849179845
81642903,1514.8406245056074
12095543,1477.1257289694643
67140026,2102.7588513356773
11054636,2100.242550605872
21698635,1855.399854862694
23623849,1984.1881390028361
71392936,1595.5526064897551
83425325,1887.1613151455279
14553390,1934.824892977441
70274030,1096.5576886851659
19402442,1250.199546564228
11041677,2309.6607544230865
77513563,1471.8629049383323
87335721,2802.180650920873
17466406,1571.2151019169823
11267365,1592.7595389062355
89144675,1925.29837909921
89338457,1427.7126811432447
87803439,2376.7887081151366
20104582,3101.977643541803
95781089,1214.0388706268704
66358482,1491.619751150726
62863016,2290.575673537359
92557337,2536.5556689021028
10876766,1247.3115246487087
70473205,2183.9935452580535
87569671,1090.0014612392995
61139578,2601.887425915926
53121878,1622.0851824345089
15430462,3441.543472469398
67332796,1359.647255764661
75641163,1590.2693776765793
23552924,1375.852119338758
56332291,1376.5918038876491
83472051,1539.5768012301055
73213649,1455.89002817309
47802315,1632.4731392021338
42459098,1296.1503793998972
59654537,1711.1056650348523
49312825,2055.4250291189187
80983900,1907.494172799432
58178507,1451.1608999420293
50382416,1902.6463294265156
66073034,2054.833442237978
43848284,1596.5256190550015
85092410,1506.5097267727328
22321014,2473.5491278044183
31162245,1436.8110959953867
26802981,1129.0474661371647
89737386,1812.6680615226585
22704344,1610.2896466122065
56000373,1738.1333642832878
96310766,1290.4496445106931
70324095,1897.6371524825397
86441629,1389.9606749758518
12514793,1416.74747345882
89583392,1524.7894272414853
36498032,2378.7080773298644
22072881,1203.6980623759378
23992589,1207.880849848412
25380807,1250.5009361385412
30026993,2340.489865164514
65742850,1469.0588664952281
33236806,993.2783977152762
64518820,2341.5164739170386
42371713,1402.3384338660942
47924596,1794.3383409804953
55469978,1971.6464769006825
29356220,1269.6692818980544
98913649,1165.9590800301846
22201860,1769.624191969676
17005574,1731.860031560603
61767605,1683.839773376304
63003964,1461.1970867859104
52904792,1734.2191249072732
87014699,1797.7332374353136
60476269,1819.0278433800295
23374773,2242.1990172467335
12887652,1800.1451093507096
11366466,2168.327059240626
62053080,1285.4315614295542
21354279,1558.4073133342915
58635346,2206.61026019735
57475663,1560.6256099514635
44627129,1276.6344091264782
29419543,1548.242258654047
47538164,3440.9309253528572
19854086,1517.3877019574156
63381374,1584.536568604174
55348437,2114.962086620397
80254443,2128.759955261488
23105559,1570.5689901350122
25129271,1773.3292575654398
40257293,1666.719000657821
63509506,1269.155772804995
45432136,1521.632885148892
19785631,1802.6055958762354
22859019,2415.5952990506403
36147504,1406.7133536927045
54449509,1599.1414396034081
81205631,1533.546026444148
98103632,1881.3440126832188
32691265,1128.209250441979
72768344,1467.423691046065
51890279,871.8327980180878
48043615,1339.199951586429
25374441,1375.22746551956
59962384,928.3883831365848
28910995,2177.364268440616
13141234,1514.3841085437034
50747063,1269.8665652512275
55252279,1461.2962957893133
52007426,2038.728535299965
30847276,1712.8454118205952
62106368,2181.177466101052
60214573,1490.5488190376518
40002314,1738.4234255224071
32428356,1764.0256677728755
53658343,2252.6100267295465
29161839,1652.5018699682385
46396012,1524.6534561794933
62360708,2109.1313797380926
43297939,1938.636045733483
12562149,2195.9535626965217
36028116,1620.5344989387615
87330286,1578.4051680820774
88119407,1966.1650120458376
26750897,2270.6865754674936
49969361,1526.8410250410607
97204974,972.4020578036565
99702598,1970.9503596438378
52763802,1693.50957715422
68901809,1990.3198050478557
39208673,1389.8335860091508
54033485,1928.9990110815393
54497531,1615.5360507060595
53990991,1401.1559826248408
84489537,1188.507339843704
35670801,1351.5871527120692
78791350,1370.690246471037
20845184,1111.891954918822
13555027,1667.8550922263496
37646059,1916.8764954377882
76127874,1570.065001117264
92134461,1639.313701606934
35770374,1799.9549479068621
71020209,1826.2213897178447
34171582,1561.8453039126728
50654248,1302.7504763374604
42458567,1714.7219103930618
19190057,1295.572793991199
54080489,1327.020978833126
68542535,1660.1835853700113
45210646,1806.6788131747846
59714270,1639.3409318621382
88185676,1409.748383596577
71490260,1407.2103972282878
30639393,1168.7042742846616
82576353,1804.088807507367
24335906,3461.2480264619544
21049647,1234.7893184143452
13781432,1382.9356168242214
86079138,1810.6685159365095
40000990,1516.8488251521367
73775201,2835.2772633475665
35148701,1760.08804413164
81596880,1390.258342049275
94320273,1356.9826455063628
36438421,1649.1209786608442
53057217,1830.1982931554535
25248077,1398.5340664152588
73038169,1315.794470487709
73258090,2381.286076083975
87336796,1576.654884659069
78963426,1335.3041379027618
12232405,1697.9738539678526
86811261,1902.4275277254014
43165541,1142.7853917730304
83018865,1641.1042952160676
37762842,1599.1874526598954
65591705,1735.769542086355
67890361,1316.0796599959513
94753186,1185.9790354127497
93051402,1447.2341441825613
18623638,1488.4283494678816
35256497,1347.1296722864736
79246585,1950.6362416787658
23762226,1290.1398598057879
67287814,2421.1538613338157
78864148,2244.7525543856686
30658878,2140.5864561494564
97960066,1332.7210665231792
19914732,2432.4078223997594
23619037,2213.8970168813976
27095793,1821.6456443843265
83667300,1298.9292937100422
76686009,1991.8838387005026
79911388,1785.182872397454
36038618,1491.219689019509
91489166,1445.0793462028078
64088644,1688.0918181567702
10087238,1465.48443049374
68403788,1403.6135146011638
95817054,2141.8385157831954
57182933,2169.0619476369725
83941537,1709.7828705357183
86909159,1758.8579694965122
45478492,2679.5757471830416
84142111,2363.7685822446942
45223652,1494.932408571179
15651868,1853.2573017396116
48952352,1276.5524954796301
53380245,2184.441746334478
56211427,1329.986698873945
66961588,1242.1612369455495
38567012,1101.8721460484442
74938615,1440.4460679652884
81147200,1770.4704768700635
74772897,1607.3994418987095
80316029,933.2655073234081
76791795,1705.4518297385946
95549661,1332.6323947043152
91524955,1793.1522739282975
93849275,1690.890883198819
61885188,1991.0880415055576
17120455,1167.7849248756947
71403569,1974.164722884068
57944962,1712.9817034546084
72483844,1677.564684416201
45141218,1645.6596241402312
47525065,1308.8495863335538
24379765,1272.9861808413211
91215387,1956.6915458410983
39945150,1142.9716842703663
25481926,1681.3705807564425
72167432,1746.613177415101
15652519,1116.8545130570647
58079379,1183.440736288918
81779274,1831.131392787767
11313638,1524.6705392011602
82915596,1562.4182324276226
12551058,1769.833970586008
69374139,1609.334033827765
27490970,1603.9127259615236
28663701,1387.530860392456
51901697,2138.824355298507
19964529,1904.1803439275625
14203976,1922.0026815541282
86724526,1586.224942144446
46513661,2235.6847952966523
42464585,1485.2419624805327
14360059,1365.483033824455
72181637,2107.317370823775
78956787,1387.3989355297224
30264496,1261.4282370454896
77227528,1594.0996243589332
50534372,1563.1013892520455
12187853,1988.6226424118197
97814800,1648.218206443187
49704538,1601.7675092379827
31844965,2481.315196483619
89449307,1124.1900228099107
72286626,2102.3738980357725
90641879,1700.8004177933028
39977212,1845.9885089048657
56406335,1327.4926380928162
46671061,1886.1359545757953
21883230,1638.9213631197852
57754484,1229.9108105708053
96138639,1889.0279302335052
48581654,2078.143431106199
15477564,2060.0916578921324
18367532,1951.1053024418516
57040971,1047.8699531718748
24677280,1900.0796565142375
38279741,1301.8701729868012
39630161,1834.0617799806275
94354941,2324.403251428247
73739305,1433.1701610568311
36839896,1581.4678100351484
60950133,1398.281054073403
34560824,1312.3080109709485
89848060,1760.8974302283689
21727334,1951.8593513702206
96402755,2477.9272774770234
99203156,1460.4874846357723
69252455,1432.3771293577051
86645439,2617.026189565732
83677892,1380.085707190094
22897635,1149.1264935327692
45288708,1630.2140159162266
59969436,1680.0157464398185
94774349,1329.5135888601324
16886474,2060.854488745565
44198009,2619.055353828457
64700341,1363.1782573507185
64505698,1281.6503255646387
77323444,1536.8714329614681
27706778,1673.4295714343307
59628829,1342.6506752951595
55365465,2010.2842785638607
69970571,2351.84898330665
94271260,1533.0239193971383
52700573,1621.5699004193289
45014443,1801.5051155437131
71021280,1861.698867091022
51886091,1647.3152354078275
91170937,1772.4202489462507
92081846,1817.9429782976385
95719079,1742.5629983381752
12428005,1421.3265610567403
38292857,1373.559900854093
75786036,1648.9136394927111
76868352,1635.42787664492
61787836,1668.337786949885
92993294,946.165497659603
23885591,1257.843188888618
40800066,1359.8620936011046
56146741,1973.5160643659235
49447892,1532.5664650768545
52965378,876.5608866943359
93685952,1417.003019174833
89649731,1096.6986777741436
47102704,3196.3771555930325
52908918,1704.2147959663055
77943419,1596.3471290483017
92500699,2101.383336206624
51420779,2062.3122261473945
72830394,1476.3650592571196
72781023,2223.413535541401
16161212,1208.9534234465857
73724856,2108.5913838244264
76991618,1193.703820913723
95797758,2114.804851194865
82786703,1072.8836303239934
77183119,1520.3247195868212
56026782,1237.9940638791188
16589083,1553.3488339162977
47749953,1431.4982962671868
27187508,1716.94329849907
51723171,1786.1914968062165
56627258,1698.1669951672332
75635227,1246.833071903518
57547046,1378.1040539042215
36631973,1950.5372775751434
17463415,2413.4561901520988
26674861,1311.4159954535
56995341,1057.3765953928212
26126144,1324.4117219217892
58450363,2109.8681066812005
89312269,1107.405888336591
16817991,1288.0752102434913
84965319,1228.515645231537
43319013,1693.0394608798715
44400321,1200.1805134444849
80024230,1133.537134523919
74521218,1815.338449735717
44832141,1506.4765536680247
70162625,2095.154231938527
43589357,1747.301546560299
14100726,1331.6775291597428
36520084,1204.0101803893422
98999098,1217.8066841348443
14148442,1480.7360584642058
90033275,1865.132201563842
19819492,1162.7794517040927
94929441,1454.0123571778
64769677,1452.132693966744
80605119,1595.1166062690736
61896581,1865.070219847571
25053770,1637.0676401245394
74893395,1871.9697557129757
53560531,1441.9113878189492
89710260,1347.4108345254053
93875018,1341.7910580666776
64766158,2798.0547563884793
54305179,1927.8746523493694
30403292,1947.4384023664966
60767564,1798.5360147297035
35303188,1664.646093195081
21177257,1914.6336984888799
15350431,1965.723346133847
19112314,1456.722197913009
10078818,1740.7178254008352
23150338,1827.39719279142
47635759,1888.1778619460406
30605686,1241.8620235676722
29709781,1669.1980838538036
13735642,1257.1721039854879
99020214,1488.0497719448053
28873624,1762.4894901470961
70890497,1402.9335864713398
99675492,1472.001379828968
62216584,1793.7494865369927
84668724,1016.6146485555628
88738488,1702.6298260734795
35683009,1335.9778005884257
72816721,1670.7182246494267
19163259,1700.4076819915433
51202613,1501.8523451770552
56056704,1166.29891466276
49879334,1114.244653816903
16786843,1600.2717175652
47533115,1716.0791055077646
22109413,1338.3002490281606
85518746,1431.3787036664016
93362991,1501.2867210563825
16124077,2006.8435741620974
76182432,1272.1091339770899
26790843,1485.8523745358689
89672220,2003.2710345076634
12756298,1804.4195344091338
16926806,1486.4366931528195
14000956,1665.0384032157879
36806959,1478.5181802230964
87017954,3316.376253992974
43944283,1677.0152881507072
44101724,1100.0653227797195
67316534,1253.0135754733494
88490548,1538.9563687146829
88665651,1827.2144342346298
83830852,2443.285385510488
35512699,1296.7590562099685
49228670,1657.4958178554684
47172196,1139.6943097481003
86195285,2128.178491987548
61100752,1608.3000211141702
23609539,1501.3795053828571
95881788,1653.9613534356047
44925764,2205.3459063417467
83971268,2499.8855907756656
17370699,1329.9844737414328
76384877,1481.7294945592255
93972349,1653.98790346251
64752973,1335.935072837241
22747583,1417.1678837210188
38304968,2113.12173002223
10235307,1618.8321416086405
25779125,2121.501640479964
12843653,1336.1428104016989
78094768,1450.8080382636183
10635284,2309.0983987313343
13687234,1586.5492649997575
53936042,2067.8723667733875
82732686,1139.952999034886
96543781,1827.202399808438
82228529,1234.173860618511
12775154,1506.0568070810493
55255907,1508.2844544716056
32916130,1313.0600450615937
18504284,3086.9206567355877
65825890,1742.6949782032202
33391713,1507.790695392613
93331533,1701.858237805405
89345152,1797.8325631046882
46576484,2728.7998059398747
33320733,1308.8696089610462
10724817,2652.9259334502626
41244276,1903.5168961896964
39841607,1450.6815443611924
59463885,1871.6740900230095
61317492,4057.135064006312
33725830,1103.3992090697711
15316450,1685.0333032497983
53318939,1969.5053232574635
82300735,2178.92145235048
44927585,1412.9087900737488
80951510,1577.841948285757
51421456,1840.5581016312844
67936055,1763.094429844036
48065777,1076.6050630103314
56103730,2228.7203119349747
40566531,1968.6150171903907
61129612,1803.2293998927807
72015593,1548.9282544213174
73826407,1164.0447029239167
88021730,1398.6736390810265
85653819,1425.0194882145804
45194339,1411.6457443579634
91086895,1483.8053604755198
51919540,1721.9816321985438
23157322,1669.2608020544462
51628095,2073.07518328187
96537190,1773.38582055655
53402735,1571.4123262580863
36360155,1214.7044005614425
37694507,1753.830893135036
83593533,1510.7375922535248
24284452,1626.1260577595147
21000889,1644.3119159728922
18518898,1224.5166461656017
11533995,1577.3924333616894
91728492,2276.9914147203076
32889326,1125.6439116031145
16392740,1403.0110758703117
93954664,1334.9644849080075
40527969,1606.4317675070197
13359501,1342.3244156606665
54613106,1122.507566277732
89494294,1862.570094007348
43243456,1539.1519820105177
49320975,1876.2293177245149
66824387,2024.2300440848535
13395531,1468.2952479998912
84702746,1271.2218147716726
46376987,1889.294968462827
16949551,1449.3434140925986
76113598,1644.81837828146
88051686,1500.5351538959599
21575972,1684.4940877303713
25797068,1274.7523005999417
46519671,1397.5926349294152
62958708,1670.028000073158
41163598,1083.3298963790303
90108134,1544.9674444127097
40305514,1689.0354833080742
28323820,1597.9383728590597
36148206,1250.4209719541427
41903222,1689.111952353203
34111269,1661.6592384577834
22460898,1895.256178362103
87095926,2098.851607032393
99063606,1528.391041082496
41090287,2738.9990290618225
76553835,858.4427706294662
40520930,1887.6562814047425
72499276,1690.609499925261
40722377,1939.2514736471676
23596828,1881.0331361116998
94118199,1322.8014090493014
54177823,1852.4710771592788
32744353,2328.826848818825
83540534,985.2405445659522
60135160,2011.0183800086709
32215997,1170.843474162523
60591783,1268.5389518212658
75534413,1427.06633403937
74381587,1672.5222716034098
83928867,1300.6253546344494
31779925,1455.7158055581913
71389415,2198.5167596015895
36657020,1338.049748164771
52833217,1568.9517968769983
43206206,1262.6524777840307
21701449,2152.071188416591
38073031,1401.2953474610688
34369333,3114.19151103457
92620587,1677.5658682601527
11512547,1621.0318268052742
81501365,1310.5060250307502
91014044,2406.607172017619
90225400,2084.142698200494
77353219,3148.407547598015
55291546,2143.9781376806586
22923482,1343.1712649493363
14288303,1262.12096657853
55909136,1519.168943594303
41957261,1240.5984864317295
17675131,1309.3463048846518
13490253,2224.292631565568
79023756,1561.730572169402
98393510,1237.0903862953994
36169986,1520.6800804541
98879925,1484.088822009241
64713126,1296.8326633733186
54807445,1624.5583487367646
76751871,1778.3767442901583
98441518,2186.120840389587
54149693,1800.0368425881677
42794612,1465.121457327088
76036112,2758.3488985915974
14657728,1637.758874587098
73292737,2348.212569303999
37897222,1372.7384442316036
24707301,1607.07887102108
54570938,1849.8054036910576
47969890,963.0644757841638
86391847,1817.6490169149151
43251995,1504.5757964578797
61789630,3072.7887685196633
12601759,1430.2879932578753
86045386,1350.9707343932157
67870680,1659.036336705092
92603070,1261.894132036143
45118743,1588.5879782034297
40352166,1602.5330797975168
96817260,2305.706947816993
70031890,954.4198097719062
18280163,1516.5464584865267
84418154,1559.6297791761747
50657043,1128.2102222514911
24196657,1860.3013545346855
30339428,1414.3518206063347
97021401,1416.943776832018
35926246,1532.5236029445161
78296017,1922.9704621460262
91378970,1078.2536876259073
80348783,1534.112801804258
90424864,2045.6866801640244
65449342,1292.60447580322
50552285,1145.406952466319
96371635,2315.5595307421736
72833770,1648.1293215497533
94834332,1194.5414835006309
34291304,2258.2863775589813
61020465,1625.116956885368
58556746,2236.037604037686
39138083,1837.036190078482
25334186,2215.3373409799656
34764813,1935.3557642331718
37404139,1444.3849555774248
44171473,1472.454224212203
32137098,1343.8290617977716
72644851,1456.4808959353018
57301182,1469.2950941647823
68777856,1617.8636251217365
46687209,1236.2499552575528
69167315,1462.5944445295315
82057134,1658.4406603307384
28611499,1672.8978327148773
73817431,2130.827198798072
66885663,1943.168726801821
81244724,1464.2598189543285
17815149,1862.2834109071946
76792976,1520.5700403643339
32232188,1367.4463036410548
32884692,1507.3602109544977
51904668,1996.2248009334855
54177086,1587.8819499489543
79785130,1984.833701630003
24791309,1289.2240828242743
79748184,1371.948525940682
71076766,1641.0115915583328
91713473,2046.0929410526678
21889636,2329.8900363561324
88684450,1608.184238484912
13868166,1126.2402780254047
72609306,2681.681862965388
40230821,1133.3716182316193
65326864,1318.0751380067245
47873334,1760.0796491001072
38502225,1150.3931476036635
78086792,2047.980543336372
19000370,2435.0123857754143
18794356,2067.4456926017433
15695931,1384.6169351516842
69820899,1250.1575860036107
42730808,1800.9733555821476
55693372,2274.8489592219876
39793167,2723.53667011243
42174587,1231.6731950362857
17562701,1319.1948955742182
75887228,1426.66810677383
86381737,1277.4709229300215
50478816,2224.859152466671
59640073,1696.5469411746838
76678970,1450.8294829949866
23159711,1425.8294411034828
74146213,1432.0588243871434
73679527,1349.7426884676358
83678670,1186.7814630512037
82153168,1685.4695819317865
81585077,1968.174237611287
51172809,1769.5184081169568
93348209,1313.1575611934566
40526730,2658.9394025974234
35477741,1796.0910727799487
26904107,1863.6119472249677
98083773,1349.890232114468
62394914,1686.0447988314772
38403298,1635.4360340171029
19395977,1614.9611534719036
28561023,1324.0458452078537
45885910,1600.2687294304926
95086890,1370.7333716246765
19776574,1275.9695824997211
60586201,2001.705279195995
89147481,1726.2842402939414
47209892,1370.148102400493
47476854,1622.617252123511
60953282,1779.3705907423007
72001460,1621.3164051962276
22546493,1744.2081684178704
48912589,1755.9235606956927
37241017,2080.8482937260683
40152795,2230.0308709787964
45771924,2498.477568143015
70307319,2242.6479881458013
42825484,1574.6524133662776
32535623,2540.951229632086
54789245,2113.59218292828
72682970,1923.3847673345072
51218700,1795.865945907097
16039328,1286.4307127282955
44678506,2749.917986758732
59530373,2255.286841482368
81467001,1311.1544196317132
50258434,2261.742293648836
27681355,1622.0763374316712
69431073,1337.0701601493581
93968709,1822.3569750608717
56478207,2222.439510285997
19466001,1811.0309441532916
45204787,2248.4087840482744
44120969,1279.6805954668691
11347094,2398.4027525843862
33817003,1314.444931976583
84812841,2859.9048112936966
82947487,2032.70545738937
22317982,1600.7516825818475
95086863,2149.894005180723
73084974,1345.673389905537
96665202,2134.1267574656745
52954565,1454.9767376766256
22781049,1498.3833682935096
39742164,1730.4581500877712
20712973,1418.557634849877
76124953,1706.8818682899846
53726970,1548.1540905267468
30895251,1704.0679179968674
87940348,2039.9123303146853
95321478,1710.455574696104
41613207,1711.6387315983477
64780104,1475.3297732190558
72574405,2070.1105425580845
87909513,1344.0264646213766
80918662,1943.639744845751
50842195,1125.3555319943603
37167999,1644.1885589013013
56430683,1434.7658089422796
62519911,1310.4696237571995
29251792,1503.513521911739
85925973,1585.1672291104996
34644536,1170.5316323408354
39276706,1358.600082428793
81892516,1951.539646158498
30222761,1455.0812801527438
10422044,2094.7647350675197
28074362,2131.5216026861217
64967123,2274.698195045288
38282963,1343.3635702056918
76769818,1537.160273936386
81835353,1820.4454291948125
34737343,1483.6628758504737
51032996,1501.8966229211007
32565254,1642.716472275853
51764743,1956.1630536649827
92831396,1676.073825540545
84077215,1504.5882379924353
77480283,1546.5390857706893
52724196,1007.8038471173043
78039908,1410.548123013448
46605850,2118.629151829243
61041851,1105.5784869941585
10551671,1350.8582983025287
84956232,1435.8931191575205
93609795,1254.1047063255403
63261476,2347.5336210628207
78773692,1532.4386100231163
41527728,1257.120259216006
86838609,1338.9411676220436
46835475,1499.4765820487848
23285553,1366.0755879321434
83082562,1536.263373415998
33889237,1735.7253970022152
46836989,1779.7438971211016
42683388,1657.5138026259265
15212938,2405.466878761565
63857629,1475.4777623629623
71736760,1386.9223577501089
41166882,1555.494931463438
88287708,1901.5649115066076
68218612,2090.142017044555
34505104,1576.434911502636
50756606,1640.8871496423847
40004505,1561.2704762697217
89798576,1783.5761232209736
43860123,2495.2938819234696
93655218,2028.9201713032812
71051446,1148.9949181841569
93380848,1188.2840581245393
27980449,1549.0490868585748
57084880,1647.4254256778074
46438239,1594.2763372918678
30942515,2377.2318335007744
19590564,1681.1682606824563
83623165,1507.8298067918538
76716085,1992.6289573714414
60666996,1816.478989492562
78361983,2142.891377493327
72701952,1422.908318086101
74922910,1465.973524541802
63759907,1668.2648738950818
68856134,2167.1706627678814
79795778,3107.151716685471
97178936,1475.780960804664
56185778,1390.3384824409109
48290079,1317.7636194341737
29392023,2470.9393601035413
54780943,1617.766070276893
97751068,1410.9445949169174
69746506,1590.6544834900349
55371174,1818.9161031261024
67781652,1464.0802389572145
78245291,1683.4086101551973
64158812,2062.1743842764004
60974365,880.0348185812597
12800790,1934.2722208493558
96154030,1824.6372301793772
98482327,1541.5557727239889
17464700,1884.769395483689
56270967,1784.165046639133
46584495,1974.840824132239
72785702,1306.7909104385676
41281460,1505.20367593242
80424496,2406.721141745383
18835766,1744.1708062205819
87502261,1162.2263398883451
96135205,1946.5040025325661
26258289,2587.0928933269747
75302604,1464.8494630552411
98645752,1744.3089199858214
58643859,2035.7317396875833
90141148,1788.8976511823812
52181895,1308.737064728876
16710404,1517.8094997903215
26056734,1734.9016208165338
39602380,1975.7723758725042
66983144,1640.134104739223
52507579,1148.241184291859
97432890,1508.5686088596922
85547503,2134.9244143485557
63906202,1709.7248198568727
84599750,1824.1475886055507
84325254,1330.6126573758702
39975048,1751.824262676838
81574706,3524.204936566124
30468791,1430.8265339105574
97533812,1325.7140868853844
18711694,1817.4151666008179
51787778,2134.6192137433886
61409887,1719.8223410103144
22014620,1249.658765183581
38836545,1436.6022675077927
87391833,1284.8752309228898
69117778,1293.3340611170581
68122788,1866.5720100891774
51241051,1576.470251630558
87186215,2194.590982945074
84468326,1552.049200719374
86410473,1708.6974955963215
56236242,1937.6705726050996
59626902,1291.2459865558067
66112801,2414.4954982824697
84626603,1245.7311383254462
68630773,987.86580383402
33563434,1143.3548746895383
52975992,2272.6229051843443
26817104,1684.9925810477089
19501484,1451.2982951009826
62595745,1567.0698846411817
41563117,1834.1832519507502
52796320,1871.9769165190971
21489695,1848.174602269365
56658010,1548.9033816531773
91048109,1295.0172893864813
68814610,1531.2960233769063
47089966,1626.4275812382634
79261064,1858.451776849372
43267298,1624.8036098448142
35491922,3698.6899259060797
91103900,1545.1111893773914
81885878,1227.4415878127868
10004659,1892.992223900536
49810234,1457.728861146105
65062190,1611.7257981502423
57566037,1782.4690931286357
55754004,1677.2408821494141
99179360,1174.6933600570535
67491962,1770.4588542326733
55660033,1620.3954606272964
96584547,1697.2935284504433
36088377,2061.0552553628686
97242422,1096.2395872285606
12109366,1187.4984772965838
57248099,1643.5662961529863
46843789,3077.591618156159
15574311,1032.5588513507776
39119987,1675.618506421479
95964371,1611.4600894439027
93965777,1498.6609971236435
32720737,2089.324091700985
38011636,2295.771696282965
28738450,1591.1391522292863
82845868,1095.8170540152498
92357814,1422.0715772571186
94273774,1233.5367870748273
86770972,2147.469986947285
95965665,1448.9956856682581
80658412,1338.1774699039818
11188732,1209.602628215493
78466957,1219.128731479579
77853776,1610.5051926188912
81589793,1484.7906799264542
49765777,1675.316964972587
88579415,1535.236167108446
65011154,1296.1631636596521
32352609,1511.349703540223
25644810,1316.1152087462883
36867135,1676.0523940888895
88848522,1574.0656872547925
54293859,1789.4435268900693
33019527,1429.4780739040038
46924492,1217.0815413439595
19488750,1436.019019318234
94594464,1286.7173856484108
73247876,1639.0338753070478
71373451,1311.5622267957924
27655514,1442.0537756820934
94112335,1343.8354169156516
79135715,1343.7589842012505
69231521,1410.6868017678728
11994136,1592.375967102801
27288623,1545.2176709000146
88123955,870.375273788536
10000265,1342.0714887248857
79772833,1732.3003021131817
93882232,2569.775680263722
32109681,1267.6682504667674
65404136,1806.2834432377447
33831079,1248.7008020397466
71847266,1323.2211281624086
81003839,1186.1899046069582
19285579,1970.971918632819
51911514,2017.5016555889633
55539434,1784.1064483705827
44536751,1284.0117294444174
70028057,2373.7370039453167
86860126,1791.9275730840807
64254454,1561.0490830627286
98284782,1868.0031830385471
34610652,1589.7007773762562
75568847,1546.8669610574498
65674652,1517.257827967568
55019276,1492.4624683639295
55592552,1538.702228766108
94267636,1371.3320374221653
69222634,1176.8340185386248
85591369,1228.2500288901592
43835656,1391.1242821374788
87803052,2144.174062846169
26232040,1617.2231017836996
91061668,1958.3696726318196
30001734,922.6874472200103
64074995,2171.1519575358047
98892450,1936.7672233979094
30473837,1214.5479871474479
95158643,2051.50908960209
42377220,2031.1393076969432
64814717,2001.3901157860355
30148862,1793.3508223789531
62010302,1681.6197078566472
99477712,1547.8666822109265
70875105,3083.084591615164
20465640,1270.5296486148866
27850961,1148.6371136081261
44835254,838.4566003556323
37634561,1525.187647585811
46702648,1947.8817338312524
86839823,1470.7986943008048
67985741,1211.4064037540452
27791703,1435.7437035401374
27289673,1489.3939917125592
47043760,1566.2566731670802
54808934,1986.213905944673
98155995,1879.6148937147461
69341643,1881.178931922057
19401682,1537.8410429976311
97496254,1148.1490263753537
26009392,1415.03657122797
76357312,1738.2816230945634
60644292,1809.4632398750027
92095667,1492.6273849969418
16021125,1763.2152967190902
52662306,1464.9501290888572
22527415,1377.6912100957902
11178457,1821.670023574105
19452873,1286.2583498837391
89463603,1813.2156834285565
55778959,2396.4254897907167
45079947,1453.1595720014623
71913651,1751.5638084247837
26030335,1563.82847510245
18887144,1295.9166465671126
67192573,1680.127698561727
93955593,2247.475073621024
51025425,2252.7116364932203
59882564,1259.1001432982519
39586553,2042.7873368504718
10235871,1817.9459903200532
44636319,1250.340365881775
37290007,2405.2313914178185
14108687,1641.1103890896716
34932666,1402.2329335376235
80941617,1326.9778257373462
54682782,1443.6464519308602
89652985,1685.2637488941857
13137515,2456.5749106951625
69623259,1552.061590019641
58672181,1757.0905332695083
19145583,2289.731219030858
15756823,2003.3721671794451
48404289,1496.8098796624913
81082424,1518.5690035392356
73224913,2191.892969949557
75845341,2610.461268288667
98474913,1676.9918209038228
41962691,1343.179875511392
48961741,1904.150306600595
87593653,1120.7995136121563
84917993,1045.1918391165038
24081947,1431.1245917451645
54462462,2066.5274948358733
51963469,1896.4097916457692
94467679,1392.3203899499908
31642363,1317.2090209480461
66097711,1323.6744283100259
12884742,1465.7753232927844
94999391,1529.5843551432956
44605879,1502.4706424062329
35787017,1501.960078371754
45450960,1529.889102644723
95291199,1284.977162596625
96016558,2155.7436488487165
84566828,1686.4032102696046
47412693,1172.1886704290248
49029700,2161.849489510963
60010012,1301.4506296006396
75883768,1352.9352651407035
26202342,1268.8947046209319
42317663,1554.9654067562335
81534336,1265.3847891156404
89007837,2048.0549343467
55830410,1478.0512664834964
42889086,1324.5082434198437
81610198,1510.1591162280488
17452253,1335.1065607999165
71203731,2328.8781765488275
80449971,1480.16652179881
69429731,2030.708962664787
54605956,1857.2756852718746
34299688,1454.5305142488803
87819668,2096.5099528075634
35995429,1329.2290963660541
79395935,937.789021802092
77309412,1580.5749519069573
43863935,2131.351599418588
25184246,1579.841732620559
36615071,1281.0766256310012
38474717,2680.4915489343407
93825316,1164.5818817776687
33683398,1285.6576209905013
69346242,1863.3443881379612
59095929,2027.0119732644946
87118088,1290.2404974392102
45924958,1688.5499008555144
78591323,1639.5730312119988
37759814,1716.5722062061675
79378632,1709.1988957975827
74799649,2242.9027939585894
53222755,1823.579469857929
36749663,2220.746871240006
48476133,1978.3389201490854
49028666,1889.166582439049
74177764,2006.2794817449972
14771208,1244.8581779168803
53613430,1549.6572735760174
58749152,1149.6658675759163
32751897,1686.044560833095
26470651,1381.6939365643716
35002941,2264.912401872041
18541890,1373.0585889777726
57596711,1597.8694973382705
24072464,1411.2032211293035
31435093,1851.8192825468107
30602585,1577.8139036454402
75360000,1857.0744272746786
46273615,2035.0639959680086
95181699,1463.733526147857
91310621,1453.5556969802021
82017783,1397.625537283392
70908643,1656.964583133985
15861638,1660.0663208708668
50835625,1811.5886217162752
28964861,1113.8409133949265
29864397,1250.065359983694
12057084,1569.62963945355
28334945,1811.7416487979808
60084019,1462.7542506664165
63996133,1252.3670981090982
24215888,1218.8266198083907
73974645,1442.0722462976623
75072747,1292.989088210065
45633768,1658.3231690101989
35646913,1659.3526345644614
53661067,1478.840698786175
78907585,1910.8505569826768
76922109,1855.0464594490597
62248680,1882.0453364679547
73320273,1714.3264988288283
22179940,1828.014200778702
26991418,1970.218333674247
21855522,1757.3924783245768
55265808,2020.2685186980523
58224140,2116.2431278633308
19913819,1304.356411368507
90275479,1424.2147696639515
97988475,1807.0428295640422
83636674,1568.8237359255677
19875524,2692.6665460286854
90421480,1497.3208510267698
81793670,1773.8279625414366
85521270,1921.7478769149575
97359529,1394.1374317790232
91814930,1494.1584010934255
39016297,1600.6400655608838
94156929,1668.7460847477405
45023538,1628.4806150068507
58269517,1351.8364296257362
35694304,1547.5840355049152
64951262,1281.7895949606304
95920942,1477.3414922786856
41847450,1475.2173956414297
15255858,1509.3926281015845
95924527,1511.2164675349966
12518283,1887.6594021764088
99811369,1228.653443132547
59569343,1143.644810590834
47206769,1245.3988594617697
51079651,2208.013248335543
23194465,1749.8797037303457
83356805,1816.4802254899153
26586384,1292.1453137080543
55548495,1379.6048866111962
86324071,1409.1023154504621
75101749,1756.0814255734888
16463144,1179.0896492590787
19396787,1363.3177828781875
33279246,1537.8053293766354
49233593,1756.7713531659463
48210075,1056.1187940672432
55054820,1413.8615392785837
96257897,2835.2247970911444
51430742,1805.3535638037868
83437485,1617.1217410794166
50578351,1894.4374782243003
97275251,1684.1154197437638
16222585,1516.398892664825
39525336,2001.483628514093
78481250,1853.001765614934
90967247,1400.223593491065
84855982,1529.6196429271272
57782649,2124.1956433609157
77997002,1496.004612244777
36215630,1764.2213374736978
95580912,1522.1894667976565
59034107,1633.6586155664988
74775777,2262.9076169082773
39971311,1490.1824220615351
89020638,1776.1615643901982
51169286,1745.2921816519242
99644215,2639.3784052266665
90744203,1621.8303753597797
96320211,2292.198718538152
36465697,1615.4375597093829
86214609,1697.051830744722
81033519,1334.1090255584224
61860616,1228.3303704674252
11758072,1441.6249334269999
72796099,1019.1547077816689
12154166,1187.7203222901185
48588483,1471.8386009421322
75800458,2043.74864574342
27360889,2383.881277417231
84455620,2798.2822680595405
94594944,1327.4821542924365
73063439,1030.6848135761559
81513909,1585.9121235170442
76078349,1857.1908094350708
18738053,1475.2727825007375
29574045,1689.4917888746916
80540560,1550.7322718505673
25751173,1465.3794895926808
26008933,1440.9704250852826
99638568,1359.471011056578
16106243,1788.0310086139773
46712863,1239.9452399661468
62434322,1743.075782520649
41483187,1527.126314206247
56776930,2626.968618060538
79612305,1688.2803785890928
64780825,1690.5442031168152
45536007,1352.910204854125
46661025,1821.871247735188
77061678,1366.1611766241886
60393588,1488.999845561997
63346660,1151.9057533065816
27845955,1379.189734384753
55504400,1493.8033716141213
29005367,1132.0767677925878
22069246,1207.5509833143713
84008491,1146.7941680296278
17133631,1174.2125914026947
84832150,1320.465967061096
45723864,1622.8766673692621
43493787,1511.78069060141
66097518,1343.972891337979
70168465,1843.0085028530768
94063743,1168.1112682782934
14576418,1749.0976287475453
67277120,1847.7041741434543
94345958,1906.4060639507895
30685847,1327.3551345155336
85948230,1607.2097623044954
89817663,1736.498222686569
32957921,1768.031530342249
46701128,1615.3504279916597
70035645,1169.0596647209286
60395047,1814.127919294307
88839252,1577.3685708499593
84131490,1225.9072470688923
75586325,1515.5231221526121
80103534,1302.4393345008398
43032685,1367.4557151534068
15972126,1542.694573504221
41404247,2330.6453133174155
38893753,1248.9484213869785
73633779,1954.9257950108959
35904393,1168.26159837455
24714022,1969.8771809122031
19048345,1182.575719253394
47004008,1476.3490291325882
94742593,1777.3235542623518
75269823,1834.8883638698749
25552669,1097.1018264985191
51828771,1268.1981002154364
70179002,1186.7599687547865
38115411,1807.2742524428581
40317565,2057.256282792903
21110207,1392.2084035598032
84762082,1447.8263516784543
48690899,1862.5042857448598
76594160,1587.5530420618622
54192522,2379.025756643961
72813893,2230.405375730954
21004583,1302.0802826151307
64817154,2168.447126202471
42706195,1464.5694588059432
48103074,1568.9854219058916
21878260,1805.8698315022561
36272220,917.1060165408327
13817497,1535.2595630993687
41737305,2024.6069825991124
45517239,1675.7311717352122
89500514,2358.1859417656246
35952974,1244.0008007170331
79180368,1516.2901358894273
49972479,1891.258592755844
16468436,968.4831537152371
66415757,1593.769889372725
60737619,1604.9957696394824
61065232,1517.0286871566852
40172654,1336.6180132017355
89609665,1843.9540588164966
23952725,1001.8932843813284
72896307,1717.9554941829595
43835334,3023.13449714315
15170417,1027.528023667702
67479665,1335.3420992785755
33361674,1521.064531900671
44130617,1250.4171524930252
51579953,2035.1016094315626
75908580,1971.970209586977
55554604,1674.485132925603
78855633,1997.7203208824626
16657542,1538.3070545186954
54732615,1890.8665591250856
61746292,1857.832692939626
57869356,949.5758067712023
29926611,1370.6957578140536
75275045,2797.160086352633
47886535,1591.0022169104852
44918482,1351.3481854218053
78968246,1889.205634779335
54136456,1600.7020771608713
90807736,2132.335107830013
60276696,1634.119660263685
82048962,914.7258952130876
92669446,1813.670046679832
48680297,1931.2380492966906
20902349,2403.4170263124015
56991657,1790.238848616468
47839152,1562.064476783542
78844128,926.0369725762789
13384224,1419.7970804195802
46213331,1686.924427444928
34116626,977.6035815958325
13884884,3199.383479296072
86060261,1982.7715904216238
33698474,1530.059867270386
65729973,1224.7350741143946
10671871,1406.0956664326004
35704807,1624.50930429807
55231783,1667.9556450727941
62208192,1615.0847607207131
67563103,1814.833820220985
72548470,2265.221316570602
35725437,1699.9847719078427
91119982,1669.3131720944114
58303560,1892.0630015411173
48430844,1955.2778007976788
17825416,2254.0575962294606
97821966,1805.9592393010723
76538437,2517.9087055423383
46855429,1365.8482481755584
70135617,2040.3777373327484
68330883,1123.706469517324
82205109,1611.616779682786
47743752,1835.6434354778073
55059767,1229.3670765737759
88243398,2425.8415078478065
44699350,3193.2086246760778
35330178,1569.8173145911512
25203468,1530.483262920232
40479165,1073.4874071228367
10947997,1185.5555537247
76351104,1647.6386225493525
11445786,1641.478836693428
49470754,1400.7162152418107
25466549,1715.760548367075
68081302,1412.0047978384612
66965573,1813.0206727430211
91230160,1913.3978423609299
44322697,1356.1756640733242
17542284,2108.4234132679417
43035885,1527.140709606886
73926094,1187.5657932738025
64948505,1580.7495762461651
78950808,1317.607311351842
38422125,1276.43037662278
70854487,1787.1341883211803
96303461,1951.4179689795915
46698218,1676.2773825966447
42918073,1495.9897588333686
60976113,1346.130994702798
80414616,1506.563162733213
11919826,1653.972485429049
78548658,1001.3236116260307
21857739,1456.1619703360304
29877271,1789.5827613577194
12698388,1878.4894538580645
11871707,2426.849755758973
80819542,1389.959567282297
95941128,1377.6963898113163
15401105,3605.3191475044764
32754426,1586.580584278342
69235267,1157.6042166349903
71590075,1940.2615696989221
93562904,1564.0894402892468
48418506,1114.3941232058876
91190923,1587.766935956744
33120061,1255.6102381965925
79992717,1400.7425962786813
57263719,1855.0839950304073
97902872,1634.556232509327
11659952,1416.2224961474692
19463140,1563.8698429150375
32523829,1598.8088818921149
91862885,1605.1523867936742
72799092,1786.1485044805297
53477503,1544.2670508310534
66993460,1776.5153590419013
13665562,1467.5692639669082
80709687,1669.3162782429451
40330962,1803.1833516990212
42684844,1504.59488813263
27675885,1967.2639947386651
38250322,1494.2730597191378
63478776,1527.2822618659661
62285686,1843.6664320076761
97553472,1978.0318494084108
64732641,1580.6907056566176
10341748,1075.7581313852027
34930451,1730.0417345702128
53726168,1454.692633303203
69426758,1138.6942189146062
90029637,1217.9759623994
94611401,2295.9715962592218
31394855,1537.2459573471938
36645175,1575.9323810370634
56281801,1316.8747512807238
12148162,1701.0808901029343
18771087,2004.580504614971
15509457,1534.9283981215217
58811830,1419.735160946451
73003066,1733.8403663450722
34190353,1492.3962971634724
70731913,1251.9569637729226
55320872,1889.6268803490184
41886703,2023.398328407423
16884593,1363.136234065883
90415325,2766.877519699884
28408198,2557.6344401095334
65914001,1601.663397354084
75122895,1927.1834587567848
80177938,1585.326555668878
37984269,1483.1915241630152
81491790,1801.747479770439
37294085,1498.118603600705
23335477,1408.0747417575049
74996570,1393.7154198255737
11602841,1554.5272872715598
70152712,1690.9705270556474
37504288,1306.2801492954418
76619689,1249.7705225249845
95075447,1648.2108450537592
62779399,1826.296352436812
66278648,2258.0339558718315
18002070,1633.2597367732217
94135062,1297.2892290561037
74396322,1240.1063198960333
97169764,1806.8867198113048
84630384,1958.8351041366425
46052909,1280.163168048994
60213474,1904.9442417304765
33797784,1729.1941441082101
59759309,1574.8948874296855
47001738,1662.0391266511008
76899861,2489.196262899331
54444766,1108.1836273286774
26850612,1479.6937746906242
22468145,1431.5595341069416
39243645,1342.4108089334616
35759583,913.9951969491781
92468992,1614.9933188267037
68717112,1313.993900904526
47344834,1311.0306551645097
52115284,3062.5625056302365
21042322,930.9443447924428
79258805,1578.8084807791734
51304748,1706.9130948617326
23253686,1810.2772216111812
43275074,1457.3026333788905
81602713,1787.864156124999
60924053,1441.9029070591776
50363853,1930.526106847498
28412591,1073.93380974209
65145713,3094.7226338800147
47077663,1898.0210696455779
58136966,1391.2522442195734
67034290,1391.678133721661
72057747,1710.65459506356
78034116,1156.6194049886608
99365155,1737.076296364556
56151729,1592.1352246825772
68997667,2011.5181900536431
46532370,1044.5400216857063
43276809,1706.3505644599552
70460118,2621.118736815644
66150334,1562.0157904305129
92614050,1515.2817735093747
69313526,1364.8214807689833
70949373,1933.0255723170146
98595102,1500.673017387301
57731071,1208.494476928578
58855043,1429.783712779022
45456441,1756.2117044855675
39733268,1244.6966244032226
71064725,1440.7768616522662
29668017,1692.6671827983016
94555207,2046.943367779965
60811404,1586.8195756778548
53154973,1642.1871462539084
79534885,1565.4305894872323
82049293,1929.375663919817
19578533,1033.750776845403
66374977,1978.4185542368316
16850211,2133.177395928366
98217866,1544.94865643943
33773989,1443.1775316434052
14998381,2266.450742160203
92421507,1262.1813768589734
66591282,1180.4480164926815
27243576,1743.2997445560359
58962954,2078.742681945904
62891715,1067.7467700092548
40256776,1359.2728599306956
92014626,1650.7477262930643
68868046,2139.0461739617303
47811896,1881.3606006775083
86438296,1897.2130095576422
10421272,1493.817233175216
56519274,1986.1458919227507
84854339,1867.4182122878449
95049673,1809.4991772232881
65578696,2678.7142580408126
85747970,1274.5648371236393
69874974,1140.3605167035903
34594425,3098.657807323957
14874183,1874.2682294666724
91643227,1427.2353583045508
94998930,2586.2425179337515
25184219,1896.454340265273
78637662,1388.7115896303867
40102355,1965.228352540425
33004293,1522.64914178529
85498300,1770.5058962856326
37721019,1624.6465157896553
78482421,1617.1857641120748
81912650,1517.4076874772725
86410146,1621.5347420225514
69095320,1313.2883812754135
56569332,1473.4466293688845
97340317,3084.2705324040057
37533494,1412.5213419638758
55430447,1198.7321896181913
45610406,1387.578730778883
64085140,1753.4932662052565
81416250,1479.7984943841
70034683,1670.5250233697732
40315264,1993.1891238098779
73160601,1579.939629598754
54677638,1930.8595434046251
90571590,1932.1769264883849
84772888,1695.561203876914
90285847,1859.9916694351887
80203339,1776.0830309056369
73536003,1171.9261350920608
56021479,1286.4783943880202
10526589,2071.9613621518324
23648848,1766.7226060090495
27805990,1682.922924475334
46740683,1852.2060808755286
66243364,1441.408800602917
88626421,1018.5192906617119
81009655,1913.1272702059323
47576712,3289.8843874705512
73803450,1196.8564986491053
47427075,1134.39277535791
72540520,1679.3167388051152
55407503,1723.0311304377697
49275948,2385.7528974860197
74312584,1672.2512722955992
84174297,2476.0088998236747
96261162,2324.8455063679135
22879870,1812.2939327162558
13933179,1718.0404397762
20116066,1285.2060662224997
38689361,1262.8665575039652
63156536,1758.7307234108234
95340838,1618.485500274743
75352375,1077.0318611842383
48265534,1667.2557588524637
74912030,1089.012193301786
70071430,1633.6093296056042
87025516,1684.1086334736315
52784904,1386.4777986184
96281041,1715.4951846661745
60302206,1863.2257177061153
88862209,2102.6838595768963
66359731,1765.2597881744105
56582999,2194.4491075661117
78391067,1607.279118935221
84566381,1665.755324672297
15548328,1227.3080478680795
49432086,1906.7219969920516
49054075,1843.7230708442291
71689174,2008.3047451936507
64196832,981.101217633963
85965917,1927.2683971392146
30935690,1370.6079829054092
55460540,1088.6717589151167
89457485,1124.223736216027
10188743,1328.8627766367968
58823191,1388.0947208288349
20643935,1839.1103248955783
40325735,1916.213107784614
91136520,1912.9710333560508
32259671,2050.3323393294586
26400774,1292.9466557171395
28057887,1267.3761541545562
82844555,1201.0790741993922
51111773,2080.6868999186086
42987529,1756.2602288036448
62978911,1331.831871596638
11881525,1310.0851431185715
86857890,1594.4721552392864
79797628,1460.2187235763563
80357222,1603.6890783056444
35431033,1756.4479323510434
99201502,2256.74519785222
90452446,1997.4191774899764
18670977,3005.2039417516307
66979442,1818.3662113009527
93738605,1472.2954594073797
29213200,1913.9494451289008
31107212,1837.8714470712669
91594833,1073.520664435415
82943336,1276.9067292718264
68443662,2385.6138812525505
93641230,2191.7697323607845
50244475,1374.060854325256
87626955,1985.029712726086
51387553,1316.6205142388676
71504785,1370.8663601380294
58768482,1564.8752182716141
47301702,1826.2532034816668
46285200,1692.8333989714538
27113638,1926.5413865550795
63361835,1162.3173367796896
42709073,1183.212036175169
87920715,1218.2025390154029
59996173,1821.2915660554063
97865712,1096.1253486194335
76462362,3067.1259024195306
38643308,1661.2700527269333
62694540,1918.4540851507345
62141335,1367.7077910600178
34503041,1470.7084625750979
11311229,1090.6163603056366
51623206,1678.0057425884822
28560163,1711.1957359831874
94388349,1978.2469516841495
86256710,2106.9508809335102
61215694,1672.114761679034
80946911,1691.3890396264055
35537651,2328.2635854297514
66755381,2363.924224046543
73455092,1102.6791110531647
34041393,1523.794259929742
30484078,1732.130069072358
62329986,1697.243912056675
62897188,1366.2507827402367
51881772,1964.4606459214842
94211751,1323.7791655399067
61613645,1210.372710520637
71479652,1879.1536182071832
85310501,1557.5964764928806
23110318,1560.4637141994658
82884759,2033.52597221256
51095836,1604.4525061354402
52772048,1259.631164509573
17245854,1462.3413223891407
96708865,2194.4941695714324
67276218,1722.104901269466
89528454,1240.8543041111363
73044839,1501.128021847872
92820854,1922.841577905704
81415527,2170.7227094528935
54704500,1496.015877201464
62696690,2154.915847628784
43848311,1593.5637750933756
30447397,1265.8509632490795
96343937,1378.4248237901504
19151468,1477.2545361875175
75047192,1398.8875844152162
29891460,1513.7324772148418
47625277,1453.104706182931
57930980,1396.6289898925168
48354539,3150.431570314386
27628114,3391.0847206025123
32690361,837.641458205577
93744019,1166.7237749397264
99861438,1617.4579697632112
30181088,1097.8134147548265
31181640,1988.2792694651073
44766788,1499.656663181188
65594080,1411.25616306176
22508377,2129.912999131401
97181173,1644.2446542442246
17420303,1536.2933677799995
67800143,833.8057211691906
33454469,1771.371394724377
30418520,1909.0675642292863
89752463,1257.3011476770491
55142148,1902.605029490006
20848293,2309.281998736944
12617495,1295.579516773433
20378275,1720.2186013646347
37172337,1908.975797014388
21839038,1274.8352058695687
66993155,1420.3941862768654
41249770,1345.2594469110338
80181790,1739.3721404122068
36248478,1418.6572266558014
99097401,1424.2836632630658
16998435,1190.4535531502595
28345246,2136.00770542157
97230601,2422.870494135733
67442292,1802.2052354679329
54477624,3154.1750616562917
22866548,2518.2393886143614
86504569,1651.3971633305052
81257074,1469.4401205226704
53101206,1296.3219424894028
77626907,1818.3442285583697
15402267,1235.0081394742422
66190974,1646.569041410137
85276459,1984.2199706990643
61882567,2167.858533521135
67503548,1496.5121701602848
80801220,1452.7592193685841
45827465,1634.0545972292755
13145303,1531.2079264346667
92842662,2149.7552688593596
73150077,1713.473319692104
10904048,1100.7994263162036
89655386,1628.4736463031863
91827598,1301.6493454207243
36736446,1496.917334271175
73791907,1335.46285462192
93237533,1234.9817935665772
29020722,1729.969452039422
31344857,1210.868328727249
67961594,1250.548690663334
82896045,1401.560687191455
79782925,1886.4805711888448
65627534,1715.7198902898124
51055429,1749.74565917085
24073352,1499.205838082992
63468697,1711.01317209686
69815836,1165.7279982204836
94658489,1054.0058338527847
89803063,2663.0351799627792
41826065,1546.563354422534
95957321,2767.6875316029805
72164672,966.7051490020721
88171071,1109.5576435805838
47273090,1401.485773608974
19574799,1241.0673774986124
74042503,1350.3066755765296
73199665,1816.7425909587955
32553552,1714.9635686404354
99007181,1427.071834501747
86459252,1832.8969195238572
33160158,1356.5340081623963
89403244,1847.919174678699
83607429,1607.2388664309806
54979491,1894.4088508442853
34711897,1907.8994094470534
76049090,2254.6936635565853
38209438,2635.429771290993
43607471,1384.7259642273839
37603490,2983.7937792550065
28133465,1578.2058204064072
66543688,2148.8595925927843
13310180,1418.818346927166
70639698,1464.5927731145457
31227382,1604.4754424086987
27953042,2063.62335397541
62042217,1445.3611291314558
91860613,1397.3743393292011
55497701,2956.59384542477
20529003,1440.3340412370837
95270433,1487.68311054388
99713042,1720.9552599102917
78850782,1513.980878104498
57339822,1254.8863905323803
89910926,1638.8372063083905
22738331,1772.471278377325
29399410,1591.4630201011787
48960030,1659.1432450521577
23209349,1854.8448781802858
40869262,2857.5882347732345
13469481,1654.4906739927965
37901584,1447.9483839359275
15827667,2091.49095349946
36279211,1410.0770096133213
60254169,1488.4359030130156
15666676,1916.7190076837517
83527323,1343.4903453555437
38323312,1554.3384690239493
16145827,2344.5707859901254
25816799,1829.3986768447103
31540608,1285.9087739209772
78332853,3864.753964284637
50241601,1094.0132885879837
59793938,1965.229654966341
99765396,1477.4155557180902
22142241,1895.4299572495765
28238312,1103.1751786369234
56677251,1709.5034770933246
79286536,1805.572497908847
20049898,2546.042505599442
79883465,2284.089875408002
64419086,1362.6581275086924
35428504,2192.674218558636
83636473,1722.1609685836477
91911110,1323.8790294184973
94747885,1469.891641917312
77052407,1763.2035912142271
89274668,1457.7744742574932
65429257,1512.4028594065887
18949424,978.4703599427507
78354959,1108.6257405460235
38613499,1842.3657077937628
99410878,1875.8251185021109
17066881,1630.731446677814
84559340,1849.8062789307012
45796615,1736.5207339501235
18650747,2187.6271574058087
87098836,1768.176677313312
18956602,1752.8181633696076
49896714,3107.547560352816
51066559,1309.811834650543
72393934,1518.8839384463872
63389143,1291.7249766471114
35204339,1523.3809830694959
51345357,1436.7695722869362
46322354,1692.9868536622519
33951394,1612.8545659219396
41031096,1298.1746612440324
42228451,2640.917366371453
41161057,1079.8062838555632
98892524,1544.6827351614766
19811103,1478.836987800947
65448488,1567.1523188626034
32428376,2858.0095452423902
85323274,1098.410866725588
92258087,1602.4678958526101
79217297,1590.623236754727
11989719,1563.2033210563038
28471365,1454.1946665239318
34542074,1700.013490527197
29164293,1620.573557178831
84304086,2122.0438527608667
31817572,913.867677094197
77771839,1466.7574873051956
14239440,1372.3935139433786
46882099,2146.905282760973
38983396,1569.7877790972452
31683463,1652.90039309883
78092716,1891.200404608185
42013895,1682.639866220747
65197071,1003.0752469155601
64495960,1455.3764926206052
68745703,1354.340074018709
51390927,2093.566332471199
94850983,1719.4505938248499
24328415,1233.84732130129
85572847,1876.2228748721423
42303463,1395.6584200672473
48215084,997.3827265789907
35427122,1580.2070138848271
62307341,1975.18289364284
63212299,2111.3582487772223
97856687,1511.7470737316014
35540248,1806.5646947914952
41303810,3370.5155836879853
72749855,1809.7019467491043
21620577,1351.908784010612
33846878,2759.345244870999
72596574,1731.6890901709103
85230815,1207.841260337395
72103187,1276.1902358175682
39368813,1633.8131076019258
77055150,1978.0127125827044
61280124,1792.1795189237453
88442406,1698.04570772176
34283144,1076.598211448091
20283328,1263.3163555353524
15081148,1582.7276573837994
30803223,2221.903718774017
95977285,3154.4047575443096
73578397,1257.8350143335456
23548274,1438.6820146421728
70020229,1667.4636353147332
13657037,1698.5558039414343
62209540,1134.3625358088289
69122837,2048.225807760784
56882140,1412.387072857025
31090970,1133.4692167340008
18895583,1524.7630939348903
56220075,1725.035137788877
81883128,1341.6864544536427
85178304,1296.43330494762
44572294,922.3845976537469
69139777,2420.6181435964163
77682175,1663.1354848478038
98697835,1514.036323958591
82862062,1585.7485321638271
63154444,2145.2681371291656
36052607,1901.6773587958148
80221636,1048.5850693016407
14612606,1237.87432199006
22793087,1834.3071857803236
27221763,1878.769140543233
85356281,2662.3379127980993
72870330,1518.5256802028134
21631750,1350.8678439038597
65662420,1397.2882330775226
94704718,1744.2904806055155
68031612,1637.9885741159394
23780065,1286.6488582371212
76854946,1218.5994288810741
65320814,1745.2080489949376
98544588,1631.5986437853496
66236365,1309.4131442187324
33614608,1759.3414565124328
41538321,1253.5036943414052
52604597,1384.5000381080076
51929168,1181.6651528797233
34989178,1565.5740312881496
17968995,2321.756692735761
17104507,1664.9291865877467
31799006,1190.768701506944
80534303,1576.4337479233955
39486975,1606.972371191297
70473933,1504.7018511019348
39315812,1554.901473809051
32664756,1967.9497820947788
40582877,1535.5395172894714
14853484,1491.784014281648
72018275,2207.0101831465327
85501233,1797.1687378525937
62857702,1257.0564194606036
37589957,1505.1311531013923
75861106,1306.846209041154
82048801,1938.7968483609698
41226392,2112.823664261084
43191623,1238.7832632602701
98896014,2854.7781009995947
39009427,1230.819446159797
67635937,2035.9974141884632
93989030,1616.1607037298963
58213050,1173.1679687204064
39089500,1489.8167652213606
48099206,1582.493162035159
65115683,1528.0065809083465
19072238,1118.8210767339503
50691779,1669.9236537581396
74240054,1669.1450438308364
57606331,1473.5906903721861
50124096,1664.0146468747794
50596395,2189.6576174793818
96230340,1486.0170720143121
73626141,2014.3954803156603
12420303,1386.191168414173
64008469,1911.1644690788844
44066450,1964.8874456497197
27734466,1108.2733417253728
30219489,1417.4124098673542
43296487,1509.7829579459144
22060633,1829.905660190878
23197881,1415.1892625787764
65499520,2062.4763450145283
42012431,1378.7099631717535
42076492,1625.4459788641584
92931745,1762.2146328571364
47924563,1959.8120666503467
17036042,1647.6467139036893
79903869,1108.9499578515263
27876581,1299.2490223250063
10911722,1869.9611526604679
21207465,2382.5333406532027
90406241,2325.2888271873044
92048586,1712.8288391035182
72112785,2151.1530714255696
10881048,1726.0417030525914
71511312,1374.2973714660202
42854203,1985.9756878548
23271785,1846.2104922717128
92261360,1497.1435864558157
14679655,1103.3647095718634
90532154,1531.7283386394524
32402071,1336.1849951205209
90864060,1407.663246407436
27274358,1307.3081749916896
26334631,1775.7663349523598
39224642,1825.347712421363
19272671,1687.572183926599
77841869,1284.5044737670132
27204546,1964.8818049311358
12405459,1340.147001197317
23265034,2052.8213364126677
97633242,1510.4506079639095
15746059,1447.524436169984
91462754,1776.929918258028
71359730,2400.2553374810664
61463575,1437.4733451570032
66429439,1313.5888902096385
63351764,1248.8517303055214
96265907,2405.4718450303526
87085441,1565.0296471266834
53920662,1564.0826036822225
67679919,1708.7792164492257
96779897,2592.9537567091666
27837717,1591.1936669394236
37035368,1753.597590808833
26123523,1417.7042536592908
79652243,1597.2376163157783
91451403,2142.8415793683002
29758902,973.5942133378715
47019965,1821.2603178809663
14375753,1599.9880109550086
85119076,2073.217971323649
58032446,1703.0812076861544
58129049,1693.4068125437707
89574518,1447.4863205796269
61206117,2010.509501922823
30554474,1220.9978727040084
65452020,1834.8849144377525
97089415,1892.0706282981769
75395475,1652.3954800632425
58881030,1753.7700049610812
49402947,2847.036120764912
68947111,1822.5090985444535
48259609,1663.7507689140332
46561397,1627.7724731565024
99687364,1918.0929731933284
91051315,2332.4578668529216
88446486,2119.076873917684
57583992,1740.6752398897804
50054814,2017.941466060824
42048168,1511.006472178486
49480319,1458.7188779912938
72653841,1662.9146987467861
93923592,1010.479150692683
60863343,1628.4438401010034
64544903,1299.6287026918312
13683649,1436.208053789502
35441685,1647.7447580769738
52702103,1269.8778449825677
33316809,1464.577166405384
99319395,2165.9951628533167
42958811,2337.5833783547896
79034999,1401.7384779231058
76692806,1093.6308240621897
12247918,1603.6744238670185
82872484,1818.4378631065515
74712172,1814.6603185761958
40198101,1956.2558003775744
21709825,1595.8504128934342
56134477,1546.6426647106073
64741940,2161.037688151646
20094279,1538.1296583289075
86415472,1310.6143298994762
71923505,2063.5255987741825
86463105,1571.817087899148
27182144,2131.8030391155594
78605487,1334.17227739953
61339703,2401.5137636330733
19457777,1617.8722414743756
14282521,1486.9618406530603
53055745,1664.334277088743
64045100,1227.9329554929088
67336212,1655.5557567739472
30110453,1755.2116429282742
84766140,1298.8909048511466
37132913,832.7327347598474
37337576,1571.491858149143
81785280,1475.7211567053719
33749639,1625.8055765454742
65293655,1748.3921626902356
99472212,1225.114352678987
78611736,1696.2093204331575
34109955,2282.4132647215765
85732620,1595.5623310022954
22271257,1891.4154710378439
17111467,2877.7702636730214
87529909,1449.8856259183767
80109140,1921.3921014137952
74139761,1602.2823355465014
46468468,1323.682418822882
11871024,1737.8796635633494
38948416,1411.538853605151
79710564,1688.9051107772868
76775271,1560.1116920908767
39022631,1238.3768005569043
90991831,1887.431238172397
89162323,1734.1596342793266
23588134,1610.4574098032563
97925196,2896.6759654069097
73394555,1261.6506832477376
81939394,1200.2904782555036
34503849,1763.2346635048368
97624284,2797.9940759107403
83688015,1660.8660465457851
26753007,1196.4061236318298
87953339,1529.0865807665955
63187534,1476.862317981849
67816850,1137.3053743582304
58193423,1410.8537481167782
63256520,1516.2966512771588
14482256,1314.0738145208616
70047018,1329.8644418606473
25694473,1388.3285015340623
18876734,1463.8542803759294
24815106,1668.3019594609325
32093953,1315.1954109681835
21672606,1937.6191011733665
51265019,1582.7606705932888
46633682,1485.5677376070626
99505720,1841.2061867094833
72684116,1818.3237794937388
73603518,2178.5573570933566
42812113,1906.560147676718
91497924,1769.3407232856068
94645725,1477.0897523637784
83011406,1167.328123899369
40459671,1374.166458233449
28128683,1496.6572629139491
89799485,1236.2749406165385
78077056,1296.5400429299812
60018274,1901.2381580044016
63035070,2999.875318019869
50452662,1815.715712665278
90748238,2362.287939138445
19626211,1398.1267533364746
76831160,1701.6363634955417
64430456,1378.8331520184702
21788725,1788.6946191587804
62692428,1363.9278309645883
44601450,870.7971917474806
84918858,2199.619225966333
60654538,2032.353786640506
33549671,2200.4225550842325
96482407,1434.7301813462138
38139452,1733.861975374036
25148521,1584.1761760353106
39090111,1087.2191835078913
37364225,1887.8885279044057
79808740,1622.2156266351326
54570288,1848.8609046305316
81519320,1569.3713283272732
61290981,2190.9803014870613
82595740,1329.5859438255493
99018938,1444.947315295457
84429722,2201.3865507246987
70463415,941.0297699256521
13251670,1466.3450451056904
63915791,1799.7059901731004
37156544,1788.233588329553
19087720,2275.6712138968533
15777066,1519.0995875041733
88419707,1031.4058108781269
48515636,1598.7484468725386
88810042,2071.46411278351
55078871,1750.3758497761069
82278966,2152.6664473437186
33265741,1378.9697337221867
64678931,2063.558514080437
26504939,1395.4315300396595
64056925,1756.31965112703
46046461,1354.583164290302
47352478,1599.6749861776054
91442238,1839.3183150661166
89293921,2506.8589342355967
12378808,1368.777299709968
10153799,1794.3906707747365
21954731,1018.692289618672
76938502,1507.0769773832885
51632874,1776.9728020715827
56510091,1935.6970782890116
54773302,1733.905619563532
29181400,2355.1834177389824
36937513,1312.3475719018754
75732466,2140.8855046312815
53117846,2455.5026562921385
38538746,1818.2508308011209
27988038,1893.3547390473996
48886162,1615.1835081869565
24085686,1349.339980804829
57820012,1543.3868605697053
46878225,1221.7556870348565
20632751,1502.6406212681732
47775231,3016.38841259175
46789610,1780.299229291779
72806360,2439.968285060521
21856002,1084.3005732371582
42319053,1070.8588843781386
99630613,1088.2867066394538
61255494,1864.4834276185454
76945971,1345.9562929333672
40393163,1914.3359409600478
81941837,1910.1941214345864
45930551,1356.7404172620859
24573538,1823.2702872798143
52994547,1536.3383829902748
28445231,1621.8685936177988
45643109,1961.4614284452807
75887247,1278.9871655037384
46367713,1418.2855357087087
12575157,1771.9757792397504
85076068,3153.1827688432777
84603623,1344.8068192081807
45514815,1525.0498086085158
52278951,1380.7361786200208
50360032,1157.0756350274698
52896193,1705.230075993144
91847198,2970.516016796728
25179521,1593.367850205805
92545328,2044.9819984911987
75231573,849.1615636860915
37926120,1856.606840551239
51096687,1835.404803247088
62646217,1301.194369109108
62619222,1752.0693434709146
39457866,1432.6393460477288
47130686,1540.8628656247508
78763249,1379.7428007556937
69618147,2082.91088498036
64127746,1095.4141616711818
56593004,1768.4383131214659
97403924,1383.714702967884
73948550,1400.7928819891224
11236514,1605.1624560024834
54389520,1296.863388183909
76068841,1553.317717202628
59631248,2105.709081040775
34575405,1356.127413173775
91359645,1571.0419941886144
14542871,1247.2587186159437
37836409,1373.7694654615414
99958710,1222.1507717874956
50329848,1802.4938661095905
55825298,2141.0045301292107
43158591,2211.268845255177
95022900,1308.2002215492107
11903900,1701.4904600177051
59905554,1251.0047546025655
33394781,2004.6929734312625
85262305,1788.6334496383295
18156267,1795.0527403390536
77719072,1362.6937793221261
72353806,1932.4196181954487
61973490,1660.4840975348113
80257850,2343.2368805976635
27763246,2257.030214052254
28152447,1080.119286573646
40447839,2145.062200629528
88401173,1451.008479900026
77151749,1850.7272278855037
76938434,1515.945415377372
14595997,1127.6362355092162
22245783,2168.9090747750815
45164346,1469.679037171533
44320199,2026.6610112430467
35470526,1507.1147274724303
83276172,1529.1288996318444
65081928,1844.049182707795
34774976,1480.0436373556026
10096416,1417.5047437533176
76574726,2492.6945835016936
88509347,1871.8665213077802
11304650,1560.2373727628947
26418453,2154.1217571969423
69643263,1450.4895233537375
30241547,1393.2475245909568
89725513,2573.7833386547263
32289745,1887.569773872484
33888699,1526.8672130243967
67508421,1445.2420292137529
86446610,1512.966481100931
71641515,2441.674118020621
46243423,1614.748148340596
86921194,1655.7946908355955
15222892,1584.5122584846906
29435694,1683.410662435441
35795322,1805.0858944230442
39026338,2024.846663231156
27051431,1940.182249230101
91107111,3121.298632221187
76674186,2337.2915671148394
17932616,1378.0359150446768
86326117,1378.113857897354
64151997,1821.6673934862313
