customer_id,monthly_spend
20451981,1856.149494069805
23251656,2725.0966352982377
64082260,1435.5194233298096
82505923,1992.9408609072311
89981994,1465.9587633411722
64973937,1166.5625574171545
27610278,2190.3444841087166
35883083,1206.0135623493272
20490020,1651.8622858826918
54517670,1302.5635148606284
94359232,1702.033238105628
17326886,2441.0333807123557
86594167,1653.7541157871776
94873255,1501.1500246311427
62944765,2414.721314239675
95482882,1265.7420913177275
76963069,1392.4265178434298
25112257,1523.4067711427153
69916855,3135.001335022985
71088357,1317.9558249663507
50168897,1240.072963278759
67403679,1522.2352162375587
55474643,1137.8825975028774
54852556,1445.5622193676588
63667529,1679.1265631022159
48025998,578.3852898599848
93351324,2069.933502797323
18887996,1582.8520077469962
49568688,1603.8961346343322
92911099,1646.987604763153
11717924,1398.0193037774513
62085471,1672.0707075833905
78336143,2147.7835119928145
13087851,1271.8276577931053
33506258,1148.949655188313
61356554,2034.622903202502
11967368,1176.632747747127
98374877,1539.3308135077802
76845536,1911.699772477333
59313599,1262.695332830613
41041059,1692.680977109077
22292838,1529.2011411854728
99892065,1520.5937823139177
78345355,1050.1863450881983
85986903,2888.366083228201
27715035,1636.3215954743273
66099730,1553.5066060567012
75346786,1969.1936191550947
22860710,1707.0276776121063
65958654,1447.6153171810874
82607442,2319.378481445058
43471475,1655.438219384991
36465070,1272.0819557736995
21931749,1482.8584404832038
66815930,2700.020868801916
44485157,984.9454707572111
78728059,1685.418006345136
89264710,1322.2217355016223
81874643,1712.622433014277
48603927,2427.748393729637
20257622,1123.3913673807406
88360790,2213.102902205226
79411556,1630.467060228738
24819092,1347.8299358238692
74678656,2369.448585338053
22548045,855.0101326265201
95827783,2269.548864628712
60019526,2430.3621774422822
82548254,1551.1538040448845
90453319,1605.916960124084
15312091,2115.941678317986
34786964,1274.0295524572607
46684232,1188.902508186005
84597099,1759.1976788942548
98134524,1213.1183199251068
18531043,1627.0391426730437
14953383,1568.671745471377
80944054,2145.130531760908
34873753,1499.125590994993
95577033,1596.5348853110008
50215436,958.8440317445393
95347203,1612.7057467447353
58614046,2151.3493464379735
40368791,2187.7875890682
23316775,1797.0190855050196
23331513,2543.3042602648256
40038060,1443.6841860047964
22096579,1278.9045992117733
24978810,1676.3535257095486
65890694,2921.546332519823
47906818,2126.818323114354
38478694,1241.3567777241371
54797755,1098.9691687358113
44533278,1393.9943106616538
58182080,2201.040524885547
67491014,1740.9365938843484
45798475,1806.604923430912
41586132,1571.559223885036
22956540,2749.406139160508
25367334,1993.4765013244926
70503250,1209.1920327387375
58307796,979.9157018106314
59859757,1186.817686379186
47787665,1310.8968926607904
69610612,2269.8792107311224
66658967,1411.5485986887281
37962749,1229.9362434721343
87675902,1855.6978685439014
61682179,1427.0318610876466
78073125,1123.9766502793664
73229345,1792.930823835865
43171437,1851.863806551863
69766997,1878.9131933746523
14939250,1321.1768301288346
12328281,1424.6120070496527
76560997,3745.147205685816
57569914,1611.3394837224832
20883894,1645.1480205564649
22766188,1592.5403427427914
62905121,1390.1327473153203
36295477,1049.68739229739
55610529,1214.6597279721404
40366302,1122.11969483989
18624954,2075.861465092949
72668820,2710.1243370501993
23817472,1601.4208126874014
99830054,1672.1716602738231
63410560,1178.5045576374564
11811963,1500.1678956463054
68778133,1818.0865688408367
61211015,1031.6136891342499
85223112,1697.6019686114134
17785980,1824.4744658948348
51523712,1383.8303932573622
88242319,1485.4889469721124
66674532,2245.939989266546
76442132,1745.5030121468706
84193848,1273.4821000739562
80878809,1230.5893027120223
92088473,1105.608906940206
18574912,809.1313736553002
82956926,2613.40881353693
57265640,1682.6276131833379
27961225,991.3257863420679
65404075,1433.1558992663784
98698597,992.1653851992489
63221757,2630.6626018482607
45396691,2259.665264202829
95724535,1124.3211499840972
98157590,2204.262930904894
60909030,1574.8577291422118
20932142,1535.4147124725832
85604729,1285.5973108373428
25410553,1222.5383606003038
76477501,1711.3996144572375
29459273,1905.4776863641084
71879657,958.3451999425749
67115179,2099.1442152800405
82348794,2202.8781227576796
32880748,1366.8175575004607
36203607,1451.2390085010272
20891850,1196.9933228169184
94570583,1251.3024120092425
47560755,1476.0215557857518
39752876,3195.235467423512
68980243,1668.5751401355164
71143374,1189.87484844402
89917748,1874.635125592608
30461949,1367.396953926554
67458886,1081.9430485737942
44166816,1137.6707376995655
48218923,1901.7811552588803
83104523,1308.8109599461295
23739634,1823.8821017454388
45544123,1719.1847096283227
72316980,1890.1028173146722
24805396,1181.2830431002583
85045576,1853.439526518632
21314164,1757.671108715015
52842656,1071.5307313160283
12382139,1802.0620252245758
88152347,1380.4603498061283
49270171,1903.6873913523698
20221404,1269.5711550071771
25851974,1402.3501539884985
95701680,2250.26771766468
83739665,871.3505693847146
61996348,1575.5624455804998
12797236,1885.8380548277771
25554853,1234.5789149016161
72618187,2316.054162667361
77583489,1544.7424725632202
79450582,556.7743573377556
84595636,1619.3914611020666
89981949,1322.700935214304
69424476,1590.3224548702412
55064308,2267.310132354273
82956266,1620.4452949911974
60185159,2348.2130033300155
80612747,1931.1929155572946
41303090,1483.8908013306236
13517787,2000.7066967122805
34078093,1602.476409835437
69030112,1610.073396716424
61791328,1764.1676032666135
51789245,1137.7265707587371
88068699,2543.3942177841627
33399367,1301.8885094012248
79597553,864.442726594157
70695101,1596.7325733784191
98169962,946.9362302452985
89251190,1753.1640549213084
53044281,2006.5791445663408
73528670,2888.207739045249
14751149,1723.8603024393205
61490053,1538.1566415333623
51385275,1455.2369913004395
41764194,2417.447079395568
96598282,2154.289433083285
96823449,1319.4071266369028
30931247,2004.900484545697
60872668,1312.215336665247
97835669,3244.835441573435
36785828,2978.7999691533682
25812131,1437.3208894267652
38410800,1956.1007078483738
33023072,2080.614263183311
48250594,1773.8369156089293
94891015,1238.5433351500124
65307671,1161.500388135473
99621779,2036.6967669980384
83959755,1174.6001361956637
64535310,1361.4004623609308
30594968,1648.9399032346253
10263960,1416.7787227969184
60876075,1710.7661649854601
12217583,1790.7519368034573
29989580,1143.2560541450155
31184452,1981.9596728186757
16182148,1626.7100199034344
74700470,1791.1684196631475
53084609,1129.3668228575561
36052930,1375.4169675552898
86583512,898.8526384818044
10930793,1909.4913766931868
74179918,1057.369885143933
89853445,1105.890756703369
75258370,1243.0834062907559
93197004,1744.6859630042418
16551408,2218.7538664456233
36115326,1918.9351986325207
47243451,1562.398172712032
90773939,2722.1416605378686
30735291,2361.242144484138
66891211,957.38027262526
77142249,1214.2431477420475
24530798,949.6575844867348
78204046,1330.361947979678
60230110,2170.366865644048
13017302,1998.5274588442012
21044447,1484.9073169817857
28976655,1683.0155796551605
52214813,1743.819810013905
61575366,2099.013150487949
23125986,1034.1434870549363
11614855,1334.6212044753051
68090330,1772.2045680514084
31241329,1953.3824849187972
21561157,1369.0589776817303
61917300,1779.3136309267386
82147824,2734.125141649836
91513421,1314.964752213478
30753790,1522.2050742479723
33700064,1395.1602994659693
86773406,1243.991110323883
41719197,1430.143185413995
67399596,1195.6440409106722
37696535,1206.2803933191244
15791208,1423.1386324175273
24348676,1178.6705013098897
24480974,1793.9927885432617
49440078,1431.1135805542544
48242779,857.220345742368
13405947,2394.085622822578
34531671,2136.3292573768413
63652222,1561.085480576707
97745210,1577.127880704218
48557187,1291.337245268093
79801016,1284.4710978133846
93409518,1993.4457184821813
48891463,1043.7617789838212
41134793,2356.801434012121
76776302,1757.3355126250226
89505130,1410.166594539656
46129267,1394.0325299147446
57862630,1076.2359232578206
32227094,1083.0939821249417
72887559,1748.653848111348
97826236,1188.5887789173482
40250768,1770.497307075028
56765848,1130.7950201076846
11244823,2600.9389858686986
40189321,1603.874156578015
68120430,877.828790467159
64917610,2186.2286236105324
79290200,1145.8475576562428
13110537,1558.6165138435754
56816135,1137.9450886602915
27525357,2791.064822632373
71914367,1653.4995368930993
23989491,1118.5113537915943
86436168,1969.8774310737808
63499286,1562.099182401473
18619374,1900.2736636501797
52222614,1326.1325784216392
75467866,1526.7410196005262
28926111,2209.4863834650337
98661834,3094.1367178584464
73087852,1389.142142578501
48887326,2039.0210720354833
87383314,1774.5965201144443
88682579,1793.1349158106655
12617324,2393.121118792412
49224165,1367.4700873768288
69951588,1835.2100132061023
11713703,2134.356420016462
59435002,1896.919865868899
61153563,1505.0355934797726
57206499,2767.9269519902978
89140242,1561.9565022614909
95100771,2336.8089263517572
32638417,1066.7392847983779
61625712,1177.903222088335
61250133,1865.0833874687842
17952873,1444.4354463308316
14513813,1367.3913713459256
57500282,1353.8626007085315
51340284,1439.368053630941
35897956,1440.4693724762826
21856280,1715.0090025596485
36786275,1413.721792754193
99178725,1389.6458354285617
48955886,1793.4479079093378
51811678,1420.9322434850892
81930210,1684.8355635344026
49161318,1687.3768910725285
24723720,1930.0324790825928
14950936,2539.057294299542
54638593,943.752671782803
98115682,1557.7510491008834
10533857,2284.579859948121
87478097,1490.0674432869944
60429975,2194.822488421509
38969729,1672.057300470133
64656132,1539.4151326715007
86963086,1530.764022076066
17268859,1399.2026176155741
72142121,1776.4039433544258
91574809,1556.7375177867189
54272037,1804.1298723267569
16058661,2049.68337696558
74133244,1061.6955348740141
14281752,1527.6846681559148
46666867,1050.1191720367942
75686584,1539.3560928096958
25546684,1321.8273429391363
80619174,1590.0292145172814
61749604,1480.731935237204
38248391,1044.0098083014402
16877088,1139.4930832315927
99140321,2191.660642363675
15975231,2731.827079690279
40531945,1533.9928065592233
71708672,956.2662585231997
85030779,1829.7100382888793
61117487,1251.8475746376198
42638536,1807.6884457634305
82326061,1244.3008652373894
17028661,1130.620008288524
26048783,2207.812268628659
34262255,2260.3094472579264
14326462,2016.8665815136212
93816989,1465.8022478293265
23690395,1568.2453669821
94999262,1448.856384692818
81971277,1437.604556489427
90562416,1431.5654622864206
95799765,2476.1921109673
89244724,1904.4270082551789
83879641,2943.3130961278725
96424387,1716.3284693118505
51051501,1253.1574206141624
29249441,1675.5761589292529
62893412,1266.5742762363573
61417835,2261.6396407285242
62755928,1568.0945456670663
66501572,2383.3704621198217
76084740,2606.8097427682333
27624326,2021.3243436577823
86757966,1580.6916921927495
92455037,1069.246701566388
67852942,1899.6665722551363
30696098,965.679222740988
44792329,1022.008158815448
10390388,1502.397852121495
17826936,1855.9376496563546
71880941,1462.536224960709
98184673,2384.2334486289674
60002125,1348.8808623436466
34664804,1243.3664648977904
37594595,1026.8749535869388
42980815,1844.5877029413764
25819880,1588.7359539951776
16484408,2047.341435574559
91766904,1327.8319914948213
82866803,1547.6840712276742
82424284,1554.404056771699
72903422,1610.9506880981542
11480750,1802.5841951398936
96983867,1800.9872340767156
41426492,1344.8688817645054
24002286,2272.9165389420723
18056145,2148.0900899772705
72362977,1064.2040818606365
15977163,1787.6099457775197
51036186,1357.6012296684153
34918337,1917.6183852705378
20599813,2140.967002816866
19900890,1736.6718600428774
27971378,2274.7240936497665
50965403,1702.441067089153
49026734,1066.4733844666086
14192253,2529.0088884273778
76817070,2431.483641795624
41164681,1353.9547131361064
94312885,1680.692574071615
38527851,1102.394715229195
88279496,1898.9864801536485
15498361,1561.060340228034
17691622,2694.8669667556137
43719564,1295.1530408116323
27861137,1173.1058146334524
20308452,1420.0651248873362
97996598,2083.010336242683
93656677,1037.7465509501017
20464937,2216.3020392713343
25195757,1515.1240760068797
95231592,1960.8181050139312
96604510,1167.7256035320258
12888073,1258.7977194762395
99408984,2077.028048147631
65238591,1436.3529224802116
24114707,1410.6152639285092
70796256,1153.9119990415384
64703869,3298.3545082633027
35203752,1490.9299722981962
47453323,970.6829430428945
12385313,1334.1884077470213
54441418,1330.2225976652462
83549825,1120.7984312602866
20370209,2272.4305524735387
68357218,818.9442921791581
62743829,1623.567019226767
20331898,2222.507770602585
43934228,1588.122157200272
47620709,2484.278893090073
75355275,1406.7695046124065
63446649,1717.0008677797382
89051919,804.7375389550004
92954904,1664.8381629873713
64731800,1480.7861474678334
27945685,2009.184498447821
98412215,1230.3162525468722
19535502,2067.484778280586
66516822,1617.536549580828
45373292,1157.2879823755748
34711249,1359.2256200254978
48370651,1717.4752119703849
71354510,1507.291428398004
56728847,990.2865372423055
40004525,2329.011659667474
94648945,1512.3079111776442
62756732,1307.4700317084123
80428237,1637.936915055334
64878556,1731.772535270273
30597278,1482.9204514088567
40357660,1770.7573155688467
98010210,1463.9424952872048
43275959,2042.3099153031774
67938712,1604.0613616131513
50506973,2221.111492959705
27421159,1314.4947087858297
51123211,2466.3936988397318
51887530,1192.8425974002487
68372581,2073.8464461997287
31184062,1745.2616081477447
55543655,1966.3006992807423
71805162,1896.5459539333367
98612541,1546.5059790343657
67235486,1275.5563697426178
35490134,1760.5217610268699
74647441,1356.5876105046027
73962817,1486.560285059879
95192638,1171.4541650081187
96803902,1439.7528788751051
97635826,1168.8469643370458
34428942,1749.02332089424
86699979,1808.1956861679867
79766437,2046.6831556232705
55732878,1593.750568123186
20035702,2825.8937203240416
54997853,1860.408066383342
91776457,1445.2714727056357
13967606,1487.6854013014113
88365927,3187.7169903428185
92907413,1064.0911589082843
89771364,1701.855069036461
75648081,1372.1800175553665
97365061,1163.8717510754702
29587137,2171.8637898687116
22019813,1444.2205444171634
29469529,1697.6185711114917
66670735,2166.9772915418257
84380411,1957.002204440454
17040729,1824.0915559935995
25307807,1755.3403237294865
33962361,1221.92544552077
67969299,2161.2075631225935
38562471,2450.1094629413215
33114742,1836.0885166179733
54307298,1143.4183908460438
20058700,3689.233761486101
33779532,2215.6393842935586
88110162,1152.5468838789404
36112292,1366.1244611002603
38475061,1719.359030027583
92644264,1860.569238567156
92355731,2079.8372637720327
75478249,1715.6081901176367
23875741,963.9772288468566
88793850,2288.392805872367
14142195,2435.1732885356605
67422773,1979.984794225661
36705498,2367.086480689674
62072834,1768.1655044785657
33337577,2141.074100069691
14298054,1912.4395701828769
96998725,1180.2012612729288
70579244,1622.455150071635
26844678,1944.957645954398
97441250,1318.8568588550966
49239286,1678.9462023117724
19469855,1148.6304463318015
82552850,953.293201396561
60170958,2642.1102559501855
28237826,1890.3236077827664
84208342,1746.61898194572
28295140,1913.5162378133139
38477827,1464.8424310058167
54941872,1293.5485998638999
15450767,1652.732884044571
93656934,2104.7528757883297
54273142,1409.251467039554
63648675,1189.2007348876778
31875954,2082.8414742061746
60881802,1930.2910869209488
17233443,1557.072634015191
28953932,1415.0040280731678
64958348,1485.3035410693878
27038940,1421.0876359792119
25667330,1340.3812275561727
89200812,1447.52434723277
63109620,1150.8806327544416
34692595,2114.3870442433263
45554823,1331.3854091022986
50487516,2104.3415591448656
37970303,1889.875307730566
20944145,1673.7487352655312
54232510,2318.631879209927
58289637,1522.4477870966332
70295882,991.1966564129443
11855847,1344.123550410336
26640485,1504.5933607465722
92806514,1788.0520928147407
43703605,2038.0346881214293
75507937,1476.0775974087069
21361381,1515.177374099279
73615273,2404.14401857558
92437179,1589.9685888480867
57813173,1315.0714855099093
99373127,985.9760012304321
95805212,2365.897983558618
61946147,1545.7171336981469
24903202,1369.5822089698295
88268253,1364.2623332603678
45270713,1313.7934473319458
67013519,1933.272955929407
64480094,1254.5605324355354
18481385,2276.704708259105
69314375,1344.0101537869998
58464172,1992.5653119662954
57844179,1567.2055408476674
65371057,1428.26116516309
22749627,1313.0930048909886
64747851,2055.8809938835375
35545690,1873.395485068334
91575937,1533.800239858337
11663787,1576.4241814378263
59570536,3066.6023140361
53724418,1661.6949948514923
78572661,1394.4964084579742
38544041,1788.181526388039
27091356,2019.5849911998278
20013110,1103.4882709455896
11862841,870.7639053405198
54926458,1556.6685552812091
72702715,2733.8866102356924
65477001,1282.711294826465
99407693,1334.985542019375
15192014,1741.1645952186184
87232785,1660.7681919527533
76412402,1521.2384385476973
49393943,2129.6471775346836
53853124,1198.8475948650953
17486636,2218.9618077380524
64895733,2615.0651391714514
64938150,1477.7160798702353
62321885,1972.3071762769343
14616504,1507.8452478953463
53996148,1966.0553045006154
17209399,1945.163849730456
25102335,2081.8020431525274
54515012,2530.478964599701
80596244,1360.1714449460746
54217244,1316.1407932469249
29133774,1373.3107358762004
60727794,1785.9273816816683
55160698,2327.0164169369345
18231141,1859.8235360638591
91091163,2110.881179760289
52747750,1715.3592679937044
97932301,1817.3733117921224
77391969,1507.5073955181422
64274314,2144.1428342604604
82861922,1323.3940667815605
95155142,1439.2411790455517
57522876,1094.2102617676048
46054634,1354.0862389663457
32006732,1732.278651712075
62808198,1112.221694452115
60875435,1667.5156155973998
15688688,2039.5458139170219
13559129,2144.7858240654127
25489744,2862.8860861053336
55669591,1153.5162419743822
10763911,1294.575547996234
15579269,1081.4612495204844
18433265,1774.7309081753274
72131946,1046.3389656253999
50106249,3118.4036126431947
21363716,1160.412593087469
80090384,2031.0905655725119
37971475,1265.5789164700973
31314120,1686.0487527191547
73683678,2020.7517471389053
29703095,1598.4488873098494
87144591,2312.330516032921
44689207,1323.1784337719535
42450190,3096.1478294087733
92653218,1605.1554731860206
67727493,1786.5229924591147
55742747,1825.048896078954
96941026,1268.464673441265
89824134,1318.554855733945
19822449,1253.599842861331
18676315,1222.1017994016984
17316044,1116.4652788322421
81559769,1191.9365270537685
98912158,1178.8581617854763
67772871,1848.7033235279794
65921862,1733.7477535997625
12636566,1229.6944513015135
88608909,2161.1268151102763
43902318,883.4783894968102
59512038,2143.228031384904
77976362,1414.381630974997
57092914,1834.5671777606026
47412567,1568.2281199674835
17145991,2581.770637219537
56270450,2777.8366305493473
47467383,1604.6869287980376
10449714,1811.050806241023
43156511,1812.6353244450895
71377851,1751.9244496243039
54093810,1746.2723651050105
78096026,1414.3052252554794
57320154,1001.9234416657428
45383520,1063.9870112348895
38351707,1599.556225052541
70796190,2688.0155606413414
29977177,1713.5003312045876
97584339,1490.040644206061
47886559,1138.3804271345764
45622137,1500.584736380062
21500277,1199.107775198008
47647928,2202.5104390487522
54496344,1541.7401965482795
44268785,1831.246266740146
75946241,1344.7232455185485
30459191,1249.3161790008558
15840319,2158.942249990607
72588739,1704.607158657642
73017157,939.7048408197222
25420365,1594.8279176625692
55377863,1708.1019166515641
51370964,1518.0757823461613
48905468,1576.0005042085743
83191846,1712.6045524954277
59334183,1605.249193634666
94009638,2056.1806080880046
41721760,2237.304338870966
35401283,2318.108520144959
69685525,1290.1056414653613
84271975,1435.3749262200417
95753616,1142.177850766932
32526219,1056.9412924491592
64532934,1206.0676556337157
76031822,1668.4742671229415
52468855,2106.6870606909133
21028902,2435.842232417462
34108713,1496.757251340133
84943048,1141.5057164459195
84439701,1822.1072891093067
16539498,4259.125391317921
24537949,1511.3674687486825
19537971,2207.3691063402284
72069403,1324.7203694921068
84333546,2188.3594387442913
11868598,1910.1919250833791
72165230,2035.0444822995714
86606477,2826.3019736247234
85432562,1863.1488842652857
53853013,1863.8856661391087
87319378,1590.1916706363716
32466967,1264.7137287593107
80519195,834.0669165925444
12289146,1350.2280948294087
17893529,1578.6600038537665
76217556,1563.6699971003084
27323024,1657.8775236622869
86557861,1648.3511373857225
37601873,1853.34919050296
43146250,1192.6711503870415
51498335,1740.7114459190393
46939189,2205.753925755295
36620181,2706.30143676708
59890806,1654.1758939887575
19160668,1236.405129414848
94555827,1486.338594255734
73451577,1646.9029092998824
83828090,1388.9910737360726
92021594,1009.093626310532
15822386,1546.9961390625235
57405310,1206.8140121854972
22671359,1052.6647782698647
68101436,1185.257743058349
66910009,1491.2807257920444
55778706,1832.6434321550637
75120697,1609.4406844135133
12885545,1491.8736042620837
28604372,2114.6133119658543
97297156,1348.966568036875
18964928,1465.4000428871266
61244754,1615.9091818803113
45178470,1489.2742122587536
65250669,1376.7015042911705
75566313,1615.9770878320312
25053248,1739.4130652325662
71082761,2715.446144335264
25210276,1527.2334145151344
39718089,1992.6156154922414
51364178,1907.6168880204698
31211994,1564.327258337153
71509945,2136.1867423587787
98330029,1248.3835153622608
22456435,1393.0979541617696
56912862,2217.331018547733
41548833,791.2521520890245
34760776,1519.9112334346985
54015943,2523.0224973679337
75943554,2339.7765315704655
61847706,1339.5916015447187
79766441,1464.6349459178723
29099073,713.9251159289736
92971983,2274.586498876948
77042656,1317.3577729866408
41355522,1258.0923412627799
37905258,1419.2527941743804
62845536,1141.657143737894
70252689,2522.5686388171584
69012389,1011.9139426177694
55230723,1255.5013848761616
36148733,1452.3343551354933
11166306,1675.0713014708501
86661349,2182.4532593766953
39933083,1492.539843767288
91301497,1448.0861204579182
84697954,1243.8002460226232
16890490,1317.4418586488398
46638869,1204.9979663154256
44149767,1623.302987059372
18897403,1617.0601492557505
77411533,1162.026039459796
62885631,1913.8044373969449
34219564,1684.4093240157733
69042251,1290.4545489030243
24137005,1113.8516987279816
66305720,955.1460676974889
17619455,1987.8371822512609
63065642,1524.2723651788792
43970026,2002.7949789625834
78870428,1820.146982932241
72114631,916.1413457948984
84664219,1695.7542987501872
25739422,1393.233290675369
54038039,2049.744261696243
55081531,1535.1203700768292
45672847,1624.2662280945558
29734641,1420.7653678147478
63805244,1158.1629173714432
82782411,1818.495885237626
64705797,1403.2368126387637
59326862,1381.2058726868104
48549098,2753.075531752475
39570097,1253.2338436026816
98000370,1320.3225773528327
63674921,1844.9193695901274
16674336,1771.9627512511793
77063987,1507.8495726498386
67143015,2543.037327335118
10570033,1510.3320529923742
47185088,1220.4823510246779
63757190,1486.2165233370727
43453041,1489.3394424799706
17890447,2019.4713175058744
34735493,1062.2716567544207
40580820,1233.020569531696
84776860,1889.9616425533022
34883247,2280.5099526880376
75437035,1656.7273236806213
63198281,1410.998492669309
33289878,1935.4079915048203
42222441,1632.882640655028
53518898,1367.3787061609146
77756377,2008.2732473842723
66266331,1570.0124914400078
75207542,2088.717233092616
65741993,1203.9661546206212
30452290,1052.8566759047737
30341625,1494.3611913351897
10196118,1362.9732806991801
39997400,1479.176625651192
42764498,2744.7927830560966
93568775,1117.1769838097334
60138513,1280.8961045333504
95863174,1755.8030423144091
92194956,1583.7146731523371
34979379,1627.2019089239243
71517927,3117.9740071327033
80092401,924.672400025398
29853468,1042.842130978309
95595164,2488.1042272521045
47277321,2428.62038947522
95111852,1060.5126270020519
49309773,1577.3496683122457
52060622,1255.762687850624
18920892,1222.54190424477
95549548,1733.623158083163
28343921,1699.2889919330055
24575136,1325.484719006386
51405326,1406.4372827826444
88024456,1687.52402891874
61475538,1966.7777441802148
86032798,1920.2393322591581
99829874,2025.059451271602
96251785,1353.53294771677
11235918,2179.2008204217304
41084979,1705.3329818665497
31949326,1337.7725793368768
88425482,1128.7922983763663
41724063,1265.1610765124965
24244868,1757.218781474502
96443454,1649.7691911345298
83159015,1586.3837686337845
24632345,1556.3955771592778
44153806,1493.5149962103999
93580629,1059.5906850759243
53277959,1446.3565561312412
99759183,2537.1738023869543
55252816,2484.662869553692
41285175,1348.9576653601762
73261084,3116.4746011315747
99347555,2012.774732317745
70567494,1173.3285372146156
76764787,1213.0018627723032
14328685,1849.3367647606829
66866287,1270.66446615688
49679159,2076.099865554448
58671247,1722.1161996356996
20236719,1191.3280075681228
34585357,1379.3023414254983
45051453,1332.0960265428675
51786574,1514.357108957465
79731887,1273.6867715117578
54354970,1467.9268514270111
77833826,1380.749300998626
80242735,1262.1867186759343
79336488,2983.812080416645
51121070,5242.766956832752
15930057,2005.376086178119
84864986,1805.8180552422662
97820091,1873.0064060485702
76206876,1527.1301967747327
34508398,1214.8981510121037
15581330,1715.715535184915
24272114,4323.680760358815
45684128,1353.6128345725608
53910689,1616.7603619895067
89611963,1951.949556257796
19439294,1406.6962011471899
44476677,1326.4178786041173
72816714,1582.880683326386
74817899,1933.4604881358864
24462605,1492.0218325941728
62629343,1102.0949979364764
60387272,1392.250981743277
60976677,1916.7304025555861
25938630,1910.6876022470483
89171283,1567.4351372139258
23407854,1173.116899113329
84390020,1226.102899245623
10131944,1654.0027597922765
61185673,1227.655990135519
76507951,2303.401485508256
92456997,1421.6039334589232
27091498,1492.0992391437278
22015405,1573.5915054531442
64048811,1204.3924099642138
59963315,1927.9434862311439
99392827,1989.401292390716
52435285,1174.1941286398187
68018936,1284.615804775629
92985874,824.4839989008076
19827012,1248.3404152670828
32076309,1182.2821718961188
74459345,2351.7390711093904
59329650,1866.089191357059
70105673,1523.4788677608874
47359337,1639.8274700564848
27991858,1435.182769982935
36755663,1687.328124180712
94560591,1983.5553524921977
47944050,1443.819407540113
49561372,1918.4771235069968
96160989,1177.738052807633
67474261,1585.9564086165776
71965824,1863.7651950830289
13777105,1965.5408468166286
64739771,1447.3261471423998
57691432,1581.120950220705
21801740,2184.498826816471
74352185,2065.3823495309052
91521650,2198.7395005124486
64797772,1783.085219833321
48820263,606.2185255188674
14791909,2157.1122509860534
82868024,2300.4547394984693
97971853,1580.2902296991435
75654232,3165.212804882272
30725718,3753.2720948463443
83442812,1857.7693862178442
62376431,1949.8388104268456
45295601,869.584645679301
44038407,1610.2713893485566
74138589,1644.0476842769733
78812422,820.0185656470446
57253455,2454.892017781817
10109432,1372.682335278267
70492234,2038.7979988071486
16499768,1407.7084266578647
29721809,1699.2471713644627
99970795,2004.8970974248891
38494075,1774.6803654273237
13300921,1048.3686239963213
18255583,2635.975052318216
76957329,1580.5857428511767
83103502,2283.985642342555
24570014,1375.5397507469572
19318542,1882.4800878250742
70614169,1362.0949038688566
68374888,1239.063409701621
10546051,1371.087476990333
82817153,1078.4960152682363
26190736,1424.9261255823724
26227414,1285.1029239874103
55825692,2180.77824136003
65550483,2078.099263271685
14872097,2285.9280432047167
32405281,2238.520829373933
37055817,1394.374050472422
42617798,1534.0516056371057
30684771,1493.2250037409385
21842298,1793.3246015968696
44215525,1562.3788129391523
54734331,1400.7464107255764
77244965,1400.6409560327038
31618537,1821.7251682661913
10912371,2030.7318053361412
25284273,1332.8568644361537
63793006,1556.6481967514087
40346903,1174.6619803278752
14281423,1257.511052867563
10329833,1446.222361770088
58147868,1594.0662324126442
62215262,1244.2873181465836
11535494,1520.1125472003673
55289261,1845.0530447178146
93054393,3196.164298726
15613905,1296.2033321323238
52346993,2640.8029803168306
31426410,2080.4771983647074
11924915,1305.0475344334632
83461539,1975.5388724012912
68351051,2327.6468498340973
23144760,1294.499250869553
97049626,1700.7268936078146
94895031,1207.1666853623417
14702382,1505.869679951551
22232789,1514.0798345257692
14653500,1049.705351816485
45931554,1080.9826700901067
39099976,1526.1354172901638
65803003,1520.1022672960712
56391701,2401.3965684097757
92222330,2403.4276485148084
93455198,1358.1866666746598
52410336,1083.9537393234245
82423675,1366.1702742959396
25925356,2718.907080073933
88622240,1143.478204561453
37830382,2695.1825288421155
97198420,2023.011030747306
21477504,1338.3509018353411
84142976,1773.7463507055104
96401209,1569.1710571229842
18047299,1684.55499869923
25908320,1672.0463627464942
69709013,1429.6174087948402
63707451,1491.3897640590574
68674616,1675.7376434529508
41246291,1688.859588234211
93099265,1681.9426214940688
44969882,1469.3517460625485
94840571,1768.8401585221582
24428966,1576.082147403078
73406276,1832.2924722895862
74093567,885.7888776025472
55445678,1388.4619126640494
56770356,1722.955232144248
20116401,2098.598784745233
23989432,1124.5558930419902
77573883,1764.2252388080562
30955534,2118.7787732980187
46007298,1277.4710814257262
60038151,1396.7365475457043
16169663,1648.4330798069614
40454664,2053.409666089379
62049127,2218.4327321636088
19821119,1420.858761814374
56611586,1532.4512484214397
55267084,1241.916570200991
55813034,1800.6868821512498
23867957,980.2346511495398
90096160,1319.0348120467463
32751852,1468.400633023656
21394047,1087.3547840437354
80032862,1378.4649315847325
22418983,1477.4859746804439
52802197,1106.4842382491204
48673505,1176.9334591128734
14195685,1123.243721682858
22205138,1606.2136557593287
96628154,1479.8853085439318
44734813,1336.7731559484218
55802873,1655.7843302490846
41368275,1563.9671093078505
67686446,1103.120727737077
97989934,2228.339376140713
65686117,1101.388457961355
45591525,1798.4475563165215
14884094,1519.162815497458
60291749,1364.0121581882863
46418453,1487.8483265774007
30133967,1915.935240925733
30307611,1585.724997775502
76539721,1657.2423374218845
93325285,1162.1893924870478
69825909,2080.7490102841048
10220197,804.0692758912812
34178403,2678.4814297717617
67327944,1433.1877444610636
58361366,884.4209048576347
35080838,1239.7504221938066
24415695,1537.9890933113943
30354080,1608.1926585552533
24117628,1782.02196909821
62628994,1247.991806356273
51012198,1334.0360059602024
68125143,1602.129381944334
94485707,1639.5295550994945
40172711,1574.7926122983583
17647583,1840.9560645584525
94790367,2138.6618234819534
18254706,1471.6762340987923
65733568,1553.8730510141015
58357649,1424.3127558862652
42289495,1726.5083800937985
15020288,1834.8419217137948
31419590,1444.7377075975396
37233713,1245.9998146974729
26330225,1546.5133459653698
73976501,1666.5479511820854
90642644,1048.7104678316791
63791881,2505.441151336159
40102213,1624.648840419943
60203926,1408.1714678894634
36257216,1168.3209522037416
24119768,1786.0446231556043
30403208,1737.8859281850223
39737862,3542.519678917052
41150683,2253.3205978785577
99351268,1888.816423983888
62692262,1918.296876031949
72711178,1550.5698009061898
10083097,1541.8523678729457
65370298,1649.9915687304572
84388395,1257.4064494979327
52114454,3038.3694449548675
74646950,1583.1637564879345
72720701,1367.825439518591
45732529,1497.5335148866486
10509116,1894.4894260868953
36154567,1985.320213319148
46124383,1799.7290410300259
27866730,2083.314425568509
62320931,2082.9153259456502
78979954,1454.1016916544374
52531638,2243.655735884216
70662494,2293.8946286207506
88174413,2375.970534333805
21513664,1078.531386283302
26546743,1868.801967369632
89094189,1933.5248641992127
34006202,1149.4873865072339
44458405,1321.4602741921663
46102741,1940.0171571948895
80947937,2328.1220810953205
73456376,1175.9418968921418
27640503,1243.32453083348
66469621,1771.5487393741441
35504694,1587.255260051169
24815317,1133.613878433106
58171289,1675.1084196757324
18612790,1949.6329878229417
63428669,1710.3921317561685
57949817,2385.2464556946447
72876573,1419.9351225776159
96193736,2680.81060035207
57932688,1880.4999299032434
61617398,1787.0447695367964
57513357,2059.5017962293073
46336493,1391.4067525482208
56173102,1509.7587452272066
22210971,1396.739017647985
27397907,1299.920006805616
94750459,2147.352673041458
23197778,1474.3726972351815
62692781,2523.140903684926
94164438,1796.0590967050089
19395402,1599.765718815109
94219712,1745.9811938535715
33491568,1244.376011720135
67632603,1414.9300216293786
19852962,1891.3309813167803
73405784,1876.5029521216916
88192699,1456.4452022617493
29867417,819.061698867318
84909546,1512.2348013450073
52598919,3028.982645257054
86077350,1192.7779414889264
43929538,1697.8892056901761
89992133,1535.6665123418463
33643157,1348.3013343150574
40190924,1484.152033922988
97098808,1871.9651054971664
87635513,1630.1860738218331
16478169,2071.8721440303216
79498204,2034.3702285814218
62568791,2438.425525503449
36457296,1491.032533769774
29599077,1463.9447301974653
22644116,1954.7579217200357
69419691,1437.9858032522693
21970018,1747.4757280909917
31666748,1400.9223449514595
84691804,1794.5201779985248
19277545,1620.565890990583
78443496,1215.9042134341116
92759112,1395.3394765001724
49629913,1656.550111114085
14874574,1179.9967030971297
61108399,1473.676363480339
53618559,1588.2077595197043
46977752,1485.0278646202096
87695599,2220.8509875446725
68430793,2186.8362597892315
11606038,1580.7392693517074
52469720,1017.6710894692701
91726930,1556.836100887332
14558288,1573.0208613556379
98640275,1466.480936916856
82918511,1243.8753061949094
32992592,976.7654149476205
36930879,1591.4120712048202
73360172,1433.8648153935071
22281491,2800.779149211337
33813436,1514.3470996661554
49300946,1835.2803715615871
56371129,1768.4706064570287
83899433,1720.0276518164842
25827679,1768.4649581781978
16631062,1510.6488270901023
86793673,1873.5642324563987
99689707,3067.6887236990838
69776211,1404.2774546886658
55892015,1120.911482469817
19716865,1872.8571871052227
46860460,2422.913393552703
66143638,1436.2353242738704
46241046,2011.3136865797112
47497471,1702.3126463293888
38256243,2382.7299172117764
90078699,2176.915018165744
66607961,1728.2299547849489
15632043,2252.6555202443606
81498334,1689.6539992309913
82443801,1408.126785726749
88411591,1260.1756761808588
18221799,1301.0918526518144
30242976,1541.0699795125088
66494245,2008.3419497226748
49287510,1141.656983113882
83370642,1095.3574689944005
92348451,1167.2335308987738
55790147,1729.8422567144457
49423398,1819.6085356488154
39715763,1542.888668155998
46440335,2045.4094810978183
78128236,1201.8540256097758
63409672,2131.097240981656
98873842,1207.2771229720101
34782044,1895.0007419450255
70391546,2074.277914324731
76956234,1540.4799865589277
41544516,1230.3492771007739
42550648,1168.661155208764
98465226,889.4507076920438
30886863,1368.0222385838003
84535276,3256.6111875169336
54301788,1325.5417822471109
78637034,2843.649741017106
61387156,2417.2971752494946
71715096,1020.6796203928568
47859897,1222.823377790361
59800013,1973.219171889927
95293248,1450.084305186419
11553772,2008.101013970496
91107127,1474.4860595432124
66825939,900.2209534855306
33598864,2180.688155799019
18818037,1840.3939478285922
86800656,1858.4093623377833
45209421,1298.300009463429
99712718,1272.8849874319576
80320840,2103.697630828297
24591401,1323.9775240410092
90294177,1686.7133345561485
14404076,1320.2181851437063
60829113,1751.9144572173827
22529505,1748.9377907158125
59566170,1687.3270628556136
40149323,1357.4589380331568
40382936,1446.7399126770686
99300537,2226.6583716074015
44631793,1114.9043520284806
49450050,1630.653344274544
62395628,1480.3802969208548
30879014,1217.8109230335754
85524688,1479.7881152064954
87381496,2221.863764857977
66258576,2377.6840950476003
71415255,1760.163891299748
45179604,1757.0357681718365
82676573,1941.4458217235226
14654038,2031.664684539689
57261303,1931.0746269003284
69037727,1765.2981587477898
78583522,1077.8258601799694
49703078,1204.5315880811286
78525136,1272.978737781759
86407509,1766.3364085232313
33024193,1483.0421699427327
38535158,1642.4167535780464
84179400,2033.383061753658
24680896,1267.3289801699282
42024082,1669.121980782708
31137878,1220.9131025891882
92689780,1446.015906639883
93487228,1397.2193340113
27421195,2855.693620887925
27611928,2242.713965097394
25261420,1798.0936781879086
46864780,1793.3329592956786
51909487,2052.4958412745077
37913958,1511.4343006656275
74334619,1676.2673526246665
24422548,1832.2267666100709
58508595,1382.7048399148239
25087154,1791.9581987036174
76806766,1389.2591454805117
27262464,1237.3030671320234
73422693,1359.108674685827
58175270,2773.3379500703713
76648743,1722.009588937043
36026120,1254.353981639542
87485989,1906.7886425232898
88798255,1335.5678848769107
85293030,3421.1393439459025
87029422,1304.308237758509
72679949,2091.513323407435
25871017,1125.2843742708164
61396744,1427.3831363331838
63197784,2127.6967448597347
49632353,2333.4377406402527
65625596,1264.0836464843464
86795596,1203.6987911377068
81433856,1081.3204336688157
87476873,1389.5024542449673
98147948,1117.9152382987147
99212421,2235.44326254722
78236394,2158.710370806649
60511137,1814.0056076419537
37030090,2071.8597232292414
47227545,1701.0906245845363
38980163,1627.3446186975375
33290320,1411.2233473982974
57735630,2423.0681077173604
37888473,973.1498739828558
54251453,1285.9914330336742
85556127,1561.303055498223
26903779,1753.6487912417276
91692809,2410.5828246596907
32446203,1834.0276316659738
34350235,1904.5490995091388
28532174,1531.6549756609143
59869496,1299.8058599473686
37887202,1873.1684350467508
54799254,959.0820372680964
44298051,1465.4048534636097
89901990,1316.703836639661
73292166,1781.3783795620486
21775362,2135.8691728065323
36884233,1664.8081143082686
66353025,1877.59443905764
19481125,1457.5310296220894
95336492,1162.425428289543
32400462,1623.7170853013324
28975228,1693.7792948888357
11320585,2175.93144449571
32162156,1282.8755154092823
88724326,3511.49185809136
67650053,1804.335698776017
21038175,1553.4516636346139
64836379,1458.804041275021
60827779,1571.9107916609798
88997264,1870.8530297262914
44622902,1396.71728154091
85670106,1408.7943577087399
38945693,1440.4681234992088
69337730,1509.8551921877306
22890345,1990.554038551548
93106331,1982.7425890817788
56257607,2413.846331359988
42845025,1664.6098204693008
10678470,1526.6503337110128
35975743,1808.5133396558736
44298756,1578.1873915383126
66670226,1535.8068229350727
37883517,2400.0663016861104
62831558,1142.6551666535806
25294874,1813.2296823250892
34601413,2087.6487064429125
61300626,1855.9841321526912
63694211,1480.8503553059159
70308634,1847.376806465823
92846964,1618.8729148980003
32093061,2165.2570454407464
68496425,1212.0345769707483
36724576,1638.9163901278694
18988842,1995.1058913653567
44304522,2208.418303638165
91192236,1393.1366862147875
27105876,1536.1391418686505
89869414,1037.0059345820737
45877010,1904.8006128153813
24146001,1093.5823397294125
23395701,1373.0639307325548
38974456,1518.4946953491203
57842607,1251.9742404986123
51687346,1614.2464184589849
99288080,1467.1475787392778
58963406,2046.572181316094
29443260,2067.443302322516
62626422,1572.0253990028411
57515098,2020.2079014384522
61739694,1351.1651041958846
27459512,2083.0393384431195
84889146,1415.5527369121212
58681841,926.4434934514484
63593417,2337.196161264211
33073018,1395.0716294259407
18775917,1762.9173939312186
38962045,1949.7079896985692
67933426,1364.0348586657815
54603681,1694.1764311956463
83399485,1351.891241493772
64199110,1798.402225033417
82415208,1554.4794651616558
87961803,1858.7129194769816
44853010,1580.3296688834162
59952980,1624.786497106589
88562279,1074.7197453406166
55858413,1501.6063991063957
61198975,1560.6374698927034
37448315,1828.2803788701704
19525923,1282.4052649981156
35026025,1800.4306302112798
37029910,2442.798177201343
65651564,969.3810173025965
76546746,690.0950583052461
78805012,1518.6167111654838
73332787,1175.225514257632
45937289,1668.5100511599235
99048249,1193.8311216577772
29475704,1311.5890525757216
93694996,1367.7625633787477
18159173,1843.138345332524
50435273,1223.3757630724826
56812269,1621.3836466014143
10385151,1578.4394543819815
74541267,1908.9179452093608
16719195,1364.3166298680242
48754743,1395.3867789802248
18188655,2171.221036432583
32063627,1906.1151459094344
95749552,1668.2901044600858
95191424,2329.5744910883213
79363744,1214.4943526636653
47169927,1494.7449659601323
77108983,1269.1274065603986
44823862,1055.7877668109063
81122519,2732.3714184106025
18168723,1313.0870607236425
59737458,1538.115633564335
12477444,1515.218189472887
89609832,2213.928843100186
50913652,1276.9552751743731
42856249,1180.7785739665467
62711409,2329.4847737997766
67374114,1701.6466376918092
26708384,1849.2585124416464
57463109,2049.8707745866536
64273952,1173.9775637091193
56304545,1835.2110254302563
82795140,1837.1384951523419
14007213,1766.8055728531785
54415843,1614.2513591298618
54590957,1904.3138505767115
67350145,1397.2677689513018
74993313,1384.6670058571785
62432527,1971.5372938097933
33713363,1846.4749202033454
80390114,2851.3419145888975
12723951,1740.9322379074072
71416124,1310.112569168397
72440899,1509.6284790344569
60115717,2731.929746613541
26317947,1646.2651423886427
35504199,1281.3837261174076
30187539,1537.7529479137509
55346293,2369.6633928252413
90516502,1185.8382319347231
72045347,1977.7637655770257
79850408,2453.6734024880775
20443404,843.4370429702756
84501791,1504.291351870678
73999320,1562.514135046131
98913461,1323.9036287954812
37225199,1095.9581299254996
16193655,1795.8893803598764
72620298,1487.183383832497
64188152,1412.1147280322418
67784083,1996.38216663899
90552658,1607.822053080645
80748000,1055.3786102625295
38083778,1860.2712653744213
65525497,2205.300261828191
19381953,1299.532978445887
65723090,1659.4504294723645
76151738,1905.0843191463991
48225827,2983.8893596104344
27357384,1581.4110646209474
72090603,1648.553403276309
13739096,1683.2233597517768
42442381,1618.4373111790314
57561155,2229.405122318012
35942827,2962.9210533077407
89196128,1617.5397315554244
90585757,1414.2950866506746
28123361,2079.9768921868495
54892166,1094.3007598635738
34399967,1269.2258393646428
36429013,1653.4819406003992
87308981,1190.0860930313618
99529719,1500.0043253169113
22093311,2209.483692484742
81263538,1686.757008167892
71338939,1397.2895013253071
26758105,1447.633173061931
97028969,1509.1832272249685
64463656,1555.6082511554903
56099433,1823.9273964417139
85325718,3606.662961863973
44166454,1715.401637639446
36489810,2199.7140602071
33207901,964.0778895054359
27978007,1716.604700579761
81479630,1275.5462035039457
51537650,2298.4070263665512
45619520,1388.975187505352
38111175,1701.401105979692
52128949,1214.7808438692941
25404819,1829.1718225064672
76230938,1789.9709449953737
35633669,1902.1206265488884
17486296,1698.9834036135653
26823352,894.2926254608396
24234066,1768.8186161828523
69609466,2148.92864412353
44500625,1995.7611019379851
25810885,2316.813912618473
47095933,1450.1771116337225
29996746,1605.06525360776
26824387,975.2596284413999
22560248,1790.9142600488085
67043419,1436.280244143383
56128877,1680.8507344909349
78532613,1398.7046986058199
63334626,1623.9707714983906
41942475,1355.6331383280758
71572581,1157.6080641981914
31224917,2421.2920113353816
52061385,1440.9613111105548
85648776,1188.174562706819
89601046,1021.1109438294363
16315474,1638.9779774504352
90885644,1406.3582561359592
69988016,1675.1298353996092
55363982,2966.0261191104223
15084841,1252.9109983453586
85269120,1953.6798384254414
31531393,1058.2135034306448
65511292,1957.075931960114
76207920,2745.1279672450205
25765261,1004.4466221738858
99628783,2122.1937868261975
29123949,1553.860639580367
84071477,2740.600514856032
55408575,957.7311886817754
18563235,1927.904950420862
32862824,1297.7911688687002
87247913,1470.7926283382
70811397,1302.839074814112
79135010,737.0004860887959
95532555,1812.9255136226388
91619153,1910.4162925490905
85185899,2153.995197051013
45503458,2062.1598579890656
40572975,1456.087784382844
89004010,1635.993241765683
34562042,1010.955745142373
63463440,2370.341170897746
64460362,876.1156343539076
67250925,1463.5006778052145
14939721,2506.2857436586687
35310686,1522.6625289955512
71187848,779.5822313688898
61524357,1006.6416363645542
36782194,1419.6977672581838
89842273,1130.7990752189114
20614858,1459.4877963519648
68048266,1199.1468369982547
62462117,1276.7889606831966
72115510,2554.0106468194886
14057421,1179.6620107302347
99878320,1683.2683811445575
68934495,1720.746576144544
63897425,1386.3483919233188
30823846,1628.324403495044
45856506,2016.265032435854
36318458,1806.4626760188112
54709816,2112.7461278916685
58956301,3105.780681277467
61193977,2019.0654136969372
94916864,2131.881363304247
95563649,1449.758000820026
11808364,1387.1818041388744
53108582,2210.845424358297
37502181,1103.1598669707328
37996385,1255.6717707558964
53563779,1328.7647942571898
62612706,982.4031921909768
33233317,1045.458615190905
39285196,2285.896050078125
12469660,1522.8697363635554
10086272,1916.1392778826291
61556619,1010.0947975933145
44239580,1814.6672703484664
37303458,1800.6816822908772
69742763,1419.1107332307427
79252407,1555.960184000829
55035288,2976.634980763377
22573833,960.4883105355966
73616028,1861.4749258142622
72379751,1398.7375889884886
63515051,1357.9932574783122
43605274,1169.9608142023612
94526159,1814.948310868734
87017405,1886.340405796946
27785122,1358.1490974264877
88986010,1491.3962540700857
83705830,2787.779606212383
19294754,1424.3697890546382
10016581,1830.6490498570133
98337631,1747.1337499443928
96284977,1708.8790983102806
85120493,2060.7481855376736
76912038,1750.8736421789354
38273802,1496.7034813840032
31373003,1454.1008353226364
16311364,1514.4217629766688
81773825,1286.9329228624722
85451822,1820.871229537879
83837897,2278.7027447272153
79840167,1260.9650462549998
10053165,1671.2691765699274
66085962,1607.2486809399302
74446354,2662.8905956761573
71248291,1301.290129146337
13527988,2341.6961747944097
59655162,1393.8344357986232
81270080,1059.0461902188124
25459024,1838.9141771522516
57124820,2196.1413466430654
38744724,1518.4656033477875
14672828,1802.1081019496876
86208199,1268.0821089944277
60804234,2054.067356205041
26637959,1379.871810171605
84505191,1857.6592515577827
34949195,1776.2138297557985
18236230,1772.6367322654937
83633670,1897.3501459954257
38795738,958.487278694485
57060441,2189.4161247360003
63193750,2679.9695649664127
16584196,3053.3782705715425
97470867,2105.933346622731
57117308,843.7855426832639
28539736,1456.6539577881845
42854708,2597.6447559975304
74612987,860.1120862726257
18574187,1121.6223115205798
82554201,1981.011406637492
63502035,1652.9611777180378
91862663,2887.4513713357314
92211122,1706.4340992268465
31056808,1683.80319567315
16943964,1359.6986021760317
32863651,971.6659387393458
68176876,1520.312807156894
49131404,1084.3357936486616
70277995,1301.2548098599054
35494136,2920.309702688964
81234980,1811.616022382389
38613978,1932.3684028208286
58078556,1507.2560526017191
44540392,2602.8899159120833
54581831,1301.0728449530104
27711464,1270.697684963963
34639609,1541.4913178904171
61465981,1338.6988736754665
97434739,1906.1478499808086
11115465,3025.8124150215667
73204702,1774.2880528626858
43122014,1715.2105943514136
82465915,887.4189983640085
70336402,2476.5935831419447
66860305,1707.496218055864
41500458,1719.4675132303041
92919391,2294.3402475167736
99618084,1491.6079229777808
86909460,3465.655580565318
17337355,2350.1149894907453
42353664,1177.5422492064183
21765685,2031.6683312994471
89088918,1147.7196924118136
35899962,3128.281816478165
68684318,2003.1632313343305
18484780,1290.1912431076062
87388388,1549.5597176158078
90094211,1723.4773653966292
16804039,2198.5261330738185
91010086,1456.3939660572657
99469868,1627.4512285008873
37545302,1821.0345755979415
71878464,1683.1349218553476
21183040,1956.0703343224882
35304073,1894.6688276420011
50348670,2158.3060815361855
34230931,1171.6292055084411
48867425,1654.1732828792867
35018884,1390.855795473798
82792644,2919.5106827468358
55638604,1749.6338617868946
45618589,1752.6523545439727
94996859,1133.7003789155895
59711138,1274.6813893331648
20008628,922.4161011298252
74210201,1797.3524726598125
71592370,1734.6721918513501
91112168,1738.8814064900744
86979588,1893.8045243717054
77491019,1685.796535662892
82906889,1627.1089661987373
47215201,2077.981226629507
74482354,2295.36209899029
85248466,1477.7338254481378
48081067,1959.6886326352571
15387364,1364.6244316843686
49479914,1555.607838201574
67144063,2324.8158398375667
21546784,1853.486125341064
33690767,1414.1284118848441
33115846,491.37409173947634
61562965,2052.3824036280944
39809818,1887.969333115846
68123009,2570.097563605139
51851996,1883.9010157731175
14592737,1281.9994080266583
53703850,1672.690190915622
32305458,2037.3025779152451
15802272,1109.947405244775
36113397,1567.269719191281
10490484,1894.1035167927755
60733954,1712.0184059171204
99162691,1116.740159623304
93098807,1270.4652548426916
40838545,1736.8843712345858
11051825,1903.6356849610102
82908690,1549.8709437573114
71787511,1747.3500244779402
72823966,1532.265616371297
12980060,1824.0440417192624
96086415,1511.6112533026387
23697274,1878.8804372392267
51614059,1839.5228694803352
78779574,1560.221218422798
95241308,2707.772903845944
17643222,2470.2150488162415
93263316,1692.1827632945021
37302631,1284.5209710821164
87271886,2082.1463460038535
55736876,1812.75685654119
51594702,1890.5609908969152
83945766,1070.103533713127
79078313,1219.326973921828
31277810,1490.1031161226435
74965419,1876.2802230605018
12557472,1387.1385057599027
61610958,1487.8040318740877
87565891,2528.6062022284805
69835471,1662.3270047402996
50409416,1384.1303106191124
77449547,1964.2190762582907
97554546,1241.894152387797
15981479,1657.3286298860633
19522006,1818.0335634017397
27996044,1635.140321064519
41161764,1678.4551198963454
20740770,1560.795982552167
70042803,1651.974202183186
52210690,1270.4689852202998
81657059,1322.7406768568844
67733763,2292.2421058040054
19453777,1378.40908158055
76648543,1800.3832636349464
38569009,969.1321205803451
24713941,1236.7393282537842
89660454,2417.4633488791223
85740410,1569.4579812778425
86257801,1406.4964801159767
86873805,1589.5421592058344
33399735,1757.5499902887852
37535534,1231.9382299114898
27667456,1485.1983228703457
61581329,2237.6355820108965
51263630,1027.3574474129632
52033053,1387.2083549309662
90888218,1410.0357905942328
12546179,1952.264993249847
83093814,1486.4856476275518
46297699,1284.6821861960082
97044400,1944.887861781389
31763919,1314.6248583765216
16008849,709.8267539466722
51084945,1021.7846352189881
59957604,1606.609107571708
18780994,1303.3037144794744
87997537,1515.3823096559968
45685391,1680.9426875334416
44441149,1445.585646370371
14178311,2086.484942074613
43522500,2286.47387523502
91025767,1597.218262552387
92328854,1796.3314367537791
53582398,3089.0850241705275
79088536,1102.8480940941972
46193764,1236.4235680577756
84800487,2222.8935110592392
58906346,1880.4340222412586
16384425,2059.091654799033
31314423,1807.9367156871335
78713693,1342.5406845413918
59579059,2689.117438934534
51309878,1653.201859614085
18367921,2536.039950493815
17963218,1337.4544072630622
63773516,1722.3499539458383
43820904,849.0832716811337
61844633,1560.017674615955
97433520,1941.767319721581
67890378,1354.8314054219754
84770654,1993.5555858781154
56388014,1106.6420518188836
48498606,1307.716828516327
96139568,1222.4602944248752
23184000,1819.9843750612272
82435682,2930.493110227308
84725417,1174.3010655120324
80398008,1207.1501666685592
21408816,1915.8896931982733
40561414,1055.1856854968244
47526789,1719.5778965504312
34202671,1616.7832924877337
47410501,1468.4841219767632
18437030,2094.198463198234
89947527,2125.1101545769443
48179652,1187.714798993626
43574355,1269.9740437924072
93441626,1403.1017161142188
49833156,1134.7926607574948
27436801,2151.328711968477
43212239,1713.11735892282
57781002,1907.4853181886651
80452756,1754.2710485294333
69547198,2347.608975954126
92282402,2289.2237815855265
60080700,1869.6966403503482
77220496,1159.8964410223768
54095090,1784.0129855462026
28159066,1131.4839014183897
76298460,2105.2757630180517
57334293,1712.8227318524393
51349452,2582.9689747613243
57825954,1336.768964530299
75566691,1422.8620500736731
21994482,1602.7340500226655
15472109,913.9504496987813
74524636,2252.724177343585
50954892,1658.0689006717682
72834699,1567.771776318913
62999750,1429.0990727154074
33123268,3853.212825789048
66540114,1386.1362569316052
54002928,1320.508104944391
55085304,1562.894214626898
22151066,1660.2579500710297
65334729,2354.213145754869
30865724,1215.700881851258
90388666,1359.439584112206
55605064,1321.854509568895
69408128,2472.8887836393437
99473168,1794.663836261903
75818797,991.978424925826
62565025,1639.1681827874831
75143116,1467.3341094206864
47696923,1793.1881754767464
19416750,1733.4676946800353
22855194,1913.922127428668
67192782,2133.769948494682
87517475,1543.2790811448433
56350089,1735.1111912738472
34134972,1913.4625917165533
60576347,1939.2302223471772
26319072,1340.793174047232
88893111,1277.2257258388001
68033382,1913.3214826169626
94035885,1320.708616743787
81187160,1583.100349415833
28315736,1327.6506238386519
22692256,823.8266287407055
37267592,1245.574196128122
91150814,1783.0931704047837
26431305,1067.139501742029
87910232,2581.8222268339127
41955248,1553.7179582847161
69743430,2325.4433886858533
46703259,1606.448667886318
31441294,1568.570546981436
52540774,1958.518788821535
86506186,1575.2919722431895
59584539,1297.1552830786377
97314977,1703.9693297437618
96666615,1522.1267337600063
79683457,1706.5306861162903
82209443,1583.8845656190686
28258830,1774.8441921775884
42067661,1735.8549595496709
66297804,1088.7895007327818
16941404,1270.7335960814116
75005309,1445.4582750088123
24570745,1877.8685264978822
86113362,1996.7842325212525
17047985,2115.096924989209
65773050,1484.2768599910341
58445540,1344.5503796341993
48523637,2114.5670780410433
95993557,1725.4189975668778
88761628,2609.529738922028
35281082,1686.3997498478263
63427827,3195.6592667792575
38736916,1432.6687757025377
86580197,1803.3907387334214
23112535,2748.2812182849
70370352,1923.837733440885
27855625,901.1447174195944
60833031,2109.247880280402
23047956,1321.9999886784406
87351286,1574.5416537402473
75886001,1117.9115975198984
66301086,1719.8824630600777
60935733,1255.7475784775295
98414359,1822.7498165139793
93169508,1734.1621167219942
77985316,1361.4098581847395
22647726,2328.4173419161352
39865459,2676.815129413248
81994206,1304.6592259660663
62822262,1956.448493528397
85331429,2793.540753623057
75110630,1149.213228526559
51138756,2023.6753359891243
83491442,5116.925900976856
67891583,1394.6529686045924
65475315,2965.958266904865
37180335,2690.8012113374543
53617145,1774.9388450708086
66644091,1338.3943969400793
85685863,1386.2238124440266
67756317,1600.5871480384064
47286828,1282.276675240219
30798257,1698.6821387599555
55429056,1431.8878395975426
48423935,1373.2614228463385
70215654,1588.847986759064
84995114,1614.9633344363556
34191374,1142.3000301767615
94424055,2921.4671276614035
35266032,1091.1637863653075
10282778,2051.7002236784692
74509894,1488.155336507427
62379565,1681.4158898143808
69295266,1195.867038635978
19487319,719.9393448686069
80523155,1787.7213292809965
76258438,2650.1425255339996
15381648,1503.4110621110192
76313330,1563.104333839392
67909709,1393.3567693385642
94172578,1464.196692088848
73730320,1341.5339109374017
93164433,1310.716878020379
47160388,1033.6948287312068
39990609,1763.5439061332843
64566990,1521.2109867541792
91126842,2422.3160582414075
52824809,1676.100561297201
57254599,1507.9799702553632
38718331,1214.2823276382942
86095545,1501.4001085972482
47117496,2321.8993992122105
38398092,2013.866322413903
35904079,1014.5173003421451
90919237,1219.6047015081494
56102015,1167.85432433543
71540566,1376.18337348549
10011577,1457.7744836791837
84723499,1868.5984966113024
12437858,1330.7651242777583
55600884,1432.8858595694562
14903844,2101.354982574939
79656066,1418.2987891425018
22833793,1188.9879744947473
52725368,1498.0802833709438
69338616,1958.6482456833007
69512258,1501.8880671646657
96249786,905.0355262461364
93289839,1636.883344646897
89525161,1748.630529702014
25602400,1560.640647639874
82687645,1616.2143697724991
86466057,1680.365962672675
31039064,933.235502361103
38126410,2395.3145946795803
98941268,1926.124602475454
98887377,2229.040600534591
19069593,1352.9204544284737
48991500,1274.4831990854834
81340729,1295.5402207404854
17755803,1328.2190915555525
28332754,1186.5482398401198
48710415,1590.6145020310846
13552122,1915.2464197167503
67175252,1870.7379059780887
81401006,2221.175516405456
87569420,1449.847015012445
68775804,1784.1736935149925
51303767,2279.4644763794063
36907350,1335.9750229067743
11852044,1202.0044084806198
57122012,1982.741642384295
42764646,1446.0516614653327
23299341,1199.511682110404
99527596,1625.7800375552788
97393585,1294.5466165855937
43578412,2541.278265353409
98294611,1785.0704275610944
30924809,2021.2251728485494
88121507,1988.456803504623
81094653,1768.8061654961489
83948197,1871.249831222286
53707208,1547.2075269364382
72598207,1897.484577632889
96325015,1384.525042107342
32527392,1246.8755392462485
13367283,1580.4907621836746
70926441,2060.02452846558
14507496,2687.635851874728
84516945,1542.7951147367667
17478153,1346.722134927963
83347951,1189.262370190496
42507501,2628.8738886919714
54322410,1339.3780903808852
51129418,1956.7060974385433
92284337,1092.6472534220145
56191305,1123.3878793967544
69717201,1370.4590424515836
77803958,1621.6505687584574
30868541,1020.2066006922005
21948362,2151.024339156559
64597726,1376.0696518948876
24753315,1364.2883675528647
83137150,1167.897409472329
87115344,1636.459184847037
99984175,1665.0784304629547
78503238,1553.5742377646366
56241324,1901.8444838710132
44979606,1203.34892788709
73782771,1771.203865705293
83259646,1652.2596352648195
83615385,1292.5518679418635
84238097,1334.5535136960734
90104229,1854.3578115924513
47165230,2247.8685811609757
90052115,1113.2313391152586
29318397,1753.5372351908602
66821977,1855.2859421157912
74914365,2833.5158814864208
21821045,1547.7661006070205
78077361,1211.994383784645
11290483,1726.369324320484
18150280,1568.3039000673116
97190006,1336.6412952894325
23716973,1623.1964439668275
22402268,1903.1146189837211
22495547,1495.5312835894695
62732805,1318.7976259596767
35149813,979.3951688060909
45074208,1462.7852873767854
16930048,997.7454526288882
37034316,1239.6953913860657
41257506,1195.1220802560608
37119194,2879.163365785863
67834562,961.9586620358884
34524417,1917.4872538987927
65917034,1478.3126203777763
89187031,1333.252323729456
38918236,1824.501538661167
15343670,1562.9838778947253
14075655,1399.6182399956783
38174910,1938.3801749113165
58723158,855.351561608903
60249533,1745.4840868012138
97281245,3139.9859771905867
72949298,2602.4666699226323
15101045,1219.218442177063
28123842,1446.989291585264
79777819,2586.1655999028194
49207880,1678.5016454747308
80546483,1664.773417681731
64032695,1428.2832261175708
13192282,1419.6155848941225
77309020,1653.7957822064734
61977302,1624.0627719983008
97344057,1620.4444865315386
30586194,1429.499482078835
56677229,1625.3508981709858
22130117,1247.8469900586501
40261245,1837.869120508949
30166032,1687.7004283836889
77089984,2123.043010091578
26878900,1301.26133567899
61371436,2072.787269448294
42742062,1811.1425158278798
95339974,2487.048412005308
56107946,1699.1883804179918
75011328,1614.7006005535945
72662754,1392.985006273721
72203106,1018.1659414512321
70496852,1636.148295131052
13201993,1512.6848629344522
78164844,2077.265864066155
59342403,1530.6895954153158
94540895,2049.723621490315
46539631,1569.262827041079
72239923,3034.439727549511
87927143,1512.8592991426037
58112642,2039.7632749858114
46348606,1100.8258469969594
41028863,1562.4412886532073
24368370,1389.685063175408
29933781,2449.483569830055
82791847,1666.1284174462728
96015529,984.0569046410819
54561874,1519.1311875459162
53184693,1068.7604521498452
76671373,2300.8595188100717
63611357,2125.7288133836137
80706420,3533.780512392843
55017743,1947.8021994696962
80689892,1762.860604275803
84469446,1591.2173987938497
23226721,1602.5306293294473
85084580,1474.2807473117348
80669002,2184.9967683761647
65745002,1699.2391769572862
89007400,1568.8790423471758
29824422,1923.9490256179472
35775431,1586.8914620225846
14074630,1217.7888932642313
72325201,1386.1040530561381
23874500,1558.924184098213
37300173,1731.8459508910657
33493494,1874.1502583247786
30229764,2648.163527622518
43966954,1967.0587622600967
27845488,1559.0006239910372
37461765,1994.6333467000459
54994083,2014.3253737275345
73747516,1592.0053282576207
41276058,1193.0933703632575
55912598,1375.1742402453967
60686267,2193.01902723033
32726148,1776.8605013491251
99279088,1271.2316461084115
28728541,1529.4207250734746
13858737,1560.6924658122912
21895570,1897.6475805239313
76323759,1662.6232672187855
79038940,1108.013639193946
29272847,1339.354227415645
98713132,1534.3981539724725
92394953,1693.1010179776126
96580365,910.1614057055731
44481344,1216.241049405551
16420037,2206.475286634892
93921984,1561.7338632829142
26481610,2302.9256066103117
36292815,1474.618762812852
77806189,2008.901625896314
75958945,1220.1228748382912
65456150,1583.4141618769713
80743824,2330.9626920205073
49966934,2211.4368625543884
86026791,1387.620833916864
85816309,1062.0509785058518
15568874,1951.2787084962938
99556884,1722.450274653347
27514144,1610.893186327551
33950340,1636.8896844961425
90674412,2877.649294476483
31688776,2076.629439373958
58380703,1394.0615063924117
59666638,2176.960378347724
28858647,1737.8976929854557
96281488,1314.7292813895497
81757957,1963.1304573667808
15387606,2988.3710157683017
95978588,1138.9733192494944
38876766,1533.6191256655773
97177476,1569.19539774941
56304916,2187.5339734516847
94447504,1533.6192701081175
12858830,2118.429313542056
29325031,1716.4610320011382
45137864,1236.4472970346624
40574206,1675.4531237043109
14671172,1239.3040438070004
79393183,2212.7724166371986
73490914,1134.206589235906
74160460,1333.2816618464685
44164617,1043.9871312331309
82646950,1898.1552547714784
13359174,2520.527949518333
75134927,1069.8044620026806
36042465,1298.47389778669
83839627,2013.6851445174505
23668396,1841.466234944613
75299261,2321.8991945511093
41480775,2106.838169630637
33690039,1958.8122815972886
22503085,1427.638910334598
37466667,1330.3106833994304
14321282,1403.067326832868
71351933,1758.996629467296
87081502,1113.9506842974038
65472553,1539.9985060439137
99213360,1719.255372259525
10832464,1310.0940069930236
51819797,2047.610759381452
75955259,1884.352159289819
88647663,1624.9976899173014
48629803,1451.3832780416037
83286245,2002.2929845522672
88766577,1211.5593351935026
92941012,1642.5185144496602
77129657,1794.4840322351065
98212477,1459.068818554737
47578988,1279.4420981734224
50209960,1509.7520900520708
34219777,1562.1843807161358
79439231,1273.01860843155
73635146,1897.4009693779856
64910994,1678.186136031122
53834693,1019.7301985032782
11363592,1934.0188274308928
10873772,2737.111799416217
87767702,1921.7868049636809
23454749,1461.7191578402883
58196808,1398.3349571392398
68491285,1740.3218632874086
92242279,2802.427433534823
33507598,1637.8265099795403
31155680,1747.4246107279432
69782815,1322.7199100073537
99510246,1651.5748283500516
76945883,913.1785913666754
17094345,2089.8501971531878
46337525,2112.4457543529516
28488983,1157.0267657514846
16761031,2848.9460388770335
79032271,1114.1205616183
62295468,982.7730978918469
34239247,2005.4765223640154
13382072,1508.9191425034667
22594211,1835.2869680903334
57247913,1191.4507891751207
91685716,1556.862653630764
17466502,2021.465780498824
33964749,1817.2048955167757
51427608,978.8778824369249
24310192,1167.46660475076
31116680,1633.2170054958256
11417356,1885.7421584113629
62762079,1397.630347724148
42671255,2051.522379834901
96926020,1742.3070562171793
50275050,1800.500400054222
39760605,1477.3652220902536
74898826,2878.6458478163786
72916922,1333.1877547254335
15943032,1318.2220013810045
74582816,1785.9469480572964
59875250,1961.3445657956051
80790659,994.0008992563423
19888418,662.2659958246318
31588130,1013.0749544336745
66158465,2132.9029829785104
18800645,1658.4305180502188
64505218,1487.6402679667451
56056799,1237.6401979883312
10374837,2067.4918160847546
41300143,2518.051613544847
78621253,1335.313334321972
11141195,1568.172216956748
33865847,2548.427111259586
90610974,1051.062436700842
98930552,1644.6293234878203
12727530,2218.3942747511537
52930535,1565.9814677976226
93753865,919.6884142723793
70595210,1789.333161744152
86025280,825.4470066394069
78663509,1654.908471413607
21322626,1421.6058442474748
38172344,2110.2094466156777
12467923,1883.0429452619915
59832255,3776.9272611966167
60019461,1754.4600311583833
36274445,1264.9663108527252
35417851,1360.3994980089485
24997453,2954.312749967902
83094532,2907.168066356416
90174488,1686.8731852910582
71319002,1157.168046596963
29621396,1403.048488581901
10011880,1513.6017292572692
17190126,1326.382709000722
70424510,1588.115700232087
11417531,1280.8185151550258
27554957,1688.4679040392061
13689480,1123.6134936736478
69613512,1505.1984116162569
74318773,1798.7521874962372
45221034,1575.6918960450491
12200305,1335.557292997296
29052499,1873.9593021358323
91168920,1900.8882729997329
99587330,1039.356489272913
85493546,1455.745774698235
36510260,1613.8188961972874
40370308,2014.0014961392103
89123563,1465.6416059400822
68894033,1314.2701541565868
73938236,1929.870810583891
25242707,1210.687849032447
87339346,2228.3740062616357
34182148,1178.1839831371656
55488547,1342.0104015196168
58799207,1470.3515665521122
99415472,1453.923376906606
50374353,1763.0375004871373
44632960,1264.2950357805944
46918499,2183.959934410739
61219752,871.7267620814237
57928854,1358.3881240429405
22536598,1301.007574903538
69936903,1390.981130449701
69696012,1243.0317201018186
75807455,1385.730656543749
31557332,2168.9221101809926
98503124,1091.487522520747
45347570,1648.1226638938233
91321804,1798.2758080626127
56392111,1780.5309738704675
86308272,1084.4522643098603
64596791,2162.8584035596677
80652734,1771.5293718901876
15067372,1801.0326816253528
19485124,1561.5608621915337
14453004,1120.0269179224952
26285533,2345.8133023446608
92838656,1563.0291081292444
37408293,1667.3415789746937
44619550,2029.7072440249406
12229798,1350.7506310157867
19471907,1356.5831878548524
79387412,1127.4230576028726
62896852,1703.086154522563
45934349,2299.3563187210734
16860511,1723.9402681985277
43506983,1487.0341368944141
70740306,2080.264372304273
92814410,1355.914182812121
42104710,1792.2926713275492
23656647,1251.8554320125124
16622582,1673.6371583173036
91730318,1444.5615158162639
71502047,1586.9224057185454
62198081,2694.9017306563587
35586426,1560.5447218837771
73159054,1260.14258176942
72932579,1371.246302040081
15860553,1664.8384886558856
76499202,1236.5048560651842
49147306,1138.3531892841372
66173222,1453.4299454675197
36048465,1733.2376154936028
58226162,1679.1142880576463
75348253,1337.1314153986734
29406516,1504.9805823303511
30120831,1332.6568004085334
88886135,1498.189367871692
90716300,996.9504738830476
12118186,1657.2264568477142
39388114,1609.0292654084808
43348151,1466.6222884740182
70648988,1591.2542321367885
89828759,1507.8825097689457
25774436,2367.3668042751137
56166234,1237.8921650978723
46207048,1307.866799099038
24260337,1603.9144991377245
43372122,1294.0210584207239
99211792,1439.1093259574645
72425048,896.4111554128394
58848576,1548.6077242565068
69451066,1008.8740592612392
46571746,1751.720129794318
35037281,1308.6097678905965
85573733,1386.9357524416287
85004009,960.5203857802696
98713147,1723.1653887212724
99574842,1182.4346737430926
56403873,1070.8310455704277
79242881,1674.298447910252
58458582,1159.600068443587
68482067,1221.2756412836604
16690135,2102.932698309616
15173091,2157.306552335167
61448444,1537.7355931983623
69237042,1069.507806777356
85145895,1120.3755574974348
22701271,2526.51933431062
39148372,1380.5676809539023
94500108,1666.2792779240606
68415143,1309.6916560551067
40595467,2024.0326217563281
53076141,1600.8685732108047
73641861,961.6239161030348
48605668,1654.2455585045905
69923530,2158.9826352255404
49319680,2030.0006067758234
45928049,1821.6267782846082
73814109,1244.5045280780637
61386764,1624.9671166945177
67209776,1402.9328458179382
10596331,1338.2469073121304
14387887,1724.8426751072327
66568548,1550.3212875843515
59240082,1642.5908679845195
35040177,1613.8082128587098
99480365,1459.421134481218
68333386,1420.9534795785723
95572882,2065.09977871087
38132096,1729.3683090751795
76955826,1810.9789391038648
17729676,1901.2009645807052
42211142,1355.4818657724004
20158681,2459.3709990550174
79393152,1390.7614151422595
39911125,1396.005216451614
88836366,1736.4370024042835
20409154,1733.1690753238754
15026679,1584.231690969846
42131515,5065.780556473652
54650905,1527.4297712230139
26838390,1405.82584047481
65068346,1326.571918219076
92979933,1774.4064314488924
95452518,2142.4226038734782
38822689,2117.8845887247103
46355252,1928.0418083513441
12444224,1945.1533385443206
42979270,1269.1668814515958
77573762,2352.8113290109186
14826829,1669.9824244758847
28709839,1905.0549174670157
18829646,1914.244187847428
96568537,2181.428439997465
56829547,1659.5780285398587
93979772,1921.8178610077773
17626588,1544.7474254990416
34011504,1653.9954753359584
52636134,2215.0962953741364
91687348,2053.5144553280375
36508418,1671.4352732624975
82621948,1228.883264875339
89318730,2645.9233961702994
98717167,2116.1396475667725
26278873,2163.929169601008
56823412,864.1868580062253
75609163,3731.091960512014
90104725,1793.0975160979667
75874553,1874.83623709342
48469293,1903.2194007618828
70313722,1815.5754432634737
48269879,1516.371287929569
30338233,1893.976558942908
32779513,2288.415935841105
75548478,1429.189965990833
38561257,1880.6430830486768
10945373,983.0207282289591
15756944,1504.8725712672765
46940446,774.7904642221079
24659465,1377.5124588625004
88948806,1644.066874868395
34164402,1449.5146258350053
79477391,1861.3907229209085
15537006,1754.4150600022542
88911942,2029.4700479377423
96378293,1480.8731556041068
76422231,1670.0650447695912
12309843,1381.5998350354466
96239148,1324.9905680109948
86466781,1621.8130788304927
49050128,1811.929549043696
14724818,2565.056148978242
56683970,1644.9667400717096
98393974,1321.3196226602442
84824034,2348.8011815698023
92573067,1538.0114220658538
73226546,1866.0502590073004
61358064,1159.765333398705
59398688,1872.2604149239335
14969480,862.4863821185002
80588045,1678.2397820471426
95597071,812.3587957958564
54836005,1266.0614145696966
23220441,1870.2301513747718
59018993,1804.001231330097
68425900,2792.2091197018726
96400633,1397.8883783072154
32664783,1407.3999346087683
37951383,1487.3817578824542
42701020,2040.1603673258805
23132709,2024.4498879261698
36039638,1529.9532239743762
14728562,1633.7761355417072
62765095,1668.4057818781832
90518206,1687.0856415670935
99330676,1550.6339475914197
54002963,1866.9828496254827
80024301,1168.340741666635
83450392,1269.0917087249793
80827964,1304.3699471143113
22623823,1419.2220488241187
85154401,1347.3257525412769
92409200,898.8332239847466
37461274,1712.0615029033545
39412052,1847.6485276116978
99188219,1146.9052380277765
10533163,2240.8361764223437
16576946,1318.341863306251
10571061,1737.7667815576326
11502784,1130.2703056161602
10627022,1088.7816700420074
66112731,1603.460097048939
12271580,1465.552053870687
19300863,1806.0981527451615
42301466,1321.8832416348944
93227392,1535.186712996461
13989390,1385.5427704870401
83189444,1561.256242992756
88982820,2182.5395112542114
86309809,2478.4995686331276
93812427,1305.9033948509823
79351177,1711.616744133739
73882065,1653.9690458020573
85331771,1577.7656311417152
33746879,1476.4147168581428
90357052,1560.1082034473031
42998447,1993.7036313973822
42297649,2312.8975573143434
74232297,1550.6032842316793
68234963,2276.98106155854
79955240,1162.5993306251798
33685499,1437.7606057572493
74031111,2190.2001199664774
81527691,1821.2010737702246
25578339,1417.5895862050286
36826714,1311.5376132513738
66720469,1291.0162308950062
58271754,1135.7810282749417
79175453,1520.673174984484
91006186,1221.6006943756645
75399510,2121.1020161289125
65438642,2487.016887843506
72193555,1281.910746192079
52661224,1710.5043911454002
40274658,1944.3543547274207
63582038,3053.2362817481435
95316180,2377.22267205635
31722576,1492.246506179926
51439680,1809.280039737701
92864642,1571.055270533812
24588628,1613.2487725274755
62383426,1424.6622412528022
91245064,2402.839573539317
61715372,1713.262566631604
65148106,2283.3434795130515
91441992,1247.2007977641892
49274969,1838.3776258932255
33917232,1709.2217102951727
83235081,1895.8578853572735
40753215,1696.0733825754758
70796627,1279.005864329649
73931614,1125.6098784227756
56857736,2728.2116166459246
54064504,2042.6511153268782
20389019,1210.8086026051735
57574601,2531.061466703622
16478279,1330.2057854612067
68356151,1865.516811429981
99711808,1885.9680002665427
98284968,1589.1889070064422
30598390,2072.311372721942
55132880,1907.417831497976
34163532,1445.5268447269702
40857770,2275.9399276904733
79839486,1258.5215962785703
78134573,1897.2898398816228
96251286,1743.7976690900173
46606815,1832.7497161114209
53204628,1168.7638717782277
39264189,1546.1947494875753
66917873,3547.0948125750633
75228206,1752.6330666623742
57466748,1857.2410614000735
75500440,2057.182569587756
88152254,1601.4808663972476
88711927,1538.4719490252223
71935730,2851.0314177264618
11714210,1003.0862078568462
99304127,1610.216344999277
79629484,1549.7593552317553
64599027,1267.8383745830101
71633685,1608.0537646521946
14342958,1707.2803164481006
27958253,1729.249235002545
61174518,1386.8367790005477
74916891,1609.6738609623212
72753968,1565.747904534443
36262662,1689.4517731539017
60917615,1452.677002148
99306721,2311.840546205103
53075886,1332.7418927904603
73928511,1705.648137791433
19965325,1147.9635869093943
54826574,1731.2861244424769
64209168,2529.9988962983584
34147586,1380.272575037347
98269123,3600.623161007326
97467622,1778.5607703885903
85814087,1365.1241731509838
72333580,2832.2756818181924
30873738,1343.8986416694888
10331403,1376.4530962498357
35344119,1774.7694253549762
35769080,2631.2407166162766
21575135,1504.637466406654
75304823,1360.266211788141
23401574,1138.7217947913882
83090193,1702.7394464731995
86996430,827.4469126105025
99751646,1221.313026335726
23591049,1757.5209143492743
81709576,1329.919652055572
82444468,1933.4855040221246
38288153,1944.8975792697427
87446209,2530.783415994316
12079734,2379.7746497795515
25058080,1463.5398892377652
89691662,2534.538258970101
13150938,1879.796174597358
36020495,1999.0465454880118
54923182,1657.7449772387397
28841079,1348.4811938081502
41392965,1098.8825573290487
17119564,1772.986727205918
57430704,1583.2537136437722
36272284,1563.5594157378705
91925114,1265.25099566642
74412922,1920.9696718545786
65743046,1601.7354884118984
48653211,1471.2417594538906
36332370,2314.906159424208
85424579,1826.246004333463
95090269,1151.4868354388898
95971802,961.4082686564286
86256336,1292.8781820347597
31156844,777.6119628504277
37688219,2624.4777360313087
82437324,1539.4812817693428
21950676,1766.9138965802006
54094553,1451.256972122126
74374536,3191.5031862896094
61738687,2030.1274960590702
19277250,1606.7292776899615
84311990,2016.3949027695
94274494,1833.6667211224094
89122239,2758.704735435436
97119289,1174.0576760925599
29959537,1310.070143498167
22777840,3449.994603080149
39391011,1317.8207758651577
15127918,2187.6466623611445
47251761,1247.559341170238
20023773,910.9014599226116
96682736,1232.507965224126
12309412,1683.3797355875524
11517944,1419.4464005105576
59425514,1305.2686674642441
28854961,1435.8661406332455
63750719,2082.3487782596203
69531684,1317.8807499729035
73516640,1409.9124087681919
92500346,2444.0221231866108
66124065,1678.8575690341465
28886163,1417.240875555363
19680706,1967.9567508559178
83673598,962.6969190247976
85519237,1540.5517929613025
37110854,1524.2712080524955
96010780,1900.3275556923224
51391268,1250.8611605727456
17655078,1626.6170839291315
26863121,1101.436817027758
30839269,2342.2661336861593
22418770,998.7722008424726
88029081,2242.438189378534
27689636,2464.843756305919
58431423,1669.1747519405624
43802347,2606.1177453216296
83961382,1088.572945804244
27938336,1222.4137009621115
35978100,880.9609702037105
89319775,1474.753831179183
30362974,1378.967559469458
93105032,2322.25626676921
20314268,1314.7935964191504
34550012,1412.3930696783257
28077484,1617.736969535762
64656384,1484.074058380117
48022436,1529.8994904225049
40507726,1777.7780215217163
10314144,1344.020608610213
81012787,2194.6930849545884
45672873,1743.3575024086938
25759428,1683.0378122352654
13512722,1235.19511859943
96070498,1406.4067884579433
21352279,1303.2194789847372
54205490,1530.1841115687184
44645119,2586.6017761511052
37332321,1333.9732166970325
54601842,1461.6487714610214
60801709,1401.772008388588
28903523,1759.8853165946673
79159760,1473.7873422550088
20416757,1169.6578220276028
38432201,1274.2733755606473
60739859,1921.9007984804894
89931987,1697.7198662511114
60999736,1749.3957089537084
43182602,1333.5859837626263
89739478,910.7507656030425
50450523,2063.7958515910436
73950928,1386.661564534823
12330781,1112.1679832816735
50236542,1763.5628429312967
34912503,1403.213003533732
25536468,1679.275516916651
63776599,1242.7336398920606
56389530,2218.8697856648746
60881312,1173.6211005220516
94656046,2634.9518264694693
84143693,1464.4311070717474
60768240,1760.2594935383013
60458308,2219.0797300385407
53948557,2017.8464158797804
11612817,922.4412437132753
71889062,1241.3998593581243
77172079,2014.0417387512932
34222625,1831.8734039560895
69965828,1255.5898642482655
94714430,1582.8926178089635
71961534,2023.9126611153724
32936108,2035.03027564613
18431618,1156.3686887455062
13548537,1052.1273704230052
86674079,1435.8584747144416
21748194,1890.868580812042
40124541,2309.4209178406036
33347811,1521.106787579792
92929218,1583.9976796889796
72190892,1436.2685039343917
66963455,1547.5711587294388
96157867,1091.4074778737927
15254705,1591.517444820592
89064766,1860.1052218844584
85305349,1345.1320366201323
58781934,1391.6444735035539
42553797,1091.6097148625104
18721533,1309.7776230266788
58244383,1829.9834519024093
13696896,2179.494168596155
65894339,1686.7262650085754
61098619,2612.8934135861286
26018756,2256.4014935599293
59479424,1619.392507065298
81738781,1698.8129210203094
91106215,1325.0007669475513
71223563,1161.3045849482708
95945745,1561.5166389208857
91424061,1337.0451239240638
67135880,2507.5418200187296
15528553,1554.7850690343873
33657705,1465.9072364084166
62553289,1506.0583571024522
60993054,985.2549992045658
42800613,1422.1426667196172
17769800,2696.5271265288657
21401202,1501.323855705854
52155473,1106.4137926630287
93304650,1321.60318845832
51407728,1378.17284067401
89543732,2190.5810009824827
43419947,1878.044465930761
41488699,1393.703536362257
60974422,1559.733854058741
65352047,1157.0758460085963
37012905,1068.108546291135
14787203,1588.2185540715666
29417973,1544.666416359562
19835446,1947.147587400901
43255500,1019.7593466690043
28812691,1513.0245826750622
18722953,1365.2361051437142
93227004,1725.669942054209
35371569,1758.3254243090544
12076594,2279.442354208889
17330331,1764.1099137090296
70946197,2276.496942533394
44132847,1721.9104615475683
77445263,2037.9672899858613
56880921,1464.165168598615
11480304,2502.1757564205795
44407005,1952.8394717512328
57603851,1339.3241147580184
36951093,1607.4114248415772
18651476,1039.4980069509465
28758403,1909.4310530887892
29842235,1448.0067953623732
80915194,1341.0562213368971
87361082,1858.574721754589
67711479,1252.7470734833723
96493355,1404.712085533552
60783295,2303.638719026163
56178874,1272.5315915582366
36921713,2439.562813660457
48581624,1414.429583499538
75576141,1311.0479581316667
20755403,1101.767404651423
52097748,1686.322174140545
30927924,1199.2105619361787
52924618,1603.666504141621
23083091,2203.3259018484114
10593933,1591.8062321030036
14984647,1801.6091369414903
50764768,1150.3246694700574
42909851,787.9738612860097
47962891,2110.6089441012004
24155862,1992.6525957077477
96222874,1265.6803836049614
76243625,1664.8538650537735
83785580,1714.4276669528208
68046684,1446.315853927435
35026518,1549.0311274453811
21144795,2283.593987479974
42304823,1759.5465242646178
32449171,1749.4786206482083
67804951,1527.9605166209174
80988109,1276.5798339344979
31562948,1335.158325889358
80571715,998.1087212431189
91879270,1123.812900937251
80331872,1977.2412969924262
39788137,1859.6129909647366
78186126,1726.4778380352739
34300076,1753.8138028479968
70710711,1390.4729914331042
19520201,2112.598925140694
75968232,1331.886222844903
62441830,1507.205355782863
87704160,1789.30663415514
38039509,1986.1498512133985
87299257,2417.682006823955
34604480,1504.2175739085644
93559487,1539.853992365633
35225951,1439.3120645695974
80500038,1655.1950056495518
88587318,1344.3321991389316
72460444,1588.6385885630532
28502361,1799.3371474050937
91781888,1928.3471077361753
83528344,1518.7104132975676
15266445,1752.3479436417913
83532377,1197.3807103708655
74780110,1877.8286184493188
88664511,1417.8265803953348
81767501,1407.3374705336785
41015579,1855.3236714495924
19338404,1867.5179746863296
14667759,2001.922403172348
66260119,1523.0959581321742
20542479,1687.093723402958
54097170,2633.5570463229474
35669653,1960.5873311983785
94127563,1144.6147534238971
81488029,1849.219223317976
93329952,2394.252412817574
57217043,2350.5704144137253
65522547,1516.2437830324743
73695068,1613.848081852101
13539769,1304.5556615529338
44056017,1551.0790806402113
46617581,1382.855591844977
68464888,1690.48933039321
45303083,1257.1542728551772
86984156,1631.2305872131008
56630529,1290.5737529736741
78254395,1165.4594988277963
30913049,2121.239221241053
82688614,1346.902842097178
88893045,1367.7141978425996
94639808,1683.0725571995745
52742143,1499.09535418604
64260968,1509.6571245439304
76546956,1746.0419305117223
83523035,2286.748256794272
11013053,1921.1519236043684
44130994,2055.612747751446
53796074,1266.0566131625976
35498168,1833.5835403483645
63562445,1181.0274928434849
42365113,1648.2314685372198
54613679,1358.7090974928299
69835682,1078.2884597285847
40747675,1234.9414084666482
37071709,1380.9180828262924
11644754,2485.8756400254547
29456046,3140.475743314675
63575365,1190.8792242298123
62030210,2972.0156997318745
84640048,2242.5977953282586
61377846,2266.782708567186
72441550,1445.7649981140528
11270022,1591.7837085553197
70261792,1741.8181349684169
52404988,1551.6727616848164
84003906,1969.4126368848645
31204633,1093.4090384656117
75242666,1995.2747897015265
49434528,1649.8335926414375
42863318,1571.060005335465
47571305,2292.126891835115
66490879,1291.8203328553136
82396141,2497.8857834488326
96803616,750.3361866530506
10584088,1454.1290173113973
41994657,1761.4800522834853
87186973,1865.4054563188072
71213873,2353.710973638139
49764305,1597.5617221606387
43725149,1201.112353523427
83812129,1704.0797739131935
63290164,1550.9649901037671
79318573,3117.624217207798
10844028,2015.7945070942358
19798231,1246.0272272193947
97056407,1171.218633745798
32215003,1665.4221672920205
94765090,1381.3492492752837
47235057,1721.8940226490251
94429036,1808.704793821283
19267342,1452.1924710899639
79884507,1628.1202683685735
68548734,1612.3517506183987
64679483,993.8447370311969
99761027,1393.399084714281
77538039,1657.640053919191
28035639,1694.818052752009
66579510,1468.8861656285699
50333547,1236.4290986599854
30957545,1748.9202463504905
87343589,1322.521503264316
45470859,1818.591512689331
57383256,1088.6692693249997
62753404,2368.092176109836
65906932,1692.574141082445
54060112,1704.45366030683
88317327,1115.545506206219
46875481,1455.4114641712736
86614127,1255.3932046880159
91675434,1772.0113530350338
83895227,1167.383050900709
86365373,1834.8522145851916
19948626,1339.3793288727827
79630167,1458.8026322638068
89106944,1209.1361159133692
46083057,1652.0377209046076
96150610,1481.0999918044797
35015883,1521.247898997882
69747407,2044.0719316850223
55538576,1372.3501938907243
97411049,1631.4807672093582
11519556,868.7535382915376
81677533,1277.8894192888063
60065328,928.5091637919636
91824420,2289.1556790989102
72549395,1576.430078715867
75208950,1298.4833083641925
54258616,2284.441922075883
28371507,1482.9919747488777
33800661,1657.6628499168476
94718676,1103.4059308438373
98426094,1928.8918576423096
41019343,1874.7838457288458
55953203,1924.2248552405533
97258831,2098.33638477125
12406914,1346.4559388269768
54260975,1203.3850933940316
17839314,1687.915428232512
59228162,2246.1521067702347
53104947,1658.8757502763967
13405871,1597.8190534994649
30540873,1860.9755051863194
10681459,1592.233121796299
88488173,1636.172006888648
11138134,1409.7621776261058
55965946,1736.5651207261787
21024415,2324.7918611725163
98633407,1303.4061071918247
17665044,1804.6026922602337
52365929,1365.4200071631283
45919010,1380.6554375715489
29159751,1651.5300092257676
25938815,1485.9221973466078
31864619,1627.0818617859761
84907440,1733.7873422464409
55408023,1979.2490761198685
97513676,1201.2582964749918
71808636,1653.8804845113455
37329985,1473.9147851543198
66719590,2062.78085706706
19832352,1154.5134867434474
63673893,2064.8174769207776
54185196,4467.9150812042335
66171184,1318.4801662829468
15702584,1471.2933595059899
26362681,1347.7319515415709
15300602,815.0877333333844
54091216,1822.2499264871155
41649165,1507.131444297695
17221791,1403.0870456081186
60925601,2186.188160454678
98579259,1653.500001047144
84327985,1357.7263076537147
42373455,2778.827421637192
51759034,3510.173624607036
57369993,1224.7298529010757
86174456,1921.2212551929636
40095064,1214.0294145085809
36904267,1197.8638868037397
95653857,1478.8827444195506
91047161,1288.4641261173506
24858933,1268.0961401651548
43668504,1590.7056090666601
64688863,5484.365554394111
19394328,1555.0437571374962
90928544,1884.527828433321
54501975,2965.6845133355114
55816692,1434.140348346029
54235055,1483.2111550104862
54802075,1777.74631308568
44582261,1451.2522831930048
30580440,1300.6655608456479
53586985,1551.809525857865
45293131,1845.6139985696025
61623792,2155.12473507293
12664255,3991.89588196757
99282552,1709.6834882846567
57422029,1581.4106125207998
95049365,1624.140162430726
44630924,1659.8282525498541
59932513,2710.504101229551
79864196,2443.0129935200657
38025450,1089.127531499313
43187524,1708.8904430760995
85710350,1954.084683979948
39439329,2115.803563721267
11767243,2132.464060801758
40729807,1009.7595326901903
95837440,1953.8995249493732
62785546,1519.1798212158476
18032525,3110.3799633116823
78515248,1110.8375478179382
64000264,1575.5717110307367
70932637,1359.916025737362
56631286,1463.3863707753687
82611641,1474.6405593677844
14610215,2880.52110971483
65282606,1934.8630279738925
31080502,1354.8707933478006
66137109,2249.972997800402
55286917,1599.6841519691372
19462876,1230.0675497425505
37235871,2229.2706682370053
53584009,1329.770555209647
99377565,2126.580318541176
82994298,1788.7069944512891
64250472,1657.3145795129642
61269314,972.5523336685699
26299312,1427.3769427581005
97300018,2232.899676066334
74523665,1412.5160054372893
19970243,1779.2118608941373
14406104,1295.5956354918508
87865772,1388.7202048198487
12224440,964.8351487364371
62628011,1676.4236162786472
30735313,1566.8599794001668
12214322,1527.7437109470845
80943078,1113.6005269837951
89421265,1813.618592105584
72762674,2213.661031232669
55920835,1373.2046101751253
95456446,2179.494551565001
96630600,1592.0466759730855
20077759,1565.110342949681
77066065,1719.3954666080615
47856776,2229.4244602116064
31685937,1436.09837313741
41522098,1498.6741717202153
30032101,1457.574487711911
91606427,2631.591875493474
22900349,2037.8098815433204
43552678,2324.108013956178
38881909,1704.9915366013804
77508029,1711.4479002218663
95128506,2068.406038968201
64627729,1169.200479904161
56744301,1147.350686203699
59338251,2397.2980588792766
19662574,1203.2131599377817
92971829,1573.1127348063367
18409584,1693.3034441547018
71760159,2220.6573832902395
43660858,1616.9320675301465
77997629,1785.1579746800687
33928732,1194.7600211659428
68629875,1245.2965912573475
48480450,2208.389296598492
54283664,1560.714364308564
65942293,1863.9591935744888
95573502,1415.5731007072088
45086632,1179.844699798123
23012000,1631.6873079933032
45395839,1673.6305794146656
15432712,1290.1599293658714
72298046,1719.0543824372123
84408769,1674.118930264938
25246226,1328.857464588025
20056705,1853.4213596396094
67856036,1720.7822960788624
56138985,2180.083513167112
89984541,1377.368391792418
34860961,2506.5558018086986
55067089,1781.2598104114659
63717753,1815.6906692753223
89165138,1538.864722876836
22336894,1594.1140481483715
23089519,1420.1022304346834
74572156,1033.6444569215498
96120368,2646.6874466179265
70734227,1980.5873131909877
43842124,2043.22873451475
98567604,1564.733609475246
54538757,1758.3334759034997
40105171,2209.2906428968245
12135438,1599.3796113340518
73738446,1447.2145495396715
62385208,860.3344861272387
56062641,1964.844412375566
60234485,1075.203155866549
37490148,1031.9774460849806
73644773,1534.0075531068178
25147876,2229.6347711120447
98738159,1702.7347969418431
36202424,1458.2370538303123
90053455,1677.346272669318
34861961,1745.0078954179878
40235987,1583.2778683296121
25289802,813.4319902610548
72831408,1948.4124243150761
62725172,1617.770630325091
20547868,1771.8410035898066
43821417,1381.574222694126
39911650,1697.2295622602157
76282034,1453.6290186518258
93532589,1378.0902043645647
71389546,2054.5767175367914
26491098,1412.5195164330944
63364173,1172.0909947534117
74256814,1094.7927390914842
35509595,1887.2635550525363
18139863,1845.7459615343873
68577776,1981.8694324019789
29522715,1561.3780089329434
77706518,1870.8556899904424
14006179,1522.7801452798233
92579248,1815.7041516203672
59229974,2073.1276835092353
62295609,2362.2497319720555
84259414,1775.4211563606068
47815936,1189.3163454144546
81563963,1040.5062632639754
13005852,1494.8938564444345
62738558,1815.8819997636497
57070759,1144.477753635152
99600292,2050.8532339849717
94306787,1938.5242666166068
95225104,2158.73676206836
55330216,1554.4135950480675
36532262,1667.7201356116086
46565446,1708.6541029588357
49087723,1384.7540190575937
59534453,1517.6281376503734
48055811,2536.2678229967883
88400730,1875.4296597034927
99040799,1286.5388839736165
54783545,2071.356632223022
51521420,2109.9205836740957
62125112,885.2122834431773
41533842,1365.5978201144974
37548888,1651.6888678370851
15800993,1184.7785109917647
72777210,1633.8330632272823
27213732,795.3742148469751
86541928,1414.5831258196383
24899277,2470.5368029754027
87153365,1332.859833085902
29377093,1951.536648773381
17126249,1750.043699776995
83735200,1902.1779881518494
75294081,2167.4926139704885
50305812,1165.703282255749
80598326,1394.2691394151118
73085224,2180.0890289643116
36011967,1947.4022877469965
27344122,1408.8999071633666
65167661,2089.980471700117
22697886,1332.2337930722094
79772982,1298.9914466996925
75656583,1146.7416155098792
28706133,1272.573907879987
94307664,1559.3396858146098
79181014,2035.2196396158724
64940514,1424.207546751322
42076518,1572.547763962557
38290514,1206.5426961056758
12647465,1091.136783769308
51615379,2119.265311354294
58583551,1819.9530497551386
89324282,1970.6185741464265
53391853,1644.581808484501
22488467,2176.8348115357426
77912827,2219.251501431358
92699296,1775.2388206496503
98391080,1360.9385584480578
25085429,1215.280375920106
58232338,1833.933806787467
40856740,3123.6971494847116
86463099,1518.3491636898334
30661871,1592.196874106797
43294411,1596.787320896984
95379944,1970.8816944578427
10473693,1714.318470178648
60542399,1849.228818328947
52521598,1701.676391442244
78214020,1268.0045927091783
42119756,1088.5929232157832
74645008,1226.007927450185
68736704,1611.4296147803932
13851365,1944.2471137211057
10956933,1829.7066861436451
76588396,1595.6582017104847
48664414,2166.745051336019
75409758,1551.7229897352545
60867152,1315.4141476061432
49408128,2069.7663426694835
32398201,1360.2834316215908
33820657,1253.832063207164
99096183,1357.5684453556767
71729207,1491.899781138672
13424233,2840.1286769026824
69313487,1323.1704773028384
51427900,1351.656117413204
20461232,1814.1108238879322
63893951,1233.4808482908127
93871936,1243.4602909866423
63699477,1752.4977644125427
96362629,1514.3531825224222
53928117,1127.9598719924775
41164553,1174.9004552314755
36908648,1702.2101597744265
29666927,1946.2068950199023
11938394,2078.6340446810395
52496134,1918.8162137720653
32481667,1842.949884155705
61487441,1517.828469563138
78992007,1340.7059880106692
52895411,1396.6300687645726
58726779,3798.249712211713
20458217,2506.4461845525916
60265538,1748.3624684186573
48479448,1216.297738153568
72404425,2079.013157736467
91400370,1029.7225636823712
56260955,1496.98041575656
65491665,1752.9739924011067
11663385,1220.2758307587264
18615500,1069.636882070262
87935522,1353.1391464677222
58889457,1863.7899932073174
19169471,2033.574461183621
66133962,1853.048742212918
66731452,2018.374045168043
39410896,1573.4750944943837
54940054,1363.2779004415033
10662394,1329.9277855120743
80972130,717.0137619934035
45235634,2316.8024871228085
32971413,941.9397083827753
79283360,1139.6891048378293
67055260,1201.896531907574
56118755,1661.1708157631067
29230461,1572.4747002832084
37178907,2109.106530950008
80400106,1737.234290555063
67091284,1445.7548863326185
54160936,1525.0551310458247
26849200,1707.7879946536812
49585462,1301.1629534038927
29429374,1458.7582245209765
95616903,1928.3698309265294
40605040,1502.1687407201307
77364221,1312.6542635049693
63366619,2062.053512354665
82932107,1503.3987663633566
11504000,1969.31456496443
66338948,1646.6295313408605
17704772,1658.9984153211497
70406271,1513.4487767163644
78457345,1570.788060266551
47160363,2359.8244467385703
76792443,1124.6483486202026
76133904,2670.043377094627
30534387,2317.955224744031
27949452,2313.298920680925
98920505,1661.5596177985674
79101538,2342.656469596136
41201623,2473.9389725190995
16952322,1589.0245377965985
97020909,1824.0122790739847
76043497,2045.377436263954
34495964,845.7702717089314
68971691,1348.2508338810158
68553106,1423.9659067358677
90311747,1484.868695315788
89361909,1747.9360746900823
20406930,2520.680260317952
38933836,1186.4696059832131
38377549,2585.5652083641994
23346090,2449.911017961191
12625694,1218.6352692897153
57311677,900.4900692653757
53924641,2796.239217413066
36865701,1299.9402591705204
22626294,1362.584019957766
94697405,1736.443976766141
89675917,1403.1311748268458
28055737,1520.9952056952231
17371555,951.2615458199828
31452123,2279.4647950653957
39910354,1543.354799986459
16661684,1116.70681307532
11696365,1889.79258915472
13890760,1518.1050794983892
23308655,1624.790846323288
58265470,1708.3461637023506
23915393,1702.5266636868057
47202387,1684.1580789689576
63170132,1491.621846071746
85663208,1906.4895351464395
11731667,1286.912021069812
96387342,1165.5539811306128
56912577,1410.247779612438
96546739,1519.7106571313468
56118135,3018.598760768498
65848480,1380.97699165217
29524312,2018.0193578163912
61207733,1832.3210882162512
95068416,1533.1852843289569
93730714,3151.4301408517513
58209441,1597.0952833646695
77468100,1229.3055931950469
94556768,1377.8296757595504
66214153,1288.211855052978
63178801,1255.9030286635161
47025809,1755.9858273639384
17223815,2542.5192536803415
26808769,1483.566559854053
25114626,2703.5873574075513
33184251,1286.5162436696146
38562723,1849.542419188119
19383477,1342.5044329228888
81390291,1536.3178864945426
20998216,2822.481246098967
95233875,2059.0642791393425
36756234,1503.825842364002
80596646,1865.8315326939266
92304937,1549.927101766513
37613954,1189.0422709196087
58590718,1817.4367774882746
53992915,1140.605084464123
54005253,771.8217908325885
68781482,1355.2678608007138
70720914,1570.501524688548
29283338,1245.0012292022543
71373910,2015.0218086066893
82737999,1041.237676738226
38789318,1735.6763972412032
50526394,836.9551496898785
24047944,1512.953373278281
56710540,1192.7053974097664
18038779,1576.2427468715896
87817642,1784.1955724693569
54364617,2012.6221639916018
49277751,1273.0336874417255
50647092,1159.573642191327
74938295,1392.6221697052556
94151619,1484.830106938964
14146499,980.6687689703456
44114070,1903.491613871947
71013634,2068.867295222752
92727921,1067.6293651845813
23408005,1884.101016609335
55353418,1997.2715034186754
42627732,1008.7390838081985
52380113,1824.778910432194
76380932,2348.9343376814372
85051446,902.0993248623972
13441812,1181.6844206386495
75634466,1961.5745240902822
77418032,1527.6003713199484
26069913,1871.9732381635058
56951161,1194.2880484550328
65568116,1478.4289621020926
61527594,1470.3019671060433
17428821,1541.159905295782
23710142,744.7568399484171
95218141,2548.6650257412134
64929695,2120.3184437079526
16991389,2090.59562718613
28240625,1344.063177022963
27547150,2403.353082110654
66381811,2880.0126735899535
33749942,1362.6251239930598
35190059,1420.3950573769973
63026525,1110.353829341172
52393671,1681.7928387909817
32813270,1725.7006787371668
49072955,1280.1138949465021
39300176,1791.1759457514522
46915044,1878.5677807145544
59260240,1404.2057131429183
12697027,1237.8446982836374
52828733,1206.446152632609
73335938,1457.6397131268234
55961268,916.4440673153119
13325471,1467.2292613034176
29398613,1130.0008885330071
27052291,1412.9304402188436
15955952,1574.0899111264116
23271818,1801.1818264918493
99724134,1556.4864181822381
24071058,1356.136101599635
31560904,2163.3152805898503
65419988,1393.5793479638048
15085530,1195.106156155056
19942722,1858.6464667775017
13275930,1290.657398661705
22982323,1895.2871005111801
36522599,1682.6821860105804
82021909,1435.4063820971446
68645790,2865.7800320627052
54788650,1799.767513959173
42678082,1931.377108137568
60925510,1176.524718986062
88286089,1343.1252383762742
58263484,1622.0647243480187
65619117,956.4834012244744
38104250,1746.9951312510489
13756583,1788.3281917818942
60053914,1308.5560470629175
64871810,1635.4185951499612
58457956,1821.2723357466377
46159970,1579.503605715259
68250229,2369.8166219100685
47390028,1474.0175373765376
32969075,854.4374767968363
53581810,1575.754092214727
79530731,1994.7314372724718
24487509,1774.077840501743
69933962,1422.787688981087
65663302,1451.7841012929107
12423653,2028.8623910330516
58871872,2162.134879732667
58171151,1451.5774769405302
30617224,1005.0749209953772
69106909,1961.9614395504607
13212070,1432.676155046472
68351771,906.004083849612
87624917,2002.842815009772
11970895,1846.4831488114862
44431758,1570.710159025376
16633955,1276.411780357755
42590404,2365.542775868675
86953915,2134.583326453334
15250738,1640.8286499752014
44832140,869.3888108587432
73698594,1362.014585763218
42128660,2005.8953017223155
79549553,956.3018235172933
71619272,1615.420060517053
42016649,1039.1911393522118
61877206,974.5634681733266
56572912,2896.8062691798045
71598751,1223.6831639273958
34544077,2384.69083331845
28672236,1264.1948018934377
68689312,2601.1430297041684
20267244,1803.0360996438146
68781454,1324.7341509432604
27270801,2305.373834743961
37219515,1718.0567565447964
12011866,2342.914102301512
98392715,1231.824012133398
87201351,989.1579168581231
14908777,1088.2445402830654
34723195,2030.48296372868
27339925,2161.9460580393566
65420496,1435.958669560678
40933008,1563.5082204514733
47440503,1087.9700330106018
94970875,1234.891510526173
91029594,1858.6135026512388
65336637,2405.831651505268
82023374,2218.389660724355
11380763,1522.7379048562816
99699540,1401.5679996698705
52649545,1273.4116508781879
46299510,1511.870513907693
71452565,1075.5089953695142
67641699,1011.0983167731051
12714684,1500.4742160959306
60016742,1110.9793805906934
53641525,1382.162256671759
43542290,2423.356207258978
32126954,1706.2449350458471
38213318,1644.7105975146037
19971849,1497.6960138085174
69256669,1494.1956120763573
23756854,2243.3621616665646
62908704,1283.715348541923
32399173,1651.376573712422
39238887,2302.4788687136206
94428578,2311.7738106551087
52458139,1513.0084293710013
80574227,1242.9286134654599
90487261,1883.3358930729598
31852005,1175.5866892292267
24086418,1088.5598579545704
82209864,1262.5041766641493
29014855,1115.736005549597
56782601,2030.940511334401
24702075,1422.07627528073
74660449,2712.9566223117454
40117654,1342.5289595672339
60385260,2530.128742433309
35958980,1775.9918167152923
69458629,1945.4046657186807
92886159,1458.0883327823076
97734269,2394.475815593465
19053695,1760.0065140647664
22371112,1986.945138197881
49183639,1618.3867795129565
53526975,1299.4730267067632
26290335,2194.436079283567
13359830,1392.361766037161
39340686,1590.0274896629687
85521089,2142.747478896374
26704193,1842.097976914686
86626423,1894.4214868109568
80675333,2179.0745867695287
38369741,835.5320869762397
10428306,1733.2124788257802
18197840,1119.2659561437076
78586780,1854.0012100402837
40311310,1781.315780449494
51507375,1486.7259301118347
10857110,1763.6247280623852
88736789,1598.9423632244932
10823128,1206.3265891092283
75933085,1703.7695860979247
87766438,2357.305238497475
64406530,1399.244892032726
33833037,1694.9779475822422
51715740,1409.940000659972
59611801,1768.5324617160843
74340374,1476.0157206295733
55507333,1909.7236248249571
10416536,1731.6574387630383
43556040,1607.0786788519197
63137873,1921.8948333852925
70387789,1902.5817712449532
29408506,1116.548143601528
38244388,1599.2183163429208
26541311,1130.7433173619438
21032019,2148.05162887634
95710332,1747.4258057401962
80660421,1456.4745801930278
81086775,1895.4900921201422
14692465,1637.1815316839957
35590067,1945.4688187116028
37534494,1012.2054614807246
46669694,1210.2121007338287
68379291,1603.7188737004215
28943151,1632.2816316545745
85214973,1717.1962650919768
49160221,1098.7635802930688
57027484,2368.4132385509474
79515834,1948.2402861564021
48903593,1606.4604686510493
49944843,2076.0571845133677
15919205,1021.466237358746
89043859,1296.9670896070616
22557888,1621.9705575312844
45588391,1590.4801042221413
67323319,1417.4206287267925
67813677,1991.5489928848203
94570366,1869.800898002627
99333664,1387.0338402342436
62452475,1568.1397290336608
27164888,2157.2526531894673
13777597,2736.870399145804
58863729,1260.0666435530518
75372835,1445.3310792873572
46531922,1441.015424809605
22638297,1512.0928727796513
43377425,1449.177357986322
45061752,1605.468396903144
87232001,1077.6350650006411
99721166,1380.6833263969927
63930988,1566.9966493081547
67323116,1619.539071955599
90199043,1052.6979753929784
16025812,2821.6548186684818
90192151,1756.6668616584805
85194090,2366.6885254654476
82716623,1931.8908486114872
70041588,1148.5308745659922
10909503,1405.4963339346261
38910820,1987.0172112047362
67605038,1806.9926519155965
22421268,1962.7977592543934
12483701,1459.70433492099
99756084,1745.1074964902757
72806047,1383.777131249308
82569264,1588.4027365610152
85085562,2250.151990245516
51688242,1424.7014185600433
67031304,1607.1200011928545
67620733,1628.624946741907
15399183,1493.2280317994891
83228475,1813.3494196047218
59551778,2297.340752014659
58024179,1273.7431999812586
67130514,2567.157302746711
36292117,3400.9067106961347
40708056,1990.8868963572156
16154757,1753.325014671497
56077131,1966.669056346523
24589481,2036.6827710747393
73507348,1022.9896246232659
98283340,1979.7482937803952
78682956,1774.9603365303742
48031966,2104.999463289886
54069937,1234.0150473925664
12509398,2115.1909479398564
55254106,1374.4247230702354
99797445,1733.90492212998
46298966,1858.4234504019014
97439691,2568.811677490607
77392495,1006.1530194702443
20307174,2012.3724168887693
99295729,1407.1112332785826
13479279,1867.234376800979
57906842,1563.437813228893
11957267,925.2888847800873
46011088,1438.9717651338783
40051988,1824.2826903063005
76565808,2146.1542621641256
38007540,1998.274869012046
79111798,1241.0793966892386
44170417,1147.0668808170547
81747003,1493.0764590307137
10689207,1578.4731352759245
68762949,1341.018338660846
41533253,2125.8505201491967
72624609,1481.3071802333272
95729378,1343.3517501092374
63404247,1897.8503188977973
66851416,1469.342381716422
52878792,1357.9026890107345
69816189,754.4579078419686
93215948,1339.3948218939136
82196067,1796.2351731377148
65951347,1295.2824593375808
28150709,1420.5979152225061
26445964,1092.493474312517
59886188,1351.0917201169607
47858132,1186.1655752185038
10617528,1469.5668534036479
26555436,2486.212001942593
75176293,6146.570357795741
15592659,1523.677887676985
17002563,2025.4122363033314
65418918,1640.185825548041
50328250,1551.10354625469
29587649,1460.8019603055536
58771361,2342.5218030594515
11138502,1359.1543359238078
87806628,1612.5964976220446
92541302,1324.6283952239164
20045193,1362.4297354544267
53943287,1406.9181571694407
72973012,1818.445028435208
98243897,1543.206332699484
50425980,1120.5868707929008
53891279,1750.7997687658283
12653293,1331.893011886213
79516817,1554.0369795338197
57736550,2027.7027063338326
68504332,1141.3285772459446
51418176,1881.8288156675592
52844688,1601.8962046997476
14924228,1398.8130854942717
17385055,1782.2800533033637
48584675,1817.0913582509693
84113591,2153.7096101052334
24176804,2137.883970833303
42578288,939.9012716443438
22976178,1946.6665469271452
59427067,2161.5582254619185
62214101,1592.7710454896937
31095835,2309.856118520515
61084952,2025.8891929466163
24538640,1312.2772544052696
17397516,1922.6184526989266
53588939,1209.2306963179242
64801503,1345.0431957016742
22306102,1474.5139051186532
73464976,1551.0741378031414
25265317,1193.3122644186406
67321055,1745.8126016979718
52652991,1401.5586927562504
77364707,3366.473531489139
28941979,1163.420295922071
74248679,1363.1474907906356
67415672,1007.5101244048087
80048641,1780.0890021813884
42348096,1654.1541917670763
76460518,1096.7705730486928
34956566,1612.2342126267142
77002192,1669.3640923866453
88577445,780.350193371223
38297974,1200.4071607463777
97975641,2072.840174810505
15692698,1703.2447613249062
83507949,1552.7544557902406
91740530,1613.4653808624357
37895673,1327.7570707152058
19139820,1819.4089481060332
89742287,1170.1233598300378
63175133,1962.418296611064
52867973,1653.429200700316
16690451,1217.9976766385116
37055011,1660.6085364083588
17248647,1506.1463373010781
17328412,2077.900067391236
63923102,1625.402805799354
34421040,1639.71332230603
99940233,1793.3403302621748
45814646,1723.4616780612575
58613984,1172.0918798407024
31285738,1204.1597060587476
35071743,1555.7784402701654
52223959,1614.4137712664385
61904367,1068.200966749661
31525138,1535.7628244091502
73171290,1317.8836390575946
44582195,1473.7493579281613
90109527,1421.9127219382658
26952082,1349.8554027151
53620380,1320.0372643970545
94287883,1072.997240995397
77186365,1663.6361775796663
33864808,1643.4799837599517
70959138,1739.3538108927153
52099246,2223.4156357330676
22249291,1984.3781966422591
48803280,1370.1465742225455
89982531,2084.9512874056527
64289923,1257.0464440976107
22000557,1425.0554828964632
26219747,1175.5840527459259
31130738,2384.351868413854
32445244,1238.2381269306827
75236281,3044.213739679119
13587715,1371.7291379152266
52514750,1252.5844317287356
90786271,1792.2601270189414
15005065,2169.104077230575
20097518,1125.642815953313
50625868,2114.685465383223
84412981,1544.1165779140556
92773944,1971.7260881174316
25312123,936.9297956665375
70396417,1848.5271941159285
54865863,2403.2405796991816
35803808,763.9298656417302
59597265,850.1627360366272
93311848,2285.0832408532638
32340446,1696.1353837453655
96794801,1638.2458264036832
40380864,1408.2851808283153
82007689,1833.7415493971605
84851707,2314.479989362469
83174692,1892.877306943186
59083400,1811.9966544522736
17580169,1241.700221977074
18219500,1403.7337734547148
87811781,1674.8953733465319
14088369,1053.4928124775504
67659430,2310.5880609640494
42456496,2146.6777975738078
87353322,1663.5086866576178
13917344,1073.1433154930394
19886405,1532.2555333884845
77800166,2316.0482789795046
77068569,1781.3638871139322
88362858,1571.1482796932107
71241476,2658.9525940634067
24814654,1314.473964210144
46691706,2733.9462358960427
79162545,2055.0246124180617
42908985,1815.6686566850199
74936566,885.7083901308879
19620916,1937.4810550058637
54347722,1477.6113013079123
90271799,1476.69373374687
25414359,1337.3075536090346
35809369,2456.2064371870742
57731323,2360.4008936718296
37887687,2236.2382565526373
76623206,1474.6035754650813
69954876,2439.636495840106
78180146,1869.209001303844
90681578,1447.1403565842745
41794614,1416.43587823924
83295852,1765.3912998939727
31156145,2678.0916898715677
62711916,2355.743895888443
74676618,1499.1487173014232
43248708,1667.3904334585586
69180825,1516.6800319791628
75624999,862.5894129850992
37667208,1162.9588328923792
77810578,1349.5286601759383
47115768,1796.09538398755
81589304,1394.5188608028975
74472711,1518.8110315866275
82711188,2162.730589984373
55272778,1943.5148421579697
98229885,1334.8757638127186
70058028,1849.7149111462504
90729377,1837.6128844735679
13401279,1197.5335835041265
85519612,2544.3290652608403
17006769,1590.8423884237266
99888523,1405.7688900979672
22354297,2200.2710705789023
43508583,2038.1641711582356
96795828,1465.111420146534
96608998,1954.7895560846493
67452091,1290.8390841156274
40571985,1585.5430093387881
15232782,1567.8705784621043
86789043,863.9968527108992
14046478,1798.4063048384783
45515801,1355.1011041035565
26318506,1669.6186842925538
34584473,1330.9879657407296
15369631,1985.4407917462645
26479383,1242.3866507299188
81346470,1003.7543463262416
83197984,2133.967397185255
70331904,1074.379959799541
78907246,1755.9710638291892
42709019,1885.7253478700145
97184353,864.543551537065
35589537,876.9694348738929
83942112,1324.9761554417298
58293013,2020.5186818605177
78567689,837.397657421732
88610012,1854.412983783764
68628621,1710.3889973369642
51584806,1228.266552788597
29419986,1248.3477994368334
21476578,1981.5054658147476
77370060,1533.8708961905422
33607448,2591.216887645118
47890072,1389.5586872332606
11234362,1189.5038789380146
70681971,1094.8522676592363
45196219,1964.9555845745797
58136807,1491.3051554913213
21383428,1929.0707837915274
38088367,1678.80082978306
57071133,1394.435832187627
83834449,1744.5901709180112
72194210,1307.3940218101231
14582584,1394.8117847273875
16017322,1470.5574151574042
18598541,1199.890197739363
82812670,1465.4348185841218
53563234,2889.193453861757
63779141,1694.8798363377207
70854456,1819.9142777457598
83535660,880.6478877501415
51099419,944.9136913917387
30503407,1324.4472796068517
90802363,1266.6887058258935
84057874,1285.690383040677
93637941,1284.1152074578422
33888588,1188.880770353189
78183407,1588.6685366605996
88497510,1625.3131587504613
88829918,1535.222185836308
72639649,1720.5639806828954
15627595,1700.9597341012034
68832460,2555.67594322351
31734310,978.2965627782701
69212161,1959.1157899526804
62980146,1379.8742049764014
69972227,1800.0864796563585
53162285,1094.5890214083836
10963473,1751.5719423533126
65276908,1325.152982691324
72611634,1424.26663971837
81292347,1536.245940725504
34705944,1254.7822108380785
54322977,1412.1964753503262
27155431,1340.6129517783518
61373056,1484.462881861662
64530093,2027.0974786505956
44187538,2330.728690132591
29110806,1186.9218723513854
34026881,1621.224671780629
67734035,1682.8432763625965
90355788,1986.4604891258089
76930932,1322.8455385642128
31194080,1488.7107510193212
26948420,1523.2047607626514
60117998,1478.6130031495627
23540580,1869.0519174171068
29255361,1746.067042839376
47322059,1364.117895273701
50570727,1671.859074939091
71874386,1243.7621904211505
27325447,1171.9990217765035
92986477,2541.541020740473
27856293,1672.8877781179021
55159001,1613.3957778122756
88660196,1641.062906112752
82148252,2272.0880145483025
15421314,1789.7191151070267
27620141,1423.6421813745703
12348320,2969.1292819653736
84344897,2306.3933679681304
10950855,1683.8682347572899
44290434,1576.4383941707597
84843689,1318.0151609850775
85814690,1198.0337742518414
60406086,1062.3299078232535
35395832,1902.047689661274
54621645,1399.8596064471008
29154162,1509.7914539295025
40230589,935.2552512912052
46902130,2397.8052536123164
70579622,1877.126373783817
86272378,1510.6872577324966
12294631,1738.802770968205
29412564,1254.1436430288431
88089176,2236.289508522689
91193188,1539.16591901351
36523137,1254.9188909421678
54050884,1816.807649606969
19187985,988.6604959087645
91884750,491.1406716974124
77985469,1033.69352824158
19362736,1246.064164444806
37641826,1212.0010682169705
17997673,1533.2609014076277
12296621,1418.3083626801365
94210085,1424.444856059539
84475360,1731.0253797459038
44450631,2498.4925932490596
96917819,1734.1821104102298
76581579,1472.3356728301742
16376842,1004.4315311509681
20378565,1849.647457409844
67149501,1332.1374047877166
74149592,1510.0097483516504
55437574,1132.7946743152738
86258875,1154.7861547221703
25154125,1530.0157742142014
64289878,1287.484474444036
59484061,3674.1512331158965
39600891,2010.3332127691265
40907835,1203.7038242692759
47183606,1443.5096019635876
71132260,2229.2133958440254
19424487,2027.68925729189
35720925,1495.4770965016587
74210516,2497.370758768317
53089641,1629.1968610734748
27778699,2473.5403970454186
73489375,2756.9695239555053
46042524,1052.7746148791746
59554727,1710.4935695510092
31273971,1734.9283724908269
31543147,1191.2049294144886
74490349,1585.79329028627
65190591,1063.758308380846
21122660,1628.6142628119212
54597323,1876.5001519713765
77569150,1177.7884683853597
68093533,1358.9690664316918
87099884,945.0123570471162
64825958,1021.8402755594457
27545112,1485.1130618795758
87791632,1536.609191707029
93384265,1969.6058282717845
64047299,1128.5176540464695
23357980,1507.5728981670418
88585802,1444.4578553947983
26754357,1963.7902784487758
99964380,2540.0894319663366
63611208,901.1675495222696
10618556,1077.2456154958622
12155276,1486.187818228806
56528554,1677.5567385236784
72203638,2265.6646263359708
48174886,1777.9655637495334
25749233,1875.6341552281397
11912269,1253.496770687179
14181748,1970.6535753765477
77013810,1878.412041559702
59885886,1533.4649042028252
92982194,2217.0266815966725
88065861,1706.1455916427988
14857189,1757.9467231309832
60358916,1994.4063262449483
72265262,1481.8676719818302
20471623,1670.7224423223643
88951362,1509.9767422562256
22364003,1675.6777247906493
85137999,1767.7484101095263
84176549,1763.1746515455532
25849299,1274.8424589568394
21233903,1622.9188478300018
95963515,1433.9690920543362
47630408,1589.7718233300304
38763223,1282.1627100060073
34812513,2447.8935294549983
77372953,1030.8742011896463
74724495,1851.4262708911626
34162435,1805.7791562717216
60046268,3303.1674147353456
19475755,1400.7267694881828
89620481,1176.6507335587896
26981207,2435.924741025781
13918048,1287.1006431549408
36590125,1460.6992759980535
78119113,1019.7469701909304
43245514,1642.2563223034567
88082339,916.7121826957757
62738760,1429.1891935211202
55254407,2643.968873462039
85112378,1576.3297818410035
40490983,1120.1575173143656
44048989,1520.2309757296025
15551565,1577.4893363904068
27681538,1258.7668575826917
98232104,1274.427590684826
14018289,1484.5311752355676
82522150,2740.7089184398906
65483357,1151.1147577719207
94158408,1629.0667731152032
50266167,1965.2317732327879
28805175,1994.4662806105212
93929668,1034.6415681235255
15540290,1574.8007047140513
98661090,1522.0339302007935
50074109,1577.4298343586343
85017115,1385.6113639482353
99914220,2213.189130272393
76334714,1555.0826456834016
38140938,1557.5305403284237
93933852,1144.7441343170933
13190892,1649.402299474275
67747085,3499.42122913686
96389355,1863.7310695238832
42380180,1211.9948823131763
55522772,1522.7196366294081
18839853,1516.981455215049
93030803,1735.6625780796094
19574384,1495.1854778363638
17501488,1500.0153574946323
92757638,1064.849427558312
47546392,1682.6657929624341
56569095,1816.4926694970502
34392418,1794.9007780465788
49367171,1781.9724861081813
37669142,1327.8502428469887
33580264,2070.8298540609626
52617381,1427.7348836873832
13011861,1522.9500291132454
97498208,2120.600700470259
53388262,1517.4225890470038
63018369,1633.1412623784793
59266953,2345.617273642103
33256210,1461.7305045569851
26585585,1485.7318172417265
43342989,4082.850597478838
81962175,2328.650198926337
54752385,1481.2083650559155
12906623,1048.4560366029518
12144505,2434.755208583838
47329191,1539.884598941957
35302686,1651.9766846173945
29541158,1446.7902191255869
80447228,1424.0538492704757
56399590,1649.722594029726
44327442,1531.5879962473648
65756284,2244.0411749819405
13967851,2599.9089670147996
33766889,2332.236510012112
70886578,1294.2672919736701
85448456,1594.4584705359623
24208719,1472.8899774140227
72059158,1983.3089740881874
30666083,1482.717041938947
45090209,2111.369084322436
79520644,1956.6273156515683
41015799,1693.4705845699773
22610356,991.1292708215974
46940244,1185.1016329101105
21443863,1273.9541158796262
63769088,2302.371719350301
32298027,1445.944983754463
26046152,2047.5070931837342
60326272,1483.1731707450167
24693880,1739.0632100697262
18317166,1791.2136267473734
64265688,2349.530076621123
27910854,1258.7419009091248
56810750,2241.2285648203456
97007881,1242.6371121288541
90317702,2859.2845573162613
81231529,1573.9911528679263
85899649,1472.6311290375534
92087175,1379.5326176630522
24070483,1520.1949053468136
87629146,1053.3160358850498
11101794,1473.9983564173006
67889079,1678.6500630203286
25576186,1615.0474030865114
67657245,1825.9942266469134
74992266,1465.5261291570039
83091668,1376.9010393521075
41547362,1377.1068763170135
75141878,2760.4909303470195
11562295,904.9797669149852
23748006,1577.0988196740818
89825179,1326.9852627911994
46505766,2666.6438264281214
36098274,2106.4083268152126
61326956,2012.5885119536745
69020339,1405.6657088962097
35844282,891.600943682145
86014291,1775.434227879633
72500654,1332.8293642268775
11567986,786.3101373667091
95910506,1016.5499368923404
73565600,1833.4491999895056
83729347,3785.3256539656877
39689433,1144.0526534306034
26513864,1176.3109998246869
20449852,1515.1405434170613
10382065,1556.2711474499401
61096786,1166.7774465811522
40823824,1595.048604373457
95687753,1109.9612409792069
88043962,2014.4586605336624
43192291,1694.9857655117244
18631499,1542.9153246896315
27194752,2502.565921441247
48023684,2736.1917638328573
76180232,2142.127934433601
99345059,1538.0362001356696
46554999,1354.063841420277
57537267,1341.3471838126316
72087202,1323.921587674855
60008708,1364.945965433731
13534295,1362.9485892942628
90971189,1868.1052477976639
55662480,932.5144259355143
81189360,1530.8948599434252
49401774,1772.2010014356213
12131946,1750.8106899402512
78732926,1862.1855943794662
38392538,2303.5534810439863
64273801,1499.6021939709706
62858255,2464.531284250777
13288053,1648.8090996600508
80940080,1051.5826018101056
73197703,2128.0544628588887
88918806,1553.709645816166
45088467,2121.359386502586
42105313,2156.859106459773
51515302,1599.0545117512809
85071892,1269.865668554716
23401512,1246.5643835064059
70514922,1377.0221046787533
53367560,1690.6445220750106
30799466,1126.9503455127197
87442307,1524.278192804949
84081332,1688.099472352726
87505658,1073.360097904348
10151086,1987.1606111734027
19254776,2172.006291559462
38019521,1329.5728359700524
40151098,1840.598317071052
75965212,2273.080677468656
38667600,1256.4367692899245
55646285,1507.2213383728938
35548301,1377.729801800358
18737005,2286.9337402963306
76771390,1701.7335489879958
23778594,2754.3745745251695
63739797,1242.4848166536462
40559434,1781.9170935547465
15970404,1340.7316728583721
41963393,1569.711863599368
36850376,1720.86416957307
30703622,1157.6895011549216
53681130,1553.2436658252363
52524172,2949.996980680722
78986568,1776.787854486355
60868659,1786.2118875969252
55970571,1371.9766109237796
69603000,1281.036582694503
24475423,1059.467491603144
30105284,1093.5146783698733
42638975,2500.7210449150534
54205765,2166.329142081647
77026950,2230.818899166313
55738198,3179.493348538461
49309757,1733.1060206165503
52256145,1688.35348934746
14972722,1358.7860223905361
47613103,889.2048452472534
31244414,1795.1752868176254
67669646,1792.6838252502596
85221335,1477.2214196042612
29598209,1373.6875078789822
64960038,1629.090371434244
36072721,2090.434751331399
48855526,2178.7635803723274
40290168,1431.198816880935
84094689,1860.0891215192735
64780070,1411.2753945237764
62238032,1442.5964554165812
44102009,1999.6609043102997
13443938,1467.3914908549668
27288438,1224.063480612383
26505769,2079.4837833430843
62425735,1897.2570514175604
41742405,1951.9713640465477
35508108,1527.2408900591756
67267851,1480.9692987175777
65786198,2151.517386521093
69652252,1441.2237055194003
78338794,1883.5595663535587
98205508,3009.892994071516
90079134,1889.1211755170468
89240929,2249.5592720540926
59365630,1247.8753988687652
16423455,1579.396214034116
30410578,1386.5169979015052
41943183,1937.336365289847
17181615,1293.592063454371
31537031,1516.3991570840285
55634963,1355.2109872559113
14790401,1754.591889483237
49470022,1335.4904874894937
68137744,1927.8945873557266
10800640,1196.8079735267895
82878129,1316.0219919337242
98099360,1817.0907726664125
36414556,1972.0075557690532
74858657,1062.9983148773622
41406039,1360.5359655741338
67297495,1201.5295918608072
98019387,1676.6084756419311
17133275,1449.1867207577693
44434588,1085.3548110244133
23385843,1703.47603525053
51805988,1736.2279420372518
65443150,1837.2712692258901
77624321,1467.77994685036
80056192,1508.2642879929283
92008819,1456.2408740796325
78973038,953.0139047413727
36356168,1656.244658468178
23051465,1346.1757897895432
18225590,1595.5347610974952
30705007,1492.4018600845175
51916309,1572.8969127088142
49014177,2156.8046042260908
46939883,1714.7482318919087
27552020,1355.4801354822691
76064439,1202.9147054869031
42732794,1862.2567686471054
78185687,1026.5137775344233
37150067,1408.8551479584191
60216204,1446.9336322378874
67861895,1892.038283086963
82668831,1134.4187933668738
26865256,1357.1620295419061
20296005,1580.936698495932
91164112,1532.8056960402776
48751412,1638.1112215459664
92672083,1856.9993110497605
66451503,2065.4882022681677
79223008,1337.9946893067638
86295795,1339.1192415914552
12188395,1083.8830508651083
33148873,1195.8726513899207
18236078,1745.2175182217848
53763750,1174.8913211936576
90278346,1663.668928083185
23921552,1450.7954068255726
60806947,2511.7029672763183
87988487,1175.5455912183452
33594333,1451.3659625402047
51767697,1582.319104465056
76176593,1682.482459275562
20106678,1784.424139357226
89323122,1235.8121735764394
15084276,1821.6990958796657
46737280,1935.8060748967998
27725859,1192.5202987770765
47502584,1456.1902235448165
89375361,2415.163815044042
54279167,1563.2733613986204
62834953,1148.5805552436627
51358955,1590.3636284050624
43105700,1507.2707610762166
71610282,1319.7489143409164
79952909,1973.3584374255734
86913278,1340.0391586834826
72344233,1905.280149871064
41143291,1189.2637489159138
47312733,1549.4084396023165
73376655,1531.813259529839
44219943,1053.3509041820905
18665144,1386.8521189774303
38016360,1776.5242336916665
50277432,1407.4589485787826
14668690,1302.955494930215
44041678,1893.004529727143
68597599,964.1443107753503
55600173,1672.6140929075116
78109218,2635.072553988199
43432402,2074.252915450897
57793276,1816.902033256279
82143513,1706.0581550829063
13373907,2594.5620814556883
78336625,2323.7926605858906
51821030,1923.6786878032055
57620512,1003.3882861808117
94840760,1486.945456197553
71866671,1693.2915816594073
12967437,2924.141996364032
94620585,1422.857893735519
45148967,2163.281916267726
28096166,1259.9627300323118
76948857,1502.498574798771
44584760,1197.6759150438268
36577484,1958.80478418898
63103602,2639.7036916086404
15647671,1808.898958667381
86020607,1945.7677380986463
80235014,1495.5916778775602
40496834,1153.9870242137167
98549441,1711.766953822799
71915619,1762.3490286348112
27813348,1866.892806495864
48090735,1548.8147108288003
91818207,1937.760722185211
12597429,1290.3488672356393
99318296,2321.1118873662276
38085169,2481.934150567123
38823071,1997.697588734259
61630311,1873.370337732369
78195551,1975.2678044898482
88131419,1420.3434825156062
18300026,1446.3687343192978
99585455,1975.1560573321278
51530595,1981.2071926116923
94166971,1270.2038838289077
13633057,3191.972232004691
68298368,1190.228323919358
69215865,1883.0405513020823
30064972,2078.2531200038693
96997224,1580.075287988602
45138943,1115.4140825318627
21749235,2134.3752653630672
62856234,3456.217304783935
23982292,955.2310617504481
17686144,2133.3786547612926
57256437,1902.2803730952462
85469927,1469.1997249712183
14451732,2270.7382373963846
85268432,1508.9496227662385
64602955,1199.259493625398
74101500,727.8418944688926
80083521,1493.2388347350204
11433359,2366.3166119448883
99198713,1256.0113649659727
12281135,1313.1626559366766
60094475,1585.2097466824598
18817746,1332.9479686463744
80803307,1909.4352937586712
50415370,1358.2083626859817
65098425,1637.3137561402352
52785060,1311.9064917849323
76797423,1533.7457624859246
57752962,2313.6450572560375
30340212,1535.1551784091644
17309152,2551.4926951185334
29046975,1895.5244764624076
58339630,1605.1727821797629
38269849,957.7894501502394
65498444,1410.5580445212581
56278811,914.8931437853128
65904109,1153.015572518121
34436387,2053.852576281136
83162633,1678.2123699670562
41922575,1382.8553385192372
67606284,1445.2509278270725
74148614,1425.5116565019978
31898202,1563.5896637710887
12816787,1853.2752177662092
73390625,4403.996891245696
44602780,1614.4339628710052
59497966,2385.0143181695785
33304284,1426.9505346198544
70931726,1540.3165756304177
44381487,1424.463925430574
55483533,1597.3086300179532
41096987,3065.648618687396
60844342,2739.7344608905564
46382270,1099.0796650466705
41975761,1398.4831917120305
20086347,1157.1275602244432
82572177,1646.9813395999154
27871083,1204.0427948407112
47060550,1680.0259737203696
44062914,2166.978742547118
29352791,2622.8255869838436
42368060,1435.5870280635959
83186065,1739.7339044625467
86750602,1991.1156564709815
18043718,1319.1328070201137
85319365,1355.498819853618
93521329,1298.7804953777434
68774400,1600.4429081697049
27686846,1511.9896728368085
73144512,2302.829170642385
47707941,1408.5321609997563
91947483,1524.5482542176264
54467473,1954.3856840320366
25827075,1378.880695797251
99472188,1586.3059293929766
29814538,1900.0415504261557
98588385,1258.9222452595056
15032563,2443.01260125174
73738020,1852.386380150247
11480212,2518.2320896877227
75221745,1635.6228368122534
19968090,1585.2552818731156
70404205,1354.6169206744892
68659791,1673.6724184646514
33092757,983.5030376636144
78193594,1953.7431914866177
98198145,2485.306311623406
99767011,1799.0556868714975
56688046,1549.8970024809562
66475382,1130.3109274345557
75692782,1865.014634369532
26808729,1622.5252589906736
32171695,1469.6505401037375
88456703,1667.4941714252893
20999557,1444.9548987420783
28934979,1316.3265683580044
37107836,1588.409525016927
50278467,1511.7847558942672
61940174,1437.4214050106848
17559774,1571.7003729588082
21430086,1926.9739825475237
10776426,1360.6433395384945
98097088,1837.2154828325838
43113087,1201.2383287814712
12862019,2595.261103829573
44592366,1136.9464491427048
96886172,1474.922972506814
96480201,971.8220643634381
85983502,1580.1521699436314
23038927,992.2047864555166
53573032,1755.5118811029047
34553934,1498.4538327024495
51249487,1542.5229658612598
85349173,1448.8531502830306
40895869,1253.3469944524952
99256510,2091.2248772922203
76469230,1398.0655313667014
18165718,1934.1358897226094
96264289,1430.654660912374
20452221,2296.0357619434376
15739031,1360.1224426512185
75157790,1595.0353217089964
28901434,2416.574053096146
98941473,1353.5299605960306
84489512,1261.8987803739788
11168890,2038.07244630422
45041073,2072.5107571677786
85582491,1468.3838376331248
14863106,1570.3096986782684
53607444,1236.4643430140084
39640829,873.551956653492
83896205,1292.550506219592
66887097,2115.3648558342884
54562627,2271.184522509826
60923346,1845.9686478032859
85626709,1361.395180879662
11687354,1291.4542321414929
99055900,1248.8178322407564
94176139,2049.2327453464886
65142810,1422.816682955434
21025866,1454.0008610951122
86231352,1578.0319344316058
94223565,817.6211064454326
53094412,1728.5179418927119
16579300,1903.5771547985998
68788821,1593.7104487609977
22347006,1369.8271930091444
89447420,1590.1121071306504
92132840,1744.31873040604
61120099,1456.8865809019178
66390529,1691.2955438744107
36752526,1815.9790032895837
28673093,2508.6552805641154
60187719,1364.016750280129
47937195,1023.9014775426178
18528428,1781.8637289427916
72855294,2212.6267396026456
77314174,1240.4902171988547
74208091,1345.6997035310999
25265856,1109.528025983756
43541187,1931.0672894257766
22027673,3566.8164400463556
39533389,1525.0771175004966
28548263,1701.4114758407202
78891989,1500.506912128991
68562696,1759.3845485629267
45297826,1841.6472036063556
14532340,1627.1353318006704
42487332,1255.8297930546414
79497837,961.5862299903679
48787566,1393.6646285304587
43024895,1305.966382902306
54043001,2999.6675011094685
18517095,1128.103117110296
42190640,1576.337022081936
81702926,1619.5049554685102
20584669,1364.5029032252314
48104361,1278.5296357064174
95781341,1895.704684865115
42595500,1310.524008228444
34081689,1335.37646692829
18465181,1600.1454561788019
87028165,1207.4295287524317
25157413,1517.1565415376326
33500861,1680.1819586626082
22501784,1992.192023455165
90954690,1540.9357448576263
12079890,1307.6218248091136
24560931,1474.680369800619
57180097,1672.9855466609922
53805689,1239.9686066185654
54653374,2062.1403575410245
79714919,1659.7187743563652
52629831,1038.438627841834
30315883,2038.2148025426084
55900800,1573.1553639729316
62528560,2661.458115356382
17439043,1882.6875095945888
64302335,2279.74838407028
53498595,1445.8861949706297
92248005,3513.49728604495
65132848,1943.724264068206
54712644,777.0078152939002
26501578,1220.7963075179575
57973578,1769.584840473164
64849387,2086.6838182411225
38331875,2237.061848037684
84564845,1286.9577607191572
34335614,1690.4738841369133
18851658,963.2228803589996
10997678,1294.1466580443257
40768250,1259.7296401742417
47646719,1297.0591553724805
92937467,2120.5535495598665
61661397,1713.5325145014826
48317061,1209.9019842718278
97216589,1613.3338603503646
39977323,1385.66447347498
46445975,736.2821290101126
94283551,2128.742352229274
49677766,1304.5742552515105
85991335,1967.2603728424253
23059563,1803.7863601438148
98641777,1538.1086213301448
62115510,1097.1338934653843
63322573,2326.318519036363
88463974,1515.4758461527733
29063398,2245.083172529286
94756964,1739.7532978022964
84286445,1402.514279741315
86644899,1536.1274873239279
58366829,3089.4346623734955
87935193,2019.8152166549876
65710078,1151.2193422612324
55211028,1038.090774101933
20090342,2134.6608487779026
17885846,1811.3929815208937
87917108,1569.177237645324
35243872,2249.738559405415
78681572,1442.640634825049
36496663,2602.1412882938394
88567292,2454.320580331942
90883683,1658.7950530616858
77163639,1743.2067719385382
70680981,1650.7612753778276
72230973,1460.8377088454163
13786940,1711.5473961484413
56650323,1973.8610454843513
67337097,2034.1715937261247
65297160,1230.0378174833024
23393351,1062.82698072462
43711949,1997.1151025455465
45998905,1843.90118292869
94413146,2187.7979399789397
30684529,1416.4184960000096
28147355,1699.4325867803534
14737001,1574.9869672263349
55758535,2555.4419269436253
95914131,1640.1482110409574
95400320,1346.2200632131858
29157079,1408.6533830588605
34838551,1304.2858170129048
79573538,2090.72298654401
53853858,1302.7210511781561
46958037,1968.3609405816933
40355076,1338.0743805740028
79162800,2064.8732191760923
61449541,1596.3553314431467
68870249,991.235772742617
13256146,1896.9961840703777
23687793,1021.7600994894717
49330994,1858.5891454440566
47955268,1655.0124335457187
24572229,1033.2757321844533
85493065,1560.6605407010697
95994562,884.5404251008918
86822089,1280.677077741796
38878729,1218.548316528954
83459912,2842.7333334216787
40295244,1467.2526724377994
95702507,1802.9560846886202
97865744,2159.2267866476636
81724417,1349.4404405923347
22296895,1411.4724238064834
25100739,1650.458567905544
11994578,1302.4786304447755
43823713,1666.736530323418
57595389,2382.491579024278
37162594,1818.1411362635472
51432674,2284.13923050127
96977947,1909.911657274203
69353041,1331.4393055940666
97471377,1051.9039989185744
78888703,1304.8298667625143
58472902,2578.751542084965
77647159,2213.283338284618
63649430,1308.7681036861761
11295973,1592.4052822595572
11886952,2223.153110597068
31115337,2123.542670485621
53945582,1521.219860156958
73391100,1418.4770324291085
16170017,1290.8355331146809
96391937,1495.8764944478974
49663888,1516.8934731812767
37966282,2108.8309376448096
91789209,1516.058225490768
47228126,1478.0340385234447
26588476,969.260114226078
87591569,1554.7739131913384
15315145,1760.7616425533083
70198893,1982.9213820392886
61666968,2064.7066109317966
22175686,904.037084165177
63396595,2043.4722959172536
18727617,1857.1979483760226
19777468,1290.1289025685408
30527873,1364.5804245014524
95114158,1090.0803476202573
41739701,1348.7903865710591
11369670,1173.8947477020365
74973026,1340.230264087524
73622781,1692.1440231038541
52281834,1355.7433419406648
16897176,1835.263433753249
63339672,2006.5590747976364
94319057,1943.379114429911
89357552,2174.812440431194
24886317,1512.0776027959091
59666869,1379.9324590149233
72430983,1734.73340643155
85345596,1428.7934344880525
24218852,1410.2318343383538
82044920,1732.6651278912163
28204462,1403.5603435483245
25544623,1869.6119134482228
98645538,1817.3212011005376
35786181,1244.0006727193252
56759514,1480.2053437555955
94979414,1383.8077049972428
52508190,2180.285248486214
49317061,1700.831628024558
76293520,1665.2540856184476
67067662,1745.7568154161568
11847526,1777.0500333974342
14139283,842.181539063072
35602964,1832.2803907327896
61092334,2348.4332655271155
69270579,962.5230651292145
47517321,1890.3097611265923
10542988,1647.63301946242
66912082,2884.9716773670402
42445139,1977.8972399712757
73053729,1270.006300663452
96699423,1227.8632580517624
18843679,1792.2482678272222
86433075,1526.20982428064
26883104,1345.0277074954774
19601132,2149.03803741556
37017650,1397.8772845264655
83138933,1519.9675102196215
73247661,1640.1507501484753
59307450,1860.821689654452
31131827,1367.4558038078342
69966233,1758.7738445231857
40243877,2389.54081049249
41951589,1613.9361965216294
36031262,1764.518435989189
42623413,1914.495597779278
67891203,1993.8167144718075
51970188,1653.4177228171418
24213498,1442.7583228163512
96242069,1822.9076998583869
41943430,1744.7685783561108
89189267,1165.4103367361256
19898345,1073.6439221871242
60572858,1445.3312498436824
34988552,2496.6101749848594
91110384,1577.296289150703
75957507,2079.4516254192417
64422949,1380.5897619526525
93823627,936.6832265423943
93745711,1948.4425593624198
17782008,1153.490825126553
40016743,877.1088212443299
78676337,1877.9507666633044
96591242,1637.6045877154147
83545822,1250.4837443148772
89501773,1039.2587432172174
19293886,1659.807935310307
58534753,1583.5023682399008
56198063,1397.742692906222
60777659,1758.0955599512392
65431978,1286.0819389974024
94604898,1623.688901863784
76197738,2290.8117438297536
81980523,1789.0137609701346
41676275,1390.8708251661344
36497965,1673.1687629429575
23177824,2013.6111078055003
85192608,1235.6834929009071
30289672,1533.3654121720667
98138275,2229.975541729535
57817320,1093.7103102997994
42234307,1528.2248678126987
35893634,1134.3151692276722
18195993,2080.2993590086053
98403244,2855.0995717471155
63004294,1431.124300902692
54567579,1785.04880738155
91568379,2333.154335684486
82476880,1250.2127079794705
55652262,1208.0053771442053
20373341,1302.6273379465874
58632297,2111.2305528659585
24786934,2158.9458673987215
43722745,1789.2594749864154
87508719,2305.1267092498233
80752603,927.79209203404
16698668,2064.972167925826
78798734,1521.0567794672438
18461999,2273.539269304218
81299277,1665.9216734097872
91417891,1529.6945171912853
25190830,1910.6943794026643
73164327,986.7741441823562
92759943,2345.2132272804733
18785269,891.7947825917342
67717385,1703.779637321565
68136920,1884.1603941355095
77810360,1559.1484411445342
62012820,1673.287673407603
55983128,1517.9411919844413
28119370,2083.4960770915236
34978717,1440.5011148033732
52374215,1349.644741418533
66651771,1038.6878725391987
49306420,1914.217591750589
57524470,1974.073898826409
50884173,1919.6067561932866
41477733,1605.3278124153921
14875840,1833.6493548006222
11186021,1244.6344348006041
36355598,2297.101366448461
54557949,1884.8474424277733
69426516,1633.1212985321572
92092667,2069.0704517120494
52668902,1499.7072320540226
63561915,1170.3869818768178
11154750,1887.9194806229275
48765039,1255.4633117619294
91136342,1532.1587987983953
41265217,1418.6193289690113
25331950,1427.2952094322254
59339185,1674.8137413328195
59925803,1118.4905035815302
15169957,1367.5495299002391
14437249,1696.0370917937298
98971521,1761.216013142346
26418410,1614.8907011742474
85892267,1846.377462948903
29358885,1091.3200109588834
90069301,1757.082854724427
11408026,2056.1176706086926
77952900,2798.5802507230014
83752708,1954.5033402278918
15243872,1484.7384538754025
20649757,1215.6068093335555
94157069,982.2176453371894
80138291,2252.164186151505
79658232,2522.7986200125715
20876663,1535.0912198536876
66248879,1674.1236029424144
98196787,1652.821938461161
11070217,1137.263210254978
54123194,2190.5062415817924
86862821,2631.5033454523677
40252559,1584.167449145456
60519623,1117.7431242426485
11098932,1576.3446178537913
77544004,1842.8676731186818
43855714,1590.698139871819
57112829,1539.5165025959575
69104738,1341.9429897973225
51426009,1602.2964393295933
96759585,1443.0058390116028
61695552,1449.1512744346583
29335973,1336.2760825430842
86711404,1719.006001928259
96132003,1374.5645834089412
71930157,1300.2294345854734
24207989,1133.6635158043664
81239737,1150.3725577370515
19246532,818.8369389335535
12541440,1209.82757678777
10876544,1973.3053189693444
11012723,1613.456497344632
38854043,1126.648012509053
78679072,1577.3866018444712
39567200,1694.6313226696864
59107952,1608.6317171642204
79981461,2114.338531757034
16385065,1686.7663887996425
42418677,1680.6170421187267
26750207,1421.892635272165
92430939,1685.408200474707
22967094,1394.7691796957183
40195159,1561.1999278371723
72466218,955.7114557734999
34482136,2384.7430943868326
13940540,1542.3443124854323
22725269,1877.0001660952137
78995555,1589.5036064418669
73638726,2962.091626532073
64722395,1493.3749129424475
89563722,1445.7594178225909
32568591,1980.147840945517
45801232,1739.0237806373573
20301291,2149.2646853922024
40244043,1793.6969094649264
64129406,1327.0354639934496
72297320,2164.933439361978
13456518,2064.357294590567
27325248,1414.5321157338792
33468754,1732.0211868478182
60910395,1548.4760538930395
32681832,1731.8107049642792
21428869,1612.7212332383165
86653666,1906.5197397607108
32786522,1307.1514772808212
64027869,1353.1242565541509
34126567,1499.7281392131636
42278394,1856.3426540998735
95376056,2304.8180293823953
99562015,1213.4227816941232
15133980,1417.431847793716
54026308,1104.6218563451466
76441994,1459.5353497513745
94110128,1892.1648335947357
20201258,1713.4595786505354
84604326,1779.0645135385575
27309117,963.4637018906221
85307886,957.959429939137
68918906,1617.3643945724557
16328223,3546.2887898588892
18599779,1642.3635406828773
54032168,1972.5410582880124
56206271,1697.3139457065292
20991939,1244.7307973808458
78007881,1186.1192851567127
43136632,2071.436999155579
26961880,1824.717214656504
59246484,2899.9524732943787
97485255,1182.9888525441943
21548886,1345.5685542377448
41405520,1617.5606383048143
17265204,1294.9061600458215
57594370,1308.5782002859692
86204456,1640.4241697511607
47896500,1330.0980986071033
49072175,1785.1773121511244
57819104,2534.7963113944297
38029807,1516.6119811970723
72219430,1456.2704286786234
51835434,1535.1902469312352
40820294,1093.5939067801048
39676991,1542.4954346570364
47329975,1497.2933875305428
40515929,1394.1752124518057
49496398,1191.7677062638488
79829278,2947.5532423609316
25676253,1806.0278588811982
83511561,1917.005177579714
97282391,1347.3275170234
48159381,1677.0209533958512
26133617,1124.955129258166
14830790,1306.3732955836097
38458641,2105.2156031943123
92902816,1313.5617762164454
67366474,2163.8042414861397
12931119,1756.2461669987456
29119450,1640.2886534613936
69182586,1739.8019206468703
95601790,2042.9945369180195
37235321,1933.1613122037459
18453791,2082.13342916142
73959998,2276.0702434172995
85145437,2200.0271021520557
20490331,1613.1023482867836
40505076,1398.612013422092
39895736,1683.754100156121
36927127,1517.1510954072053
68104733,1800.6913521316849
65498526,1695.364364976223
29077796,826.1555042157927
12700500,1857.660795889059
23234787,2071.0101436992345
32248328,1744.1529728442426
47710917,1015.5946435069873
53904169,1607.3846798425648
41795394,2208.9179974603
81931808,1744.8743558652213
89546300,1894.3116982760232
81512800,1253.783428797858
74490322,1024.9501910546942
77716971,2160.263250833437
76509280,1627.16491509713
86774198,1380.0090692025292
63795592,2882.8699525730412
15728342,2661.9157035196554
97525554,1426.7836335536997
81201227,2033.64286492806
98995752,1053.909134388872
88336972,2739.4630983041166
56577963,1650.873170827709
73375002,1496.1735063438664
92846400,1709.9094763269043
63160455,2828.661064059389
31277941,2123.6649827022466
44244750,1485.969050894652
46198195,1175.3654584499614
92939641,1245.3375395421292
97399227,997.8253476201303
32829265,1462.880367792048
73813213,2589.3290277770334
71142772,2207.8643345545465
26186456,1389.585288864319
86118507,1450.9262231718712
91253288,1555.7336411715805
16739260,1858.9645182494335
97712970,1642.1932392607628
33709101,1824.5986630303828
97473173,1070.8904682941832
84445365,1834.9503057064553
33683407,1577.369638447725
55156833,3257.4189725139663
39198647,1353.81720488986
84859914,2224.5769538661225
42321053,1139.316679976142
26496602,1718.5655007940134
87373088,1200.3945123491485
18576200,1772.853182560204
30304669,1247.6567099734095
97043852,2268.3695798659246
65885111,1698.4408497849222
67235670,1888.0965734302586
70791484,1316.8225791650382
80687580,1813.0414352421228
15865255,1946.2822140660874
50517128,2121.588036933697
72791395,1976.3649821532415
43267986,2835.5933004601134
93567577,1202.8665105358211
15107743,1227.2577756088351
50225644,932.2600350647078
50174181,1383.6385895597077
41401409,1167.8955555695438
80395755,1605.8423139106178
58616743,1471.1070646052024
62863764,1724.4294464246088
54033467,1280.4883788115499
36905471,1890.3786594301719
68728934,1398.8690518636256
11399296,2005.1196564686434
42319589,1183.6603162184988
71193471,1227.8398344715956
67728154,1306.7920156106381
99252537,1677.8871462424006
69554397,1591.8948717322717
57406844,1480.882521658436
17460622,900.7751062353818
29136908,1916.043885601287
88836387,1226.553350038112
56749521,1405.400685286222
42038296,1491.4114440966132
27575312,2092.3982982553907
27787635,1655.7910505488846
22639453,1655.9216513992783
95074248,2464.1012581919167
62398547,1601.550682158413
48210895,1779.537110970795
87163679,1829.6490980250157
84638479,1437.7275287925431
74277222,1268.366033172391
47124707,2540.660036134382
29597912,1702.2960891017399
73217471,3151.4575259738817
54203733,1336.4776822182707
86493934,1466.310135605995
50925419,2195.836826655265
36161210,1635.0875143630178
18638157,1429.0703698965985
95763224,1823.7340289951621
92017449,1262.8684106509838
30955049,2074.0625046259524
88464978,1587.2498502938786
81709003,1195.5764190143836
94640782,1232.542685409435
28684873,1397.4946521442162
82032258,1784.9676468927419
81929396,1095.1017414097796
69137949,1948.1582169647734
58556748,815.4734445841375
83494716,2589.5096222217003
51219421,2064.4604749638993
20118968,1184.2657732368289
56424305,1798.9219523027089
91040440,2472.1320584191453
82249910,1790.216114043017
65005094,2002.646407020055
14333847,1334.8770212180093
79940622,1918.008267830172
36407377,1361.627803310364
16485177,793.8584029528897
19967320,1132.8887874256277
86757224,1119.795816829267
47859734,721.3285347548126
15329881,2518.6156616737517
38097629,1801.0487352363693
63914375,1379.3636451997997
68107359,1078.6212203999255
30898448,1753.7506531905533
62098958,1062.2961624148531
82555231,1479.645637232148
74537472,1438.235947298606
53883476,1265.5772426467806
87349008,2642.4321450290354
60387770,1529.2837796915035
76029782,1766.6590465851234
17330605,1686.5422581712958
73592240,1835.7771447702437
46762043,2155.356385508877
35726404,1917.7968059908274
19188826,1886.8207037801697
69934099,1145.0014057752323
98236292,1534.9893195218117
66601351,3352.0873205449725
24082367,1425.3824979022093
86399833,1625.717265127138
29406161,1799.9203741558617
77568118,1462.0086606936836
68454220,1575.9949435739275
20326815,1734.957484416141
96392075,2104.3040267294004
43846930,1396.7862182828499
64059970,1815.3911017928158
59660323,1439.90267224862
30664289,1426.2601208496772
80504110,1639.1234557637295
69214158,1420.542108165183
37153701,1823.6783323031498
94463524,1766.0111972960797
27069908,1545.199043479014
19881454,1896.996651644078
62073736,1695.2085711213936
81301863,1599.2863970454384
84692821,2237.5616535193803
18061173,1222.499484626319
20396165,1547.722599570432
90290263,1695.2226332069781
53205197,1599.8434934576335
71639333,3140.038949126778
26581527,1695.3984448812982
88753189,1932.5540327200672
12152481,2471.5920779849553
66369748,1749.1758692308888
31086360,1491.0072374006763
68141078,1408.1409460024734
87072389,1830.3900276232525
97229380,1418.420626583996
14239930,1128.7639828279307
47067735,1829.3154172744653
23013670,1202.0517502164328
91166617,1520.9430149022844
46464430,1836.723530295648
48307993,1280.8430234284353
65322743,2472.430487033907
50086685,1653.4952818487016
65335801,917.9301492985019
83887090,1838.8220527385204
79333390,1672.6496818208211
84490520,1591.6118216457592
90753494,3284.8138372171165
17091898,2678.2136706999386
94064213,791.2566715573273
76172003,2198.660242886375
36639874,1437.8800942304697
93190659,1859.452771301589
77671761,1066.814511155603
64459243,1777.7079870966631
92415904,1481.9829550789996
22451687,1439.0967526267468
99098676,1950.1626267144632
96250656,1837.827265771569
43637666,1497.9374814747707
87755511,1836.964592960643
39642098,1445.2619249889096
29533984,1579.0953572906283
57860445,1420.058574384718
33335103,1581.672507443608
40928352,1266.675201758485
66938624,1832.7359496452557
97908221,1430.7787150210434
32317269,1283.6961088596513
56374872,1208.334200884251
56164704,2557.4869768171898
16557670,1427.9996474968393
57350487,2260.7917552902227
73640189,1208.0815044250405
28886856,1653.7698708723176
66838952,1187.4469673206831
73125445,2830.9186174424667
89817544,1490.0429292131264
69175507,1332.7900358602703
93099722,1846.8013584428334
42498618,849.6642004155651
58133975,1355.689837629932
50823382,1502.5168287135582
82720881,2358.555522990833
47566077,2450.1332069922764
77236358,1945.55783709813
24977235,2792.7519361449517
82212369,2800.30854676549
61416619,1650.5236366608485
14011629,1101.6654037305893
47820649,1104.9341644061
87027470,1249.065904212642
84406467,797.0352310438955
18483336,1798.8768404968275
11745857,960.6093852549964
72009137,2068.6954445302326
21373342,1431.277825274124
50764118,1548.7852513167168
17876513,2704.1864208469538
21573530,2595.2007970359014
62535056,2276.4740193290468
52924658,1552.1979939127407
59116751,1569.780406373857
96464552,1622.4140046966818
41877592,1950.6749530281443
27556664,1125.073515175021
82049392,1541.793353210179
21890177,2295.5213000453878
84019657,1217.1684972015537
70836939,1346.7331778042453
73269246,1233.964811667265
65430516,2065.9811675119745
15552867,1856.0647688529748
16632045,1553.936466131849
58510236,2109.4641205531366
94607287,1200.8554091073515
16582909,1137.5079981825018
91254889,2381.338429704659
52951693,1471.031177247353
42015762,2182.8375190207626
39537878,1534.6820217936083
75334066,2241.01843034147
15509168,1797.3089329684858
21848464,1211.973619296101
15512926,1779.504488566486
19852776,1306.9565126002642
98991290,1598.3096476057005
67867067,1630.5676340721093
75069265,2225.614493046414
33163007,1011.6413363247157
72461037,1299.3368971032658
79368575,1955.7823663161005
19283832,1544.0745739388963
74686369,965.7485702183249
42431987,1032.4181994156406
49107046,1950.7016255290362
21631633,1451.732326568605
57757752,1271.5773327015486
64260092,1981.9068615372005
23733208,2216.316350191558
81359267,1740.0859367923579
78964700,1619.8223236007798
33821569,1772.9819982626843
52189182,1123.7744434563394
67362415,2178.500691737375
32252347,1561.4140066703872
42461075,1333.6914085614153
42564953,1927.4192896774207
53441096,1368.3127820913232
28942045,1340.5193228916062
92173510,1595.6448881297922
37939234,1895.912347443904
83072941,2857.037278502345
72001493,1959.2452489981324
88722560,1034.7816664741435
24458695,1936.0828955568572
34236973,841.2039932199536
63527431,2572.174167871273
35020078,1809.6944426111443
96240931,2602.4581639999074
96449025,1191.2626072013277
73324268,1069.8901174157468
20943504,1626.8901418929104
65163807,1084.4610825419284
65735235,1413.0279756838668
34006121,3029.425936039688
11206259,2165.846029250429
21142225,1674.160196068736
43933688,1530.0005716374858
20195114,1379.586417260023
18089453,1814.426727699925
87927482,3010.49123204055
72119177,1236.0071465375615
68722653,1403.1980697332926
99012228,1668.161159339339
95191404,1388.8335597560822
68494900,1262.5787907527729
11789848,1632.5075317549395
51367435,1794.2464872604885
83199690,1290.7536314620468
44222449,1298.0885559519436
97059152,1274.5978971425377
21321783,1300.2408611568308
89238156,1638.9760410426452
75658495,1352.333003154294
80514422,1041.3297504340155
80098101,2103.5347935434847
57507250,1989.4357391270926
82869937,1469.6928355886287
64737683,2676.9209760539748
64663030,1232.6036227567597
22362250,930.7683188442238
51054867,1135.3466652587097
60302181,1737.2974640560012
89897892,1898.1797787086377
99745406,1693.321458774209
52137793,1690.2511766816235
94617943,1890.4387655699547
92402481,1714.715844554592
29177060,1640.8636564597207
96789879,1960.8212699113608
16733828,1487.074499636773
69997197,1918.280909858689
80009529,1514.929376522322
70971147,2057.618992072066
89268742,1680.7651836852506
81559172,1763.3432729272163
19799436,1674.3167973915436
96316683,1589.7924636058794
16202604,3133.163840802922
99234264,1487.4042457065427
89790861,1512.546181677953
80624261,1331.051680519407
98327008,1485.3773168400808
43114030,1860.007923227225
38992659,1101.0759815258298
26185292,1724.8129186397719
84958392,3462.1665941982046
63532044,2173.465218552364
72780852,1416.1734655964788
63755363,1914.0955152528907
63435369,2299.8163585145567
49085103,1292.4043440654527
39826465,1452.4209246039647
89335030,1118.4191480972863
92393797,2038.779586012756
36385689,1257.6465404738087
14218024,1100.191664124588
43067447,2410.9494786246164
11821155,1899.5934031192112
96671043,1271.2859282226086
64977532,1875.2628502295017
51923648,1654.5543221284343
52082499,1639.7371155566484
58693008,1180.9094964872738
77432555,2040.816656264336
11692478,2814.110149246005
88536020,1431.5003290091522
13996971,1536.7951450647893
92291100,1685.9318305266277
77799089,2532.3105582480916
46970679,1312.3503140224152
96819382,1866.4808607766433
25751312,2489.259581951355
89990705,1057.4397777202814
52038068,1602.9686276369862
32344173,3839.901724399349
33993191,1380.922972540363
52279123,2317.591364121109
18496274,820.7258136576816
89490563,1624.8160720307803
17329696,1885.8496003410332
16967446,1549.4390862980706
80888202,1196.634035383475
14661504,2042.4978673789417
19604443,1781.1757367837367
37821572,1078.1401166090925
88831769,1628.3309660026514
32405077,1853.6418797834276
52763362,1391.2222078590983
75573252,1651.2227492776442
54781465,2185.5170167145507
22599480,2000.4999278037888
93311234,1074.9560840993217
69925053,1371.295022204762
12598333,1859.083867907361
94909106,2048.8745647294736
86019408,2606.665396224137
96477826,1451.9164951534347
47575439,1926.723353179453
44219472,1302.3183256086318
14808414,1982.2213547613371
51535602,1305.0162076231845
85960705,1461.677032011233
52391461,1456.3200632331282
81172596,2479.5429332858284
11351493,1775.0572710211484
72733290,1039.8518563084203
74877854,1585.9878467665264
27680792,1311.5211133438022
44946524,1954.9909399958092
23475779,1807.18865548612
48465422,1153.7610926831062
52076835,1302.0716148672718
44646564,1485.4564349140387
87277346,1280.3666206819373
47973044,1640.5289318527502
75500097,3467.6968306152767
36145678,870.2449996679059
85625020,1473.860942326826
97404967,1459.86202383493
11411712,2322.936966523347
80164594,1125.7762476701605
30555374,1074.4169415074152
93243676,1801.510789898933
12801610,1056.2451598989737
58651288,1084.216700686781
52409464,2300.3026903161713
26481577,1940.394849661291
99557550,1071.7542669391532
92346786,1047.2203965565807
33277389,1101.4832857335996
78792921,1508.318193293081
89378277,1802.3579210287949
82856305,1665.1819731046048
30767488,1622.344206821527
36397903,1313.7659963461876
64870928,657.3980305603727
11575457,3645.637616569921
39041845,1372.8958231666004
92898654,1887.1276019142165
16929732,1537.2736087927944
33334714,1198.0346587329304
12221534,1920.8432632117967
73945645,1493.2324255837757
68971550,1513.7649960169085
75565371,2061.1802885609627
59677619,1265.2026794311537
93539814,2111.8824860341315
24106217,1527.0991374698153
55020351,1454.3343482918003
15672017,1514.6131949462642
10841847,1447.4877981404013
86946687,1272.5375265978691
99799054,1878.511254885805
81128474,765.90288279687
80366080,1309.672870237869
10218336,1274.7815760426947
72351128,1427.8895928048412
56132260,1493.642018693925
99301338,2668.1673481644825
84453738,1281.8483660692148
58188871,1846.0495418457303
81971342,2641.7948887280686
94124547,1432.1529449868165
32266038,1652.921398517726
71760843,1545.5553203192549
77203995,1555.148106100224
84611651,1451.859550259017
76627771,2032.412375888768
12653847,1688.6792053739607
43336328,1640.5787345096323
91500607,1607.498302565136
68213549,1467.403166818095
35549327,897.8985373458279
80808916,1502.996525431744
17110481,1533.2669350384829
99587119,1130.6192810832736
92334856,2583.451867270317
53359226,1478.540540979388
80618402,2829.151991620546
41703808,2002.1551878529517
19195409,919.0996302809444
76941149,1702.2248897742938
97584818,1378.140685213036
56683377,1586.9726427413823
67011320,2039.206576677346
15480221,1771.6848363391643
68081328,2362.051221768289
55487684,3439.3521392268894
74199206,2490.2989509630866
90165063,1697.967248957751
36193583,1758.935682182683
10917950,1261.5907795281037
92870312,2074.0249996464054
72030717,1928.328790572473
17113758,2954.6752317123764
89153386,1424.624678461427
45809568,1746.956989348613
30803532,1542.920482931826
41936053,1723.8349201049741
14429173,1610.2011386825072
86629786,1711.9195793874935
60024688,1722.1923262619428
75100924,1790.2440202110438
19587468,1362.1407673704512
88088850,1477.0355542648535
14339658,1322.1570946489921
93643220,1484.7785653767905
61257147,1862.5997086861187
47372664,1752.5942329127913
72551157,1373.3811141472788
70006271,1589.8846148807838
66160499,1038.2946226779716
14115358,1235.9489228236862
24138292,1951.218335786191
81649352,1602.9118605895508
86450554,1354.0057370083875
43772724,1701.7446944646836
76147600,1726.782589856749
37814705,1803.59148632718
79438450,1835.8125136402896
30374304,1425.050716386953
54234194,1165.2753759441866
94516994,1818.3344711996285
15639119,1833.7150109967272
98234744,2644.454763496485
84292967,1302.5084572742505
14583946,2039.8585508338879
74680521,1362.2815167379504
10214287,2051.728355090392
43877051,1391.8307630936902
28904050,1338.837995689293
62063260,1917.3061762653588
50651267,1707.2482958653818
76093719,1515.6679975154857
42788012,1368.822551679751
64271564,2522.8135654752205
36033563,2296.1788437256396
32364760,1637.3984697666824
82718318,2284.353503799793
42781597,1471.8252381871698
63047151,1302.6942433253964
54331908,1727.1069120358088
88556646,1143.0795755725856
80038856,1651.9380738213524
62561061,1510.8651435478878
65834717,1295.2963893946928
80358828,1786.5045407090593
35099840,1956.5820964388645
50872993,1446.6940936398348
80223193,1863.6669668896227
28448374,1636.2982515465233
92231676,1681.2905627714656
65717894,1577.116644658502
86298764,1457.5717378685306
76299579,966.9221577540536
15449921,1299.802752706401
44677435,1461.7694958115128
75188492,1524.6066442933236
99785392,1518.9333358363135
27084775,1321.4697318161598
34483861,1538.3143175748212
44135541,1833.9473441253215
85537076,1294.7644360509828
32577802,2128.141423713414
58632323,1719.976674376206
65794441,1453.6218507690849
91626972,1518.7692327597679
80568466,1290.3639339089193
19317452,1287.1054104127636
19462773,1120.3004875124702
16861573,2011.2730386048263
61543398,1272.775422800814
67189144,1715.508914093014
46184090,1161.8657663024842
14969625,1019.0790848083891
12339000,1387.4888583099182
87651999,1310.8812981340168
48444572,1590.7704932195672
43026767,1106.3973603134455
25666315,2067.664064055129
85141494,2018.838289619993
10196732,1343.3476748362382
89772932,1136.767570903749
76197106,1625.3829697847327
35668637,967.5704529737225
47789451,1248.679163370086
11772481,2307.2586100348585
92352486,2123.178461818757
74959731,1341.4439057550987
24006644,1188.8198651121686
70184471,2233.104677399015
63616459,1818.3477596470173
65420176,1454.5752389855306
52778454,2945.7913365131117
20334394,2413.1810937977484
29566160,1962.6459732790352
41218910,2125.457547609979
57645530,1112.351224569716
32753016,2387.038803758923
53485349,1536.4388342174811
99359057,1510.3638998781632
50033107,1473.1306365913201
21562381,1770.0036344688356
77828671,2476.559335931691
59082786,1396.7290918807503
99756703,1133.79997850475
62477883,1174.8995083486643
62194095,1750.4057111256568
77240295,1599.2602729708672
78173906,1382.340976460665
51850860,2364.100070529201
36247163,2334.7655549162287
80372868,1288.707127489712
55810884,1444.1983120188982
39425335,1160.1728421672713
64769998,1508.514806564929
74184119,1692.441711046986
30910517,3199.136752831827
82036794,2129.242279561542
27288556,1454.651551314237
73750248,1180.2659257803577
93836103,2216.5595021018594
21006367,1583.425394962146
93898545,1244.1041021070434
94582565,2125.42609171385
13137522,1280.2307914411838
31604761,1566.6535072743757
60718232,1238.2183020286575
22356430,1215.842228130858
39386475,2685.4517784053905
16350350,1559.024928274477
70755780,1616.2306491914555
55920671,2317.245114080821
30409198,1407.0561647515271
12366994,3070.5453094999925
99624161,1773.7651434643865
27085439,1799.6048072522349
26222780,1345.754064400767
13513100,2102.566414546154
83619693,925.8299226867762
65230131,933.3044446490051
74197231,1494.8241048438733
16535315,1321.0878924145627
49313519,1535.9211488726826
54192335,1513.6577171279798
80736897,1745.7057527867626
99406225,1796.8804917120774
67818530,2905.6639637027124
84284655,1375.913463307823
30897932,1262.5571717744476
32254189,1410.003245563762
31849680,1785.3904708169093
41359333,2201.0737748312495
66456629,2534.999945817107
68729486,1605.3579995954235
40630348,1723.0490827853
93988333,1652.771539846095
47811524,1086.0003263617402
98617237,1604.3193513606423
20362387,1210.9663499240019
84645660,1073.2418231054476
16861971,1671.591809340323
34588999,1385.033374786359
53427517,1094.5279364497983
42513475,2018.5347709556577
57705547,1629.6666893837294
49742880,1625.0566378637814
66920323,1857.9375469559925
12354776,1325.7080894834367
25840613,1688.8384909524227
45114259,1995.5104307022154
49079923,1692.3631136229053
63116367,1040.6235503559146
63802912,2082.502929228959
48974796,1342.668026993529
30061599,1093.179084318457
68578654,2180.1622820625907
54173227,1508.3325551048792
96680380,2054.9193478411266
23868064,1380.0857003817857
51824090,1700.5026204784688
34839733,1227.8518716064184
80054187,1911.1846177300367
12685572,1631.1607836147427
41567061,2462.7547933966716
94877842,1203.8418057806086
58492968,1013.4673717214437
71326484,1069.8449930445788
70920278,1932.3599282338723
54663137,1696.728951264246
32126460,2024.1518792250129
54874790,1872.6083492469809
13538436,1478.339877277832
30100038,913.8247645683159
80017866,1061.8413607794016
64347455,2640.633152218609
13683069,1871.0698127909177
48039428,2301.798328410306
99567150,1552.1074723956553
85509215,1095.650892072076
60668698,2092.389847676373
12191456,1893.3329253680636
77765786,1592.0767780668295
12528361,1129.0229502378463
58442957,1023.4221217920199
54303594,900.8074127404659
27681147,1412.8228811791707
69098569,1218.3541887697547
95221316,2039.4548227247856
40109548,1690.662151358013
55576313,1069.1110938353636
53153958,1508.6568415209372
21200840,1597.608665126105
50894265,1081.9501355406976
23626838,3769.1010235806993
12418418,2093.9819880208
22706358,1599.238184516703
45395670,1360.8402648740453
87327017,1532.4377777083446
13017114,2064.10027600075
32271547,2158.3914015065116
74538679,2081.546351541407
39506103,1546.8804768888315
46816166,1367.059207927955
66503105,1779.7883820165011
65579176,1822.9414802535298
40074247,1731.1285352059026
91310031,1511.2813847417515
77444410,1868.6379845453605
69955281,1669.9238910004112
67331105,1820.168708132133
45643632,1669.9662168725847
73282363,1324.662634649088
13642505,1396.9785478737367
68901430,1749.8051825371274
89906679,2075.154099497518
52711886,1177.978857495946
79575331,1407.9118234939333
92616283,1349.2813213085014
30763055,1150.9163333429317
16611953,1606.308340232848
33070179,1477.747317255312
80347205,1694.9871146532614
83995335,1819.8903477000636
14535805,2420.527743275385
84879838,1571.3228574300747
11864901,1415.8794265515949
14658965,1151.271371185984
24293507,1428.73768767198
70453525,1695.4466419030834
87798104,1285.2457083465627
19197193,1581.0943044458443
28284548,1782.9806445932772
86044842,1682.4273273947817
23057275,1832.826897782062
27985337,2208.356763840544
22587547,1135.4075867787003
12855508,2875.9465279261854
64337495,2098.099087311848
86712331,2221.8681771648426
61189156,1416.4950525492468
91594873,1750.6099963195065
54835971,2010.5542899680302
44370830,896.4015081933794
23684803,1487.3337116165808
92481929,1837.9953801526067
35638424,1615.5035993868748
25657749,978.45241782836
39381975,1467.619922344189
72999107,1712.999665284246
25818586,1991.5065923996424
58036789,1907.6550822633185
94320377,1548.8095681296466
47110506,2257.3027286087513
66399362,1837.930408222148
68909982,1558.608003610325
16073310,1519.972480284906
43288405,1120.371989980084
71579560,1749.5578573564017
16507355,3417.7610162648048
48802207,1267.4910060013572
89915294,1722.983220133088
97679852,2269.155818809686
29217698,1961.8916859026235
27435911,2744.0163050968163
78879242,2075.062370966924
27175130,1583.4597327042625
29020135,1071.281927903998
78626569,1244.5372964895973
71067812,1340.0142176801473
96690513,1541.4909416229582
95531962,1850.335465812291
98356800,1103.4499178773217
86104439,1144.2624535863292
55595900,2196.4820405262903
75208610,2032.1204748911846
15300209,2129.801111648206
61949363,1156.335212238502
65881085,1684.741844932445
66803690,955.1169063473146
71508510,1740.9097114957722
77429269,1217.6007723641287
70868754,2625.259052266241
93223292,1916.8980197253275
70378280,1457.5185523443945
72142932,1307.3587011451652
88911193,1243.2656050909447
89761834,1741.3146726079776
36836619,1691.2042258095798
53134062,1463.5084881197056
98828461,1947.4870758940558
55370391,2330.677520407437
69978664,1405.2773324142402
48824111,1397.607648100086
11383415,1584.4285751714096
89041808,1881.0723676773964
31864759,1726.0555380544283
85436725,1461.6662337702196
12287678,2580.1619360886416
54577919,1616.2506234683742
69095778,1458.8003632059842
86755087,1537.1613565602665
87570494,1531.8883050741472
42971075,1648.2353200450345
19251821,1016.5113817594388
40154766,1232.4547512103948
86599495,1734.1583259571933
88331508,2219.867551073517
70254717,1425.2512327307268
32105523,1577.366917792839
42241465,1274.2881386609545
66334048,1454.8616260361625
56657286,1368.0784127031754
99489082,1552.714009158553
89634976,1730.965460255566
22529712,2043.8207016890299
93452559,1799.3096965317275
75276107,2471.6917681374234
57620607,1278.5738013298237
11822194,2225.1902749523474
85101585,1746.6024676734557
73640715,1906.6527332444273
18114714,1311.8469049720063
62352450,1453.1738823405753
88096618,1933.3344519515865
76855836,1352.0842876085171
76968795,1960.3518117662836
19089688,1497.6693765632076
93669020,1250.6666537450158
32221954,705.6942631652955
80149491,1268.541472461234
90863370,1453.7782104294822
18955449,1831.382071937395
46106075,1259.4951345353693
64362412,1257.295519124611
13228942,1263.145174680877
18238798,943.5144282124124
17197174,1389.0242340359623
56883307,1504.2072754860844
43838074,1577.9564758538966
94366977,947.772637051635
51114116,1619.9456955763656
91929625,1703.532200070749
72617691,2567.502909574878
18081983,1505.0601540781922
41430371,1173.0041921200598
18768333,1395.8747166738092
97670981,1575.7635266378581
33138884,1771.3745096973357
54769750,1682.9736593842165
89191521,1599.8117689391206
68771611,1301.897322687142
69658524,1527.6937770348904
72361657,2460.1813808749584
56548670,1109.8997828218046
78323750,1701.898085872894
30772189,775.2934905332672
48525110,2061.997202636064
86995869,1496.4801945902584
17626486,1766.923066288587
25200634,1446.5749413094404
42675735,1348.1099592296946
65493081,1749.3406379378412
93613666,2253.116935314173
70416961,2563.744236718678
29938065,1608.179257137409
49578380,2653.9674795088713
98870679,3771.61334486292
69931311,2044.2544320410855
53406287,1361.48923479695
84279248,796.2891195606949
95721664,2059.91247837743
86560148,1421.2333169422232
54643141,1515.313568265647
87296829,1704.2083393557702
44687814,2437.543210588327
17812890,1590.1030894845626
55517272,1565.7174386787976
83984617,1354.15728113092
50681051,991.5561858323149
74119296,1562.262334108349
67223450,2191.4982347371615
77287132,2413.9965295133247
36264517,1654.9261123797955
42898261,2621.5913153508486
62830950,1692.6335608813938
34861949,1216.9703702941988
73511243,1351.9417505262973
21486168,1700.234675894588
99309538,2248.912249208335
42037617,1461.748528205841
54746843,1142.3006607351572
47539615,2020.3827273210659
84768747,2184.238311941332
72954519,1583.362292202252
86653160,1074.9232231492942
24350012,1206.2871829088476
44330162,1368.3106074556097
40410889,2569.33986232931
14017526,1233.1929570703664
18494070,2509.683564721564
47916307,2025.1665598362133
39725498,1746.3778490959776
54156054,1560.3150976387135
49589662,1736.748960052075
87793535,1877.6209926955014
25123851,1976.0387094227153
55319133,2107.921777614792
35955058,2375.4124596668066
15784980,1659.7288086828607
63967490,1665.8140641444775
84366303,1589.184923845279
32211409,2126.745537026445
27475512,1672.7135901275115
98385904,1331.769801676214
74274926,2280.018146250395
26137274,2018.0966783735164
35706395,1692.4290526645757
25432073,1064.0549623757297
56493804,1359.757205703578
21783642,1758.9848919038982
24274717,819.3910785814342
93363592,1028.3384074463288
50359798,1346.5004976690175
76057356,2088.7056041159176
34577569,2440.5702846561962
13432670,1567.8726506391292
36150614,2084.32542289687
95883486,2022.2729132020643
17035345,1866.5050196271156
48987823,1398.4368844959683
18853302,1566.0634582005728
70059479,2237.3068443594043
35830006,2018.4342625449099
83058209,1536.4768772116438
52239160,1458.7745709747744
24939237,855.189352070545
48271879,2269.072808124023
58898302,1505.5883684535231
97505252,1605.1431535420572
52580265,1372.3731443132478
59859756,1923.0453325955434
59531100,1976.9427405490221
82820692,1741.8076473773617
73015543,840.1063645328325
50663543,2242.077113304728
61349439,1705.988810771553
82745505,1935.3484724236264
91058293,1211.8911092408148
17937997,1804.440933706442
48025378,1496.1332639619268
21558049,1495.5423556477758
51468147,1875.3149274060672
87943582,1057.5907282216704
72989675,1097.4443088188077
10828659,1579.284181533611
78868242,1519.5799535669985
63610417,3401.744585145981
13037947,1225.1806714681695
63051485,1685.1191892639674
42637767,1476.8547593749313
66029975,2577.4443730420685
41368516,948.5222524449612
75570412,2015.0472368148012
58832659,1442.3548854888938
20746324,1794.6086477547726
41047714,2142.5880830174365
41430458,1701.5729446806401
69198371,974.1015871612622
46430156,1551.1039781056043
42120705,1150.0358221479944
67695943,1319.6041733299585
10655846,1495.4161587155904
56387239,1579.5893208475338
73136827,1391.041702169815
66107772,1929.2607958286576
41597595,1203.5865205281623
27035754,1589.2798349422594
94233303,1329.361185554974
72371862,1530.609426926075
47858586,1819.7288495834373
50074731,3123.5673890737535
15840349,1509.5196103245928
27527024,1435.03255941243
51445447,1312.6454318812987
83042677,1290.6717081359468
17433657,1408.5418469421322
83477453,1979.1662340892863
58980418,1672.3415105570114
49038207,1956.82080173249
35105997,1366.6121629549068
88328473,1944.4860173889476
49929992,1988.1974050249057
12057690,1832.6544388464467
22485986,2088.4572310537405
18944255,2397.51286669258
94296460,1474.4509551178032
15325948,1741.9235236598438
80036637,1545.3005926245478
63707416,1516.9285339415349
33357067,1925.8261907534018
76260292,2077.3204301188366
88542794,1775.0924911591435
36624049,1307.9163371891364
85370002,1503.7210406425256
70947321,1532.7214204866418
86215831,1094.6209692483233
71799918,1540.3887525014727
70779429,1695.7188048423604
28177790,1164.8970392334263
33416701,1777.5904398703967
32210074,2551.3342422387873
91177225,2215.124717254281
62230096,1641.3779328775906
27830922,1266.1650553256434
20292159,1650.5936660441946
72135125,1226.5657498792202
41060839,1782.4551561515034
14610723,1437.7735516601078
40291165,1754.384209802882
76063806,1875.0953711403874
21250419,1884.2307326312298
67512417,3325.906188071181
33443292,1497.806443746796
33660955,1328.348850076784
33504001,1398.0182732652909
59014872,1307.6525606069222
48423806,1245.0591249277784
81227220,1241.129382970115
97904600,2073.2824336667463
80141558,1670.8929438741418
13290868,1533.961915437264
12913192,1304.5987751786065
94144440,1442.1802811516168
53033174,1785.1278216173016
93735706,1544.408529954736
59909555,2312.3749516419025
99555121,1476.4867375836438
13256013,1361.5661619139444
93540353,1195.5947894180747
97837539,1088.7190571616918
35669129,1473.4904133200134
50012137,1490.8187630371924
68173579,1504.433509618882
59440623,1260.0582344957927
48714672,3064.448494957756
86973367,1561.5298161570956
28395212,2069.4216230429392
50017530,1895.6740903616273
48045601,3052.4457773575987
60427063,2373.815356676153
49061177,1707.9940299669947
42896715,1342.3169703516908
97451418,1844.9341066729708
53456411,1108.9071406540256
99184358,1109.4968688421163
91879007,1470.0348353951613
76424273,1292.9083865323585
19529774,2190.4446050765923
60604201,1237.206801153428
96265561,1496.7586079896998
84388943,1725.7613759894805
22143961,1772.5303953860023
14880373,1567.7893183595083
98124884,1343.3501643842105
23434755,1064.868006852774
36626131,1397.0294523386374
86172967,1744.6490857152733
89507826,2439.124033608136
51984404,1150.9032311618962
21328430,1624.1133829397318
46133239,1379.079673860279
87118588,1348.812117752645
72466804,1367.9745780326625
90243251,2257.074263581819
31491219,1860.9287382829723
83702289,2038.1232207324115
78369132,1315.7179302764343
12074272,1299.6988039059504
77297832,1699.9090719498802
91732264,1791.077967898983
51116865,2003.1878709286582
81826443,1924.890407043898
26192585,1514.0028881730393
72261842,1383.6616451977545
40619619,3108.8678263472657
89999631,975.4192914008477
10490133,1564.85058341883
90054183,1063.2174724480356
62212383,2178.0546247106236
19863611,1800.5175030619318
51025893,1312.7379102806872
83280839,1026.6347497048034
53701664,2157.1265693864275
70474564,1848.1074420345599
52730115,1653.6846569523545
28945671,1358.5248114397425
76905104,2186.3789247418113
60340609,1445.4464970525812
14262244,1429.451523011123
86114877,1749.8550815623425
24582504,1681.462549397183
77544375,1338.692352221861
18212637,1520.3102808916642
31107635,1196.1699759427697
73185236,1121.563925748183
73413665,707.7475962693577
31204532,1716.6885383203432
16646519,1199.6298992908864
59819313,1397.7001032489175
58041963,1554.2978314626587
73177607,1537.5603975635524
65489959,1966.2420350975437
53892134,1902.01389583906
14638825,1811.8875225587828
61652212,2321.6770083832075
69208062,978.685598426152
98205776,2923.416108575656
91953270,1718.8946675366774
95708788,1208.1703245800425
71079776,2024.9339346502259
10948901,1361.3901146744831
79084173,1294.5557236587033
41410746,1404.225166294015
50927968,2160.1632372032122
99511873,2242.3218476483903
87562260,1403.8514975875792
48098997,1650.6713472628703
77592143,1703.6077253261606
50298301,1256.7641605082413
95160336,1201.3784874573948
13581567,1234.2507297630116
76106706,2450.936967804365
53880590,1752.991553548636
50270200,1963.7606609842492
13098948,2245.0134627909015
81835258,1230.9796572710534
14238786,1545.621945176503
65288499,2229.1034371986057
29149871,1734.2225091401483
39551396,1602.7294977407746
77375335,2105.7607585762767
14384374,1352.1998194846904
63368293,1728.1666254956492
25141477,1842.3923603511564
37822276,1345.8669388664546
62473299,1757.0931564028635
90467887,1728.4465354526576
62270028,1785.20760073733
62101686,1490.1310887912875
51642126,2866.3053648514697
50281814,1765.5052440163902
34969698,2131.429460719214
46962155,1935.2473204106786
17638609,2079.9985486828036
59977095,1069.5657908749074
75196820,2122.6744708937977
65141041,1573.7001529968259
65986306,2007.6819686127346
99818911,1750.14501282428
38328534,2275.8106384630896
31204739,1496.8429115355789
53082885,1259.401934874136
76244528,1203.030371029891
46394887,2185.0366264809354
65939511,1622.3693655539385
96048217,1303.1755653682949
60425489,1318.830969087001
69419323,1756.5912626918632
15008203,1707.9690031803327
70058997,958.2168726612251
44067940,1940.618774398422
47031542,1689.6019826569961
28929546,1835.7636496206246
34548603,1924.6378285188568
36515676,1194.080169677367
42765717,1548.432149662105
60296558,1830.2857544162225
84332226,1645.64945969936
76539663,1824.9623676203073
73504572,2581.5586231490092
64646486,1835.455957342045
28262602,1547.8960101182442
74447096,1581.0011288759688
23247586,1231.9419392477103
99044390,1302.208540725719
66743385,1528.7901320886067
62841747,2151.447307678094
98271312,1578.211235379023
54969068,1908.0764544780786
49548078,1765.202584009234
47147429,2062.752891044605
46113098,1490.472244139
52623517,1634.2367492227781
43618531,1903.5520042907913
54174309,1021.5375153825976
21908078,1589.8130689690768
56753065,1390.9357975421417
22723502,2645.2289905615908
88620530,1123.826909293335
38560702,901.7395926175107
66126723,1184.4712031483455
24731893,2477.190407799812
19472558,1369.5500456982209
44766250,1364.9815309557905
75919229,1456.704417173703
27459467,1719.6098825165702
85529275,1279.5906775327758
88503537,1381.0189270511619
66147417,1602.9480923351148
53916103,1624.9530182681149
65299077,2190.725831701915
82070950,1087.506161188027
69058105,1239.6942696571512
89985793,1899.5890132415632
38430174,1695.5945665509696
24884771,1171.39237544894
37414962,1865.3077350073993
35739187,1278.6984254795339
52492779,1898.8074738806288
70409358,1773.1507085263474
38452011,1521.521587208577
43879270,1098.297675783242
70351120,1701.4992540698647
47671157,899.8250522747635
60667365,1358.321760443299
85223481,3077.8661177170416
83739939,1711.432094155476
36389934,1491.7828452946205
84194560,1400.0796068899645
66937745,1850.284026414384
82520946,1697.2345806346527
52339932,1145.6629795240624
19641281,2028.7255424783784
69795343,1845.9071851714568
99135350,2631.2002701149936
27549583,2099.343379608041
94476832,1163.5245860825007
58221865,1936.5923271358322
25319395,2063.298408629349
74970303,1431.3004666533632
10305170,1095.664138319832
82291258,941.2884002570377
81383048,2268.3935790739474
79987158,1299.1222297238824
13533229,1992.9262395161486
40426833,1860.1147213588827
79077516,1295.9976646863875
49738320,1409.698406187814
51126693,1867.5109144082733
52635836,1930.2143466405676
46715477,1576.8490378394656
82258908,1869.2156273785668
56878285,1827.5456916690218
19130210,1669.5295843851843
92849186,1782.2710015625235
24338810,1705.9788447778583
24758650,2248.845995097639
70913184,1864.5024289458686
37987399,1339.3173362440848
74913796,1332.5146143190454
17667485,1582.3244583384067
64222955,1147.3882043821773
96958008,1511.7423974110038
10416049,1796.6592679703258
60398901,1134.1489303605645
24738469,1732.8569104285607
50592747,1830.8193729141224
96289055,1060.209438813723
38420705,1226.2555748574082
93968498,2429.6120012583356
79579077,1053.9394304805953
66828068,1712.3340221379924
96166759,1922.4776593012134
32805078,1352.9372496265191
96021280,1634.1097477446033
73914137,1299.948413235318
38819078,1514.1227868467336
26837951,1324.5144789035735
86644106,1460.8501655304533
55183461,725.1200200426169
52422099,939.3467410769688
83190904,1572.9311570568154
80939883,2042.9026991425255
12388368,1379.7271470023563
15537990,1326.564902124121
52619092,1696.4796317476519
14251589,1858.4249436663927
78390765,1482.904520704591
43497859,2065.3070594401297
18381852,1616.3127147958203
53390528,1204.7884330222114
32023086,2123.8143233290216
55881129,2138.3020836161454
56955427,1833.9497387537238
78797526,1081.346721025547
81441605,1879.9469213804878
49418138,2199.641179441516
16343356,1719.9114791028435
50953620,1034.506449040424
80530984,1559.5177141041843
92363214,1372.2644853637748
11505021,1026.4197262362868
10464949,1959.8751013980093
40174242,1272.2589833142622
46922794,1101.8454140873207
31165878,1674.6790362478
92160351,1848.3756776678863
97225599,1369.4565319048322
57289385,814.7212832457919
10490505,1365.1619492803936
40593414,1441.432226107665
69535718,2125.5170174783425
29927353,1358.7714306431653
65834728,1380.0953749533444
77297694,1184.6920008071556
20453767,2148.552841340014
38742201,1965.0734808623517
44178016,3651.1702138256146
26155961,1312.1786178711657
85037563,1409.2813166870271
13481675,2246.099495102272
32710978,1939.2060412193111
42008191,1555.6406135174336
13117186,1424.071360992566
32427009,1571.1593267132778
77926757,1629.127546552416
11233435,2192.2690378099405
16522541,1354.8120072208023
63770815,2041.7898877603905
77164558,1343.8579504000459
74405387,2242.0799615511555
74698287,1470.169455631844
90725998,1788.689767929932
24204802,784.8835352246635
89034765,2100.5401923535824
34875172,1365.835406114183
74411316,2427.063670667648
81157871,1034.5382695004394
44232316,1817.6546159389316
48083558,1759.5580566548272
75280463,2566.0544603621697
11329117,1914.7066201080368
67082756,1524.201190291189
11237434,1184.887607831373
69921139,1367.8393366405965
68448780,944.7392225510494
77761059,1541.4548785915892
29006434,1551.9218465070446
30190038,1700.727453248797
28376932,1682.7284693930947
39355382,1462.6275133340291
42494595,1684.4397489278215
16756651,1507.5759425746542
78115658,1726.019476218569
27261411,1783.0399434774256
71919180,1760.4265577612628
99090920,1500.4054188178723
64351618,1851.492822242881
88658759,1162.768240972942
14195927,1709.3402572267034
63820196,1985.3880112208528
23866225,1779.3846686284833
50484100,1776.6124976161295
98406048,2026.6266154543111
64139858,1593.5441199919392
93302980,1462.7872334023687
62155483,1698.716862845697
69791340,1804.0569079171182
19631546,1214.2584477054306
26192431,1883.2008853844652
68268852,1200.0811313304293
14862183,928.9771248392976
50141937,1309.108688754481
85256282,1205.2027511248325
11027564,1712.9077084517044
51577553,1711.6607813471246
77132573,2105.93140828766
55254268,2546.0855624566134
25529214,1439.221163120849
89287048,1330.3409885821613
23253967,1241.9093262259605
22644692,3340.1166514813012
32245140,1342.951699454867
82072504,1599.3064969217835
34678460,1350.899872520621
55373081,1653.700883707624
12138481,1507.056486834487
23632970,1743.071959002325
44285474,1168.4002604285913
88075177,2074.3583634601896
13117787,1540.2695055716258
14797111,1508.209652817422
28697695,1965.0814763886012
34748486,1554.0803705850506
30506810,1438.044863389336
57410372,1882.1132969090345
28776122,1133.8431071004009
18346451,1607.2239105808167
29932007,1523.9440297477022
82654800,2158.6321436432036
67038086,2224.336587069448
95282943,1962.4604060231338
90723621,1495.7706260885523
37760202,1653.011502491548
97077656,1689.3199316215596
67823833,1123.9657835330333
25222231,1884.0451327602623
63451552,2114.961965144553
66552053,1759.8926699712677
83488554,1470.1300140912508
24886655,1892.441870528729
83798512,1139.2152557553852
46152763,1078.982798366224
96015866,2417.8252518855197
51731151,815.5860399078313
34899750,1698.0933030969431
55529926,1492.723906553667
95405536,1254.2315965498974
29288544,1442.2312058694154
50076589,1472.5273218483271
37886285,1413.5470870069637
69818934,1743.5693830572313
13957412,1367.678731506783
27493225,1964.5943044840415
81186892,2119.1630605113
72734336,950.9449624754286
20148129,3713.8862466926953
23391747,1119.044242263084
45833590,1197.660340487394
85777842,2831.8659908046916
92975129,2271.656815790854
33382289,2683.00321078767
95953281,1395.0573673821846
60074802,1904.2537157320587
23912733,2205.1114494767867
31346779,1454.8588753298227
25605125,1545.8231676008254
96288207,758.0374165526541
44535745,1550.9984426543865
16008313,1672.4195465840403
91365542,1226.329725835107
67385764,1053.6583366638781
31465116,1789.203379338981
99474816,1244.7154852789777
26141909,1636.7211188186934
72548314,1678.8683636986266
39043955,2132.0701369555663
55963655,1280.9641417452167
54632315,1745.0147983899326
48726285,2029.673251950565
76251227,1816.1240786305043
83562410,1400.9654608314754
93775374,1571.7827881578733
21446329,1471.6465729413608
37345001,1542.7791712767316
49628614,1440.7328212582831
35767914,1678.1068593453354
10876536,1213.0717623935786
47339936,1152.1186531224848
89347542,1838.3143209980408
22457603,1842.6543834167032
77199929,1418.3529549436298
46378399,1649.868185764245
70602262,1440.8116140494428
54666534,1728.9227434918505
56421405,1619.1823302675277
97652177,1637.522140613459
15442637,1495.2665279472496
92360497,1746.8132231473755
16847908,1732.0271362516767
14220385,799.1939590244044
25905603,1274.219507265969
58331647,1165.6555258276412
22292196,1815.094828183069
37237832,1203.999266647825
33009500,1083.7837814526451
12533428,1456.0534286291197
46939545,1840.0402424452714
41868505,2250.656807620765
75616535,1839.9484871863644
73878512,1595.935276271356
67270933,903.0249312485419
98281662,1107.9426773763146
66553316,1236.152576379265
34303551,1652.4707765439423
82645628,1096.7321505894374
57257821,1849.968164665422
21288888,1786.4430188014899
85963653,1278.1699467385904
47876249,1114.777356037703
21439489,1113.9608201880117
52566254,2321.363602593268
57084214,964.5964154642911
16925768,1283.8452166645188
32782035,1777.3137710719734
31791186,1252.471879937712
62797819,1705.931077375079
35384978,1277.0834369818394
21945105,2026.1039387997462
81557774,2312.1447447361743
85407739,1393.3570808607456
86085126,2146.0416083494756
95296354,1407.6457615650675
90881439,1686.3835401338633
30757344,1792.3642211863737
48457713,1464.5053762823093
89571542,1659.2481326476843
94067050,1319.3041359194892
48271561,1480.4682040211524
69357732,1342.562434443711
86325273,1185.4727529656363
18152649,1560.0456865281008
33899410,1740.6390875097654
22781669,1572.4570266669853
17283281,1134.1158682429855
51785872,1460.695595460051
33104833,1959.3300960444883
91682435,1345.3544138792206
70713314,1560.9757159319886
13110268,1118.6094411354613
34642793,1332.7554162081653
41694899,2269.827404116661
86278349,1033.969764300428
11717089,1130.4507137990756
59185456,1236.490186246027
59344396,964.7586466098121
89922228,1614.31760158704
62027210,2075.766119227885
98523447,2263.380431969737
77330146,1973.616961937882
78386939,1722.06517186952
66831282,2093.4259143455433
17596778,1569.4923542151237
72290481,1176.7178620939087
31606355,1220.7100525245883
72940683,1300.202213496505
24736121,1327.715570509434
47814214,1845.9581652242045
39410982,2346.094012567798
44151940,1622.3201540490336
65594908,1386.2150179880787
79125454,1137.5108787121073
50322107,1439.112069854925
76200003,2244.009363772611
85059302,1123.346870004949
95450721,1701.373845398134
93253826,2076.8220074873047
19723778,1059.3253607378838
35980406,1455.0295711578112
67285479,1336.1470507224842
68864075,1739.5191892749654
37422791,2183.0330894776203
73798025,1915.0615935921826
97232135,1508.5309117102352
50064513,1478.0264575932722
75638682,1196.0874618717282
41937405,1581.607034059017
18443662,1449.5846986667698
68899727,2084.0356297891844
18388313,1760.4629377659126
69521945,1337.27565062403
31596715,2353.1616806805423
78472605,1758.673132479968
12713963,908.9330430945727
46768823,1335.913993493303
27538097,1152.9614697103812
89955366,1635.0810866863078
94081889,1171.7040608341426
65214899,1358.706027514642
95205973,1982.1201210568004
83140994,1527.256082424764
69014391,1834.7631838918924
66919280,1271.4503243201927
86299194,1794.8104618509706
14394397,1411.928043927613
88465251,1925.7434788160936
82447513,2600.121542598128
90676745,1306.8786800378546
61229086,1397.7288173871764
30557316,1101.2811016224307
48578361,1724.615627613179
29085329,1786.2903242829902
99539415,2744.08627270836
33750162,1640.0375268172402
51880900,1845.7951472251661
81942693,1365.1468999856006
44828087,1335.8120234266753
80752087,1398.50709899176
99218652,2937.359672311237
37433425,1108.2803611179747
39115683,1660.2585796379426
26601986,1412.8793257718773
50469308,1276.4636590071595
69872975,1129.504268624471
18483245,2241.99184496216
12588982,1398.7881135228533
79454705,1000.1777628731297
76523232,1207.8750587009122
96131595,1960.257525871029
99680250,1403.031052202189
82622915,1398.019288175416
11290284,2666.9029339769813
80057162,1573.5196807619948
72165316,2265.174179037882
79751433,1232.669124108145
33215554,2848.513896669471
42852506,1340.216872852979
56093872,1347.2045706474225
64167041,1477.4092618990173
83380458,1985.5638485539032
32651438,1379.09118350489
38364846,1545.7227086979626
74621857,976.7284882349359
62748794,1794.9065774526803
71435421,2107.527559548108
76163868,1746.7905487675343
14677956,1038.519228923988
48283664,1249.9656559254418
93787027,1330.348627257999
75353617,1347.0174547260876
44130726,1715.3424254700503
75634285,1667.4139771638936
27969925,1482.0695659465832
34662422,1204.3128951541453
46428766,1036.497761126702
40279741,1797.8889438345277
58991338,1670.1261751703623
52295288,1128.7573661456815
25429358,1296.138149306352
91223525,1455.6298968969675
80429592,1495.123188647094
36010937,1142.9622815996158
61652867,1906.559578574883
34655678,1302.810182083695
32281319,1164.003524683837
74717544,1056.0515595475122
81780208,1278.417061160464
74117270,2191.68611474371
94663011,1766.6326373301024
18715534,1935.6579289248236
89926226,1513.2035399492497
31441075,1933.8970191898009
85656066,2329.306205400806
63154501,1440.1566489503687
56954947,2249.8121178611
35193891,1728.94336296097
68045567,2084.266253744227
75523548,1926.2154992382364
80044768,1299.597305651499
80565568,1539.410956281128
58680458,1318.286261247499
93434632,1340.6485794543944
38164915,2191.5901236273653
39561694,1636.6024501253428
23940974,1942.4296656896115
66689621,1766.9908724039879
91586014,2785.9727569967886
68610549,1845.30486313696
44648566,1638.0474981320838
68443861,2440.404515347433
95300751,1426.4380798491102
74650313,1491.0318664130982
78190939,1799.2321140012034
79583687,1459.413328580846
78744133,1341.3413498919465
19424377,1093.5637950111377
74426958,2238.3837578579955
30714675,2137.5210753768433
20297631,2439.1689328352745
62326689,1861.791017080578
72851226,2061.678702931
94924877,1711.7205473946888
39912297,2030.6250730106483
50554145,1088.73455813474
51964385,1220.8031105276364
91524053,3129.653071014855
67059408,999.6122404975595
13707505,1826.4001320324946
96336923,2289.0264404558543
18937921,1362.1576643321553
23247466,1981.1563210160527
20718626,1208.8904658496278
62001591,2748.3658691355354
32183930,1887.0917009635448
29520078,3117.0851415404245
20246948,1701.644161981635
12865925,801.3356508948941
75414040,1691.5230039582123
29805887,1862.8757250695758
91828173,1386.7685371860446
92911827,1819.7831156028885
21259879,2264.063534725262
27730704,1032.6445889751176
10805384,2614.821512337704
28772124,1449.0842901882393
67895243,2302.8693764881036
70282510,1866.270556417792
76926492,1346.8106795063304
56029416,2822.080968663221
42166025,2154.4527569364627
88855559,1782.3676622963224
71679738,1280.485194155836
95011645,1330.2427012221515
23391388,1313.313696527463
97276431,2041.6217219457972
78499453,1982.6053248744713
50845143,1600.890749866023
63593365,1727.197512271962
44645094,1317.479706036605
92805008,1514.4750074904723
95966284,1004.4743234602972
86968525,2109.007204015587
35459557,2959.8689369108974
16959595,1872.2810777701786
66852864,2140.054107609845
64976874,1216.559831854329
90803282,1849.6102874331084
32597480,1449.0959180381171
22525205,1381.605970615957
18357388,1577.97666653265
55224009,1476.1971195017745
12066751,1330.4363961974298
51600054,2295.9129669819254
33097870,1876.0890348185292
44165189,1741.8353088510023
92174554,1784.4888100899532
75685484,1743.6740243496001
79648156,1102.7026290729284
34473914,2340.9604982188935
42069298,1118.7276567201857
24749467,1254.738715143782
37024144,1703.6956896827535
53463208,1583.7020060403777
61035399,1175.181653303301
92975059,1161.6263119427347
16258293,765.1032878412227
80353068,1171.563700459224
69637564,1530.2419363044805
60889557,1847.451334012378
45682120,1477.0266577403584
62566155,1555.3919542210917
86829598,1235.3678524920997
77516810,1687.411455710504
32602883,1554.6321864761335
99658649,1726.0757355418677
98115366,1593.4034988554488
40551984,2126.747644880919
89171680,1620.943801496304
78104461,1319.325154380866
80805720,1846.4739794856255
44701781,1376.6818328365391
32357693,1291.0554585565603
16257080,1955.6557832196916
63758432,1637.527538470253
86560064,1297.8230437400068
76704426,1393.341007706525
29021087,1920.1418284569738
30903210,2336.0916933216713
59650055,2081.8495933894205
16537007,2401.065777240221
44043751,1297.5084507111058
93550246,1144.3259415970913
74795536,2117.3145269225006
36252893,1664.7449375678907
60712266,2298.7070873479206
54795015,1767.3443703745422
59038432,868.0003000857944
53101267,1243.2610359696773
96137757,2652.054089635083
61894184,2156.513617331001
56980533,1428.5090711805196
40911725,1011.6098385768021
78253728,1995.8601005007254
46517280,1110.1975888615614
98578100,1744.2282872070566
92998542,1182.7092172301832
85778453,1436.4563760468714
67897199,1389.3261254807246
37385434,1489.8149964035617
29978687,983.9341222814191
63462293,1779.0208283176266
82610119,1587.2361548023218
11195863,1720.2941330785477
22813157,1591.074889315838
16061850,1619.852471951813
25000757,1468.6791168052189
23839386,1003.3148666604161
62901003,1907.6517344063784
85332734,1953.8719726102793
41185457,1913.1683166868602
32349244,1327.6322625227197
75213525,1978.396788162668
24267861,1209.7462858609995
80759464,1748.3984475242164
38052934,1455.6755072619628
36983078,2366.5723111143298
48438532,1167.4022935400515
98811621,2764.1999127770077
41602835,1332.7000368434442
79191702,1497.9007139024325
91526426,1434.3772002341123
12436955,1496.351762834976
35460655,1021.7441478211373
24893618,1359.7783609728021
12318894,1063.5129952317834
75385870,1672.60810055267
24016887,1754.6331798210217
93798376,1516.676982520394
10041197,2037.0039093361336
44196192,1067.9455558682723
34259961,1966.0943666660758
79360399,1544.1719412843643
90648365,1791.9592474891672
32784142,1213.2081091345847
88014206,1796.8774934165685
47541115,1929.4589096917387
81087277,1397.9691880457278
99414879,1544.5792895796787
96312378,2110.608915941223
45292998,1899.7864326756248
62464969,1146.0115154393425
89056154,1637.9909673501015
43815757,1226.4716576844933
36326737,1104.7137433142645
66733240,1138.9139709020017
82154113,1135.0404679611581
75774127,1264.036922340963
99633023,1914.6036656519907
54243966,1582.2877116822976
21507777,1417.6743735704356
89526022,1181.9395861794724
35342783,1578.8310642567974
75576574,1645.2115461767896
86207238,1609.564866709828
11999604,1202.2208701568304
64241630,1209.2715913479249
49681885,1436.4726562806927
20476163,2037.6829987145927
82534020,1422.3887882997242
80449403,1309.0395775724128
91978419,1466.3077024028303
13134274,1774.8330819146177
30921031,1222.4335430139522
35948510,1070.2118414611364
37862013,1060.2401356991707
74364264,1615.8018815182427
73089121,1649.985926192374
71120219,2095.0420934238728
81357330,1708.4406094412052
86696339,1703.7992245158784
32694372,1230.3346573733818
86397240,2696.6094754490746
75410743,1739.1172160063518
54107967,1619.801706809642
53182244,1123.7859148910195
84949062,2330.989736144345
17578514,1488.7866717643165
66553240,741.1978651080697
78244783,1102.699742035634
85750494,1419.1837519071544
26835204,1383.3543410388875
25568634,1624.2982669672776
62833472,2161.7647257936605
89441409,1912.3769243920362
30957350,1021.4051072393765
83492659,1049.5111471724547
14123667,1484.9525786594177
81332426,1305.32795560162
75963486,1411.4414054279246
97473965,1824.1791710349999
52550411,1043.8391204825668
38852859,1046.0976978036126
86945814,1743.2645986855362
99213841,1891.4331449431245
93296884,1758.0855696279073
74681265,1282.1350035672224
67628381,1867.9104831299596
53194004,1830.9255532127452
79129949,1326.0890318405268
21417992,1502.6310157995997
65584374,2009.9933711323438
83994457,2735.6182250895818
79552394,1297.5014694125819
14169455,3524.656893251992
11006346,1632.1117613574386
55920445,906.4354728058952
42183979,1826.7730123408921
27236753,1866.6950465506127
38623845,1013.4061982832682
56539617,1438.3277815079146
89514584,1145.4543364774336
55800655,1383.1642040707575
95341263,1556.0690097188633
90170967,1263.979244430084
25603899,1711.5249148281903
80752063,2030.3367476687683
74272993,2136.8704578772463
83204984,1373.173616119569
56041749,1962.8865767541486
99929710,1542.4806509879713
24093076,1262.4561481438857
76171771,1586.5541869383399
87313105,1909.6984618824288
13150529,1826.4036438583607
85314779,1996.4275769301905
23218937,1611.2675848727442
15797769,1323.044922782475
18451890,1286.3145210936605
23712138,1292.3770137237163
40201741,1479.6102978359727
74044702,2133.7109990010763
91758728,1617.4600250436677
41605529,1606.0977714370479
30345669,1536.5814427973207
72490311,1487.882964413836
11341429,1582.3255467697813
86562367,1507.1458875948867
65741146,2354.307137566607
28059650,1600.8801529496282
36854120,1403.7402611043835
70514815,1549.0542314915726
28991223,1939.256209960117
34210782,1871.3674097772298
97420540,1648.0983105250345
53582966,1910.2408152012388
25471995,1399.4173708649578
40521306,1494.3509151179007
18442744,1788.2764755112269
86475933,1916.4689111552343
35156621,2003.0541326002108
92398280,1668.3894703128367
64419847,1595.0853335235583
27879667,1853.2015568131974
33454324,2122.8804244609623
78234554,1330.231175959069
37295459,974.9503168994893
76464828,2094.2798844722174
89898019,2574.8640040038945
94459827,1883.7618916669885
30672049,1819.587987070876
93226295,2198.4651970511095
66733496,1029.073917147466
24799537,1627.3853355918784
30909458,1419.061523577674
20815913,1556.8899503059058
77231006,1098.6811980773914
63770561,1322.140197831294
61281100,1847.1887232137137
25443496,1009.4504095148957
90941407,1216.8205958838732
85217471,1912.1874983430332
11330523,1479.753220579181
60135515,1447.105209276381
96537329,1748.9471651965932
89713236,1573.7534094506811
87856838,1945.4417364456588
68427758,2305.3621368839313
35697471,1510.9200321638828
30758105,1863.0248357126857
66828597,1263.7952356538322
64179941,2714.4659285464686
57531913,1624.5505038530036
82276369,1700.4556840780888
33117908,2230.558121729307
23807930,1883.5584908937822
58313771,1460.0740328448214
86361973,1440.612868163883
54136725,1174.5112796265164
80609057,2052.2418264815437
23386046,630.1259863756738
88923790,1403.0284635047726
50739054,1478.9489512204154
85701835,2715.948738839193
11164690,2187.933518227184
60686704,1408.379776472709
56500955,1323.6887067190596
92377094,1122.3164179834216
27377686,1249.4255762530045
14820376,1433.0813612041097
24454653,2080.6239637738995
49068691,1448.0584795585291
68870887,1661.7081575628956
40404763,1538.7175257881397
53993271,1629.39888270364
76624283,1543.2741249199996
84681113,1519.2953264995297
39182711,1436.0196010370053
99418549,1608.83590572312
54009403,1035.2740850623018
15732665,1379.3772084379202
21105712,1737.423560746966
76841454,1215.2825628272142
77456803,1367.8620435181635
94681649,1879.5854026668549
42127705,862.8139233053473
86327920,2068.4036416365984
49706768,2176.6843685510503
47210863,1935.3280686054206
98862874,984.8436322850448
80625113,1640.5028813590975
13147967,1340.2814280086332
79644262,2031.8273557497555
40821766,1185.5580887487579
38964351,1464.374772876527
80037468,1670.5309972154632
10709528,1344.692711684443
14006566,2660.9978201196614
84355937,1111.726594010177
68139676,2486.0839764994216
51613745,1499.9805025818569
77042505,1876.5900235210427
35307179,2224.92009305086
43137990,1374.730818643749
60366178,2040.0310908654876
28449137,1699.0295711564333
54714633,1097.5003007985956
86469326,1337.01340688666
81392986,1938.413486773353
94816275,1373.7150152657273
20992851,2197.329968661394
33220037,1946.9514211393318
52922027,2074.776157015257
70522751,1913.4105710337371
35179027,1674.5998120253212
11006610,1385.571162657846
97027045,1485.8421102945883
60842426,1432.2684055346472
37962781,1705.2891861563846
57446778,1264.6492983909418
46803142,1829.8904815664373
96412152,1411.7867159289774
41948607,1393.6779183295716
30401183,2219.8556566506377
82446721,1517.1164273331601
98640166,2337.356018314267
16426411,1477.826871830433
40919986,1967.099398111275
34959842,1450.1427697391546
76545890,3352.264381729114
38671669,1905.3711765690273
74577885,1811.3641541424563
77894868,1418.080218548145
44132106,1327.4181527979363
13303745,1103.0912935596505
82202428,1079.3121413875301
69359286,1684.8621280357943
49249118,1776.2961345896879
65186472,1877.6865356427102
86728284,1251.3350868227328
89113200,1830.0251104158008
64085288,1206.9024655470628
83095293,1705.6012232613405
55834975,1676.2126255154124
12408851,1558.9970349910845
45102161,1459.2104054213278
21425066,1222.0847826566724
49253416,847.9010374438328
91720337,1903.233827546197
38125202,1422.2085498476217
76716879,1550.5074743814039
75093314,1054.3351249703885
94720863,1267.7828708710827
69306868,1367.0547987572795
78783123,1638.0068664738271
31503266,1356.7595457032742
51221256,1346.5345080884736
36978860,2237.6935013577704
77102844,951.2694939865223
85218856,1526.3752842687231
64674000,1546.4621242045055
71928536,1489.2158231173228
71632516,1588.1770183504448
44645677,1550.630258429367
27089889,1935.5840888483617
85001254,2034.7309196305964
80789294,1438.3518060878735
94921905,2259.1197733157123
87557595,1661.1188859600345
27812172,1243.8259586851489
70326518,1828.7121422374792
76820242,1262.0130297689575
37798149,1676.0358798088796
95689974,1418.939632118097
86698149,1597.2111393308262
82332389,1466.101100838109
38769988,1115.397459310729
62104171,1365.6986583375867
20008764,1316.4948836975716
88250848,988.8953130653383
99989436,1807.1732226266806
20654244,1567.4125463929481
63645129,1412.6962889156152
66237213,1199.4671171619198
89366030,1691.4416446839525
43885604,2912.918080015398
20777495,1795.9574356247956
17630232,1811.8953270046622
41034819,2136.513485766918
30863558,1592.3465106628094
30990096,1541.1540264075595
14528263,1109.5798487756058
38046616,1857.8816738694206
21720690,2201.6649231074953
41971276,1301.5713406637053
81966182,1497.046118198436
81876034,1250.784977065395
23233042,1404.093931665013
59959368,2493.9637511516667
25429816,1887.378871631504
40884180,1308.4312522277517
88955672,1552.6421432832728
43077536,1726.5244989058074
22541133,804.7089146244491
98515757,1919.56091762659
96170890,1599.085202754475
33994765,1347.5555069309194
91089578,1835.1860262151913
38840418,1819.0804114582174
92439017,1368.3407518243298
30192634,1668.2179113115546
30769461,1442.6828660843642
80205723,1307.5910305354287
55131937,1870.51888999463
29185681,3072.66785008258
80773149,1304.4230939787872
84757256,1278.7051969528866
81505232,1446.9543973487598
57555020,844.0683095157042
70106520,1462.8872906853817
43240131,1690.2100535248114
57158414,3076.504233437539
63966023,2304.9202669530787
46075950,2168.594747512082
47516649,2201.433711776114
57203804,1616.6671368932675
99285503,1453.2485043317124
23511969,1082.1509244882989
78376646,2127.7641060078417
48884000,1366.6399798253242
98727752,1257.2158992790899
82907215,1932.5205007017187
72719170,1447.0291244038754
39149918,1405.1905579945535
85435767,1448.1081178462975
54111802,1951.1962574523257
92599919,1269.957113842545
24226064,1650.8316133757178
96829833,2225.597146013556
27301621,1290.8870327646569
15887246,818.8850714463492
51726302,1046.7144267799313
51260265,1729.974472350191
45934883,1533.2441823004847
97289930,1820.5946853497437
42847093,1113.380060080301
13695159,1152.5578014434439
21664737,1351.4870243448615
72162540,1401.3554116175562
45972276,2245.284935272815
71222059,1633.5879643968897
18901787,1320.4263793064047
64794868,1392.2078223612007
96040179,1310.8520920790997
43891507,2179.1191771034964
94649367,1318.0215241134524
85490151,964.4371281196213
51948440,1125.2079259619381
44237958,1013.2520734587254
97658202,1264.7995810108553
77699657,1142.2658490604656
23252427,1588.0932648977014
10697423,1450.0521482447596
99095154,1675.3853195113445
86344123,1515.2269279925783
32740825,2937.0688769114554
39699187,1474.2338277380563
79334316,1338.8871580275181
13862142,2225.069274398698
95022546,1289.905284432653
85671131,1470.8629348574048
13946093,1321.5907829227083
71911642,1579.596950153364
74557358,1845.5980832023513
76424216,1769.639941806879
60569056,1234.1638142577185
21429356,1622.1549665277396
37147011,1156.7847577365853
22363795,1072.1487725768507
22711721,1048.2469333066235
32781826,1614.1842056249639
79919377,1464.6234971761337
95950869,1071.9020960017533
67975454,1999.424295485255
61846310,2045.7671908425134
47190136,1548.11694096589
72140487,1702.29260547393
33356353,1658.1642691266873
57558815,1587.1806400578278
85765913,1882.8917807936891
67405346,1282.2921478162273
47178751,942.7085798646622
92743619,1308.9194365591895
67809997,1702.2388028654577
95649734,1681.5053288725676
35761786,1712.393458698619
20333506,1070.0548960445883
39856656,1854.3126695138026
80659941,2055.9720891820652
72539676,1134.0106690792063
34808508,1567.443568632189
18684795,1951.4444829553809
60926773,784.7513791600304
25343604,1584.3652460184292
85280076,1396.4028872553458
51516725,764.8886678115389
54359603,1855.607033477844
65763192,1804.9778942594266
53926540,1275.560639029236
77237054,2411.6402782979994
75498756,1879.913183883537
99166662,1118.4942410429892
72410551,1170.553444498509
82923327,1225.6707645020385
46066488,1409.8751471510625
33059137,2147.993665059683
51480279,1288.0814375057182
19373977,1542.079138066648
90715980,1273.7484507434106
56492794,1322.3564136313123
46037369,1256.9354774118765
22743995,895.0022034645917
42553042,1334.3980999657272
36975311,2085.1962362720565
75351486,1217.819827335275
30981897,1700.6469944613402
35580501,1917.2510967113155
40483549,1169.9021617062838
64819235,1511.3725144809569
26688957,1746.805404317525
94904538,1727.137782157521
46754012,1628.1095359317728
36796857,1908.0509525272967
28461943,1877.8645385053112
14026453,1450.116934026343
69053024,1652.0669891576797
32733126,1915.8504973179843
40931025,1611.0323614829679
19427950,1637.9344620979937
84597120,1139.0677465632348
18811334,1298.0760048023064
78324699,1623.510349345464
77953974,2137.2576993238586
27862041,2317.0077463480034
37247191,1465.275543064827
25562317,1839.223125326032
73172608,2501.9410384472535
33104896,2179.6089851399597
82319650,1671.532342245815
21799452,1566.3429127835861
64888946,1946.1932375154183
97264595,1833.5685411014538
10429454,1125.0631112893136
61575325,1207.1444801594705
56897257,1514.8002327455663
37059519,2376.5373834391353
52110520,2743.464521066009
81197632,1869.4173178328876
78041929,1486.1179620575929
62481600,3192.081001865242
79068390,1264.4411834236205
35652591,1414.932421660692
39694436,2407.1080035045456
95898355,1692.5154992329906
80006639,1915.5434468992148
53958546,1027.1683256840934
58986255,1043.7844104985493
35034634,1944.6753052532576
21845497,1985.704439643424
40578913,1465.3304824339903
52684708,703.0260687653531
89834641,1560.9776456243546
65511611,1104.9912750249207
65731676,2023.0599434973733
83770991,1585.900811369618
56280602,1402.6502049901314
44140498,1650.6651749923785
52748496,1925.5023973416974
76136540,1290.0138425177927
35483441,1304.2156370813361
25193108,1816.6718382607173
27434478,3423.79153946935
84357441,1772.4008983564756
70840263,1660.779163948541
45633382,1837.0515204371152
68317032,1882.5688418482434
73465107,1279.4472775147262
24929921,1988.5733340921995
87300428,2008.5017366141508
69871020,1359.175835396598
23755175,1275.8031997374273
91971062,2808.358023962064
74483617,1267.013691607532
89642342,1310.880016616538
33276861,2228.415439906364
18861332,1375.0807617798264
77211245,2086.9589566876166
52041127,929.2808114374582
95864050,1477.9715405243612
82528777,1780.4166923750195
62702832,2742.301107541524
24146181,2063.300335340851
90263367,1630.6656517061285
47033948,1371.7707478297177
97856612,1916.6470448135228
73014333,1317.7295456802826
46731094,1356.3571014936986
15781171,1368.2577376444879
51156245,1721.9960745409044
85958922,967.5501938406337
52550761,1339.0428962894732
15567593,1613.0383553525166
50279318,1008.6796255872628
88796422,1125.2670946401142
66724358,1235.238502695463
51443999,1728.3506168117822
32661637,1395.2042074886756
12999579,1362.2251849411823
32460111,2237.147600997404
70354263,1656.74379837984
99768418,1522.7779822327718
93597400,1774.9272260881946
42968448,1025.0208664419713
11447851,1547.055515114402
76146411,1763.4292717525564
86917958,1860.210881298202
57526187,1905.5470904926194
71062405,1512.9130367175144
72847399,1472.8985088153743
54891075,2333.281830518405
89841901,1790.9838561513316
90056417,1427.4816883070114
77892346,1158.3703879853158
31627402,1247.821070762245
78864638,1409.1258864555007
16022883,2532.973855033251
21980955,1821.1160612908316
98291218,2266.165853104071
37406677,1374.1206409706485
73253470,1327.930830800634
80239984,2155.3196549172358
60323265,2016.8770480620576
93655248,1203.389723860027
58796215,739.1973053416539
94203496,1842.1784916788738
89472702,1497.5080616540954
29142290,2117.650399071612
71021568,1182.954763383097
69197364,2217.48920492446
67499939,1974.361330428859
51780875,2028.4037126276992
46941857,1649.5747187617417
57911836,1381.0302765679216
38559875,1917.880895193747
81398050,1717.5406447613543
75334315,2604.982835398617
59308610,1365.201966670671
16247087,1868.62147740895
43247285,1761.5023404700778
45215633,1685.4731788722183
40481058,1784.3975183463479
40365284,2533.676973754427
92836079,1602.6558168019192
70303716,1499.4628924991653
81749724,2931.0372943416332
41853820,2065.8558168427376
81440480,1729.1908665460483
84996580,1894.7659092841714
35919442,1348.8009154157487
19046260,1990.4489188683303
90423631,2079.12507797493
92961031,1896.0436682705845
89855372,2016.0375184347338
77816576,1965.4760814726221
12194715,1578.750109243841
20115124,1997.1581988806843
73703358,1558.8197574738247
89792966,1670.3242728085781
43706254,1527.3498490446318
70266281,1600.561886981373
78529732,1605.6039315967653
31638825,2201.4082986299904
58167471,1963.1571675760913
93767960,1828.5215121422068
55879589,2121.8241366594602
67388602,1668.9959215846834
86008328,1301.8122930014736
53844650,1289.6050390645605
86660948,2054.0686017949947
39941650,1260.7616253017904
44395757,1904.9858218452782
81989533,1473.31514197954
46504700,1273.8600116038417
39402032,1267.5319902616047
85919943,1166.4883155029736
80733130,2007.5737660056059
25189661,1503.7852624496957
14623666,1515.7484423499757
70848155,1688.6181361254903
68571484,1823.2055610863301
51228995,1417.7528618457577
49683485,1606.3520989196043
56036763,1510.2648087076393
32459332,1763.0305947243735
10860915,1384.9401355010023
43696664,1569.938667889913
87941364,1669.3840264431676
76183083,1464.0354522907994
20966309,1753.005646686073
37699108,1697.5374036244941
55952526,1115.668615804124
15616438,1595.7527890153758
86514240,1735.7623065541795
92945955,2490.1532327997643
63145934,1809.0517549823014
58853662,1410.5782039827154
79304271,1383.635906157601
24276255,1537.81754847621
43245413,1536.3874567708692
59024690,3246.766366163084
13551336,1795.769531397821
44848614,1618.127830727759
61087377,2035.123417847236
11885900,1508.7866583037965
92535927,1200.2016602563326
21708152,1650.9600627913894
45352808,1299.9830263707456
75624156,1427.0801387300858
32001265,1283.711112654646
20413825,1426.6405462341443
40305802,1587.6933569239798
61861688,1252.331269203965
33441351,1463.6578143818754
30365812,2054.0782248062706
43625038,1362.5562506575914
40659534,1359.358135474087
72885406,1474.2403106996248
55817366,902.3206939591632
78604997,1040.9019301609808
14364198,1380.8215578758272
70814486,2676.7434947434494
71030650,1306.0500597193325
93257457,2102.7117727085824
65515227,1178.3366024368138
23048185,1614.0184527155968
64021401,1731.13088503772
81601136,1218.6923135886693
60464050,1518.6346526408656
62126832,1303.284233317304
76122802,1493.5836476598317
68619547,1225.8371587365928
69931017,1863.7088972458516
52039321,1367.899323313385
96748453,1435.327592218013
40650345,2232.160188795016
94190496,1307.2074927000397
40034795,1991.2081345990362
16725203,855.0744484256759
37869032,1944.860632457635
87784983,1370.5005530745393
67445694,1278.4854099303598
44138052,2179.105062669306
56359862,2017.6414998097998
27113776,1785.8372886738646
73853459,1271.136046142877
76284169,2529.6081383362853
42581373,1855.0549400297898
74617250,1229.1262901953246
29606632,1873.7099432983293
22328059,1635.0292021887353
94596005,2114.8103970901675
73640300,1166.9067441118955
52511016,1487.7554836530378
63643579,784.6362554412319
73979691,1922.2319568390947
76806109,1062.3351485415276
67084872,1266.6599318334522
94616960,1084.6046763807522
44018639,1120.5045259463036
10369424,1898.1293557402662
19417264,2377.564004640907
77137301,1537.1680018164732
33598935,2186.793809556023
81379316,1767.9559468530924
67627945,1466.7119547438347
74067952,1081.7650496028818
54161507,1189.4565598120412
55930611,1337.1943541161388
64919315,1955.2862458146396
92109871,1330.4160907710566
88653847,1365.6251045908234
50331596,2149.416581165772
68139580,1298.9360157902993
80241693,2610.499998178305
74034028,1856.217421337163
22712040,1573.9353988181892
18212521,1419.4904469340756
60434302,1550.47562027556
45427525,1117.768005227044
95853311,1266.4577599944441
70857259,1869.5415023855685
81477083,2229.4620672703095
27723524,1972.5714668659532
25206032,1204.0912423010031
12102381,2367.7817323071317
72428170,1394.1144911838362
27672042,2210.2242833615464
77000429,1750.229448745354
95589605,2336.438508584196
44647376,1689.4608068382165
21338536,1140.8866437915426
13820529,1573.9590925567813
24568041,2238.1272057632004
90117191,1707.1824216613566
45800664,1600.220617335115
13557339,1847.033616327406
19087413,2367.4616563291847
11616417,2157.8138737197387
22015830,1524.4562695334594
42617304,1250.9714510269707
72598754,1573.467421224145
34839793,1387.4325243723922
77660297,1449.2927074840486
13706769,2906.3918535042308
71694094,1932.9861209892485
26712974,1152.9884339032292
11161484,1425.2868722483327
92404281,1061.266649595824
29267516,1585.491593523986
44574998,1590.0587292454472
66291057,1111.8766966637215
13701175,1651.380530146973
24177160,1846.172944699208
81405301,1366.2433152731926
11589439,933.0885322740594
17537269,1403.9815813193206
98168887,1908.5232382261756
57508409,1829.0853231839715
83408387,3118.6299538626604
43301435,2221.2690087313426
49258344,2411.062901648855
98631322,1299.081275747749
69659096,1771.7922308328532
99106028,1252.9713608760953
37856658,1963.6957866306707
42881579,1163.8734918279156
77859891,2489.7947266742185
81041727,1133.0640644309392
47217829,2280.173374095444
53083229,1491.2109618014692
79619006,2139.322763216454
87897995,949.8751885101262
17964917,1086.763407013258
80568888,1055.024074934471
43042929,1334.3405299458325
62796073,1924.7536132474536
61083401,2071.0135024266856
14141477,1493.5694536159726
68306110,1918.6530146480054
43708354,1702.5419979574592
73883907,3931.086210849187
75966104,1987.4012286874818
55672599,1287.359580065449
14917596,1616.2979441112966
65294870,1720.3975602377518
14049454,1693.788720960877
93295381,1621.7159472569024
27730907,1913.8917779949052
52543486,1581.4179258025458
79427440,1501.1871499749534
46627987,1876.1190915301534
63096372,2126.840611802695
21047227,1524.7993198487989
94588817,1661.5885008286612
82925355,1642.4230262535168
20239710,1378.253520554669
66560522,1382.6449021388814
34394729,2359.5218191800673
74199492,1388.0047478010224
59577067,1284.7423074572773
69919638,1330.7487545945237
46718033,2310.8229552142184
84917912,1676.5307912521457
31599665,1219.1230336632086
39056365,2679.7199169098108
48895978,1261.127736161202
47094246,1987.0829013816056
19549587,996.489651633759
18563899,1857.9130135883856
81642903,1355.522539441635
12095543,1433.9723210887953
67140026,2244.3821904114284
11054636,2125.7006392428048
21698635,1979.6657224419816
23623849,1850.3871867270884
71392936,1543.8985847418226
83425325,1854.5159387753538
14553390,2459.2213764844014
70274030,1123.241571161105
19402442,1198.975377524306
11041677,2546.6888937510516
77513563,1513.0486511050642
87335721,2852.136632902938
17466406,1465.9298603703132
11267365,1601.8283930408243
89144675,2077.8779765228023
89338457,1399.261217052972
87803439,2188.4953201501776
20104582,3351.7509171554734
95781089,1174.9795818473756
66358482,1398.6450625783848
62863016,2394.902774005105
92557337,2722.254330400917
10876766,1228.1812695026624
70473205,2357.712075629935
87569671,811.963653065375
61139578,2590.4039775888996
53121878,1563.9354004298984
15430462,3198.453332136828
67332796,1132.1298142376543
75641163,1958.2576310294828
23552924,1338.9474660711319
56332291,1299.088333502205
83472051,1598.5045721368747
73213649,1485.6285434155595
47802315,1584.1388472177327
42459098,1345.0102356120235
59654537,1759.6733684375936
49312825,2058.7787645943795
80983900,1778.9029356547317
58178507,1425.9729232508591
50382416,1867.9667386257715
66073034,2038.1926748556587
43848284,1483.5318890579179
85092410,1538.6250550949344
22321014,2446.773022776942
31162245,1380.3115842193733
26802981,1111.5010387490095
89737386,1898.5855646422765
22704344,1656.335793958505
56000373,1889.712389803134
96310766,1209.7126730465966
70324095,2036.675791315449
86441629,1388.3227248448181
12514793,1280.0979963457
89583392,1883.5086120295562
36498032,2465.184119762985
22072881,1175.4698672518289
23992589,1086.3834413342101
25380807,1076.0008619186942
30026993,2419.5438104861764
65742850,1469.2290373942017
33236806,841.3127725460952
64518820,2526.878048104204
42371713,1423.0814222305812
47924596,1825.7802292669046
55469978,2058.886038377695
29356220,1218.3553891256797
98913649,1120.9013037085172
22201860,1860.9170991758024
17005574,1757.3224907566248
61767605,1850.797258890656
63003964,1408.5747173657678
52904792,1834.3430702507535
87014699,1690.5640411180273
60476269,1894.9235771602173
23374773,2240.9955764191286
12887652,1671.4317087714498
11366466,2332.879778945212
62053080,1223.0661557452
21354279,1358.6067528957822
58635346,2171.0014099469354
57475663,1536.1014023805103
44627129,1295.558287540811
29419543,1538.7165834571474
47538164,3002.192618086888
19854086,1705.9865801623757
63381374,1697.8355449845112
55348437,2101.836253043153
80254443,2188.107968234408
23105559,1656.4589808710266
25129271,1849.128734524365
40257293,1837.703065303255
63509506,1160.6052267924783
45432136,1507.764691514818
19785631,1666.143432352144
22859019,2568.1403940817027
36147504,1344.7096444282636
54449509,1683.9919474774604
81205631,1531.651055948576
98103632,1830.3197813969737
32691265,890.5498756356146
72768344,1433.0127438277555
51890279,728.379285834809
48043615,1455.8201932907368
25374441,1349.770317614107
59962384,720.6910150934375
28910995,2373.6296365968456
13141234,1615.3292152382785
50747063,927.105563374068
55252279,1354.553071305945
52007426,2336.3544442869375
30847276,1526.576739968968
62106368,2398.8051179451713
60214573,1306.8911085176403
40002314,1701.2190578321074
32428356,1661.8973741869265
53658343,2289.1089158789428
29161839,1665.249240129844
46396012,1415.0631489814796
62360708,1896.5635296049727
43297939,2061.4723765727895
12562149,2246.638658914912
36028116,1697.7903536634576
87330286,1651.469648758475
88119407,1903.912079087295
26750897,2420.7806531532906
49969361,1446.3870787444462
97204974,889.0375976726084
99702598,1999.8310500259756
52763802,1612.2866152603247
68901809,2109.2361960556827
39208673,1409.6662656301194
54033485,1993.1407695392406
54497531,1733.1399722334559
53990991,1277.4685399655546
84489537,1267.673810430237
35670801,1318.9236881187135
78791350,1251.5515418494285
20845184,890.9861365947238
13555027,1706.400205156964
37646059,1976.4834823008543
76127874,1521.570228479641
92134461,1573.5632418069633
35770374,1986.1817456328547
71020209,1780.1434259556736
34171582,1553.7190887717095
50654248,1344.4479027511238
42458567,1509.7851344485496
19190057,1210.2153348837355
54080489,1165.7413354968037
68542535,1760.2501566565377
45210646,2048.949147436132
59714270,1520.992690466636
88185676,1261.734568558813
71490260,1364.8877658494384
30639393,1160.536209140224
82576353,1894.546900931956
24335906,3337.7828116421765
21049647,1204.7935906476898
13781432,1303.4697790292198
86079138,1820.7041849358409
40000990,1667.0771538311453
73775201,2863.880675046558
35148701,1784.3056336797324
81596880,1391.7552100985617
94320273,1396.0443817299595
36438421,1815.2306590885048
53057217,1816.2499790034399
25248077,1283.3685924394047
73038169,1090.8829076000668
73258090,2119.367962875605
87336796,1579.9628464766438
78963426,1491.5540490780372
12232405,1647.706256030377
86811261,2174.60360318387
43165541,1057.4538436350467
83018865,1846.8448077605285
37762842,1487.5547185647051
65591705,1753.1043051827735
67890361,1463.255744263776
94753186,1234.2754581011484
93051402,1431.6197280589413
18623638,1501.0036641487713
35256497,1390.0613523916068
79246585,2110.0364191617236
23762226,1330.951898213388
67287814,2423.556155970456
78864148,2151.8074228993514
30658878,2184.666558098386
97960066,1223.0323417684876
19914732,2363.933866503613
23619037,2209.2773714520663
27095793,1868.8894815368142
83667300,1186.0192141518448
76686009,2241.1120746275533
79911388,1982.8586721452755
36038618,1673.187675249981
91489166,1254.5825389819881
64088644,1731.3344054977267
10087238,1351.0382219268972
68403788,1425.5799391093483
95817054,2166.4671323357506
57182933,2139.683900713654
83941537,1588.2590638713762
86909159,1878.6475253106184
45478492,2600.3010375567233
84142111,2628.556585845002
45223652,1475.5829675605019
15651868,1811.4398349737307
48952352,1246.567080251916
53380245,2140.653402217704
56211427,1171.5530526393238
66961588,1166.4981504132038
38567012,1093.5080656126568
74938615,1441.882592973906
81147200,1690.8733900101374
74772897,1687.4467835290068
80316029,781.6674871529985
76791795,1838.2154486527736
95549661,1355.8793760155459
91524955,1956.578316588772
93849275,1776.8122394429524
61885188,1958.3008099322292
17120455,1077.0197137207708
71403569,2053.339736738794
57944962,1873.0062014166886
72483844,1684.921998642942
45141218,1664.0023849326712
47525065,1279.8471202412477
24379765,1192.2877017689416
91215387,2216.343666228004
39945150,1170.9013842306254
25481926,1734.7627373136118
72167432,1895.6388193589842
15652519,1019.9908629090198
58079379,1104.360010734058
81779274,1785.0187461898292
11313638,1534.08586012962
82915596,1638.9826666459069
12551058,1700.6638964967328
69374139,1789.404038375638
27490970,1585.4589597045226
28663701,1497.57497725814
51901697,2310.006349206254
19964529,1929.5421775743846
14203976,1898.0696634133437
86724526,1643.3811651738959
46513661,2194.7359359264583
42464585,1390.157971852371
14360059,1327.9712289839235
72181637,2278.482375714102
78956787,1540.307273581586
30264496,1257.9650857813933
77227528,1551.9165460250897
50534372,1475.9661135429267
12187853,1800.0277463340958
97814800,1593.6402071954878
49704538,1549.1937475921561
31844965,2551.0190666991984
89449307,1131.353547882048
72286626,2114.9634923316685
90641879,1831.9803866501213
39977212,1936.2277763842128
56406335,1294.4591027587028
46671061,1810.9716037723585
21883230,1542.0530529012767
57754484,1029.0587502708993
96138639,1877.384564327415
48581654,1754.6364166777435
15477564,2263.2158798600285
18367532,2191.4155371608113
57040971,1011.1537344391093
24677280,1948.9963174173051
38279741,1148.9392188789022
39630161,1752.7464464475122
94354941,2147.878399839282
73739305,1468.8469801470917
36839896,1650.4397271122416
60950133,1234.3669358002796
34560824,1253.0654723231996
89848060,1638.4041407556128
21727334,1826.3633940018462
96402755,2439.396184975073
99203156,1433.0101365940077
69252455,1550.6402239072308
86645439,2900.4624686722104
83677892,1349.4294689035064
22897635,959.2415878831807
45288708,1608.3654052737616
59969436,1741.9184712446024
94774349,1322.207516309255
16886474,2022.3690000547651
44198009,2828.412023415553
64700341,1183.4609933114327
64505698,1309.9997948051243
77323444,1438.4464507599153
27706778,1685.3185894073758
59628829,1200.8221539587078
55365465,2105.086402193973
69970571,2077.9081893336415
94271260,1560.8634617383457
52700573,1787.6402094293305
45014443,1815.1324065653173
71021280,1783.373485570322
51886091,1639.9796488104457
91170937,1811.9833835710535
92081846,1749.723815035509
95719079,1839.8905323686286
12428005,1237.9601614982266
38292857,1433.6160278547522
75786036,1770.3711888079918
76868352,1617.9969906209358
61787836,1826.4028604945108
92993294,985.672667075745
23885591,1173.7495653935223
40800066,1443.836836761836
56146741,2120.5212183746917
49447892,1566.9766267996674
52965378,842.4201043657829
93685952,1318.5154336311984
89649731,997.6348623001943
47102704,3164.4138099232405
52908918,1688.7214874756116
77943419,1553.0883569023492
92500699,2317.399315908467
51420779,1859.6457000958048
72830394,1430.3014951543191
72781023,2178.33037604194
16161212,1093.5016898779852
73724856,2312.3910109013023
76991618,1180.7842630219795
95797758,2254.596588624975
82786703,1101.3156920214344
77183119,1543.105854925569
56026782,1101.7911982266014
16589083,1486.0799945201163
47749953,1423.5760163752598
27187508,1607.6499805353994
51723171,1762.2823424657363
56627258,2109.5826718595913
75635227,1193.9935427975117
57547046,1334.7904054216222
36631973,1895.9785920187458
17463415,2356.5060439836134
26674861,1270.5057221526627
56995341,991.1773332630326
26126144,1145.8266681766208
58450363,2202.5698169098796
89312269,927.3384206317412
16817991,1278.1830923900386
84965319,1254.1566580769027
43319013,1772.1743016671198
44400321,1118.3181894934344
80024230,1085.3962267968525
74521218,1865.2377006618244
44832141,1572.5742466058487
70162625,2098.875396755282
43589357,1848.4629707602521
14100726,1368.263241345732
36520084,1227.6028357741704
98999098,1058.5863450135546
14148442,1496.2513291271705
90033275,1826.7750674986855
19819492,1105.8041137024736
94929441,1564.7106626683535
64769677,1406.971761237589
80605119,1569.782575484375
61896581,2043.1172900150034
25053770,1595.5410179981743
74893395,1880.118093025853
53560531,1389.964525702648
89710260,1341.684810281246
93875018,1512.9938648037562
64766158,2458.519557754293
54305179,2080.9848146529957
30403292,1886.381372926907
60767564,2062.8029784236232
35303188,1409.8337003009553
21177257,1930.5315654588603
15350431,1982.9355996382073
19112314,1402.266469792421
10078818,1717.532212968641
23150338,1811.3294950841512
47635759,1820.6126684416022
30605686,1287.2250825888714
29709781,1739.8446031597693
13735642,1104.4738011193165
99020214,1374.7346220858446
28873624,1793.228654443484
70890497,1445.6875306481622
99675492,1432.9065295100975
62216584,1852.7147519652829
84668724,1016.9439514423486
88738488,1684.1691938182444
35683009,1197.1850455850551
72816721,1568.519346354705
19163259,1707.9281594725624
51202613,1600.006230600501
56056704,972.1781762725896
49879334,1015.8985621496322
16786843,1483.0412251045104
47533115,1644.4633209037866
22109413,1340.837168070936
85518746,1193.5558300916964
93362991,1536.383687826738
16124077,2135.8929067164936
76182432,1113.847737783077
26790843,1470.1626705628162
89672220,1789.2656284714872
12756298,1785.7346547262453
16926806,1368.047499118423
14000956,1348.661483421556
36806959,1374.4550578797894
87017954,3225.7791728690563
43944283,1680.0483824139212
44101724,1014.2837926541099
67316534,1127.4048890236868
88490548,1377.3522720040535
88665651,1756.7940615492034
83830852,2613.133478729517
35512699,1321.1033576074512
49228670,1634.306820212778
47172196,948.2894517439399
86195285,2192.9194312430322
61100752,1544.59899792889
23609539,1526.0564680688626
95881788,1672.608829573678
44925764,1914.514805977751
83971268,2571.0759587849734
17370699,1292.0436099535796
76384877,1406.4103773720963
93972349,1652.9895739505318
64752973,1303.410638409246
22747583,1349.2169183674828
38304968,2209.144908330876
10235307,1546.080239593198
25779125,2204.0714837641476
12843653,1321.4444424062124
78094768,1519.1698375687445
10635284,2332.4841684693333
13687234,1449.016734029435
53936042,2062.3379247894673
82732686,1041.7781068034903
96543781,1941.8063382724097
82228529,1021.3121979621503
12775154,1522.7384651662908
55255907,1547.8244659050974
32916130,1378.9060974032748
18504284,3529.538748089197
65825890,1849.251901862365
33391713,1496.7178918533662
93331533,1616.2810151217486
89345152,1699.2940967783247
46576484,2753.108962554881
33320733,1299.6180122552857
10724817,2619.2210227661662
41244276,2039.6936076506997
39841607,1494.3268087455824
59463885,1812.6348586811605
61317492,3638.887989738369
33725830,1010.7350827474254
15316450,1702.1148229598734
53318939,1936.472403750735
82300735,2188.216300068796
44927585,1449.6088138094017
80951510,1680.2641544138846
51421456,1990.4007071963817
67936055,1767.765034119167
48065777,998.2357795396565
56103730,2265.1138511521744
40566531,1993.6327119700609
61129612,1812.5002405036864
72015593,1558.938295914532
73826407,1206.7968711366061
88021730,1252.85660803223
85653819,1484.3056000949782
45194339,1452.7203671896489
91086895,1417.597046796951
51919540,1628.1790543814923
23157322,1596.872832837803
51628095,2045.3613393459932
96537190,1742.9354577344452
53402735,1404.175317674764
36360155,1127.3798955716595
37694507,1770.19330028127
83593533,1567.2541364097117
24284452,1631.2012529483598
21000889,1604.377894722015
18518898,1209.2707179910549
11533995,1725.8753407317781
91728492,2149.6218271075
32889326,924.3537629904736
16392740,1388.0981774370316
93954664,1428.7399870450483
40527969,1622.5023760202523
13359501,1386.902689702949
54613106,1032.864106508099
89494294,1911.034663767398
43243456,1538.8957998403862
49320975,1911.8363418478364
66824387,2078.914503354532
13395531,1315.3737027953478
84702746,1188.5825441421898
46376987,1828.6591138312008
16949551,1307.5994066529436
76113598,1512.851243647652
88051686,1570.997744522734
21575972,1627.0736169620832
25797068,1204.4383709746057
46519671,1385.4555875166948
62958708,1581.8749540121119
41163598,996.2918655000058
90108134,1507.5170790704683
40305514,1502.8737872965028
28323820,1646.2714911891142
36148206,1178.0659031823093
41903222,1609.4708302902404
34111269,1719.482375543107
22460898,1916.2693118294337
87095926,2050.788230505553
99063606,1519.5529979051441
41090287,2426.8551440845986
76553835,732.0577016091881
40520930,1892.5585049089887
72499276,1562.6566145796826
40722377,1881.033660786386
23596828,1902.4733227117806
94118199,1275.2947584617104
54177823,1964.0362919448855
32744353,2526.429311094154
83540534,941.0625274431184
60135160,2002.4760463759435
32215997,1065.4783774294083
60591783,1364.6823539891811
75534413,1257.8016854020975
74381587,1736.1722848756713
83928867,956.543013595651
31779925,1518.87319126905
71389415,2053.8749476835947
36657020,1419.8684709690176
52833217,1704.3137888135745
43206206,1238.6843667117012
21701449,2119.508540972299
38073031,1221.070463920575
34369333,3303.253072633559
92620587,1691.3876161962594
11512547,1551.6746701604725
81501365,1300.6116503487951
91014044,2616.4977486379917
90225400,1926.696143580703
77353219,3311.477113110376
55291546,2007.1976010540802
22923482,1320.4429294614858
14288303,1275.263115145255
55909136,1399.0203004352074
41957261,1145.998691770855
17675131,1372.5840976598693
13490253,2057.6732214827302
79023756,1596.076318735776
98393510,1070.7201488052256
36169986,1381.9038043876305
98879925,1370.4601518842976
64713126,1321.8665202083225
54807445,1591.2034675828368
76751871,1846.2955916028695
98441518,2372.71387215324
54149693,2022.0708543808666
42794612,1284.492507196429
76036112,2548.7697824363404
14657728,1665.9392236336848
73292737,2343.2560207438096
37897222,1341.5070326051518
24707301,1596.559485351772
54570938,1918.0312053938176
47969890,1008.0197702563089
86391847,1906.2765940839852
43251995,1384.5229174583192
61789630,2750.5582115729044
12601759,1411.862992130585
86045386,1325.5303729002146
67870680,1685.2130111368015
92603070,1175.637131440458
45118743,1409.0403836355913
40352166,1591.3305004423828
96817260,2301.1656333098435
70031890,764.7667557855605
18280163,1539.5104987281707
84418154,1447.4344661568941
50657043,1187.6742896044143
24196657,1771.1426483517348
30339428,1484.1412355328205
97021401,1957.8341961958592
35926246,1528.3009634491173
78296017,1761.6348951128336
91378970,1038.9702017267048
80348783,1495.986940998814
90424864,2074.0390777135426
65449342,1190.4017173126686
50552285,1146.6309071495366
96371635,2260.898898385445
72833770,1621.022395374551
94834332,1067.4336122029947
34291304,2376.157264272471
61020465,1689.4139360898762
58556746,2021.7311657440382
39138083,1767.05473411685
25334186,2079.3077101868103
34764813,1869.116194242867
37404139,1518.8167878413956
44171473,1304.929350359833
32137098,1220.6590896257626
72644851,1478.4417075775632
57301182,1517.1472332320495
68777856,1540.8775501064306
46687209,1186.9077993803355
69167315,1369.1511411308634
82057134,1606.272872237366
28611499,1531.7241518222845
73817431,2129.763394366011
66885663,1899.5563174687522
81244724,1343.1308036258265
17815149,1611.3669370548255
76792976,1770.3068975534843
32232188,1308.1834446520434
32884692,1445.0255304694338
51904668,1969.2842441410621
54177086,1504.7502866659402
79785130,1920.4705156328919
24791309,1135.8244484199759
79748184,1112.1261953199567
71076766,1687.9466757714383
91713473,2218.5690553395484
21889636,2553.7883994849644
88684450,1581.4875861336022
13868166,1312.0186556088722
72609306,2706.19457910323
40230821,1076.2629539185164
65326864,1263.1315230343287
47873334,1775.3589052044465
38502225,1134.81292774336
78086792,2169.194791965169
19000370,2393.225623542864
18794356,2050.608853290718
15695931,1252.210497303481
69820899,1142.0996938706248
42730808,1929.7639611497282
55693372,2320.042216459691
39793167,2456.450532775056
42174587,1142.2798240414731
17562701,1340.6540382083388
75887228,1386.6372120903966
86381737,1058.4825187964814
50478816,2089.8063330578752
59640073,1565.5362687001518
76678970,1402.815420758397
23159711,1347.7699862103873
74146213,1331.368938098363
73679527,1339.1694397071938
83678670,1264.614630824872
82153168,1725.8014224996596
81585077,2170.7154896171596
51172809,1638.477303906511
93348209,1255.8182491983778
40526730,2637.2921602508
35477741,1814.6274495929974
26904107,1775.871917289787
98083773,1315.0476281487377
62394914,1703.972626624567
38403298,1573.6286310283283
19395977,1623.7928066814516
28561023,1354.2386466388944
45885910,1506.5132683715897
95086890,1229.0295542338051
19776574,1258.347611363101
60586201,2082.7751092049543
89147481,1816.9952019309724
47209892,1447.921151676526
47476854,1614.477361829586
60953282,1855.1965749881642
72001460,1725.5693202784707
22546493,1700.0816669519922
48912589,1809.2217544284692
37241017,2329.524326777992
40152795,2243.0554101535045
45771924,2377.295580056583
70307319,2344.8450287967203
42825484,1478.7644960506425
32535623,2500.9408462944484
54789245,2280.863032026382
72682970,1964.1198474910573
51218700,1801.4444936495136
16039328,1248.703315022703
44678506,2838.2117756570956
59530373,2609.3671220969386
81467001,1304.7582218018424
50258434,2029.9681878182225
27681355,1494.4026492104447
69431073,1342.5652897742254
93968709,1821.7050295989748
56478207,2290.593939300773
19466001,1919.7189608052965
45204787,2273.8747690273353
44120969,1156.692224498958
11347094,2425.5643844946803
33817003,1285.4591639227951
84812841,3165.3283981155423
82947487,2086.746833521711
22317982,1610.836578314542
95086863,2354.2603336830525
73084974,1221.4004566492708
96665202,2129.815259585318
52954565,1212.3819029599756
22781049,1438.8020695890032
39742164,1621.2691222999426
20712973,1431.553855617584
76124953,1757.4607758291818
53726970,1757.6423260248416
30895251,1643.8635187462032
87940348,1744.2834822641896
95321478,1525.4851277443845
41613207,1653.2025931461528
64780104,1524.205040992608
72574405,1881.6906722300396
87909513,1176.8110052219708
80918662,1989.1047677230783
50842195,1238.9753889105918
37167999,1775.0777515372101
56430683,1499.1779397798643
62519911,1159.750595613964
29251792,1530.3737395278536
85925973,1576.827814703954
34644536,1280.5120339058349
39276706,1333.8006006721998
81892516,1958.2525194060925
30222761,1454.2195290789787
10422044,2090.975591395986
28074362,2432.5484549761513
64967123,2052.023893645441
38282963,1409.835182291885
76769818,1550.9560764629493
81835353,1908.506523796276
34737343,1475.5375913587181
51032996,1516.4088168310473
32565254,1677.0450432533312
51764743,1916.9329341608327
92831396,1881.901192454188
84077215,1462.3369809664782
77480283,1514.2647189446977
52724196,1004.2765964829291
78039908,1394.4284695104548
46605850,2112.124095417487
61041851,942.7303159547243
10551671,1311.83652775863
84956232,1544.98135044192
93609795,1069.99029150564
63261476,2168.4386455964345
78773692,1645.1424447429445
41527728,1174.3161704933163
86838609,1314.458124616627
46835475,1470.5548394943717
23285553,1250.6908120544315
83082562,1498.4757802766546
33889237,1651.1464623663735
46836989,1979.4613202103524
42683388,1700.4166619181262
15212938,2612.5736176654545
63857629,1378.513548117205
71736760,1397.5290275688255
41166882,1518.456187741427
88287708,2087.846244443472
68218612,1813.7193244979844
34505104,1555.3875894713185
50756606,1628.5153134995833
40004505,1529.714728492822
89798576,1561.6610423582933
43860123,2190.2853061231303
93655218,2183.0418939900915
71051446,1087.1451626703854
93380848,1160.2160701229527
27980449,1507.7649372578549
57084880,1638.7032729021903
46438239,1370.9702277052259
30942515,2329.0171155560815
19590564,1491.1877578207616
83623165,1302.2916392394336
76716085,1855.6832353706484
60666996,1900.1885655149192
78361983,2073.8957952598143
72701952,1438.8502952541025
74922910,1336.4077797329492
63759907,1572.2852135796325
68856134,2102.4554120524053
79795778,3055.4094937818995
97178936,1469.453421660016
56185778,1374.2952851858308
48290079,1242.4628078659316
29392023,2261.413324445313
54780943,1686.0920926667204
97751068,1530.053546296653
69746506,1527.9214808571294
55371174,1820.1000435608366
67781652,1472.2385659021854
78245291,1634.3867208706288
64158812,1987.2344083246246
60974365,757.7713033367202
12800790,2116.081426319063
96154030,1699.2242398024205
98482327,1564.033715438179
17464700,2192.04484365248
56270967,1778.691759948228
46584495,2094.0881491471514
72785702,1331.0503408393618
41281460,1726.2703698772032
80424496,2545.562076862488
18835766,1842.4598523007176
87502261,955.1230160202228
96135205,2019.602004068913
26258289,2742.3638473974684
75302604,1463.1739185059278
98645752,1776.9561713839507
58643859,1948.7043108502528
90141148,1924.9882168887154
52181895,1281.5553265990422
16710404,1584.2031439876582
26056734,1557.5470489773636
39602380,2018.7611459018808
66983144,1752.1499519063261
52507579,1285.6980133782213
97432890,1512.7754485170483
85547503,2464.535372131076
63906202,1583.3176331742204
84599750,1773.6227220248616
84325254,1246.4796960024767
39975048,1751.0908029945128
81574706,3128.3175935743707
30468791,1442.654588523602
97533812,1399.4360650320077
18711694,2105.5625195090565
51787778,1991.052466539873
61409887,1794.735265905972
22014620,1104.0758486930258
38836545,1357.1618427619255
87391833,1112.838219192428
69117778,1318.261194677904
68122788,1910.7222789386763
51241051,1646.2633874379458
87186215,2266.7796593401004
84468326,1488.4657694434018
86410473,1641.2883492549165
56236242,1843.297608811057
59626902,1179.7098683307577
66112801,2403.2755409651036
84626603,1140.77530893359
68630773,795.9291288324339
33563434,1136.096139733216
52975992,2252.146071859352
26817104,1771.7777134657435
19501484,1532.1387604691483
62595745,1631.3408358072863
41563117,1974.559146015794
52796320,1836.279663483628
21489695,1805.6713465719931
56658010,1594.9884724094036
91048109,1314.4354300501075
68814610,1566.6700465913348
47089966,1724.797275630543
79261064,1937.8917253599755
43267298,1670.9710561666575
35491922,3558.5134635197214
91103900,1688.3224175296164
81885878,1108.6256290600072
10004659,1616.517918298934
49810234,1375.3894290347162
65062190,1599.3810121736042
57566037,1734.155510686636
55754004,1633.7938130998452
99179360,1034.9563793866287
67491962,1668.2130800878178
55660033,1467.2908213921514
96584547,1610.9571954459097
36088377,2189.5144127353433
97242422,1009.5396882545733
12109366,926.2594155039637
57248099,1724.4486081453163
46843789,3297.6905532486944
15574311,856.2812117136093
39119987,1564.6278313430032
95964371,1512.4542573779008
93965777,1418.7916350532028
32720737,2056.3523333597027
38011636,2281.732165493845
28738450,1557.9159489407152
82845868,962.4212307884736
92357814,1453.2914569414213
94273774,1180.0594590014034
86770972,2168.706922358776
95965665,1542.4504488921268
80658412,1225.0164426626866
11188732,1065.580946095518
78466957,1276.3248148825237
77853776,1546.1180381446297
81589793,1420.1240688637818
49765777,1717.3802830976579
88579415,1369.4755278426621
65011154,1340.1857221712326
32352609,1525.4410060657603
25644810,1287.6922788645575
36867135,1749.0653777711664
88848522,1540.4431308287215
54293859,1740.615486051891
33019527,1219.2049850217622
46924492,1189.1583687328816
19488750,1329.4397199409193
94594464,1330.1960627904032
73247876,1582.7023250089696
71373451,1207.3849791921339
27655514,1492.7982282534952
94112335,1575.315540508757
79135715,1197.4626416651704
69231521,1392.4810740030039
11994136,1722.7682489130718
27288623,1539.7940005190255
88123955,621.4280020301433
10000265,1300.988752550381
79772833,1679.968760067016
93882232,2461.394175968789
32109681,1231.5269840829867
65404136,1810.614876410772
33831079,1041.5643815758237
71847266,1176.9821389144593
81003839,1130.2492585259251
19285579,1882.4164226742319
51911514,1906.1256370774613
55539434,1874.283273963362
44536751,1147.5368257867565
70028057,2252.0385925276455
86860126,1969.9901872111147
64254454,1650.6664830945174
98284782,1954.7085449764988
34610652,1528.6017236369632
75568847,1581.6145551643142
65674652,1443.1948056275094
55019276,1447.0575049824326
55592552,1428.575754558317
94267636,1455.6961388976165
69222634,1334.316637202145
85591369,1183.1261490472418
43835656,1349.052327278469
87803052,2198.847223495011
26232040,1545.4272264543702
91061668,2065.578157092012
30001734,919.6176664305453
64074995,2323.9208656575706
98892450,2149.3519313466472
30473837,1347.1785158227276
95158643,2008.8123476317346
42377220,2068.4289268485572
64814717,2106.314017840545
30148862,1805.90876821225
62010302,1686.0184455212657
99477712,1524.261376462788
70875105,2891.5005689410277
20465640,1161.5228119484677
27850961,1025.760083325184
44835254,715.3981687677431
37634561,1489.492208838781
46702648,1934.717123481537
86839823,1318.7073305559204
67985741,1246.7405730755913
27791703,1357.2915383630282
27289673,1337.9855958220955
47043760,1451.233096073581
54808934,2014.6804644059414
98155995,1948.6833128605053
69341643,1919.783722995148
19401682,1446.5471249536358
97496254,1084.743537850563
26009392,1346.2962379699093
76357312,2169.657385326913
60644292,1927.5163597678722
92095667,1607.5414412934063
16021125,1834.963972231795
52662306,1371.120823485654
22527415,1340.8135589732324
11178457,1894.4346199173858
19452873,1041.8143101985847
89463603,1828.9877450659303
55778959,2529.9768854764693
45079947,1462.032524348541
71913651,1598.9402752931594
26030335,1695.4666350407688
18887144,1317.7178702266351
67192573,1448.8235152799127
93955593,2347.657052666015
51025425,2431.5213058229074
59882564,1354.0658327410767
39586553,2130.406604383973
10235871,1911.3760973391275
44636319,1076.3613158264027
37290007,2338.5739467034373
14108687,1616.1703210985515
34932666,1149.3498252245706
80941617,1321.143883582799
54682782,1558.6238213505926
89652985,1637.5049355260344
13137515,2498.7201018977103
69623259,1473.1568228183821
58672181,1890.0021415959227
19145583,2044.05323685588
15756823,1976.4578899110907
48404289,1586.9437734483595
81082424,1453.2799027205278
73224913,2334.2034687913083
75845341,2749.5445995313585
98474913,1761.4583492386098
41962691,1261.4033360495664
48961741,1902.9436690176587
87593653,1085.4131712636279
84917993,1040.3189000239574
24081947,1458.9766574352295
54462462,2279.783866557709
51963469,2135.197292251807
94467679,1286.5904597245471
31642363,1214.5656187203776
66097711,1473.7090373682831
12884742,1398.919219392297
94999391,1414.6820749991075
44605879,1494.6692483801469
35787017,1503.9810521576603
45450960,1403.8350490061305
95291199,1080.425882660652
96016558,2202.234820106325
84566828,1604.3715747771803
47412693,1045.0614036846189
49029700,2255.470681209668
60010012,1363.2878964521929
75883768,1365.5904800574483
26202342,1209.5949133743213
42317663,1500.7959622362414
81534336,1232.9610397791798
89007837,2149.3350173176254
55830410,1417.0515430193043
42889086,1114.308728493135
81610198,1457.4347113022936
17452253,1258.283638510978
71203731,2260.2693300147653
80449971,1402.9264553175742
69429731,2155.3950891509176
54605956,1904.7235349566215
34299688,1371.253391079623
87819668,1903.9968783059671
35995429,1235.9457966090815
79395935,752.0025055612873
77309412,1573.765425780717
43863935,2075.4383715045833
25184246,1595.4145324339252
36615071,1233.980392162146
38474717,2726.358793819757
93825316,1115.5449466685636
33683398,1381.8827891813735
69346242,1992.7247798617184
59095929,2026.301678431985
87118088,1299.8076397400198
45924958,1659.1691871165028
78591323,1689.9443083918588
37759814,1769.9964083778082
79378632,1778.2829815775622
74799649,2355.728056971758
53222755,1629.3343298621517
36749663,2422.3628130185352
48476133,2019.1453561521178
49028666,1897.4352940271933
74177764,1942.5815674268392
14771208,1082.0119390424136
53613430,1344.9216677638942
58749152,1272.6290308288478
32751897,1723.023352786372
26470651,1415.968216623558
35002941,2140.440416216541
18541890,1349.5525653885727
57596711,1497.0742969949285
24072464,1285.7268005909232
31435093,1964.1180031832664
30602585,1592.967692828641
75360000,2210.1518096713203
46273615,1959.9409047080817
95181699,1511.3159898046977
91310621,1461.4735702365003
82017783,1424.593170255488
70908643,1578.950496704753
15861638,1912.711713700737
50835625,1919.8507038466225
28964861,1084.2122402601883
29864397,1241.519077383537
12057084,1489.9372588355432
28334945,1884.528114099194
60084019,1379.8215751125108
63996133,1117.0908653558636
24215888,1173.4455796560758
73974645,1415.6236076130197
75072747,1262.1292110966774
45633768,1677.6764177914556
35646913,1696.1225241611792
53661067,1535.6204767494519
78907585,1985.1682678840805
76922109,1805.5746983298068
62248680,1864.9711388791313
73320273,1707.4943545946926
22179940,1829.199569636193
26991418,2237.4803220869053
21855522,1757.0472111314552
55265808,1819.219278064496
58224140,2155.380624749218
19913819,1250.4477580640691
90275479,1486.071975885646
97988475,1866.4682036435636
83636674,1551.381241843554
19875524,2724.379220793124
90421480,1429.79581061947
81793670,1650.840726184029
85521270,2110.6587944197145
97359529,1278.5915123457198
91814930,1456.670460612169
39016297,1641.7969259067975
94156929,1769.814818610374
45023538,1638.8824051767474
58269517,1209.1994263577365
35694304,1372.797673523912
64951262,1324.8215055697062
95920942,1595.3286573120643
41847450,1446.8122812949255
15255858,1417.069782068901
95924527,1444.4367239270957
12518283,1946.2185596284176
99811369,1334.7210528888654
59569343,1071.5608640546002
47206769,1029.528795588962
51079651,2501.79628630859
23194465,1797.1943956274336
83356805,1926.2499218265662
26586384,1158.2833204207125
55548495,1165.0829296359877
86324071,1694.6504964949238
75101749,1870.9255767012812
16463144,1058.7986690522116
19396787,1329.6696772142966
33279246,1546.9814663052903
49233593,1838.478983901888
48210075,1004.1966670595762
55054820,1358.4801285691196
96257897,2803.7471330642784
51430742,1745.1367617702056
83437485,1667.6339934128553
50578351,1831.651435213558
97275251,1855.0234894041462
16222585,1487.7009758334166
39525336,1957.8754035314255
78481250,2034.494462580937
90967247,1376.3336662721604
84855982,1534.144130239906
57782649,2093.4377193988826
77997002,1456.9241433906811
36215630,1729.1154451640473
95580912,1501.4447904817669
59034107,1587.778676455377
74775777,2225.8885054608663
39971311,1486.6314666219025
89020638,1930.1746656103485
51169286,1660.2797357331115
99644215,2558.9105248874935
90744203,1557.5825694176274
96320211,2044.7044871494993
36465697,1556.3761503119044
86214609,1858.3794470855685
81033519,1285.4603157400372
61860616,981.2838528101695
11758072,1648.9113238064474
72796099,1052.0528418638914
12154166,1118.9357331795393
48588483,1387.7468914114756
75800458,2341.9672507201503
27360889,2377.262535079234
84455620,2707.5844138098078
94594944,1337.938286965128
73063439,961.8815826309278
81513909,1539.4924294863613
76078349,1912.0201854146596
18738053,1443.1878944795935
29574045,1669.3214969589187
80540560,1555.2529606695707
25751173,1462.150550288283
26008933,1448.657167618265
99638568,1491.4527363292364
16106243,1818.3148507762273
46712863,1109.3423127721583
62434322,1747.6223659465304
41483187,1436.6167141068959
56776930,2813.367211909067
79612305,1570.3406660036194
64780825,1855.948452148544
45536007,1273.1381428626114
46661025,1854.0194008116528
77061678,1276.9661164042884
60393588,1568.0092495318677
63346660,1056.0953030372693
27845955,1450.370634976077
55504400,1528.0846559048216
29005367,1000.138257701848
22069246,1098.4974406948472
84008491,1246.340487681404
17133631,1396.9478716447923
84832150,1179.82693470289
45723864,1724.4659878424386
43493787,1434.6152419776145
66097518,1299.4049464718387
70168465,1766.6065600761538
94063743,1132.675466750198
14576418,1616.9696084065488
67277120,1954.8819497447578
94345958,1970.7430145732367
30685847,1323.850994423585
85948230,1613.6898906480735
89817663,1651.593525304888
32957921,1963.1511953686115
46701128,1521.9531587087797
70035645,1080.4933994212518
60395047,1785.5296253398922
88839252,1650.334255446677
84131490,1189.3812857681555
75586325,1507.7075547722372
80103534,1227.939905944346
43032685,1325.1874295892774
15972126,1629.318121264935
41404247,2228.8672836462406
38893753,1181.9111042438924
73633779,1932.6719613728953
35904393,1035.5551629767679
24714022,2006.6070178596008
19048345,1204.7828919430626
47004008,1407.9201415713944
94742593,1952.6216671358054
75269823,1742.3065556573808
25552669,1033.9781003502694
51828771,1365.4549264583734
70179002,1105.842872575564
38115411,1669.973566419579
40317565,2221.028552835589
21110207,1449.1071113563212
84762082,1477.2407431523916
48690899,1847.1104644987163
76594160,1561.886448304107
54192522,2353.920345500589
72813893,2270.046757543759
21004583,1405.6096999412255
64817154,1984.6489717014326
42706195,1426.7727641409836
48103074,1551.9629510565128
21878260,2124.919348373704
36272220,922.544117832447
13817497,1541.7434625241185
41737305,2020.2134468837376
45517239,1721.7578209103804
89500514,2385.831555310287
35952974,1193.1688141092952
79180368,1691.0439192985473
49972479,1978.4236794151793
16468436,876.2459425960039
66415757,1831.193000292813
60737619,1689.2551570227527
61065232,1453.6960353055727
40172654,1236.0966234555576
89609665,1837.9094250475162
23952725,952.3187885957761
72896307,1779.9459259356888
43835334,2974.249854027464
15170417,1004.018798269042
67479665,1191.235212203418
33361674,1489.9655214993015
44130617,1270.829908453697
51579953,2127.9372465083597
75908580,2188.594001883612
55554604,1719.28295693801
78855633,2168.0069733501296
16657542,1708.4313638037177
54732615,1769.8329676414014
61746292,1947.2989563190172
57869356,835.0850091455143
29926611,1412.8426632875437
75275045,2978.5702258526544
47886535,1645.0557495623646
44918482,1428.4838613143354
78968246,1751.6289691076208
54136456,1691.2014611485167
90807736,2238.9396604166413
60276696,1657.5734565994962
82048962,785.0957606020827
92669446,1728.8486119152503
48680297,2144.797399006546
20902349,2479.817304300211
56991657,1908.4254285222303
47839152,1501.3749228719896
78844128,898.4908892660917
13384224,1446.5228299436733
46213331,1815.8155754739157
34116626,1030.7603972845116
13884884,2934.367242896491
86060261,2163.339265112291
33698474,1385.7365101912344
65729973,1236.346576642525
10671871,1463.8739220516418
35704807,1565.269465737482
55231783,1661.6719801934519
62208192,1753.5594341499639
67563103,1763.6926396423216
72548470,2303.226111850392
35725437,1733.219676069102
91119982,1741.4555036798183
58303560,1943.928286707314
48430844,2078.01832905633
17825416,2472.7497843763967
97821966,1876.9301528911703
76538437,2501.467056915681
46855429,1286.9520026825162
70135617,1960.8130796895555
68330883,1101.572489579592
82205109,1682.560551143764
47743752,1877.1557031733919
55059767,1180.4515730196522
88243398,2579.342992142926
44699350,3030.488374455046
35330178,1506.8624317046706
25203468,1387.7013999608557
40479165,845.2187500340194
10947997,949.297942794138
76351104,1601.9746471239082
11445786,1710.3320685322126
49470754,1360.158928961439
25466549,1827.7035355537876
68081302,1285.9511603974458
66965573,1783.723570369911
91230160,1949.6474013178122
44322697,1326.631005511591
17542284,2192.5278311033285
43035885,1506.5428913914166
73926094,1027.337469071074
64948505,1560.8802168340305
78950808,1208.6788119072046
38422125,1230.4202653883872
70854487,1876.5655824564976
96303461,1881.6125567482502
46698218,1737.1145981286752
42918073,1621.8031684503344
60976113,1417.9517383902933
80414616,1426.0689406588263
11919826,1643.2571155457265
78548658,881.818871951674
21857739,1422.187609523158
29877271,1907.310562068258
12698388,1821.8957189435819
11871707,2513.2403784578437
80819542,1355.3547245263771
95941128,1491.3116614009361
15401105,3581.3195874013077
32754426,1515.9734502728481
69235267,1010.132682730225
71590075,1867.0661629462672
93562904,1633.4094555980141
48418506,933.4466799718964
91190923,1468.599318437201
33120061,1136.2006736637807
79992717,1493.4832032799386
57263719,1876.7874686033242
97902872,1569.8509704517344
11659952,1316.8625896513115
19463140,1699.0182462471898
32523829,1602.5821777673966
91862885,1716.0923671999692
72799092,1975.9425039973105
53477503,1542.8281112302784
66993460,1803.8074678045627
13665562,1364.8898096802504
80709687,1473.0658429308266
40330962,1755.359750371484
42684844,1609.1905642405018
27675885,1975.9402405783972
38250322,1421.7818052324808
63478776,1441.0253045613138
62285686,1686.014381878698
97553472,2043.0557943295637
64732641,1690.9154648445895
10341748,878.4036010916459
34930451,1499.100819441189
53726168,1457.0990837102063
69426758,1204.371579108245
90029637,1171.9981459262187
94611401,2327.609956924198
31394855,1540.4782277786803
36645175,1540.8474281446709
56281801,1199.4072368825189
12148162,1679.0784603718678
18771087,2057.6192598180182
15509457,1443.6547083806831
58811830,1396.2275750916122
73003066,1891.5365709095865
34190353,1469.6125637427674
70731913,1138.0185485210113
55320872,1969.263461860368
41886703,1897.5984408713473
16884593,1356.9477059613591
90415325,3005.212971366845
28408198,2258.9055271142424
65914001,1544.0929923675337
75122895,2171.9841089966267
80177938,1517.5186230943516
37984269,1479.72203603115
81491790,1905.798360262524
37294085,1522.5829087590323
23335477,1200.8831826967437
74996570,1411.7482605912207
11602841,1496.0562071745767
70152712,1751.7463529057964
37504288,1359.5357267995346
76619689,1162.4235631514953
95075447,1630.1466319731915
62779399,1771.3565588854217
66278648,2518.38184571639
18002070,1663.0041703267188
94135062,1237.4697279997285
74396322,1259.4772419320907
97169764,1826.5507284047897
84630384,2060.998167546616
46052909,1155.4405972697155
60213474,1772.051975001167
33797784,1984.6384394890276
59759309,1714.3895196175827
47001738,1643.7351654330619
76899861,2543.904372204554
54444766,961.1964882979196
26850612,1514.3274493173246
22468145,1368.1784544072611
39243645,1321.4943873583172
35759583,792.2083136178817
92468992,1654.2550845494452
68717112,1281.0881355079243
47344834,1262.7237538809848
52115284,3023.595935955776
21042322,789.7340507004158
79258805,1607.575757598973
51304748,1671.4667798434152
23253686,1880.1287436580783
43275074,1470.8976206881512
81602713,1712.203565874562
60924053,1419.6554484028572
50363853,1733.0100210331182
28412591,953.6012071389271
65145713,3197.9917488846295
47077663,1993.2684642607212
58136966,1351.464127132775
67034290,1243.4588289401722
72057747,1762.3138424736844
78034116,1263.7219816354263
99365155,1693.3988063023446
56151729,1659.010042734779
68997667,2181.3346422117497
46532370,959.9670310679171
43276809,1781.0651720165647
70460118,2408.3321048572952
66150334,1502.9252349811595
92614050,1509.8552276736375
69313526,1486.583336975604
70949373,1894.7891144678288
98595102,1514.493662445166
57731071,1127.3147084643897
58855043,1421.1467812128901
45456441,1892.5813038291687
39733268,1300.4856700438966
71064725,1432.8880220488463
29668017,1663.9050255772597
94555207,2104.9730627413205
60811404,1742.892805592163
53154973,1513.8655896353594
79534885,1591.874442789062
82049293,1826.692651716389
19578533,1128.7893097657156
66374977,2199.111452959773
16850211,2070.9265701958007
98217866,1457.2076707895967
33773989,1408.8361555118286
14998381,2381.5914339971923
92421507,1176.4659164542384
66591282,1108.3136149464608
27243576,1686.818867748137
58962954,2115.9681156039214
62891715,1066.449879552202
40256776,1378.3679142821563
92014626,1616.312965795696
68868046,2138.8749644038344
47811896,2043.6359847877843
86438296,2013.1371092602703
10421272,1542.308534390272
56519274,2080.480172705089
84854339,1855.3873407951473
95049673,1764.1665111636783
65578696,2663.3873312904066
85747970,1323.2393916996436
69874974,1016.36949248579
34594425,3127.391570371609
14874183,1890.0789715175356
91643227,1430.9209419039523
94998930,2769.214818365678
25184219,1799.7908324877742
78637662,1323.6029079129753
40102355,1882.9263013834393
33004293,1651.9309393621334
85498300,1812.2678217210976
37721019,1604.1997595914638
78482421,1510.160811950042
81912650,1414.5923928113498
86410146,1653.3199275631357
69095320,1114.3330064233255
56569332,1436.8301281882937
97340317,2716.121653874302
37533494,1228.0060535153152
55430447,1002.1678320045255
45610406,1204.1232777134855
64085140,1794.4629446620222
81416250,1508.4287616202485
70034683,1930.0023359262857
40315264,1968.7972555082927
73160601,1505.6133704666754
54677638,1921.2881416479258
90571590,1948.1717641964758
84772888,1780.3047078396207
90285847,1769.2301545829898
80203339,1711.4780469572772
73536003,1151.8814986160423
56021479,1106.8161323171757
10526589,2318.21208311567
23648848,1740.2769823613799
27805990,1582.6011578740292
46740683,1884.2599648447724
66243364,1452.4386641118326
88626421,896.7630825968477
81009655,1810.7777493671883
47576712,2890.5433851228727
73803450,1129.1187354366912
47427075,1034.119181390598
72540520,1713.884861791457
55407503,1956.9445607040252
49275948,2492.5560030947195
74312584,1708.55679049119
84174297,2671.472007524543
96261162,2272.7407099227175
22879870,1770.2627169851467
13933179,1751.3398756223942
20116066,1325.625252166838
38689361,1294.673669757491
63156536,1688.685846806007
95340838,1754.4611759493437
75352375,959.5355267574712
48265534,1734.6528985125678
74912030,1103.2622815531752
70071430,1665.2264761398726
87025516,1644.9518203175694
52784904,1347.7374874096784
96281041,1880.3345121195089
60302206,1804.7749024133582
88862209,2211.5241766716867
66359731,2066.420499685927
56582999,2368.0579684676854
78391067,1569.674616850495
84566381,1711.5575519738675
15548328,1295.9665466375839
49432086,2014.0728286252863
49054075,1787.7967062129774
71689174,2018.7909151146084
64196832,919.2135719809451
85965917,1761.6006033105455
30935690,1339.7597814389483
55460540,964.2761331399756
89457485,862.9336769693339
10188743,1389.8416762736858
58823191,1119.448230878105
20643935,2088.0298972446726
40325735,1835.1334225765688
91136520,2006.6662057104697
32259671,1834.3001008323586
26400774,1177.4165002430707
28057887,1195.7282607828465
82844555,1219.0513080040248
51111773,2252.82941328773
42987529,1819.5672341465715
62978911,1316.0707552927283
11881525,1239.9105636617483
86857890,1573.0961259432436
79797628,1530.2315390888973
80357222,1657.5271953607923
35431033,1701.808997577819
99201502,2332.8752765136182
90452446,2377.4792116308736
18670977,2642.418192216191
66979442,2150.837729854807
93738605,1430.1230613085
29213200,2100.6122358890484
31107212,1848.1963862189307
91594833,984.0687474991639
82943336,1233.2504459891557
68443662,2481.7379724042203
93641230,2145.1770991113804
50244475,1456.675356986437
87626955,2077.623478833012
51387553,1328.4522502948519
71504785,1304.798848331131
58768482,1654.0145647646418
47301702,1853.7810623055966
46285200,1726.720849915125
27113638,1797.133916258178
63361835,1183.8176335961384
42709073,1084.3275312855815
87920715,1092.4648568773823
59996173,1909.3261151713175
97865712,1212.9949482883417
76462362,3057.3860288387427
38643308,1856.8596679418742
62694540,1837.345268865975
62141335,1317.2733734949536
34503041,1512.459189366652
11311229,1054.736917392675
51623206,1693.741355069206
28560163,1737.1637827446025
94388349,2032.3947198101325
86256710,2363.49777558757
61215694,1696.545562821314
80946911,1752.484365289435
35537651,2362.1922167125153
66755381,2392.874421452452
73455092,1175.0941783009612
34041393,1605.624324141104
30484078,1792.967439958656
62329986,1687.3260004531378
62897188,1368.165373917368
51881772,2155.5929760773565
94211751,1197.8827502933846
61613645,1309.2205561462702
71479652,1891.4289405243512
85310501,1542.963207610529
23110318,1661.3073443437797
82884759,2107.625596886499
51095836,1659.107734346615
52772048,1241.6863009094254
17245854,1304.5658715669213
96708865,2333.0637936860367
67276218,1639.538663990871
89528454,1192.015977048724
73044839,1424.6376103476136
92820854,2139.321029431204
81415527,2251.4801422905516
54704500,1424.6813918215516
62696690,2173.9392810478907
43848311,1699.6590236125146
30447397,1162.183988460999
96343937,1348.8120334240652
19151468,1476.0938222132313
75047192,1360.930106952549
29891460,1532.6858325784308
47625277,1484.0126417383156
57930980,1460.5097208587347
48354539,3199.9058681326305
27628114,3373.299699715241
32690361,738.8941628765285
93744019,1206.623788618854
99861438,1517.8523616510593
30181088,1033.068698383342
31181640,1919.94007356433
44766788,1375.9398263559488
65594080,1298.3652279858688
22508377,2217.5518639175116
97181173,1655.3429037416815
17420303,1660.4722557411474
67800143,865.8054689725489
33454469,1703.7125355021744
30418520,1697.2959149104533
89752463,1177.8602868644916
55142148,1873.8245704688297
20848293,2376.6795114287584
12617495,1328.3298213937762
20378275,1687.32686741224
37172337,2056.053939701189
21839038,1182.8925527823499
66993155,1468.9466497091582
41249770,1181.1295703550234
80181790,1820.9793304626353
36248478,1341.5126624957354
99097401,1426.6572884938114
16998435,1095.843564324925
28345246,2156.9086209146394
97230601,2242.5114716963767
67442292,1703.9342587578603
54477624,2686.6137379263732
22866548,2610.147006766836
86504569,1637.4033240563506
81257074,1435.3499440882906
53101206,1311.57857456686
77626907,1826.7656657177558
15402267,1204.919397522528
66190974,1526.9226228079747
85276459,1942.5723126753655
61882567,2365.0127123113803
67503548,1587.278664864936
80801220,1389.3239538084865
45827465,1706.094893938072
13145303,1549.63096883298
92842662,2183.0148416264633
73150077,1760.2193022606618
10904048,1024.652360062297
89655386,1657.3844449190956
91827598,1346.6602171628929
36736446,1331.3675649778263
73791907,1250.758420220597
93237533,1160.1393094171165
29020722,1762.4328414766396
31344857,1139.3652358793588
67961594,1170.6120285496884
82896045,1351.6440174965605
79782925,2010.8149668000635
65627534,1691.466377239815
51055429,1919.0527046051404
24073352,1391.2642428788474
63468697,1678.8122043748533
69815836,1288.6565971278524
94658489,983.378038206343
89803063,2582.92777770695
41826065,1642.3412881990314
95957321,2726.035614668083
72164672,868.1505860966615
88171071,1039.3937476938709
47273090,1571.5757289203934
19574799,1175.880758197087
74042503,1395.5891850182818
73199665,1904.150267402051
32553552,1873.670219442961
99007181,1479.4563088350085
86459252,1790.5487442022188
33160158,1399.7703037463953
89403244,1856.3411957287553
83607429,1922.9750370348968
54979491,2021.4925091497053
34711897,2334.796904541693
76049090,2337.162581544086
38209438,2587.2671911216635
43607471,1380.4430296041828
37603490,2903.8452198820787
28133465,1560.434255033026
66543688,2149.5142996184727
13310180,1385.3176329169066
70639698,1337.2908030095275
31227382,1652.5956206114358
27953042,2035.356638907226
62042217,1319.1042054564916
91860613,1358.1707114698183
55497701,2882.3258724565517
20529003,1420.0698629368069
95270433,1580.6786251985957
99713042,1551.8722479117957
78850782,1509.0903094877829
57339822,1132.548015411489
89910926,1773.7806486105887
22738331,1601.1150699323161
29399410,1606.1161622915738
48960030,1533.5751084549095
23209349,1906.121608247561
40869262,2780.5245102033273
13469481,1517.8986474909793
37901584,1322.287432557486
15827667,2005.5092692607798
36279211,1244.9439153000649
60254169,1444.6975444001826
15666676,2088.4875196777093
83527323,1358.4450427931129
38323312,1583.6228153760242
16145827,2225.8198034536317
25816799,1881.3896804629396
31540608,1098.6798219774146
78332853,3692.5865631271035
50241601,971.4525795605034
59793938,1931.775719516813
99765396,1526.06814710525
22142241,1858.5582573082452
28238312,1079.3304030139623
56677251,1714.6581790320915
79286536,1987.1417634631116
20049898,2630.01964955646
79883465,2182.208690341005
64419086,1257.4796793896771
35428504,2198.1895991170863
83636473,1689.9027026959127
91911110,1369.519313366461
94747885,1395.2621905476935
77052407,1738.9057744064442
89274668,1359.5775176009568
65429257,1524.244107993822
18949424,856.4343525936063
78354959,934.4741203810627
38613499,1914.2942288936904
99410878,1897.1351154084116
17066881,1635.821766801957
84559340,1845.1814068017618
45796615,1679.8650569952727
18650747,2193.8843378747324
87098836,1676.6385049824798
18956602,1742.2846717278778
49896714,3280.8480419057123
51066559,1126.8165052789018
72393934,1474.635188007046
63389143,1132.57351131716
35204339,1481.0910186286285
51345357,1300.541297900078
46322354,1649.1310888098344
33951394,1667.8695393017745
41031096,1150.7596101454355
42228451,2915.2009466819754
41161057,1044.8698688645268
98892524,1536.6613565789298
19811103,1451.482985054405
65448488,1536.7640312472436
32428376,2933.950624573608
85323274,961.7387022572766
92258087,1561.00854468662
79217297,1586.6748145800968
11989719,1633.839993453989
28471365,1374.4540292678168
34542074,1635.5922297750647
29164293,1687.088446123004
84304086,2087.3923279692885
31817572,778.5941889311719
77771839,1277.1152770727367
14239440,1266.8561710065476
46882099,2169.43142135746
38983396,1424.8309216826692
31683463,1631.4214060794375
78092716,2029.5406286343853
42013895,1575.9386037301958
65197071,804.6960027725117
64495960,1418.9656502011073
68745703,1439.1301877125866
51390927,2065.6239318807607
94850983,1621.0554417210635
24328415,1300.0681412465485
85572847,2120.399910932099
42303463,1573.7653761308957
48215084,1117.079054452574
35427122,1691.6154628176446
62307341,1839.148185392172
63212299,1978.0027256982937
97856687,1661.0418908357485
35540248,1966.6058501055302
41303810,3485.213425220485
72749855,1743.7877611599376
21620577,1323.772442491331
33846878,2938.310852173288
72596574,1831.7102082048657
85230815,1227.6478369716738
72103187,1330.369095465392
39368813,1650.9059509852977
77055150,2100.8220542464037
61280124,1741.4258279950636
88442406,1501.4488987867876
34283144,808.6988945582877
20283328,1154.8241900829494
15081148,1507.670348633103
30803223,2278.9454922732116
95977285,3320.9107024744562
73578397,1179.011828204079
23548274,1417.6199805015926
70020229,1852.9134896046703
13657037,1764.6365034971489
62209540,1052.444282577305
69122837,1996.710118651344
56882140,1453.554886342512
31090970,980.0976366991711
18895583,1471.9359240051917
56220075,1793.0609110796931
81883128,1315.3978987610235
85178304,1217.96927978941
44572294,789.0094735434334
69139777,2482.0385349155367
77682175,1733.5692172372746
98697835,1369.7537373192874
82862062,1583.7936243321867
63154444,2035.062424954162
36052607,1934.4783453979214
80221636,961.2346253620397
14612606,1103.0651323469765
22793087,1724.6960007711534
27221763,1960.9432130070306
85356281,2596.479313901944
72870330,1361.2476736481256
21631750,1399.5135816247184
65662420,1528.0918682965525
94704718,1691.3439338728062
68031612,1645.7639523951702
23780065,1137.5751068128973
76854946,1107.0415713938942
65320814,1743.474043135531
98544588,1580.8205217800542
66236365,1267.6723523355208
33614608,1825.9164863961807
41538321,1276.9294624240322
52604597,1395.4376449996964
51929168,1064.4703411335904
34989178,1417.9376999891742
17968995,2335.5488117941195
17104507,1695.1669779405145
31799006,1144.975854013498
80534303,1658.437623177201
39486975,1558.1214744218423
70473933,1414.1533649324585
39315812,1635.6378675024541
32664756,1937.6379442925456
40582877,1534.8851309338772
14853484,1509.3177850561965
72018275,2062.8177455000646
85501233,1719.1852290588774
62857702,1210.507224476127
37589957,1327.8501827959549
75861106,1245.1186738555555
82048801,1947.3100243919796
41226392,2427.6524475572446
43191623,1033.7496697378172
98896014,2993.4946597848207
39009427,1119.4646574414999
67635937,1974.8902964548286
93989030,1672.0620992454515
58213050,1205.5806155532632
39089500,1671.406736652647
48099206,1572.1472389142555
65115683,1574.9678009703766
19072238,956.6706915872826
50691779,1604.7415881480301
74240054,1589.8121680823017
57606331,1463.2751216205324
50124096,1660.4433267234963
50596395,2096.8858682572095
96230340,1523.7285081243908
73626141,2003.695281372739
12420303,1320.0308147808757
64008469,1951.7531214551389
44066450,1979.0631671027302
27734466,961.5184502838536
30219489,1194.2590481623192
43296487,1416.975200817966
22060633,1894.341093781389
23197881,1505.4986107505392
65499520,2157.466657786134
42012431,1319.4570406788198
42076492,1650.189045311454
92931745,1649.7979809068613
47924563,2121.8740507155812
17036042,1672.0215007608151
79903869,1011.3213246411319
27876581,1264.3514403520135
10911722,1990.9369546339703
21207465,2538.425570283535
90406241,2294.9810061758285
92048586,1839.8951556675884
72112785,2102.234355674421
10881048,1658.5563536803638
71511312,1449.140967495553
42854203,2028.7559568909069
23271785,1812.0416522529276
92261360,1535.8395745761386
14679655,963.0180539964294
90532154,1464.3131139132993
32402071,1328.0311599191693
90864060,1503.8367590934456
27274358,1093.5597308300555
26334631,1763.5363198298155
39224642,2090.1592763456747
19272671,1825.2732895822246
77841869,1174.8756478226412
27204546,2164.0321217093656
12405459,1279.2991431167113
23265034,1766.837035042396
97633242,1426.4933860601923
15746059,1412.293964311392
91462754,1853.2521676443093
71359730,2370.4317277103028
61463575,1225.675378274119
66429439,1314.4425985820328
63351764,1055.373895200725
96265907,2612.635982633964
87085441,1455.95271971706
53920662,1572.4893844760552
67679919,1720.1227487896049
96779897,2496.9306020193053
27837717,1600.9243231122223
37035368,1789.4022768754858
26123523,1541.0662249330096
79652243,1546.6197088102165
91451403,2267.914051227687
29758902,983.3357740442623
47019965,1879.8982043441256
14375753,1571.887960926092
85119076,2238.653774132596
58032446,1564.8906846592733
58129049,1660.515066051437
89574518,1358.4876142496614
61206117,1935.1005182672552
30554474,1090.9135151684272
65452020,1854.0362206645011
97089415,1857.2882436125456
75395475,1582.554929626354
58881030,1719.781553563795
49402947,2812.534760474486
68947111,1762.5940404041826
48259609,1700.4048150681772
46561397,1525.795504720688
99687364,1949.354833591183
91051315,2444.3893545677006
88446486,1994.9488737867432
57583992,1813.6623681912404
50054814,2140.47842194241
42048168,1493.5736244720424
49480319,1503.9620627171175
72653841,1859.0977513474854
93923592,963.8504144421947
60863343,1463.6358117991088
64544903,1196.319356001292
13683649,1524.7177246761971
35441685,1528.35897387835
52702103,1146.3885721649094
33316809,1377.034445871435
99319395,2145.543550890768
42958811,2375.654185718278
79034999,1515.7235268560476
76692806,1210.3591285043008
12247918,1706.4442096845967
82872484,1645.5761780094326
74712172,1795.5318503130732
40198101,2176.5550940066782
21709825,1604.4756891874947
56134477,1545.1008892917807
64741940,2002.5748144683232
20094279,1624.2790780016528
86415472,1341.8147670950755
71923505,2310.350923065021
86463105,1670.8885755734325
27182144,2355.328546332898
78605487,1300.1985326639672
61339703,2513.1000569457397
19457777,1565.8190199427079
14282521,1568.3465414861073
53055745,1546.9013606626306
64045100,1177.1495922830295
67336212,1617.853696319222
30110453,1804.773021950216
84766140,1312.6393570191105
37132913,757.0578679665762
37337576,1727.1280015802479
81785280,1361.9982835410458
33749639,1426.5269629419295
65293655,1668.116973950169
99472212,1117.3446249523201
78611736,1492.4994839787114
34109955,2053.994590384665
85732620,1554.0020644238798
22271257,1902.6802908858108
17111467,2635.6765915885508
87529909,1379.3613939047523
80109140,1978.072062539196
74139761,1736.9779839256505
46468468,1263.9083420176084
11871024,1789.249910561353
38948416,1301.46636521296
79710564,1544.337590342857
76775271,1528.0039362448938
39022631,1223.521192015301
90991831,1878.0096073678376
89162323,1888.9456340499216
23588134,1504.8129646555128
97925196,2881.3690843271906
73394555,1118.1554796585299
81939394,1030.6229871064838
34503849,1866.8673760944953
97624284,2896.1617037560445
83688015,1711.7355970765766
26753007,1157.617374305773
87953339,1711.8861095467473
63187534,1400.91378050769
67816850,1040.0290230875694
58193423,1383.1981967477745
63256520,1490.4686038867226
14482256,1194.4985408903174
70047018,1279.873493671259
25694473,1336.0263025261263
18876734,1297.0519536937811
24815106,1441.836094070747
32093953,1201.1750543683856
21672606,1951.6292998900105
51265019,1511.1174836033008
46633682,1394.407637840064
99505720,1956.923281988206
72684116,1788.7406775075856
73603518,2176.7762274295224
42812113,2073.494013812921
91497924,2143.1987012946865
94645725,1500.4278268170399
83011406,1051.2187538280655
40459671,1229.4555781243391
28128683,1490.7838754344668
89799485,1251.91527724767
78077056,1297.6043873598278
60018274,1954.024909079334
63035070,2919.232575201993
50452662,1944.3258942588634
90748238,2191.3865247729705
19626211,1401.4598723107686
76831160,1614.675310034133
64430456,1266.383088306855
21788725,1695.1613578684633
62692428,1157.8716193490427
44601450,903.863095430002
84918858,2265.4003719770903
60654538,1932.932373923401
33549671,2555.334249339412
96482407,1334.6797608941765
38139452,1616.220323139533
25148521,1515.4523071899955
39090111,996.5487079860118
37364225,1813.896265505458
79808740,1613.8774145592536
54570288,1915.2902514798711
81519320,1520.601801573439
61290981,2035.060138896121
82595740,1461.2921921377713
99018938,1573.8610260786356
84429722,2190.740797286525
70463415,682.9726482415397
13251670,1448.0823738185936
63915791,1860.5755755587047
37156544,1835.0851999385652
19087720,2236.2569429288515
15777066,1582.0141394383438
88419707,921.9182285348477
48515636,1521.4288410108702
88810042,2158.949937003063
55078871,1554.391816749655
82278966,2172.4100307628423
33265741,1292.3873833123635
64678931,2050.911806822304
26504939,1345.9457156922927
64056925,1688.3030915221266
46046461,1463.3259703139604
47352478,1428.394482760289
91442238,2061.222543636364
89293921,2729.545438582717
12378808,1287.0678637230105
10153799,1952.0097213616414
21954731,1020.4178140661706
76938502,1537.1170249071079
51632874,1631.8345629614178
56510091,1918.3460782318828
54773302,1611.9656627679065
29181400,2346.0976529202344
36937513,1383.4060119596193
75732466,2326.93635729576
53117846,2351.305509762451
38538746,1776.9754909923963
27988038,1851.882915837419
48886162,1706.2089665126293
24085686,1276.921133845675
57820012,1444.2853345065273
46878225,1031.7231590806186
20632751,1586.2268669297548
47775231,2984.8901688329956
46789610,1714.42863242803
72806360,2389.000608342887
21856002,1110.3483972408321
42319053,978.9133369983931
99630613,1116.747765717142
61255494,1920.471149643472
76945971,1337.4397614782977
40393163,1884.0352616506768
81941837,2067.652284916831
45930551,1336.9983493416273
24573538,1875.099342537239
52994547,1721.4525408054335
28445231,1726.3593072368647
45643109,1927.2058282845212
75887247,1255.1393571018664
46367713,1419.715680527035
12575157,1739.7750053938828
85076068,3332.548141876208
84603623,1198.284273257409
45514815,1522.2578059320208
52278951,1353.4173272654969
50360032,981.4860558885466
52896193,1465.4444341250417
91847198,2541.384733053267
25179521,1481.985241710353
92545328,1957.0812491741715
75231573,790.5470688223411
37926120,1790.204338237116
51096687,1762.9480675496982
62646217,1299.7348710822444
62619222,1805.9095814306431
39457866,1432.4450592285855
47130686,1500.366300567604
78763249,1250.8906321762993
69618147,1910.5721481323637
64127746,967.6115306971556
56593004,1724.918452270319
97403924,1360.2502468887528
73948550,1338.360391897148
11236514,1834.4586720246955
54389520,1213.5852428266999
76068841,1365.6927640373967
59631248,2625.1791287714486
34575405,1377.3561306976035
91359645,1465.2123345653977
14542871,1159.5568808705202
37836409,1334.758675125929
99958710,1187.5928505487161
50329848,1867.066185636194
55825298,2127.0217768268076
43158591,2206.9429734241044
95022900,1226.8102697546285
11903900,1647.368229225674
59905554,1234.3666318170388
33394781,1983.7089634573379
85262305,1827.3301538178725
18156267,1916.2453443224988
77719072,1394.54587395891
72353806,2010.5499681129056
61973490,1846.9510494501985
80257850,2214.724733321239
27763246,2208.1970972866366
28152447,1125.348816175942
40447839,2120.0724653015404
88401173,1445.267119756749
77151749,1938.1379399951384
76938434,1362.2822829655809
14595997,1135.1800755475306
22245783,2290.9050371300286
45164346,1458.9268306401325
44320199,2105.891289145927
35470526,1526.1007087706207
83276172,1582.206602549041
65081928,2300.704909136863
34774976,1215.5946506335938
10096416,1461.472806288247
76574726,2641.26573948839
88509347,2004.7151278255208
11304650,1491.075854666879
26418453,2273.5193683937487
69643263,1473.9369815480916
30241547,1276.9778599015915
89725513,2567.1523685485363
32289745,1905.6552943145848
33888699,1357.9382037517482
67508421,1333.3877167959724
86446610,1465.6187784992
71641515,2544.9457281415707
46243423,1689.2622281946599
86921194,1584.619183653618
15222892,1728.6152000076272
29435694,1596.2334355343276
35795322,1945.2811416224442
39026338,2201.6361801683825
27051431,2108.507134304576
91107111,2947.7340067439723
76674186,2303.8405647411487
17932616,1347.865674996331
86326117,1167.0168245547077
64151997,1811.0300321397544
