customer_id,monthly_spend
20451981,1826.5763799853137
23251656,2712.1769942975016
64082260,1421.4288336151112
82505923,1980.0450558927566
89981994,1475.9843957034595
64973937,1229.1413584874817
27610278,2074.0603257871944
35883083,1268.6795032453108
20490020,1649.25167034739
54517670,1269.2889723647882
94359232,1705.052039869314
17326886,2517.819328571003
86594167,1771.7186855139576
94873255,1551.6088758277895
62944765,2457.670587775311
95482882,1262.9134624594265
76963069,1382.2233805382168
25112257,1556.483029567973
69916855,3117.7897680711176
71088357,1318.9736638486481
50168897,1252.4525323487462
67403679,1606.008637041997
55474643,1126.339617741659
54852556,1496.3256485421707
63667529,1712.1873648131027
48025998,632.9169212635569
93351324,2171.3266506423306
18887996,1577.1569057752379
49568688,1577.3770340119588
92911099,1690.96050802969
11717924,1407.1952891024894
62085471,1688.523774986274
78336143,2120.4927234890965
13087851,1309.8459215812163
33506258,1145.2333021920333
61356554,1982.4328216452188
11967368,1181.3935248265886
98374877,1593.1162189801043
76845536,2055.8530473167157
59313599,1165.8038332290014
41041059,1644.0946781184768
22292838,1543.7669919108992
99892065,1553.1794553223997
78345355,1066.7601388871053
85986903,2815.0473337879466
27715035,1686.4740373483173
66099730,1511.168923900162
75346786,2156.7860326074606
22860710,1731.491840633526
65958654,1440.305481307395
82607442,2228.591116425164
43471475,1585.365990942184
36465070,1182.161329808065
21931749,1510.7573469210126
66815930,2710.5773426034475
44485157,1058.3167750184414
78728059,1675.3194628174642
89264710,1351.4260780622617
81874643,1709.0727400634225
48603927,2346.3196026378855
20257622,1138.460135399552
88360790,2226.5012310475004
79411556,1599.0307489063034
24819092,1369.60386630146
74678656,2425.7752647718244
22548045,864.0154872884116
95827783,2473.182005373199
60019526,2459.092120917756
82548254,1596.8864558581788
90453319,1596.9466156724895
15312091,2272.01587749965
34786964,1201.5980550614697
46684232,1141.8860384104555
84597099,1783.0020699128756
98134524,1234.3804091387074
18531043,1582.3197863440307
14953383,1600.7113327068816
80944054,2199.187997135291
34873753,1398.2848512596572
95577033,1650.0527906911175
50215436,1010.4277528128783
95347203,1681.6034531933851
58614046,2201.738423890937
40368791,2124.801157306597
23316775,1844.8479713095687
23331513,2412.3763697651693
40038060,1447.898203909816
22096579,1263.6577370968698
24978810,1576.5629838557384
65890694,3214.7441969609217
47906818,2102.160788211604
38478694,1243.9536454299991
54797755,1167.2679356220635
44533278,1381.57195987982
58182080,2126.5191190773057
67491014,1748.4238851743619
45798475,1764.8532903068417
41586132,1570.366661046428
22956540,2743.6791266441624
25367334,2009.751738013306
70503250,1170.0978014897676
58307796,1052.9656543465574
59859757,1229.0564396111533
47787665,1314.7497013151387
69610612,2277.819672412029
66658967,1491.4372535272962
37962749,1303.0643658125566
87675902,2042.928775848852
61682179,1490.2734417706336
78073125,1087.270249126534
73229345,1694.3290869346376
43171437,1843.7733753972057
69766997,1849.223244753496
14939250,1384.0916867262913
12328281,1387.071361486109
76560997,3547.3001427378686
57569914,1662.7507519516935
20883894,1675.338342729509
22766188,1548.576044635994
62905121,1409.9334816045186
36295477,959.9386422991495
55610529,1276.041783808673
40366302,1194.718696828426
18624954,2146.1468601977476
72668820,2779.268225990352
23817472,1591.4073154579187
99830054,1608.5917258046184
63410560,1080.1696578970589
11811963,1513.2566024519324
68778133,1871.1211026783558
61211015,1048.8346597377183
85223112,1661.6316565285658
17785980,1751.678604755693
51523712,1435.6153202784872
88242319,1502.2422735936166
66674532,2158.9238906903483
76442132,1830.2200373484325
84193848,1317.35758269718
80878809,1286.6503676471625
92088473,1165.0382979302808
18574912,874.2319554840506
82956926,2477.561824391839
57265640,1706.309408131783
27961225,1036.2656953994474
65404075,1372.8570154694291
98698597,1021.1589934365552
63221757,2646.6889434108025
45396691,2233.551192467845
95724535,1179.834008463024
98157590,2286.1384567163186
60909030,1529.4761760960812
20932142,1625.2775802201288
85604729,1318.2522343436012
25410553,1188.1108928034225
76477501,1760.1488993225412
29459273,1885.540833660121
71879657,976.218490655403
67115179,2077.858372685141
82348794,2185.8525962516296
32880748,1396.9549469555668
36203607,1574.8460597910187
20891850,1296.871964459901
94570583,1176.48359332888
47560755,1480.0103813537637
39752876,3254.2861355174064
68980243,1749.8402154575003
71143374,1250.7738425553644
89917748,1852.5506491048532
30461949,1419.7480414783392
67458886,1067.80421263595
44166816,1086.5522681949883
48218923,1841.661345319049
83104523,1314.5462898669214
23739634,1851.3482354787304
45544123,1749.7228122575252
72316980,1859.0026967911401
24805396,1208.4644193781994
85045576,1879.4997700844015
21314164,1789.631617212458
52842656,1175.7288365486113
12382139,1817.8543826610799
88152347,1407.396699614071
49270171,1892.5721262462341
20221404,1320.3360126875154
25851974,1403.8921767433785
95701680,2218.428883374836
83739665,910.3547571376641
61996348,1579.6884126589655
12797236,1853.0197040475114
25554853,1259.0597502392666
72618187,2305.20531711921
77583489,1584.901475139511
79450582,647.0262561307525
84595636,1648.0168093040852
89981949,1307.5514278184687
69424476,1548.023552354563
55064308,2375.811303117427
82956266,1612.152470656196
60185159,2295.0419589620933
80612747,1806.0416678338672
41303090,1469.582053242954
13517787,1954.9991091157078
34078093,1615.3523237100583
69030112,1726.99717381484
61791328,1718.880546515032
51789245,1227.665189263155
88068699,2540.3816175208485
33399367,1345.8142966195703
79597553,876.84746410631
70695101,1571.110147849191
98169962,914.1256094371896
89251190,1717.957986661053
53044281,1954.910245724947
73528670,2821.4760798139496
14751149,1736.854085340053
61490053,1653.2226803687652
51385275,1532.962674978473
41764194,2548.736826347611
96598282,2223.4949083070987
96823449,1307.2815385156246
30931247,2079.679039378708
60872668,1288.913226582617
97835669,3110.808868029413
36785828,3241.406047028182
25812131,1508.8542273308612
38410800,1847.2604557782565
33023072,2093.6084453224876
48250594,1739.712335846792
94891015,1232.2514088914083
65307671,1166.5448876683472
99621779,1908.063855059869
83959755,1187.530722644545
64535310,1380.0901826795516
30594968,1643.44175670759
10263960,1379.7446478964766
60876075,1852.6988886058728
12217583,1816.655537369607
29989580,1187.2716658384427
31184452,2050.662565795229
16182148,1537.1798251258326
74700470,1797.0827862050032
53084609,1163.4555523597355
36052930,1380.100566751568
86583512,922.6131908147906
10930793,1864.1041991941452
74179918,1028.6877545460916
89853445,1240.6684051026089
75258370,1258.9377551904297
93197004,1736.688741042862
16551408,2217.031618636379
36115326,1935.6487542699929
47243451,1675.0378409549544
90773939,2724.2120784825065
30735291,2339.6478594347445
66891211,1047.0657307563756
77142249,1188.1057628567169
24530798,951.7647097217691
78204046,1368.0310329841311
60230110,2119.6934808477936
13017302,1977.7456588243483
21044447,1524.2391452377594
28976655,1644.2402999916808
52214813,1738.6509776750297
61575366,2055.7600546882504
23125986,1098.683189817098
11614855,1337.49826921102
68090330,1722.8929157494092
31241329,1931.3888777630057
21561157,1395.0710132544118
61917300,1725.863698373942
82147824,2758.714655660392
91513421,1269.1955683331287
30753790,1543.9660958843338
33700064,1292.745987986062
86773406,1258.1958791785796
41719197,1414.0370836940547
67399596,1246.9615355670476
37696535,1192.0350301365502
15791208,1423.1876092791626
24348676,1204.535991010984
24480974,1799.8202727426137
49440078,1346.7454019136662
48242779,872.3623519922494
13405947,2552.623616731589
34531671,2110.2855610308425
63652222,1377.498493819753
97745210,1533.2794240811843
48557187,1319.8538443205955
79801016,1331.6944059052826
93409518,2098.58309001043
48891463,1006.5080514315813
41134793,2328.1928565827347
76776302,1707.1252470767035
89505130,1388.974369577138
46129267,1461.8054320564233
57862630,1135.6206617065016
32227094,1133.5145355210373
72887559,1689.6113665452672
97826236,1131.528525214144
40250768,1806.8860543234505
56765848,1099.909639693451
11244823,2491.706004389993
40189321,1646.1967880679795
68120430,901.2961233159753
64917610,2200.7597300429707
79290200,1135.338132807271
13110537,1591.2815217881064
56816135,1136.1834426225353
27525357,2852.595659846663
71914367,1727.8111548706308
23989491,1157.9849128605185
86436168,2006.6560136686562
63499286,1605.2263149951038
18619374,1802.9405564917645
52222614,1358.6469602414804
75467866,1520.625288303904
28926111,2255.6391567724795
98661834,3005.5714238761375
73087852,1435.807707839562
48887326,2091.513008823704
87383314,1723.4719731830528
88682579,1860.6447905770842
12617324,2682.7710781278247
49224165,1416.9148585226867
69951588,1829.9291488953277
11713703,2011.5801416190238
59435002,1681.06845669937
61153563,1516.6150454500282
57206499,2737.3421103617293
89140242,1645.0729123692754
95100771,2415.770962469507
32638417,1086.9231186081893
61625712,1191.2454072026637
61250133,1828.7404262817797
17952873,1476.35257609884
14513813,1399.8805566792985
57500282,1355.1833947304278
51340284,1415.0741109065586
35897956,1450.0948818677439
21856280,1723.3835694413378
36786275,1392.1156673061696
99178725,1469.6544858562113
48955886,1787.0002210740197
51811678,1349.113691531421
81930210,1686.596254705381
49161318,1633.4590907117556
24723720,2168.0420786771474
14950936,2453.0410586711405
54638593,943.7914735529049
98115682,1582.3368655679149
10533857,2287.024968835063
87478097,1460.3299492408298
60429975,2030.954708928536
38969729,1662.0877064053807
64656132,1580.4403448286805
86963086,1512.1504110228243
17268859,1435.379477056877
72142121,1752.517581710719
91574809,1615.231115719005
54272037,1800.2655664466224
16058661,2036.4444436174456
74133244,1065.4218034029532
14281752,1467.2837134404929
46666867,1075.3569501988802
75686584,1545.9299970368138
25546684,1388.0794356155275
80619174,1597.6390783985614
61749604,1470.7019958561775
38248391,1118.2560186599856
16877088,1182.8802658274965
99140321,2135.4194453938926
15975231,2873.0786613449245
40531945,1614.0906451534483
71708672,892.4492431204004
85030779,1818.795734924348
61117487,1227.4015915847347
42638536,1894.5604359788438
82326061,1264.6130941342706
17028661,1131.2148122019826
26048783,2205.132394644359
34262255,2162.313689148452
14326462,2057.1093092878227
93816989,1416.9903912995471
23690395,1601.4653323702378
94999262,1569.0060799654084
81971277,1386.646407731343
90562416,1484.248941193343
95799765,2379.307457335699
89244724,1911.0703500574382
83879641,3032.6690725751105
96424387,1723.4356232958485
51051501,1272.9035246136268
29249441,1621.9293230121725
62893412,1306.7611040897148
61417835,2230.8847421289856
62755928,1552.683960035738
66501572,2399.265426007045
76084740,2699.888295631834
27624326,1877.0802499211006
86757966,1561.9207562587058
92455037,1190.2084465046664
67852942,1945.986418411177
30696098,974.1332354397044
44792329,1160.1764692701909
10390388,1468.6231767056804
17826936,1823.9211689231317
71880941,1507.9443857562542
98184673,2227.6130209935773
60002125,1379.0725509374229
34664804,1166.470186208007
37594595,975.6463539925478
42980815,1867.4910878163073
25819880,1583.0911366273083
16484408,2031.6465168511584
91766904,1346.3753945941144
82866803,1483.361540846312
82424284,1562.1077554551855
72903422,1554.6043003258653
11480750,1858.6867820334453
96983867,1795.4000851544931
41426492,1332.9247355577807
24002286,2277.950065392114
18056145,2150.6052395161933
72362977,1107.642129390808
15977163,1869.92226481796
51036186,1353.7016007377622
34918337,1945.011041425079
20599813,2061.5176919051755
19900890,1692.9703818129215
27971378,2289.0808685892807
50965403,1625.8655953488683
49026734,1097.227728749194
14192253,2522.2878035438152
76817070,2320.117461901292
41164681,1371.6054382851041
94312885,1715.1502970741114
38527851,1059.316222444707
88279496,1877.7367161383972
15498361,1516.9990664399422
17691622,2727.4473220568343
43719564,1318.8890147292318
27861137,1308.5388870367985
20308452,1468.651105373004
97996598,2209.663737859012
93656677,1085.2898976408987
20464937,2331.246844384047
25195757,1496.9974507984748
95231592,2039.123459131042
96604510,1169.424577458459
12888073,1277.597709416437
99408984,1977.5062973218812
65238591,1488.827009089425
24114707,1442.1956354936972
70796256,1250.1997505565932
64703869,3440.559363480931
35203752,1534.1397297296649
47453323,985.7882416328944
12385313,1359.3854662337483
54441418,1387.9041084074745
83549825,1167.6797576624308
20370209,2511.5150697226154
68357218,806.2069394254781
62743829,1612.5349845677854
20331898,2186.0006605015387
43934228,1559.3814800770267
47620709,2546.3649331995066
75355275,1494.559516178982
63446649,1764.0727687174685
89051919,861.6068475570535
92954904,1645.474606612545
64731800,1514.923693868193
27945685,1872.6559535602698
98412215,1245.1262365022292
19535502,2121.5140003099023
66516822,1695.6775633782918
45373292,1188.069950024255
34711249,1363.2228090591782
48370651,1788.2834044075223
71354510,1488.9211493635544
56728847,1052.1070572644926
40004525,2388.028468129267
94648945,1589.4309754104288
62756732,1325.0081123426858
80428237,1629.372997496733
64878556,1711.2851502196872
30597278,1554.1433639144398
40357660,1719.762514668943
98010210,1510.4909254131942
43275959,2002.606685126304
67938712,1405.2420745573006
50506973,2204.153936718739
27421159,1335.7616650738246
51123211,2544.4222723276125
51887530,1285.1140188839654
68372581,2088.861206374063
31184062,1644.345259373903
55543655,1896.3735272867937
71805162,1837.5341023770172
98612541,1537.0038590859212
67235486,1356.5243271656086
35490134,1684.7000343843506
74647441,1409.6914670617864
73962817,1398.2539258525549
95192638,1225.2393651982172
96803902,1523.6684875142955
97635826,1198.1133041863357
34428942,1866.6371691157592
86699979,1842.9594711733757
79766437,1957.1784168315223
55732878,1696.2646516507668
20035702,2928.0098370970118
54997853,1930.7085285612848
91776457,1439.7202657369296
13967606,1499.1422513926334
88365927,3076.234904079497
92907413,1057.639825781909
89771364,1695.8915947586893
75648081,1391.8921202623228
97365061,1204.5624880520572
29587137,2185.8727290224315
22019813,1375.2468449618493
29469529,1734.6975379533353
66670735,2086.039657420416
84380411,1829.5269777266208
17040729,1871.663309917683
25307807,1842.3551566995889
33962361,1278.7764960753987
67969299,2129.2488277945295
38562471,2357.7093836333097
33114742,1885.656968836594
54307298,1118.381033705069
20058700,3549.166969732205
33779532,1998.1188158933935
88110162,1203.5307284157554
36112292,1431.1717653615385
38475061,1788.7643978213964
92644264,1668.801663119087
92355731,2096.500383451824
75478249,1750.7106815575692
23875741,979.8041978588776
88793850,2211.5067032401503
14142195,2477.6548617590233
67422773,1959.2507707095613
36705498,2101.6192120460446
62072834,1714.0402501184965
33337577,2159.1981944880145
14298054,1926.812236878281
96998725,1197.9935784507957
70579244,1660.008469797837
26844678,1966.1589035844975
97441250,1435.3809086420863
49239286,1734.0963835254036
19469855,1164.8005580004067
82552850,964.996255234871
60170958,2691.7598040387966
28237826,1933.670629414426
84208342,1789.1256060336193
28295140,1945.8076867705272
38477827,1486.4343348875786
54941872,1314.172740208487
15450767,1626.243925388264
93656934,2037.474375670189
54273142,1340.6333419228142
63648675,1151.164340663108
31875954,2078.636119226253
60881802,1866.9925334558388
17233443,1475.4330128117215
28953932,1472.8068084644422
64958348,1566.161506511385
27038940,1367.6047412581179
25667330,1387.7151416584632
89200812,1483.758816344347
63109620,1203.7915470239968
34692595,2169.178595575064
45554823,1317.4895839645096
50487516,2173.247487427917
37970303,1820.2482201578407
20944145,1591.9131583739945
54232510,2361.217858267263
58289637,1475.6983031002771
70295882,1028.9412012225393
11855847,1347.4388325962755
26640485,1498.9612157126958
92806514,1815.1893728045206
43703605,2197.1784430112866
75507937,1563.5033866541685
21361381,1470.9377215599347
73615273,2372.39336456368
92437179,1649.6116708133363
57813173,1449.5603500957839
99373127,1146.76199663786
95805212,2355.4664674271326
61946147,1496.624987019027
24903202,1368.711037022722
88268253,1396.966629700469
45270713,1360.8495200806638
67013519,1798.686835161582
64480094,1258.8417876596513
18481385,2229.1849546333488
69314375,1371.7599982094607
58464172,1904.6672643532472
57844179,1631.6221691192777
65371057,1445.2308262886074
22749627,1340.260325982752
64747851,2282.9551476139713
35545690,1816.9422421363959
91575937,1559.2998557756678
11663787,1479.0740223179075
59570536,3026.8916085504725
53724418,1538.2255813636384
78572661,1416.1601480098454
38544041,1787.8625489691292
27091356,1943.2932057407584
20013110,1158.7864532981064
11862841,943.0214067653823
54926458,1512.0005116262753
72702715,2816.66097096433
65477001,1316.5820679511878
99407693,1383.7474013138526
15192014,1753.4525854804672
87232785,1730.1022988411084
76412402,1509.2364354968722
49393943,2214.5633332857515
53853124,1195.631078908784
17486636,2449.5547195392664
64895733,2656.8467208171332
64938150,1349.7912393971724
62321885,2071.1228003794004
14616504,1401.5587738821764
53996148,2040.0500800076572
17209399,2018.6192869274391
25102335,2045.707022421451
54515012,2440.2601007749536
80596244,1330.0826420881544
54217244,1310.7169490303636
29133774,1427.7876378419273
60727794,1705.5330963938231
55160698,2422.486919193856
18231141,1842.3083984911252
91091163,2159.236208702435
52747750,1741.8859465149765
97932301,1855.133326444524
77391969,1588.427146889192
64274314,2283.636202374116
82861922,1341.7840996773198
95155142,1475.3060978705053
57522876,1033.166085855778
46054634,1397.2618328806507
32006732,1612.8483600776012
62808198,1157.1030976202176
60875435,1682.663482433799
15688688,2104.7389119046093
13559129,2113.861472264024
25489744,2913.551818620648
55669591,1200.019872673183
10763911,1301.8337490733863
15579269,977.0389274561018
18433265,1789.5951447116545
72131946,1030.451620887002
50106249,3375.975008690608
21363716,1183.3987064698827
80090384,1997.2145611528997
37971475,1318.7221514683683
31314120,1644.8333714771613
73683678,1976.5410290853074
29703095,1613.3094738085322
87144591,2214.5947484129565
44689207,1366.1308215647907
42450190,3219.983968448999
92653218,1688.8372560228072
67727493,1734.0562709366022
55742747,1771.329253136767
96941026,1140.0546301065597
89824134,1377.487305130326
19822449,1232.1035663012974
18676315,1255.5806083438574
17316044,1113.8781431539276
81559769,1155.8018864735695
98912158,1208.9453404172916
67772871,1819.8641580423605
65921862,1700.5886218448668
12636566,1277.4743405196557
88608909,2133.066293024315
43902318,904.5187080529373
59512038,2123.508977941624
77976362,1518.9921312871747
57092914,1746.183815719105
47412567,1597.612901866468
17145991,2840.606014465183
56270450,2938.065860119653
47467383,1562.2223082878877
10449714,1795.5203316580305
43156511,1745.9473792736558
71377851,1781.758970236495
54093810,1686.8936556632507
78096026,1433.4426377041148
57320154,1040.7019704179274
45383520,1098.1433115241075
38351707,1644.816628912814
70796190,2677.804556740967
29977177,1650.2456728728498
97584339,1472.1977130580829
47886559,1132.8018044934317
45622137,1567.059008798571
21500277,1271.0326470359844
47647928,2278.018675189549
54496344,1442.4646392109244
44268785,1785.4735255845096
75946241,1393.7440760983445
30459191,1275.371094054684
15840319,2214.9732186855044
72588739,1681.4434386239093
73017157,842.6184374506715
25420365,1608.535550577145
55377863,1739.6093286610273
51370964,1608.2871981531434
48905468,1553.8959022160639
83191846,1665.8105108003547
59334183,1630.721760462089
94009638,2257.257931490798
41721760,2378.624812693375
35401283,2205.5696188101347
69685525,1381.5303460867804
84271975,1529.1055248784583
95753616,1201.4930905495628
32526219,1038.574896809634
64532934,1148.6663774889394
76031822,1688.574978977761
52468855,2173.2623378308263
21028902,2355.9937126855666
34108713,1504.6859957175054
84943048,1196.0039877880572
84439701,1795.521573356399
16539498,4489.3434022169795
24537949,1428.709132557673
19537971,2283.3511367092296
72069403,1354.94953046072
84333546,2347.7247834514446
11868598,1913.0207693352618
72165230,2042.0892723623658
86606477,2899.0795191585858
85432562,1910.958228658699
53853013,1890.5480232107911
87319378,1580.1888730241192
32466967,1305.4355492888028
80519195,909.0389934161354
12289146,1416.6588852705904
17893529,1610.8470622761008
76217556,1374.8365070612467
27323024,1624.7828533822524
86557861,1644.9800378516995
37601873,1836.9399540010365
43146250,1275.2472090356307
51498335,1582.5916482840146
46939189,2178.4769072787276
36620181,2888.368011670398
59890806,1636.3383511470677
19160668,1278.0839590396124
94555827,1486.4093485483434
73451577,1574.2651124989134
83828090,1438.292808324583
92021594,968.7229605639593
15822386,1504.4183896417294
57405310,1230.3151374524537
22671359,1028.9367561897545
68101436,1182.1204913276765
66910009,1527.7563905038107
55778706,1871.7175662534323
75120697,1577.134531267171
12885545,1477.8855161466229
28604372,2032.6142081734033
97297156,1309.3789222310402
18964928,1462.8295920892908
61244754,1601.7602981423804
45178470,1493.2005709114278
65250669,1402.6284744100751
75566313,1591.0031652535056
25053248,1721.2717451903254
71082761,3031.9210396027584
25210276,1560.5367879249568
39718089,1901.013763783311
51364178,1712.3680767155413
31211994,1604.413570714599
71509945,2247.450480211449
98330029,1221.1720943488313
22456435,1395.3674203050355
56912862,2135.439594183952
41548833,799.0574720689336
34760776,1545.4183760404605
54015943,2374.857481391403
75943554,2336.140544074121
61847706,1396.7182131600546
79766441,1447.2401905400518
29099073,782.168489198942
92971983,2311.5256034581307
77042656,1319.7727939452825
41355522,1301.8033990058955
37905258,1429.938423367623
62845536,1124.9587480782177
70252689,2511.4743726004044
69012389,970.9660568429015
55230723,1233.7255934888476
36148733,1474.6908394198558
11166306,1596.2732682615858
86661349,2280.2645253249875
39933083,1408.6060005909858
91301497,1432.2623750297419
84697954,1322.0684179292477
16890490,1295.9923683019952
46638869,1132.0089393646913
44149767,1644.179030706713
18897403,1645.5587833645336
77411533,1085.5025541758987
62885631,1938.42283029904
34219564,1752.9432477347293
69042251,1230.3518468142395
24137005,1165.1593795267324
66305720,983.6970251054556
17619455,2084.762649358825
63065642,1509.365326097808
43970026,1967.5795411418803
78870428,1804.120416748661
72114631,949.4519095509405
84664219,1714.1813663180303
25739422,1435.8574050435348
54038039,1995.2991467491338
55081531,1481.9248592820065
45672847,1567.8688370363952
29734641,1542.6684383631743
63805244,1322.2624801147504
82782411,1803.9603102738472
64705797,1401.2686618677142
59326862,1452.2510918895055
48549098,3119.709345047275
39570097,1226.7528264056305
98000370,1340.1581215044803
63674921,1912.4959116398115
16674336,1694.9154466734346
77063987,1545.5965249209212
67143015,2438.1689878114657
10570033,1574.695122819464
47185088,1239.8086010124393
63757190,1503.5491523111705
43453041,1481.9276836953522
17890447,1994.0521998499437
34735493,1048.4497759819837
40580820,1252.2068541463527
84776860,1797.8816088765157
34883247,2222.168018916619
75437035,1556.3798078553866
63198281,1414.882184587827
33289878,1859.9408602020244
42222441,1601.8346958147022
53518898,1329.9798972607323
77756377,1912.5276002701603
66266331,1541.5697255947407
75207542,2146.918257316388
65741993,1208.808280063521
30452290,1063.9474146380567
30341625,1509.0843535877143
10196118,1310.9762021657875
39997400,1609.8910040378075
42764498,2725.876876145512
93568775,1106.9936046824917
60138513,1302.4621917175796
95863174,1628.8946926245324
92194956,1579.2545719445473
34979379,1657.3819799851449
71517927,3029.151141446395
80092401,1059.9522377984665
29853468,1095.4924374183233
95595164,2422.745402175233
47277321,2467.090062738389
95111852,1036.1465018631827
49309773,1585.7599892371616
52060622,1311.1397459291654
18920892,1247.2119502487947
95549548,1732.193666751302
28343921,1640.3562050160626
24575136,1277.182409974582
51405326,1454.2594028419005
88024456,1645.5865981730522
61475538,1998.413172070777
86032798,1933.922443649459
99829874,2072.670810356336
96251785,1288.363658051095
11235918,2233.233502269165
41084979,1668.3158838920713
31949326,1398.982443837904
88425482,1155.9431982609708
41724063,1350.7241121519605
24244868,1780.600139526956
96443454,1637.7589122880008
83159015,1632.1794838989078
24632345,1446.553854214764
44153806,1520.580812184227
93580629,1118.0150467711285
53277959,1424.3572319220286
99759183,2556.262983598148
55252816,2662.419973975275
41285175,1524.9957403159124
73261084,3027.873012333841
99347555,1967.2626820053206
70567494,1161.4469068992198
76764787,1232.1278595790106
14328685,1839.7833740791627
66866287,1228.2977078775173
49679159,2064.07821731107
58671247,1696.9952658097689
20236719,1174.280668465922
34585357,1347.2441249172387
45051453,1176.2892575766027
51786574,1667.9101886888552
79731887,1325.3923171932001
54354970,1546.928392296557
77833826,1433.3437122409955
80242735,1212.5790533999395
79336488,3412.0438095857626
51121070,4264.258988178819
15930057,2178.9354071250527
84864986,1815.1878756928613
97820091,2001.6132919169627
76206876,1444.3438753472478
34508398,1264.608390220298
15581330,1677.5644953812946
24272114,4505.538355091435
45684128,1333.6505160805611
53910689,1645.7221764171761
89611963,1947.9801710153251
19439294,1420.0269505159501
44476677,1358.392560762727
72816714,1657.2492015490445
74817899,1822.152029750445
24462605,1484.4527111188422
62629343,1153.9427758042011
60387272,1395.164187812117
60976677,1960.207362541031
25938630,1949.704066196125
89171283,1593.321340744106
23407854,1277.771070984362
84390020,1246.9223197520726
10131944,1658.3179650393236
61185673,1357.3369761156612
76507951,2224.897415236843
92456997,1513.922891901029
27091498,1544.8385981455021
22015405,1521.679690633901
64048811,1264.0996632621968
59963315,1796.8045672491114
99392827,2095.1573824142224
52435285,1190.4240094854488
68018936,1296.9161073054952
92985874,808.5197036019438
19827012,1283.055853036041
32076309,1217.326616164052
74459345,2271.851900088187
59329650,1745.143859528343
70105673,1421.7617435865427
47359337,1483.5427316419725
27991858,1488.7240456303348
36755663,1629.7863802178508
94560591,1947.6198070039363
47944050,1483.5002759943068
49561372,1871.227264596881
96160989,1231.4742609954392
67474261,1627.7349633432561
71965824,1852.251105244447
13777105,1901.1817071223695
64739771,1458.3945688444162
57691432,1540.0332717815975
21801740,2103.5725216347128
74352185,2043.45237382975
91521650,2083.8630522647563
64797772,1826.9830610490167
48820263,609.3526224381185
14791909,2259.7975973562525
82868024,2501.350097925587
97971853,1631.0543539755124
75654232,3170.8306371812487
30725718,3467.1235399077023
83442812,1825.5261987806168
62376431,1838.3172486500184
45295601,923.6058228956811
44038407,1574.3280799408662
74138589,1623.5823298515436
78812422,814.5628584172231
57253455,2317.4996113075713
10109432,1406.182182295217
70492234,2040.3350291645631
16499768,1353.913620658835
29721809,1677.8022641209402
99970795,2001.5065907823493
38494075,1796.5636983600202
13300921,1106.655185762007
18255583,2674.241287817029
76957329,1584.9038810062707
83103502,2297.4068790234496
24570014,1409.1715192545234
19318542,1897.5360602161904
70614169,1396.3660307566893
68374888,1310.9512189248205
10546051,1445.7785168414312
82817153,1215.959980774916
26190736,1411.4402840011378
26227414,1255.9929539488842
55825692,2180.262784718886
65550483,1988.1916639686704
14872097,2258.560478641203
32405281,2321.359441034361
37055817,1364.5717823175853
42617798,1614.8226880382738
30684771,1456.8699615782227
21842298,1849.5569918145206
44215525,1609.3988882452616
54734331,1526.7862203713314
77244965,1334.7744888735601
31618537,1782.9495845974718
10912371,1986.8294763572885
25284273,1339.777446705879
63793006,1535.9029033447034
40346903,1268.9121417200697
14281423,1328.9096894503743
10329833,1480.7483867201618
58147868,1598.966341932578
62215262,1265.5859649692823
11535494,1568.6598764192295
55289261,1822.299110713866
93054393,3324.642281332918
15613905,1336.3576334092345
52346993,2757.2092053611595
31426410,2071.219552791662
11924915,1348.489196972854
83461539,2009.5872918251612
68351051,2346.714237453695
23144760,1427.8667308310855
97049626,1645.6221349555426
94895031,1252.3976533503596
14702382,1468.3464894852737
22232789,1462.7664106346774
14653500,1003.237174649269
45931554,1119.185936145847
39099976,1533.9641967715224
65803003,1398.748203328371
56391701,2295.571787517797
92222330,2259.1606986421066
93455198,1353.2401895059218
52410336,1135.0983595254322
82423675,1299.7583701645895
25925356,2687.9925078632978
88622240,1105.533842927582
37830382,2919.2296829447196
97198420,1993.1042132655334
21477504,1308.5710740698507
84142976,1775.4641067655264
96401209,1387.860487095507
18047299,1831.9941251052808
25908320,1735.359187643868
69709013,1426.4785629423677
63707451,1528.827206332158
68674616,1723.2594848109638
41246291,1628.3281513754334
93099265,1684.1310513997253
44969882,1477.5351137791586
94840571,1768.7534604708583
24428966,1637.9829549361148
73406276,1872.327586752409
74093567,936.4187478228132
55445678,1492.6471563730872
56770356,1683.6052479761165
20116401,2247.2985645598837
23989432,1128.0991825528497
77573883,1754.0423272958872
30955534,2008.4384465899723
46007298,1269.8249947492784
60038151,1422.5553290603573
16169663,1627.818818050785
40454664,2009.946288599571
62049127,2203.016772772644
19821119,1457.3300642470042
56611586,1544.0187756255511
55267084,1218.128118069793
55813034,1952.5864327000843
23867957,959.8986396015555
90096160,1301.2976077605408
32751852,1533.8950034516467
21394047,1196.7436883919595
80032862,1360.5629083399322
22418983,1464.4005195228265
52802197,1179.308265518292
48673505,1242.4861175057902
14195685,1150.3240267763485
22205138,1648.2837343607125
96628154,1508.1599312895187
44734813,1271.682733444105
55802873,1678.7357055932748
41368275,1577.9820813268757
67686446,1164.773354267615
97989934,2382.26946994827
65686117,1115.332385247138
45591525,1793.4898723208744
14884094,1482.754143700646
60291749,1376.4103061304622
46418453,1536.808970204048
30133967,1888.211850809772
30307611,1540.5259560471145
76539721,1666.3275306537791
93325285,1024.0904445707147
69825909,2056.950578369755
10220197,826.9135641553167
34178403,2586.087371448277
67327944,1454.7467065522276
58361366,871.6192124193701
35080838,1251.7187842773951
24415695,1495.8529606851923
30354080,1715.21901178309
24117628,1805.1129159919108
62628994,1228.3133519297535
51012198,1339.963494056934
68125143,1604.195884973152
94485707,1684.4407693674639
40172711,1606.0159743239117
17647583,1929.2329355428712
94790367,2066.736160802656
18254706,1404.4524038175934
65733568,1521.6180429560916
58357649,1394.438914002088
42289495,1694.143394067129
15020288,1719.751095216804
31419590,1485.8882366398072
37233713,1311.2197195291997
26330225,1462.7486380771793
73976501,1664.9583961094988
90642644,1082.5546497176174
63791881,2380.3762358280783
40102213,1625.4208809199213
60203926,1442.37709537448
36257216,1256.215290112849
24119768,1921.7158228408723
30403208,1714.7074213785584
39737862,3460.4875188287606
41150683,2226.0646769580662
99351268,2103.1492175918784
62692262,1923.6723040369225
72711178,1497.3919533120556
10083097,1523.1165478148837
65370298,1630.9447562583155
84388395,1217.1645914650767
52114454,3243.4407277986184
74646950,1632.9190289572668
72720701,1424.653549863313
45732529,1671.7757083690053
10509116,1995.3050399747658
36154567,2114.3770056364974
46124383,1837.4784307333957
27866730,2010.498920646736
62320931,2121.5826071462225
78979954,1466.6500461940138
52531638,2335.665567501099
70662494,2257.5829657420363
88174413,2297.1453135326747
21513664,1159.5133246655498
26546743,1887.9583518247855
89094189,1936.1831933552007
34006202,1222.3481695739831
44458405,1353.807350321471
46102741,1963.6420901742952
80947937,2350.807986153145
73456376,1236.9717823828792
27640503,1249.811952591013
66469621,1776.0115042014725
35504694,1545.6331760669405
24815317,1149.1870165940638
58171289,1645.4276493496063
18612790,1978.4956073762341
63428669,1776.877952784537
57949817,2410.2647160061606
72876573,1462.757103629844
96193736,3020.8755589568054
57932688,1787.9648026246211
61617398,1761.4878654795868
57513357,2116.497110511489
46336493,1366.7374867093658
56173102,1411.3294633274459
22210971,1434.827639009212
27397907,1265.7149946282632
94750459,2392.7057107459286
23197778,1545.1129725663718
62692781,2575.6488601873725
94164438,1838.3358997476487
19395402,1558.5493633772883
94219712,1707.7038383701079
33491568,1289.4590136526522
67632603,1391.5452144774456
19852962,1949.6776526749495
73405784,1706.8579161236005
88192699,1473.6974028965935
29867417,853.392091520382
84909546,1560.0911950310383
52598919,3493.541784918859
86077350,1174.3251740758683
43929538,1704.0405601804637
89992133,1551.8833563852272
33643157,1369.3545203341912
40190924,1450.9366413586056
97098808,1935.2652413009448
87635513,1644.1865564067073
16478169,2107.0920296949216
79498204,1955.240167202358
62568791,2473.066479449526
36457296,1446.8113490421802
29599077,1489.8648612199222
22644116,1935.8056779457504
69419691,1318.3245307647364
21970018,1683.2896753821049
31666748,1464.691439559249
84691804,1841.8509211262353
19277545,1663.7648348339303
78443496,1147.867950541963
92759112,1347.2951267963338
49629913,1658.8387116477709
14874574,1109.1408799306253
61108399,1466.4644175966719
53618559,1491.0695828163646
46977752,1477.6627715949103
87695599,2200.4019783071535
68430793,2232.1829182431666
11606038,1555.6678563278692
52469720,1062.8432857956016
91726930,1497.2101935830078
14558288,1580.0139553138138
98640275,1481.4559469279
82918511,1231.775616902252
32992592,990.930410302757
36930879,1684.691701660226
73360172,1472.0305002188682
22281491,2733.3064417677233
33813436,1518.6112709118472
49300946,1910.0211862712013
56371129,1775.163288016203
83899433,1749.0269549356299
25827679,1823.078729782031
16631062,1497.6672231260886
86793673,1896.2930765965966
99689707,3094.015049480069
69776211,1392.9550339176958
55892015,1172.4608436376539
19716865,1843.7361110928782
46860460,2432.5920575459904
66143638,1415.046284088499
46241046,1919.170573503317
47497471,1713.3018557337457
38256243,2436.1501094781834
90078699,2219.8056703761213
66607961,1729.8268881440301
15632043,2215.9767087659084
81498334,1665.9154389947892
82443801,1430.9343802068881
88411591,1281.212244410375
18221799,1424.0925660911187
30242976,1561.4044312935587
66494245,1902.5356491851312
49287510,1119.387164939955
83370642,1080.4838422049272
92348451,1135.556114190649
55790147,1747.4603222062028
49423398,1828.2166326164386
39715763,1450.6743236113127
46440335,2029.901407684348
78128236,1248.9449895370303
63409672,2271.301035600015
98873842,1223.804773085926
34782044,1797.84175116677
70391546,2065.3221171261475
76956234,1504.9373956852728
41544516,1340.6783052227029
42550648,1132.3358517618099
98465226,921.2925975520732
30886863,1383.0486663597196
84535276,3221.464092293313
54301788,1324.7160135445113
78637034,2788.998719153037
61387156,2358.021692697086
71715096,969.5077013417015
47859897,1206.3480072678133
59800013,2016.7892172064883
95293248,1433.7490489830634
11553772,1977.7426869600554
91107127,1461.2159491924701
66825939,898.9489934752486
33598864,2257.145402326367
18818037,1709.1446671507535
86800656,1854.9169682619104
45209421,1279.0111461796464
99712718,1308.6720157099398
80320840,2058.8329457686887
24591401,1246.6791891594987
90294177,1639.5003923007205
14404076,1280.970680301012
60829113,1783.6086376419073
22529505,1812.5941025064599
59566170,1709.8337304042716
40149323,1407.1896496879353
40382936,1443.284599845117
99300537,2209.8160398612026
44631793,1141.0177312759733
49450050,1541.368931414679
62395628,1511.7372613396794
30879014,1260.2445558789975
85524688,1533.6890149143367
87381496,2266.4237947412676
66258576,2525.645892555978
71415255,1756.5151147566032
45179604,1782.7417180615737
82676573,1906.8838708260232
14654038,2168.153046925393
57261303,1818.8796282976848
69037727,1922.2079958842062
78583522,999.5709503991844
49703078,1212.0312847774362
78525136,1187.1459925578877
86407509,1791.8176855824863
33024193,1472.2831357090733
38535158,1645.7643264675905
84179400,2110.438962639707
24680896,1248.0454176008002
42024082,1691.373106121424
31137878,1222.1600119553964
92689780,1525.4629642389725
93487228,1456.2833971209805
27421195,2836.217717072145
27611928,2340.4510977759237
25261420,1716.6917122760954
46864780,1841.9956115624434
51909487,2110.0884882390355
37913958,1481.1553398693097
74334619,1734.6312366523289
24422548,1857.5014788114784
58508595,1352.925261016621
25087154,1736.8522850823779
76806766,1399.910261126394
27262464,1262.63929089975
73422693,1437.2816125850072
58175270,2630.671655833763
76648743,1736.4444924427564
36026120,1267.4342316999864
87485989,1955.72974198213
88798255,1260.3436079968549
85293030,4022.7048532716944
87029422,1309.7943542266626
72679949,2222.9576793268934
25871017,1073.1841713739777
61396744,1449.9409828686405
63197784,2096.3149473422036
49632353,2311.9030183539235
65625596,1292.4467197626182
86795596,1178.5993256399383
81433856,1075.2965554137052
87476873,1439.978800102318
98147948,1175.7491470384384
99212421,2422.1851216108344
78236394,2107.779451386763
60511137,1842.1972822691173
37030090,2032.9911965217816
47227545,1708.6783722364148
38980163,1579.515702382264
33290320,1462.2749600200002
57735630,2575.864765920006
37888473,987.3944760095733
54251453,1330.5460392749642
85556127,1613.5889526866094
26903779,1955.0713697038727
91692809,2439.2228294432516
32446203,1839.9373876260784
34350235,1881.305512493643
28532174,1617.1306831124193
59869496,1361.5921158306887
37887202,1870.4486903450363
54799254,908.4187510849302
44298051,1495.8650257831143
89901990,1368.6789341122837
73292166,1785.1184177231844
21775362,2237.4854854999103
36884233,1649.9651515170756
66353025,1887.0531795355457
19481125,1450.0430738027537
95336492,1233.0976203353414
32400462,1607.5742484082311
28975228,1665.4779806616611
11320585,2201.6736154923274
32162156,1340.1657332935592
88724326,3725.657504672372
67650053,1759.0578737203384
21038175,1490.023291763888
64836379,1427.247680357695
60827779,1520.9419955966912
88997264,2070.3103684073167
44622902,1424.0976469291102
85670106,1556.0512835046295
38945693,1353.6523775803244
69337730,1482.9423635540252
22890345,1893.4108044545837
93106331,1974.932281187764
56257607,2365.3589298044217
42845025,1715.1342196276948
10678470,1486.1908396532365
35975743,1789.0146482902774
44298756,1572.1790279582406
66670226,1559.4208601432738
37883517,2466.5902742150483
62831558,1193.5739986136464
25294874,1838.3533396611576
34601413,2085.391677948769
61300626,1870.377752224374
63694211,1431.7378717496697
70308634,1859.9698864655522
92846964,1672.671609484808
32093061,2091.1497034813747
68496425,1227.57548983952
36724576,1680.037755417928
18988842,1873.7561067411136
44304522,2053.1415206991524
91192236,1378.6472388958387
27105876,1507.2960035551057
89869414,1043.155083026894
45877010,1814.6577262955693
24146001,1112.7869679177188
23395701,1396.263403780994
38974456,1504.764298767279
57842607,1294.0970685828825
51687346,1624.0094875725442
99288080,1448.7494688228799
58963406,2010.8423766178014
29443260,2019.7975475209532
62626422,1545.2416093284094
57515098,1793.7323924928862
61739694,1406.6720586050046
27459512,2169.1069069299683
84889146,1415.351932362785
58681841,887.0020288952788
63593417,2369.709691593096
33073018,1431.8326291224703
18775917,1774.1377678561853
38962045,1855.444719251046
67933426,1440.188323315344
54603681,1657.5645567324125
83399485,1376.7476435573744
64199110,1752.3017934845948
82415208,1563.612336248735
87961803,1876.1874396815906
44853010,1597.912564737214
59952980,1634.894619988816
88562279,1090.7677624303096
55858413,1503.9454027427998
61198975,1531.73112722481
37448315,1682.7345519098099
19525923,1354.8895125211977
35026025,1826.6194810063082
37029910,2338.5223849339236
65651564,997.8999699591158
76546746,713.9437386721379
78805012,1594.1167869403016
73332787,1223.1983492341676
45937289,1690.3268354946372
99048249,1217.341710622453
29475704,1290.6881493317628
93694996,1387.2140045844183
18159173,1763.660843667531
50435273,1236.6967479206867
56812269,1636.814137239127
10385151,1596.400852939424
74541267,1853.4979058579563
16719195,1357.6927455497034
48754743,1411.3776576100895
18188655,2154.4182453231433
32063627,1900.6339877463008
95749552,1630.3116100779093
95191424,2301.9277791600307
79363744,1193.7163008124057
47169927,1424.0409650332897
77108983,1279.294257471358
44823862,1088.2984184944698
81122519,2808.3770368895366
18168723,1332.492457458466
59737458,1578.015560586782
12477444,1532.734170676695
89609832,2094.593176793939
50913652,1399.2493525555244
42856249,1203.441861345826
62711409,2265.206036757557
67374114,1631.5242124017243
26708384,1802.9776190761982
57463109,2185.2077502549273
64273952,1245.8185317399314
56304545,1825.4765446691435
82795140,1792.7288244624854
14007213,1746.1953086870374
54415843,1626.2140154309143
54590957,1979.67463134247
67350145,1443.1131036258864
74993313,1340.6118746672787
62432527,2025.931542033182
33713363,1783.1711781334927
80390114,2834.569214021729
12723951,1770.3154823385087
71416124,1288.3766512671739
72440899,1526.5773618578912
60115717,2828.1330804047775
26317947,1418.6887615168216
35504199,1246.8634278978277
30187539,1533.2549282348753
55346293,2353.024902401711
90516502,1234.9331563261917
72045347,1975.8984764238764
79850408,2367.0338035448685
20443404,878.5876306868986
84501791,1526.4941571896547
73999320,1520.5709497855305
98913461,1344.2907458594395
37225199,1128.2775209375657
16193655,1824.4917945514433
72620298,1426.28429625828
64188152,1357.4028920515075
67784083,1932.6007215214615
90552658,1632.681669643278
80748000,1074.0577573317955
38083778,1868.6246287779927
65525497,2132.3415719681234
19381953,1312.1163937363006
65723090,1733.6623213074415
76151738,1912.4295863502928
48225827,3005.110591707383
27357384,1569.1494948632487
72090603,1671.6067992184444
13739096,1682.7277507883218
42442381,1617.8790631291852
57561155,2178.5651472907393
35942827,3101.070085148248
89196128,1573.9939663950204
90585757,1480.690886998563
28123361,2115.450187383226
54892166,1177.86774591466
34399967,1263.7696512023083
36429013,1686.8472860421905
87308981,1238.0002601879546
99529719,1518.2314798258474
22093311,2336.5099319819738
81263538,1743.7811218123459
71338939,1471.7214963652923
26758105,1435.5581887177011
97028969,1515.2597787888676
64463656,1611.7219025035402
56099433,1804.7727241387217
85325718,3444.366571384395
44166454,1741.0068346249711
36489810,2267.2652294325744
33207901,1000.8153399385518
27978007,1718.4383900061487
81479630,1262.3014028793896
51537650,2254.1176429406532
45619520,1497.2149658877884
38111175,1707.4114260284778
52128949,1188.9822828624394
25404819,1785.0320551494692
76230938,1915.8220565517117
35633669,1864.6523633484953
17486296,1676.7926782090562
26823352,1006.1454466728011
24234066,1804.0091734722944
69609466,2094.7870353889157
44500625,1879.923427170778
25810885,2280.9305637228726
47095933,1408.4361583675952
29996746,1689.5560859447166
26824387,982.7084206709565
22560248,1833.8889922316614
67043419,1434.8197679584553
56128877,1643.884097372737
78532613,1412.6140610442003
63334626,1578.2120729999979
41942475,1377.3879848568295
71572581,1166.4545471415852
31224917,2478.7955466320836
52061385,1449.6774199583879
85648776,1168.414435925863
89601046,1038.071250006414
16315474,1635.9635224360625
90885644,1388.8548868969606
69988016,1719.0840368936465
55363982,2835.5119415915015
15084841,1244.3423029098042
85269120,2158.738747806661
31531393,1068.3562279577848
65511292,1918.343369140787
76207920,2720.6908970590903
25765261,992.6797589645353
99628783,2114.135091913795
29123949,1530.6924214802918
84071477,2832.928044420042
55408575,911.9527334461296
18563235,1997.095783409769
32862824,1338.4143116553098
87247913,1468.7734482212472
70811397,1349.5108907252845
79135010,768.7985081218723
95532555,1878.0571297089768
91619153,1836.0811265762527
85185899,2340.155966206282
45503458,2022.3844229472168
40572975,1438.665622358499
89004010,1706.0453971056718
34562042,1007.8744646256652
63463440,2275.1488110235805
64460362,933.3051747543072
67250925,1450.4501532027016
14939721,2753.461609220215
35310686,1542.7329420550714
71187848,851.8738583874424
61524357,1094.7423132474703
36782194,1393.820914787028
89842273,1107.172947024665
20614858,1546.9911735715657
68048266,1157.079880263793
62462117,1340.6613980780824
72115510,2607.9560876556106
14057421,1129.2752787365673
99878320,1678.5307775912245
68934495,1725.137673602236
63897425,1461.75492159713
30823846,1606.2478730950097
45856506,2141.000792762289
36318458,1845.8982861347783
54709816,2114.3906853151575
58956301,3186.5227161456496
61193977,2006.1424665992156
94916864,2190.219406179205
95563649,1500.376466591033
11808364,1364.8377757511773
53108582,2262.041769555194
37502181,1156.046632654338
37996385,1227.0793868003846
53563779,1341.484972719449
62612706,1060.4137332278829
33233317,1005.4403134657455
39285196,2643.9293747577176
12469660,1462.8019204063335
10086272,1932.9231670859012
61556619,1004.0224554104564
44239580,1846.6010479564768
37303458,1791.4543564135427
69742763,1425.0926862174667
79252407,1474.8438140799742
55035288,2985.449918359275
22573833,996.3398429619498
73616028,1894.3442233082733
72379751,1440.1274603565885
63515051,1356.2683826290965
43605274,1210.4016589954713
94526159,1797.3694389964737
87017405,1869.9289421584187
27785122,1414.0902996918583
88986010,1509.3728932303316
83705830,2832.509669177315
19294754,1425.634483906637
10016581,1871.496236921989
98337631,1768.546454301729
96284977,1734.7648278661097
85120493,2049.5188111179914
76912038,1770.4528002110299
38273802,1529.7786319984086
31373003,1424.8954646216084
16311364,1515.386289651508
81773825,1360.8512978200313
85451822,1782.800499300048
83837897,2273.980748338866
79840167,1301.1131672119539
10053165,1634.9267785320603
66085962,1577.3846019581083
74446354,2721.4893271468445
71248291,1302.2394151232038
13527988,2279.277968616876
59655162,1408.2534442313618
81270080,1072.6901230009657
25459024,1772.242514975331
57124820,2293.955701923667
38744724,1547.73465158757
14672828,1838.0492923333027
86208199,1309.9968557448485
60804234,2152.29308232131
26637959,1432.5855251498099
84505191,1844.9230104123665
34949195,1711.9107445920947
18236230,1809.7836104334474
83633670,1884.6760179182704
38795738,1006.3879236638883
57060441,2092.591977740415
63193750,2876.4059449260612
16584196,3243.223354449875
97470867,2214.9911394105184
57117308,827.2272600622949
28539736,1456.0403571220281
42854708,2759.152683793698
74612987,946.2949830393634
18574187,1131.277619264561
82554201,2003.3825881232376
63502035,1649.5918785129736
91862663,2984.2921081483855
92211122,1727.9439670689278
31056808,1567.9508541879925
16943964,1411.4686105130331
32863651,928.5025368957215
68176876,1395.2892424404313
49131404,1058.5449722093113
70277995,1333.7887391462475
35494136,3290.130515590613
81234980,1815.173413390515
38613978,1936.3266529781652
58078556,1550.1198861319713
44540392,2691.0879650278266
54581831,1355.3141390713706
27711464,1222.4685566563544
34639609,1569.9626280510943
61465981,1353.688020610227
97434739,1936.39033838899
11115465,3080.823767006171
73204702,1885.8936228742684
43122014,1654.9669635121736
82465915,866.8211934313658
70336402,2451.9721397144085
66860305,1672.5582451093223
41500458,1712.699898982029
92919391,2360.0428535660985
99618084,1425.9662377454022
86909460,3512.7034354250172
17337355,2368.910811998421
42353664,1113.0515403328625
21765685,1999.8489236502014
89088918,1220.4058700869787
35899962,3584.4416505436293
68684318,2103.0798572514623
18484780,1340.6912495651682
87388388,1637.8999797368747
90094211,1685.4609427743817
16804039,2261.293498904164
91010086,1444.657338346638
99469868,1647.848633059287
37545302,1765.7577789986717
71878464,1648.1572613504986
21183040,1915.9298203613757
35304073,1855.0752550081722
50348670,2118.55377394037
34230931,1239.3698049822763
48867425,1620.8943224806546
35018884,1363.0023576911492
82792644,2948.8682610668147
55638604,1692.5297389592188
45618589,1698.007839015228
94996859,1192.8858884050592
59711138,1308.9540403240667
20008628,876.7010350346417
74210201,1796.0659501025168
71592370,1714.5158789791035
91112168,1713.8680844824191
86979588,1861.801487788331
77491019,1766.666682510491
82906889,1561.4085250919175
47215201,2097.925661873297
74482354,2314.715513658967
85248466,1393.7169719989902
48081067,1888.3628616919868
15387364,1351.0237128313277
49479914,1571.032768791199
67144063,2449.0816790278805
21546784,1834.442711910103
33690767,1388.6050672028373
33115846,476.1452382774059
61562965,2038.0998429773542
39809818,1879.0436818356068
68123009,2439.727093659296
51851996,1941.5015058272888
14592737,1312.0854685736695
53703850,1662.8934803243471
32305458,1955.1052428850257
15802272,1088.747775109026
36113397,1541.4883524069855
10490484,1926.0865720183394
60733954,1745.3475956916834
99162691,1116.9320144471099
93098807,1240.7249051398817
40838545,1682.58383923506
11051825,1919.779000733332
82908690,1521.002395101232
71787511,1646.4975364730035
72823966,1504.5676707908108
12980060,1790.8310914596502
96086415,1566.4138532344216
23697274,2050.694694784437
51614059,1837.9915878471595
78779574,1647.8116621424435
95241308,2754.6396878976184
17643222,2681.9855548817995
93263316,1715.1206220510087
37302631,1277.5970924045275
87271886,2058.6501226806977
55736876,1805.3685151151087
51594702,1890.9884453138122
83945766,1098.8828099208017
79078313,1272.7294318328595
31277810,1478.543654145948
74965419,1868.6576994604027
12557472,1360.0291549976077
61610958,1530.2985936665275
87565891,2858.840076725711
69835471,1600.591707795936
50409416,1363.069922090893
77449547,2016.0309986699303
97554546,1150.4010324932017
15981479,1623.3060548836104
19522006,1843.1763962500343
27996044,1625.8278645302987
41161764,1771.0975912947772
20740770,1568.6407840357062
70042803,1614.5183400253898
52210690,1271.7216814276542
81657059,1251.2244542503117
67733763,2328.10213612549
19453777,1406.1330552761165
76648543,1752.9394774273917
38569009,997.1642407785356
24713941,1200.0528409810677
89660454,2344.6541889475975
85740410,1613.786423235869
86257801,1460.3083623211107
86873805,1624.786009495133
33399735,1768.6965247438945
37535534,1294.6054793795815
27667456,1515.8234381100021
61581329,2259.8616708997497
51263630,1101.2189586193913
52033053,1477.4121055135035
90888218,1361.7792722255153
12546179,1895.6798656231313
83093814,1472.7062080075143
46297699,1284.9815576710018
97044400,2002.2548062053038
31763919,1340.7307026865049
16008849,713.9597619397405
51084945,1056.0576177179441
59957604,1597.8490563833784
18780994,1320.1413176487642
87997537,1494.0313840493222
45685391,1721.0836441946544
44441149,1407.2136590981843
14178311,2077.380733947033
43522500,2236.750114306028
91025767,1584.8957234445181
92328854,1670.0148748563047
53582398,3056.0040366494513
79088536,1200.7386362684986
46193764,1258.474385776254
84800487,2228.852026848286
58906346,1890.8568618775053
16384425,2218.6780169701606
31314423,1653.4027015449653
78713693,1279.8772680505722
59579059,2804.876061061769
51309878,1605.0811485814324
18367921,2858.994871296706
17963218,1336.7789405088736
63773516,1693.9671088597077
43820904,903.2006235069535
61844633,1541.973059593387
97433520,1950.36308938077
67890378,1320.1430011951481
84770654,2001.862620150169
56388014,1067.0898868005504
48498606,1311.1308251741261
96139568,1265.8440129169003
23184000,1804.8073571853936
82435682,3203.5451450327064
84725417,1202.2537929548587
80398008,1293.9160613389806
21408816,1892.1084996580694
40561414,976.5565670002203
47526789,1717.753670771619
34202671,1595.2399189374519
47410501,1547.9168441193397
18437030,2013.6035218530014
89947527,2061.264779965987
48179652,1113.0273952156986
43574355,1254.199215716576
93441626,1399.2271463663037
49833156,1077.387245882523
27436801,2201.623787105279
43212239,1706.198012520044
57781002,1886.0159560291777
80452756,1784.2010536110604
69547198,2344.4586941978496
92282402,2514.055437006192
60080700,1848.1578010635355
77220496,1227.3011355515894
54095090,1864.686228174309
28159066,1130.019041733031
76298460,2052.3605190754424
57334293,1703.0445617438827
51349452,2622.360753967924
57825954,1380.1339829078456
75566691,1397.8742176118462
21994482,1599.3652740361279
15472109,936.8430279691131
74524636,2229.5376195046174
50954892,1658.1018848873134
72834699,1804.6182785084716
62999750,1451.697608561553
33123268,3546.9284751784617
66540114,1437.4111463767717
54002928,1350.1031872540898
55085304,1536.6338413578114
22151066,1595.4176766706294
65334729,2397.9413605632244
30865724,1271.7751896229279
90388666,1346.8323706131123
55605064,1344.1179055784928
69408128,2383.7093635728997
99473168,1819.857328798796
75818797,1001.6500951772747
62565025,1644.9151276412651
75143116,1474.435068480253
47696923,1855.8761150511234
19416750,1657.1704869550767
22855194,1966.2280528467063
67192782,2041.4340106153934
87517475,1549.678277599552
56350089,1740.2203335779911
34134972,1782.0694196003872
60576347,1953.551287333837
26319072,1351.836608931415
88893111,1285.3243640119508
68033382,1980.5017206875343
94035885,1319.79842709732
81187160,1579.0486600645743
28315736,1386.0447459490013
22692256,878.4337587952447
37267592,1219.5428572564313
91150814,1733.7451084811223
26431305,979.768746589651
87910232,2689.1576942960464
41955248,1558.8179829484209
69743430,2369.8746046921196
46703259,1644.8155168224898
31441294,1519.713821981973
52540774,2103.6744839077
86506186,1599.0250238265064
59584539,1346.9193856947134
97314977,1791.2275924579756
96666615,1548.6191577708646
79683457,1676.4578933093317
82209443,1595.961705499816
28258830,1692.5873526549562
42067661,1813.553494635195
66297804,1094.4653687715384
16941404,1225.4014632336946
75005309,1452.0414506320253
24570745,1918.846404637019
86113362,1905.9614142964238
17047985,2138.7155733433647
65773050,1535.1670134101469
58445540,1322.25014955812
48523637,2007.3591892910852
95993557,1731.3145929463587
88761628,2778.1987051639353
35281082,1704.8826323988437
63427827,3314.632751635467
38736916,1477.520075640441
86580197,1741.7361354589318
23112535,2697.539371052243
70370352,1944.01560986906
27855625,888.1108814466722
60833031,2136.8811695589566
23047956,1417.6423797888785
87351286,1592.1674021990307
75886001,1107.5272011420325
66301086,1782.8724155048455
60935733,1174.7055320698298
98414359,1773.651475666827
93169508,1614.748010606235
77985316,1306.2694376329791
22647726,2424.8477105174325
39865459,2590.444489026603
81994206,1405.3191337961111
62822262,2035.1677068230438
85331429,2804.2796859232467
75110630,1178.7991280434653
51138756,1894.3676487811695
83491442,4549.451335475033
67891583,1336.1621072958542
65475315,2742.3366132702886
37180335,3171.9210594154756
53617145,1745.674942841804
66644091,1366.694750165737
85685863,1414.1920750012584
67756317,1591.5301629054356
47286828,1271.4741844795421
30798257,1825.3907566489743
55429056,1498.7281523844938
48423935,1385.738638182727
70215654,1541.944816622722
84995114,1683.6687205234148
34191374,1178.7155015347582
94424055,3115.727671770832
35266032,1090.3610997362266
10282778,2006.2758285849732
74509894,1537.0529684804299
62379565,1580.8456773058
69295266,1232.545486747453
19487319,684.6859509230449
80523155,1715.0900729358307
76258438,2677.743694991438
15381648,1497.4034992027125
76313330,1403.294778641912
67909709,1380.5247678125368
94172578,1391.3135576564878
73730320,1336.9569761591417
93164433,1330.7674105100557
47160388,1131.6034012719958
39990609,1793.9016693416863
64566990,1634.7298498133352
91126842,2319.8042834991065
52824809,1588.0775411865097
57254599,1551.566528602091
38718331,1248.1463815290151
86095545,1457.0431859617843
47117496,2416.586161741073
38398092,1964.9726408680597
35904079,1004.4151785301042
90919237,1303.319815582634
56102015,1216.3118816621572
71540566,1413.0202255566905
10011577,1453.4535889112296
84723499,1903.3395214386023
12437858,1388.9733055589834
55600884,1366.349156841304
14903844,2096.4084587118614
79656066,1451.6124311037129
22833793,1187.533079240999
52725368,1527.3773517499078
69338616,1934.6262439055474
69512258,1556.9312055039059
96249786,886.5284496189237
93289839,1564.8737879740809
89525161,1839.2925749190958
25602400,1553.5690367766786
82687645,1595.9821173426558
86466057,1721.3100683312334
31039064,992.3995849735602
38126410,2369.7615686530507
98941268,1942.2635880316132
98887377,2223.8546070387138
19069593,1417.7265215712102
48991500,1271.3016720109242
81340729,1241.0460886997519
17755803,1377.4146763132323
28332754,1206.6754418227245
48710415,1590.1619472719422
13552122,1886.4452306438013
67175252,1895.9498384148078
81401006,2445.2845094793456
87569420,1491.977773221992
68775804,1789.65439902253
51303767,2233.8259559487324
36907350,1308.616865699777
11852044,1240.4182702052478
57122012,1974.0572049200478
42764646,1451.2642061604997
23299341,1256.2544490602677
99527596,1608.6344939703808
97393585,1305.0069448506283
43578412,2372.4711623600397
98294611,1717.4454501861997
30924809,2032.0518722595116
88121507,1992.7539880158154
81094653,1817.8553555774993
83948197,1838.015050532847
53707208,1531.538723247027
72598207,1900.617008687568
96325015,1339.7227728331816
32527392,1196.6826365503691
13367283,1579.0734153003486
70926441,2002.3187899978411
14507496,2924.8947671479445
84516945,1543.3162344594905
17478153,1310.8711037084142
83347951,1224.8417568929904
42507501,2662.4228648700782
54322410,1424.2270448618488
51129418,1925.4299342974816
92284337,1153.3227746815123
56191305,1179.6989565887407
69717201,1412.4425831592316
77803958,1654.5356168552805
30868541,1051.4969357612808
21948362,2181.882920355559
64597726,1441.014657988376
24753315,1352.3902519013063
83137150,1126.6693180037855
87115344,1675.8498655621127
99984175,1728.5543393389632
78503238,1563.7918348272324
56241324,1937.3345555491958
44979606,1244.8779725467602
73782771,1777.9226362656748
83259646,1550.8288196070707
83615385,1324.660223470162
84238097,1391.8951269672868
90104229,1845.655293317504
47165230,2193.335653278531
90052115,1167.366648470154
29318397,1866.6675054105015
66821977,1786.2044430804508
74914365,2829.71159466303
21821045,1590.002536703797
78077361,1195.935329527712
11290483,1719.5703305465217
18150280,1531.418938972071
97190006,1382.7784987609916
23716973,1632.9432627933975
22402268,1921.7512740303994
22495547,1455.5181598937531
62732805,1369.132081513692
35149813,1063.6000264368156
45074208,1568.3640069856594
16930048,992.7859826521054
37034316,1320.0643595317629
41257506,1228.639305969035
37119194,2777.198212573492
67834562,979.8816831687541
34524417,1919.5202252383954
65917034,1445.7941458521377
89187031,1408.0552414911053
38918236,1746.5682007061268
15343670,1565.8939525282701
14075655,1362.9174230584322
38174910,1936.3228600531666
58723158,886.2793053545049
60249533,1773.0903647026048
97281245,3552.749258966156
72949298,2800.0180560941008
15101045,1283.1911905170793
28123842,1435.0499717743933
79777819,2640.9892257263746
49207880,1694.2865453294398
80546483,1717.8275966332837
64032695,1588.3167046941892
13192282,1405.940129253442
77309020,1701.9628664297536
61977302,1677.1404447475857
97344057,1764.0933040895216
30586194,1450.8350827736397
56677229,1442.1868911143406
22130117,1215.3268662554487
40261245,1879.262394407271
30166032,1741.6625789145967
77089984,2165.8212308295706
26878900,1348.4484769125675
61371436,2043.5730254737725
42742062,1788.788937371702
95339974,2514.887741590742
56107946,1678.8067288385034
75011328,1553.7468663056839
72662754,1288.1756664930324
72203106,1011.9903889800974
70496852,1624.7954725995623
13201993,1549.543737223503
78164844,2199.7297604324813
59342403,1537.7794944597013
94540895,2029.1761552305109
46539631,1547.7338313584125
72239923,3114.0659715390802
87927143,1507.6216520294963
58112642,2046.853358501339
46348606,1125.2446369088245
41028863,1551.411696610084
24368370,1365.896595994898
29933781,2372.3984764079705
82791847,1583.0760672855424
96015529,959.8782061743647
54561874,1420.363564628972
53184693,1032.0128025945976
76671373,2314.62913834092
63611357,2028.1631778971457
80706420,4241.901110336069
55017743,1950.2183384114644
80689892,1679.5535856531087
84469446,1668.304565944869
23226721,1595.0898958953148
85084580,1588.1146823471606
80669002,2188.9223054685162
65745002,1731.8301270413367
89007400,1540.2109207168203
29824422,1852.1367717625378
35775431,1516.6463243240464
14074630,1217.9457007226813
72325201,1390.682231613691
23874500,1608.006900100802
37300173,1605.1517509491587
33493494,1859.136686944167
30229764,2716.8242462235157
43966954,2090.274006659469
27845488,1623.2157568193904
37461765,1976.4192594640826
54994083,1978.2442664533799
73747516,1689.2262760253939
41276058,1150.6699893242933
55912598,1374.927178189148
60686267,2264.106382929731
32726148,1724.9184480332237
99279088,1321.9734026383594
28728541,1549.8637796628693
13858737,1556.2158884013586
21895570,1866.9627067141168
76323759,1683.3148832119932
79038940,1106.6775324287112
29272847,1370.2596998348156
98713132,1489.3198147373744
92394953,1709.2727745520326
96580365,944.53293635265
44481344,1271.1233352229644
16420037,2220.5981248353755
93921984,1656.4159340743158
26481610,2349.8876504654872
36292815,1515.1398777397953
77806189,1926.5252848698465
75958945,1344.5502010561504
65456150,1569.4663971078448
80743824,2357.629544623829
49966934,2282.228874541679
86026791,1356.9303290951812
85816309,1092.2532605972883
15568874,1893.9867022530625
99556884,1718.970896859437
27514144,1686.1202013542845
33950340,1616.8941582489851
90674412,2897.905438350125
31688776,2137.4145522349836
58380703,1374.7944584100258
59666638,2075.2429174733425
28858647,1734.4959079834734
96281488,1399.528712598763
81757957,1779.3633984233536
15387606,3092.7310465956725
95978588,1110.1812584970894
38876766,1562.614921385715
97177476,1525.1357791933985
56304916,2148.8162620979474
94447504,1503.5710067311124
12858830,2126.0540852757867
29325031,1694.3254533019076
45137864,1287.5277316478962
40574206,1683.7372583047725
14671172,1192.7487238003005
79393183,2215.337096604897
73490914,1213.717099658869
74160460,1419.3324418826412
44164617,1089.796117469549
82646950,1929.4638464280724
13359174,2393.323006131701
75134927,1152.371120077536
36042465,1289.5628024056346
83839627,1938.8625066408817
23668396,1748.1693030709441
75299261,2325.503800317745
41480775,2093.590160515765
33690039,1922.922532519875
22503085,1464.6761609655305
37466667,1271.1693925952425
14321282,1443.1741087634487
71351933,1742.1912261884702
87081502,1139.9244371151935
65472553,1473.991438456412
99213360,1783.1904687837605
10832464,1267.9790369907762
51819797,1951.6697495548863
75955259,1916.7882340802628
88647663,1628.2624133941113
48629803,1451.782128519008
83286245,1978.2197802256683
88766577,1342.2497269865728
92941012,1669.1472319068084
77129657,1876.9217189872165
98212477,1459.9195678404603
47578988,1274.4620390527325
50209960,1559.8442692676488
34219777,1595.4587257824548
79439231,1316.8782408181244
73635146,1876.479043991536
64910994,1706.3388648093614
53834693,1057.0588056792367
11363592,1883.4053999784996
10873772,2932.1704187462774
87767702,1884.4043222897512
23454749,1425.2091563089373
58196808,1460.6941759780098
68491285,1663.1902308897704
92242279,2909.1427344029507
33507598,1654.319708098187
31155680,1708.9559654359034
69782815,1331.2603120048025
99510246,1626.584684581972
76945883,931.1124570767037
17094345,2023.9114313564091
46337525,2072.699378627566
28488983,1173.1478309201286
16761031,2799.994696380443
79032271,1173.2675918293005
62295468,1108.8060119107922
34239247,1950.756844978047
13382072,1491.3503015608717
22594211,1841.8094539921995
57247913,1235.192009711237
91685716,1495.5542879570412
17466502,2038.2564542345497
33964749,1793.6916090474317
51427608,998.9248102875927
24310192,1171.3994426009867
31116680,1591.553566603518
11417356,1935.4492743596957
62762079,1477.7367640573495
42671255,1968.2104569127564
96926020,1715.554510397041
50275050,1823.3438865778737
39760605,1610.5721032748784
74898826,2997.7100589391857
72916922,1397.0150076619375
15943032,1329.80722780223
74582816,1792.7775598471142
59875250,1960.9840795896666
80790659,977.9930952181019
19888418,712.3888808915996
31588130,935.7670583888463
66158465,2027.051030439809
18800645,1678.4181148736793
64505218,1478.4660709282364
56056799,1375.9718691904552
10374837,2089.9669820543495
41300143,2555.0493435556573
78621253,1323.4732260097342
11141195,1597.9623701415824
33865847,2467.3152466887013
90610974,1098.7148214803565
98930552,1630.6415184146254
12727530,2212.769305287604
52930535,1545.3707981569964
93753865,886.8172109479952
70595210,1689.8370139414026
86025280,817.4974023878502
78663509,1652.8985334286626
21322626,1421.3060942163825
38172344,2010.521335103019
12467923,1844.4222033356816
59832255,3467.1365884387487
60019461,1713.745760214155
36274445,1286.021680204882
35417851,1395.59298856904
24997453,3167.6135394712946
83094532,2723.4625518345383
90174488,1620.1738633440311
71319002,1149.0257995017434
29621396,1434.0624732138044
10011880,1498.0211037850145
17190126,1316.303853299899
70424510,1655.7226443127452
11417531,1235.998431762363
27554957,1666.0434255928399
13689480,1201.5458269576545
69613512,1544.227557814346
74318773,1820.1033371705803
45221034,1657.2260697631775
12200305,1400.8029245325877
29052499,1915.3597268601004
91168920,1880.2484675931619
99587330,1067.482470969232
85493546,1455.6672768541407
36510260,1602.5904062167679
40370308,2016.4073583425263
89123563,1504.373533171242
68894033,1393.6535698184337
73938236,1949.1244628347845
25242707,1323.258203280253
87339346,2186.091512504422
34182148,1182.4283502688418
55488547,1454.745882554805
58799207,1392.763045290029
99415472,1448.1231498006923
50374353,1813.0351881117826
44632960,1206.4787048317212
46918499,1997.6974087969134
61219752,863.3300777522375
57928854,1366.3525259979324
22536598,1259.7970120506823
69936903,1411.2014833057683
69696012,1253.9774381263228
75807455,1377.8115367873916
31557332,2203.6934732516957
98503124,1103.8334746537153
45347570,1604.1264119316477
91321804,1696.4790733096647
56392111,1733.7089628924898
86308272,1036.292513867738
64596791,2140.0137720561725
80652734,1878.456922594158
15067372,1796.5467511004024
19485124,1490.4438702870052
14453004,1128.1038024910933
26285533,2375.670811615235
92838656,1515.3019626837784
37408293,1617.797244871014
44619550,2064.636118783408
12229798,1429.9904948054818
19471907,1341.6646887749312
79387412,1161.6334356253124
62896852,1714.0618837866728
45934349,2286.323416387472
16860511,1732.2769864513418
43506983,1525.234388367172
70740306,1987.142617384503
92814410,1398.945067471202
42104710,1772.6781665352662
23656647,1299.1017359810555
16622582,1710.4977670270123
91730318,1480.4196579540073
71502047,1667.4451614164714
62198081,2731.796586259329
35586426,1553.5704271697373
73159054,1305.4234538895896
72932579,1394.0173277671634
15860553,1672.930743998525
76499202,1334.4181606907148
49147306,1185.4790322999406
66173222,1454.0968828669086
36048465,1747.888847901826
58226162,1667.3916421564152
75348253,1389.4727036872541
29406516,1593.4723806129082
30120831,1375.955385768298
88886135,1517.778714436964
90716300,1044.9393760024716
12118186,1575.3554898947623
39388114,1571.272810030971
43348151,1428.1263714284826
70648988,1572.4505520707437
89828759,1445.3689225966612
25774436,2270.949216626159
56166234,1249.5429942286646
46207048,1328.357176688175
24260337,1625.8097187268374
43372122,1376.4947139017397
99211792,1458.4384459585324
72425048,924.8472675600834
58848576,1560.353447603577
69451066,1052.7922242399245
46571746,1995.6667758308606
35037281,1267.2912734341062
85573733,1361.6930728595812
85004009,991.523506906023
98713147,1773.1071065146052
99574842,1244.564607244471
56403873,1032.7638785049837
79242881,1744.5096467046124
58458582,1213.8199125684087
68482067,1217.9204212400116
16690135,1995.5904587412888
15173091,2174.5594732857844
61448444,1613.7231665144172
69237042,1145.3615995796156
85145895,1072.7592006604305
22701271,2598.660122338688
39148372,1326.8879572280737
94500108,1599.3932944481191
68415143,1288.2108143027244
40595467,1994.6336024843306
53076141,1653.9496689062862
73641861,1013.4444144103877
48605668,1567.3589405014698
69923530,2131.5507480562947
49319680,2018.9685447391912
45928049,1812.36892402673
73814109,1239.9138876202214
61386764,1636.9683778087133
67209776,1413.984787240548
10596331,1451.8098529539197
14387887,1672.5352066569753
66568548,1566.6839421364105
59240082,1663.9860917051742
35040177,1669.961772819126
99480365,1451.0291356723023
68333386,1263.5674567322878
95572882,2009.4282700896636
38132096,1668.568808678517
76955826,1813.7247054779132
17729676,1959.211513827212
42211142,1351.7182085639186
20158681,2665.711456283959
79393152,1380.2478476939195
39911125,1449.1713105187905
88836366,1754.0503155762583
20409154,1692.3295472426678
15026679,1538.2485390813454
42131515,4946.576365710199
54650905,1564.6700516630378
26838390,1435.8435904955388
65068346,1301.2822237177838
92979933,1650.6717895428628
95452518,2477.1731661705962
38822689,2175.155103691296
46355252,1971.3345291294863
12444224,1948.5686152178798
42979270,1354.2473467118707
77573762,2388.2437956341764
14826829,1694.19031872486
28709839,1859.1113669050044
18829646,1792.4088959321425
96568537,2100.146584541245
56829547,1628.7549049235276
93979772,1832.3547551274385
17626588,1562.7572345344722
34011504,1678.4128630461746
52636134,2096.5314624947005
91687348,2054.190796248862
36508418,1739.5041565250453
82621948,1229.495894860542
89318730,2606.277357139871
98717167,2129.532119579402
26278873,2190.9266028027096
56823412,929.9149531264983
75609163,3709.6504912431074
90104725,1750.62355621
75874553,1845.7059754162203
48469293,1833.7109160485193
70313722,1791.2272192966532
48269879,1522.829832435081
30338233,1934.13261118856
32779513,2187.4700863346397
75548478,1466.8086035414617
38561257,1906.056545222981
10945373,1016.812222465534
15756944,1509.3423660034655
46940446,817.4057812755917
24659465,1378.1024868701893
88948806,1652.0877844941338
34164402,1464.6414014949437
79477391,1969.1313682906632
15537006,1763.4953441991695
88911942,2039.288985224831
96378293,1487.556671984082
76422231,1602.875399482195
12309843,1197.634527935924
96239148,1387.8182076954959
86466781,1605.6089616548754
49050128,1814.2026095811518
14724818,2435.2257541615336
56683970,1700.0352453073608
98393974,1381.7119907986007
84824034,2334.259736874752
92573067,1535.9171750941532
73226546,1838.9831576843426
61358064,1223.6180992029815
59398688,1918.2576324451466
14969480,866.9522867080623
80588045,1653.9704319988318
95597071,831.3142897373813
54836005,1268.803161401738
23220441,1867.032561479187
59018993,1856.9277830370938
68425900,3022.5360757247163
96400633,1486.4277766589094
32664783,1293.5715326343588
37951383,1370.019688908517
42701020,2168.219029123261
23132709,2016.0675558326554
36039638,1597.6799264102742
14728562,1615.1272903550405
62765095,1709.1959022342162
90518206,1747.4175356389146
99330676,1551.0328024137286
54002963,1879.8910232953683
80024301,1206.9333710681956
83450392,1302.6210736064904
80827964,1287.787224997725
22623823,1463.9376806725097
85154401,1359.146666019807
92409200,903.1342994591761
37461274,1685.801696368532
39412052,1878.5901010510163
99188219,1131.135419855982
10533163,2371.7754385253866
16576946,1344.6663732664033
10571061,1774.2532495793046
11502784,1105.946867527147
10627022,1102.3440713508503
66112731,1646.5692028921567
12271580,1419.1807349228145
19300863,1746.1949876627675
42301466,1362.8408398571044
93227392,1594.9692821685987
13989390,1437.1053576493669
83189444,1565.4136468697013
88982820,2144.281199477684
86309809,2586.0139798987784
93812427,1378.550255376302
79351177,1710.993542575914
73882065,1602.3249996656118
85331771,1561.1195845359268
33746879,1456.6834154826547
90357052,1520.8310408615398
42998447,1920.9938935726466
42297649,2377.1095715699485
74232297,1500.9352200496091
68234963,2198.741674116506
79955240,1281.0007097992957
33685499,1510.8703300360742
74031111,2288.1444806081154
81527691,1916.5993583842148
25578339,1378.616810202891
36826714,1239.4243339098446
66720469,1314.127425089019
58271754,1192.2263493779938
79175453,1719.2006725846725
91006186,1228.0960806549215
75399510,2104.737962240096
65438642,2400.0168728992758
72193555,1302.0051515029195
52661224,1693.7547899708825
40274658,1916.5081682433593
63582038,2855.351012316297
95316180,2412.106857375512
31722576,1521.040262452562
51439680,1799.6501188831596
92864642,1622.9774991328045
24588628,1599.6861185282557
62383426,1377.4352923122158
91245064,2418.2788450970147
61715372,1706.9608266110768
65148106,2278.4334457832356
91441992,1291.2651537792278
49274969,1735.704407782069
33917232,1488.9651125460366
83235081,1917.3170883970074
40753215,1724.431288123235
70796627,1313.7333820866586
73931614,1130.962231227654
56857736,2659.5489549407766
54064504,2006.538222585818
20389019,1175.5196994787434
57574601,2538.431503718446
16478279,1410.4086595020326
68356151,1856.5733076716037
99711808,1912.0903770717118
98284968,1520.2852418557748
30598390,2035.1370023127279
55132880,1865.189326263862
34163532,1515.4260303845415
40857770,2284.678374044717
79839486,1232.6405970581338
78134573,1937.4325164861145
96251286,1748.8634604645918
46606815,1806.8228597601014
53204628,1127.992381621948
39264189,1541.1043077036995
66917873,3703.087575674551
75228206,1651.162561824137
57466748,1829.2254382156107
75500440,2018.5667915626238
88152254,1625.4967210113844
88711927,1514.4181832539011
71935730,3031.2177461685014
11714210,1106.2357563232422
99304127,1524.2312549304584
79629484,1609.288038150446
64599027,1287.298092840841
71633685,1653.0209870945926
14342958,1696.3640048588363
27958253,1753.018502608806
61174518,1421.4982774438658
74916891,1588.2457599645454
72753968,1539.1542880888317
36262662,1742.097682680781
60917615,1453.2139564823274
99306721,2318.543726643291
53075886,1390.4059743710388
73928511,1676.6721977011923
19965325,1221.2832637778001
54826574,1653.9133138303168
64209168,2595.068390035284
34147586,1449.2056072574014
98269123,4100.817701826037
97467622,1730.981400364416
85814087,1481.0226556846258
72333580,3200.5534058604126
30873738,1351.3778487069
10331403,1414.4886208033781
35344119,1783.0148065959008
35769080,2599.8588954692004
21575135,1509.8044100905713
75304823,1397.1202858682332
23401574,1118.268523073251
83090193,1659.888194630137
86996430,815.3056380051463
99751646,1267.3017124727853
23591049,1803.3252677266235
81709576,1363.0309083522438
82444468,1971.6851391501766
38288153,2030.2789979655429
87446209,2645.807800860057
12079734,2354.930471999067
25058080,1719.1974022466839
89691662,2456.145098882823
13150938,1867.1328086671829
36020495,1980.3891139808595
54923182,1653.5289420751435
28841079,1300.015383040363
41392965,1106.618375632858
17119564,1681.2751151593661
57430704,1503.8937928274465
36272284,1602.9163365419429
91925114,1255.7336541762604
74412922,1898.7258275903323
65743046,1608.9723166114427
48653211,1479.5197573199093
36332370,2369.058514561486
85424579,1848.4908792470032
95090269,1123.2680050194447
95971802,983.7088767354759
86256336,1350.1294562619987
31156844,828.5301967514212
37688219,2546.807228360046
82437324,1484.9387131563599
21950676,1754.9137546810362
54094553,1467.5423903040926
74374536,3456.281534463502
61738687,2023.6831607028737
19277250,1594.5410471914365
84311990,2003.7027511371236
94274494,1795.4641513211154
89122239,2740.528664674832
97119289,1226.6823230700136
29959537,1409.8665016933924
22777840,4042.2224984981294
39391011,1441.9371306566647
15127918,2161.12929016633
47251761,1312.9874448993314
20023773,837.4773241544447
96682736,1324.4445351851716
12309412,1683.637312845002
11517944,1442.0749827053048
59425514,1333.4976368326707
28854961,1453.7945828511183
63750719,2086.24641330567
69531684,1364.4827505224143
73516640,1511.3529806469658
92500346,2393.04966693602
66124065,1688.014223502331
28886163,1347.552062550249
19680706,2043.8780328678406
83673598,984.437547221096
85519237,1499.3804726856142
37110854,1564.3045949989835
96010780,2023.5654356268933
51391268,1227.0730271681007
17655078,1593.3023633752532
26863121,1144.3933571926416
30839269,2198.102349017775
22418770,992.1123592669262
88029081,2292.5413439745907
27689636,2504.01658476413
58431423,1631.9263759609003
43802347,2742.1956037409636
83961382,1105.7907240886354
27938336,1308.2724329525847
35978100,950.762064071865
89319775,1423.413826521346
30362974,1332.9938378031864
93105032,2312.54577885852
20314268,1361.8036762330626
34550012,1428.6906897611748
28077484,1655.9012476376795
64656384,1457.093675672459
48022436,1559.655591183979
40507726,1808.612803350809
10314144,1331.1982206655841
81012787,2068.936957379243
45672873,1682.8012550282795
25759428,1638.4956772728892
13512722,1240.9947374011995
96070498,1456.5984057747376
21352279,1369.58118821531
54205490,1560.0013495031353
44645119,2649.5821877218814
37332321,1315.9269896245517
54601842,1569.38846223618
60801709,1446.9182272168473
28903523,1697.0193060168854
79159760,1613.8675472536188
20416757,1195.0643499957775
38432201,1286.230375901092
60739859,1946.195705325148
89931987,1711.6969756005635
60999736,1837.4941201160193
43182602,1374.2582420750134
89739478,885.3665617089551
50450523,2015.6516785736046
73950928,1449.975495596427
12330781,1102.541348474543
50236542,1708.2624470084975
34912503,1436.4367677377418
25536468,1639.3504550500604
63776599,1238.420713034742
56389530,2263.068096425154
60881312,1192.2788994339082
94656046,2497.3743034174486
84143693,1461.5514671682863
60768240,1719.2290521921232
60458308,2242.351047951497
53948557,2098.7689661001177
11612817,901.428286549294
71889062,1294.0283428197095
77172079,2076.360070412702
34222625,1848.4569083576052
69965828,1260.8988790085123
94714430,1572.50597570024
71961534,2031.6332668609582
32936108,2068.749452758453
18431618,1272.7507285158997
13548537,1035.8899291562109
86674079,1411.4385507400104
21748194,1890.1882119497711
40124541,2412.6715985169085
33347811,1568.5885181805295
92929218,1571.9769555759747
72190892,1428.4804212639754
66963455,1581.1460394673327
96157867,1005.3987463836248
15254705,1614.2685611912348
89064766,1755.5473286826532
85305349,1389.7550799188762
58781934,1444.3163763168902
42553797,1119.4619135469477
18721533,1377.4851959157886
58244383,1846.8206016586344
13696896,2192.0485536554133
65894339,1702.606165664318
61098619,2674.793642290515
26018756,2260.1859838072305
59479424,1696.354077165891
81738781,1699.5074749550456
91106215,1339.837847762734
71223563,1220.7360992491028
95945745,1519.8617680016607
91424061,1300.0724565109615
67135880,2399.9805529963814
15528553,1634.0363913976307
33657705,1500.3774214703167
62553289,1565.380559943475
60993054,983.057673421831
42800613,1377.942838947448
17769800,2596.937487641796
21401202,1504.1399608462423
52155473,1168.8724263075158
93304650,1401.2216609908096
51407728,1521.1344926405798
89543732,2130.829908569207
43419947,1825.5145449525533
41488699,1468.1539517882711
60974422,1641.1388480511048
65352047,1203.2619402757841
37012905,1102.3967988690274
14787203,1621.7353187959116
29417973,1521.6810991678876
19835446,1920.4958784789128
43255500,1011.0183709089325
28812691,1488.4715839255086
18722953,1336.7369049150484
93227004,1708.9287356079456
35371569,1727.6058620723813
12076594,2164.095402526462
17330331,1819.2813499404006
70946197,2180.5891373805534
44132847,1637.1838983951102
77445263,2029.0615766688702
56880921,1501.94748599739
11480304,2660.28746635224
44407005,1899.9760662820745
57603851,1384.6352104115156
36951093,1552.1837485672918
18651476,1113.0291006958896
28758403,1974.6705006846596
29842235,1419.7262602174728
80915194,1349.6221157230093
87361082,1841.2393236820076
67711479,1260.6726065093837
96493355,1432.6772092276556
60783295,2259.0728945708934
56178874,1286.0884114947487
36921713,2365.1288307910763
48581624,1414.4187470848756
75576141,1318.4729783535079
20755403,1062.5926905428596
52097748,1657.6785576110642
30927924,1180.7634876986822
52924618,1626.0134403865854
23083091,2187.5939243864696
10593933,1637.2990087869534
14984647,1797.353573650124
50764768,1202.1814322088658
42909851,793.1016230234533
47962891,2122.4686056075034
24155862,2062.6830042165284
96222874,1300.3682152177296
76243625,1715.241081193779
83785580,1721.5150000608617
68046684,1543.1317015279226
35026518,1595.4723038534207
21144795,2335.8588756511
42304823,1719.21587237643
32449171,1764.8223578487034
67804951,1455.2997908369164
80988109,1289.869073180703
31562948,1353.8073617016908
80571715,1009.0258094660776
91879270,1132.7003792724397
80331872,1966.171525930381
39788137,1894.177124893698
78186126,1621.493626264691
34300076,1636.808625983649
70710711,1444.2565389951703
19520201,2020.2848721120104
75968232,1380.5611253226443
62441830,1474.2717662962093
87704160,1727.9126015757358
38039509,1920.9325395040105
87299257,2453.2281771832504
34604480,1525.5118104020946
93559487,1560.2557026339987
35225951,1471.4816121070544
80500038,1680.5493623446941
88587318,1365.5338389851054
72460444,1658.6618208168052
28502361,1822.3484464084165
91781888,1903.4312597016217
83528344,1491.5475673534106
15266445,1691.8737721860325
83532377,1188.4772575593663
74780110,1835.3896601162937
88664511,1417.9448130401972
81767501,1386.8154645426068
41015579,1815.2751700728827
19338404,1750.492065105933
14667759,1960.3463626097073
66260119,1507.6543853316687
20542479,1663.1137468995528
54097170,2725.2050445979385
35669653,1894.9873030038714
94127563,1249.9507382302727
81488029,1862.5205140650673
93329952,2272.0686165739417
57217043,2018.298757940398
65522547,1527.285000039757
73695068,1618.949634130275
13539769,1324.2537453646355
44056017,1551.6906857465485
46617581,1477.1389414594016
68464888,1679.5773049287832
45303083,1284.620312721583
86984156,1553.6595206377044
56630529,1312.3104067030024
78254395,1142.5352998063504
30913049,1995.0909025794174
82688614,1342.123599043408
88893045,1394.6555822564465
94639808,1754.5638607517376
52742143,1547.5088328897662
64260968,1554.6411927579688
76546956,1862.8372264095244
83523035,2319.630412413788
11013053,1897.4534913934237
44130994,2026.817835305414
53796074,1279.9803140226534
35498168,1903.4880823401297
63562445,1214.703042198474
42365113,1703.231139910976
54613679,1369.026012414401
69835682,1064.9195184378627
40747675,1194.6343435938536
37071709,1355.2086305911837
11644754,2622.478171435324
29456046,3496.78001675403
63575365,1160.8600158566505
62030210,2992.4916557265014
84640048,2178.4416219378436
61377846,2234.3454101216876
72441550,1528.8508279964367
11270022,1568.6474603972054
70261792,1801.946324311337
52404988,1540.6376558968295
84003906,1879.2167016067722
31204633,1155.0412955143486
75242666,1893.721063353245
49434528,1656.119710196102
42863318,1610.988755376065
47571305,2412.4963968133707
66490879,1290.0437824109686
82396141,2437.072780896023
96803616,776.1124602288965
10584088,1501.6794390318164
41994657,1773.0880666879732
87186973,2011.0455494148791
71213873,2365.4199692608745
49764305,1575.5437581858916
43725149,1191.7765015982648
83812129,1674.173565707614
63290164,1594.4164637604426
79318573,3000.7814896314294
10844028,1948.682941405569
19798231,1250.809672477437
97056407,1211.257355284056
32215003,1716.2737520977892
94765090,1378.2267836580431
47235057,1741.1576062809356
94429036,1810.9073129304697
19267342,1376.3286877553542
79884507,1546.16234415044
68548734,1656.1986848533736
64679483,1012.5862870097687
99761027,1413.5684070673278
77538039,1635.905405480044
28035639,1698.735232884987
66579510,1540.3996025446982
50333547,1271.901963233006
30957545,1769.4987941247002
87343589,1329.4707489778225
45470859,1829.62411069499
57383256,1122.9898711092658
62753404,2563.4824414192926
65906932,1716.309882564836
54060112,1681.537257417487
88317327,1171.758125065773
46875481,1478.1036635147218
86614127,1287.195092303777
91675434,1773.0668778394122
83895227,1241.9600161134733
86365373,1786.0534622402463
19948626,1361.8371532919816
79630167,1503.3771261871807
89106944,1262.3268181075252
46083057,1698.8055769092757
96150610,1433.8373926547858
35015883,1593.2286944564632
69747407,2021.6965840588473
55538576,1402.1643384228369
97411049,1668.4151961574507
11519556,863.339910632131
81677533,1331.7849617441623
60065328,1041.3756484961434
91824420,2176.7804878938996
72549395,1603.8669156885228
75208950,1255.613544173505
54258616,2250.0400477601042
28371507,1517.2573141303046
33800661,1708.1623204314885
94718676,1103.5027581350416
98426094,1975.2579346636649
41019343,1871.3474230614672
55953203,1883.221023151954
97258831,2104.3417857700924
12406914,1369.5985636570817
54260975,1212.4451190427567
17839314,1702.2373962946108
59228162,2182.2892080870433
53104947,1641.570153027789
13405871,1545.8053367963325
30540873,1832.2666922906467
10681459,1560.9746347706873
88488173,1669.222466223994
11138134,1493.0859261157898
55965946,1798.1262201503375
21024415,2448.3547692373313
98633407,1292.8222637623721
17665044,1827.63966587474
52365929,1376.3246014082297
45919010,1398.8020554381255
29159751,1714.361507102006
25938815,1458.8604786169892
31864619,1612.26584666046
84907440,1745.4071556173062
55408023,2094.027285770645
97513676,1197.8332481650366
71808636,1662.1875630743286
37329985,1475.2286841466844
66719590,2132.714138045322
19832352,1198.7765657156342
63673893,2080.8288954268583
54185196,4177.421221447634
66171184,1288.841710753497
15702584,1498.4489866692265
26362681,1336.0813145507366
15300602,825.8983120522935
54091216,1836.0984925983234
41649165,1495.6034002798494
17221791,1470.5625732688309
60925601,2095.4945896326117
98579259,1775.1694549731355
84327985,1447.7259854002227
42373455,3040.0771503912383
51759034,3572.300234576218
57369993,1285.4364794186513
86174456,1931.3377295625553
40095064,1255.9594158777838
36904267,1188.2737891478714
95653857,1491.0691486657838
91047161,1299.6025637298567
24858933,1252.5545341536383
43668504,1566.9812734540963
64688863,4101.65240816072
19394328,1605.0238808849658
90928544,1870.588581179298
54501975,2946.211247471436
55816692,1470.5433037822781
54235055,1493.2180857739227
54802075,1848.0776701012082
44582261,1474.3544051859244
30580440,1356.7319309938005
53586985,1512.636634836852
45293131,1798.2136960964501
61623792,2053.1066087853796
12664255,4274.9473003729645
99282552,1655.5588212093787
57422029,1565.6829179511485
95049365,1641.16845927106
44630924,1712.13446002207
59932513,2815.72855476472
79864196,2784.8965484659593
38025450,1187.3179730350846
43187524,1701.961205295256
85710350,1966.6613587004879
39439329,2400.9921947870807
11767243,2090.979221479667
40729807,1012.1883344335994
95837440,1946.0967070274935
62785546,1521.0918194022302
18032525,3265.2187411317536
78515248,1144.6209504687802
64000264,1660.840199103315
70932637,1392.1190921394586
56631286,1461.013030016732
82611641,1554.9218387650385
14610215,3085.416708309798
65282606,1934.8402366577236
31080502,1423.7503757801012
66137109,2252.1939728500356
55286917,1566.6323933123285
19462876,1274.5557255947883
37235871,2262.2768107682914
53584009,1327.4996550134317
99377565,2117.5807358516568
82994298,1785.2087554425489
64250472,1582.6391694264144
61269314,1052.542937462579
26299312,1468.7164357749543
97300018,2113.3642964296796
74523665,1447.6454984645886
19970243,1746.2940393985707
14406104,1340.5332557344059
87865772,1412.288903462265
12224440,1000.1329863229735
62628011,1685.5334028129494
30735313,1571.595944324918
12214322,1538.1687569899595
80943078,1113.7132870213675
89421265,1835.197234201346
72762674,2136.260512483327
55920835,1388.8176693505793
95456446,2310.691939460462
96630600,1658.8414966345238
20077759,1526.9786141260395
77066065,1621.9919451233745
47856776,2406.754756084213
31685937,1389.2730398624683
41522098,1484.0142178939568
30032101,1379.8186429661043
91606427,2804.191098232346
22900349,1934.8771533563545
43552678,2507.187999372308
38881909,1664.9782770361337
77508029,1658.1294401425441
95128506,2012.400445737858
64627729,1143.1220184220638
56744301,1210.146310986441
59338251,2404.2404763681043
19662574,1287.9095859905806
92971829,1574.4557156643757
18409584,1692.964756733268
71760159,2213.726077030132
43660858,1823.2537322695666
77997629,1857.2461504981773
33928732,1158.7660642492867
68629875,1291.4723729722346
48480450,2353.7436786015496
54283664,1587.1858814212635
65942293,1902.329457111664
95573502,1399.5674286623482
45086632,1233.6452767812004
23012000,1747.9657833403708
45395839,1593.6117441161518
15432712,1234.2345888763282
72298046,1776.8943831038691
84408769,1711.4580138235362
25246226,1353.501080353905
20056705,1865.7442983143317
67856036,1644.223375276518
56138985,2073.9122672658805
89984541,1402.7373739900268
34860961,2403.9877869220936
55067089,1777.590696288462
63717753,1856.1498556981303
89165138,1480.547395718493
22336894,1734.2539941980483
23089519,1439.7095714731145
74572156,1057.1561477933221
96120368,2606.3719024075835
70734227,2007.8001523638748
43842124,2083.663002868999
98567604,1524.1540094612876
54538757,1807.053354059794
40105171,2267.624014458009
12135438,1586.0078830871428
73738446,1389.0696324439914
62385208,870.0379110125684
56062641,1954.6649142195947
60234485,1073.190272415609
37490148,1117.2063974154928
73644773,1538.6892154276381
25147876,2226.6178916760855
98738159,1685.8511937126475
36202424,1483.506984123853
90053455,1688.439469247818
34861961,1659.6443522655943
40235987,1557.304308838785
25289802,819.8494216987318
72831408,1949.2217025369353
62725172,1618.989569500583
20547868,1726.706553304481
43821417,1443.2666670116344
39911650,1686.128058949638
76282034,1452.602343443886
93532589,1387.7035310127903
71389546,2032.3149093651646
26491098,1391.7593278358881
63364173,1189.7267103389636
74256814,1112.9505276827692
35509595,1887.5468825431838
18139863,1941.1701141139295
68577776,2002.6446363272412
29522715,1617.8998965833712
77706518,1885.5325477762824
14006179,1444.38514189308
92579248,1871.8370935698567
59229974,2089.478147949955
62295609,2347.4038726552744
84259414,1787.949956297189
47815936,1179.6998585274118
81563963,1134.5764947669884
13005852,1556.6961212454514
62738558,1785.874594274064
57070759,1120.0442318885048
99600292,1981.336097114977
94306787,1985.387819085298
95225104,2012.5999704201802
55330216,1557.0241628018168
36532262,1724.7220883889374
46565446,1707.7303321911525
49087723,1418.5305795447218
59534453,1490.110411770648
48055811,2531.3702491973254
88400730,1900.3621349053421
99040799,1326.8556821278903
54783545,2051.2907511098538
51521420,2410.6276482874537
62125112,876.0550660748933
41533842,1427.0647293461623
37548888,1622.1164178368085
15800993,1202.4614689442449
72777210,1682.354801278167
27213732,904.3159364532121
86541928,1427.3373834381766
24899277,2472.7249849026784
87153365,1370.6151153303383
29377093,1968.2671618658655
17126249,1767.0080822303014
83735200,1937.7661047449449
75294081,2127.0512682163426
50305812,1164.1261135793989
80598326,1431.687962994797
73085224,2196.4827673129857
36011967,1874.096985610248
27344122,1427.598784115378
65167661,2160.1274485800905
22697886,1322.723683339249
79772982,1287.0381049617458
75656583,1144.510208660699
28706133,1288.736180632491
94307664,1540.0352876370623
79181014,2208.7241768331905
64940514,1463.6268130707808
42076518,1524.35980523809
38290514,1246.8565118751078
12647465,1156.3598972077657
51615379,2117.84300090335
58583551,1859.2008581442312
89324282,2009.3967866904027
53391853,1573.1059220824147
22488467,2080.5649117083085
77912827,2249.975360380843
92699296,1828.8238236477025
98391080,1418.5371147659878
25085429,1220.1157436176184
58232338,1838.8398862250444
40856740,3387.447596189425
86463099,1507.9214321307409
30661871,1384.6165046189922
43294411,1631.1183827092468
95379944,1941.169031599546
10473693,1828.8990997768092
60542399,1850.5708535983267
52521598,1730.5139629332587
78214020,1232.596561812941
42119756,1046.9556620033693
74645008,1261.5149121769937
68736704,1597.3606925064046
13851365,2033.224856332034
10956933,1778.1473222335778
76588396,1532.0693624490082
48664414,2123.5831186771293
75409758,1574.3715827899175
60867152,1326.783963802376
49408128,2077.179071514898
32398201,1389.6984860702712
33820657,1278.7860584661717
99096183,1514.0405887263655
71729207,1528.0681684107435
13424233,3259.8364352909784
69313487,1310.2324525712784
51427900,1384.489389934372
20461232,1836.1418936857312
63893951,1236.74748207098
93871936,1226.0750969220796
63699477,1720.1128036904156
96362629,1523.7526907854387
53928117,1186.2042505203533
41164553,1162.298053813337
36908648,1754.363333110281
29666927,1909.7584124211592
11938394,2146.135586635821
52496134,1973.994226084157
32481667,1887.890871968756
61487441,1460.1396475313263
78992007,1375.8168078135666
52895411,1396.3558468625004
58726779,3314.3156884672735
20458217,2511.1525434260084
60265538,1756.4611858638755
48479448,1180.972041374656
72404425,2101.6548242151976
91400370,1010.8308365932296
56260955,1586.6487367955572
65491665,1734.7490301865785
11663385,1256.901599466727
18615500,1087.820913146002
87935522,1352.4281653069743
58889457,1874.0600571325397
19169471,1939.4591294822042
66133962,1890.8327581366675
66731452,2115.587996895103
39410896,1550.088598186075
54940054,1405.4158272808907
10662394,1365.775203157548
80972130,689.7746735264292
45235634,2132.4613222344187
32971413,985.1237095219366
79283360,1242.10514804333
67055260,1124.3174336260909
56118755,1661.9661232869992
29230461,1482.9079708328557
37178907,2151.595332180201
80400106,1594.1695072210255
67091284,1487.873185874179
54160936,1448.3686751315615
26849200,1718.653348720377
49585462,1245.6461277459161
29429374,1477.6932529605933
95616903,1620.2408759436587
40605040,1530.5319610967993
77364221,1305.9137839600546
63366619,2140.068312887174
82932107,1548.5223717414467
11504000,2002.3091779452443
66338948,1694.5266016709124
17704772,1732.7843706094616
70406271,1491.897410043474
78457345,1531.1459551034843
47160363,2284.809995965541
76792443,1182.6709709204524
76133904,2787.0993880918713
30534387,2379.747230489994
27949452,2383.6386172384073
98920505,1632.2107223712226
79101538,2332.5444502152905
41201623,2537.5278296389306
16952322,1590.3641900270386
97020909,1801.5376074030476
76043497,2088.2832736767514
34495964,895.7463770048201
68971691,1374.6882243785585
68553106,1494.407632575871
90311747,1476.2793183548206
89361909,1681.5159269622463
20406930,2467.1746376786487
38933836,1220.7473232271561
38377549,2632.6495091881898
23346090,2474.0293946548654
12625694,1275.3203873623943
57311677,869.2218549522062
53924641,2778.8565770929745
36865701,1392.1945641072177
22626294,1388.7939869599534
94697405,1698.3989353662457
89675917,1472.7625296363979
28055737,1558.1195149549096
17371555,971.6608518731502
31452123,2211.387898136476
39910354,1550.631548611493
16661684,1137.430860452409
11696365,1995.4441434928187
13890760,1562.4852224803483
23308655,1659.2910657781144
58265470,1668.7409417748743
23915393,1658.2705248426787
47202387,1678.5496466515256
63170132,1514.2322960972906
85663208,1883.5972610920564
11731667,1267.2880812916
96387342,1182.6083800387194
56912577,1393.1381631918473
96546739,1568.114495353226
56118135,2991.531818732513
65848480,1336.4787197209553
29524312,2070.3324232536543
61207733,1745.7103142598849
95068416,1529.7527423408367
93730714,2917.175953435688
58209441,1660.3376339082502
77468100,1261.4219559951125
94556768,1362.8128793547235
66214153,1232.276228643123
63178801,1277.7297168123396
47025809,1855.5164771257478
17223815,2504.4130969386615
26808769,1527.5950422510562
25114626,2729.6159985573404
33184251,1237.2321412521317
38562723,1859.3302065323176
19383477,1345.0422557885802
81390291,1620.455082774683
20998216,2907.0675933614066
95233875,2105.9594248419735
36756234,1516.0803501252296
80596646,1653.6795343581425
92304937,1613.5642487481432
37613954,1200.9263304236044
58590718,1782.3009332830136
53992915,1162.0853341362233
54005253,795.0098353132088
68781482,1342.4975821008838
70720914,1424.7766225707667
29283338,1250.7204552905048
71373910,1954.6655292429139
82737999,1096.9448316852888
38789318,1777.0154356059265
50526394,857.8169775045261
24047944,1535.9453969708152
56710540,1249.772779281161
18038779,1559.5541689335626
87817642,1778.6793915723601
54364617,2053.8020047898317
49277751,1319.1388936054318
50647092,1273.7286621629798
74938295,1403.5574004608943
94151619,1542.8609955682464
14146499,1039.8327901370446
44114070,1839.4370187314573
71013634,2007.0255219083856
92727921,1057.0905480782005
23408005,1780.4635712252484
55353418,1949.9134548750715
42627732,1077.490338384482
52380113,1851.5288507592406
76380932,2195.769727648634
85051446,976.8107238865774
13441812,1173.4993332546017
75634466,1885.9123569949302
77418032,1549.1420513009446
26069913,1997.2208353886238
56951161,1226.6893000126965
65568116,1499.8780989543682
61527594,1451.8239077112216
17428821,1576.3265817571255
23710142,672.917626733534
95218141,2521.836143577544
64929695,2206.6227113501927
16991389,2267.3692143241105
28240625,1328.7704587991902
27547150,2586.281118378656
66381811,2712.0438830993016
33749942,1364.3359552433758
35190059,1444.2254363512347
63026525,1155.6340805007187
52393671,1690.9553995015513
32813270,1787.9593489079098
49072955,1296.8971693131566
39300176,1714.3809568574136
46915044,1695.678461663542
59260240,1389.1288254345204
12697027,1263.9550387896888
52828733,1228.9568965767924
73335938,1460.3833162891071
55961268,902.5756213131002
13325471,1473.9933522068638
29398613,1214.5191190884732
27052291,1458.6607133100263
15955952,1593.7951092237815
23271818,1810.461253752592
99724134,1548.3338557937252
24071058,1381.364791703471
31560904,2122.0370091409613
65419988,1467.2085971173756
15085530,1193.182643754935
19942722,1908.0926200746776
13275930,1263.2212057603263
22982323,1955.457675706019
36522599,1704.1789951217243
82021909,1447.2174628816324
68645790,2896.9610200003544
54788650,1721.9413859061337
42678082,1951.492820241846
60925510,1248.9104813685847
88286089,1287.6446491516442
58263484,1674.257904489921
65619117,947.3735373428765
38104250,1695.7611816814606
13756583,1812.239662108947
60053914,1271.5485100476003
64871810,1706.3926855798427
58457956,1818.6913922249103
46159970,1578.4489270605975
68250229,2368.937790991259
47390028,1422.3789529275646
32969075,858.603974695525
53581810,1615.6055536551246
79530731,2022.460273007376
24487509,1836.799898946529
69933962,1449.0241029135034
65663302,1493.8432972326252
12423653,2023.7789905450134
58871872,2063.3070339776996
58171151,1511.7558362488028
30617224,999.3070141308962
69106909,1664.8989900297945
13212070,1414.1603743700125
68351771,941.4930106099877
87624917,2211.2496155068256
11970895,1854.6745768125422
44431758,1603.2015959562775
16633955,1302.5946308366374
42590404,2231.9979206782928
86953915,2056.5430743012093
15250738,1677.639114290559
44832140,889.0318194091353
73698594,1410.5829870461316
42128660,2014.6691844654972
79549553,945.2632849988526
71619272,1636.7989736680463
42016649,1112.884814999188
61877206,988.6852382960872
56572912,2952.195518443903
71598751,1225.5231230598963
34544077,2314.768010806093
28672236,1356.5211270030193
68689312,2664.2281094692644
20267244,1779.4612375590593
68781454,1316.3143565735584
27270801,2236.470330406486
37219515,1760.9043213721302
12011866,2346.163146066896
98392715,1291.6252991852616
87201351,977.8367039172977
14908777,1129.5446672794671
34723195,2010.018540414091
27339925,2325.619860203118
65420496,1489.0729511806915
40933008,1524.7197209667715
47440503,1151.61497633056
94970875,1212.263597879791
91029594,1850.209434107635
65336637,2373.3820624400605
82023374,2116.72852432503
11380763,1585.9429887448073
99699540,1299.1169799634292
52649545,1287.0348983276792
46299510,1508.9895391601003
71452565,1073.0357027149414
67641699,993.8388825959423
12714684,1482.424291886561
60016742,1123.8561099916506
53641525,1409.862322992942
43542290,2298.9957592805968
32126954,1667.4906057924543
38213318,1520.5726610644688
19971849,1519.6482414180766
69256669,1523.2753828324373
23756854,2258.3285018289225
62908704,1288.1860257715498
32399173,1663.4708357143054
39238887,2319.829884383382
94428578,2125.66262175694
52458139,1525.3125881188198
80574227,1282.4518111482216
90487261,1793.4071867009202
31852005,1185.186155918386
24086418,1131.2170913510013
82209864,1226.173929875015
29014855,1032.020768264132
56782601,2014.3245454997682
24702075,1364.4223244299003
74660449,3087.9027098440847
40117654,1387.0730880749002
60385260,2447.064767025411
35958980,1738.256637778157
69458629,1971.1514435723427
92886159,1453.838037068937
97734269,2590.974973655476
19053695,1813.952108048923
22371112,1939.4442536227386
49183639,1612.2665432764563
53526975,1411.4949540888567
26290335,2153.858815033931
13359830,1435.2040894542317
39340686,1543.56822773252
85521089,1992.1893917544526
26704193,1812.4166301463385
86626423,1842.212504769528
80675333,2061.210557872363
38369741,877.5586658505465
10428306,1740.6381337468538
18197840,1096.080306226245
78586780,1482.064107870133
40311310,1755.0468952904882
51507375,1425.1383236994213
10857110,1877.0494453539238
88736789,1627.3761499961247
10823128,1206.6519173095503
75933085,1702.7312913666474
87766438,2307.2172987564218
64406530,1380.3308348463095
33833037,1679.9947244012146
51715740,1392.444934204576
59611801,1762.2551093270956
74340374,1493.7722922643202
55507333,2139.794269055794
10416536,1789.3019203990418
43556040,1649.8504673915577
63137873,1964.7107717548945
70387789,1855.5845613279039
29408506,1122.1369890556748
38244388,1548.8985655478434
26541311,1072.4235624078276
21032019,2106.5303592218816
95710332,1751.3940084641192
80660421,1446.6200579698216
81086775,1740.678676484166
14692465,1607.6310264503652
35590067,1903.4246746960853
37534494,1059.4244149534206
46669694,1270.180659422751
68379291,1639.1273552815746
28943151,1558.9942475800683
85214973,1762.0394926015406
49160221,1123.5729671339607
57027484,2332.939893085546
79515834,1802.037787579416
48903593,1554.9499085016364
49944843,2121.5653974161805
15919205,1067.1416742020456
89043859,1181.0967890358518
22557888,1651.881641705644
45588391,1651.7493259710868
67323319,1384.9603327503028
67813677,2023.6665652815643
94570366,1851.0527321747447
99333664,1398.709516856954
62452475,1517.0803500803604
27164888,2100.263121225569
13777597,2746.291040986275
58863729,1264.9984768542588
75372835,1402.4377506367898
46531922,1397.729165274443
22638297,1514.9384502033404
43377425,1493.6096933588392
45061752,1580.1258082023232
87232001,1136.782742810982
99721166,1372.7399879574123
63930988,1555.6088723521302
67323116,1575.7493885862648
90199043,1021.2652648114943
16025812,3212.0268932321296
90192151,1706.2291949418611
85194090,2823.9479454868388
82716623,1916.0262920619875
70041588,1145.8896482345544
10909503,1426.2082152036398
38910820,1961.4674577090368
67605038,1766.6325871597253
22421268,2056.4985883685004
12483701,1543.509616675473
99756084,1717.1160167001308
72806047,1425.9836366385123
82569264,1601.7318740712376
85085562,2323.271730125348
51688242,1473.5007092544445
67031304,1552.9848225809963
67620733,1581.7146917833436
15399183,1480.2768124528288
83228475,1855.7751584237578
59551778,2272.307345492334
58024179,1303.14180566822
67130514,2522.9326813654725
36292117,3420.375899865735
40708056,1997.1140566892232
16154757,1745.8976704396875
56077131,2101.3483663996612
24589481,2030.4850395477445
73507348,1114.049651208295
98283340,1966.1764247745925
78682956,1738.8439266053465
48031966,2104.0768666146396
54069937,1286.9159660719226
12509398,2233.644857155771
55254106,1345.4378681753958
99797445,1769.6208788929332
46298966,1898.226994025287
97439691,2588.2365781897615
77392495,1006.4477369670042
20307174,2022.4558131642511
99295729,1470.3987135908596
13479279,1878.6698900617603
57906842,1517.5589279701846
11957267,921.0866173857364
46011088,1372.996518454207
40051988,1831.4101237638154
76565808,2103.5397860057265
38007540,2036.5168713498856
79111798,1241.1993789430114
44170417,1159.468307314882
81747003,1509.0514220917225
10689207,1500.924652389
68762949,1254.8910127975826
41533253,2189.931073495083
72624609,1113.7594971422307
95729378,1402.451870656219
63404247,1892.155027136458
66851416,1548.1438646819342
52878792,1327.5406897228684
69816189,895.3287644205217
93215948,1304.104196942269
82196067,1766.760211653581
65951347,1319.654699174032
28150709,1429.3988785426434
26445964,1167.3931942461406
59886188,1364.745056336051
47858132,1231.512260881985
10617528,1462.1504193031374
26555436,2571.9486655735836
75176293,4735.102455964546
15592659,1550.4679194210162
17002563,1974.2009009870633
65418918,1573.771377632435
50328250,1605.7451035234656
29587649,1431.9205921828911
58771361,2465.748732474337
11138502,1379.9464445263125
87806628,1626.11702285306
92541302,1390.41895037214
20045193,1376.2721961227678
53943287,1361.3313773493958
72973012,1785.2286196872517
98243897,1599.9056871392845
50425980,1126.1433196740916
53891279,1797.0290614834305
12653293,1320.6352785214917
79516817,1599.766506980853
57736550,2103.484043121959
68504332,1111.7560536701676
51418176,1918.2586957973317
52844688,1613.7131399523641
14924228,1463.079311477915
17385055,1741.9623753770225
48584675,1862.7513827772032
84113591,2102.1453571264383
24176804,2045.2464818810984
42578288,943.0881984688472
22976178,1938.3466329972664
59427067,2293.484177829231
62214101,1565.2407614888511
31095835,2301.941675280219
61084952,2003.73701798226
24538640,1343.6503404989483
17397516,2005.178129080877
53588939,1117.0873763451984
64801503,1297.1915350347047
22306102,1462.280696555781
73464976,1519.3832629141466
25265317,1060.0648053493335
67321055,1814.4510869018038
52652991,1376.0050222726873
77364707,3844.994744396575
28941979,1173.4066850724223
74248679,1397.5559469847105
67415672,1051.2709428675164
80048641,1806.130716070677
42348096,1679.8604871244115
76460518,1126.1944936800564
34956566,1689.7277782694387
77002192,1652.7184345548678
88577445,762.8223759745705
38297974,1128.6638941201713
97975641,2084.6911829199335
15692698,1701.490792205151
83507949,1531.5337580238142
91740530,1601.9834792331906
37895673,1316.5632567703403
19139820,1908.242494509195
89742287,1149.856705295372
63175133,1803.4584055360945
52867973,1695.2295949693266
16690451,1265.9055308542381
37055011,1717.4608831524374
17248647,1495.3648019411185
17328412,2093.8837863784083
63923102,1625.954482990867
34421040,1610.798623315687
99940233,1788.814382584525
45814646,1643.9245810215937
58613984,1237.9034551675443
31285738,1303.7708892881788
35071743,1574.598744867162
52223959,1556.3162988024937
61904367,1210.6951520741916
31525138,1539.3010365909663
73171290,1305.7797601553364
44582195,1414.4975034776048
90109527,1419.8243138409184
26952082,1337.883099712737
53620380,1324.7421418770252
94287883,1154.7732920366889
77186365,1686.2120598564281
33864808,1601.8228723932662
70959138,1916.348043261735
52099246,2163.0005905836915
22249291,2048.169210138901
48803280,1324.2921822882543
89982531,2092.919205060927
64289923,1235.4125280593817
22000557,1423.0590193930602
26219747,1218.3453440059104
31130738,2269.4509448275176
32445244,1195.036881627399
75236281,3228.5344293971684
13587715,1330.9295668655914
52514750,1262.9698170805013
90786271,1859.3639877095063
15005065,2362.068177605941
20097518,1165.1439028431234
50625868,2037.0652745036498
84412981,1595.0804235116382
92773944,1976.6215843566522
25312123,957.606379916724
70396417,1851.1998790429645
54865863,2545.3064483918415
35803808,815.826928642954
59597265,842.7610815785383
93311848,2374.9537428274125
32340446,1749.879570576733
96794801,1506.589780439077
40380864,1414.745614125384
82007689,1778.4321519143039
84851707,2338.7003915204095
83174692,1896.1624516708978
59083400,1881.6936645451322
17580169,1240.3553791450017
18219500,1377.386434363226
87811781,1771.5608942786357
14088369,1083.8049912948732
67659430,2250.921260851015
42456496,2241.4403260349727
87353322,1626.0626708062962
13917344,1121.0755933287603
19886405,1494.9811129890206
77800166,2255.460589066146
77068569,1812.654904520841
88362858,1555.1380863687418
71241476,2538.0858677007955
24814654,1312.9313157871513
46691706,2693.8809502732183
79162545,2139.093116957325
42908985,1776.4805887141822
74936566,936.2203296815811
19620916,1936.363932018629
54347722,1500.837072474003
90271799,1531.2593980489175
25414359,1357.4035187792228
35809369,2701.897284826083
57731323,2366.7662522004566
37887687,2263.4009895456356
76623206,1504.5069754883032
69954876,2390.0165942785334
78180146,1888.071225206571
90681578,1523.3193860095398
41794614,1473.4281737791478
83295852,1831.3778172567256
31156145,2571.2614913560737
62711916,2237.566073898808
74676618,1544.928753272076
43248708,1822.7219232972525
69180825,1549.0650102356199
75624999,841.3127193256765
37667208,1203.3121918519473
77810578,1450.2990191867357
47115768,1761.4172517838508
81589304,1393.9963585442292
74472711,1481.8845063321612
82711188,2102.5102238093277
55272778,1933.154755967596
98229885,1257.2709296392654
70058028,1919.6282554169857
90729377,1807.656252495186
13401279,1218.2043378785777
85519612,2493.0557138960057
17006769,1621.3235121842683
99888523,1379.3026368865594
22354297,2416.401885885324
43508583,1979.6261939897931
96795828,1465.230468249675
96608998,1987.2472668499222
67452091,1424.5251718207664
40571985,1629.3247178828435
15232782,1578.0415825623563
86789043,919.6830447432087
14046478,1737.0971704816686
45515801,1391.381119291393
26318506,1704.5964505868162
34584473,1264.7289460275583
15369631,1951.8791722747683
26479383,1259.8464616543183
81346470,1033.4961481396
83197984,2058.7208689856297
70331904,1103.374104438196
78907246,1766.4104198983093
42709019,1830.20292196561
97184353,873.5482208092175
35589537,872.7029555488531
83942112,1379.0327929832615
58293013,2228.1157311383704
78567689,828.6526860437776
88610012,1900.653175187421
68628621,1793.7537541940526
51584806,1152.2417023942285
29419986,1267.6968930409357
21476578,2049.4386898876364
77370060,1567.2548623913724
33607448,2590.1378416347543
47890072,1432.7246187076125
11234362,1231.2710652329185
70681971,1044.3741536838056
45196219,2042.4676517236624
58136807,1546.8311112490699
21383428,1954.0364719521976
38088367,1639.6188689885212
57071133,1412.2602215876386
83834449,1757.2892486013554
72194210,1277.2039742883328
14582584,1433.8343236233711
16017322,1521.5916684193307
18598541,1256.5739670547591
82812670,1450.7683423583237
53563234,2829.3862930825435
63779141,1709.458427930511
70854456,1764.2515741964653
83535660,903.5707380312746
51099419,906.3337430191003
30503407,1398.9010130647769
90802363,1256.1738312737684
84057874,1250.0485528165723
93637941,1378.5176998479694
33888588,1252.8908768922718
78183407,1581.5830737002386
88497510,1693.255322879882
88829918,1576.835442271209
72639649,1706.1819721317875
15627595,1804.025512520836
68832460,2700.483453281383
31734310,1050.1907370527397
69212161,1900.0509060580202
62980146,1311.7735707403772
69972227,1808.336913616708
53162285,1063.083033716513
10963473,1752.99413178484
65276908,1255.0402424890165
72611634,1477.2406482123604
81292347,1587.3830497881058
34705944,1296.0788697682783
54322977,1436.980577139765
27155431,1333.6349250689568
61373056,1556.7572961113674
64530093,1992.3454741229955
44187538,2593.1670825673245
29110806,1189.5005283363057
34026881,1580.4099594941592
67734035,1693.146753783447
90355788,1996.2795299038
76930932,1374.5841258388984
31194080,1399.5484315254441
26948420,1485.1151580318713
60117998,1430.258224702771
23540580,1866.689175331579
29255361,1700.1866194103843
47322059,1372.8024869134263
50570727,1740.3417614904397
71874386,1175.9035136990644
27325447,1211.9185982982808
92986477,2464.8029383605035
27856293,1626.0939436227056
55159001,1561.9017904190828
88660196,1714.358084031823
82148252,2291.9756433399452
15421314,1763.3141969160167
27620141,1434.8622817550633
12348320,2873.4509746909735
84344897,2280.0385301668957
10950855,1783.4675575370334
44290434,1588.8881776372232
84843689,1394.8069999174263
85814690,1195.6913522328455
60406086,1026.8593290602091
35395832,1858.3078246922494
54621645,1489.1760962866797
29154162,1590.4196688420866
40230589,1033.6797973214357
46902130,2368.868480515611
70579622,1866.7425045101847
86272378,1453.810923997009
12294631,1730.5709809012908
29412564,1284.87632219683
88089176,2209.805204166385
91193188,1492.258437824954
36523137,1336.7332226841374
54050884,1822.8865136876072
19187985,1004.8345070790897
91884750,427.6999564174366
77985469,1079.069402247055
19362736,1318.8234965575682
37641826,1243.987399962478
17997673,1576.6493461904745
12296621,1436.0598489108231
94210085,1440.5115509963177
84475360,1684.8095261328997
44450631,2545.554168217888
96917819,1757.1859733866115
76581579,1592.2265868049421
16376842,1030.3131678987372
20378565,1862.89511516866
67149501,1291.0551284442197
74149592,1570.01466201264
55437574,1166.4680220756209
86258875,1194.3901435093758
25154125,1571.3464711212173
64289878,1302.265128434707
59484061,3592.10146627191
39600891,2001.468664852466
40907835,1260.8720201591348
47183606,1408.2958413582207
71132260,2235.9176319027456
19424487,1964.8768741102238
35720925,1496.5701268167459
74210516,2507.160463375524
53089641,1651.4386716788179
27778699,2427.9208935902743
73489375,2854.374494222351
46042524,1076.5015363115083
59554727,1698.6324731710476
31273971,1592.902154052448
31543147,1130.2903917053816
74490349,1488.1302106043947
65190591,1074.995273843909
21122660,1651.0571381619254
54597323,1959.7189719033445
77569150,1230.6718485302104
68093533,1366.9499184717465
87099884,1001.4532581926193
64825958,1061.3103922360624
27545112,1482.5072169544976
87791632,1458.2239759553677
93384265,1992.1860350306513
64047299,1079.2579527161918
23357980,1442.8207563450112
88585802,1527.2225618733742
26754357,1933.371202005114
99964380,2524.1688181799245
63611208,993.0050971953044
10618556,1108.886800579936
12155276,1460.3848208880097
56528554,1611.1354984274028
72203638,2381.879365741828
48174886,1915.5180520874967
25749233,1926.1651139556484
11912269,1275.640451605471
14181748,2169.686248992107
77013810,1827.3522353332346
59885886,1494.4823725095332
92982194,2393.5925036264152
88065861,1634.9293425436088
14857189,1795.5527662925658
60358916,2042.1392334343607
72265262,1542.383005458063
20471623,1654.226709078754
88951362,1402.802976885966
22364003,1701.3538378047797
85137999,1816.0962686939838
84176549,1774.802908505803
25849299,1379.459228073325
21233903,1629.4759996088533
95963515,1527.8192714626218
47630408,1689.27670791573
38763223,1253.656285545459
34812513,2134.693476344515
77372953,1116.1640554333974
74724495,1846.0226618679376
34162435,1809.7011155022558
60046268,3122.2438710304978
19475755,1460.2085045921247
89620481,1199.5821565872475
26981207,2285.866390344773
13918048,1309.1921240214483
36590125,1483.7335299821027
78119113,1016.2045306810016
43245514,1663.2525655174568
88082339,951.4502275329479
62738760,1451.6309732019897
55254407,2776.5133060691214
85112378,1512.892214120572
40490983,1179.575903609183
44048989,1579.2463199040358
15551565,1577.3174004220411
27681538,1330.9630087231537
98232104,1249.2732379488011
14018289,1452.6528293639783
82522150,2644.4397836677117
65483357,1155.9074757623428
94158408,1658.002476848559
50266167,1853.9564586768515
28805175,1973.9686415187796
93929668,1088.4913352929539
15540290,1609.9939893956457
98661090,1559.5741348976485
50074109,1636.5461908551233
85017115,1492.786826342999
99914220,2217.48437206793
76334714,1533.8854143302485
38140938,1581.984022244188
93933852,1149.5707262072362
13190892,1628.1414484034417
67747085,4434.09835546067
96389355,1827.0106886249414
42380180,1264.8298984771282
55522772,1548.33124088194
18839853,1578.0394149033189
93030803,1637.115489745992
19574384,1556.22265948681
17501488,1463.102540709241
92757638,1105.176207070565
47546392,1665.1682034386424
56569095,1883.7922489584473
34392418,1752.8656833201653
49367171,1814.8514240348914
37669142,1409.0430938520162
33580264,2110.136398308832
52617381,1520.3605345740025
13011861,1515.6535684405455
97498208,2153.190472503039
53388262,1598.2271785426983
63018369,1636.1400162357245
59266953,2284.2912236613456
33256210,1526.6176269190223
26585585,1475.8923529936205
43342989,5146.820118859464
81962175,2451.9095314924534
54752385,1543.9070138725604
12906623,1097.4291930928594
12144505,2385.649436468674
47329191,1443.4226179155191
35302686,1571.0584531859793
29541158,1493.1045037897618
80447228,1503.928903805797
56399590,1668.9040108168688
44327442,1552.347839569135
65756284,2438.0301708066754
13967851,2466.2701214108265
33766889,2415.7887167003146
70886578,1370.6196611936773
85448456,1602.5997717162131
24208719,1458.1728188786792
72059158,1997.3062631073649
30666083,1454.578698758859
45090209,2179.68679632763
79520644,1986.2301868834998
41015799,1667.9751604430164
22610356,1037.954655283675
46940244,1184.5741717354479
21443863,1205.089448453818
63769088,2245.1865217365166
32298027,1391.6029597491415
26046152,2064.2278929229606
60326272,1311.3873041530521
24693880,1706.21495304834
18317166,1919.2617461665814
64265688,2296.906855537348
27910854,1217.0290433489647
56810750,2302.6959690433687
97007881,1311.171999624745
90317702,2740.886731569005
81231529,1578.3203277582368
85899649,1527.4810163045988
92087175,1341.7493252318798
24070483,1584.4928644477209
87629146,1084.4204868835993
11101794,1438.4557442132464
67889079,1590.6078942237216
25576186,1610.1504598243273
67657245,1799.7865854954011
74992266,1527.8842612884814
83091668,1470.323164288445
41547362,1303.7023424065997
75141878,3010.3084964926
11562295,1011.2955696281826
23748006,1534.416661910417
89825179,1367.4528440002284
46505766,2770.1174619008634
36098274,2096.144387495363
61326956,2045.555444821264
69020339,1442.3697115196833
35844282,902.3846041656162
86014291,1790.1258818806725
72500654,1395.847520110228
11567986,814.8653709034504
95910506,1040.2404541972012
73565600,1837.8448936601374
83729347,3508.426253495777
39689433,1191.799499645414
26513864,1211.9832842970648
20449852,1443.877121819437
10382065,1643.2837434611063
61096786,1174.8316278143907
40823824,1582.3659017465227
95687753,1114.9603795690625
88043962,1992.007260285313
43192291,1721.3453226683034
18631499,1565.988264492558
27194752,2473.5985288364373
48023684,2683.017947408025
76180232,2074.6067273724893
99345059,1577.8609071428928
46554999,1410.1275457284742
57537267,1345.0853593386544
72087202,1357.3388076920764
60008708,1351.9158049911389
13534295,1376.2299461990845
90971189,1853.4322496321763
55662480,949.0628795178746
81189360,1488.2252065570726
49401774,1736.2225344317744
12131946,1697.1866279638714
78732926,1893.6383699634343
38392538,2237.8949923341524
64273801,1538.112720821351
62858255,2637.550966434884
13288053,1644.1921849106595
80940080,998.4368496137736
73197703,2271.0516999427873
88918806,1600.0036833804295
45088467,2181.1241524646184
42105313,2118.3366930040884
51515302,1512.393571050574
85071892,1294.125821441283
23401512,1278.830473004238
70514922,1329.5856844516493
53367560,1699.9897899323191
30799466,1194.9763768388975
87442307,1495.850996581559
84081332,1692.5304083730505
87505658,1051.84219330143
10151086,1983.8928855020038
19254776,2292.5539878465706
38019521,1309.1129670118366
40151098,1849.7156553998052
75965212,2267.2821068002795
38667600,1246.2416269448813
55646285,1470.560592129014
35548301,1320.4504439838288
18737005,2355.0252782670077
76771390,1649.0232063905012
23778594,2693.59432348834
63739797,1272.1165176968357
40559434,1904.8459097600507
15970404,1389.9250000131271
41963393,1572.8768911059417
36850376,1691.4379000527142
30703622,1209.6530352495893
53681130,1593.1739047672681
52524172,2854.435525680322
78986568,1741.3160640146814
60868659,1727.11711089511
55970571,1343.8742885766394
69603000,1229.4450209539614
24475423,1121.303435281454
30105284,1217.5317218150474
42638975,2644.7226229331327
54205765,2297.350942674165
77026950,2207.5888866728774
55738198,3313.727963799035
49309757,1692.5387515320374
52256145,1767.1280925844785
14972722,1452.0004660863854
47613103,903.3940139098427
31244414,1811.7263987640993
67669646,1789.477900591893
85221335,1576.911117643537
29598209,1474.0163796107145
64960038,1624.4734958308993
36072721,2050.9147408250838
48855526,2159.7756468263924
40290168,1433.4336105753955
84094689,1834.9765001352762
64780070,1446.1606214661379
62238032,1434.8810194113469
44102009,1916.6945782308803
13443938,1467.149970631778
27288438,1218.7009823245958
26505769,2074.087036304195
62425735,1890.97224109378
41742405,1864.432458699862
35508108,1490.3544909309699
67267851,1555.7444162066324
65786198,2164.627550283112
69652252,1506.7077106288234
78338794,1894.90142995374
98205508,2931.672121650862
90079134,1842.9745316435315
89240929,2384.957720077944
59365630,1248.7609780005344
16423455,1570.6511261446879
30410578,1401.904539911727
41943183,1940.0546213623295
17181615,1352.5574738426315
31537031,1629.6261600795096
55634963,1396.5253540516997
14790401,1711.1655040425228
49470022,1378.278297455641
68137744,1930.8722885017223
10800640,1311.3864996078619
82878129,1374.9267131493818
98099360,1858.0531316605218
36414556,1893.515256296769
74858657,1108.77684077155
41406039,1407.5339565617603
67297495,1282.000351701379
98019387,1768.1225573910458
17133275,1463.0264786044954
44434588,1185.7485407946315
23385843,1703.9928513824548
51805988,1624.9886225182424
65443150,1739.1747430106777
77624321,1426.8361359719947
80056192,1485.030337521034
92008819,1554.68349702616
78973038,1005.7142852743727
36356168,1653.8236904581604
23051465,1395.5483640742502
18225590,1645.7588576641485
30705007,1513.0891380135745
51916309,1523.1022524797895
49014177,2056.3275670324692
46939883,1564.3664620128118
27552020,1347.091447760187
76064439,1145.4269420628414
42732794,1872.2079081427667
78185687,1029.1918980323958
37150067,1375.7146014707419
60216204,1423.3900001976624
67861895,1903.3299419903294
82668831,1188.7368095870895
26865256,1369.6013226709508
20296005,1588.2142949472748
91164112,1508.8020561375681
48751412,1595.1509532370446
92672083,1858.3927581326495
66451503,2097.5644399762177
79223008,1402.4602298861041
86295795,1325.7339982213696
12188395,1178.2268742672354
33148873,1200.4763968425352
18236078,1747.1514779072493
53763750,1229.2469412918679
90278346,1680.4569540259092
23921552,1476.1267672535823
60806947,2515.7184234904707
87988487,1178.4609844573429
33594333,1394.818868327871
51767697,1578.122527962821
76176593,1682.1539710487932
20106678,1827.794360971499
89323122,1245.66125934006
15084276,1837.4198542072077
46737280,1982.690552337559
27725859,1212.9345226291243
47502584,1547.8234358675804
89375361,2328.6236710263347
54279167,1607.1754928739972
62834953,1155.82627155215
51358955,1623.8005808197436
43105700,1501.0057119789396
71610282,1315.5081038965593
79952909,1930.7108758884308
86913278,1267.0231228580997
72344233,1945.7789655366478
41143291,1195.3937168456207
47312733,1496.401092546017
73376655,1565.0167033589855
44219943,1088.7222929560835
18665144,1415.640694493129
38016360,1748.7494674635848
50277432,1492.1383261203339
14668690,1275.242340314537
44041678,1785.4913257732194
68597599,956.6874027487993
55600173,1732.9622821018718
78109218,2664.52894104566
43432402,1986.2157406752317
57793276,1757.1289853574547
82143513,1734.9489098984614
13373907,2605.35279403156
78336625,2381.914257818211
51821030,1907.8880125164228
57620512,1039.516911286697
94840760,1509.818902346397
71866671,1704.9842469862733
12967437,2936.19452709055
94620585,1452.7854571913751
45148967,2160.742461390515
28096166,1359.689127619557
76948857,1529.4312845426434
44584760,1217.344798457764
36577484,1992.2126212646567
63103602,2761.782960052161
15647671,1816.6008600221878
86020607,1947.8251458881502
80235014,1455.7828223339293
40496834,1170.3673481916258
98549441,1738.1472903491817
71915619,1762.2729360472051
27813348,1879.4427166278028
48090735,1578.0801071727328
91818207,1921.8054811904442
12597429,1330.394994316157
99318296,2265.9117441533417
38085169,2512.342384221899
38823071,1990.2368879268386
61630311,1913.3195548491112
78195551,1900.0580503146025
88131419,1418.0437298736997
18300026,1439.4404338395718
99585455,1993.5340687640762
51530595,2021.4080201948134
94166971,1399.7094160268323
13633057,3541.447878846384
68298368,1259.6994568388384
69215865,1821.5833375366756
30064972,2125.5918646239897
96997224,1614.240872269054
45138943,1170.4246320962447
21749235,2206.206135134167
62856234,3326.594581664165
23982292,1033.1083111768505
17686144,2251.619250551503
57256437,1920.096325804682
85469927,1494.473405214319
14451732,2211.11950278481
85268432,1483.9154418537037
64602955,1279.4275560811652
74101500,703.2977513315134
80083521,1438.4484650967197
11433359,2408.6279600755915
99198713,1242.098471321319
12281135,1325.9284592890153
60094475,1472.6037380306689
18817746,1378.8028939950377
80803307,1957.7001914838727
50415370,1415.336298454819
65098425,1660.956495176436
52785060,1311.6268861455999
76797423,1477.9546590220486
57752962,2277.1968233834314
30340212,1569.5066010372436
17309152,2516.0815811787916
29046975,1815.290403833687
58339630,1704.6416204039206
38269849,1042.0283745595355
65498444,1453.7881658447834
56278811,967.2619902242756
65904109,1196.1487316928572
34436387,2077.6387548513003
83162633,1651.2783332603576
41922575,1358.949248860533
67606284,1426.2478569282916
74148614,1446.0130694254374
31898202,1536.7686881729874
12816787,1885.182540562659
73390625,4648.128533099652
44602780,1642.8246922526037
59497966,2310.6327340376665
33304284,1539.5410996831563
70931726,1503.6370790981387
44381487,1352.920547509558
55483533,1611.7409569345618
41096987,3075.002773857762
60844342,2725.780166751296
46382270,1149.36919005955
41975761,1411.9194273182711
20086347,1214.4600333507033
82572177,1656.1825303944863
27871083,1121.8887318857994
47060550,1681.3839966483697
44062914,2097.322532076888
29352791,2658.854751859789
42368060,1417.7443672369327
83186065,1691.1427543348727
86750602,1873.4396222943983
18043718,1231.6688400451542
85319365,1399.0410950220814
93521329,1309.8587900770085
68774400,1696.733214926935
27686846,1603.906754167908
73144512,2459.3949332609754
47707941,1417.978032985047
91947483,1451.1113314003405
54467473,1826.883422969544
25827075,1406.0427068195327
99472188,1582.889829611079
29814538,1882.8596114527948
98588385,1318.2432056960715
15032563,2340.6952379127797
73738020,1974.5350092288236
11480212,2487.781941191236
75221745,1604.8569743377323
19968090,1600.4317369171724
70404205,1386.6945523830143
68659791,1727.6151089280434
33092757,1015.249510052203
78193594,1979.6658445021271
98198145,2358.0926275126076
99767011,1704.7263986966377
56688046,1570.7645982150248
66475382,1177.1970774995375
75692782,1923.4077806235002
26808729,1587.048639348072
32171695,1517.718755528821
88456703,1510.632991485946
20999557,1496.0902393834112
28934979,1371.0766040282006
37107836,1513.2801780233272
50278467,1501.0004662372173
61940174,1411.1356607300575
17559774,1551.420812292111
21430086,1924.8119116433984
10776426,1379.7185737848868
98097088,1719.79541320468
43113087,1296.1734425964448
12862019,2467.8325840750113
44592366,1200.177245227356
96886172,1500.1772677428642
96480201,1082.2730840556624
85983502,1533.3159675677898
23038927,1063.6454962841674
53573032,1872.2710454476723
34553934,1510.281727997855
51249487,1569.052936603763
85349173,1537.041031322618
40895869,1223.839104503921
99256510,2145.6520670838154
76469230,1283.9355553559496
18165718,1974.244264764298
96264289,1450.7913585632443
20452221,2254.8834546264598
15739031,1310.4959384113363
75157790,1579.7354824403687
28901434,2385.912028963736
98941473,1410.5439080099486
84489512,1259.6508105604228
11168890,2028.7968197580067
45041073,2007.4091063308272
85582491,1503.6891550522473
14863106,1582.7561547588452
53607444,1301.322024746129
39640829,986.6269220776153
83896205,1309.4318771693736
66887097,2098.9341146145844
54562627,2224.1922905329557
60923346,1826.307825236368
85626709,1341.3448655528955
11687354,1286.5572360443186
99055900,1289.6818379370898
94176139,1997.3164454864564
65142810,1314.489446984479
21025866,1485.0227173356507
86231352,1563.6621736583957
94223565,881.008800288492
53094412,1711.1121350743424
16579300,1811.3927573095211
68788821,1575.376997956315
22347006,1352.3382337660785
89447420,1656.7752134126545
92132840,1706.9229212514674
61120099,1482.8422632372738
66390529,1752.2370305985985
36752526,1824.3422278672685
28673093,2533.582410281173
60187719,1344.4266219818032
47937195,1066.1686954904146
18528428,1760.8257011523058
72855294,2211.13971843545
77314174,1238.3114458355105
74208091,1408.1345249528554
25265856,1154.8765869891386
43541187,1919.9942830187324
22027673,3930.5845232032552
39533389,1488.6981734497324
28548263,1658.7181797945004
78891989,1497.9618452056225
68562696,1721.0129909823008
45297826,1905.7146241999828
14532340,1670.6584350181035
42487332,1206.3615239149149
79497837,1045.8969001360826
48787566,1520.8774980427247
43024895,1266.4148106345676
54043001,3254.381478296692
18517095,1105.9664201486378
42190640,1617.4629159898893
81702926,1691.2135183046794
20584669,1276.71810694916
48104361,1341.1853160384098
95781341,1964.6547217954405
42595500,1344.2934064254196
34081689,1361.4450216167363
18465181,1560.8319622082076
87028165,1171.97703146757
25157413,1547.0926835785558
33500861,1655.222959909055
22501784,1880.3296682320115
90954690,1543.1775565998246
12079890,1179.4889299702568
24560931,1509.194912510379
57180097,1661.7599268100216
53805689,1210.3726642328156
54653374,2130.7478765310298
79714919,1638.9625272529013
52629831,1112.229723510522
30315883,2112.9944154409386
55900800,1577.0792143038022
62528560,2695.498638937127
17439043,1999.6367823880262
64302335,2279.480085724711
53498595,1469.4694230225728
92248005,3251.1651528439897
65132848,2000.4507657140414
54712644,775.5738577370017
26501578,1157.4295988679967
57973578,1670.704046889954
64849387,2149.0329175817196
38331875,2199.472751552248
84564845,1349.5860635898991
34335614,1588.2763510588866
18851658,963.3920721588765
10997678,1313.6249850263223
40768250,1263.6926184399338
47646719,1328.9373745247337
92937467,2058.7129208395954
61661397,1711.3016806741919
48317061,1261.2062304815045
97216589,1580.734660257682
39977323,1461.497202591807
46445975,721.4789395177298
94283551,2114.430636902729
49677766,1370.068427679984
85991335,2092.761779809468
23059563,1735.057910288028
98641777,1476.9718843985
62115510,1102.731932783254
63322573,2129.952538846599
88463974,1582.2484142374472
29063398,2270.0883868584624
94756964,1586.2348708941074
84286445,1373.2061081979562
86644899,1532.0673158515035
58366829,3143.1292521036976
87935193,1927.0498872169924
65710078,1194.051479491739
55211028,1052.0458012087909
20090342,2237.018962374981
17885846,1713.110449694596
87917108,1497.8021171525704
35243872,2191.9687581589524
78681572,1509.4157931243724
36496663,2630.383493683845
88567292,2629.639600727708
90883683,1620.337372547501
77163639,1795.7745451978935
70680981,1678.422476763636
72230973,1411.99316943904
13786940,1707.597213762429
56650323,2157.317265398622
67337097,2093.078064702524
65297160,1313.3602259208064
23393351,1055.8937464378794
43711949,1944.9945902520685
45998905,1766.7336701483002
94413146,2187.4804555565643
30684529,1483.8104613184967
28147355,1635.7289206509583
14737001,1572.0423695785018
55758535,2663.92262065483
95914131,1707.1719871474202
95400320,1308.6553100051476
29157079,1458.7933204231629
34838551,1223.2649717235922
79573538,1961.122428367029
53853858,1306.8911673981497
46958037,1983.9532431380226
40355076,1347.6822390309821
79162800,2061.0703927767227
61449541,1655.6665193723113
68870249,998.9850339380414
13256146,2007.1712094897248
23687793,1001.4478117816825
49330994,1866.2445543305478
47955268,1699.9132759845527
24572229,1079.2058360720202
85493065,1525.2530969484053
95994562,925.5864140831827
86822089,1357.2520098610082
38878729,1260.949877158298
83459912,2939.6004716115012
40295244,1460.7982874054326
95702507,1949.0377874120568
97865744,2187.3912581469685
81724417,1399.0372456414107
22296895,1436.505465850022
25100739,1577.0060297797972
11994578,1328.5014682290325
43823713,1622.7041548539605
57595389,2672.3020662359404
37162594,1752.4231128144033
51432674,2361.2373807489785
96977947,1929.5695591926046
69353041,1433.996958390399
97471377,1003.8436117147007
78888703,1232.8493240811918
58472902,2482.3106087645638
77647159,2209.0115859464995
63649430,1498.619746367493
11295973,1573.7650517477384
11886952,2300.8787238701225
31115337,2163.0622626441536
53945582,1553.297335859839
73391100,1391.2395527830172
16170017,1247.2171255274598
96391937,1428.9460611434254
49663888,1516.8142394338265
37966282,2104.8159398215184
91789209,1496.7549396478578
47228126,1473.220390361974
26588476,926.8447994470007
87591569,1567.5992437584569
15315145,1727.3729842523085
70198893,2181.695784624807
61666968,1909.652937892025
22175686,994.8402228350354
63396595,2177.722847223278
18727617,1795.230621174656
19777468,1333.8636019997375
30527873,1347.0954272983527
95114158,1144.290748912335
41739701,1363.4887773875953
11369670,1180.3130862024677
74973026,1392.2763595682172
73622781,1718.7200256658532
52281834,1300.9787207580032
16897176,1787.9539235641946
63339672,1972.344946943245
94319057,1881.787963069784
89357552,2168.050367976215
24886317,1443.2918587761512
59666869,1303.4328111915368
72430983,1690.2237442219391
85345596,1488.2717556476343
24218852,1371.8791405990783
82044920,1790.0934045137506
28204462,1378.6010795524192
25544623,1786.7232881178168
98645538,1785.230274286401
35786181,1326.2845103295292
56759514,1459.8182400699582
94979414,1393.5049508911727
52508190,2157.0290082378424
49317061,1765.7214125916125
76293520,1664.5312545657066
67067662,1778.3404099951163
11847526,1749.7803493884796
14139283,846.0811906693336
35602964,1803.1030391324975
61092334,2404.319667169879
69270579,984.0102339881804
47517321,1853.9483441937623
10542988,1549.3687331831507
66912082,3073.775205890407
42445139,2003.665185973741
73053729,1275.791568196005
96699423,1253.238516531946
18843679,1906.2087961418918
86433075,1531.776351679955
26883104,1337.0760780363435
19601132,2140.62789737187
37017650,1381.039651412137
83138933,1537.7906200128841
73247661,1556.567866930698
59307450,1873.864269058356
31131827,1374.4968281757563
69966233,1732.4268885648994
40243877,2404.3164831951563
41951589,1644.878592523441
36031262,1735.1397920655304
42623413,1902.2114775228513
67891203,1978.5992884168284
51970188,1718.2029008163406
24213498,1435.9368389103086
96242069,1967.9241349520894
41943430,1703.9856282952137
89189267,1179.5457931838932
19898345,1029.726704121067
60572858,1414.9112913657787
34988552,2506.4736660112767
91110384,1566.013716111469
75957507,2063.9305208720543
64422949,1401.547009059647
93823627,913.0873203190654
93745711,2065.1281906302975
17782008,1182.6333353867897
40016743,824.9902180046747
78676337,1900.6161490508964
96591242,1628.1071570121699
83545822,1311.2907673337393
89501773,1034.610583902557
19293886,1601.5856635823804
58534753,1608.2198672064644
56198063,1452.508761149699
60777659,1743.4985889173468
65431978,1268.9487172653862
94604898,1680.7395361409856
76197738,2227.8562775416895
81980523,1744.6480523279174
41676275,1407.6990313341869
36497965,1664.2360270658978
23177824,1974.0065863524187
85192608,1167.9647574506998
30289672,1672.5824999424024
98138275,2347.010125011896
57817320,1115.324255324715
42234307,1538.3036172012594
35893634,1170.7994924712925
18195993,2135.081600689069
98403244,3286.2319033778704
63004294,1416.9549982961162
54567579,1886.5261061135413
91568379,2627.4897398409466
82476880,1277.8467217311247
55652262,1193.1344127911539
20373341,1357.316099991664
58632297,2029.0902213778134
24786934,2503.098578030649
43722745,1703.8689424036056
87508719,2332.163847450839
80752603,916.2897094962567
16698668,2161.969387152395
78798734,1562.0186840591039
18461999,2319.7351766210513
81299277,1655.9982469947438
91417891,1547.1326290348609
25190830,1887.538333975281
73164327,1037.8045864820408
92759943,2322.6495072769712
18785269,888.8861035760802
67717385,1714.9512791312509
68136920,1907.5375076236571
77810360,1599.1123255349587
62012820,1653.9387358656777
55983128,1500.5030216540856
28119370,2211.504716564139
34978717,1417.8259279919623
52374215,1262.7771235380283
66651771,948.9531249114204
49306420,1894.9162080442245
57524470,1898.6269080706334
50884173,2024.4922874549607
41477733,1629.9003510602547
14875840,1785.1803099122812
11186021,1220.1499807081725
36355598,2335.2822788467893
54557949,1839.0315323738323
69426516,1574.9592983264163
92092667,1937.776073241994
52668902,1371.6435511781074
63561915,1168.6915558988721
11154750,1872.0857410781837
48765039,1225.6276392466716
91136342,1572.9216065817288
41265217,1467.9226282081547
25331950,1343.9723544541375
59339185,1714.8408012928578
59925803,1136.735563225121
15169957,1369.3171416923642
14437249,1650.2479741870343
98971521,1696.7883992268953
26418410,1531.7081473285104
85892267,1942.6810191569894
29358885,1123.035446879852
90069301,1728.5277055674323
11408026,2106.6804288075064
77952900,2805.821976200462
83752708,1991.679931340212
15243872,1541.1725060070546
20649757,1241.637982248311
94157069,992.2867603767631
80138291,2452.5057846614027
79658232,2383.445664646347
20876663,1518.885738018482
66248879,1715.8858938649682
98196787,1678.4938462385107
11070217,1150.6974164180879
54123194,2094.838725073967
86862821,2762.157589791904
40252559,1564.419061121464
60519623,1120.7353230864699
11098932,1596.490771876555
77544004,1845.7004683680461
43855714,1667.1065534083089
57112829,1549.1484915617268
69104738,1342.6659045898386
51426009,1556.5707043432276
96759585,1436.5347754707489
61695552,1463.1612510777638
29335973,1279.2886085344282
86711404,1804.9053524871056
96132003,1386.689776728176
71930157,1339.351641580835
24207989,1097.836862448877
81239737,1174.619203996713
19246532,830.4173199320684
12541440,1287.9262966525225
10876544,1891.6081861587656
11012723,1625.5795057076837
38854043,1168.4312934199904
78679072,1599.2027291046816
39567200,1685.4599222953573
59107952,1552.5033055959093
79981461,2077.2171064087997
16385065,1693.2416195580433
42418677,1664.5525849726753
26750207,1456.5096470068004
92430939,1705.2617305334325
22967094,1344.5248352804063
40195159,1564.8757255095436
72466218,987.7040220175329
34482136,2405.521353498739
13940540,1574.5012775358693
22725269,1857.417949577951
78995555,1578.845627481822
73638726,3147.0980853787123
64722395,1488.6127733997707
89563722,1440.8947228884504
32568591,1876.1376770464844
45801232,1747.1305282301364
20301291,2089.4358773123095
40244043,1690.7196046315748
64129406,1399.8516445621167
72297320,2219.91616244306
13456518,2035.061193603266
27325248,1319.6166485252506
33468754,1770.4496762808908
60910395,1591.9548145343792
32681832,1775.4423586497453
21428869,1639.7363790171971
86653666,1996.0995612407844
32786522,1113.5968686912727
64027869,1364.3273279048774
34126567,1573.771047211153
42278394,1818.935787877128
95376056,2327.2332501778847
99562015,1301.9742595226933
15133980,1470.40596662635
54026308,1170.980951136249
76441994,1484.9354663589122
94110128,1826.2741131842213
20201258,1778.2511902479202
84604326,1829.9539661768868
27309117,895.0532608664095
85307886,1007.3627148705201
68918906,1586.1859355980216
16328223,4073.134781411448
18599779,1685.5411668027587
54032168,1953.5924693613183
56206271,1697.651735443457
20991939,1311.4670365714098
78007881,1245.6399755331065
43136632,2096.0900504666333
26961880,1957.8055434019727
59246484,3066.201161091967
97485255,1206.0451029577682
21548886,1351.1516036443106
41405520,1598.64173673729
17265204,1373.1767779713236
57594370,1391.834433850228
86204456,1556.0927258377146
47896500,1377.5373589053222
49072175,1700.9002989048722
57819104,2667.9046001400393
38029807,1560.8946832920165
72219430,1440.4413065319686
51835434,1552.782962576046
40820294,1156.1822284594764
39676991,1561.182125126602
47329975,1474.6625550806639
40515929,1363.2497885409678
49496398,1180.9561491450845
79829278,3023.3345363568915
25676253,1811.251311441879
83511561,1844.709510951257
97282391,1356.176903397007
48159381,1658.2147526729943
26133617,1173.9673007606698
14830790,1366.6732739223244
38458641,2035.2843348497004
92902816,1407.6738531578649
67366474,2220.9444112423953
12931119,1764.4707751418355
29119450,1647.9547169380598
69182586,1741.3271336525095
95601790,2001.884424227285
37235321,1832.0003587591016
18453791,2208.8281519429174
73959998,2405.358805104818
85145437,2195.7775993855603
20490331,1662.0296086870007
40505076,1384.9409416452568
39895736,1715.6254260176293
36927127,1629.8838171454547
68104733,1794.6606739830972
65498526,1664.6791770837233
29077796,888.9042209627302
12700500,1787.934746620346
23234787,2150.500671933288
32248328,1699.5021011795877
47710917,994.9523559493958
53904169,1620.6473845066419
41795394,2228.717507795205
81931808,1715.1807697080728
89546300,1901.576633840822
81512800,1148.3453638796866
74490322,1029.6017347238321
77716971,2437.778448516644
76509280,1613.7210257081927
86774198,1374.9425802011008
63795592,2739.7624482088468
15728342,2621.1614321996685
97525554,1475.8836288738237
81201227,2040.8703090897127
98995752,1075.3969711577531
88336972,2740.8296664174413
56577963,1647.5927582313873
73375002,1472.3986068079673
92846400,1718.8548168428251
63160455,2801.814107006706
31277941,2161.120695161396
44244750,1466.0457010002187
46198195,1143.134505279893
92939641,1185.0864543157707
97399227,1099.4652293547588
32829265,1468.272312722442
73813213,2815.815105233297
71142772,2114.3402081686054
26186456,1381.727547322033
86118507,1472.148707614674
91253288,1632.2824572147629
16739260,1861.232522640901
97712970,1655.1169101576695
33709101,1815.9269494892226
97473173,1101.4338881720587
84445365,1764.3923180177449
33683407,1536.9454318690764
55156833,3088.433545093286
39198647,1245.6737103340927
84859914,2495.323378171349
42321053,1144.8256130980747
26496602,1733.616498133988
87373088,1233.0287732565093
18576200,1824.5050848331603
30304669,1282.735028883583
97043852,2354.5022288428154
65885111,1813.3687513974783
67235670,1905.5496364471044
70791484,1389.599878119554
80687580,1743.059034780156
15865255,1870.8814355005672
50517128,2223.9872495053487
72791395,2006.4434224357715
43267986,2933.9814675119005
93567577,1298.35236837334
15107743,1233.5242090211123
50225644,957.6154435950593
50174181,1414.3562407096485
41401409,1201.094930239945
80395755,1572.0305309342339
58616743,1458.9473586903052
62863764,1725.7415928621535
54033467,1315.8314065372717
36905471,1902.3767981789617
68728934,1394.3746140265664
11399296,1993.9927358263874
42319589,1144.0432014460582
71193471,1282.1163101633988
67728154,1290.9440459309783
99252537,1683.2879093944189
69554397,1644.814167861034
57406844,1530.3106818273088
17460622,909.2920696751466
29136908,1881.0885111730497
88836387,1196.3637798708462
56749521,1428.3615076709189
42038296,1493.7362395202442
27575312,2117.4968569664507
27787635,1628.6394041059648
22639453,1624.7710945091142
95074248,2584.42104325923
62398547,1535.5688034506722
48210895,1708.9377870803125
87163679,1749.4114797855268
84638479,1513.099730784149
74277222,1318.0816038381458
47124707,2410.0848069004405
29597912,1723.2275900485674
73217471,3251.50284195711
54203733,1374.92469866218
86493934,1494.2422658316866
50925419,2356.565198563565
36161210,1587.0379414392294
18638157,1506.9571434098536
95763224,1831.146335480729
92017449,1332.739357988926
30955049,2058.7190244289122
88464978,1632.2970553273697
81709003,1188.6687032273965
94640782,1155.296567478335
28684873,1383.724236386533
82032258,1845.996970426644
81929396,1089.9257907726796
69137949,1982.5570609673216
58556748,874.8889302540216
83494716,2581.864155800001
51219421,1951.1102873622838
20118968,1120.395539780149
56424305,1770.6553065866374
91040440,2495.0511718458183
82249910,1759.7427078099277
65005094,1864.4968618761106
14333847,1383.2986160477717
79940622,1943.2410573946659
36407377,1431.0238535150381
16485177,714.5159971577323
19967320,1141.155073556877
86757224,1126.4026260475275
47859734,739.4738762782949
15329881,2414.525919207139
38097629,1848.8976432644288
63914375,1373.1359160625477
68107359,1100.393669121959
30898448,1867.5135850196195
62098958,1110.7128148017368
82555231,1497.7406014403396
74537472,1475.4066147468623
53883476,1317.0233029034523
87349008,2643.4949532511464
60387770,1469.9473169602334
76029782,1702.130689790936
17330605,1670.879139652093
73592240,1857.1766816862826
46762043,2215.289382725912
35726404,1811.84130686698
19188826,1850.742041406095
69934099,1193.6963983295516
98236292,1654.9207657440481
66601351,3395.907804128511
24082367,1481.6176768980858
86399833,1602.633005811744
29406161,1847.9602586219316
77568118,1497.9755493946934
68454220,1725.7652347189487
20326815,1776.133757976914
96392075,2100.2816169882326
43846930,1416.8588981551113
64059970,1783.3813122211209
59660323,1486.5741360895938
30664289,1389.1008137855063
80504110,1591.816853121548
69214158,1455.2082624002162
37153701,1818.2910107282798
94463524,1709.9495989822874
27069908,1569.354677261199
19881454,1986.1487039490398
62073736,1665.019830073463
81301863,1644.9583234648187
84692821,2160.8010393953446
18061173,1251.4740164103757
20396165,1561.42476749109
90290263,1580.0365086389222
53205197,1531.3472616114548
71639333,3077.441053452807
26581527,1621.5458329801133
88753189,1635.9406225849864
12152481,2525.6418982760724
66369748,1678.5399486902409
31086360,1508.266973813209
68141078,1362.6742242662567
87072389,1809.8801112895146
97229380,1387.6696530153538
14239930,1137.0508745443674
47067735,1826.1370101751168
23013670,1183.0951773057711
91166617,1518.4222123096354
46464430,1724.4651464868
48307993,1273.0161002933542
65322743,2470.8899587689575
50086685,1649.9665466796641
65335801,1002.2492644017316
83887090,1802.43668357602
79333390,1619.466446882174
84490520,1630.6242537553712
90753494,3653.301770690059
17091898,2700.221000124874
94064213,753.9181443011921
76172003,2194.405014968612
36639874,1457.7602963421766
93190659,1814.7581720002809
77671761,1125.8920807002007
64459243,1714.0567489097627
92415904,1460.2603004543591
22451687,1439.2250090122534
99098676,1881.090337153697
96250656,1880.0803653369196
43637666,1552.0399637392163
87755511,1783.500203590757
39642098,1483.4346737287658
29533984,1934.6261427108534
57860445,1504.9853482230833
33335103,1564.4586920810505
40928352,1309.962045294976
66938624,1863.197934706476
97908221,1314.1437144727595
32317269,1295.7704017656886
56374872,1211.4798906377928
56164704,2592.937228342412
16557670,1449.3419476160536
57350487,2134.663635987158
73640189,1194.1799014212088
28886856,1699.754525806158
66838952,1125.7377088761825
73125445,2828.405373457056
89817544,1535.5254567338848
69175507,1332.8352078022099
93099722,1745.9236850600978
42498618,819.9680857902997
58133975,1397.7235929342196
50823382,1526.2275687453068
82720881,2390.5112893983387
47566077,2432.8644062989824
77236358,1952.3141155187889
24977235,2502.94756008844
82212369,2730.6107798597095
61416619,1617.591314873712
14011629,1150.0802171996932
47820649,1192.0878013194495
87027470,1303.1108285489458
84406467,778.2430453956151
18483336,1775.0826371145968
11745857,952.013014742456
72009137,2040.2782798885025
21373342,1411.9484640778946
50764118,1449.0389649147
17876513,3023.409657687457
21573530,2565.5714201534984
62535056,2279.526083832924
52924658,1496.8310261935478
59116751,1624.1527774637207
96464552,1582.2617085783884
41877592,1835.7719391561277
27556664,1196.1032097060813
82049392,1589.9339257663876
21890177,2234.9825268143804
84019657,1208.8542132359692
70836939,1269.2705812564543
73269246,1280.7210062869465
65430516,2036.765172475237
15552867,1959.6939371434153
16632045,1545.99282801727
58510236,2046.488814036328
94607287,1234.4440188320573
16582909,1200.7024084881173
91254889,2420.237075484167
52951693,1497.3958910179401
42015762,2189.884402296725
39537878,1358.4413381573722
75334066,2321.516740350341
15509168,1766.71278111354
21848464,1250.79202409842
15512926,1731.1024385149672
19852776,1370.1647046496214
98991290,1563.8052023141893
67867067,1626.8144131594047
75069265,2413.1031197892453
33163007,1042.8719257946495
72461037,1333.5532117165842
79368575,2095.206842505495
19283832,1533.9132812552266
74686369,959.95036857165
42431987,1018.6126349746701
49107046,1826.9293937933708
21631633,1476.573757991676
57757752,1306.6297190214023
64260092,1967.6322628141015
23733208,2190.842352904824
81359267,1772.617652249282
78964700,1553.543479457506
33821569,1752.6473862732553
52189182,1164.8983870760458
67362415,2115.1637099865793
32252347,1603.4279078036793
42461075,1405.7195717806296
42564953,1890.2208229427213
53441096,1421.7876992193712
28942045,1348.3242856557372
92173510,1590.8969374004741
37939234,1866.3500685495208
83072941,2980.2408951111574
72001493,1946.2750373639497
88722560,1039.7164713057487
24458695,1904.799192407315
34236973,841.453525168928
63527431,2560.086290727233
35020078,1703.1645797457652
96240931,2585.2828898645494
96449025,1142.9614519757552
73324268,1117.500711165021
20943504,1672.616059651631
65163807,1093.6853860847039
65735235,1357.380903916398
34006121,3120.240881231186
11206259,2189.3102681999135
21142225,1733.4684564409135
43933688,1524.936991409751
20195114,1369.155955146186
18089453,1836.404333299515
87927482,2997.30443543174
72119177,1280.3239260145579
68722653,1474.3020116115158
99012228,1756.848189409259
95191404,1435.195754852792
68494900,1219.1630197550871
11789848,1605.554720159489
51367435,1751.4910176814803
83199690,1288.3724114153824
44222449,1272.2465245312537
97059152,1351.3265348267496
21321783,1323.464053404065
89238156,1527.4020432004008
75658495,1387.3578933856654
80514422,1042.6396336807336
80098101,2151.033586098829
57507250,1984.7130062547187
82869937,1458.7045516946296
64737683,2633.1759080373213
64663030,1229.9722187046045
22362250,915.5649803503017
51054867,1182.322962117624
60302181,1842.9296271320984
89897892,1951.0573051824038
99745406,1714.9903990337389
52137793,1684.1252443079902
94617943,1866.0133978398142
92402481,1710.575494337724
29177060,1660.7623963398362
96789879,1940.9303726007124
16733828,1502.2464820842688
69997197,1814.1728609847062
80009529,1353.079827684094
70971147,2233.1930330575724
89268742,1659.9670884452487
81559172,1744.7652417903362
19799436,1713.084537344499
96316683,1601.0434692007768
16202604,3034.001947339222
99234264,1466.2717998304452
89790861,1480.4532163863391
80624261,1396.3493290981999
98327008,1580.268016549977
43114030,1866.171797330193
38992659,1153.4398180093233
26185292,1690.797024564475
84958392,4185.3302059680445
63532044,2193.833116135802
72780852,1432.417172840678
63755363,1919.7474906288776
63435369,2241.8352166600816
49085103,1298.908208173401
39826465,1391.2681444645632
89335030,1060.4758975929647
92393797,1921.9846985905933
36385689,1097.2583646472651
14218024,1099.4783525848
43067447,2547.0721032575584
11821155,1890.5955252280417
96671043,1250.9388810947582
64977532,1808.9141401765826
51923648,1720.9929444666425
52082499,1699.07092618423
58693008,1211.652197651804
77432555,2133.9830458498027
11692478,2716.7376668823154
88536020,1408.4081047094407
13996971,1569.5090091714176
92291100,1763.4456950871715
77799089,2568.5827237198637
46970679,1268.3966764781726
96819382,1969.3171117883442
25751312,2412.025677973733
89990705,1033.9117145936364
52038068,1668.09208310531
32344173,3693.8533074039806
33993191,1525.925119637783
52279123,2305.6211068820776
18496274,859.8205484601073
89490563,1623.271872252053
17329696,1976.311843632782
16967446,1573.5759945308193
80888202,1101.8173267689144
14661504,2064.083882192531
19604443,1732.9260542153463
37821572,1035.901850885992
88831769,1627.2126436804845
32405077,1855.0815001568922
52763362,1362.5292266870285
75573252,1629.2827507089828
54781465,2226.8343089953514
22599480,1898.2272946505761
93311234,1097.7445571989838
69925053,1383.4391594646188
12598333,1823.2232394528014
94909106,2045.1352831303836
86019408,2565.912922021539
96477826,1453.0958754855228
47575439,1946.651177332971
44219472,1340.6502606280937
14808414,1826.943726524528
51535602,1325.5400603319235
85960705,1467.5361264873309
52391461,1544.8267020574458
81172596,2618.851732870161
11351493,1760.0288572672466
72733290,1119.8407885396102
74877854,1615.7818886241146
27680792,1247.951453354579
44946524,1908.49192616081
23475779,1791.1792649288534
48465422,1172.9008655068385
52076835,1387.6767523384237
44646564,1494.829181147604
87277346,1306.2797622305363
47973044,1641.9759469842709
75500097,3513.4286459285368
36145678,908.7872043208006
85625020,1505.2325065304965
97404967,1457.0840318236608
11411712,2240.651307825913
80164594,1141.2382287273447
30555374,1057.7925310902322
93243676,1663.0128956975211
12801610,1102.5572304172265
58651288,1078.9278113925025
52409464,2293.0638962528474
26481577,1929.1416261154184
99557550,1057.7721832935645
92346786,1111.1075984446238
33277389,1155.390409659166
78792921,1542.940173350548
89378277,1751.4671088819982
82856305,1649.8677559830587
30767488,1618.8190099762694
36397903,1333.6336611001589
64870928,649.4915751694355
11575457,3419.9116609988087
39041845,1350.254722656851
92898654,1832.6385262247225
16929732,1531.0124160168334
33334714,1183.575290849995
12221534,1872.4062284899196
73945645,1446.0935433776153
68971550,1492.3975013572174
75565371,1990.021682057271
59677619,1353.553089045839
93539814,2106.641069261681
24106217,1522.115845191275
55020351,1404.698007507403
15672017,1522.5739907983016
10841847,1326.9387149699685
86946687,1231.8513643688113
99799054,1777.708907790487
81128474,877.9158555825942
80366080,1290.6471944485227
10218336,1292.0613936643542
72351128,1457.0931399121637
56132260,1569.149018075828
99301338,2831.3086667375783
84453738,1405.026479168431
58188871,1752.973547986409
81971342,2790.6628054361017
94124547,1472.8464735064083
32266038,1641.7519309924814
71760843,1443.453486836906
77203995,1540.0624496099697
84611651,1472.4979523790807
76627771,2034.0661363754054
12653847,1673.9548618955853
43336328,1679.7550897043834
91500607,1618.1381214210655
68213549,1481.3974014579244
35549327,871.8506213053936
80808916,1469.6192229565665
17110481,1506.6346875017348
99587119,1099.85497341329
92334856,2777.0463776712113
53359226,1476.027622844688
80618402,2881.2508639238586
41703808,1907.0462487914137
19195409,979.2427374984724
76941149,1678.3177658890816
97584818,1445.650969985161
56683377,1606.5448820125964
67011320,2052.5675106236295
15480221,1756.7169108720666
68081328,2383.177347528517
55487684,3429.8145965769772
74199206,2691.029913711488
90165063,1817.7010013893573
36193583,1770.14093865762
10917950,1377.0777478214663
92870312,2087.079525603067
72030717,1969.5680445436205
17113758,3567.5449124964334
89153386,1413.5083322786738
45809568,1780.9892638758247
30803532,1553.1179765844709
41936053,1650.0917586663206
14429173,1673.2881689972592
86629786,1662.9566966787716
60024688,1710.2140791380905
75100924,1816.672112917579
19587468,1231.007841934239
88088850,1457.3047517650282
14339658,1230.0375071278138
93643220,1443.4277569908606
61257147,1856.3110868841534
47372664,1789.4031046846874
72551157,1392.8133846662643
70006271,1698.1209885933856
66160499,1024.0882461324074
14115358,1313.7734181845183
24138292,1901.5959850850263
81649352,1606.501471378432
86450554,1409.4721312848194
43772724,1653.562294572784
76147600,1741.8703875159138
37814705,1835.918014714412
79438450,1846.4293548457526
30374304,1412.7123010234657
54234194,1244.1013931520495
94516994,1783.7733506669254
15639119,1859.4927806330859
98234744,3033.5170164845504
84292967,1306.324859321984
14583946,2051.593639454428
74680521,1403.457675682089
10214287,1954.7698007952908
43877051,1374.7578314970604
28904050,1421.9678320634632
62063260,2015.3956226646997
50651267,1766.2527068885574
76093719,1540.4914846739023
42788012,1426.8631947684064
64271564,2853.0178906216734
36033563,2130.706696035081
32364760,1584.5860049201563
82718318,2280.7768186825324
42781597,1497.9440798961027
63047151,1243.6126342380321
54331908,1743.027137410007
88556646,1181.2666192902427
80038856,1676.3689929170387
62561061,1388.4339416786208
65834717,1302.3949814113614
80358828,1785.087549483598
35099840,1977.882577106119
50872993,1433.4634324708384
80223193,1885.77017577506
28448374,1620.533489159963
92231676,1648.059833990396
65717894,1632.3631622301
86298764,1480.4790425651456
76299579,992.576816807351
15449921,1289.2376635237686
44677435,1497.1070784684125
75188492,1570.077115900228
99785392,1559.9671057567496
27084775,1345.4632949836255
34483861,1449.7048798799185
44135541,1839.9898367604205
85537076,1379.1344941748043
32577802,2115.2318411387323
58632323,1680.856699247807
65794441,1468.45474320243
91626972,1463.0799085322344
80568466,1375.2181155254998
19317452,1274.315818649846
19462773,1111.4079084595342
16861573,2049.198769865502
61543398,1323.3343984969486
67189144,1736.6287794935677
46184090,1127.2969984824406
14969625,1086.7479433211095
12339000,1225.028513001182
87651999,1235.6431096943581
48444572,1608.8449378465345
43026767,1147.1482854115404
25666315,2063.7754766299604
85141494,1968.5948963229955
10196732,1390.9312206869154
89772932,1155.9785820573288
76197106,1537.9476437523233
35668637,988.5762334455061
47789451,1298.6803355147952
11772481,2353.9971660999236
92352486,2082.6308385272314
74959731,1382.608642372156
24006644,1236.798214773164
70184471,2142.6445130240045
63616459,1900.4328839600985
65420176,1432.901886788892
52778454,2909.976046572656
20334394,2406.710142875603
29566160,2021.1729899356162
41218910,2066.4169505861764
57645530,1073.6312401378216
32753016,2341.9673362606763
53485349,1477.4756063263628
99359057,1400.0572482002042
50033107,1359.3007207864987
21562381,1897.899358139069
77828671,2468.986604228062
59082786,1442.7356756718104
99756703,1125.4349202432345
62477883,1138.1357076950442
62194095,1810.8979026075933
77240295,1636.5484242263767
78173906,1479.5152333137883
51850860,2401.046663363074
36247163,2385.135302753786
80372868,1376.7461009977715
55810884,1391.8195735485654
39425335,1232.198495379969
64769998,1508.6195842174204
74184119,1782.878803352774
30910517,3540.909332027177
82036794,2160.2871459073294
27288556,1495.1401917145117
73750248,1266.6445851802025
93836103,2147.240082633537
21006367,1539.545706238639
93898545,1317.9652533974838
94582565,2076.3019386604446
13137522,1200.3014593936366
31604761,1644.2752264213175
60718232,1299.0154401792724
22356430,1193.3829979485815
39386475,2763.5304712566094
16350350,1549.3443735437122
70755780,1643.8737662353624
55920671,2343.5984266200676
30409198,1453.3710266995117
12366994,3447.2672816590875
99624161,1780.636398680474
27085439,1850.3048636390251
26222780,1353.9346785087798
13513100,2077.4349350150524
83619693,895.793204417818
65230131,960.3062546324641
74197231,1488.8806749720684
16535315,1330.8106087213089
49313519,1507.8049113596505
54192335,1558.5591816576646
80736897,1772.7080135272258
99406225,1846.6335813031528
67818530,2908.023605881086
84284655,1343.1172265901264
30897932,1336.8933411657667
32254189,1453.9329348353522
31849680,1756.778065156292
41359333,2217.187429435985
66456629,2569.995913009352
68729486,1693.088461999895
40630348,1669.1009535311305
93988333,1741.4576974619588
47811524,1112.1444346571693
98617237,1590.8453238385807
20362387,1154.1023323662002
84645660,1043.4376456836576
16861971,1602.7074524802101
34588999,1490.542750952845
53427517,1117.4734796239502
42513475,1945.9710324096613
57705547,1679.9755027623805
49742880,1779.7804553018677
66920323,1695.9225500951043
12354776,1363.1176676594614
25840613,1613.6774697611652
45114259,1963.897984001832
49079923,1701.5712683121483
63116367,1035.6015101869154
63802912,2006.7062032375864
48974796,1400.9056697908352
30061599,1035.1442712448693
68578654,2123.9157880088505
54173227,1525.5322437626094
96680380,2122.10826923028
23868064,1396.2512556802312
51824090,1674.717917014988
34839733,1289.171006638065
80054187,1895.812178779936
12685572,1634.865949079262
41567061,2431.020797011107
94877842,1150.8264430364095
58492968,1054.6735538875769
71326484,1046.4930774202785
70920278,1882.2286534286302
54663137,1725.9077447226632
32126460,1988.2648811795316
54874790,1792.6427879496016
13538436,1509.7144400108198
30100038,860.8248246110908
80017866,1088.0497128527745
64347455,2682.503670471676
13683069,1816.0108269998636
48039428,2387.2320319858654
99567150,1569.5320114783156
85509215,1072.6191768740832
60668698,2059.537881509009
12191456,2012.5106104801212
77765786,1569.6289285381831
12528361,1177.657378113836
58442957,1142.682752127329
54303594,958.6489257336668
27681147,1448.2425478294417
69098569,1267.854977920062
95221316,1954.760670812172
40109548,1679.6156884876684
55576313,1127.8005624983546
53153958,1527.0031695882074
21200840,1661.8812731416326
50894265,1049.7326083791322
23626838,3459.633076371656
12418418,2150.4006517109738
22706358,1729.1658645087416
45395670,1266.7106966025935
87327017,1369.5728735510081
13017114,2041.5635295889704
32271547,2055.428737217998
74538679,2055.517969688466
39506103,1574.8975274710535
46816166,1418.2722337997438
66503105,1844.0430650500664
65579176,1910.7364811872246
40074247,1668.6334116663922
91310031,1527.8749971686136
77444410,1839.525175558941
69955281,1686.944662651356
67331105,1808.5593897561287
45643632,1700.33298030842
73282363,1374.3407464284246
13642505,1379.0578218243993
68901430,1704.0455577088835
89906679,2005.9594037300535
52711886,1139.2139559736684
79575331,1443.7262271044037
92616283,1421.4712922510669
30763055,1232.7858336201748
16611953,1566.3501728662714
33070179,1496.1708873771145
80347205,1613.6009384716353
83995335,1763.4874383690094
14535805,2422.154940350423
84879838,1567.781593793103
11864901,1422.081676296387
14658965,1171.6921669623525
24293507,1293.8949213141932
70453525,1604.3229328827586
87798104,1289.994449828665
19197193,1614.9196147206037
28284548,1776.3925468357209
86044842,1630.383309343087
23057275,1742.849872003386
27985337,2331.1843082883524
22587547,1201.1504715768676
12855508,2873.398541045097
64337495,2244.328591229312
86712331,2288.1828723425424
61189156,1334.6286235080636
91594873,1584.9157194472061
54835971,1958.7003999857573
44370830,895.6862289827658
23684803,1452.9702212179748
92481929,1868.624548678097
35638424,1739.3731604718212
25657749,967.3927215120007
39381975,1505.9089788817914
72999107,1762.2729666891405
25818586,2054.943048320887
58036789,1994.187392214742
94320377,1572.7906998978124
47110506,2264.5182684169695
66399362,1894.8185113820725
68909982,1636.9674482150917
16073310,1468.6830448760795
43288405,1119.57518350163
71579560,1736.5804350473245
16507355,3253.5069105199027
48802207,1316.2221742934064
89915294,1742.766708358355
97679852,2282.8156683605193
29217698,1925.143935727383
27435911,2817.7771433871258
78879242,2068.917586763113
27175130,1551.7139397681658
29020135,1115.7424366452988
78626569,1221.103917708472
71067812,1372.583030059698
96690513,1578.9001258687424
95531962,1759.6270921980868
98356800,1162.2046213628114
86104439,1149.0562277331685
55595900,2376.7994655066423
75208610,2037.5352448919846
15300209,2037.7637527997374
61949363,1275.4173510012479
65881085,1611.0061691806086
66803690,971.1027846465432
71508510,1786.9851478427204
77429269,1285.3735392285184
70868754,2577.180394663912
93223292,1905.7345800063974
70378280,1455.4219683574358
72142932,1318.3772587244673
88911193,1153.184716567844
89761834,1704.8761174268773
36836619,1686.2664274275955
53134062,1495.6170418564604
98828461,1802.9870546859258
55370391,2354.2137020234923
69978664,1445.4548659592185
48824111,1446.6846392374368
11383415,1505.8967792211265
89041808,1896.2970858602098
31864759,1686.2514399055644
85436725,1468.784776031879
12287678,2696.6259962112954
54577919,1653.0997822913992
69095778,1616.6347114454552
86755087,1555.896471341354
87570494,1587.7994375195412
42971075,1588.8979928585466
19251821,972.2155782138427
40154766,1202.3322845762004
86599495,1728.5435595581725
88331508,2260.9097585924046
70254717,1411.832516781631
32105523,1565.645013414914
42241465,1203.7632139950017
66334048,1480.7161210861182
56657286,1250.851853642869
99489082,1651.9675957575241
89634976,1743.9499171798218
22529712,2128.3691921643467
93452559,2125.8703111119257
75276107,2463.3404047787517
57620607,1262.2306033828377
11822194,2332.5596617246374
85101585,1719.0513889668691
73640715,1852.8802818150275
18114714,1269.7933129814642
62352450,1419.173564347868
88096618,1951.5407306968655
76855836,1380.4399291808695
76968795,1942.664827479372
19089688,1508.4227442150154
93669020,1141.1831744311496
32221954,759.3307109324638
80149491,1347.5184259350733
90863370,1458.1346555253315
18955449,1777.676396567745
46106075,1342.686119311008
64362412,1360.6600805463227
13228942,1243.0919807262921
18238798,886.9468863780187
17197174,1445.3982514027152
56883307,1484.2119704444506
43838074,1578.862803839743
94366977,977.0706155848832
51114116,1655.3464618918815
91929625,1724.163247173354
72617691,2580.615804985523
18081983,1440.3965344300973
41430371,1240.1954750782488
18768333,1413.920273366609
97670981,1618.9499649614313
33138884,1825.226320443005
54769750,1696.1854276600266
89191521,1680.0373803460163
68771611,1420.9546521350696
69658524,1571.9232875143716
72361657,2425.522697213709
56548670,1097.888868628696
78323750,1640.0483996437217
30772189,808.0418347093647
48525110,2040.7309354564738
86995869,1476.2977776976447
17626486,1780.1796771599875
25200634,1372.546111629696
42675735,1264.4417715323243
65493081,1654.7856542813836
93613666,2184.144660577329
70416961,2543.2665822191902
29938065,1558.0086246461644
49578380,2765.7260867587884
98870679,3943.1276531838503
69931311,2011.260677751425
53406287,1338.6374744482393
84279248,753.750136109851
95721664,2037.1813294614487
86560148,1411.5186488584077
54643141,1463.1217055145316
87296829,1738.6940991721424
44687814,2418.7536906133755
17812890,1560.9616040811993
55517272,1586.8727356905329
83984617,1416.6667243800846
50681051,917.5773810276357
74119296,1524.4371075527924
67223450,2187.676890362357
77287132,2669.253782716525
36264517,1687.680243902171
42898261,2928.390778105406
62830950,1675.6859215786521
34861949,1214.9363343692003
73511243,1345.554964890737
21486168,1900.2463199367528
99309538,2172.7180397838865
42037617,1450.4909808225716
54746843,1162.8211021642082
47539615,1959.542563376626
84768747,2245.193322270484
72954519,1616.5649620157903
86653160,1120.6166329299183
24350012,1285.5158877963024
44330162,1485.1473640839888
40410889,3229.65132910362
14017526,1245.6385314545018
18494070,2520.720360880392
47916307,1900.6768638352432
39725498,1794.6008634085465
54156054,1586.351834086738
49589662,1756.646815652276
87793535,1903.485420801857
25123851,1940.189973841168
55319133,2029.2747739337065
35955058,2253.709332492893
15784980,1657.7354522427065
63967490,1572.0356891812835
84366303,1620.1718846119943
32211409,2150.794835473176
27475512,1532.5289940564855
98385904,1332.0004926433169
74274926,2321.7469615087884
26137274,1999.7219255928367
35706395,1763.6899878316012
25432073,1090.0822300504456
56493804,1316.8850866602913
21783642,1831.019522433586
24274717,851.9971668416508
93363592,1079.1975239545611
50359798,1349.9547609913557
76057356,2030.2620840190184
34577569,2466.202575382501
13432670,1575.988208339129
36150614,2002.482591804309
95883486,1910.010640149499
17035345,1879.5336196944686
48987823,1440.172448513854
18853302,1569.9365123831096
70059479,2216.7238623321928
35830006,1913.1965587826355
83058209,1512.117179613389
52239160,1421.8718875722004
24939237,849.2773789358283
48271879,2363.760818070179
58898302,1510.6042873471674
97505252,1557.0840167835
52580265,1363.7569097062933
59859756,1904.7348519786533
59531100,1974.2940903846486
82820692,1772.2236552495096
73015543,790.0883490676962
50663543,2295.225254242304
61349439,1664.8633366440101
82745505,1877.1250772702845
91058293,1222.7468656116625
17937997,1837.7615553246878
48025378,1469.170907944504
21558049,1523.9283497277593
51468147,1824.8055776414205
87943582,1061.125085502881
72989675,1106.1237150650754
10828659,1476.3750184257715
78868242,1475.9256681283548
63610417,3282.8916598467003
13037947,1290.584858986669
63051485,1722.858537619418
42637767,1373.4499428038587
66029975,2373.8908881678917
41368516,960.3901918404301
75570412,2089.7174089029495
58832659,1363.3749757813025
20746324,1761.9965086069863
41047714,2118.8173090600876
41430458,1734.6443050560088
69198371,926.670840681441
46430156,1495.03347030275
42120705,1157.9357484055013
67695943,1264.8662590013107
10655846,1549.1218818510372
56387239,1575.8455840858041
73136827,1390.1651459501418
66107772,1937.618681390361
41597595,1204.099946119679
27035754,1586.0817416789416
94233303,1394.1817124544643
72371862,1563.8285878017698
47858586,1809.0754475931087
50074731,3326.9468510440383
15840349,1591.5230778289954
27527024,1521.7953358048458
51445447,1401.4485414932767
83042677,1329.9550795686878
17433657,1431.848904924107
83477453,2026.7638520837704
58980418,1576.9744261939386
49038207,1967.8820788829607
35105997,1337.6732769182051
88328473,1982.3166046305696
49929992,1935.5856630304986
12057690,1816.0640688773315
22485986,2079.5761855899746
18944255,2387.3789421653964
94296460,1504.3801522069377
15325948,1740.1726341199876
80036637,1614.2737228805058
63707416,1561.2213905340604
33357067,1923.9588613365634
76260292,2069.374099208876
88542794,1817.4474589922568
36624049,1334.8886104656528
85370002,1534.7374204656928
70947321,1526.5873194449007
86215831,1196.014263938437
71799918,1609.6873275043824
70779429,1757.971237453614
28177790,1178.2011640254254
33416701,1692.1809847802872
32210074,2539.5158545127815
91177225,2156.5193871662523
62230096,1641.6475269213258
27830922,1300.1825844954346
20292159,1645.1196856293257
72135125,1288.7457407744052
41060839,1788.2242155634265
14610723,1468.9723424978552
40291165,1767.1384096379986
76063806,1814.7899142793085
21250419,1809.6085835133986
67512417,3320.9828224516577
33443292,1521.9797374497912
33660955,1363.928824709186
33504001,1391.0744532500528
59014872,1312.7805412929522
48423806,1323.472507094203
81227220,1264.6354790835358
97904600,2113.944677486791
80141558,1634.8623666390931
13290868,1522.8760760813113
12913192,1335.663431021453
94144440,1491.3727044425716
53033174,1846.1372044512684
93735706,1533.5488266189793
59909555,2354.8854798229904
99555121,1559.1718219253505
13256013,1367.3178954566995
93540353,1175.7083120990299
97837539,1038.5090175151695
35669129,1553.6354701807124
50012137,1535.0609544772528
68173579,1542.1943764956827
59440623,1312.680161537071
48714672,3287.8599561215015
86973367,1424.1615184228124
28395212,2076.0235673475827
50017530,1772.0801643793018
48045601,3054.2590085770207
60427063,2789.151476924094
49061177,1638.917888527342
42896715,1410.9076577435278
97451418,1900.4285436773916
53456411,1190.1133857893124
99184358,1109.2140015250561
91879007,1405.5428397421967
76424273,1344.9548898510754
19529774,2339.8571667035367
60604201,1243.2054597172573
96265561,1618.939335710057
84388943,1807.8654753806657
22143961,1877.3341039220873
14880373,1538.9703085251926
98124884,1287.2296990956424
23434755,1119.7135227015829
36626131,1393.0399589213243
86172967,1720.035002693157
89507826,2377.97158857223
51984404,1127.1878859081576
21328430,1639.7078262067341
46133239,1341.003180023956
87118588,1407.6025070848902
72466804,1407.1040653655712
90243251,2224.5638613695255
31491219,1855.7845464741183
83702289,1971.5566562648082
78369132,1366.2097009518275
12074272,1323.7132925252936
77297832,1749.2511535067613
91732264,1671.8709946800745
51116865,2046.5715625130144
81826443,1893.2421068423298
26192585,1521.5452318168034
72261842,1403.1769781773971
40619619,3235.9232230152975
89999631,1032.8730269094797
10490133,1541.3359921765507
90054183,1057.295604565884
62212383,2210.293781088785
19863611,1731.9124413176007
51025893,1262.9988688435674
83280839,1071.6470011455226
53701664,2179.6796596740805
70474564,1795.753374480276
52730115,1599.5015501669488
28945671,1406.0235203768837
76905104,2189.5867014184105
60340609,1497.9011041095596
14262244,1326.541939700727
86114877,1785.3224982379202
24582504,1672.203264160226
77544375,1422.1109160468286
18212637,1575.9308446350535
31107635,1209.1983627958027
73185236,1106.6399847146183
73413665,678.8231070434939
31204532,1708.022569421695
16646519,1286.4993000618185
59819313,1388.1215539140987
58041963,1543.6972586298887
73177607,1558.9189563773245
65489959,1900.7593232374747
53892134,1874.3465168109444
14638825,1795.3270272501204
61652212,2280.4481439140773
69208062,1011.2014700926965
98205776,2995.8556014906544
91953270,1641.4404854566062
95708788,1245.2239401487989
71079776,2065.4491398609925
10948901,1351.8842822378767
79084173,1320.3717366074359
41410746,1428.3275172132844
50927968,2224.5553208687534
99511873,2168.0346189917345
87562260,1390.8416992426241
48098997,1602.291900192813
77592143,1730.2615200898292
50298301,1254.9140249341172
95160336,1268.8186051397317
13581567,1151.9855627017314
76106706,2503.318502518099
53880590,1721.3680904065234
50270200,1904.5132488417896
13098948,2305.5909294680196
81835258,1198.6455906217964
14238786,1542.8625803847663
65288499,2163.5609885596587
29149871,1776.8971629048713
39551396,1603.3908758539962
77375335,2072.5426629205567
14384374,1390.4007250491288
63368293,1716.0581764225599
25141477,1923.2051601569979
37822276,1402.3580279668736
62473299,1814.238355603142
90467887,1758.2106287403722
62270028,1737.617848808773
62101686,1453.54583821073
51642126,2942.9371065905316
50281814,1819.0794387388933
34969698,2126.2174136794465
46962155,1926.3118451347345
17638609,1978.7774641530877
59977095,996.2899430821672
75196820,2123.74481843825
65141041,1536.2693896786789
65986306,1978.5545264807986
99818911,1779.5681363285662
38328534,2129.672608344812
31204739,1457.1534542851623
53082885,1249.3727800513452
76244528,1294.9914180577834
46394887,2365.8305809753374
65939511,1649.18326246016
96048217,1241.3555657206696
60425489,1319.2513518860703
69419323,1770.4745606044232
15008203,1733.1048207058677
70058997,931.4666687875637
44067940,1993.1392690146056
47031542,1695.4108789401932
28929546,1749.7222905525953
34548603,2068.2666494938685
36515676,1222.1475334724244
42765717,1550.6194717413118
60296558,1760.9198649551558
84332226,1582.7551837647718
76539663,1886.5359511297559
73504572,2538.5298892012024
64646486,1834.506190160988
28262602,1567.9446981665985
74447096,1533.9459862737083
23247586,1328.2755444644795
99044390,1444.1915885021297
66743385,1528.6600277183666
62841747,2393.7775401575527
98271312,1474.5781597613645
54969068,1863.6533254388762
49548078,1763.7475963397521
47147429,2084.376420178719
46113098,1421.9477680467865
52623517,1649.3482959831397
43618531,1876.4983426131853
54174309,1051.7134283118246
21908078,1535.0081781321985
56753065,1410.9402884512963
22723502,2851.0929246493033
88620530,1071.7794393942474
38560702,933.4941656911235
66126723,1240.923707392701
24731893,2524.6726881169643
19472558,1337.3945825273759
44766250,1328.8145984445398
75919229,1472.087698718789
27459467,1740.187326490411
85529275,1205.6999568582758
88503537,1340.3041434397846
66147417,1597.5590930623043
53916103,1580.9001985362388
65299077,2159.9690986761443
82070950,1119.2164107904775
69058105,1267.7758386570897
89985793,1882.3317773347444
38430174,1655.4476872530506
24884771,1194.074096050011
37414962,1849.9068807599374
35739187,1310.48058248424
52492779,1860.927086691601
70409358,1798.8479925751265
38452011,1524.482832408599
43879270,1104.136886172135
70351120,1593.3260173969193
47671157,879.9354817989558
60667365,1403.113035638031
85223481,3312.9890375515242
83739939,1732.7682329959343
36389934,1494.6244444782014
84194560,1412.9354752687002
66937745,1832.454784110096
82520946,1652.772444333643
52339932,1134.6695944420883
19641281,2078.8808001352727
69795343,1894.1614675681503
99135350,2731.7255241112325
27549583,2112.9724143168933
94476832,1241.097552852718
58221865,1895.1425976590813
25319395,1969.3662378926444
74970303,1452.328022342551
10305170,1137.1358536688006
82291258,958.9786511041377
81383048,2248.533161217031
79987158,1273.9329542076823
13533229,2062.6086211938036
40426833,1841.5658030617817
79077516,1421.4770644863509
49738320,1407.7852470425116
51126693,1866.888268572094
52635836,1869.865468431309
46715477,1575.1500139636958
82258908,1862.7837205789563
56878285,1846.7629858366545
19130210,1682.0824180033253
92849186,1829.5753813807662
24338810,1815.7191943615219
24758650,2257.7123037697884
70913184,1871.5417470207758
37987399,1373.3436769040225
74913796,1298.8076632349316
17667485,1584.0887642633522
64222955,1131.0529168768237
96958008,1556.256434546155
10416049,1757.8998555225257
60398901,1077.7057470314057
24738469,1755.4828970920803
50592747,1915.3392186615815
96289055,1083.2386686250302
38420705,1273.417558923008
93968498,2316.292410358489
79579077,1025.9511706399321
66828068,1713.8240646124993
96166759,1802.234637779097
32805078,1319.995303652434
96021280,1574.8253961648984
73914137,1264.3276023755507
38819078,1556.3933905879373
26837951,1314.2725690621662
86644106,1494.858033615233
55183461,690.8173527510814
52422099,1046.6595528841503
83190904,1549.7370460872912
80939883,2051.974889527208
12388368,1411.7617573477562
15537990,1279.964461341661
52619092,1701.2255023533824
14251589,1907.256079484204
78390765,1518.1379806273137
43497859,1941.3491792972688
18381852,1641.09379251254
53390528,1309.7592389669164
32023086,2056.016933910869
55881129,2128.733889688867
56955427,1852.2377747455917
78797526,1241.1791721000068
81441605,1912.1333981223406
49418138,2521.0805319410865
16343356,1620.8007040813789
50953620,1066.4416189608958
80530984,1559.6616584425026
92363214,1335.2432630277704
11505021,1034.957018499599
10464949,1914.0746410357742
40174242,1257.9642163468768
46922794,1185.8447896676344
31165878,1705.0944384197119
92160351,1735.749271836001
97225599,1410.585266608405
57289385,793.2789891834539
10490505,1378.391332938587
40593414,1461.740233586764
69535718,2180.27660734279
29927353,1349.498758544455
65834728,1361.8052804304439
77297694,1203.0751503130377
20453767,2108.3038605097
38742201,1967.3589982452784
44178016,3354.7373119470867
26155961,1374.00590504386
85037563,1454.3523469676302
13481675,2177.668525359678
32710978,1964.3094898696174
42008191,1498.2044942112695
13117186,1465.3951510001639
32427009,1483.1624026724626
77926757,1612.9304077325626
11233435,2097.8427947167047
16522541,1386.835698102403
63770815,2030.6974619502853
77164558,1430.52963898846
74405387,2227.9540957949966
74698287,1423.5749258716105
90725998,1773.0667783468105
24204802,838.3422042335334
89034765,1926.8506141237237
34875172,1408.035911480955
74411316,2494.3864582200013
81157871,1058.5865640585796
44232316,1825.4048734750013
48083558,1804.516039678604
75280463,2442.2447788105974
11329117,1919.742917470796
67082756,1453.8657142309776
11237434,1232.3727475842888
69921139,1344.9787326180358
68448780,953.8275307845863
77761059,1566.9529011620564
29006434,1571.096250937977
30190038,1639.0165539681234
28376932,1786.2844512958457
39355382,1416.4931798367718
42494595,1664.235676424772
16756651,1389.7123126435786
78115658,1513.6826164875806
27261411,1855.1256098815252
71919180,1752.3882705428007
99090920,1558.58236788538
64351618,1784.735695730737
88658759,1233.9838314980777
14195927,1651.6406003562176
63820196,2014.2797543673344
23866225,1758.4883722405737
50484100,2083.295572570043
98406048,2046.0454046024677
64139858,1598.5537041710252
93302980,1452.3877011144589
62155483,1827.9600681816999
69791340,1774.7280449963898
19631546,1210.961904229667
26192431,1889.8744350426996
68268852,1214.5041001308875
14862183,931.0686288495818
50141937,1277.7916619881796
85256282,1211.9970328260206
11027564,1762.708814370275
51577553,1708.3973695869947
77132573,2102.3563190298946
55254268,2694.912762883703
25529214,1434.5488061449782
89287048,1345.4971086204648
23253967,1282.756975134176
22644692,3499.206230616732
32245140,1301.5256650177587
82072504,1524.0565409862309
34678460,1384.7276550871604
55373081,1638.1588313902757
12138481,1574.785779222819
23632970,1797.9656069948576
44285474,1192.8683455913028
88075177,2072.359535130053
13117787,1604.1445887217628
14797111,1454.3150922159857
28697695,2035.3354226965794
34748486,1612.4616367248186
30506810,1451.1724182838407
57410372,2104.5365405095536
28776122,1169.6826918875222
18346451,1639.305595492354
29932007,1496.4347482659618
82654800,2119.4355080134646
67038086,2096.7963218324076
95282943,2027.610628441771
90723621,1540.0492406894002
37760202,1648.050917605425
97077656,1587.033847578737
67823833,1068.2580763940778
25222231,1791.6114825144723
63451552,2292.4874872735427
66552053,1790.8270155792904
83488554,1501.080679404684
24886655,1785.1568237472804
83798512,1172.9090306504643
46152763,1053.594827108204
96015866,2425.5014248665884
51731151,860.1775854401587
34899750,1770.9511645012062
55529926,1414.3968373329885
95405536,1274.226507554383
29288544,1480.0262671338528
50076589,1408.110589984749
37886285,1437.0379409095015
69818934,1830.6291259624254
13957412,1369.7089475825187
27493225,1976.0699383153858
81186892,2098.2263336675624
72734336,1043.2254982757963
20148129,3809.1005980415084
23391747,1055.7269772063748
45833590,1192.2279232337755
85777842,2651.596098177177
92975129,2286.416380511768
33382289,2630.962998994495
95953281,1409.599393726842
60074802,1974.1586754431878
23912733,2186.9000392585203
31346779,1506.7717527278423
25605125,1560.411931343738
96288207,754.1007809664133
44535745,1559.3873557261009
16008313,1623.364467561934
91365542,1265.1825472461962
67385764,1063.016088529496
31465116,1799.1007161065188
99474816,1328.265303036651
26141909,1529.54456454322
72548314,1707.6149980861205
39043955,2177.9925256861716
55963655,1335.3774379867327
54632315,1820.4156960036366
48726285,2078.6091734209003
76251227,1795.628083477196
83562410,1392.0759157871319
93775374,1560.9273188355544
21446329,1547.109367764752
37345001,1549.8315109268797
49628614,1452.4490972794958
35767914,1625.0454438055983
10876536,1286.7659200092087
47339936,1242.761190331374
89347542,1826.028077064226
22457603,1826.1107074962015
77199929,1457.1609277122998
46378399,1619.2405044114644
70602262,1563.2315677435724
54666534,1741.4925991715297
56421405,1622.1939683279022
97652177,1659.8616559059067
15442637,1507.8388473268171
92360497,1761.622055577033
16847908,1754.4811816830595
14220385,797.6259521351758
25905603,1244.3525987531823
58331647,1163.2892040945692
22292196,1812.9098561723088
37237832,1291.8958545203895
33009500,1056.9235988369132
12533428,1449.5309619351906
46939545,1873.4365276116753
41868505,2351.202265308343
75616535,1825.9249123521793
73878512,1496.690014229063
67270933,907.4422737002188
98281662,1187.387927906159
66553316,1243.5079102258092
34303551,1648.1837213659478
82645628,1118.0343918066983
57257821,1859.3230820115336
21288888,1785.5790352390363
85963653,1301.7233403329178
47876249,1076.8001190243283
21439489,1205.5586500298534
52566254,2364.2383345216695
57084214,998.812546071639
16925768,1297.51009080698
32782035,1783.927259319526
31791186,1195.8117345579624
62797819,1712.2823690822822
35384978,1356.95837674175
21945105,2046.8577749960425
81557774,2221.8960172653233
85407739,1431.9710881452697
86085126,2085.1681135676235
95296354,1470.224307628877
90881439,1603.0785269057549
30757344,1815.939829189817
48457713,1515.251844499869
89571542,1599.6529606116533
94067050,1326.1779937576732
48271561,1549.7534598094487
69357732,1370.8404943689413
86325273,1142.0122864964003
18152649,1544.789850674246
33899410,1779.3496687040001
22781669,1515.5002764944106
17283281,1174.5470519592907
51785872,1481.711248030569
33104833,1985.6765169729283
91682435,1313.6844813715827
70713314,1572.836072537568
13110268,1145.1574647239663
34642793,1374.8730246539826
41694899,2295.1381387717647
86278349,1013.6656836682312
11717089,1187.5613564580287
59185456,1225.9330956104839
59344396,1024.146322348942
89922228,1675.1501759824014
62027210,2148.2806521207604
98523447,2332.386053156939
77330146,1978.8202335122062
78386939,1748.4493507638547
66831282,2056.0689808585576
17596778,1481.8893163451855
72290481,1225.5271533565183
31606355,1205.0768380623767
72940683,1234.2899383788388
24736121,1334.8858027834126
47814214,1722.284091504704
39410982,2449.771702777005
44151940,1652.1313880701532
65594908,1432.6841044318821
79125454,1197.7079210301642
50322107,1485.1496396524828
76200003,2400.11077303787
85059302,1033.043325284614
95450721,1773.112522388505
93253826,2067.7676271866376
19723778,1068.0135010663869
35980406,1489.0683843617164
67285479,1342.6420538689254
68864075,1643.4804001407626
37422791,2168.6784992350713
73798025,2224.5223341576366
97232135,1579.0203224604572
50064513,1488.9398763317688
75638682,1187.9254934662963
41937405,1596.7081612370057
18443662,1559.398201841987
68899727,1942.5567013862913
18388313,1825.1845523729808
69521945,1402.0885795187626
31596715,2424.0611092339013
78472605,1762.0007972344083
12713963,981.1504578106508
46768823,1336.8987417284175
27538097,1166.1139379759745
89955366,1681.015497056508
94081889,1201.6210729322147
65214899,1359.1865520540953
95205973,2000.4742083817148
83140994,1514.4114819701601
69014391,1826.730540179008
66919280,1288.7060279634138
86299194,1778.9393321237376
14394397,1463.9331366995973
88465251,1931.4015056025678
82447513,2576.916539611577
90676745,1355.9820894118075
61229086,1430.8225823112568
30557316,1145.4524865811557
48578361,1746.134891233545
29085329,1708.908292867482
99539415,2718.7378778619805
33750162,1582.9619200269558
51880900,1745.099538607981
81942693,1432.2040156998069
44828087,1356.2999288952672
80752087,1385.0175815023053
99218652,2919.4291709794134
37433425,1064.1108664519527
39115683,1596.6474490698777
26601986,1379.0553610910404
50469308,1295.1060030623119
69872975,1140.0229153433422
18483245,2257.6103211986183
12588982,1418.7380957859714
79454705,1068.2258046742675
76523232,1294.0054698808137
96131595,2002.1476234013276
99680250,1370.7701873005262
82622915,1429.3290851258355
11290284,2639.978861422127
80057162,1530.0217470223565
72165316,2300.7142553993845
79751433,1265.6317605326017
33215554,2782.6627253163633
42852506,1291.2363539132282
56093872,1376.3083835090151
64167041,1489.6583968893913
83380458,2030.9085758603794
32651438,1446.9870460006491
38364846,1493.8559756414038
74621857,936.9537720023704
62748794,1890.9259669701562
71435421,2052.242116383737
76163868,1810.6031415673465
14677956,1013.5521655693817
48283664,1242.892291877979
93787027,1356.1699186172123
75353617,1376.9527874185048
44130726,1806.547601566882
75634285,1762.9340492093525
27969925,1505.372747262976
34662422,1285.9720107844335
46428766,1033.817964364606
40279741,1758.3064800743814
58991338,1742.9524497477523
52295288,1230.3151425557292
25429358,1296.1783466245395
91223525,1515.4011929545152
80429592,1462.0909363283336
36010937,1218.781301239844
61652867,2094.998395320914
34655678,1266.7438787371768
32281319,1207.164520556329
74717544,1036.0528141787102
81780208,1240.487062182791
74117270,2177.685211237874
94663011,1719.7474378564261
18715534,1765.407522855361
89926226,1487.6070954767354
31441075,1979.750048422602
85656066,2417.8439485183007
63154501,1491.8751702906288
56954947,2216.666684213488
35193891,1764.776074672196
68045567,2157.3470548075065
75523548,1855.2873940061804
80044768,1344.288384426595
80565568,1536.5958955202402
58680458,1291.6634744063874
93434632,1381.645992911177
38164915,2048.746034387561
39561694,1619.8998771396064
23940974,1970.1755488625358
66689621,1782.0680361596621
91586014,2997.181616056787
68610549,1935.6537181746714
44648566,1699.346291001764
68443861,2601.7196532244734
95300751,1427.8788150384441
74650313,1463.3796242803382
78190939,1809.8397263675674
79583687,1464.2449547509261
78744133,1438.7818961464086
19424377,1087.6408564408575
74426958,2294.261552509506
30714675,2096.4151695669243
20297631,2498.6425462569005
62326689,1760.8032522683109
72851226,1967.0361660113635
94924877,1686.8524385004548
39912297,2010.9833116914563
50554145,1071.9179849855213
51964385,1211.7647022358844
91524053,3121.1370804542203
67059408,1039.7937001320652
13707505,1872.2684586015755
96336923,2296.998558875647
18937921,1315.3652218868006
23247466,1985.5015683960012
20718626,1255.449311004707
62001591,2718.5944830012922
32183930,1865.873474432278
29520078,3487.6509342961435
20246948,1644.3501971420458
12865925,728.8739495670876
75414040,1710.4334173640257
29805887,1896.3464056927469
91828173,1418.7207988416449
92911827,1855.5181248734168
21259879,2242.700770846639
27730704,1099.2646372523357
10805384,2578.4299962674695
28772124,1462.3013067608238
67895243,2220.963552471935
70282510,1842.0292566829432
76926492,1424.4225777650797
56029416,2902.2812023693987
42166025,2219.6908364539395
88855559,1549.1552468465704
71679738,1269.0743982948786
95011645,1237.619585409358
23391388,1384.952444489493
97276431,2019.0890754555548
78499453,1914.767820688229
50845143,1636.8715221387633
63593365,1706.4600321245648
44645094,1391.9765946803884
92805008,1459.4376888437946
95966284,938.2004171751573
86968525,2045.1411110893766
35459557,2977.7211304351404
16959595,1869.7862884435713
66852864,2307.5695570738353
64976874,1244.7829348377986
90803282,2001.2715064225977
32597480,1384.9250515241713
22525205,1382.753894748277
18357388,1563.2595717616668
55224009,1451.5636370370437
12066751,1398.202554962663
51600054,2433.2168877669264
33097870,1942.2994006313984
44165189,1773.472597181509
92174554,1819.8244382022053
75685484,1790.2056529112112
79648156,1110.4680532322657
34473914,2314.0473097256245
42069298,1125.8953638646813
24749467,1310.317555209063
37024144,1691.9337503716595
53463208,1581.5002743124614
61035399,1247.653168246839
92975059,1090.388195136545
16258293,824.0185122282735
80353068,1156.9837006842158
69637564,1494.3857218215983
60889557,1754.6641496038858
45682120,1515.0814602974208
62566155,1587.7171284703302
86829598,1290.7969883283897
77516810,1718.2014762971503
32602883,1554.612179103493
99658649,1667.461406184735
98115366,1585.067626012027
40551984,2190.1214705044576
89171680,1674.9731867295775
78104461,1337.48577503901
80805720,1909.2797578478153
44701781,1338.7667768487486
32357693,1347.958803939347
16257080,1944.8424384201064
63758432,1555.7814624431874
86560064,1241.9339259436074
76704426,1440.7897288296808
29021087,1838.1191405422312
30903210,2299.9673760640935
59650055,2047.989169280763
16537007,2428.3452359019875
44043751,1404.1631673670074
93550246,1186.823669005311
74795536,2055.8853345836988
36252893,1671.0521591077863
60712266,2200.236381888888
54795015,1892.7496657923673
59038432,883.6558449037223
53101267,1327.7363625621986
96137757,2668.145976640193
61894184,2184.769281339084
56980533,1404.2536905847876
40911725,1071.8972154010128
78253728,2074.817846195586
46517280,1043.0322567058172
98578100,1674.9190212375843
92998542,1264.2703024273126
85778453,1466.8526515657757
67897199,1344.620946305982
37385434,1403.0187897591657
29978687,1049.1523846418736
63462293,1748.8174445875823
82610119,1563.7954630153145
11195863,1790.1296565759903
22813157,1564.1735999589453
16061850,1676.450793676322
25000757,1356.362571728889
23839386,935.019128816589
62901003,1900.368974650098
85332734,1870.7068902672886
41185457,1952.8650458021818
32349244,1415.011969309292
75213525,1940.9060641892447
24267861,1177.7950317918776
80759464,1856.155820120298
38052934,1516.1571079706869
36983078,2378.103517901147
48438532,1174.389813878095
98811621,3065.724133933856
41602835,1307.504082660997
79191702,1534.3324180892548
91526426,1444.6291247971494
12436955,1504.7902950800653
35460655,1018.4181194033763
24893618,1352.9412206857655
12318894,1054.6633502493478
75385870,1694.0082177083432
24016887,1743.7973091581446
93798376,1453.4011604471784
10041197,1982.2704770087923
44196192,1092.0406849095014
34259961,1923.001703401413
79360399,1518.2262264045614
90648365,1833.09072034322
32784142,1277.245860094945
88014206,1806.1240145651934
47541115,1916.426996656953
81087277,1455.5742490699424
99414879,1366.6666804462993
96312378,2072.229691875742
45292998,1809.0463787610954
62464969,1156.33430259545
89056154,1698.2711912863565
43815757,1301.9210813154314
36326737,1132.0749240188543
66733240,1175.6413140209106
82154113,1118.1121515622306
75774127,1324.0066283172573
99633023,1929.62732123079
54243966,1543.8664696060098
21507777,1425.7209251171714
89526022,1254.3553945843216
35342783,1590.8011224297463
75576574,1687.31901559031
86207238,1687.6472393896024
11999604,1253.7562361668558
64241630,1176.01803078924
49681885,1416.9119671907783
20476163,2121.426212602183
82534020,1381.6572442537279
80449403,1426.3694080101768
91978419,1449.9741538514627
13134274,1763.6258323208876
30921031,1241.701486177566
35948510,1098.1308120973856
37862013,1088.9441954156525
74364264,1674.9691575214167
73089121,1672.206898411848
71120219,2109.094675021617
81357330,1655.7258672809871
86696339,1723.8280774829495
32694372,1210.144208363541
86397240,2625.074811643145
75410743,1711.9233074145309
54107967,1656.5899873121152
53182244,1284.7278094134122
84949062,2270.4797657880363
17578514,1511.0696475975028
66553240,706.1349197103855
78244783,1148.1140926297162
85750494,1403.7266192337436
26835204,1375.4537591216988
25568634,1690.8663364800498
62833472,2161.3343053473673
89441409,1921.5332359883369
30957350,1027.2145078807077
83492659,1089.4617764535324
14123667,1504.1895509139413
81332426,1329.8882414607012
75963486,1405.9312324249506
97473965,1898.8570705438078
52550411,1075.7503241110144
38852859,1052.5196312670032
86945814,1792.7689972110627
99213841,1970.3707524724816
93296884,1798.088164503696
74681265,1327.6790909889596
67628381,1976.969357825893
53194004,1936.2561629243667
79129949,1331.1236444928072
21417992,1512.5933596046482
65584374,2025.156902283013
83994457,2629.3514917747025
79552394,1250.0549700120284
14169455,3699.2046514502345
11006346,1668.7812153617924
55920445,935.112913851444
42183979,1791.9656539404675
27236753,1931.616085291282
38623845,1047.7275666240928
56539617,1481.1709146791645
89514584,1153.2805737459698
55800655,1430.6546985277525
95341263,1518.804220450036
90170967,1200.669737585202
25603899,1687.3739203294022
80752063,2195.7639656929696
74272993,2089.955248853851
83204984,1377.1394086069054
56041749,2022.5581882220283
99929710,1497.7211408565424
24093076,1299.7216976869772
76171771,1604.7853474185945
87313105,1887.136279980171
13150529,1831.055376105456
85314779,2000.0186280942335
23218937,1606.333404722479
15797769,1356.9287201938555
18451890,1222.1670616219046
23712138,1380.3513608240185
40201741,1476.4143994367691
74044702,2059.204411262469
91758728,1569.9692313115872
41605529,1573.3370023462287
30345669,1478.6733484067115
72490311,1517.103058880222
11341429,1563.7868198338065
86562367,1549.1325065810677
65741146,2348.2356101020987
28059650,1639.2895034061391
36854120,1370.2100111721234
70514815,1582.4798368326544
28991223,1977.1917737457202
34210782,1815.2329857468171
97420540,1765.8472908601257
53582966,1819.4230098301475
25471995,1360.8723474463252
40521306,1540.0096374977288
18442744,1844.7609725796715
86475933,1936.6713606674023
35156621,2003.7071940806827
92398280,1661.4863305931476
64419847,1637.794143375761
27879667,1845.5302711843547
33454324,2086.044376958742
78234554,1369.9554165426628
37295459,943.4986122136182
76464828,2145.312024730233
89898019,2583.0222426566916
94459827,1854.3007053122196
30672049,1857.8393971626263
93226295,2175.6688416724637
66733496,1092.6821557881437
24799537,1767.2245993388883
30909458,1386.3842845464105
20815913,1634.756218450797
77231006,1106.8037885690424
63770561,1281.8191755083876
61281100,2042.8732923022023
25443496,1055.447649696118
90941407,1223.6119490753424
85217471,1905.4901313099158
11330523,1547.7438628508946
60135515,1454.8846085853359
96537329,1657.6378980525237
89713236,1569.7086662570655
87856838,1935.8106899896375
68427758,2343.8096712018123
35697471,1533.5505290186456
30758105,1856.835481603902
66828597,1349.762634720231
64179941,2698.4766740579726
57531913,1669.127474076762
82276369,1682.1719842179796
33117908,2200.344989489856
23807930,1739.7569131448563
58313771,1385.1906472626251
86361973,1450.057921256732
54136725,1203.566520244234
80609057,2025.446404192068
23386046,683.3058436305841
88923790,1443.7426254358784
50739054,1495.5482555411668
85701835,2725.532543852514
11164690,2215.3674274929326
60686704,1459.735496920993
56500955,1301.1580847577468
92377094,1218.67982815508
27377686,1229.0712878901206
14820376,1379.1493283998504
24454653,1932.8929062058883
49068691,1499.5127388414746
68870887,1666.045679956593
40404763,1609.907448925843
53993271,1574.8743941867967
76624283,1560.5383403623407
84681113,1493.8478197380973
39182711,1406.8553462556474
99418549,1611.0675510696074
54009403,1063.7660537003358
15732665,1349.0952634997068
21105712,1757.7029425367043
76841454,1205.1665066940102
77456803,1390.7483336668276
94681649,1841.5571516433788
42127705,811.7790714763878
86327920,2110.2486801392315
49706768,2297.6002726476327
47210863,1906.2095199895962
98862874,1037.337485233104
80625113,1661.5221444890653
13147967,1411.5300650744098
79644262,1975.254019206485
40821766,1219.6931318232823
38964351,1488.9563123296807
80037468,1705.500556860822
10709528,1401.014511489426
14006566,2694.2233586661905
84355937,1155.8599193409893
68139676,2398.171140504165
51613745,1497.2446784409767
77042505,1906.5371896210718
35307179,2336.4207209557644
43137990,1382.636208252346
60366178,2062.091204341381
28449137,1690.7539153581845
54714633,1134.9915350265421
86469326,1392.489064364789
81392986,1948.8784818342203
94816275,1414.2915222886995
20992851,2228.8886912285925
33220037,1852.7482540220558
52922027,2154.7822634952063
70522751,1905.3682059748066
35179027,1647.8602596611324
11006610,1367.9474889994815
97027045,1511.5563252962909
60842426,1519.6496125052356
37962781,1694.3944187997565
57446778,1327.849736275904
46803142,1808.180438618804
96412152,1388.0967985664463
41948607,1415.1816190299933
30401183,2400.6442299855553
82446721,1479.1863160546363
98640166,2440.9701039684023
16426411,1477.4017564331607
40919986,1969.8124025360041
34959842,1401.3736086996491
76545890,3267.1285068066936
38671669,1872.5942692036851
74577885,1836.1897396812114
77894868,1523.21288333448
44132106,1270.7042707385647
13303745,1101.9225861265174
82202428,1094.9400597191811
69359286,1730.3473791193094
49249118,1810.5833321899343
65186472,1902.0482353028342
86728284,1316.4525414680347
89113200,1799.8305239158867
64085288,1204.2180607302464
83095293,1757.5982085398678
55834975,1804.0220153245116
12408851,1581.1615367386987
45102161,1495.9140858358508
21425066,1247.7105963310573
49253416,926.2582970510788
91720337,1948.7256101332014
38125202,1486.8024162780675
76716879,1558.5187187265767
75093314,1105.132508439548
94720863,1273.7254330255998
69306868,1468.4684271748465
78783123,1770.6896519338281
31503266,1390.6354565251115
51221256,1369.8503280227108
36978860,2249.8896321578786
77102844,941.0925256901339
85218856,1567.7627255707812
64674000,1589.8850434737326
71928536,1519.35652242188
71632516,1608.1379108078982
44645677,1606.1815949564746
27089889,1938.4987546806385
85001254,2033.209671052604
80789294,1487.1003309734085
94921905,2222.3911793581574
87557595,1627.9490803781155
27812172,1142.172292058587
70326518,1811.730841281096
76820242,1349.6521584480474
37798149,1550.04533419745
95689974,1466.1504273750295
86698149,1602.524727953354
82332389,1477.0558556826024
38769988,1134.4997634518634
62104171,1411.8413158804979
20008764,1345.8326329217957
88250848,1036.3118976015585
99989436,1833.847427624678
20654244,1501.6310504495634
63645129,1495.7454883656483
66237213,1252.5875033782663
89366030,1697.9387509087474
43885604,2864.53190193122
20777495,1804.6641715868136
17630232,1724.6362971830602
41034819,2069.9464903375447
30863558,1515.4170952057682
30990096,1525.2940665029632
14528263,1123.0543836615773
38046616,1931.840397313708
21720690,2121.335941174604
41971276,1272.0315650705386
81966182,1488.9319511038143
81876034,1258.5909724234132
23233042,1256.152910410848
59959368,2444.399713528308
25429816,2125.6388969401514
40884180,1424.1646224227716
88955672,1516.218677209767
43077536,1751.5478227002577
22541133,789.8625312979793
98515757,1939.4799072232745
96170890,1569.2024271504797
33994765,1316.9338596080065
91089578,1789.4565185449555
38840418,1771.8811244379142
92439017,1355.9523865412575
30192634,1705.0760944867673
30769461,1384.6573238452129
80205723,1408.4621388335058
55131937,1940.711762880166
29185681,2996.864792573583
80773149,1332.9810902332117
84757256,1277.3474277525702
81505232,1381.3732115310172
57555020,924.9631579733197
70106520,1435.2048698593173
43240131,1726.5802437694485
57158414,3110.1300213171407
63966023,2321.5325682055154
46075950,2309.4837104585313
47516649,2102.49713980098
57203804,1636.2349042068518
99285503,1466.734674084553
23511969,1113.3967653821821
78376646,2136.4584150938035
48884000,1406.6620739909959
98727752,1261.3934673778344
82907215,1894.2407407998844
72719170,1449.0918368065788
39149918,1341.5336115383814
85435767,1531.7128399522444
54111802,2068.86352574607
92599919,1305.0290273975022
24226064,1657.2377752359073
96829833,2216.5288928658774
27301621,1322.5364644962817
15887246,884.0807257794761
51726302,1107.154261987773
51260265,1777.8800012800289
45934883,1566.487182031543
97289930,1743.200165599021
42847093,1190.9421858781013
13695159,1221.2979431151625
21664737,1320.4801285699457
72162540,1332.262810076191
45972276,2163.881762013958
71222059,1671.4766977598094
18901787,1324.8061269214916
64794868,1450.968749738822
96040179,1283.3334875127375
43891507,2150.4182646289346
94649367,1325.461171154471
85490151,979.5730670210194
51948440,1111.616085280542
44237958,1056.689774910533
97658202,1316.5868434432134
77699657,1134.2454325700335
23252427,1518.2151238662486
10697423,1438.947906621643
99095154,1685.9529363587883
86344123,1538.9393725439782
32740825,3079.931231279181
39699187,1537.1644627167443
79334316,1333.7112772206106
13862142,2241.12570218381
95022546,1323.8013866914835
85671131,1494.7197115597714
13946093,1311.740623321152
71911642,1620.3132201463889
74557358,1667.2601397671253
76424216,1744.6195452647871
60569056,1255.325839011416
21429356,1635.831455865988
37147011,1198.2745608593316
22363795,1056.4628621744025
22711721,1056.144793329743
32781826,1618.2538827730152
79919377,1521.513466996397
95950869,1110.8352483823157
67975454,2063.6989339645434
61846310,2073.670599394157
47190136,1456.2638045381618
72140487,1745.666316632885
33356353,1677.8035256747487
57558815,1590.0023128258003
85765913,1883.168518327197
67405346,1358.430468240055
47178751,977.3343031793135
92743619,1344.096545517663
67809997,1712.5956905816622
95649734,1610.5185781432117
35761786,1706.0006213107902
20333506,1031.5956244304302
39856656,1775.6857515016177
80659941,1995.3444635790845
72539676,1140.4796650141411
34808508,1490.3104533432486
18684795,2164.7020485214443
60926773,818.9137044985573
25343604,1546.8732880397417
85280076,1365.0708925916595
51516725,790.857529702212
54359603,1840.3804815089604
65763192,1831.5808355291508
53926540,1247.1205097817733
77237054,2353.461763011427
75498756,1743.5217698717868
99166662,1104.9384096949702
72410551,1221.4827218034586
82923327,1295.3991014908556
46066488,1484.3310009436589
33059137,2164.7278169444935
51480279,1287.3032990692168
19373977,1379.0546271376236
90715980,1286.3067989341855
56492794,1329.873981753595
46037369,1305.3273293813281
22743995,952.3965690223339
42553042,1316.8857215802236
36975311,2054.1880586130483
75351486,1206.6968643454356
30981897,1767.922847355491
35580501,1857.3633934302793
40483549,1179.1244792843104
64819235,1538.611006777495
26688957,1621.6684447067837
94904538,1668.146809419073
46754012,1635.0309970101275
36796857,1912.0284160348795
28461943,1877.129578842817
14026453,1494.5840514066865
69053024,1732.4503840014836
32733126,1865.737796587325
40931025,1626.3411439651045
19427950,1647.7595786631573
84597120,1177.8347423715857
18811334,1340.560304671925
78324699,1607.0278087927545
77953974,1997.2360468978807
27862041,2358.410188443945
37247191,1526.5428711209443
25562317,1896.6380572635073
73172608,2477.202518992415
33104896,2153.0709159773987
82319650,1761.8004304078286
21799452,1461.7970874220807
64888946,1848.228176401352
97264595,1886.3722404235
10429454,1146.0238180946087
61575325,1293.6804872791834
56897257,1522.4078530124586
37059519,2448.944435506706
52110520,2764.885198523555
81197632,1844.224842147587
78041929,1496.932729860257
62481600,2917.3155155214536
79068390,1201.3204630553234
35652591,1423.456997067012
39694436,2314.4414038829864
95898355,1697.9628474990418
80006639,1915.3391887368762
53958546,1100.0752557978585
58986255,1063.59159760538
35034634,2050.481957915821
21845497,1937.56381339038
40578913,1380.370267431486
52684708,635.3006943004672
89834641,1561.4287521535587
65511611,1091.3929142442826
65731676,1947.3008423996146
83770991,1528.1153686447308
56280602,1402.1508200537457
44140498,1718.3320433211559
52748496,1978.3159770248853
76136540,1362.440052074916
35483441,1248.1690459636634
25193108,1741.305305518942
27434478,4021.7293421948534
84357441,1739.7363721519525
70840263,1613.4627470779658
45633382,1878.5914860717883
68317032,1903.3370945075308
73465107,1308.4427274475331
24929921,2053.078216834546
87300428,1960.1961584396731
69871020,1345.7862507143836
23755175,1268.2713195131703
91971062,2885.5830050551767
74483617,1279.27155220379
89642342,1331.503039859052
33276861,2391.646667301231
18861332,1373.1369606555845
77211245,1994.210922267916
52041127,968.3532169140989
95864050,1477.0100087999997
82528777,1807.0824041365984
62702832,2878.1656971265193
24146181,2061.2587853135283
90263367,1640.2058237753185
47033948,1334.4694071959545
97856612,1807.3685554484612
73014333,1346.6450344105597
46731094,1336.9041029899638
15781171,1354.0143594355
51156245,1723.1376099013273
85958922,1055.5314564824748
52550761,1198.289524901924
15567593,1596.742590941326
50279318,1000.9067822883437
88796422,1060.3044774638195
66724358,1222.8441970766276
51443999,1698.0013524209933
32661637,1466.0047226497884
12999579,1331.7059270794387
32460111,2146.3715985372137
70354263,1717.2301281384748
99768418,1500.1929260186569
93597400,1763.1615260707144
42968448,1046.6026716098756
11447851,1586.396921627131
76146411,1705.9063793519324
86917958,1791.9382876673715
57526187,2025.714687278025
71062405,1575.9733239680606
72847399,1502.78871640568
54891075,2208.6378573780403
89841901,1706.260150580925
90056417,1418.6565225134311
77892346,1148.3819266677312
31627402,1293.2994412674987
78864638,1392.631671198539
16022883,2721.1327946650317
21980955,1888.5946500121297
98291218,2234.9319494055535
37406677,1294.7973842053686
73253470,1352.652454953265
80239984,2242.7369243729745
60323265,1961.20189157878
93655248,1291.6661676581814
58796215,770.2317765651217
94203496,1774.5874019917376
89472702,1547.9124467452384
29142290,2082.7513989788813
71021568,1274.7135177557327
69197364,2203.4701237418603
67499939,1948.8823366096246
51780875,2081.2345511350295
46941857,1598.0537080255383
57911836,1346.6684851493449
38559875,1793.8018446596584
81398050,1703.1475121695512
75334315,2494.3344591359655
59308610,1391.6550990469223
16247087,1865.4057883346295
43247285,1758.008740043434
45215633,1779.1153437436758
40481058,1780.0493123073986
40365284,2666.427045748339
92836079,1596.1753746843235
70303716,1491.0730427411818
81749724,2843.347771391779
41853820,2023.5092769258629
81440480,1702.3352846006223
84996580,1786.682885189347
35919442,1418.347975629755
19046260,1946.0850497630965
90423631,2115.7461551597307
92961031,1967.6140853630222
89855372,1980.191234691098
77816576,1903.3585635562806
12194715,1462.3978611110754
20115124,1943.1686863865032
73703358,1634.942847191378
89792966,1743.0171235544178
43706254,1453.3073227774648
70266281,1625.4513491853063
78529732,1627.0469353862795
31638825,2272.966041478733
58167471,1918.9504730051722
93767960,1851.4223830705037
55879589,2126.2158697681252
67388602,1671.6941494389762
86008328,1319.8995309337852
53844650,1323.317607226553
86660948,1919.5975126116837
39941650,1335.872787882531
44395757,1834.4355940201929
81989533,1452.124306843762
46504700,1306.3448310518115
39402032,1212.4001532456768
85919943,1107.0704285470622
80733130,2031.2420708108366
25189661,1564.2685203455271
14623666,1560.1246530235778
70848155,1644.1861619414772
68571484,1934.086518051593
51228995,1405.8698365738062
49683485,1606.8782215226076
56036763,1508.5395706937359
32459332,1792.945496882703
10860915,1457.2607648127334
43696664,1589.999226988971
87941364,1697.5102431034668
76183083,1471.6200200525345
20966309,1803.9256702553316
37699108,1660.1091758454659
55952526,1195.5327028312165
15616438,1554.0042779391872
86514240,1712.1061112154475
92945955,2386.7379582814056
63145934,1792.3956617054616
58853662,1382.2407506385882
79304271,1432.3851395999343
24276255,1533.1091643288755
43245413,1567.14831746593
59024690,3165.855605878148
13551336,1859.1171626741202
44848614,1640.2169724856535
61087377,1980.1253940108493
11885900,1540.1781316075849
92535927,1205.8215715864158
21708152,1646.3344148254134
45352808,1195.431038384877
75624156,1421.805401057468
32001265,1292.075889525626
20413825,1418.023186714082
40305802,1638.3244347124116
61861688,1219.919569919564
33441351,1539.5628230363852
30365812,1988.7487035976292
43625038,1426.8294839723678
40659534,1259.8212057137475
72885406,1523.2093566810458
55817366,960.0946219655192
78604997,1098.3536310265913
14364198,1414.9976755266873
70814486,2658.2640854264846
71030650,1235.3798785078577
93257457,2224.5412859684075
65515227,1208.799354452797
23048185,1586.1689328101495
64021401,1687.8646803971897
81601136,1274.050777546096
60464050,1505.9100480340044
62126832,1337.355396149756
76122802,1465.2734893418108
68619547,1287.5836234301592
69931017,1865.1521905575078
52039321,1405.1277787439556
96748453,1484.3763515320375
40650345,2143.5189556679506
94190496,1331.9758356319721
40034795,1984.4221380100573
16725203,881.1892833749827
37869032,1988.605423956214
87784983,1392.5515036693448
67445694,1347.1943908173062
44138052,2123.7859595705786
56359862,2018.305267644015
27113776,1727.0126466902882
73853459,1324.1925631648094
76284169,2539.3956197281113
42581373,1890.1126851740698
74617250,1207.4359657633468
29606632,1884.1415595380763
22328059,1631.4040363540505
94596005,2148.5847671835236
73640300,1160.4490527407906
52511016,1490.451112913172
63643579,743.802064871764
73979691,1883.9928579090217
76806109,1065.1956398842076
67084872,1409.9150150825778
94616960,1097.360070517515
44018639,1160.8992091576538
10369424,1937.948675632719
19417264,2393.6706706826963
77137301,1535.0415596588452
33598935,2312.5846762014544
81379316,1799.7212797379038
67627945,1526.9454366301256
74067952,1086.4012860379535
54161507,1259.136217716024
55930611,1335.4373677090991
64919315,1998.9692538110469
92109871,1245.4484170561466
88653847,1382.618368709862
50331596,2183.6456751573132
68139580,1320.1980878185611
80241693,2670.336039783295
74034028,1835.8621509608597
22712040,1578.5899828864888
18212521,1455.0433158549931
60434302,1587.8639276663541
45427525,1198.3176713762634
95853311,1341.6106344698967
70857259,1813.4080799770195
81477083,2185.8197440349377
27723524,1945.6493010476304
25206032,1281.6174814329172
12102381,2401.0304553961814
72428170,1429.857064139563
27672042,2175.5434983851237
77000429,1788.1265574338943
95589605,2492.3070202504377
44647376,1705.1180920144911
21338536,1181.237559805886
13820529,1637.410872021669
24568041,2213.145677236126
90117191,1760.7912128383211
45800664,1562.0324070171037
13557339,1823.2200943213102
19087413,2339.145728853443
11616417,2189.5487754250653
22015830,1472.3947905081206
42617304,1223.1982355180714
72598754,1499.4880975679184
34839793,1418.4152754065515
77660297,1442.2082550297323
13706769,2727.790070698309
71694094,1834.8306634976243
26712974,1165.6165776896626
11161484,1408.7496726210575
92404281,1086.691064582204
29267516,1625.4690493993585
44574998,1545.4939950583716
66291057,1065.5157547036758
13701175,1664.6346843191457
24177160,1858.442822577404
81405301,1356.6688925387255
11589439,952.6905795004183
17537269,1397.8608685087665
98168887,1945.4347339187673
57508409,1989.3281959807082
83408387,3229.4713441589884
43301435,2158.2463366123757
49258344,2386.6403885749887
98631322,1257.694003730507
69659096,1797.0650421610135
99106028,1231.3085632961604
37856658,1952.02915877249
42881579,1195.6489708143372
77859891,2574.685964307939
81041727,1133.3753461686442
47217829,2377.838764006199
53083229,1542.735532418188
79619006,2055.72074159123
87897995,994.7142695874426
17964917,1122.419733948435
80568888,1112.2349617493026
43042929,1311.3918578261266
62796073,1937.7100708922865
61083401,2186.9178126664065
14141477,1437.6866648708487
68306110,1785.262285316404
43708354,1762.0921979555496
73883907,3961.6831874499458
75966104,1874.8581819545675
55672599,1302.3098831645607
14917596,1681.068988135955
65294870,1848.646697072112
14049454,1668.9928154802453
93295381,1653.271591058658
27730907,1943.2515227886076
52543486,1585.0193536937404
79427440,1429.0331209120347
46627987,1945.6507520403904
63096372,2031.89582917803
21047227,1504.3107341582472
94588817,1635.772710223875
82925355,1680.3617806058305
20239710,1427.3142907439
66560522,1372.7701633725933
34394729,2335.9016480027885
74199492,1502.277953827664
59577067,1344.4106863002685
69919638,1377.835572109869
46718033,2205.915651495806
84917912,1660.0673923418922
31599665,1219.9535251964576
39056365,2627.5811067651393
48895978,1341.5241911839823
47094246,2038.1934474220914
19549587,1051.1570760472837
18563899,1855.1139257034852
81642903,1375.41844075768
12095543,1489.6540512422646
67140026,2208.739402570296
11054636,2116.71063549472
21698635,1886.6563998697536
23623849,1924.1009422312807
71392936,1612.4119492691907
83425325,1981.6557532964025
14553390,2281.3349995422277
70274030,1178.5181384988553
19402442,1241.2118228529412
11041677,2541.12499274963
77513563,1438.3715379551325
87335721,2986.4559409591775
17466406,1425.725299247994
11267365,1645.9629475025195
89144675,2029.9875319474183
89338457,1361.2675574580542
87803439,2275.2070506457867
20104582,3556.1235741314695
95781089,1226.7525717661906
66358482,1325.5661974783886
62863016,2384.0287944331694
92557337,2634.2113243338654
10876766,1288.7883584694107
70473205,2324.395944248554
87569671,862.8078378368579
61139578,2709.442834557791
53121878,1585.78776667463
15430462,3296.593895928074
67332796,1245.1858245046167
75641163,1733.439401534965
23552924,1406.9869136376142
56332291,1297.005308507054
83472051,1682.691729314275
73213649,1499.09974400622
47802315,1547.4826140885277
42459098,1402.3364148037476
59654537,1732.0137787639887
49312825,2095.3275198832353
80983900,1841.3634463086587
58178507,1308.1957665944794
50382416,1919.0243745545679
66073034,2007.2330430079512
43848284,1482.9338510512935
85092410,1546.2087536996185
22321014,2439.0885951745886
31162245,1381.049405144607
26802981,1143.1627642677179
89737386,1788.7635641843
22704344,1645.408506825987
56000373,1832.8473706016853
96310766,1156.9252783421352
70324095,1969.1074482096978
86441629,1338.3408347440516
12514793,1323.7437719443442
89583392,1666.3318067448802
36498032,2434.216614996375
22072881,1114.8795733458342
23992589,1060.1749286281083
25380807,1102.434641411647
30026993,2403.8816526197315
65742850,1466.1971696695973
33236806,893.6216035759674
64518820,2477.6993516279626
42371713,1462.4540207589064
47924596,1897.5452312086268
55469978,2046.6627179880177
29356220,1260.605839212379
98913649,1142.782012995878
22201860,1901.0783499296476
17005574,1763.7207876609625
61767605,1821.7648988846242
63003964,1499.5000777924286
52904792,1838.3057342304007
87014699,1743.9070151540307
60476269,1897.3132684332763
23374773,2234.0620095064232
12887652,1728.1873343119312
11366466,2308.9368115431544
62053080,1257.7878095035144
21354279,1282.2303929783761
58635346,2142.349096793033
57475663,1604.1553830635555
44627129,1330.0821764984792
29419543,1592.322925801666
47538164,3617.2940603766583
19854086,1655.0883241442991
63381374,1661.0912956930583
55348437,2057.1245940411127
80254443,2150.7466495248564
23105559,1619.787038077744
25129271,1795.5574225722148
40257293,1780.767878229511
63509506,1153.3188214995403
45432136,1614.57871453628
19785631,1683.0625177344607
22859019,2627.827726771321
36147504,1365.0752450586053
54449509,1715.51732212194
81205631,1669.019329424854
98103632,1831.4873197202962
32691265,899.3740791621944
72768344,1463.8603119093634
51890279,749.9033937704967
48043615,1456.7797099874738
25374441,1321.1642569081191
59962384,766.0782940482014
28910995,2319.87655958061
13141234,1564.0510791499603
50747063,1028.8908529078217
55252279,1421.0591719744407
52007426,2223.8119052954835
30847276,1563.040472717863
62106368,2320.020993407731
60214573,1349.9547358202415
40002314,1722.3805784514143
32428356,1686.7250149438898
53658343,2350.3983730033588
29161839,1710.3567608320564
46396012,1485.6547764815173
62360708,1855.4575120219185
43297939,2053.1685620871485
12562149,2258.183889849892
36028116,1713.1371724198234
87330286,1728.3574346160729
88119407,1955.780540562101
26750897,2447.503625960998
49969361,1472.0982712594894
97204974,873.6758820801831
99702598,1984.4115111473104
52763802,1613.4299372582946
68901809,1973.0297301494813
39208673,1447.2730184714128
54033485,1897.529340567028
54497531,1594.1527744536584
53990991,1415.0583657660588
84489537,1274.6255037679482
35670801,1251.8829653238813
78791350,1255.1233076468152
20845184,944.1494816837652
13555027,1716.3214861430693
37646059,1933.7491952964458
76127874,1598.0753351937312
92134461,1586.6848833512495
35770374,1892.8468549421768
71020209,1863.3163129391853
34171582,1609.5030648701088
50654248,1354.1720333745645
42458567,1507.6098437052262
19190057,1222.8315804722688
54080489,1250.6916067282407
68542535,1762.989168872414
45210646,2009.6092508295023
59714270,1507.8897755464661
88185676,1249.8629730643925
71490260,1389.7103294304682
30639393,1183.4686482524344
82576353,1873.2586601910732
24335906,3432.1325172328034
21049647,1229.4825649380407
13781432,1289.7136850529564
86079138,1884.991510190944
40000990,1609.0002513399372
73775201,3015.2948057093554
35148701,1718.57745432898
81596880,1347.875861055588
94320273,1428.1066810002956
36438421,1814.7872555399347
53057217,1749.7599352403174
25248077,1278.182376404891
73038169,1143.5615144703759
73258090,2320.1709959629616
87336796,1629.3432189464372
78963426,1468.9648379517407
12232405,1639.2667169115118
86811261,2127.97868998985
43165541,1075.2549653280635
83018865,1885.7308540235172
37762842,1545.668521943635
65591705,1812.5357989481201
67890361,1264.5142514983088
94753186,1225.1084964777797
93051402,1423.4762473212932
18623638,1437.7331746427371
35256497,1402.0532578767754
79246585,2085.1678419015125
23762226,1336.1723091053736
67287814,2443.4264974793177
78864148,2384.9291591975025
30658878,2193.104498688007
97960066,1282.9979304477772
19914732,2408.4174945734776
23619037,2169.7979392873995
27095793,1914.8064016147823
83667300,1260.9567393092636
76686009,2243.4685594970097
79911388,1898.094593822681
36038618,1603.5593945609494
91489166,1177.0917181870645
64088644,1729.0849238001426
10087238,1360.582923171566
68403788,1400.238770748919
95817054,2111.3705884227284
57182933,2176.359623531319
83941537,1689.584331671486
86909159,1877.4057155212568
45478492,2696.4363911931114
84142111,2541.1945584637897
45223652,1448.4345793172206
15651868,1805.5917421957297
48952352,1180.6087349600575
53380245,2147.209067106448
56211427,1232.9262007743089
66961588,1176.6562092539104
38567012,1057.3835490137524
74938615,1419.919471494761
81147200,1716.5518891506792
74772897,1688.409551384121
80316029,755.7489109063312
76791795,1940.0792913192922
95549661,1338.9852481959174
91524955,1941.8504122969628
93849275,1762.9232589243538
61885188,1954.2377974276417
17120455,1138.892981078757
71403569,1983.6271919303524
57944962,1835.6842562878533
72483844,1695.9200763813562
45141218,1673.0771832524647
47525065,1351.5743964156854
24379765,1211.887303868788
91215387,2138.152534690291
39945150,1099.8237739400909
25481926,1701.6999918409133
72167432,1863.8737612640705
15652519,1121.783711072746
58079379,1145.8487263515335
81779274,1761.4643475905496
11313638,1541.709107664071
82915596,1633.2787615711384
12551058,1758.4429806037979
69374139,1760.3491352715089
27490970,1593.9057515342806
28663701,1393.0933196143517
51901697,2268.850862777068
19964529,1918.7065779597178
14203976,1955.2090383306847
86724526,1571.9222436628309
46513661,2048.9514965688377
42464585,1381.2619411130831
14360059,1393.3642710674258
72181637,2313.0703649667666
78956787,1618.7232329736808
30264496,1231.4730595730582
77227528,1579.6305558379222
50534372,1508.001598741604
12187853,1885.5449706906782
97814800,1547.8216361815191
49704538,1602.5220993269143
31844965,2501.122478580972
89449307,1090.5576395906592
72286626,2128.438650211342
90641879,1753.7464419358002
39977212,1937.0050047373843
56406335,1354.4003313169417
46671061,1884.6171580261316
21883230,1443.6207369341182
57754484,1137.7323567518072
96138639,1872.3344365589155
48581654,1828.4516746125605
15477564,2232.8626128609385
18367532,2174.0913802880004
57040971,1053.5721485969534
24677280,1916.6337944824293
38279741,1127.84238920236
39630161,1714.6215052142295
94354941,2369.1361664052365
73739305,1505.9140924758042
36839896,1739.9364007468532
60950133,1254.3424325388146
34560824,1288.0224139808604
89848060,1657.241749103215
21727334,1840.684064958391
96402755,2686.9658610396073
99203156,1412.720289967099
69252455,1531.6573588138606
86645439,2849.694919928809
83677892,1353.3459736036352
22897635,956.9705279398343
45288708,1594.695870864178
59969436,1751.8285187034248
94774349,1336.0581941534408
16886474,2043.3628101831157
44198009,2851.4904682354045
64700341,1222.9034172737272
64505698,1308.6995891632278
77323444,1502.8786671123823
27706778,1664.8250901772244
59628829,1308.6357897305809
55365465,2076.5844625370764
69970571,2401.211533798456
94271260,1506.29620655504
52700573,1769.8080960907462
45014443,1838.1643522784632
71021280,1761.4615266407602
51886091,1633.6780372803107
91170937,1841.2719404631764
92081846,1735.4807586478394
95719079,1807.8716917157387
12428005,1294.498004101207
38292857,1488.322710579968
75786036,1755.1890138647932
76868352,1654.3163999324197
61787836,1759.0981350234204
92993294,999.1250068425971
23885591,1285.9474710794007
40800066,1492.3306978144276
56146741,2121.298881802675
49447892,1572.6625259989273
52965378,901.4560344353041
93685952,1336.315754355536
89649731,962.2337447290586
47102704,3052.739921958854
52908918,1756.876566404561
77943419,1413.9700483973434
92500699,2191.8873759750295
51420779,1914.044137949109
72830394,1453.4147791726327
72781023,2178.8376361296077
16161212,1133.0947622830765
73724856,2212.912180844367
76991618,1167.4663235086823
95797758,2205.671952469477
82786703,1008.8058651662512
77183119,1533.837538712064
56026782,1192.7709885908237
16589083,1520.454234490204
47749953,1427.0994706757012
27187508,1588.9026089621643
51723171,1674.4418665582525
56627258,2041.0176698507605
75635227,1151.922960765846
57547046,1322.9006776719639
36631973,1967.8706443156857
17463415,2401.158224059861
26674861,1276.454642028546
56995341,1055.4734607558185
26126144,1148.9171700943036
58450363,2301.870627968462
89312269,1032.9632588999448
16817991,1327.3303214456619
84965319,1265.1400116407679
43319013,1811.7053695295524
44400321,1152.3974546686986
80024230,1190.2630306104165
74521218,1912.2752929053054
44832141,1586.6634895374611
70162625,2060.960368608542
43589357,1808.3747937275346
14100726,1422.6255654243741
36520084,1248.8665344047633
98999098,1096.4793934776505
14148442,1584.092459980531
90033275,1833.669298468596
19819492,1038.714371034906
94929441,1613.5534661573665
64769677,1375.4451521475785
80605119,1596.4932153229893
61896581,2010.165915339551
25053770,1587.0840344948544
74893395,1894.015872274773
53560531,1361.233955402437
89710260,1351.3067168999044
93875018,1432.9202124995873
64766158,2716.5389068295135
54305179,2088.681376184428
30403292,1973.4323667021329
60767564,1940.5290824767533
35303188,1460.8336816102958
21177257,1903.9102102699692
15350431,1945.6557194787736
19112314,1431.5829554242302
10078818,1772.3426892218833
23150338,1791.882827510785
47635759,1814.6412181369685
30605686,1272.2605359921952
29709781,1699.5597370417943
13735642,1162.5228700837533
99020214,1424.709695953642
28873624,1796.1625565091297
70890497,1491.6999839999712
99675492,1483.4588199206764
62216584,1864.6067339361907
84668724,1062.970615592281
88738488,1660.259330548763
35683009,1286.8668561017262
72816721,1607.4385281228865
19163259,1754.187352202774
51202613,1587.0927118540333
56056704,1009.3406477634189
49879334,990.6672837951367
16786843,1525.2224904131135
47533115,1787.2305830268745
22109413,1287.8812370198004
85518746,1239.996128410765
93362991,1517.973159313385
16124077,2159.718488143064
76182432,1189.6709615148288
26790843,1476.6842070394252
89672220,1794.3602477585564
12756298,1786.2890338162026
16926806,1371.3603511829024
14000956,1472.4053918588988
36806959,1374.5082606638487
87017954,3474.9245077880614
43944283,1726.319245232061
44101724,1020.5306539542453
67316534,1197.3591704423754
88490548,1350.022298601996
88665651,1877.898229548109
83830852,2616.4855184336175
35512699,1326.4048639808632
49228670,1638.2684838345187
47172196,970.3950519532445
86195285,2258.6269082348826
61100752,1669.059428408611
23609539,1521.5895851025612
95881788,1683.7953522712394
44925764,1991.0776246229495
83971268,2552.8416035439823
17370699,1327.137055104386
76384877,1387.8648638988325
93972349,1625.5156052913314
64752973,1279.672555005415
22747583,1321.7150917632648
38304968,2328.8180677604105
10235307,1556.0212731184342
25779125,2230.420282915863
12843653,1275.3354862059118
78094768,1488.907739359508
10635284,2347.2102778776743
13687234,1485.9945970896445
53936042,2119.8138605009945
82732686,1122.292214787983
96543781,1922.1052608569669
82228529,1137.2189604915452
12775154,1596.5390545352598
55255907,1471.2693971967913
32916130,1318.3550547812201
18504284,3333.8294357977065
65825890,1787.486757088496
33391713,1533.8581209080567
93331533,1590.8839870294364
89345152,1781.5309549987724
46576484,2726.830954866058
33320733,1251.9719975804505
10724817,2846.8022044878717
41244276,1982.2803516603592
39841607,1543.541465071359
59463885,1818.7608984823007
61317492,3911.5523691936405
33725830,957.6467862976632
15316450,1700.2379836875139
53318939,1975.3552394948706
82300735,2308.061748148567
44927585,1438.3122249511973
80951510,1776.945018344164
51421456,1966.46231710514
67936055,1849.6452525904863
48065777,1003.1896340434686
56103730,2347.3630489012503
40566531,2043.6269647430724
61129612,1774.7791591891164
72015593,1503.7311605876155
73826407,1249.9331812231405
88021730,1380.487782138792
85653819,1470.5814943194464
45194339,1462.3951848106358
91086895,1432.132787458749
51919540,1697.722533731158
23157322,1574.9949207928469
51628095,1925.1980790395949
96537190,1792.8550019258141
53402735,1481.7653583683636
36360155,1070.5913597177816
37694507,1810.9433546129355
83593533,1590.7604878459142
24284452,1689.127821121604
21000889,1697.3689291624662
18518898,1175.1693774031567
11533995,1719.5116517600006
91728492,2204.129330092698
32889326,1049.5764059853468
16392740,1408.2313072284182
93954664,1406.7158092951308
40527969,1653.5938299390132
13359501,1405.0894032586318
54613106,1028.3615891536701
89494294,1831.9282155841295
43243456,1555.392429924202
49320975,1817.828366992507
66824387,2109.2418850077675
13395531,1338.6633020653858
84702746,1194.2015646688633
46376987,1800.4001315144976
16949551,1376.3888221802865
76113598,1491.3361750510126
88051686,1464.8514682512914
21575972,1591.2509742757682
25797068,1165.67768441642
46519671,1419.550521769815
62958708,1595.1157517486254
41163598,1024.9657803294788
90108134,1438.7272960327762
40305514,1677.4678789132793
28323820,1598.3671526612825
36148206,1227.242923520218
41903222,1624.8677822116995
34111269,1661.1818765285293
22460898,1844.0752651930657
87095926,2043.416220994852
99063606,1634.3799736741762
41090287,2720.49154207178
76553835,702.1937401479398
40520930,1845.1703439891473
72499276,1629.0452812102428
40722377,1906.0852501259697
23596828,1856.2299111496995
94118199,1247.780041614875
54177823,1957.5467794528263
32744353,2439.1653847302778
83540534,928.7516400237631
60135160,1901.071058208414
32215997,1117.0531546278203
60591783,1358.3047547743572
75534413,1292.2342980826434
74381587,1738.1247324810124
83928867,991.114458942603
31779925,1520.8181142643832
71389415,2192.222773159994
36657020,1389.2870102569523
52833217,1666.3358702157618
43206206,1298.1903238207651
21701449,2109.157817408878
38073031,1256.3131054421654
34369333,3135.0455609745322
92620587,1754.1908388119095
11512547,1609.7260414751674
81501365,1326.3553101240545
91014044,2480.3476530148746
90225400,1975.6425538064077
77353219,3348.318909684447
55291546,2088.1439942697207
22923482,1311.7611310942625
14288303,1315.6028614961601
55909136,1474.1957124890075
41957261,1222.855901473321
17675131,1361.145499077947
13490253,2151.851791684121
79023756,1600.3273407657343
98393510,1106.2773051507522
36169986,1424.4733559468598
98879925,1384.339487865888
64713126,1313.7074287391947
54807445,1672.4436040953597
76751871,1902.8852929148893
98441518,2381.809793585422
54149693,1833.5579441225111
42794612,1366.0554890580113
76036112,2690.488623089327
14657728,1677.8785332920736
73292737,2598.051233513337
37897222,1404.5319291175792
24707301,1650.149527791857
54570938,1896.0375534048453
47969890,1043.0230304941228
86391847,1860.9243127402774
43251995,1373.8481612047528
61789630,3204.389258934337
12601759,1375.68151408153
86045386,1218.4849872362217
67870680,1601.719654927028
92603070,1175.3417978740893
45118743,1373.1169557218473
40352166,1605.4682666155154
96817260,2350.773819794241
70031890,801.4722653255175
18280163,1514.1845356663318
84418154,1458.8074903094323
50657043,1161.0704472630464
24196657,1812.2110502392134
30339428,1524.2217935799943
97021401,1530.8654502031234
35926246,1565.7676320325652
78296017,1838.038866658889
91378970,1044.5274120548984
80348783,1539.1522732578562
90424864,2107.100934023586
65449342,1266.0499875179614
50552285,1090.313687575854
96371635,2292.422013303053
72833770,1574.5802785484548
94834332,1070.6161599519828
34291304,2367.0015052486624
61020465,1670.3891020546166
58556746,2020.5628354873738
39138083,1749.605793987371
25334186,1995.55510044115
34764813,1893.112800531747
37404139,1497.1771886672852
44171473,1377.2533449387786
32137098,1285.478084892263
72644851,1430.5433034776825
57301182,1495.6648532227396
68777856,1589.9391441198375
46687209,1120.0551359996616
69167315,1404.8772359696554
82057134,1623.570621442879
28611499,1556.1105277013148
73817431,2103.3279846274327
66885663,1935.2782705410218
81244724,1382.6168608713808
17815149,1712.5888462616365
76792976,1559.429191552005
32232188,1355.786475613511
32884692,1481.720505536833
51904668,1996.1093924953439
54177086,1516.849157107589
79785130,1863.2353387009
24791309,1133.5892601913802
79748184,1193.647212528354
71076766,1627.7070834695405
91713473,2148.2484349090682
21889636,2496.990883295046
88684450,1537.305495521775
13868166,1061.467794382008
72609306,2769.7903795397688
40230821,1047.5164284658301
65326864,1219.2084071076345
47873334,1749.8204575082646
38502225,1224.1092793956368
78086792,2122.022387069058
19000370,2690.3573200370793
18794356,2057.1299913211915
15695931,1280.860802301671
69820899,1148.5490007084807
42730808,1877.2006484152566
55693372,2312.013599171147
39793167,2557.1924889074735
42174587,1118.5567864723253
17562701,1333.4988973012075
75887228,1389.0845769595337
86381737,1008.6630521592714
50478816,2111.9644790816774
59640073,1592.2661682214996
76678970,1448.4991919611236
23159711,1383.0377289731503
74146213,1403.311229049136
73679527,1356.5095116397354
83678670,1280.190430846866
82153168,1670.3882030706231
81585077,1989.6308699511667
51172809,1672.9997244548958
93348209,1211.8037994628642
40526730,2741.609381164335
35477741,1835.6035644864394
26904107,1728.4530270320843
98083773,1431.5559806876204
62394914,1638.2518701405882
38403298,1607.7876274168666
19395977,1667.4378690386648
28561023,1321.2143807814616
45885910,1524.3512639951712
95086890,1326.8245156483129
19776574,1287.5285098715829
60586201,2039.0860901568683
89147481,1757.0858744447364
47209892,1411.1250202508736
47476854,1579.5777680057756
60953282,1886.9307250189017
72001460,1587.7254333505161
22546493,1765.255137660896
48912589,1816.8701481118558
37241017,2250.8250547328407
40152795,2159.9353775376303
45771924,2506.9919469040015
70307319,2381.0602032806
42825484,1545.1416595827461
32535623,2558.4055732257257
54789245,2213.2691066551706
72682970,1968.1889691753022
51218700,1853.565811201422
16039328,1269.6245811394344
44678506,2829.553087929885
59530373,2576.5089317543197
81467001,1341.81230485018
50258434,2198.0255901864602
27681355,1540.102164858514
69431073,1302.2208284526632
93968709,1806.9618008901807
56478207,2210.5634968036456
19466001,1926.680048712624
45204787,2358.1497948023743
44120969,1232.4828127696458
11347094,2458.7676965472747
33817003,1345.0480854710845
84812841,3047.0203194361247
82947487,2088.3875126304583
22317982,1628.121873591483
95086863,2314.8382837656945
73084974,1264.5968098783362
96665202,2221.7068355501433
52954565,1360.882036719113
22781049,1438.5732267071107
39742164,1641.4590246316852
20712973,1347.4014629063524
76124953,1760.5393580318193
53726970,1595.2988351281979
30895251,1645.3248969600656
87940348,1766.4756586951971
95321478,1541.42665579251
41613207,1688.299162775936
64780104,1530.7172067124002
72574405,1805.013646802771
87909513,1086.9413273970256
80918662,2025.2720291838248
50842195,1281.8754335596855
37167999,1724.9087094318156
56430683,1502.430450022239
62519911,1179.5695824498766
29251792,1398.6149059643456
85925973,1563.601403997794
34644536,1213.3401355518092
39276706,1308.6850825868469
81892516,1890.9554774542194
30222761,1298.4572525076937
10422044,2070.821954486266
28074362,2396.185955155782
64967123,2032.7232809921309
38282963,1397.795703260389
76769818,1525.5739026749902
81835353,1943.2425124249162
34737343,1489.3598488193804
51032996,1443.0403764853565
32565254,1694.3310929185864
51764743,1952.4475454273893
92831396,1871.2676638569749
84077215,1550.3360888066431
77480283,1589.1883188803763
52724196,1012.4976766727998
78039908,1468.7567289958301
46605850,2156.8809519662354
61041851,905.4789111584876
10551671,1363.6349826216383
84956232,1603.3845454767697
93609795,1071.8667592176919
63261476,2296.385584898796
78773692,1641.5815098879211
41527728,1148.9130756901516
86838609,1366.880061728537
46835475,1476.3607441523673
23285553,1305.5311720808413
83082562,1521.6027465807206
33889237,1682.5970346670924
46836989,1975.7364563367414
42683388,1724.408475128476
15212938,2578.933273814615
63857629,1480.3508631656543
71736760,1427.304775400239
41166882,1485.1120280333416
88287708,2098.8511499989245
68218612,2125.29206682956
34505104,1527.28157481455
50756606,1609.9755699607558
40004505,1558.865116351562
89798576,1544.9872486574288
43860123,2440.7411903589164
93655218,2186.5831661574157
71051446,1207.5616252945865
93380848,1207.8137487421109
27980449,1488.548699742103
57084880,1639.5592232710821
46438239,1392.6764985421523
30942515,2512.376356196297
19590564,1587.7240679593788
83623165,1390.20883317641
76716085,1762.1080025907056
60666996,1922.2939121716724
78361983,2075.645240610397
72701952,1484.1140498526092
74922910,1394.9984321863733
63759907,1602.6563818641803
68856134,2127.4619714195615
79795778,3417.3389356416683
97178936,1471.3282088729507
56185778,1294.9415001850168
48290079,1328.2303047466219
29392023,2509.3737389310363
54780943,1653.8895395907402
97751068,1538.8465584988483
69746506,1523.8189456746097
55371174,1766.148181796273
67781652,1468.363074189938
78245291,1628.1486411484154
64158812,1976.9166968644306
60974365,800.5796921786433
12800790,2095.6069963567616
96154030,1714.830827674326
98482327,1584.7551610287262
17464700,2139.8370201732187
56270967,1759.946020048917
46584495,2077.0921260099276
72785702,1420.694266378835
41281460,1610.3937542400763
80424496,2566.6561130935943
18835766,1857.9980108571071
87502261,982.3086896462097
96135205,1992.766553311468
26258289,2635.2314569602195
75302604,1427.0586956228717
98645752,1798.34357525034
58643859,2007.0381535200324
90141148,2007.4076460093893
52181895,1322.270407969286
16710404,1584.9419733228372
26056734,1614.126092368891
39602380,2043.715954934359
66983144,1729.879614298903
52507579,1278.3939393940432
97432890,1476.425753250219
85547503,2422.1655524525877
63906202,1625.3733951346605
84599750,1706.8602799978742
84325254,1267.56138591999
39975048,1777.4547051899897
81574706,3483.613878391953
30468791,1350.021737194285
97533812,1390.3071284640464
18711694,2142.226806841434
51787778,1949.2092026497983
61409887,1867.242198468606
22014620,1152.5288489584468
38836545,1365.7872446401084
87391833,1245.6160290348662
69117778,1303.1898752538068
68122788,1863.5725870881106
51241051,1583.7434973302381
87186215,2195.7434695796383
84468326,1490.6821969234893
86410473,1701.728513515525
56236242,1894.6353844936646
59626902,1295.7352657386823
66112801,2410.352956668081
84626603,1174.9551447445972
68630773,849.1944492214685
33563434,1138.4067214924971
52975992,2180.3273609332573
26817104,1779.369972179849
19501484,1428.9117382653874
62595745,1664.7164921395758
41563117,1920.4885948467465
52796320,1849.638273146594
21489695,1816.7026852053448
56658010,1507.4311217984564
91048109,1382.7910617918603
68814610,1566.05780614891
47089966,1744.8962113794007
79261064,2016.9700997563675
43267298,1672.6731522887205
35491922,3809.7624063298117
91103900,1756.0925457222443
81885878,1150.1954658743311
10004659,1765.51123297386
49810234,1326.767969016284
65062190,1628.9641665689405
57566037,1757.1325859757023
55754004,1566.505844106136
99179360,1032.473870459442
67491962,1642.6408836311477
55660033,1485.8687630964066
96584547,1613.3342501101938
36088377,2182.619645215018
97242422,1076.6630649454553
12109366,975.0605462198762
57248099,1746.7338772293158
46843789,3352.846570483547
15574311,923.7266113243124
39119987,1635.5305367316644
95964371,1496.4062824039822
93965777,1400.388305010869
32720737,2059.8909275963206
38011636,2339.3717527551144
28738450,1569.892633808297
82845868,983.73636633622
92357814,1538.255612744782
94273774,1192.7305410930453
86770972,2091.3832373344376
95965665,1494.6363833178018
80658412,1251.0162303504796
11188732,1054.391326017487
78466957,1209.1466766596577
77853776,1494.984556037526
81589793,1390.2127766327458
49765777,1691.4610858291483
88579415,1407.860796789634
65011154,1311.3622090239244
32352609,1503.417613015451
25644810,1301.208063296398
36867135,1715.0898348159863
88848522,1653.1618269215976
54293859,1745.030485031944
33019527,1256.506347099068
46924492,1161.3455917226615
19488750,1384.3843375276629
94594464,1362.4372388901925
73247876,1607.6473757200813
71373451,1144.4644161430792
27655514,1520.8117743842065
94112335,1507.77397102768
79135715,1250.8648197781813
69231521,1433.7438412932063
11994136,1716.5671973420606
27288623,1580.209713699186
88123955,669.333349996594
10000265,1252.7367022733429
79772833,1572.347025690876
93882232,2565.941485115821
32109681,1179.7274836827385
65404136,1801.4207883167367
33831079,1061.090983001019
71847266,1211.2638416928967
81003839,1114.8558752362633
19285579,1876.025016606818
51911514,1956.8977046125883
55539434,1830.595262576765
44536751,1140.669669457505
70028057,2320.6482851107394
86860126,1907.6782462060314
64254454,1580.1980942382363
98284782,1892.2818850432977
34610652,1500.684226590967
75568847,1588.437458631291
65674652,1453.4152913156597
55019276,1464.6660892904438
55592552,1368.3415106542277
94267636,1426.717825773271
69222634,1312.5319196386545
85591369,1046.648411656313
43835656,1435.8941713695424
87803052,2290.413504521417
26232040,1570.5369591716062
91061668,2050.1347448422603
30001734,896.8033745909975
64074995,2382.455286203226
98892450,2129.1719427330736
30473837,1311.9451240811206
95158643,2095.589635420023
42377220,2073.9732702966494
64814717,2030.4724729460656
30148862,1706.6334495918547
62010302,1766.544971968576
99477712,1587.0020480565859
70875105,3156.3394524378
20465640,1259.2440826988168
27850961,1061.1375680070137
44835254,721.1757772239387
37634561,1554.1874184927174
46702648,1943.7363799117059
86839823,1401.3520323413063
67985741,1214.8449076807606
27791703,1402.5807265958056
27289673,1393.7605016947077
47043760,1415.0442494003435
54808934,1926.5988368897235
98155995,1891.5840063001376
69341643,1828.732014185491
19401682,1436.5421792214972
97496254,1043.0231881046295
26009392,1340.3405250371036
76357312,2181.2981546614665
60644292,1920.6936687401897
92095667,1608.020468313214
16021125,1786.5081363686202
52662306,1365.5683674329678
22527415,1340.4779366343505
11178457,1786.525342924419
19452873,1026.949857303887
89463603,1729.454598592412
55778959,2577.2080344705364
45079947,1412.515836714811
71913651,1616.9406702958722
26030335,1643.3210976987052
18887144,1336.8597389350384
67192573,1490.1917642040544
93955593,2341.590741468285
51025425,2335.1274865020678
59882564,1363.851095503441
39586553,2188.709111752378
10235871,1891.152398830137
44636319,1030.074748653645
37290007,2447.722370267398
14108687,1575.1210167301376
34932666,1213.5645817820546
80941617,1393.6618304161068
54682782,1573.504100812506
89652985,1591.476225981067
13137515,2514.738322371486
69623259,1539.4078336595114
58672181,1910.8622423522243
19145583,2304.3145055581635
15756823,2057.531113311593
48404289,1558.6223302667208
81082424,1415.321818751741
73224913,2240.3708476312386
75845341,2746.299653991243
98474913,1698.3626691471638
41962691,1362.7496690718258
48961741,1941.6942216780058
87593653,1168.8788741126698
84917993,1091.6883288756512
24081947,1447.2319962284837
54462462,2203.3271116468995
51963469,2137.467955688313
94467679,1360.3676041656784
31642363,1367.8078392421107
66097711,1444.3997604019917
12884742,1447.37684299588
94999391,1438.7795225593773
44605879,1618.5748336887275
35787017,1494.0756614702188
45450960,1481.7441712204793
95291199,1197.7866285436487
96016558,2131.8776809811116
84566828,1690.6182148769744
47412693,1104.2805880839203
49029700,2272.976116291172
60010012,1337.7345548189599
75883768,1396.3375975690005
26202342,1273.5931882592843
42317663,1477.936585476005
81534336,1235.7522330819916
89007837,2176.981091504701
55830410,1433.6920327738483
42889086,1196.0268849932772
81610198,1462.2383429500205
17452253,1287.4182940314388
71203731,2448.8343910825597
80449971,1440.6589662143006
69429731,2083.8326626420394
54605956,1887.1578801070473
34299688,1481.7060218065435
87819668,1930.183352368029
35995429,1214.0822131725315
79395935,701.8744413159226
77309412,1604.5317612034487
43863935,2094.0837846408986
25184246,1564.0897611391715
36615071,1247.8092368512466
38474717,2837.1557489313454
93825316,1107.6638847424817
33683398,1437.5937107479094
69346242,1930.1894626161288
59095929,1995.3652377541382
87118088,1267.4586503269798
45924958,1731.2973940786537
78591323,1602.7459826587963
37759814,1718.9386146875427
79378632,1737.6552767798846
74799649,2316.8128617786624
53222755,1625.6973724805
36749663,2355.1779361956505
48476133,1984.30757802536
49028666,1936.1459603411477
74177764,2132.6097166333893
14771208,1221.2191042058084
53613430,1398.299067838519
58749152,1334.6768116897072
32751897,1690.59174258874
26470651,1481.457800624279
35002941,2282.151079412457
18541890,1319.5822133109525
57596711,1579.5229782107476
24072464,1228.3768239617305
31435093,1912.080994032726
30602585,1631.922476606589
75360000,2169.039273433902
46273615,1968.877539879318
95181699,1416.913896574101
91310621,1488.629338684527
82017783,1375.8741456078353
70908643,1634.2867202096108
15861638,1900.769474987317
50835625,1941.9451359730467
28964861,1073.490535799405
29864397,1221.1826794631097
12057084,1529.2373759671475
28334945,1848.4228470630844
60084019,1437.2268482512238
63996133,1124.8013416927301
24215888,1208.7627025152983
73974645,1323.978399822055
75072747,1305.073790021267
45633768,1669.3850596998655
35646913,1609.2483150725327
53661067,1602.859403682373
78907585,1974.240046865914
76922109,1782.9405015654393
62248680,1868.5419966521226
73320273,1697.422300946206
22179940,1836.9372865498663
26991418,2060.1252075281627
21855522,1788.3733555823912
55265808,1822.6887726657426
58224140,2063.153209237911
19913819,1282.395534441132
90275479,1505.15658048026
97988475,1760.4616198188558
83636674,1583.4358889747018
19875524,2844.3025671042496
90421480,1414.074821174005
81793670,1715.8399386847211
85521270,2055.332825424057
97359529,1265.6902375727161
91814930,1492.3278617374622
39016297,1655.6910209888601
94156929,1793.0151127652368
45023538,1638.5867001685551
58269517,1228.1661142669655
35694304,1353.832750029285
64951262,1297.6545670442927
95920942,1610.7857144162067
41847450,1476.958394281236
15255858,1455.7634864798927
95924527,1418.4002041539338
12518283,1937.8251908640902
99811369,1349.3993128946445
59569343,1020.9976606966229
47206769,1112.8663023808265
51079651,2480.6256851089247
23194465,1820.2463577819756
83356805,1869.8771695515727
26586384,1195.4424969404047
55548495,1235.3522272010978
86324071,1626.2312713170315
75101749,1822.6718741205443
16463144,1088.9790478427465
19396787,1373.1789093835719
33279246,1529.775624079871
49233593,1861.0990589428995
48210075,971.3746477380952
55054820,1406.5771058222913
96257897,2760.557047807455
51430742,1769.2515359540253
83437485,1691.1149775142633
50578351,1912.115299660287
97275251,1818.6817742094088
16222585,1483.488169510257
39525336,1947.1203605152907
78481250,1942.4841085738958
90967247,1308.867119078775
84855982,1541.0565873583014
57782649,2075.313094219863
77997002,1456.346760694186
36215630,1848.1687302295527
95580912,1510.4897583040636
59034107,1559.1609080910753
74775777,2307.3042506907723
39971311,1473.134673065109
89020638,1943.006877872083
51169286,1680.8370668593195
99644215,2516.0548671881106
90744203,1616.9760264440924
96320211,2220.009380966464
36465697,1633.8263078228558
86214609,1900.6830140055322
81033519,1326.574566492966
61860616,1032.8465573810552
11758072,1447.328088822535
72796099,1069.5754243467704
12154166,1124.718980575973
48588483,1432.463084988661
75800458,2343.256765494003
27360889,2376.368713152646
84455620,2866.245458427784
94594944,1307.2642805811295
73063439,899.8232788374708
81513909,1585.7073065223447
76078349,1832.1938721724657
18738053,1357.4194006133253
29574045,1698.399798524351
80540560,1551.8291435395581
25751173,1409.3327213647476
26008933,1456.3202888135609
99638568,1504.1476647700808
16106243,1797.566212661624
46712863,1131.62115499867
62434322,1759.9422097020029
41483187,1397.847734316307
56776930,2806.004004397584
79612305,1592.2039289091408
64780825,1777.0003744773107
45536007,1323.1459985702159
46661025,1869.539579100233
77061678,1244.2381701467373
60393588,1533.8405569174636
63346660,1083.714931096995
27845955,1414.0551040255984
55504400,1494.4507889077868
29005367,995.5897974628328
22069246,1066.3452942980125
84008491,1254.5603618425
17133631,1048.6512720728024
84832150,1213.4329994534473
45723864,1704.7429995735342
43493787,1495.6666106329308
66097518,1363.9550364178813
70168465,1787.937183219491
94063743,1121.0583871320684
14576418,1630.3203460796544
67277120,1914.5293885338137
94345958,1879.6911123357943
30685847,1378.586871689951
85948230,1596.3681319247646
89817663,1685.1742701244002
32957921,1901.878693616279
46701128,1625.7067618288452
70035645,1130.5054634611572
60395047,1828.8681166850681
88839252,1633.3917997038016
84131490,1202.299794939539
75586325,1524.96024712106
80103534,1291.381918259217
43032685,1257.702781948016
15972126,1565.8516948278407
41404247,2331.1879965471435
38893753,1294.6783250025653
73633779,1910.738201936178
35904393,1064.404945377224
24714022,1977.9116779405658
19048345,1091.9389622911133
47004008,1446.8694593338378
94742593,1892.2989970081694
75269823,1711.6136044257942
25552669,1040.7402770586095
51828771,1383.5418171574966
70179002,1187.9229620404979
38115411,1707.438874569333
40317565,2254.9411731530354
21110207,1486.7673012510288
84762082,1483.050161727988
48690899,1855.4805407343367
76594160,1621.3240729766853
54192522,2407.198695806136
72813893,2358.1639718868546
21004583,1403.1588139526893
64817154,2349.12305482412
42706195,1485.7302708280884
48103074,1577.7476352109616
21878260,2063.515349794192
36272220,979.6155485166493
13817497,1559.9234646403918
41737305,2064.6914747744995
45517239,1738.8494854247388
89500514,2233.9483322194465
35952974,1142.3907174566632
79180368,1627.0783850283133
49972479,1953.8483616354856
16468436,895.7598507408408
66415757,1784.8353506723258
60737619,1668.1942178772786
61065232,1459.906129998746
40172654,1326.7091880250052
89609665,1880.5449855878567
23952725,945.1908347934889
72896307,1817.6511246385635
43835334,3153.123306359298
15170417,1059.7677968235619
67479665,1252.1879439900306
33361674,1492.3179085433273
44130617,1266.9397016904948
51579953,2079.9345852051147
75908580,2070.4658221820664
55554604,1713.1017032259404
78855633,2135.3866476172834
16657542,1699.4250212534107
54732615,1810.7863560709804
61746292,1882.8807979100504
57869356,835.4509077508577
29926611,1475.9000545372585
75275045,2876.4726601393786
47886535,1563.6310320416871
44918482,1319.1007935848675
78968246,1808.2076884564656
54136456,1651.5588454738513
90807736,2175.3553650856684
60276696,1662.0931381106636
82048962,827.0750183388687
92669446,1783.0525288674767
48680297,2054.4124126980214
20902349,2458.944152892882
56991657,1970.5089625689102
47839152,1615.2970095957012
78844128,866.1688236314172
13384224,1422.3359835405822
46213331,1814.737358881623
34116626,1030.1084538676514
13884884,3106.2514620854563
86060261,2149.83067284604
33698474,1438.5424340444226
65729973,1254.7709158466503
10671871,1506.9793955031566
35704807,1640.289176258069
55231783,1681.564020407589
62208192,1787.3556820209342
67563103,1697.8486743565925
72548470,2302.8110920919917
35725437,1727.9301752024278
91119982,1687.410987442837
58303560,1939.3186884639297
48430844,2040.3534030511598
17825416,2385.7162630610346
97821966,1870.7292887075407
76538437,2547.1882674764065
46855429,1314.3325206586
70135617,2006.5831786188114
68330883,1119.0300291201297
82205109,1690.9367458177992
47743752,1865.347763829997
55059767,1151.7728414948274
88243398,2606.504109363008
44699350,3417.4759083179333
35330178,1541.656071688921
25203468,1419.3420080696735
40479165,865.6098755244224
10947997,1056.3313315639068
76351104,1602.9926014252487
11445786,1690.2764460929484
49470754,1375.6992228102094
25466549,1746.1977093265764
68081302,1225.0148732222353
66965573,1758.9000561424914
91230160,1958.5362405888875
44322697,1336.6040352722418
17542284,2153.5601569618875
43035885,1552.8896596295003
73926094,1117.8601318625854
64948505,1562.9721864786259
78950808,1254.8491858648763
38422125,1234.9044671725303
70854487,1916.7089869958234
96303461,1921.5495509563825
46698218,1735.309818156661
42918073,1637.4940440437078
60976113,1427.2614170501458
80414616,1433.3186078310946
11919826,1601.9737479584776
78548658,847.6624438962673
21857739,1393.088869060067
29877271,1872.843124155297
12698388,1868.861646603634
11871707,2439.879424169384
80819542,1390.22814649795
95941128,1421.7715286724554
15401105,3731.5058957082965
32754426,1529.4117688561953
69235267,997.7719825578713
71590075,1942.5118004190788
93562904,1626.8909898516229
48418506,1054.944097681629
91190923,1496.6757058089913
33120061,1181.8514557900273
79992717,1401.2422411364469
57263719,1901.2472629749338
97902872,1619.6174509693453
11659952,1408.7691129431535
19463140,1767.0604666174522
32523829,1625.358062697702
91862885,1702.7356074756337
72799092,1975.8075137205687
53477503,1594.550326783794
66993460,1748.1116566081635
13665562,1327.478847648433
80709687,1594.2676066051297
40330962,1795.3762460331156
42684844,1548.818404522243
27675885,1986.0971383341139
38250322,1439.5615115435546
63478776,1487.1944951102516
62285686,1777.0777397528695
97553472,2073.273715526664
64732641,1668.9516334726634
10341748,827.171878845605
34930451,1549.2037834327875
53726168,1460.9188410559618
69426758,1234.0112816783978
90029637,1248.2391216401945
94611401,2311.0934067842672
31394855,1500.6131973083995
36645175,1565.9817828510108
56281801,1218.7806930728825
12148162,1717.2866393598338
18771087,2012.0447463999014
15509457,1557.6219867628402
58811830,1465.7343436288909
73003066,1838.9182942034042
34190353,1461.3559910813522
70731913,1165.1570197424087
55320872,1911.6487012218931
41886703,1976.0492392549725
16884593,1284.6003184775604
90415325,2991.070189817652
28408198,2451.401672556207
65914001,1626.1763743224765
75122895,2191.1030743180545
80177938,1566.4272683221407
37984269,1541.937757100646
81491790,1878.5658033271845
37294085,1580.880276777835
23335477,1265.8907406463827
74996570,1406.1425111006454
11602841,1511.727078974367
70152712,1815.8072723975133
37504288,1384.5432402073568
76619689,1146.7427996583065
95075447,1660.2596477979473
62779399,1775.8070528746953
66278648,2449.4981832303856
18002070,1631.2389641882696
94135062,1237.738735156726
74396322,1219.2453413075048
97169764,1785.4822470162728
84630384,2083.90614915519
46052909,1156.1452858658736
60213474,1788.8295355097914
33797784,1811.353913710554
59759309,1673.9656032722548
47001738,1663.8301658618068
76899861,2678.0923695800047
54444766,997.0162146447474
26850612,1516.4920199432706
22468145,1405.7944337247905
39243645,1333.8060046608202
35759583,805.1879540404002
92468992,1655.1938561163279
68717112,1308.3388192226375
47344834,1211.3226878657515
52115284,3084.64839090844
21042322,793.5536795374418
79258805,1624.2485126772754
51304748,1807.2091818627946
23253686,1834.5179281196918
43275074,1475.347103400548
81602713,1695.8057965534585
60924053,1423.3324985346792
50363853,1812.511038987161
28412591,941.6714618394298
65145713,3150.888627051794
47077663,2011.5170553828468
58136966,1434.796453796864
67034290,1193.0447780558952
72057747,1698.9115194133203
78034116,1267.5449135874596
99365155,1736.8790057862418
56151729,1666.5756669531058
68997667,2129.7080645596834
46532370,982.4540036980354
43276809,1775.1043857710404
70460118,2614.27918046839
66150334,1547.3048764189718
92614050,1414.2237986919422
69313526,1460.870007127033
70949373,1896.598362903908
98595102,1582.2773893198387
57731071,1172.5306676164694
58855043,1450.8087917866094
45456441,1874.478936477171
39733268,1276.860244186333
71064725,1430.1610685532812
29668017,1717.4923586191687
94555207,2070.0241346860494
60811404,1679.1444425865675
53154973,1383.2980111689972
79534885,1583.6322762454297
82049293,1826.8840328367069
19578533,1094.666665909823
66374977,2112.258627588997
16850211,2127.5853113496732
98217866,1474.4015132195727
33773989,1477.9932237050884
14998381,2411.019818341084
92421507,1246.9624370076997
66591282,1129.04270592262
27243576,1678.8775251465108
58962954,2123.487293659142
62891715,1027.1350060679783
40256776,1438.7140507569907
92014626,1638.0754132113261
68868046,2136.4040174997317
47811896,2027.583167299209
86438296,1970.4484525344028
10421272,1578.9773464194072
56519274,2037.3818817032763
84854339,1915.690837371702
95049673,1768.0660235219893
65578696,2681.3813917773878
85747970,1225.0890728838483
69874974,1090.8331510788025
34594425,3156.4139440059325
14874183,1865.4225985417947
91643227,1454.5008618922432
94998930,2629.011421806338
25184219,1916.9563002444797
78637662,1347.140316584048
40102355,1918.1161454208195
33004293,1578.2537889470107
85498300,1746.0198401583027
37721019,1612.6359342056046
78482421,1434.4891248440586
81912650,1400.2827303007389
86410146,1602.3054733079568
69095320,1104.2689653964667
56569332,1441.6118871919105
97340317,2978.2690539369914
37533494,1287.1386473597186
55430447,1089.545427929418
45610406,1301.0076551601708
64085140,1715.700245701807
81416250,1492.6434336167713
70034683,1773.9655559004864
40315264,1989.9418575133998
73160601,1480.9333102998266
54677638,1887.0003172134275
90571590,2033.8434801499754
84772888,1748.7230293523955
90285847,1824.3855716961803
80203339,1704.8325158538178
73536003,1147.4423930628186
56021479,1074.2194423150365
10526589,2258.2830143946285
23648848,1697.8059233588956
27805990,1649.5892569969365
46740683,1855.3226175988307
66243364,1402.1931348822473
88626421,883.2721149112456
81009655,1833.8729539384913
47576712,3494.617542469483
73803450,1161.7146356214992
47427075,1021.7120232379923
72540520,1682.7194757925865
55407503,1902.3747015978856
49275948,2708.2776665320544
74312584,1729.3510328969935
84174297,2594.4119826291644
96261162,2372.4706729322297
22879870,1767.952131153177
13933179,1908.5577673521827
20116066,1310.980723799323
38689361,1297.9467427197203
63156536,1765.900600569946
95340838,1797.50598099479
75352375,989.4130408072691
48265534,1708.9825083130922
74912030,1117.008952295862
70071430,1736.5818581080675
87025516,1648.9452830441705
52784904,1331.299503506144
96281041,1871.7618126703037
60302206,1851.2651821742802
88862209,2257.0415179652673
66359731,2071.801583401083
56582999,2260.770652301514
78391067,1571.7670135989497
84566381,1711.2133464959402
15548328,1308.0356145556118
49432086,1960.7468393058937
49054075,1796.471871640828
71689174,1982.8206699739383
64196832,908.763767536435
85965917,1797.2630785215213
30935690,1353.5629343580483
55460540,942.6035485327159
89457485,919.3058057172165
10188743,1426.1737373101475
58823191,1161.6717233804786
20643935,1993.729079130796
40325735,1754.7758367228498
91136520,1946.4894774081993
32259671,2021.7061716620224
26400774,1194.6999729844943
28057887,1290.9707213948293
82844555,1212.307616314924
51111773,2165.720415819621
42987529,1785.2365787073738
62978911,1341.370003013467
11881525,1282.2791196273113
86857890,1646.9740832848001
79797628,1497.0228765096683
80357222,1673.5454990738397
35431033,1788.8180420713982
99201502,2366.0589118598873
90452446,2272.507479329968
18670977,3056.2204163062406
66979442,2151.2753375419607
93738605,1445.53056004608
29213200,2092.634393926365
31107212,1888.8584095373494
91594833,1001.7391968131458
82943336,1335.0030806432976
68443662,2514.2287625475237
93641230,2205.082449440597
50244475,1382.9611155596551
87626955,2138.860397282192
51387553,1407.5660339220879
71504785,1336.292542350044
58768482,1664.770425933099
47301702,1860.1822484080687
46285200,1724.677872598458
27113638,1800.698666633546
63361835,1260.3158710751131
42709073,1134.6921100265436
87920715,1069.348728248468
59996173,1973.0706723237463
97865712,1249.8548762324174
76462362,3023.4771756856
38643308,1806.3526517787448
62694540,1838.3382051732112
62141335,1286.3667541690322
34503041,1520.9103208725935
11311229,1055.804831024075
51623206,1693.4069393616937
28560163,1777.942228034874
94388349,2008.9866248725025
86256710,2389.8109480269995
61215694,1656.723359789929
80946911,1736.6933172549348
35537651,2417.8373164781387
66755381,2312.5153224191527
73455092,1181.1331216540636
34041393,1559.613572749083
30484078,1754.2122633095178
62329986,1695.8126510107552
62897188,1436.40853353542
51881772,2118.1014442445266
94211751,1134.747469898997
61613645,1246.4547803174034
71479652,1926.0611525140844
85310501,1540.883898912202
23110318,1726.3471359206926
82884759,2042.3254554510752
51095836,1686.6358590000398
52772048,1165.9449116094531
17245854,1395.7788740082735
96708865,2337.1508492598077
67276218,1660.5099535771124
89528454,1236.2068122265994
73044839,1520.9517321191852
92820854,2067.896485506245
81415527,2218.215166204359
54704500,1478.10249138512
62696690,2091.2597238808976
43848311,1684.501466263054
30447397,1221.8414005710194
96343937,1357.0567682500791
19151468,1463.8894212401337
75047192,1359.986777927462
29891460,1549.2279246389419
47625277,1542.7102709054323
57930980,1481.5416189125033
48354539,3217.8528159630723
27628114,3332.068963933407
32690361,788.7180277304922
93744019,1227.1583979853908
99861438,1468.8788963405782
30181088,995.0626661119293
31181640,1934.6532369543695
44766788,1436.899899892765
65594080,1237.0998322775554
22508377,2188.233660100621
97181173,1731.235043176148
17420303,1624.2090153555735
67800143,828.6046801517625
33454469,1767.6808199317068
30418520,1779.1379115599223
89752463,1203.4417505151698
55142148,1898.1060009657256
20848293,2323.5930973402155
12617495,1361.6595987483784
20378275,1699.812423331069
37172337,1997.0272006024745
21839038,1271.9286716557037
66993155,1460.2861386423526
41249770,1151.3501357306739
80181790,1736.5610663139369
36248478,1346.897614806367
99097401,1463.800599985158
16998435,1108.748342058182
28345246,2220.375910831318
97230601,2464.8882881517147
67442292,1757.4482843484404
54477624,3139.154805559255
22866548,2622.578220252444
86504569,1701.7156216383228
81257074,1368.4366472149427
53101206,1316.3424331207418
77626907,1788.4167699001698
15402267,1220.407529678963
66190974,1524.6764756794273
85276459,2023.8100438148665
61882567,2352.6415906952207
67503548,1591.7933092827932
80801220,1368.1401309121677
45827465,1737.0223909475922
13145303,1550.5235372403088
92842662,2299.982002748362
73150077,1766.482153381374
10904048,1023.9555509453019
89655386,1658.428854628503
91827598,1351.4989111347586
36736446,1326.1004595962443
73791907,1303.028499121344
93237533,1198.8392220679555
29020722,1786.0486941472377
31344857,1096.077851401515
67961594,1264.9346048125221
82896045,1366.1357902578598
79782925,2013.194841672709
65627534,1728.8560191353072
51055429,1733.6741169941308
24073352,1435.1931236981009
63468697,1604.839501138232
69815836,1268.0715609487856
94658489,977.1485268539442
89803063,2658.8238394212176
41826065,1559.5073647246725
95957321,2823.992186813496
72164672,809.7094120160315
88171071,1044.128870601569
47273090,1480.7872310823957
19574799,1163.180961164603
74042503,1408.9759804455277
73199665,1939.8375512053292
32553552,1891.0935569924966
99007181,1422.36078482359
86459252,1816.129398802466
33160158,1415.722998986724
89403244,1891.536687504776
83607429,1859.0417685636032
54979491,1979.3770400463948
34711897,2271.907515644355
76049090,2339.4042023120146
38209438,2532.772102640425
43607471,1345.8377549554293
37603490,2966.1788243586234
28133465,1604.5286223684086
66543688,2133.5207176568474
13310180,1384.472611098292
70639698,1344.726660688281
31227382,1713.806349768454
27953042,2078.9298644411356
62042217,1316.185343496435
91860613,1326.0867052697176
55497701,2926.977150820423
20529003,1411.0232151853868
95270433,1552.5244325726153
99713042,1502.965111968834
78850782,1466.2681081001451
57339822,1229.4609907313197
89910926,1723.0020122653846
22738331,1720.591624239767
29399410,1581.5197624582156
48960030,1560.009356896181
23209349,1984.822925953273
40869262,2653.847227224819
13469481,1585.2544060920377
37901584,1268.3591536231272
15827667,2134.2128095621574
36279211,1289.9232811277768
60254169,1431.5443796920647
15666676,2017.2303617080538
83527323,1387.2850382312906
38323312,1616.0329842037831
16145827,2437.4381459231254
25816799,1953.8343707226927
31540608,1149.69050846671
78332853,3978.22539454218
50241601,937.9829141758399
59793938,1966.9271328656841
99765396,1533.9361069150937
22142241,1883.6732087102591
28238312,1097.6587592597502
56677251,1770.823083634421
79286536,1901.9386045355802
20049898,2486.897186146529
79883465,2204.3453034941385
64419086,1259.8125907989574
35428504,2202.7453561944467
83636473,1694.323620104067
91911110,1416.843635236401
94747885,1423.8323551627736
77052407,1710.030548192105
89274668,1338.6767748438074
65429257,1479.4338232490468
18949424,868.2037822493326
78354959,1018.4495692332391
38613499,1879.0068082291534
99410878,1893.902391254104
17066881,1642.9551772467507
84559340,1842.0313521731707
45796615,1652.7954511739276
18650747,2111.025825851376
87098836,1630.941364537589
18956602,1759.3650399007436
49896714,3196.6234332964887
51066559,1136.0671145360916
72393934,1433.423192863286
63389143,1165.9790538171667
35204339,1482.6286056568822
51345357,1325.1337702403425
46322354,1672.4897244288343
33951394,1741.6517703454122
41031096,1268.5975992312235
42228451,2893.128395161765
41161057,1012.1985026806958
98892524,1538.8455389430728
19811103,1526.8724469515923
65448488,1543.803868388013
32428376,3063.4254520875584
85323274,1014.6864116407346
92258087,1629.4039757302724
79217297,1607.3628989049373
11989719,1632.1007103129232
28471365,1390.677607180748
34542074,1529.735022899568
29164293,1577.1255193295726
84304086,2072.272139937857
31817572,765.3307867726451
77771839,1317.397434701627
14239440,1321.3992823393933
46882099,2114.182359411294
38983396,1466.501087543301
31683463,1665.3740792716249
78092716,2029.9858428780665
42013895,1666.3643529995463
65197071,825.4725141296677
64495960,1363.1932481812348
68745703,1400.2829197529807
51390927,2074.719163558905
94850983,1570.5631168075518
24328415,1248.8817361161173
85572847,2104.083765512485
42303463,1496.1458190131477
48215084,1130.5328835515602
35427122,1635.705854686725
62307341,1910.6907062389434
63212299,1999.4650012306215
97856687,1603.9921568748794
35540248,1898.3856452500793
41303810,3444.0701049270374
72749855,1730.0121718437583
21620577,1270.630554952599
33846878,2882.3543898283397
72596574,1780.25408672248
85230815,1192.3346116911434
72103187,1273.3329654616066
39368813,1715.3986574637743
77055150,2016.0872293862149
61280124,1762.7460114565456
88442406,1578.3267443954007
34283144,904.8052219353517
20283328,1142.6516719880135
15081148,1503.2662008597792
30803223,2315.5107547211464
95977285,3178.643417738681
73578397,1191.3229053326106
23548274,1416.369121175504
70020229,1930.729841102254
13657037,1735.2144037037574
62209540,1128.661025286694
69122837,2036.8726184589134
56882140,1452.502848919713
31090970,1030.140044830663
18895583,1523.9245051130367
56220075,1740.4793040360796
81883128,1288.3626078913933
85178304,1249.8335623258013
44572294,753.2760621944157
69139777,2408.38136194476
77682175,1588.4284019940733
98697835,1304.376645328894
82862062,1575.8277346963123
63154444,2154.467157756164
36052607,1961.3065718121875
80221636,946.8777698134667
14612606,1154.124145117071
22793087,1779.1791535700008
27221763,1868.4697737800216
85356281,2813.2712129391393
72870330,1391.2078521353137
21631750,1266.6610213777794
65662420,1458.7955221852503
94704718,1631.2537320079077
68031612,1536.739134000859
23780065,1141.4447144332764
76854946,1138.8417849724208
65320814,1870.4561108537514
98544588,1463.0902156060129
66236365,1297.265542329781
33614608,1823.5199431238652
41538321,1342.745636683851
52604597,1415.4503887823473
51929168,1069.0689445920166
34989178,1476.8505351794104
17968995,2444.3272374063727
17104507,1615.0881908438662
31799006,1171.2297076655634
80534303,1663.0908436238112
39486975,1555.5158529070889
70473933,1428.5660363191923
39315812,1663.299769863807
32664756,1859.6687854191105
40582877,1532.7062841399838
14853484,1581.2081377133304
72018275,2014.0573589629337
85501233,1784.6868729310218
62857702,1219.8137438941765
37589957,1383.671753191692
75861106,1208.7124099119414
82048801,1960.5891677521759
41226392,2321.9513878525213
43191623,1083.580748476486
98896014,2882.112074877822
39009427,1168.9652399113488
67635937,2048.729788565158
93989030,1597.254151072706
58213050,1272.3822901014616
39089500,1688.2968595424518
48099206,1558.8842903109962
65115683,1607.245783950213
19072238,1039.9037778252289
50691779,1602.803942653335
74240054,1663.549222228955
57606331,1499.5234250585686
50124096,1751.1908043418334
50596395,2022.0275258562158
96230340,1506.8792857090764
73626141,1858.3871784984867
12420303,1413.5098876991474
64008469,2031.5833021300043
44066450,1990.3657534107213
27734466,1032.0625760135176
30219489,1235.4843735314478
43296487,1495.6020840270198
22060633,2005.0825413240282
23197881,1498.1083091309988
65499520,2143.5484734121965
42012431,1352.7174681910483
42076492,1618.6550561534568
92931745,1591.3446673550297
47924563,2103.7595248675752
17036042,1621.7103126961433
79903869,1038.6851018945047
27876581,1375.105385368917
10911722,2037.4120043727146
21207465,2541.1508346799164
90406241,2342.3076082279567
92048586,1875.427478301552
72112785,2187.61100199077
10881048,1609.4834676284
71511312,1386.3419667783833
42854203,2063.6244423614044
23271785,1745.1858608394673
92261360,1490.8094763735332
14679655,974.8025657190257
90532154,1504.8440892295607
32402071,1311.856648121223
90864060,1460.257901989679
27274358,1151.7083545222686
26334631,1705.425035487005
39224642,1988.6351621627612
19272671,1860.9768070108357
77841869,1241.0712471128527
27204546,2072.4381957903724
12405459,1344.5021794302675
23265034,1923.9651256648604
97633242,1472.8914312883508
15746059,1395.8578237286808
91462754,1922.1596748485588
71359730,2360.2322022869166
61463575,1110.4220840158484
66429439,1324.6372024085604
63351764,1056.9053165873083
96265907,2658.6774952961214
87085441,1479.1454219384204
53920662,1559.4143812334266
67679919,1688.6858352822924
96779897,2661.7072088543146
27837717,1707.0369418804532
37035368,1792.103983741626
26123523,1587.4914106764259
79652243,1609.908167921859
91451403,2257.0228690760878
29758902,998.4031304086835
47019965,1856.1903006322377
14375753,1603.498363778585
85119076,2209.0965769651075
58032446,1622.4928287878395
58129049,1672.5900642874738
89574518,1299.369951192065
61206117,1992.0799470266704
30554474,1166.9810794773061
65452020,1882.886712301728
97089415,1904.3139563157927
75395475,1595.602284031672
58881030,1707.7851318631178
49402947,2927.545616530633
68947111,1890.0509094035697
48259609,1666.2181672095016
46561397,1583.454757131012
99687364,1997.2800504026804
91051315,2330.1892549803397
88446486,1931.7105955318282
57583992,1736.0516503851854
50054814,2150.788927525834
42048168,1533.8719547904348
49480319,1563.3789512280193
72653841,1821.196093109547
93923592,927.2410323751966
60863343,1615.1985278802929
64544903,1245.1844279053962
13683649,1522.765214563665
35441685,1591.1173635468276
52702103,1174.0066342976527
33316809,1372.8681714219997
99319395,2183.769759760723
42958811,2416.7017042290645
79034999,1398.6104982514057
76692806,1164.2730900791166
12247918,1774.8679336659686
82872484,1742.3222534777387
74712172,1815.5059303233406
40198101,2223.574309582672
21709825,1632.4701097830773
56134477,1522.644567230252
64741940,2061.7635923637517
20094279,1650.841051517149
86415472,1297.399954320158
71923505,2178.0514797018495
86463105,1624.0327082901267
27182144,2313.8805779101185
78605487,1336.4724062096084
61339703,2509.50336517713
19457777,1628.7534180644345
14282521,1622.4245763841438
53055745,1609.9431569628607
64045100,1216.6112800936312
67336212,1666.512190310529
30110453,1828.612412774067
84766140,1257.4271086100334
37132913,768.8184530088079
37337576,1647.401119161876
81785280,1486.0337585377242
33749639,1486.9435194111782
65293655,1644.2891317803658
99472212,1099.9217018544812
78611736,1590.779030521796
34109955,2406.7493039913143
85732620,1573.3413373186074
22271257,1885.4289677393388
17111467,2849.293036064566
87529909,1392.520987884023
80109140,2013.6488501249303
74139761,1766.9535531764145
46468468,1327.8266165365603
11871024,1873.4786583934392
38948416,1313.0024584630607
79710564,1613.9912111682283
76775271,1508.0330052082102
39022631,1275.5930779888702
90991831,1886.6742892060379
89162323,1766.3993428742763
23588134,1486.935763990006
97925196,2985.6057427614614
73394555,1141.0168134132466
81939394,1058.965087161425
34503849,1867.5114485983202
97624284,3080.2364082546956
83688015,1669.4235799299006
26753007,1167.5009504616394
87953339,1696.329506309898
63187534,1374.1203389975578
67816850,1038.2917359631444
58193423,1340.965990075317
63256520,1479.0826324861707
14482256,1188.1784719188395
70047018,1304.534823102277
25694473,1357.2627175452985
18876734,1329.0650968720065
24815106,1510.1433903147663
32093953,1253.4954897734835
21672606,1922.472784903983
51265019,1561.7462212656494
46633682,1428.1096875780793
99505720,1897.8192982715784
72684116,1803.122072125096
73603518,2173.8237935495154
42812113,2011.679739165527
91497924,2030.9341611437637
94645725,1502.297447319522
83011406,1102.5210986106742
40459671,1274.0556556332479
28128683,1479.218478649846
89799485,1227.0809326214185
78077056,1388.9533036759597
60018274,1907.4131538874808
63035070,2997.127645701854
50452662,1881.3497268805074
90748238,2333.9281071695814
19626211,1369.4414002974115
76831160,1631.1454540738732
64430456,1258.7868980430187
21788725,1642.3219161414277
62692428,1180.0040802632689
44601450,850.331650758474
84918858,2214.205403101252
60654538,1846.787859962437
33549671,2590.6162454367686
96482407,1404.8360681873207
38139452,1586.8060401413948
25148521,1581.7874036198057
39090111,980.8539044175114
37364225,1801.6842673984563
79808740,1629.5517717277953
54570288,1884.3323972040444
81519320,1510.3821483386998
61290981,2119.084378159977
82595740,1429.6305103003297
99018938,1568.3999639188862
84429722,2275.138866173277
70463415,665.1493144744218
13251670,1487.3923947561348
63915791,1840.7493223418303
37156544,1881.9854191181414
19087720,2256.1647359340113
15777066,1586.55885907241
88419707,871.3932879903273
48515636,1528.5945392041556
88810042,2097.485140587147
55078871,1588.0716028751815
82278966,2216.083875407521
33265741,1246.7930034681488
64678931,1983.4416879284358
26504939,1327.8001103356169
64056925,1702.9864223233665
46046461,1492.8291225048015
47352478,1465.6033607095808
91442238,1935.2893975908378
89293921,2724.9288814443335
12378808,1293.2660014036298
10153799,1987.9220937488483
21954731,1080.2183257967968
76938502,1556.72800333269
51632874,1612.6722965828853
56510091,1909.3910097513535
54773302,1532.3678056463507
29181400,2387.891438823586
36937513,1390.9772832917854
75732466,2309.1155350259314
53117846,2453.985960073108
38538746,1848.2388833043556
27988038,1862.202825100853
48886162,1672.0279679814705
24085686,1276.8813455770828
57820012,1448.2241014857088
46878225,1126.5075607702404
20632751,1548.1500422782963
47775231,2915.505448301479
46789610,1731.7909848704028
72806360,2461.1587143401894
21856002,1136.0527729197659
42319053,948.6161938564467
99630613,1078.6008086625216
61255494,1986.011959571146
76945971,1388.8523967280364
40393163,1883.7400521328864
81941837,2020.3244115783564
45930551,1295.8906080451027
24573538,1789.7065904724527
52994547,1638.5172791129633
28445231,1635.4357235623636
45643109,1995.2219876802624
75887247,1268.452543822667
46367713,1388.464642037491
12575157,1775.8277075253307
85076068,3273.097600540975
84603623,1154.2738636714625
45514815,1325.3221967540956
52278951,1431.7393496944946
50360032,1021.175841775648
52896193,1637.8807621500018
91847198,2953.590499542318
25179521,1491.0012732083285
92545328,1975.1775039358713
75231573,815.9532556339313
37926120,1827.1396386804784
51096687,1739.403331823102
62646217,1265.7687055482224
62619222,1777.1916903091505
39457866,1423.771929705373
47130686,1593.9072604510302
78763249,1235.2861734830951
69618147,1967.5247507304985
64127746,978.9756275472143
56593004,1781.9706263153448
97403924,1342.122424609875
73948550,1357.7394317003861
11236514,1780.482807453182
54389520,1272.485390653084
76068841,1329.069673456325
59631248,2653.270436985381
34575405,1444.0026220022125
91359645,1435.3863688778263
14542871,1132.2069651160668
37836409,1341.2952974121993
99958710,1200.3239550345031
50329848,1878.5409843349478
55825298,2249.410866359589
43158591,2309.749805133316
95022900,1285.197498722749
11903900,1581.4849212594204
59905554,1241.358156379746
33394781,2018.8092625623924
85262305,1829.1381873953446
18156267,1853.6935686714373
77719072,1339.1100034072037
72353806,2016.3989328637674
61973490,1822.4498271161553
80257850,2210.7116737062925
27763246,2283.0649913844636
28152447,1115.2791760949526
40447839,2260.5109669286685
88401173,1515.2583356594382
77151749,1821.330936085956
76938434,1411.4582419218236
14595997,1125.3227860024683
22245783,2227.5946165569612
45164346,1523.9030854688128
44320199,2079.9066988397963
35470526,1540.6976212586171
83276172,1587.9782225807342
65081928,2273.027135501068
34774976,1244.7652411014121
10096416,1491.1055861253064
76574726,2595.68491179574
88509347,1950.1849854473048
11304650,1438.5130480672906
26418453,2249.993378142166
69643263,1543.9922764000692
30241547,1305.2281011302623
89725513,2648.7674646030846
32289745,1930.202404696637
33888699,1353.2017564606638
67508421,1348.7302400219285
86446610,1425.5145096248807
71641515,2572.817037951738
46243423,1675.9639781096298
86921194,1727.784907164766
15222892,1702.4620758271997
29435694,1583.5991914344193
35795322,1890.2468697796749
39026338,2130.2365226903576
27051431,2141.1469777356488
91107111,3032.32125950287
76674186,2301.8693702547225
17932616,1364.943304412884
86326117,1197.32886495204
64151997,1819.9585177098513
