customer_id,monthly_spend
20451981,1864.793037147959
23251656,2636.5684029479758
64082260,1442.8092141473742
82505923,2024.418830809825
89981994,1421.195742822686
64973937,1275.5550139389045
27610278,2144.4521183854067
35883083,1266.528116303638
20490020,1663.1189805401348
54517670,1286.2978868636812
94359232,1712.0042154089722
17326886,2452.839248887954
86594167,1746.6878910933092
94873255,1545.4225226006608
62944765,2484.2948958895868
95482882,1260.6583753209238
76963069,1424.0296413388169
25112257,1572.3038225352147
69916855,3104.525890457832
71088357,1372.9294541327426
50168897,1253.0960473731363
67403679,1528.563601667571
55474643,1154.8189436282
54852556,1468.991016614404
63667529,1704.8961097470415
48025998,554.7366778716944
93351324,2132.0482121063887
18887996,1576.048557226274
49568688,1597.3319952107715
92911099,1656.4996563932204
11717924,1404.2896843068766
62085471,1700.5005506585867
78336143,2086.2249093277305
13087851,1301.1815976335001
33506258,1118.0137125886656
61356554,1991.763396512587
11967368,1213.0762447900413
98374877,1624.7314812829109
76845536,1978.693778874613
59313599,1208.0492594616317
41041059,1646.6229183211003
22292838,1546.6826832469687
99892065,1526.587896343469
78345355,1064.5964513356846
85986903,2752.9721353360715
27715035,1689.901722203743
66099730,1517.6207134495567
75346786,2170.2594186953334
22860710,1739.0065026819932
65958654,1423.5243079925147
82607442,2259.72489471063
43471475,1553.4527601224875
36465070,1185.4456501272673
21931749,1528.1148114464006
66815930,2693.9462041807974
44485157,1034.9389764751784
78728059,1705.4046711210285
89264710,1368.233687736117
81874643,1760.5550766741396
48603927,2422.3184959294276
20257622,1121.583649170268
88360790,2241.7012408999294
79411556,1606.6400141958773
24819092,1378.7375521738168
74678656,2378.4975422861503
22548045,866.2143788094246
95827783,2453.9833691473996
60019526,2348.047105538448
82548254,1587.1778017808524
90453319,1570.1984838189653
15312091,2174.032077066934
34786964,1213.906204920008
46684232,1124.0582935058862
84597099,1771.1691358402736
98134524,1207.8310381330928
18531043,1558.238849004309
14953383,1583.7368002438718
80944054,2146.975245509194
34873753,1438.6878632562396
95577033,1606.9425681780951
50215436,977.7651960503104
95347203,1688.4447709703024
58614046,2158.370868660842
40368791,2143.3515223202135
23316775,1897.458329763721
23331513,2429.6904665897905
40038060,1451.4817888491257
22096579,1275.0857459554666
24978810,1576.5716752383694
65890694,3189.6047108480216
47906818,2060.826956610934
38478694,1207.887939359148
54797755,1203.5830813717369
44533278,1384.0193254217506
58182080,2170.2318832540122
67491014,1740.8995998843013
45798475,1791.7552073010286
41586132,1540.441589951734
22956540,2666.642771553202
25367334,1995.5056731244133
70503250,1188.8086388849058
58307796,1038.2110536725709
59859757,1227.4629903748823
47787665,1295.2973622549746
69610612,2240.1589754780007
66658967,1539.94078322608
37962749,1279.9488176569869
87675902,2025.935954977576
61682179,1445.9648220438364
78073125,1074.606071986846
73229345,1738.469657181877
43171437,1975.8073759138535
69766997,1861.6269503984959
14939250,1380.4890501210905
12328281,1383.0691109040124
76560997,3489.7405425651523
57569914,1643.5488808989896
20883894,1722.674650884903
22766188,1577.5735169824584
62905121,1371.9102556976138
36295477,950.7324302274633
55610529,1287.4690312401005
40366302,1164.8607717055493
18624954,2134.6969112347388
72668820,2800.663873902061
23817472,1621.8876009417554
99830054,1710.7853363811312
63410560,1108.2037987898648
11811963,1502.6995693872261
68778133,1881.6855411069255
61211015,1031.6604884258509
85223112,1665.30606833045
17785980,1803.1660664439837
51523712,1428.3959836229542
88242319,1514.8913528310832
66674532,2140.2914929027893
76442132,1808.7665633145823
84193848,1280.7837938745527
80878809,1281.5114611159695
92088473,1161.4474428378069
18574912,840.1256533363276
82956926,2480.78765801171
57265640,1692.2876280828139
27961225,1031.0802809929924
65404075,1432.5329379869495
98698597,1030.0333463215422
63221757,2623.7342381178146
45396691,2163.84981718763
95724535,1185.118729436121
98157590,2297.042577201686
60909030,1551.2459914941232
20932142,1581.0329204881407
85604729,1319.836769640612
25410553,1172.1187117005043
76477501,1774.6880868389635
29459273,1913.1206636564314
71879657,989.0816591647938
67115179,2089.6627065955604
82348794,2081.9847878405762
32880748,1394.0128407851396
36203607,1532.2787985021762
20891850,1300.6800050737795
94570583,1114.5204276787404
47560755,1509.5453616789116
39752876,3102.945688994899
68980243,1798.5637716760339
71143374,1246.6700610141315
89917748,1855.6841965417068
30461949,1388.192988882914
67458886,1071.6052549801607
44166816,1083.4238812820572
48218923,1817.1890422368972
83104523,1344.7569467963542
23739634,1868.1651849083025
45544123,1756.367973069655
72316980,1879.8108447586117
24805396,1210.6122896998688
85045576,1901.300636838304
21314164,1775.1127833429864
52842656,1148.7849589910893
12382139,1836.2901358524618
88152347,1384.6792248438226
49270171,1894.8519379269424
20221404,1351.0293119338041
25851974,1441.890738748904
95701680,2197.5152349358823
83739665,928.7283361095772
61996348,1618.6604374716399
12797236,1838.9487920503052
25554853,1288.1251269461998
72618187,2304.9688264122105
77583489,1583.6181001399711
79450582,537.9644385964433
84595636,1638.4587316261363
89981949,1320.892276867444
69424476,1566.3865817924411
55064308,2330.359814850337
82956266,1601.2509035032253
60185159,2288.618514796189
80612747,1835.0552336529288
41303090,1446.7183522115595
13517787,1926.1729820378864
34078093,1606.5611477400987
69030112,1703.9638371423384
61791328,1724.4102360858858
51789245,1207.8387618791544
88068699,2648.7399972421954
33399367,1349.2160635111472
79597553,888.0083778191157
70695101,1554.1493597172696
98169962,896.7785021881814
89251190,1740.6151961679968
53044281,1993.463427679068
73528670,2785.138638776394
14751149,1746.7117097045216
61490053,1633.5232996970424
51385275,1487.547492574043
41764194,2487.876350983585
96598282,2200.1117529162816
96823449,1303.3691812318184
30931247,2157.7074801357353
60872668,1312.7635440920008
97835669,3127.702179106011
36785828,3114.7542176845277
25812131,1500.4829953308902
38410800,1919.6288043923678
33023072,2120.1235271621326
48250594,1762.8527564987014
94891015,1223.0927838178714
65307671,1203.5890703845678
99621779,1913.3562141762266
83959755,1149.637450050724
64535310,1387.621965535032
30594968,1648.0978053690508
10263960,1383.8137616556653
60876075,1790.2890045210615
12217583,1865.833364105442
29989580,1178.7861885253542
31184452,2023.3553427391967
16182148,1543.0800283689616
74700470,1802.3932639711666
53084609,1163.4892668948985
36052930,1397.2760142927789
86583512,936.7954089838057
10930793,1877.0763443550143
74179918,1045.6541049886123
89853445,1188.2009584037687
75258370,1237.9013810920414
93197004,1718.300859335626
16551408,2232.0823209519986
36115326,1936.878354861504
47243451,1630.0142349947766
90773939,2705.664915475085
30735291,2298.1999624007713
66891211,1041.9934825544592
77142249,1177.433600271456
24530798,934.0726971122173
78204046,1416.5997226670208
60230110,2151.2220875193025
13017302,1965.7649916672706
21044447,1505.8059573387638
28976655,1633.348647042668
52214813,1696.44937160882
61575366,2084.1440238927626
23125986,1125.804598747899
11614855,1329.3810877522617
68090330,1745.960899897229
31241329,1934.3876979406043
21561157,1328.8022142632494
61917300,1727.3532607718014
82147824,2709.5583334835264
91513421,1293.896733881198
30753790,1579.2379214591188
33700064,1323.300575584606
86773406,1279.5321506121043
41719197,1433.2008617177917
67399596,1259.1401541919313
37696535,1206.6988315680956
15791208,1394.0967540045665
24348676,1197.834408135685
24480974,1811.2730380924459
49440078,1381.283339864182
48242779,854.0897168491254
13405947,2526.4935971590617
34531671,2095.332984382521
63652222,1372.7110727288277
97745210,1569.598538031452
48557187,1291.378908472532
79801016,1350.6438235559792
93409518,2105.6352204174013
48891463,1021.0093573453207
41134793,2299.430150519624
76776302,1742.0841424535326
89505130,1366.7006254581602
46129267,1448.647459023221
57862630,1201.3750916626925
32227094,1114.6811674233606
72887559,1736.615213626693
97826236,1165.7099215600751
40250768,1797.6780820736046
56765848,1115.517171333117
11244823,2475.7103136709766
40189321,1601.2899255717773
68120430,880.6030663825326
64917610,2230.6551831600605
79290200,1165.8933913921499
13110537,1583.467155047056
56816135,1143.5012664692738
27525357,2827.0810542317386
71914367,1727.0148949736051
23989491,1165.0185937329377
86436168,2015.6979515015917
63499286,1628.723945526855
18619374,1840.805325715672
52222614,1398.9502134654774
75467866,1550.7633170646873
28926111,2338.463860207497
98661834,2957.0638169075605
73087852,1435.9897582647566
48887326,2088.8850843783434
87383314,1727.8634694364407
88682579,1833.8752648661318
12617324,2592.609701076436
49224165,1395.0741045794111
69951588,1830.5881852731593
11713703,2044.5880852483494
59435002,1692.6635002403243
61153563,1545.558425392992
57206499,2640.3287677765516
89140242,1627.692566760957
95100771,2362.033467212348
32638417,1099.5746057188455
61625712,1195.6430328703134
61250133,1851.5183547880183
17952873,1445.7844699536047
14513813,1365.186348312212
57500282,1374.5172123950822
51340284,1418.697868169854
35897956,1447.8357693626115
21856280,1729.7091228668144
36786275,1411.9299547770227
99178725,1467.40659132441
48955886,1784.9551221621477
51811678,1408.0148170282816
81930210,1723.359397816369
49161318,1673.0598953628576
24723720,2085.6465689647607
14950936,2426.876381367465
54638593,952.4183808286001
98115682,1542.092346088887
10533857,2231.3485255432056
87478097,1443.6302855437655
60429975,2038.3899016623002
38969729,1668.8747396015758
64656132,1552.462349074123
86963086,1517.080474091011
17268859,1440.8044491076605
72142121,1753.8140232384703
91574809,1625.1622263201896
54272037,1786.6370236475022
16058661,2061.175008461152
74133244,1058.0296998071635
14281752,1520.1277698975991
46666867,1082.4784305475775
75686584,1555.6618016902876
25546684,1386.68751199257
80619174,1626.654039115694
61749604,1452.0783464825204
38248391,1116.8350783207022
16877088,1187.284675653188
99140321,2150.973514665755
15975231,2798.620948648811
40531945,1559.5453095762932
71708672,853.3729110557717
85030779,1789.3385894679311
61117487,1273.4066598863694
42638536,1875.4377560396342
82326061,1265.0496934898172
17028661,1120.3696478346455
26048783,2174.2077628993065
34262255,2181.087980959198
14326462,2043.1398842422502
93816989,1447.1018504873198
23690395,1612.0194855797658
94999262,1481.2896847156978
81971277,1412.3859954337847
90562416,1438.8425366213148
95799765,2371.0784815752304
89244724,1929.2073310205185
83879641,3004.603040524459
96424387,1710.4227474785393
51051501,1278.1508055221816
29249441,1658.3825514623481
62893412,1239.4295636440372
61417835,2180.3159999925674
62755928,1569.9726287191572
66501572,2345.6596640146167
76084740,2617.976258994104
27624326,1889.204180429333
86757966,1582.456091106037
92455037,1190.3418639253039
67852942,1956.3880612531411
30696098,984.4940910693941
44792329,1174.595600125543
10390388,1465.3106421052041
17826936,1827.169168348623
71880941,1501.0509929987327
98184673,2225.9693180448007
60002125,1407.4074504384935
34664804,1157.7487683193424
37594595,964.6268563945677
42980815,1841.3263276120647
25819880,1574.9854461014504
16484408,2047.1989528000327
91766904,1369.7877215635137
82866803,1472.7156358532961
82424284,1554.1308029307195
72903422,1601.5434512234501
11480750,1855.5446976771318
96983867,1765.7199480878048
41426492,1352.5212524348708
24002286,2203.0212465604236
18056145,2099.248942330718
72362977,1138.6032552897138
15977163,1839.5978787142633
51036186,1328.5136757252214
34918337,1951.1279011180434
20599813,2066.8036498053752
19900890,1710.9034720326051
27971378,2291.00842699614
50965403,1623.094821889764
49026734,1122.2594623149707
14192253,2647.940849747777
76817070,2269.271779860475
41164681,1359.9245430915216
94312885,1723.9330121148012
38527851,1135.5468965118553
88279496,1849.1797703956504
15498361,1543.5544961798462
17691622,2599.4784798117144
43719564,1297.9978049422368
27861137,1256.9660239022535
20308452,1439.7757310462418
97996598,2265.57221380063
93656677,1079.5095705260553
20464937,2267.9386742595907
25195757,1492.7457610906624
95231592,2021.4314623909756
96604510,1192.648746426702
12888073,1285.4837906891923
99408984,2143.365315702636
65238591,1487.1627785760406
24114707,1424.7316595040174
70796256,1191.7381657297967
64703869,3482.685237338046
35203752,1496.3655957869044
47453323,989.830004561043
12385313,1381.868834915309
54441418,1391.8724879801855
83549825,1174.9516687666137
20370209,2456.337966503543
68357218,838.4810297487378
62743829,1638.3233061734695
20331898,2211.1245689977304
43934228,1588.1469724632677
47620709,2580.616842255849
75355275,1476.2541526703578
63446649,1695.5045760357418
89051919,872.6364863346982
92954904,1651.4065136536763
64731800,1523.1844646299646
27945685,1865.1802414028118
98412215,1226.4216588226634
19535502,1933.6065829729678
66516822,1681.0208444337761
45373292,1182.041200919871
34711249,1368.2900513768734
48370651,1724.600628765449
71354510,1498.4568241056315
56728847,1024.8672226310343
40004525,2362.2615931070077
94648945,1555.0132296809147
62756732,1305.1494159641732
80428237,1609.4739335521167
64878556,1672.2295416764448
30597278,1506.1476086441032
40357660,1785.9915730693551
98010210,1519.5300520989113
43275959,1974.1200613517983
67938712,1435.8223612282718
50506973,2253.619242622768
27421159,1375.3503775344368
51123211,2481.738424106618
51887530,1252.0764361370523
68372581,2065.4821088679414
31184062,1625.2404252781103
55543655,1916.525346225272
71805162,1848.585936566144
98612541,1543.3247710736193
67235486,1343.2781464221837
35490134,1724.8354637656075
74647441,1413.020404132403
73962817,1420.0101216776263
95192638,1233.8762528944283
96803902,1478.782895890147
97635826,1218.0643788239588
34428942,1858.3514838092717
86699979,1846.3349481439786
79766437,2013.9119274567431
55732878,1684.3474880403612
20035702,2894.0823699796015
54997853,1973.1904938346736
91776457,1444.7733949932417
13967606,1536.6585221515395
88365927,3101.8883623152274
92907413,1067.893107190423
89771364,1690.294980251088
75648081,1409.8420556765402
97365061,1156.2579299429653
29587137,2240.108225382655
22019813,1397.5811818634857
29469529,1738.274166860919
66670735,2104.085396659334
84380411,1839.673931085672
17040729,1826.28392465166
25307807,1818.0910062882272
33962361,1294.448206770849
67969299,2127.0369654832034
38562471,2466.341565151647
33114742,1902.1442843359498
54307298,1113.1691598600153
20058700,3700.7630464904546
33779532,1994.493173073326
88110162,1209.9913667877206
36112292,1462.8757470955354
38475061,1773.4052993037076
92644264,1709.187149650018
92355731,2072.102011672323
75478249,1772.3023294744119
23875741,1001.2586465860243
88793850,2286.234986101982
14142195,2626.9042178060245
67422773,1952.1789417480984
36705498,2157.308872495485
62072834,1717.899378884272
33337577,2158.7824573284106
14298054,1937.711299518694
96998725,1172.3772123139968
70579244,1654.1635843450686
26844678,1983.43374518462
97441250,1414.6838012085768
49239286,1775.99884419539
19469855,1167.0795703380409
82552850,993.3304994487335
60170958,2696.4887724121168
28237826,1942.019801843352
84208342,1780.4784773647232
28295140,1963.6565417964844
38477827,1480.8037964318187
54941872,1319.1705275884483
15450767,1636.4348546917984
93656934,2055.4502330219334
54273142,1364.1485083490281
63648675,1179.8310717372663
31875954,2060.8505175900946
60881802,1892.4462377643388
17233443,1501.1777428485036
28953932,1473.461661861178
64958348,1529.766634657315
27038940,1384.9153442713741
25667330,1372.9883181444297
89200812,1493.494402795085
63109620,1196.479311465638
34692595,2107.5657481803228
45554823,1326.0407796384513
50487516,2183.416471760459
37970303,1859.0176767998612
20944145,1605.8586577199685
54232510,2532.5496241572764
58289637,1496.9127689279537
70295882,1007.5739467295588
11855847,1355.9723003777215
26640485,1515.2796904305571
92806514,1738.3339730267312
43703605,2184.146375305572
75507937,1560.109329059266
21361381,1524.568184646621
73615273,2339.7739665074487
92437179,1627.8573579733181
57813173,1420.4760028184721
99373127,1128.0425002460104
95805212,2475.728456860932
61946147,1531.4579616400683
24903202,1380.3191650370647
88268253,1404.0189258112534
45270713,1359.255450372698
67013519,1865.2884086573847
64480094,1260.8488837565756
18481385,2246.3761553190725
69314375,1377.607886441478
58464172,1931.9275171099985
57844179,1621.9341969933555
65371057,1481.3535478881493
22749627,1313.1022969636783
64747851,2299.452723003488
35545690,1852.6439254156837
91575937,1570.0810305867371
11663787,1480.5856764359607
59570536,3027.5099171231323
53724418,1588.4839365479093
78572661,1435.8397788948341
38544041,1783.0486969196086
27091356,1944.917885121431
20013110,1182.2781090140036
11862841,949.4069715405927
54926458,1531.4977602059791
72702715,2708.756953854871
65477001,1346.0914192597363
99407693,1327.6899922411762
15192014,1768.2987431075705
87232785,1755.358266814658
76412402,1479.3488124717132
49393943,2180.697033100682
53853124,1199.7030055661962
17486636,2287.4711274785313
64895733,2653.1129383493576
64938150,1324.0949324978476
62321885,2067.0676465267197
14616504,1459.674058735086
53996148,1981.2322654662144
17209399,1964.70235342883
25102335,1983.8655792107966
54515012,2416.4850606732675
80596244,1376.4801912578291
54217244,1293.7250214471862
29133774,1405.4895162793578
60727794,1714.3183205163061
55160698,2344.95364819639
18231141,1821.5115371913598
91091163,2158.4085475891447
52747750,1708.3669821611343
97932301,1841.415239388758
77391969,1569.4027744624889
64274314,2326.1305394807464
82861922,1309.2656985553538
95155142,1455.1722446115605
57522876,1070.0609895367027
46054634,1418.885997335814
32006732,1628.2402738038606
62808198,1153.1042759467862
60875435,1694.5460771841258
15688688,2029.641395385652
13559129,2153.3393449603473
25489744,2892.099566935883
55669591,1146.0122232318643
10763911,1320.0449711825352
15579269,979.6177594389429
18433265,1784.8064054499705
72131946,1026.1694374235517
50106249,3320.283234360412
21363716,1173.2252945516277
80090384,2030.3360507282805
37971475,1317.769961169405
31314120,1666.7944115352366
73683678,1969.3484365643083
29703095,1608.479785030547
87144591,2209.4716144958634
44689207,1339.9132549926146
42450190,3309.8489898748426
92653218,1683.7370661277553
67727493,1741.1464447575615
55742747,1729.9284837171388
96941026,1169.2497384820213
89824134,1335.4767248362266
19822449,1233.094025161389
18676315,1253.803689353006
17316044,1082.7540436939928
81559769,1170.1076326695465
98912158,1207.8330611769384
67772871,1830.0342826445265
65921862,1774.2313563228493
12636566,1283.976232467068
88608909,2229.603456185609
43902318,903.2887892530066
59512038,2072.4167527333425
77976362,1515.1241748334694
57092914,1759.0721259728846
47412567,1595.498423326432
17145991,2800.1550799373904
56270450,2857.447739241008
47467383,1589.6625915353272
10449714,1814.4577013140479
43156511,1700.9650096929724
71377851,1735.220718069786
54093810,1711.7163018551537
78096026,1463.7203441990612
57320154,1010.2457731565465
45383520,1098.0544136475833
38351707,1655.4667446806563
70796190,2644.6810891659743
29977177,1640.8022844002976
97584339,1484.6961221252952
47886559,1143.682818499921
45622137,1550.6751789110808
21500277,1291.3871954498143
47647928,2283.6278458272036
54496344,1433.6388903347265
44268785,1851.0221794807064
75946241,1397.1278795476921
30459191,1255.8103984973236
15840319,2176.420737617158
72588739,1709.1684050763606
73017157,864.9960158105984
25420365,1637.1691217692457
55377863,1757.3681278819893
51370964,1626.6091779216595
48905468,1575.3593731763906
83191846,1692.764592291868
59334183,1641.405236874748
94009638,2202.231537892591
41721760,2359.958138352697
35401283,2279.2227534692215
69685525,1354.705706429939
84271975,1465.5608559642067
95753616,1225.218299246002
32526219,1042.5927229651975
64532934,1146.7539950096552
76031822,1680.670628113908
52468855,2167.4641923041054
21028902,2325.529540390325
34108713,1514.3077351623572
84943048,1164.8525001810049
84439701,1738.1791201572405
16539498,4340.561049727037
24537949,1402.3703054090201
19537971,2264.299401453626
72069403,1353.9700690736727
84333546,2370.890193906541
11868598,1874.6742489064288
72165230,2040.2123265616692
86606477,2976.3695260198697
85432562,1927.896641714867
53853013,1799.6119835223176
87319378,1551.085585217024
32466967,1280.1757717044404
80519195,911.1003902724597
12289146,1397.3587825474337
17893529,1560.0798137783108
76217556,1382.2147104536518
27323024,1647.9157287245323
86557861,1631.760937673819
37601873,1849.859521605142
43146250,1291.8668582418468
51498335,1620.5798666465848
46939189,2170.8653830486614
36620181,2878.83994929322
59890806,1685.4347085525085
19160668,1298.59417127292
94555827,1495.9315079998657
73451577,1577.1252068325775
83828090,1434.463666790093
92021594,991.2363965270775
15822386,1505.2319382242952
57405310,1235.9862912223225
22671359,1006.2077432790674
68101436,1125.6579232732822
66910009,1525.2061262348745
55778706,1857.9383538865036
75120697,1621.9925793046796
12885545,1503.7550342557875
28604372,2049.852820766402
97297156,1317.2394716716356
18964928,1465.6070734675488
61244754,1622.552860778945
45178470,1468.0629919210696
65250669,1346.9798729047561
75566313,1625.4157371463825
25053248,1730.3616174802034
71082761,3034.6133372310333
25210276,1573.9154357178513
39718089,1895.8052470155076
51364178,1723.6869768868999
31211994,1595.9286704497629
71509945,2162.607513234534
98330029,1198.3745605616998
22456435,1366.3345608606621
56912862,2131.3265785526974
41548833,795.015532432573
34760776,1542.291963752784
54015943,2383.105542471367
75943554,2313.615782201534
61847706,1409.8807040015422
79766441,1456.6902896608835
29099073,787.4847837459916
92971983,2273.5064990805568
77042656,1344.1012859385705
41355522,1319.5817976919598
37905258,1405.3849790032173
62845536,1146.0265094096937
70252689,2406.882768376183
69012389,1008.7582912941181
55230723,1247.3491405952557
36148733,1473.6455156956108
11166306,1627.5567710957043
86661349,2343.1163247773716
39933083,1424.5075967821836
91301497,1439.7782874065645
84697954,1309.0720414055706
16890490,1154.8558592422783
46638869,1154.0790329746294
44149767,1582.0276639700621
18897403,1689.4606886783038
77411533,1153.0581764383685
62885631,1942.2840168128337
34219564,1710.7126110253087
69042251,1266.6383911930277
24137005,1110.5215843191663
66305720,999.4977109317825
17619455,2142.3362975389186
63065642,1536.9167455704305
43970026,1970.6120090601057
78870428,1813.2653342537403
72114631,928.7476508726855
84664219,1693.2378030810503
25739422,1444.435558532267
54038039,2009.9627416024568
55081531,1459.6016466570227
45672847,1586.5719036021612
29734641,1507.2211017918644
63805244,1275.4703130418543
82782411,1788.5932157075842
64705797,1424.5246562296952
59326862,1429.2772607911893
48549098,3136.353151644095
39570097,1260.6815638233732
98000370,1350.0853086545708
63674921,1907.6507263247363
16674336,1772.423367015608
77063987,1552.743918737395
67143015,2391.194695364866
10570033,1598.5138663164832
47185088,1281.5286047531656
63757190,1483.7494128300702
43453041,1501.3919846833412
17890447,1980.0929993931406
34735493,1074.0993240955133
40580820,1246.9361915292611
84776860,1832.3111054256435
34883247,2251.8985017533073
75437035,1513.4039490225648
63198281,1380.0138801400813
33289878,1920.7682989557188
42222441,1630.1940196151525
53518898,1337.7009307453234
77756377,1929.266658227481
66266331,1533.4104831388445
75207542,2104.145790810852
65741993,1223.5143833715601
30452290,1098.372817145498
30341625,1465.6431027896153
10196118,1304.0983908768364
39997400,1556.262563573812
42764498,2762.5992951167714
93568775,1128.3271953827932
60138513,1301.7173418826494
95863174,1667.1534555041833
92194956,1584.1968259639855
34979379,1651.6607037935446
71517927,2985.276588682394
80092401,1055.4009968511132
29853468,1111.9296897162762
95595164,2460.143952198867
47277321,2409.7741258700225
95111852,1078.583012423035
49309773,1592.55495192451
52060622,1329.8474302336224
18920892,1271.1359963707746
95549548,1714.6330071185537
28343921,1681.6116053840647
24575136,1328.417704338619
51405326,1476.730602889364
88024456,1651.820191986475
61475538,1930.72377786952
86032798,1944.3414344918506
99829874,2026.5506089796
96251785,1283.629203810291
11235918,2165.0694450313213
41084979,1698.4306075733139
31949326,1392.8003031339415
88425482,1165.5245433402574
41724063,1355.0653554551657
24244868,1728.7112269593908
96443454,1648.5136057469285
83159015,1620.3412554656795
24632345,1480.656626922766
44153806,1518.6527322472912
93580629,1108.3396024197668
53277959,1435.9492773182565
99759183,2528.3177652798227
55252816,2707.19490841288
41285175,1485.2188987841446
73261084,3046.726751671688
99347555,2018.6465929745314
70567494,1187.5344171021836
76764787,1218.873879930783
14328685,1818.7993444308825
66866287,1229.9695142339892
49679159,2042.5867083872126
58671247,1716.3519521760293
20236719,1231.3693276963268
34585357,1362.733365439647
45051453,1168.414368922453
51786574,1650.2158765118834
79731887,1352.0606596968578
54354970,1513.70335372878
77833826,1397.7047482478501
80242735,1240.0284005706446
79336488,3349.6578799447425
51121070,4475.224793201363
15930057,2092.2560198701267
84864986,1744.0004314153368
97820091,1938.990869070972
76206876,1451.8045745512727
34508398,1272.7211258950952
15581330,1707.0045764831011
24272114,4500.823410646001
45684128,1332.7465293782216
53910689,1589.5153722826924
89611963,1974.0161979054158
19439294,1354.594229164114
44476677,1334.6005347686264
72816714,1621.4431061853845
74817899,1875.0875739748938
24462605,1490.5014757483125
62629343,1171.8498908761583
60387272,1376.8199269190548
60976677,1967.748402935203
25938630,1929.1990909750618
89171283,1602.6897730821952
23407854,1259.3492587956855
84390020,1228.5620168405749
10131944,1663.2407002133693
61185673,1323.1200600938491
76507951,2253.9756726590476
92456997,1427.488142806185
27091498,1500.5244986958842
22015405,1556.0008429066172
64048811,1255.7441972244465
59963315,1783.5622573581377
99392827,2020.0184891779281
52435285,1218.1174431864301
68018936,1307.3016408698768
92985874,815.0005020717952
19827012,1314.13369904041
32076309,1232.935802493953
74459345,2269.0281952747346
59329650,1790.1169736826678
70105673,1428.696028278607
47359337,1476.5441690812445
27991858,1510.6186388092142
36755663,1593.7246198743578
94560591,1950.540266904704
47944050,1527.5046008062673
49561372,1894.1325485025043
96160989,1226.8034026969412
67474261,1644.7009654041542
71965824,1877.8240858282456
13777105,1936.5478927910112
64739771,1460.289764416327
57691432,1546.9361421337849
21801740,2128.170323667754
74352185,2073.9195513140176
91521650,2116.074934108737
64797772,1839.568509065358
48820263,637.2847752501472
14791909,2252.571087458834
82868024,2381.7434991101
97971853,1621.8515187041482
75654232,3235.3626599307886
30725718,3564.024398340675
83442812,1850.0343019203203
62376431,1865.215785741831
45295601,925.5779729620675
44038407,1571.5235552714921
74138589,1626.7036963697612
78812422,850.2148168943196
57253455,2258.7613875653224
10109432,1374.6182733801643
70492234,2166.457196319622
16499768,1352.3935623982384
29721809,1696.0546971504027
99970795,1973.2050552012006
38494075,1778.259260729732
13300921,1051.9417930552993
18255583,2638.051365864703
76957329,1601.8742649364601
83103502,2231.5971636416834
24570014,1436.873608018561
19318542,1867.1537346317057
70614169,1395.6835721090301
68374888,1287.756307286027
10546051,1415.9204758906649
82817153,1202.0257095981062
26190736,1424.9656973492242
26227414,1233.5470359947208
55825692,2230.7275449621548
65550483,2069.920990573775
14872097,2292.684807198742
32405281,2209.2594989027248
37055817,1395.9764820245953
42617798,1595.9213516044185
30684771,1507.7410152126588
21842298,1843.1871139361144
44215525,1587.0688003106775
54734331,1493.519128487347
77244965,1407.5802461632645
31618537,1790.0817474082346
10912371,2009.8470564655524
25284273,1344.8917674336544
63793006,1580.8867631884573
40346903,1237.492338104926
14281423,1328.8652124172174
10329833,1493.2576094961855
58147868,1602.3191757610673
62215262,1275.6636853207242
11535494,1545.4799472148923
55289261,1860.9949762998313
93054393,3236.7861958987614
15613905,1345.1269326119743
52346993,2839.080058092351
31426410,2037.5407142692486
11924915,1353.004375589198
83461539,2001.3152225258448
68351051,2284.5599856884487
23144760,1412.000512106446
97049626,1661.6734917586407
94895031,1256.2889267763592
14702382,1518.8618702898502
22232789,1479.0974352218025
14653500,1034.5614147345536
45931554,1108.735376217363
39099976,1542.5098066152154
65803003,1412.814177090801
56391701,2327.9236618476702
92222330,2325.3034998743747
93455198,1351.0353929428625
52410336,1133.8350326122793
82423675,1320.3952961107025
25925356,2670.123653585237
88622240,1112.314848996044
37830382,2855.718999410232
97198420,2006.176679133707
21477504,1313.7892577106718
84142976,1781.0395080674216
96401209,1451.3057907076136
18047299,1818.3245719630731
25908320,1741.0084737670775
69709013,1432.3771201639172
63707451,1537.5109840143718
68674616,1706.7914237257492
41246291,1620.9413216070725
93099265,1704.7011116274782
44969882,1461.821279113139
94840571,1811.1396949158461
24428966,1598.0923366153029
73406276,1877.7666135363925
74093567,947.3756247374496
55445678,1487.1408536314111
56770356,1699.2353935753356
20116401,2157.687246465216
23989432,1144.0125584635766
77573883,1744.6165548840431
30955534,2031.2159329538467
46007298,1274.5103716337849
60038151,1411.2706347650849
16169663,1609.236425301925
40454664,2010.4569085937935
62049127,2217.033593235774
19821119,1423.0495959632228
56611586,1589.0465711424704
55267084,1219.3933173780968
55813034,1863.9909675096844
23867957,924.3756370393023
90096160,1320.5754745020877
32751852,1543.3956602910614
21394047,1159.5091200037098
80032862,1351.2974653858407
22418983,1458.2587046387216
52802197,1157.6134672208398
48673505,1258.4313065017031
14195685,1134.7572730876334
22205138,1655.3220951751198
96628154,1548.0571862268607
44734813,1240.611793015482
55802873,1654.1648319994217
41368275,1576.8695083756907
67686446,1155.0578680182618
97989934,2312.642913310707
65686117,1092.2755993215058
45591525,1739.962749635774
14884094,1493.7199538595698
60291749,1392.0079933203538
46418453,1542.7930582995746
30133967,1865.8965520548209
30307611,1554.6942232179706
76539721,1693.6219973641544
93325285,1074.1933845108802
69825909,2046.3726366403444
10220197,876.2148145812967
34178403,2536.310945261127
67327944,1473.2333168772393
58361366,882.4800438394901
35080838,1264.3185544092562
24415695,1535.5911788867913
30354080,1651.507166803007
24117628,1837.4277765518639
62628994,1230.629813800618
51012198,1340.8257590030923
68125143,1660.4427824262007
94485707,1647.6299403739938
40172711,1581.3508708393854
17647583,1930.6955153851068
94790367,2089.6328582294764
18254706,1408.8380099271342
65733568,1559.8324874862317
58357649,1378.3504104659587
42289495,1656.0537367070688
15020288,1712.8237359457169
31419590,1465.2060337304922
37233713,1313.73433722489
26330225,1458.0749235035807
73976501,1658.53782382552
90642644,1088.5441452095474
63791881,2401.690866623555
40102213,1620.0404330794095
60203926,1417.5405205083214
36257216,1231.8262605963778
24119768,1944.5988775274543
30403208,1693.8823843678624
39737862,3404.399223303796
41150683,2196.021481493865
99351268,2050.5653950103783
62692262,1986.6178376608634
72711178,1537.455893825945
10083097,1533.9057433471066
65370298,1659.9862799319073
84388395,1252.5791654441346
52114454,3128.4853494335753
74646950,1643.4397265198165
72720701,1449.513521133846
45732529,1602.8914784742228
10509116,1938.0242205186755
36154567,2093.4852091375074
46124383,1837.6978161971917
27866730,1985.8410450780386
62320931,2157.326422790352
78979954,1476.9933814142232
52531638,2362.926180294556
70662494,2227.850206069242
88174413,2320.6794695034255
21513664,1149.5948875174283
26546743,1891.4609612257345
89094189,1931.12383289096
34006202,1172.231986567067
44458405,1392.6789826584934
46102741,1982.6579646732848
80947937,2250.6104960198963
73456376,1240.6468410642726
27640503,1285.5446640808536
66469621,1738.7031954606477
35504694,1566.2665513457835
24815317,1155.1424006082832
58171289,1624.8068616591868
18612790,1930.862024669367
63428669,1825.0400151190406
57949817,2363.499989458447
72876573,1481.5909456819643
96193736,3043.848960283923
57932688,1793.745919886786
61617398,1787.6202927723884
57513357,2101.5772128002604
46336493,1401.6278842302315
56173102,1452.9780519047483
22210971,1434.3267324989786
27397907,1306.0430583453306
94750459,2295.452882017447
23197778,1484.0849168075513
62692781,2519.6024121832575
94164438,1790.0487897168357
19395402,1576.166906258586
94219712,1748.2451012205802
33491568,1256.4222070262479
67632603,1391.7199488256758
19852962,1965.3774546166694
73405784,1708.0702510681122
88192699,1502.03007658873
29867417,842.8480116415311
84909546,1565.843721725986
52598919,3384.2651932933118
86077350,1180.8193222090827
43929538,1762.1795931301185
89992133,1567.6183951203232
33643157,1348.997911981305
40190924,1488.8404840549767
97098808,1909.7305716374274
87635513,1621.3094607978464
16478169,2131.57302475905
79498204,1943.1469000863183
62568791,2519.87213340405
36457296,1471.1885503958913
29599077,1519.477856322325
22644116,1920.3847379928159
69419691,1340.6529757379474
21970018,1695.5883796655135
31666748,1448.4465116624497
84691804,1854.8077674325361
19277545,1642.2620758541611
78443496,1154.5512206486085
92759112,1376.9352582134006
49629913,1645.7987137413008
14874574,1138.3070974890984
61108399,1485.2170388740694
53618559,1550.7593115289753
46977752,1461.8331912648127
87695599,2199.819234371704
68430793,2215.3597961657065
11606038,1562.1562533199
52469720,1070.6100231708886
91726930,1558.4312255643895
14558288,1646.0354882327706
98640275,1489.4957731912696
82918511,1281.6592527698747
32992592,1020.4741621390527
36930879,1722.4732367381432
73360172,1476.2917637988583
22281491,2735.3548539325716
33813436,1541.7919350781344
49300946,1899.310984210976
56371129,1806.1623213163407
83899433,1735.0517990492758
25827679,1784.1489084795369
16631062,1513.0438554175655
86793673,1904.3547005406024
99689707,3165.7700336226035
69776211,1409.6076154973373
55892015,1187.0539298907904
19716865,1862.5683508518503
46860460,2356.507456831635
66143638,1417.0907459978189
46241046,1955.3580183327776
47497471,1736.5637189615175
38256243,2302.2645453309406
90078699,2138.678500669658
66607961,1736.5615804723484
15632043,2178.6780251272858
81498334,1694.5897204571381
82443801,1434.4149926910225
88411591,1279.7148075228129
18221799,1391.1823499121713
30242976,1571.3881709850411
66494245,1933.3894476445726
49287510,1134.6941562894817
83370642,1066.2396505032675
92348451,1180.9303089002938
55790147,1766.6017794946326
49423398,1858.138578326565
39715763,1467.0113949622794
46440335,2048.8597212006575
78128236,1232.8591481838116
63409672,2289.8244750281933
98873842,1226.0331165183604
34782044,1811.365900033314
70391546,2074.5916005218305
76956234,1522.9648132514715
41544516,1314.0498081634864
42550648,1123.822917109287
98465226,956.7479060721712
30886863,1394.2176163548866
84535276,3147.8718821180973
54301788,1328.3120943117847
78637034,2807.4512709043042
61387156,2360.923860381443
71715096,992.6002128359886
47859897,1193.5964226082692
59800013,1965.6837444213718
95293248,1434.482572799874
11553772,1980.3116485672906
91107127,1459.5613731149167
66825939,954.2697025244051
33598864,2232.60263418106
18818037,1740.1299065760193
86800656,1881.3448572244126
45209421,1247.57921506262
99712718,1312.7214190691361
80320840,2049.6780900093186
24591401,1299.3504270387946
90294177,1614.2418961964647
14404076,1290.1544183768967
60829113,1801.0930732467366
22529505,1842.3165187560667
59566170,1714.0502852556715
40149323,1362.9649184521106
40382936,1412.8104952392903
99300537,2214.52215963055
44631793,1118.9916129981532
49450050,1617.0790866785774
62395628,1478.4177046404445
30879014,1274.6791889217757
85524688,1502.867229630761
87381496,2292.5505787010075
66258576,2488.9653087501683
71415255,1768.921292805313
45179604,1752.5971702826241
82676573,1943.2053461142345
14654038,2086.909278186146
57261303,1831.4965461251616
69037727,1844.5451646412805
78583522,1007.8142949560681
49703078,1204.2728200141232
78525136,1209.6014021006326
86407509,1775.3238535279866
33024193,1455.469284830427
38535158,1635.707919896186
84179400,2064.3163781959424
24680896,1230.339641289803
42024082,1697.6327908727617
31137878,1192.2291681351844
92689780,1498.8149369910172
93487228,1454.2826859627075
27421195,2750.608363519864
27611928,2272.9069225128333
25261420,1775.9095684759782
46864780,1855.214691331166
51909487,2145.1252579997945
37913958,1496.2307749020806
74334619,1701.8773471755978
24422548,1810.8139493004248
58508595,1396.6122816335044
25087154,1727.6601112506944
76806766,1413.0240485255038
27262464,1287.9806712652187
73422693,1408.413666693902
58175270,2608.669057400176
76648743,1765.7300659992245
36026120,1270.7700287443135
87485989,1956.0050284406332
88798255,1282.030037643013
85293030,3838.223710353414
87029422,1299.0185287356676
72679949,2204.7207376413853
25871017,1062.6051550304185
61396744,1432.093232298511
63197784,2124.420748865053
49632353,2320.4383952005264
65625596,1298.9315535580206
86795596,1194.1347598998138
81433856,1087.8429230872603
87476873,1478.7359368467667
98147948,1196.1853018155325
99212421,2483.354538469575
78236394,2128.609485506779
60511137,1840.6715735936793
37030090,2053.070148811561
47227545,1681.833119286252
38980163,1593.6152786338077
33290320,1451.7187380734445
57735630,2575.1937990219176
37888473,973.2279513128324
54251453,1360.6695183021018
85556127,1676.9097454730722
26903779,1883.1515185109508
91692809,2472.747158943015
32446203,1865.6692028081302
34350235,1917.1724077434592
28532174,1659.2258969813552
59869496,1368.5670498681313
37887202,1898.187122840727
54799254,929.0377584406958
44298051,1511.0077313205436
89901990,1374.5978498277113
73292166,1783.392988920329
21775362,2348.8782012338534
36884233,1654.7314386289147
66353025,1866.2952084825035
19481125,1435.079553410839
95336492,1248.8884942183026
32400462,1611.1987767017713
28975228,1688.128656717791
11320585,2179.5577337540894
32162156,1332.3467251208588
88724326,3735.5538017586846
67650053,1772.0951314040726
21038175,1525.4383785527486
64836379,1445.835423171207
60827779,1551.9341353069171
88997264,1953.0949882873301
44622902,1430.0762851215286
85670106,1526.3046362137497
38945693,1372.4043896695555
69337730,1514.6558794362375
22890345,1886.552538201406
93106331,1967.107322630752
56257607,2355.489550726888
42845025,1725.556810311037
10678470,1463.854010417509
35975743,1798.4433759161593
44298756,1568.3571347440775
66670226,1570.1571548800107
37883517,2452.1649208455656
62831558,1190.8000803320954
25294874,1854.4477023253248
34601413,2005.2015652403454
61300626,1827.6280578011106
63694211,1448.9401510546184
70308634,1938.4479566504447
92846964,1678.3992016212749
32093061,2127.280806814262
68496425,1204.4501332822986
36724576,1669.139740691562
18988842,1871.838194977177
44304522,2100.243867638012
91192236,1425.6168370194637
27105876,1530.521306681969
89869414,1055.279118010272
45877010,1777.4141914447605
24146001,1120.931176115086
23395701,1388.965001543415
38974456,1526.3547241323242
57842607,1292.9833930071895
51687346,1603.9792632971971
99288080,1471.7719257581507
58963406,2027.830352963989
29443260,2009.1020204663362
62626422,1532.644126483217
57515098,1841.7328627707443
61739694,1370.7258406484236
27459512,2111.5715240092613
84889146,1439.3219002491614
58681841,896.0803826472383
63593417,2317.531760173109
33073018,1445.2610529225701
18775917,1785.4602473955586
38962045,1895.879807583384
67933426,1467.1570607659971
54603681,1699.6071266995755
83399485,1391.4786125741969
64199110,1754.7094798088367
82415208,1550.5791045723192
87961803,1891.7477992080442
44853010,1595.4109834248022
59952980,1636.7646907795072
88562279,1092.6824465325926
55858413,1533.3380357901008
61198975,1558.915066102911
37448315,1731.957465820751
19525923,1341.4432481484891
35026025,1851.8269160783907
37029910,2340.2062701759105
65651564,988.6247232543268
76546746,722.3419209559698
78805012,1567.1206219230537
73332787,1217.9403356330859
45937289,1678.5318829855867
99048249,1199.3391020681722
29475704,1298.8258164751498
93694996,1399.6782984682968
18159173,1770.619042406693
50435273,1183.217983534445
56812269,1650.5676756595792
10385151,1579.211209273642
74541267,1797.3503991399598
16719195,1351.9558778258893
48754743,1443.9718152292721
18188655,2180.249363895686
32063627,1880.9358560585163
95749552,1641.9521894296327
95191424,2356.4118639506332
79363744,1172.8503310858414
47169927,1454.5865173909829
77108983,1295.1622484359407
44823862,1066.2605574610825
81122519,2810.120158812915
18168723,1292.367704893248
59737458,1493.848610988171
12477444,1548.860276915959
89609832,2144.5433601261675
50913652,1426.0762880081893
42856249,1201.4217864068748
62711409,2285.1828587894975
67374114,1651.067205829873
26708384,1800.719460389822
57463109,2094.043427416135
64273952,1220.2153009182366
56304545,1876.846593334013
82795140,1726.4340612313165
14007213,1840.4443742066971
54415843,1609.1901853900652
54590957,1972.46708793406
67350145,1428.027320083979
74993313,1367.1052030927324
62432527,2034.417642277195
33713363,1770.7861089844744
80390114,2814.0795803023134
12723951,1780.5846389930255
71416124,1291.6350707677811
72440899,1550.6890760506246
60115717,2851.704349478308
26317947,1452.4513831078802
35504199,1293.9101947804818
30187539,1558.676724493148
55346293,2347.564652052711
90516502,1225.222572052296
72045347,1981.4159461102033
79850408,2434.975090435076
20443404,871.9775510757505
84501791,1541.1882732546155
73999320,1513.9154509577859
98913461,1331.440088719655
37225199,1136.9341955925406
16193655,1809.4388912005377
72620298,1433.5469344011954
64188152,1384.9464115922071
67784083,1990.0530462725026
90552658,1654.6974783614157
80748000,1074.8217294152892
38083778,1847.478452518572
65525497,2139.2553794221158
19381953,1326.6619443453906
65723090,1714.4922597405562
76151738,1932.243922541493
48225827,2973.7294502994405
27357384,1572.3972639113833
72090603,1691.5516518630754
13739096,1698.8078807169468
42442381,1617.9214878855778
57561155,2149.272291770808
35942827,3113.5437339549403
89196128,1616.2485619826798
90585757,1500.6139960107905
28123361,2055.7178879995004
54892166,1181.0313744263285
34399967,1289.1977169595466
36429013,1679.7491745626917
87308981,1193.8623681304123
99529719,1506.5992609435395
22093311,2425.926806385964
81263538,1746.3962193356824
71338939,1404.8217332395568
26758105,1454.1951044306613
97028969,1518.858276925036
64463656,1563.5614890803492
56099433,1791.7991896643925
85325718,3496.208732604512
44166454,1743.4073269193022
36489810,2200.5859990602007
33207901,987.3130249323331
27978007,1742.8518559255062
81479630,1281.5728665649367
51537650,2274.7672854636867
45619520,1467.6851227308555
38111175,1695.7775863471084
52128949,1222.3450470431
25404819,1828.706531725373
76230938,1945.4753076667894
35633669,1851.3511543366765
17486296,1661.8663440575685
26823352,1018.869603558542
24234066,1802.332721848383
69609466,2123.9200797160693
44500625,1885.3730788860526
25810885,2317.15625547168
47095933,1417.4215158756797
29996746,1687.3262823581429
26824387,982.0390818279017
22560248,1857.8442367281345
67043419,1443.640762489614
56128877,1667.0642329964912
78532613,1405.3562081236907
63334626,1597.066180069613
41942475,1391.3039105341923
71572581,1190.57160041654
31224917,2465.0606304698013
52061385,1508.9976322518812
85648776,1176.6534368676844
89601046,1049.7812383016947
16315474,1628.8343369881497
90885644,1434.022292728009
69988016,1711.228331395847
55363982,2855.439779954735
15084841,1238.8548606095055
85269120,2127.4722038474997
31531393,1038.6337491210986
65511292,1951.6711270990356
76207920,2682.1746092940302
25765261,1007.5572231803794
99628783,2112.113049490032
29123949,1543.014779352452
84071477,2859.762142522557
55408575,915.5282296333025
18563235,1963.7729436486554
32862824,1327.7281888621796
87247913,1455.5382462749521
70811397,1341.647093586647
79135010,758.6955358530765
95532555,1834.7875006161682
91619153,1873.5108955882652
85185899,2200.652244849177
45503458,2042.855722568414
40572975,1499.7173499428372
89004010,1679.6230387762962
34562042,1003.938726569187
63463440,2267.1396838727183
64460362,914.0566551544928
67250925,1453.4671321789665
14939721,2699.790766542153
35310686,1556.2271774605
71187848,856.1468186686686
61524357,1056.166106947245
36782194,1387.1829513766545
89842273,1079.2064334258814
20614858,1500.645139008504
68048266,1157.3862024121129
62462117,1331.86853467081
72115510,2654.195987888996
14057421,1128.653687414285
99878320,1706.7488843817846
68934495,1740.8952021359225
63897425,1456.0343474870351
30823846,1611.4681619334551
45856506,2107.873866635192
36318458,1787.2498748275996
54709816,2124.1080512959375
58956301,3125.15637604139
61193977,2032.1372682058404
94916864,2180.976769469466
95563649,1506.6664591290266
11808364,1291.1215579327927
53108582,2290.3259932542737
37502181,1128.4258764559563
37996385,1217.7378228076886
53563779,1336.939224409279
62612706,1044.442908320619
33233317,1022.3442380150897
39285196,2716.100171444675
12469660,1509.0359165474845
10086272,1918.7394760937273
61556619,1054.7044291336804
44239580,1868.2325729131444
37303458,1746.2270291548955
69742763,1415.3137256771847
79252407,1500.1244926199533
55035288,2929.6221470064834
22573833,1037.4883463198967
73616028,1839.6836514005367
72379751,1431.6786330493915
63515051,1363.4690092448916
43605274,1214.3871662449128
94526159,1801.7268980622441
87017405,1892.1519554165557
27785122,1383.6396544268143
88986010,1533.2785229071728
83705830,2948.8929105773764
19294754,1475.3292483520345
10016581,1857.013190313802
98337631,1802.6524232733411
96284977,1701.191137738052
85120493,2011.2725456000492
76912038,1770.4533072063068
38273802,1551.125618102226
31373003,1460.1981375220737
16311364,1500.9789485916212
81773825,1345.522141380025
85451822,1793.6526642054587
83837897,2253.84540473926
79840167,1269.1957484575032
10053165,1674.779409372542
66085962,1583.8222222835939
74446354,2844.5199562101607
71248291,1285.9345910935053
13527988,2228.967459537248
59655162,1407.214225706709
81270080,1087.7847548638508
25459024,1748.8585925371385
57124820,2249.3366905372345
38744724,1572.9376362653504
14672828,1842.966448443479
86208199,1323.842745102104
60804234,2160.0583457303615
26637959,1448.4077778840847
84505191,1840.2320697519601
34949195,1714.417305858072
18236230,1752.0785340192147
83633670,1879.0574270760774
38795738,1013.483717143961
57060441,2173.7528548693826
63193750,2827.3488315096242
16584196,3229.7022609291853
97470867,2268.8078856259713
57117308,828.5074409083259
28539736,1460.967798827907
42854708,2724.810223678528
74612987,907.7468751680753
18574187,1131.2969904015756
82554201,2008.262004396198
63502035,1624.77441060075
91862663,2965.636757294868
92211122,1738.4464845745345
31056808,1582.0403572592363
16943964,1390.7207937636535
32863651,934.8172603051535
68176876,1454.6040192712937
49131404,1080.7646681048761
70277995,1341.1266669711758
35494136,3294.899650064226
81234980,1781.0510364531979
38613978,1962.967625541866
58078556,1552.9736918902056
44540392,2729.9018256167046
54581831,1351.6265148303996
27711464,1207.772876428985
34639609,1585.2499658863549
61465981,1366.8510523646594
97434739,1878.931254806469
11115465,3072.618735232591
73204702,1802.404519017586
43122014,1635.0557862479213
82465915,862.5108559792478
70336402,2480.766755325276
66860305,1660.5285714371455
41500458,1674.944706450346
92919391,2321.0042897995027
99618084,1426.5100024095348
86909460,3573.3757536493627
17337355,2305.3638849611375
42353664,1130.6958435167437
21765685,1976.0110265682083
89088918,1231.3753228454452
35899962,3509.9059604927343
68684318,2057.349026298801
18484780,1330.6926318881876
87388388,1561.2883141451348
90094211,1692.7720084989332
16804039,2232.1829171612694
91010086,1442.1824258361435
99469868,1665.5572469769406
37545302,1781.6528927904044
71878464,1671.7168930185803
21183040,1970.6409142252799
35304073,1889.5713895609795
50348670,2159.9386731937902
34230931,1226.6731152096481
48867425,1630.004800342503
35018884,1366.4556227029284
82792644,2910.21314018242
55638604,1689.2414855453926
45618589,1713.7457207186155
94996859,1163.22944495255
59711138,1304.771258860191
20008628,878.9123344732681
74210201,1797.0938499601239
71592370,1736.143057073911
91112168,1703.8648705993032
86979588,1856.6056568056802
77491019,1733.8415838491858
82906889,1595.1454744564346
47215201,2096.93496746535
74482354,2328.1644468400464
85248466,1450.8541225829786
48081067,1878.1708640603124
15387364,1378.4330128362867
49479914,1562.7134346998996
67144063,2441.3192796597923
21546784,1839.9183630953135
33690767,1360.6539517855417
33115846,448.6429093224282
61562965,2047.2584392172955
39809818,1887.3559247755409
68123009,2439.9909661557713
51851996,1954.6021409232394
14592737,1339.838533020017
53703850,1684.7871713601417
32305458,1974.9998141599547
15802272,1108.1762113040045
36113397,1541.8317341767174
10490484,1886.8104479549988
60733954,1734.710959453393
99162691,1132.6307420213789
93098807,1208.6818962546563
40838545,1695.4378857599286
11051825,1862.330228400204
82908690,1534.025669525378
71787511,1625.2565919439053
72823966,1501.5050167330087
12980060,1761.5320866444545
96086415,1559.4184383299375
23697274,1996.466552896356
51614059,1832.1392127639951
78779574,1642.9026361115937
95241308,2690.137335887252
17643222,2850.8799729269454
93263316,1739.190567070843
37302631,1298.1685164407306
87271886,2035.0060283786677
55736876,1766.9393606381664
51594702,1901.44168886837
83945766,1085.8267412401678
79078313,1256.313996073263
31277810,1493.5005279240686
74965419,1892.8184542409645
12557472,1379.958891701773
61610958,1553.2045455691898
87565891,2963.648136522017
69835471,1584.2761699562084
50409416,1361.0657155484353
77449547,2042.7198178075225
97554546,1267.5574431186094
15981479,1630.430539591724
19522006,1785.0361871341422
27996044,1644.2345673419206
41161764,1754.1737455973953
20740770,1585.7951841466904
70042803,1623.7444786734632
52210690,1295.7666855660814
81657059,1259.0144047810843
67733763,2293.404122848537
19453777,1379.4058930159488
76648543,1770.0269570145906
38569009,1019.9354136158437
24713941,1257.1043626057303
89660454,2300.9846583337385
85740410,1631.9133571444372
86257801,1454.4026691732824
86873805,1617.5783902418652
33399735,1746.051587566464
37535534,1286.0388209455728
27667456,1505.8136323449353
61581329,2295.63747927195
51263630,1125.2974104255838
52033053,1461.0392256021103
90888218,1362.9976918590917
12546179,1897.3157692797352
83093814,1496.248438314768
46297699,1285.9608429415196
97044400,2000.9474771418372
31763919,1336.2314145612443
16008849,747.4709692901928
51084945,1044.9239213071592
59957604,1590.9988030737675
18780994,1336.7786676931642
87997537,1526.7942894138096
45685391,1752.9772880389892
44441149,1397.160463361722
14178311,2053.945040453617
43522500,2204.4200207924137
91025767,1560.47001277034
92328854,1684.0216541522468
53582398,3019.3615936841775
79088536,1190.611180117537
46193764,1231.7800050452722
84800487,2220.677729471357
58906346,1901.2956241767406
16384425,2184.9838293193548
31314423,1673.7412901006483
78713693,1315.6919369405734
59579059,2693.1932697993147
51309878,1633.8721339292365
18367921,2795.0200606472904
17963218,1375.699997162228
63773516,1717.6000288302198
43820904,905.9916921157421
61844633,1539.5192998501905
97433520,1953.7173617314468
67890378,1352.1826839805055
84770654,1981.472966041545
56388014,1094.6154352155331
48498606,1304.3473375842505
96139568,1247.0158034514186
23184000,1798.312700653973
82435682,3171.354264697637
84725417,1198.0264705877987
80398008,1275.440003388118
21408816,1940.0671823000855
40561414,897.1116772114112
47526789,1738.3146664359865
34202671,1594.6416513384402
47410501,1521.4250840369448
18437030,2040.2983526243095
89947527,2040.9700281747566
48179652,1108.3941387087268
43574355,1243.5154731571351
93441626,1388.4541559246097
49833156,1081.3102862232922
27436801,2203.5813904171764
43212239,1717.5880551232603
57781002,1887.8843385069792
80452756,1814.149858388785
69547198,2318.2648492296926
92282402,2458.2244325358183
60080700,1846.3518562922152
77220496,1165.6394518678333
54095090,1796.6590896517348
28159066,1169.0909963180402
76298460,2130.032274878845
57334293,1696.1157622865444
51349452,2658.566314184167
57825954,1356.5942503543013
75566691,1375.2197631573529
21994482,1556.1464107220288
15472109,945.8004023298245
74524636,2216.950440482747
50954892,1639.9252662702124
72834699,1660.723726079471
62999750,1467.3151816058732
33123268,3801.274095708073
66540114,1422.8596985342695
54002928,1355.2540604603632
55085304,1528.4043193899377
22151066,1623.5285648826232
65334729,2383.1176452334203
30865724,1266.2997118499773
90388666,1364.1150724769045
55605064,1376.4390786366134
69408128,2394.0159681492555
99473168,1850.392991051972
75818797,983.5007745728497
62565025,1642.779843645613
75143116,1509.2242953295602
47696923,1865.8390185930741
19416750,1658.1442671264629
22855194,1956.2744449423237
67192782,2037.7763186369064
87517475,1488.0689783731452
56350089,1746.1571458681642
34134972,1826.7058865598465
60576347,1936.9051530571896
26319072,1347.5452562147934
88893111,1318.4399295801281
68033382,1953.595975637512
94035885,1319.9914474250909
81187160,1599.6719816848756
28315736,1395.0170729107838
22692256,861.7434062593387
37267592,1240.004603328564
91150814,1692.291065788056
26431305,997.4260352124707
87910232,2675.0866122848647
41955248,1544.412499546281
69743430,2239.9441050183286
46703259,1653.770891260891
31441294,1554.0051951471237
52540774,2084.8981514886514
86506186,1523.7375066964476
59584539,1354.3628645894605
97314977,1753.280959765471
96666615,1598.4231338090742
79683457,1708.8882054626222
82209443,1592.7444211470413
28258830,1700.2361401580893
42067661,1801.0567047877885
66297804,1107.2048206193192
16941404,1221.1231740254382
75005309,1457.0027071465247
24570745,1885.3951318166376
86113362,1955.8874714639055
17047985,2176.1392600417707
65773050,1501.4500308058318
58445540,1372.8357127110144
48523637,2024.700930338991
95993557,1721.5607204407245
88761628,2803.153771220856
35281082,1676.4378496460813
63427827,3305.338743071889
38736916,1482.8688926985385
86580197,1783.7882267258524
23112535,2749.393369933701
70370352,1948.7862942772317
27855625,881.0858159168199
60833031,2135.2316816093585
23047956,1412.3029788827264
87351286,1592.636160043529
75886001,1077.0416200449743
66301086,1772.4150587447714
60935733,1211.3751909172213
98414359,1788.1023635281424
93169508,1677.7870337281292
77985316,1312.457717116675
22647726,2402.777967126076
39865459,2546.737575564869
81994206,1398.1716016170565
62822262,2016.7853444370126
85331429,2768.4446877948426
75110630,1179.4640473330041
51138756,1894.2398751054254
83491442,4641.629627102097
67891583,1338.2244988013038
65475315,2808.8908474518216
37180335,3229.8547879880116
53617145,1742.8062248631168
66644091,1352.8433304963903
85685863,1405.831869983854
67756317,1592.616176562647
47286828,1266.1846322008964
30798257,1748.0543044727208
55429056,1510.7785130915504
48423935,1368.3141405195126
70215654,1499.24120427217
84995114,1658.7544797189817
34191374,1186.2852596173566
94424055,3031.9702763820774
35266032,1100.5170847421348
10282778,2072.7819308316875
74509894,1550.8409066502163
62379565,1570.5555176861433
69295266,1216.8421067841746
19487319,683.1029736568892
80523155,1752.2531532557434
76258438,2614.441817973819
15381648,1505.9396592702433
76313330,1456.7740104996408
67909709,1363.225619045989
94172578,1402.109388002431
73730320,1322.8484554812303
93164433,1337.9158455124277
47160388,1089.6900203847972
39990609,1773.1112434616414
64566990,1600.9114075658092
91126842,2331.7953465715937
52824809,1632.0226704225865
57254599,1545.7129055285159
38718331,1274.8335470660772
86095545,1489.989136483436
47117496,2381.6979573129183
38398092,1957.5728620726402
35904079,994.3220146503531
90919237,1354.1791793854295
56102015,1211.5557870318974
71540566,1428.8910130651277
10011577,1442.3650366457255
84723499,1910.9716255217777
12437858,1393.3502396809672
55600884,1373.6525896971248
14903844,2144.039378460748
79656066,1418.3884590780128
22833793,1180.111615571991
52725368,1569.3961035194422
69338616,1978.1098161455723
69512258,1605.245240464773
96249786,900.4353848751143
93289839,1593.6677490910397
89525161,1832.4000489011194
25602400,1529.918736738598
82687645,1649.5423106153823
86466057,1656.929422090804
31039064,1012.3489547791048
38126410,2349.786877737969
98941268,2010.8755366540513
98887377,2190.7748359231746
19069593,1415.2661236463712
48991500,1261.685212453521
81340729,1236.9812228520475
17755803,1407.3349330242922
28332754,1264.9953541709954
48710415,1609.2105246378467
13552122,1920.307207642427
67175252,1886.2464613149707
81401006,2396.497466588918
87569420,1507.6354068389455
68775804,1799.633024379202
51303767,2299.8925049598784
36907350,1334.6168460665592
11852044,1245.9686474412197
57122012,1946.5051137361256
42764646,1443.6286959383383
23299341,1259.1387267075038
99527596,1606.6216667018173
97393585,1335.4633730858347
43578412,2386.4744738907298
98294611,1738.9947010121452
30924809,2039.7855352641984
88121507,1991.883889787026
81094653,1838.5372885760416
83948197,1847.3889031225713
53707208,1544.863899742752
72598207,1913.343783254377
96325015,1400.768895037608
32527392,1191.2015352825902
13367283,1580.4621665753539
70926441,2001.0853631538587
14507496,3049.2463691493977
84516945,1546.899306374552
17478153,1337.9313205584867
83347951,1191.353180836243
42507501,2537.9170327828065
54322410,1433.37025313955
51129418,1966.2379650331934
92284337,1102.457545364853
56191305,1175.3605575756308
69717201,1413.6071560770863
77803958,1659.7574620932596
30868541,1096.6645186866208
21948362,2147.0072418501845
64597726,1451.5681606441135
24753315,1340.9197396515417
83137150,1148.3070614151325
87115344,1651.63540181099
99984175,1711.3466864956956
78503238,1577.4293387905736
56241324,1944.9457185448455
44979606,1275.6260878506464
73782771,1777.756925823301
83259646,1532.9012943005127
83615385,1320.4500648467426
84238097,1399.5854793125848
90104229,1850.5302939801927
47165230,2148.900194159247
90052115,1143.3067866727674
29318397,1835.5654031551385
66821977,1821.984114158582
74914365,2920.1855524132543
21821045,1546.9650954174206
78077361,1226.6505634045743
11290483,1824.4648568107834
18150280,1560.243738603489
97190006,1367.5571105276583
23716973,1655.5092732199503
22402268,1967.9236599091523
22495547,1466.6623812031232
62732805,1380.5808405539258
35149813,1054.088218240346
45074208,1522.7671241604762
16930048,991.0812491774499
37034316,1310.6440508545545
41257506,1197.7307400719192
37119194,2766.6962916393236
67834562,1000.238480726149
34524417,1923.6669716158704
65917034,1443.274362037802
89187031,1375.2289985011682
38918236,1788.6291204863828
15343670,1547.9934511107995
14075655,1378.168795741221
38174910,1894.0977675975157
58723158,864.0579479283589
60249533,1770.292239088657
97281245,3424.257052381451
72949298,2834.835834709103
15101045,1281.3281532463711
28123842,1412.5876839876996
79777819,2638.765339869294
49207880,1720.5464222839855
80546483,1700.2979823605285
64032695,1584.3561636158963
13192282,1401.2122013062333
77309020,1670.0789416652224
61977302,1653.3802919249927
97344057,1691.3461835027126
30586194,1434.3714609980302
56677229,1451.5573925617364
22130117,1261.8712883304756
40261245,1843.6101746210127
30166032,1733.1760632710586
77089984,2120.7448478170263
26878900,1354.2336277089146
61371436,2063.294698403184
42742062,1764.2920653360995
95339974,2523.4637779250306
56107946,1686.0322575468927
75011328,1545.3238294484559
72662754,1306.0873916741089
72203106,1000.8481454710433
70496852,1650.9269330115862
13201993,1563.0982717468214
78164844,2182.389968826832
59342403,1550.4930003066836
94540895,2076.2654492649062
46539631,1528.8797149054983
72239923,3072.815148075222
87927143,1493.8479658941706
58112642,2070.3043599275134
46348606,1114.3935652294049
41028863,1534.7917029669065
24368370,1375.749093326697
29933781,2357.8747179957195
82791847,1591.674566233016
96015529,962.0568686769274
54561874,1391.7165065435527
53184693,1062.4867686780265
76671373,2312.3653556727663
63611357,2062.367319006849
80706420,4184.0290669160395
55017743,1960.534917886522
80689892,1717.6070010041199
84469446,1643.436348568787
23226721,1641.233091223572
85084580,1528.9656123238035
80669002,2174.5938914738767
65745002,1729.084131238046
89007400,1548.6240846524177
29824422,1860.9232787751973
35775431,1529.6585935149176
14074630,1198.5824681470392
72325201,1430.308596606639
23874500,1580.150481086664
37300173,1635.837945763724
33493494,1875.3974323388138
30229764,2717.486555181431
43966954,1998.730403996052
27845488,1630.8772131065546
37461765,2019.0240198436331
54994083,2021.5052269425025
73747516,1678.297155362691
41276058,1175.7802609782968
55912598,1397.8291539090858
60686267,2315.915721955401
32726148,1764.2298030000886
99279088,1329.1476009706337
28728541,1585.4692719066593
13858737,1572.7771182881359
21895570,1830.351867983221
76323759,1710.3020571061168
79038940,1103.213099078121
29272847,1388.5442717806036
98713132,1507.135752256526
92394953,1690.016721049064
96580365,909.8927434839906
44481344,1253.52549977979
16420037,2266.992762609738
93921984,1659.9357137368797
26481610,2386.272907213311
36292815,1549.882114503363
77806189,1935.2281824951667
75958945,1318.4927728228033
65456150,1570.2224671945273
80743824,2256.4154369549333
49966934,2363.2355345834776
86026791,1381.9493778298786
85816309,1108.4503047010267
15568874,1885.2375099216106
99556884,1730.5011678379285
27514144,1661.4227259745755
33950340,1632.2842420478103
90674412,2936.520017745937
31688776,2063.760460286942
58380703,1347.4867731648976
59666638,2091.9546508955173
28858647,1703.116671889555
96281488,1423.080081280146
81757957,1799.5966425833537
15387606,3091.9589622581466
95978588,1047.3596239525996
38876766,1538.623610130614
97177476,1509.6065570005055
56304916,2171.0016910334157
94447504,1519.5496634749684
12858830,2034.5346742593417
29325031,1686.5707997608392
45137864,1287.2984865069996
40574206,1698.7270230611903
14671172,1166.0730551570632
79393183,2205.064852086459
73490914,1193.3378819420554
74160460,1347.8195713827956
44164617,1111.9664914769787
82646950,1898.5269254442007
13359174,2466.5603206544542
75134927,1173.6005432898573
36042465,1280.3972159665493
83839627,1949.688889877187
23668396,1851.141679451677
75299261,2344.7706707613047
41480775,2209.0056426194337
33690039,1927.2460928045862
22503085,1503.1344407694382
37466667,1314.482761436829
14321282,1434.5386384709752
71351933,1723.9244843976546
87081502,1122.4196617206885
65472553,1479.1632164527641
99213360,1748.1135266207693
10832464,1288.977805825889
51819797,1936.1137141596842
75955259,1907.4484568873486
88647663,1615.7496350849033
48629803,1482.1259278550817
83286245,1947.760722256517
88766577,1282.538650364233
92941012,1635.1308933817888
77129657,1893.8545321281274
98212477,1472.7961299407182
47578988,1258.2280187537667
50209960,1561.959795126371
34219777,1627.2435077214225
79439231,1339.634204916206
73635146,1924.9401662328762
64910994,1706.2334655279694
53834693,1063.9398265813065
11363592,1896.4563639327343
10873772,2824.5512870761336
87767702,1990.1883842903185
23454749,1404.8302663055713
58196808,1497.8503274327834
68491285,1650.9900874725165
92242279,2897.99348993362
33507598,1699.259188529951
31155680,1710.4439545693656
69782815,1337.2631267737945
99510246,1651.438890797524
76945883,928.1251266412899
17094345,2017.880767472864
46337525,2089.2818140282707
28488983,1200.6040691255391
16761031,2787.0722088420525
79032271,1150.5666364202473
62295468,1143.3337962026553
34239247,1975.3647149341157
13382072,1481.3826678046946
22594211,1874.6496296383752
57247913,1217.9297664184448
91685716,1502.0568656597495
17466502,1989.6943091768749
33964749,1840.3682934181343
51427608,965.7275519944194
24310192,1168.02649770331
31116680,1609.481763318621
11417356,1955.0082033878277
62762079,1454.500333691875
42671255,1999.965389269743
96926020,1697.5031290889433
50275050,1795.2641941727495
39760605,1555.9822831655686
74898826,2963.3340337732147
72916922,1408.0091083674972
15943032,1290.6024080718512
74582816,1734.854343742904
59875250,1985.9747832673652
80790659,980.6448397595211
19888418,683.5936792882128
31588130,956.7715406150561
66158465,2017.801599894572
18800645,1666.4847239408632
64505218,1466.8099820108075
56056799,1382.0739956380116
10374837,2123.061462482307
41300143,2603.1285000907424
78621253,1304.604418297773
11141195,1612.5078588549713
33865847,2435.660373953644
90610974,1107.4261803611057
98930552,1561.2751758453119
12727530,2206.92286111029
52930535,1582.3982867494951
93753865,902.0471966043842
70595210,1718.3196114087357
86025280,827.4944167236788
78663509,1661.881270431441
21322626,1418.9478409751493
38172344,2042.017372934246
12467923,1844.5723126656878
59832255,3558.353818176309
60019461,1674.069165779257
36274445,1286.9221906150096
35417851,1362.4906955010722
24997453,3210.6709422516883
83094532,2750.028784657328
90174488,1671.805005038863
71319002,1237.5079682959592
29621396,1394.7422367250672
10011880,1468.413880832379
17190126,1325.5005238443605
70424510,1640.8174792701425
11417531,1238.049041008941
27554957,1660.8456241688662
13689480,1195.3181638312058
69613512,1538.291465232287
74318773,1825.8159525028827
45221034,1652.1133295114116
12200305,1406.6473319255226
29052499,1918.3398619607228
91168920,1848.2661017706534
99587330,1080.2278119756986
85493546,1459.2173333693756
36510260,1602.69786985453
40370308,2041.6921884204671
89123563,1529.1936360849982
68894033,1403.9735629155773
73938236,1880.4385385603784
25242707,1293.3717562301279
87339346,2200.8579790837803
34182148,1195.498136177495
55488547,1445.8937866022513
58799207,1440.1069619183315
99415472,1459.6048310200165
50374353,1789.4839670421413
44632960,1254.239827260433
46918499,1906.1773609736022
61219752,868.1757697537076
57928854,1348.128595524616
22536598,1297.410770447544
69936903,1401.531056139254
69696012,1264.0523656084522
75807455,1390.7983523461442
31557332,2177.8803632723543
98503124,1142.7664024347926
45347570,1598.6699238638525
91321804,1738.4004541173902
56392111,1832.2019434925792
86308272,1063.438914029626
64596791,2109.224167683748
80652734,1861.0904251208678
15067372,1779.0494134080927
19485124,1485.051666869249
14453004,1142.067643689098
26285533,2324.305303035071
92838656,1554.1299774038444
37408293,1581.7520147871746
44619550,2049.3096044190156
12229798,1419.250958574306
19471907,1329.3781538493483
79387412,1163.1968327895167
62896852,1716.8406520441074
45934349,2344.6656902621276
16860511,1755.103544217214
43506983,1506.6143143590882
70740306,2048.089916685519
92814410,1391.0334688333287
42104710,1723.2768470042924
23656647,1291.4868935495454
16622582,1682.0452884591161
91730318,1478.5873550289468
71502047,1638.451750853034
62198081,2663.658700239956
35586426,1613.904701584661
73159054,1285.5262679267378
72932579,1371.724274709103
15860553,1644.3885394399701
76499202,1341.326056694985
49147306,1222.103126602976
66173222,1457.6226669096131
36048465,1789.1040889245558
58226162,1706.004258512441
75348253,1370.1170922343479
29406516,1622.495259382553
30120831,1375.8194027244804
88886135,1542.2956667989604
90716300,1080.2579695532247
12118186,1602.642748091754
39388114,1630.4252236970992
43348151,1418.8754797050049
70648988,1598.373838678604
89828759,1445.500913908893
25774436,2199.4344029716717
56166234,1245.391072756011
46207048,1335.1424799732517
24260337,1613.9114872053747
43372122,1373.5461275530492
99211792,1457.13304250717
72425048,979.0637756726289
58848576,1550.6267583388485
69451066,1024.6283575288637
46571746,1897.289786685973
35037281,1259.789173454927
85573733,1364.5416059003612
85004009,1013.6587974426559
98713147,1766.635137470553
99574842,1229.785915945141
56403873,1072.374383729776
79242881,1716.1204233848748
58458582,1211.4900760998996
68482067,1234.8499623457258
16690135,2042.2678341439666
15173091,2164.384941369553
61448444,1621.5110616594263
69237042,1140.6049871553566
85145895,1079.2299497608403
22701271,2654.1814163971612
39148372,1341.9800195468117
94500108,1612.136573550458
68415143,1300.8823864179412
40595467,1999.558264395277
53076141,1574.2337167273379
73641861,1036.6523636958661
48605668,1600.3521895713884
69923530,2084.8744150325438
49319680,2011.504301544445
45928049,1824.4532249441997
73814109,1253.6747529926429
61386764,1653.1731495146464
67209776,1414.721039267095
10596331,1443.8949316717478
14387887,1779.03315506165
66568548,1550.0673646490598
59240082,1668.3299822709346
35040177,1685.4406279114687
99480365,1458.6097699028019
68333386,1294.9426860241176
95572882,1970.3244465849882
38132096,1703.4691261301828
76955826,1803.8558238905186
17729676,1946.4502904002977
42211142,1346.4433043573822
20158681,2538.4592160907205
79393152,1389.0915632865788
39911125,1458.410966726413
88836366,1751.050348644539
20409154,1687.3773142061027
15026679,1602.8379440131353
42131515,5164.274204757706
54650905,1565.3804846873552
26838390,1430.8972981380532
65068346,1305.6115821186745
92979933,1689.393754679215
95452518,2317.8888859054387
38822689,2144.019875329762
46355252,1958.1802821107626
12444224,1964.3444308677138
42979270,1324.2320301899251
77573762,2444.6466529305776
14826829,1713.2008952091203
28709839,1908.264539164847
18829646,1825.188241185081
96568537,2216.8514068966724
56829547,1643.9997178274525
93979772,1837.8397488037065
17626588,1591.2917475067661
34011504,1665.6959546737241
52636134,2185.69112331293
91687348,2033.8174145147348
36508418,1770.2178194890707
82621948,1209.5090801038214
89318730,2554.7470845737234
98717167,2095.292426720129
26278873,2173.373767653186
56823412,986.8014022037058
75609163,3807.3225944829064
90104725,1747.19257857628
75874553,1861.373307985114
48469293,1841.6101783495792
70313722,1794.5917092647628
48269879,1473.6706564714298
30338233,1866.4755379346745
32779513,2234.01993091096
75548478,1472.333546128379
38561257,1886.5592099147805
10945373,1005.5941960817721
15756944,1531.4843243404384
46940446,835.0165556217886
24659465,1380.6206269014301
88948806,1636.3926977286612
34164402,1491.2342601022635
79477391,1940.3067286813427
15537006,1802.2192798216115
88911942,2027.7287201479805
96378293,1506.270140931175
76422231,1610.1272107285156
12309843,1262.9698999417883
96239148,1344.2973296364528
86466781,1599.2325664595269
49050128,1860.2270933888092
14724818,2419.9120663181056
56683970,1661.4643126015708
98393974,1358.4636888546008
84824034,2359.768742965851
92573067,1536.473139968343
73226546,1852.018953723787
61358064,1217.0164371381754
59398688,1904.4410248520958
14969480,859.9126883620684
80588045,1668.0905723532692
95597071,846.9382547668586
54836005,1262.3845501966075
23220441,1870.1461837016698
59018993,1857.5330354085054
68425900,3044.546514006113
96400633,1491.0190949297328
32664783,1329.5481526716896
37951383,1450.5702381428953
42701020,2114.510104120783
23132709,2042.6373912397828
36039638,1600.8174258172178
14728562,1616.2743184234528
62765095,1717.3734979267908
90518206,1763.7349339643852
99330676,1474.2735862549455
54002963,1878.4145418170185
80024301,1231.081701819438
83450392,1300.2298493414762
80827964,1304.9674473708883
22623823,1490.8942010548633
85154401,1362.2439471508699
92409200,921.7343805325294
37461274,1697.3547665807484
39412052,1896.1084196688707
99188219,1144.646127804947
10533163,2415.7456612883734
16576946,1332.228537744938
10571061,1790.515068705523
11502784,1142.4334831592885
10627022,1143.3242633810648
66112731,1683.4395440294518
12271580,1413.9587370906636
19300863,1742.815525820701
42301466,1375.6332275467225
93227392,1562.7218440660406
13989390,1435.0104951496826
83189444,1574.3512592323684
88982820,2162.968094256511
86309809,2511.918964072471
93812427,1332.7721771096496
79351177,1718.5788717317585
73882065,1614.6111498781738
85331771,1538.8136434941384
33746879,1457.540547238148
90357052,1542.825486605576
42998447,1951.621425327962
42297649,2338.622981382187
74232297,1534.0626968727383
68234963,2220.059784590056
79955240,1250.3095383445168
33685499,1510.5317186565721
74031111,2290.582792591994
81527691,1869.1974809041355
25578339,1356.0563452858507
36826714,1280.7403436674279
66720469,1294.7247731883144
58271754,1184.6400546156817
79175453,1660.8226770808133
91006186,1181.2345846689489
75399510,2119.0715826086653
65438642,2375.4778433340093
72193555,1268.5239901094797
52661224,1749.6505329575652
40274658,1926.6668468145008
63582038,2844.1515436787927
95316180,2404.0547650249305
31722576,1472.5759156096963
51439680,1801.476478345772
92864642,1604.9748495004744
24588628,1604.0747456213335
62383426,1391.874573129401
91245064,2404.3212110353684
61715372,1712.6497056509768
65148106,2242.3604217243865
91441992,1246.704375019339
49274969,1712.7468453040913
33917232,1546.424304475482
83235081,1906.3178725723492
40753215,1717.950242815138
70796627,1331.1899004874838
73931614,1157.1533311015144
56857736,2626.4194946951384
54064504,1997.7951985181098
20389019,1194.065478049448
57574601,2438.948958448132
16478279,1409.1865052400974
68356151,1857.6444619762087
99711808,1884.143016292094
98284968,1538.1531370248388
30598390,2046.7213671315487
55132880,1884.770606841311
34163532,1482.168608795017
40857770,2231.235637760358
79839486,1222.0473307922302
78134573,1956.7037977534342
96251286,1726.4226381295548
46606815,1829.6833912257534
53204628,1144.1643662345505
39264189,1560.9995802551643
66917873,3664.3865148153072
75228206,1634.161632382781
57466748,1870.733833962347
75500440,2106.1287045788313
88152254,1605.517298141385
88711927,1557.1425175937775
71935730,3025.545896714448
11714210,1088.6456035889664
99304127,1564.4044656545561
79629484,1624.2372712822673
64599027,1317.3733183436711
71633685,1668.7363429230834
14342958,1690.1322735982753
27958253,1753.6443203971048
61174518,1413.5061281122244
74916891,1616.9705446689723
72753968,1523.9201317334193
36262662,1782.3426138148404
60917615,1429.4324506631497
99306721,2308.9748853126093
53075886,1398.600429148122
73928511,1683.3463229765418
19965325,1202.5376027382995
54826574,1657.7930643488166
64209168,2534.6491375102537
34147586,1468.7271364228134
98269123,4123.539408261666
97467622,1692.2055770280529
85814087,1482.8907853929181
72333580,3128.6801544894506
30873738,1361.0989598724132
10331403,1474.5691192694808
35344119,1814.314684404753
35769080,2570.6885391203887
21575135,1532.4704897210959
75304823,1395.132181514994
23401574,1132.4610870396361
83090193,1696.5476984432587
86996430,810.9246590561584
99751646,1239.4473088165141
23591049,1778.861262267821
81709576,1385.6827310830497
82444468,2069.1298286742763
38288153,2071.8102332058816
87446209,2588.2059564267893
12079734,2354.786627629597
25058080,1611.7616817359956
89691662,2439.71896789964
13150938,1872.270188216881
36020495,1949.5597833007942
54923182,1665.4462553049987
28841079,1334.4750462780314
41392965,1117.0319937801114
17119564,1686.5759866067208
57430704,1513.880102936187
36272284,1573.6912108907322
91925114,1256.9757227660707
74412922,1938.964224332281
65743046,1540.4897970752056
48653211,1471.810069516837
36332370,2390.442239660529
85424579,1803.8277368799886
95090269,1129.1816656077951
95971802,980.0086596217981
86256336,1352.7007228386672
31156844,823.8577414202304
37688219,2523.5619292661254
82437324,1499.5529504817362
21950676,1794.3853802328917
54094553,1447.1770706240084
74374536,3454.8260880414805
61738687,2060.8472801116777
19277250,1589.560118949841
84311990,1981.5417265350372
94274494,1802.505672883219
89122239,2679.2157585931204
97119289,1232.5965559016904
29959537,1402.0534501627537
22777840,3866.7612149626175
39391011,1395.1666347501575
15127918,2191.578733134107
47251761,1271.2834432450625
20023773,861.0023117318573
96682736,1329.2536336773262
12309412,1631.173641069879
11517944,1445.4472444538949
59425514,1341.65611226851
28854961,1459.13163498635
63750719,2119.3068167458537
69531684,1361.808484151361
73516640,1500.2642657637139
92500346,2413.1261065971626
66124065,1669.0479462425935
28886163,1376.7728491067128
19680706,2009.998327050109
83673598,976.4536511911659
85519237,1485.439922459208
37110854,1523.1735059698879
96010780,1998.01116320193
51391268,1198.872054676177
17655078,1607.5409064478085
26863121,1157.7588450719359
30839269,2395.5131920063295
22418770,987.454937617166
88029081,2227.822933834412
27689636,2369.223246748508
58431423,1602.5552043094463
43802347,2792.3103600287886
83961382,1089.3111668247022
27938336,1316.8006971094587
35978100,937.1467331832138
89319775,1429.4339205627155
30362974,1384.8467347159708
93105032,2332.230790049961
20314268,1355.4227211507298
34550012,1433.6811355514112
28077484,1692.4860939382745
64656384,1479.8071821415674
48022436,1546.6665059552508
40507726,1783.1966262890503
10314144,1357.0787102072147
81012787,2088.843879211949
45672873,1745.7286318627357
25759428,1634.5116596332996
13512722,1253.2570365168983
96070498,1469.6998637635263
21352279,1364.3649041466388
54205490,1570.39809032168
44645119,2676.3245090275814
37332321,1342.655252233618
54601842,1556.8755744009527
60801709,1416.6849536786635
28903523,1720.2041576361978
79159760,1590.1584275884193
20416757,1091.0808643654452
38432201,1272.8935595520718
60739859,1991.5758910918246
89931987,1747.6404881652752
60999736,1767.7718157881566
43182602,1378.7063354969498
89739478,895.6929915668367
50450523,2109.416068990339
73950928,1413.9604734634834
12330781,1117.1087059622002
50236542,1752.8449702560413
34912503,1370.6993165273823
25536468,1659.2744068472261
63776599,1277.5220989160189
56389530,2217.273511280516
60881312,1223.2502570139523
94656046,2462.1720695623458
84143693,1422.6341428839437
60768240,1682.184891005276
60458308,2200.8144322186517
53948557,2103.348180128091
11612817,881.6915314957209
71889062,1240.3294618121686
77172079,2080.2958250896195
34222625,1890.1984831897007
69965828,1281.0244264324665
94714430,1608.664053011021
71961534,2028.3684970325144
32936108,2113.730866718419
18431618,1294.824941877359
13548537,1059.0437613077256
86674079,1429.8248790738226
21748194,1877.3064074006813
40124541,2370.1363120760548
33347811,1595.3912860008065
92929218,1564.5841002865538
72190892,1449.4285192781736
66963455,1573.2759472650498
96157867,1022.3103357156419
15254705,1645.8713977104787
89064766,1771.0436249483387
85305349,1396.7264992851296
58781934,1393.713664856961
42553797,1066.760214323133
18721533,1370.163591007026
58244383,1787.4617928380806
13696896,2157.203503310914
65894339,1709.0792356892352
61098619,2579.276209211995
26018756,2253.341789981421
59479424,1697.3592016917125
81738781,1711.2634786078572
91106215,1289.0693331740842
71223563,1224.0122478829126
95945745,1515.7959260643272
91424061,1321.6185986499484
67135880,2417.2936937472678
15528553,1608.3427058176399
33657705,1494.8357836943087
62553289,1549.0208899881104
60993054,947.3295305310501
42800613,1397.6143518050658
17769800,2596.8812443006263
21401202,1517.4990319263104
52155473,1176.8940704493843
93304650,1366.4631560917676
51407728,1510.1704641618667
89543732,2158.9125214124892
43419947,1812.9739779065485
41488699,1480.858280940047
60974422,1669.7492968973036
65352047,1192.768637940724
37012905,1091.4618218795176
14787203,1606.7111358395528
29417973,1577.1672577460913
19835446,1950.2011220540408
43255500,995.5518587823269
28812691,1486.5656850197868
18722953,1344.3307600037424
93227004,1660.9997490108317
35371569,1713.721255073527
12076594,2191.347977996781
17330331,1827.6781469812177
70946197,2251.2712459933746
44132847,1669.9769792475774
77445263,2104.000964895367
56880921,1490.5523970566032
11480304,2677.511605549617
44407005,1888.97539488637
57603851,1426.5546264670916
36951093,1564.9244461110318
18651476,1121.446244687043
28758403,1935.6188251206966
29842235,1405.8303309838705
80915194,1341.6642017260226
87361082,1842.6757348536569
67711479,1290.348193382465
96493355,1449.254812520312
60783295,2344.1663238068863
56178874,1289.5886727817992
36921713,2407.272295787425
48581624,1435.0486933198888
75576141,1310.4611466142112
20755403,1085.4716647137582
52097748,1660.1363669728582
30927924,1189.4454885204516
52924618,1609.8873615399505
23083091,2194.2859094703285
10593933,1655.6621062606093
14984647,1836.9416471322909
50764768,1232.3682815921695
42909851,828.2098088177829
47962891,2097.387797454759
24155862,2019.460314392751
96222874,1279.6262960658696
76243625,1731.9179190437633
83785580,1731.8178369275463
68046684,1545.4634013384477
35026518,1541.9850926651538
21144795,2293.616117894259
42304823,1791.0862766927257
32449171,1774.77003177363
67804951,1472.9471625189533
80988109,1268.4359951338924
31562948,1366.1665977797975
80571715,1040.2502172460497
91879270,1162.2753766739188
80331872,1987.4872711023604
39788137,1832.7524792142008
78186126,1633.885876337491
34300076,1666.1565886555024
70710711,1419.154578967385
19520201,2089.054132844628
75968232,1397.200735071495
62441830,1468.4779982408497
87704160,1727.1716077623753
38039509,1894.0731322108809
87299257,2366.7142483539033
34604480,1531.3283755172101
93559487,1522.0500492436547
35225951,1490.5358808569886
80500038,1639.07520597542
88587318,1366.5981095022564
72460444,1658.475360294045
28502361,1771.587848954521
91781888,1868.4797832921797
83528344,1505.8018163391653
15266445,1691.2078083064036
83532377,1205.6289813222804
74780110,1855.9473050386525
88664511,1461.6274580354261
81767501,1397.273365401984
41015579,1800.2303606891994
19338404,1717.726355886488
14667759,2040.2314525317595
66260119,1523.05610384445
20542479,1671.146855291447
54097170,2788.1717597197094
35669653,1867.1627178415886
94127563,1256.0127134271152
81488029,1882.0177313343236
93329952,2259.210918483898
57217043,2040.2852494617641
65522547,1518.4654463479258
73695068,1591.6080918442435
13539769,1321.643950862713
44056017,1562.2994504776657
46617581,1444.9237678441834
68464888,1683.091218308816
45303083,1277.6692778597012
86984156,1562.5490431612948
56630529,1307.6641396286846
78254395,1166.9548389499812
30913049,2085.197138267308
82688614,1310.858645620474
88893045,1429.5060731408955
94639808,1756.6638773472698
52742143,1567.6117229189194
64260968,1565.2722378677029
76546956,1835.6039176397253
83523035,2246.689106150881
11013053,1937.206659493471
44130994,2037.2085366208255
53796074,1274.1207890456071
35498168,1866.142072951999
63562445,1213.2257276632558
42365113,1686.7502864730259
54613679,1383.7323689760685
69835682,1057.385338116423
40747675,1207.811847533634
37071709,1374.6974034741052
11644754,2555.256891509502
29456046,3527.167890063741
63575365,1191.568612644333
62030210,2972.880159045676
84640048,2210.7675667210597
61377846,2179.6256835501263
72441550,1526.1058168920683
11270022,1558.883895011058
70261792,1779.0516487276686
52404988,1491.2121466287927
84003906,1900.7034549612695
31204633,1158.1214472770716
75242666,1916.2382369819868
49434528,1746.1326593177102
42863318,1585.5277928636472
47571305,2379.5324794716303
66490879,1275.1929687514307
82396141,2405.981365996362
96803616,782.785053598737
10584088,1469.1766627345728
41994657,1750.4082645899068
87186973,1961.77069107561
71213873,2317.855875051493
49764305,1579.9516067181862
43725149,1217.9035448551576
83812129,1700.2730773694223
63290164,1665.4447737098276
79318573,3031.2669271431264
10844028,1974.1856305040444
19798231,1272.5273668141263
97056407,1253.0224322879374
32215003,1734.4930833234685
94765090,1351.1397684015792
47235057,1729.6154339366926
94429036,1787.1541073476517
19267342,1324.2477124288896
79884507,1541.3656593826022
68548734,1643.5518509168705
64679483,1032.9287322378887
99761027,1421.1334536205873
77538039,1636.1800630050514
28035639,1666.6426428951368
66579510,1525.9836300441239
50333547,1268.8858682838031
30957545,1734.1955669329411
87343589,1322.538497993276
45470859,1846.3858195166026
57383256,1121.2419163888214
62753404,2528.830504385434
65906932,1705.3811133114912
54060112,1704.023883583027
88317327,1157.2695756826486
46875481,1460.2544200576178
86614127,1301.6362368247721
91675434,1748.644670860189
83895227,1259.6620381124333
86365373,1807.4235342711108
19948626,1330.2360835014117
79630167,1483.0460575602508
89106944,1249.4382678514994
46083057,1754.5632284599078
96150610,1450.0345740828386
35015883,1567.2086906815073
69747407,2030.4883758767505
55538576,1371.1337702371466
97411049,1689.195263346769
11519556,883.5230428362623
81677533,1355.2304765164874
60065328,1031.2044392191672
91824420,2153.5862915632215
72549395,1608.1212836172595
75208950,1287.3900720768936
54258616,2278.5867001738634
28371507,1544.3166556405351
33800661,1696.66914748281
94718676,1110.7415361962103
98426094,1940.4434467373273
41019343,1859.1056448809718
55953203,1807.411665124943
97258831,2096.8898577771056
12406914,1376.762650755312
54260975,1224.0368849226647
17839314,1686.105136044001
59228162,2186.3063217691542
53104947,1643.2725943874818
13405871,1568.3949406076695
30540873,1837.3363614803038
10681459,1555.859441222886
88488173,1709.7734731418202
11138134,1516.2792524668287
55965946,1833.4973181391065
21024415,2423.939062705007
98633407,1289.5673896033522
17665044,1826.7500011958923
52365929,1395.0764931253245
45919010,1417.4125368790171
29159751,1705.132789694725
25938815,1492.8472534118514
31864619,1633.7325081561848
84907440,1720.97564397641
55408023,2104.887493946421
97513676,1226.151012116564
71808636,1644.8134326941254
37329985,1507.12697579014
66719590,2125.7028993419067
19832352,1177.5371820015741
63673893,2029.4194623124067
54185196,4347.165064335123
66171184,1270.6847834809791
15702584,1507.6280119002536
26362681,1351.9471021407858
15300602,842.5096563700026
54091216,1822.125915476359
41649165,1532.237236939047
17221791,1462.8930831799119
60925601,2109.00472047092
98579259,1763.1145546198693
84327985,1449.947998876727
42373455,2997.3001209889667
51759034,3496.8708615831156
57369993,1232.8445242340558
86174456,1945.9563548097517
40095064,1251.9209142447894
36904267,1189.3985254191837
95653857,1485.9141010205537
91047161,1309.4821873239148
24858933,1232.178056394377
43668504,1564.2223885692913
64688863,4098.8303421534665
19394328,1582.9564842990637
90928544,1873.27956625474
54501975,2933.69238997137
55816692,1446.6632796128767
54235055,1469.7755583125806
54802075,1858.8757331028526
44582261,1441.808776225379
30580440,1363.6980040634228
53586985,1559.4732501235094
45293131,1795.2869026650244
61623792,2096.0119687975907
12664255,4175.796598688696
99282552,1660.4395603798619
57422029,1581.5234658032261
95049365,1588.0034564910748
44630924,1687.4343076075363
59932513,2739.720118607282
79864196,2944.313377844275
38025450,1175.8834487755678
43187524,1707.7440885338626
85710350,1948.8828986367141
39439329,2383.9382188805903
11767243,2220.914710783716
40729807,1000.8261427837897
95837440,1876.6952403258028
62785546,1531.5547324347126
18032525,3270.563216944148
78515248,1140.713851358556
64000264,1646.8580863460863
70932637,1399.1171151985104
56631286,1452.2492205407405
82611641,1536.4725072835895
14610215,3156.428952094557
65282606,1880.6150992023834
31080502,1403.989911872294
66137109,2248.06947708937
55286917,1603.2526656517462
19462876,1287.4353192652459
37235871,2215.8768184874893
53584009,1321.440698036207
99377565,2108.634831822779
82994298,1768.5480429809006
64250472,1617.561156846887
61269314,1045.4675626644523
26299312,1463.4773338094506
97300018,2103.1176015718343
74523665,1397.5159227138108
19970243,1743.4793657995922
14406104,1323.7257654834361
87865772,1397.7817353078672
12224440,1003.634843551028
62628011,1676.5053346699387
30735313,1565.5624248340891
12214322,1562.9642281633683
80943078,1143.9020777488226
89421265,1823.109058721532
72762674,2155.18141266677
55920835,1431.2977997926548
95456446,2153.169194356299
96630600,1629.9458303763115
20077759,1510.9557982128495
77066065,1638.740518207295
47856776,2381.619584412042
31685937,1413.5566121513336
41522098,1514.0604297899404
30032101,1398.1449059715806
91606427,2746.2225879527055
22900349,1942.0226806864478
43552678,2390.2647106588333
38881909,1638.1420852267597
77508029,1634.6395143838492
95128506,1957.8657634314748
64627729,1157.689968091574
56744301,1206.8912233580622
59338251,2390.8912012545784
19662574,1249.6896920876864
92971829,1588.009071177845
18409584,1694.7217900100875
71760159,2156.5682099810742
43660858,1764.8111891751428
77997629,1827.2399159673635
33928732,1160.8714317286556
68629875,1256.1550964790636
48480450,2292.8652889717278
54283664,1621.5430281690549
65942293,1870.951586154312
95573502,1397.0197033674103
45086632,1251.0976507595356
23012000,1729.1268808127134
45395839,1564.3092610546046
15432712,1302.7855553283425
72298046,1789.60046087215
84408769,1665.3909309396097
25246226,1372.2739927714772
20056705,1865.1928524621599
67856036,1697.3793668667297
56138985,2118.9795856791065
89984541,1396.8403224132871
34860961,2380.5488415808504
55067089,1733.8865423587363
63717753,1841.264845550712
89165138,1477.856981566631
22336894,1726.3125499679884
23089519,1442.452120177801
74572156,1049.1428518083067
96120368,2568.0530838368386
70734227,1971.1716754152865
43842124,2094.361776437284
98567604,1513.3943409383153
54538757,1792.531490774008
40105171,2292.0903713290686
12135438,1615.2204351991459
73738446,1412.816096341061
62385208,847.4378286043684
56062641,1966.2641580171414
60234485,1077.9770413751417
37490148,1082.271123483259
73644773,1559.9452348188875
25147876,2272.9652246803535
98738159,1737.8356792469276
36202424,1462.5602645585582
90053455,1683.7725762170871
34861961,1674.944076992618
40235987,1614.4645989304595
25289802,826.8002681320017
72831408,1952.6017602645084
62725172,1619.9113782690529
20547868,1720.320371305881
43821417,1402.5527619279685
39911650,1719.341791832413
76282034,1443.0684516079214
93532589,1406.3859317098534
71389546,2008.8414881569643
26491098,1399.2433897818541
63364173,1173.3610069187205
74256814,1103.425696376562
35509595,1898.254967055535
18139863,1915.2539139358837
68577776,1991.2276538861593
29522715,1632.3646685363244
77706518,1870.33638045007
14006179,1409.011556138929
92579248,1898.5356825541428
59229974,2035.811036908231
62295609,2325.2383224859036
84259414,1740.2131578501705
47815936,1169.4520315622901
81563963,1091.0871150914843
13005852,1542.1039375093778
62738558,1827.622773433584
57070759,1168.443120186128
99600292,1998.6798848309043
94306787,1936.620517094215
95225104,2078.4412426517747
55330216,1558.5192290631046
36532262,1745.0894085334007
46565446,1799.6785660460434
49087723,1396.7215264727613
59534453,1528.1450780526316
48055811,2554.5300378328393
88400730,1918.2442132215851
99040799,1356.8790598463404
54783545,2114.813729590856
51521420,2379.244905045396
62125112,872.3557627897338
41533842,1379.7245901831561
37548888,1631.2492640299565
15800993,1207.6018395080482
72777210,1682.1677204336095
27213732,873.3411189401389
86541928,1449.855927053902
24899277,2433.5506694676606
87153365,1351.8530709289219
29377093,1901.2084318779969
17126249,1784.127621019328
83735200,1916.5262984403826
75294081,2126.082080895538
50305812,1159.976572067995
80598326,1420.549788317673
73085224,2207.7264792950978
36011967,1889.1459790482834
27344122,1454.0950897372832
65167661,2146.2178073938057
22697886,1359.3190491780167
79772982,1289.8697083638867
75656583,1164.2951059888371
28706133,1290.9393119216084
94307664,1571.6809574886554
79181014,2147.0725220063077
64940514,1443.6122262735971
42076518,1534.258883433533
38290514,1238.593968100564
12647465,1154.3065205112284
51615379,2183.9463570239122
58583551,1854.442127787913
89324282,2024.380077392331
53391853,1596.1609567526707
22488467,2137.99312675088
77912827,2325.5397025047814
92699296,1822.2149084683206
98391080,1449.4208683036145
25085429,1242.4241019451526
58232338,1866.7335863467304
40856740,3430.004800664794
86463099,1567.4965806667774
30661871,1424.9323114740487
43294411,1612.406115492301
95379944,1957.6375230701478
10473693,1807.4745677159785
60542399,1841.5802698838042
52521598,1742.553298355664
78214020,1234.0931028275156
42119756,1048.8156242984185
74645008,1270.0437491926064
68736704,1583.7994204508263
13851365,2033.4786298575834
10956933,1789.0704781042455
76588396,1553.153557033751
48664414,2159.7088466797913
75409758,1587.7563802246189
60867152,1320.2234333652336
49408128,2092.606960774464
32398201,1371.0659526569157
33820657,1292.685769842421
99096183,1494.1403729876313
71729207,1536.1137733737514
13424233,3066.6386183267055
69313487,1330.468673626966
51427900,1386.9445162677591
20461232,1872.9752747995915
63893951,1232.9286381112447
93871936,1252.948212170623
63699477,1743.9453980481387
96362629,1476.1671112029007
53928117,1189.4419214317381
41164553,1104.9285896387769
36908648,1764.7037557035412
29666927,1898.9127408454924
11938394,2141.075749399605
52496134,1997.0029088065687
32481667,1839.8779525459047
61487441,1458.937864183985
78992007,1366.0839917661624
52895411,1379.6553171476355
58726779,3380.1084952873484
20458217,2431.342636769373
60265538,1752.9173445610081
48479448,1215.0582712232974
72404425,2050.1955604357036
91400370,1045.1483072442882
56260955,1545.0275487828162
65491665,1729.051996188058
11663385,1243.4250272837128
18615500,1087.0457026624572
87935522,1373.1693011244452
58889457,1835.526359666997
19169471,1981.0584773781359
66133962,1914.0212319928503
66731452,2092.4201005512073
39410896,1545.0787822445873
54940054,1402.83846629296
10662394,1380.3634544085044
80972130,670.6052986707314
45235634,2098.41714583972
32971413,1009.468568489531
79283360,1230.5025764738057
67055260,1145.969915105477
56118755,1680.7441492428993
29230461,1516.1521016477323
37178907,2199.7501942462827
80400106,1651.902133148119
67091284,1479.1215076337717
54160936,1459.7473791459868
26849200,1746.9764976670367
49585462,1270.9035024976247
29429374,1504.5514705595708
95616903,1615.2951023727667
40605040,1548.966640687997
77364221,1303.741625776322
63366619,2099.153400299964
82932107,1560.3289730415854
11504000,1959.0842793699371
66338948,1738.5290295268285
17704772,1744.3839430771216
70406271,1541.6769881436496
78457345,1577.6012664173024
47160363,2243.620521847701
76792443,1149.0363708115365
76133904,2698.432696191918
30534387,2306.2549193068176
27949452,2517.0269084835254
98920505,1646.0218607921881
79101538,2301.968594783489
41201623,2549.0082071948673
16952322,1636.6959287658115
97020909,1784.8075565422193
76043497,2088.0017695657407
34495964,902.4740966015695
68971691,1356.6110049555562
68553106,1482.1921213854598
90311747,1476.6823060742133
89361909,1698.7607169378514
20406930,2500.466797142301
38933836,1216.1419746954653
38377549,2715.488807333232
23346090,2302.7373285591725
12625694,1292.1339808097255
57311677,884.7942888757424
53924641,2793.1879612200737
36865701,1372.44672859884
22626294,1379.5908888488343
94697405,1690.057574375665
89675917,1396.5711701551168
28055737,1508.7414735413865
17371555,967.9479311886092
31452123,2255.1064344174965
39910354,1560.150125947901
16661684,1132.1638674429112
11696365,1986.6969033434257
13890760,1534.4326026489305
23308655,1661.1267569241998
58265470,1698.112272181464
23915393,1668.335627307982
47202387,1700.0746759429794
63170132,1530.1698751291292
85663208,1895.2356978719445
11731667,1273.003900971725
96387342,1176.8888037687573
56912577,1404.4245816586526
96546739,1559.3756085918249
56118135,3015.8884080629778
65848480,1278.4505110377302
29524312,2052.2601134310908
61207733,1797.9074420025552
95068416,1528.5510022734402
93730714,2944.587721011314
58209441,1672.959576862307
77468100,1282.876168319515
94556768,1366.42869520304
66214153,1236.0580795371259
63178801,1242.60339558115
47025809,1835.2367010569828
17223815,2463.0896277116885
26808769,1514.3127349584486
25114626,2808.3211703456595
33184251,1285.9448358079571
38562723,1874.5761203834354
19383477,1346.4122485513174
81390291,1600.5885597873312
20998216,2850.0146650252477
95233875,2055.439775989448
36756234,1524.9377359552745
80596646,1703.8360906624166
92304937,1592.728431890853
37613954,1238.2740158675574
58590718,1782.2291000414587
53992915,1153.3672389611475
54005253,822.4417779083585
68781482,1360.9723434998145
70720914,1457.1853313223378
29283338,1261.754555930373
71373910,1928.8614984512765
82737999,1092.6072159725054
38789318,1794.2455581752902
50526394,868.6776526538166
24047944,1534.5420749036502
56710540,1306.5864052661366
18038779,1570.6824209826882
87817642,1797.5690203012277
54364617,2092.9461159282137
49277751,1310.660599327992
50647092,1315.5275559201164
74938295,1358.0597525954554
94151619,1530.857530186105
14146499,1032.9150492586843
44114070,1920.5806649523518
71013634,2058.103959128902
92727921,1114.9627002241043
23408005,1787.4560730702249
55353418,1969.8488649725734
42627732,1058.6339158217083
52380113,1872.4245552444481
76380932,2211.4040064596443
85051446,967.2368633591947
13441812,1190.0059242930079
75634466,1869.6103465121037
77418032,1579.108909697673
26069913,1930.9215241692261
56951161,1230.1999109513495
65568116,1494.6843471784023
61527594,1445.9138433012229
17428821,1568.0688744743752
23710142,699.7827593847109
95218141,2449.1281326179655
64929695,2184.8539740891806
16991389,2212.6303497298522
28240625,1318.5185745084805
27547150,2623.7628505308344
66381811,2697.597519997979
33749942,1339.8327708690374
35190059,1412.2803236791574
63026525,1169.7765079426158
52393671,1705.7163512734553
32813270,1791.0780268834292
49072955,1316.0799741231424
39300176,1704.564738060816
46915044,1672.49891353927
59260240,1390.0424949140008
12697027,1285.5737152659153
52828733,1223.006608418083
73335938,1473.8258710393518
55961268,937.851479622779
13325471,1465.2756208676217
29398613,1198.0744580855571
27052291,1450.3415515792349
15955952,1592.0192396284554
23271818,1772.3368576213948
99724134,1559.7120309059605
24071058,1415.3450901555332
31560904,2112.7680126238693
65419988,1439.7104305947914
15085530,1203.793436779608
19942722,1904.694912541726
13275930,1290.1572621744183
22982323,1938.508704977433
36522599,1683.5541843307692
82021909,1467.2658193155062
68645790,2866.306107236742
54788650,1746.3775148543627
42678082,1973.7724312374025
60925510,1260.6060505070088
88286089,1288.251494703238
58263484,1661.4886111419096
65619117,935.2659016080827
38104250,1689.9198857191902
13756583,1777.5092222574533
60053914,1234.0377670031512
64871810,1688.743236360638
58457956,1848.7645875803512
46159970,1578.3860177448414
68250229,2309.3016983626885
47390028,1431.9972597818542
32969075,894.9270431495
53581810,1569.5380504478228
79530731,1989.195026718342
24487509,1832.2219041154208
69933962,1424.4277356041976
65663302,1501.8197497335916
12423653,1992.0106972551455
58871872,2064.230326985811
58171151,1489.7797207972399
30617224,994.9192333556432
69106909,1737.2885875951467
13212070,1392.0495085960918
68351771,957.361800822018
87624917,2151.4445755759093
11970895,1859.7965127763052
44431758,1615.1193806570272
16633955,1292.1220358522337
42590404,2343.395534956448
86953915,2111.05727035625
15250738,1678.3234230269088
44832140,888.1070411471923
73698594,1418.460866020789
42128660,2000.0945370978977
79549553,961.8327485485614
71619272,1595.5667676780065
42016649,1108.439441133516
61877206,983.1476405024775
56572912,2866.883636071882
71598751,1225.5851973010494
34544077,2321.7681679086472
28672236,1336.6932818968864
68689312,2675.8384182015907
20267244,1773.2225826473805
68781454,1302.1073207768588
27270801,2277.02990306434
37219515,1765.0184201192483
12011866,2292.914532179317
98392715,1253.5203143310168
87201351,982.7667408529429
14908777,1116.9395165295857
34723195,2025.6146398816506
27339925,2305.786512815682
65420496,1416.9597640176064
40933008,1625.761502192655
47440503,1127.7297346279277
94970875,1229.4430917411191
91029594,1859.199931653594
65336637,2310.6832415915733
82023374,2136.008251974408
11380763,1598.1755585118246
99699540,1336.4765007457395
52649545,1255.2821528764403
46299510,1495.227905184113
71452565,1073.4995087721513
67641699,968.7870344140181
12714684,1525.4742639460992
60016742,1137.5442802790292
53641525,1396.483091955504
43542290,2360.557823603707
32126954,1654.5974514875302
38213318,1535.3236682116012
19971849,1531.806589371898
69256669,1527.8713778337258
23756854,2235.2108538256384
62908704,1296.2798491088074
32399173,1683.300618787287
39238887,2332.3079764716454
94428578,2195.180718847188
52458139,1553.626081896458
80574227,1293.795905240273
90487261,1822.6495113658616
31852005,1174.731990007584
24086418,1132.8719772592547
82209864,1240.6572073898926
29014855,1024.775840992039
56782601,2014.1037122769364
24702075,1385.026348549995
74660449,3026.7674562346315
40117654,1380.4586421910442
60385260,2563.0334444980563
35958980,1759.466168995754
69458629,1978.2360364812607
92886159,1452.7268473088532
97734269,2586.8142613713467
19053695,1797.6789435862875
22371112,1957.0681343302315
49183639,1594.8712629000415
53526975,1404.4282100384657
26290335,2180.802649637568
13359830,1431.6924168273806
39340686,1572.2213091923952
85521089,2067.2617096899735
26704193,1811.2883223748927
86626423,1827.0642073973547
80675333,2039.1949662713546
38369741,889.5860727142923
10428306,1758.2628614742566
18197840,1063.0232473745848
78586780,1542.2482138944326
40311310,1765.6059895852138
51507375,1432.783562332869
10857110,1859.7605414812115
88736789,1636.7387924821123
10823128,1242.3002121196284
75933085,1686.1852163586366
87766438,2314.6719987885995
64406530,1394.7003755528456
33833037,1677.2836632357566
51715740,1405.5329287661389
59611801,1773.4298320357527
74340374,1485.2696613648195
55507333,2065.0202224016844
10416536,1769.0463869920231
43556040,1651.5118176760886
63137873,1926.7578758984255
70387789,1864.8632748040611
29408506,1121.8976854808404
38244388,1545.347567115122
26541311,1098.7648906742095
21032019,2075.1486895532375
95710332,1807.1683895443086
80660421,1459.9269026687766
81086775,1793.2073099562867
14692465,1634.190243116688
35590067,1933.8454281592542
37534494,1040.717099023433
46669694,1259.6866957046052
68379291,1654.8254956343449
28943151,1568.5370600491428
85214973,1785.3751837211485
49160221,1132.581461045638
57027484,2285.19031362992
79515834,1815.4687078521401
48903593,1552.7525154689242
49944843,2133.2385608203444
15919205,1057.5530768557655
89043859,1186.4757884754365
22557888,1641.4794338664722
45588391,1633.6987182931407
67323319,1378.884800000154
67813677,1993.504070946147
94570366,1881.31792944499
99333664,1423.0525976203965
62452475,1554.90674838002
27164888,2114.9793510237364
13777597,2740.418123240993
58863729,1281.8668344324674
75372835,1448.2676765734057
46531922,1427.006126177517
22638297,1536.0011490582444
43377425,1466.8136683212558
45061752,1555.6361061402085
87232001,1132.3880213292682
99721166,1340.4405642863026
63930988,1584.2836030007927
67323116,1579.9401100141017
90199043,1045.6141852147218
16025812,3193.6732511835185
90192151,1733.8670586705614
85194090,2809.966758061536
82716623,1925.3084124781262
70041588,1124.0852111815468
10909503,1428.070301489771
38910820,1959.197856951529
67605038,1772.007034406533
22421268,2012.98790471957
12483701,1558.965104653561
99756084,1690.7257854839902
72806047,1445.5887317542183
82569264,1585.894869261376
85085562,2267.8634457625226
51688242,1474.2130379934893
67031304,1580.7222844296057
67620733,1623.055507657166
15399183,1464.483746635608
83228475,1878.141994185085
59551778,2185.357991400724
58024179,1273.7306844449297
67130514,2484.6385648317373
36292117,3401.7752412577556
40708056,1956.7319751244997
16154757,1724.127071769571
56077131,2004.7677373483043
24589481,2050.290189160666
73507348,1132.4917960728774
98283340,1952.6691363530738
78682956,1776.392522941977
48031966,2076.1069382424207
54069937,1304.7578854667315
12509398,2157.019979641298
55254106,1335.487933313512
99797445,1747.821973067893
46298966,1866.2868944127545
97439691,2558.8120721011246
77392495,999.5545088333639
20307174,1977.6311830447926
99295729,1491.4593063530056
13479279,1829.1868234451115
57906842,1566.4031858580772
11957267,963.2336058446865
46011088,1400.232089816047
40051988,1803.279817512868
76565808,2173.768617916568
38007540,2090.4450875215384
79111798,1239.7580241605272
44170417,1131.5702907822397
81747003,1520.5535211891863
10689207,1539.7622465842937
68762949,1294.99514960249
41533253,2171.5825005813067
72624609,1135.1790907797897
95729378,1383.2461099266052
63404247,1903.9563301077696
66851416,1524.011272451076
52878792,1323.0948179748707
69816189,890.7472898527544
93215948,1321.625719656422
82196067,1791.7376680948985
65951347,1328.7102123763664
28150709,1425.6742049947661
26445964,1132.9437336963322
59886188,1346.5766475755806
47858132,1241.692103542119
10617528,1480.1496656617567
26555436,2494.621632243788
75176293,4962.870126936429
15592659,1533.7782053817693
17002563,1963.7734183926566
65418918,1636.303331241568
50328250,1578.678134054634
29587649,1465.562177241466
58771361,2485.300333407257
11138502,1385.6661163072783
87806628,1627.5216120757254
92541302,1417.9866960970758
20045193,1393.3711513820112
53943287,1407.1880831973351
72973012,1802.7955771731338
98243897,1578.6659579750346
50425980,1136.5475431229454
53891279,1771.4144360630958
12653293,1327.3379766398903
79516817,1610.6508051911946
57736550,2051.721902609649
68504332,1115.2361183112496
51418176,1920.4254301479832
52844688,1617.8906321230972
14924228,1454.2117070349557
17385055,1746.8143270690798
48584675,1852.2991731498146
84113591,2120.6938571633427
24176804,2046.4912506202456
42578288,959.5481640330598
22976178,1937.247891676545
59427067,2321.0578956709473
62214101,1558.109164124151
31095835,2321.168448499418
61084952,2009.2757766592615
24538640,1372.1362907179346
17397516,1940.181843093333
53588939,1147.2931940804135
64801503,1313.6263275065562
22306102,1464.2505058537317
73464976,1578.1282129058325
25265317,1026.0428071933657
67321055,1853.322175274466
52652991,1367.8780001288783
77364707,3806.791444022819
28941979,1217.525237162127
74248679,1371.0036289594743
67415672,1052.6363615555254
80048641,1801.4225422998693
42348096,1687.6084303012378
76460518,1179.2529064362816
34956566,1687.4296252359757
77002192,1692.407016183035
88577445,787.0856841846563
38297974,1146.8029316711022
97975641,2095.8929527157284
15692698,1690.7459855692684
83507949,1554.7946310754353
91740530,1625.3879711858142
37895673,1304.4422537222044
19139820,1910.336091289944
89742287,1151.084645141874
63175133,1843.266082848607
52867973,1718.270682662144
16690451,1291.5796440966733
37055011,1666.5285339240154
17248647,1498.2824751619576
17328412,2102.039661813043
63923102,1631.1796950079965
34421040,1646.5029577199903
99940233,1825.1139081767478
45814646,1628.5381974623117
58613984,1257.2124810125918
31285738,1274.3846413417684
35071743,1578.5092869651553
52223959,1637.0582197666072
61904367,1157.6816391611544
31525138,1521.362948204474
73171290,1287.9786288309451
44582195,1389.5773890043445
90109527,1393.4085875986298
26952082,1329.1449837172734
53620380,1322.0543773175546
94287883,1174.9415717313886
77186365,1636.197932012726
33864808,1620.178537147046
70959138,1826.5833158433175
52099246,2207.7444830944164
22249291,1951.8616505582072
48803280,1332.9387857133838
89982531,2044.6123180971056
64289923,1230.6993222074016
22000557,1394.358715234857
26219747,1227.9238903349105
31130738,2287.7951391946044
32445244,1226.184967568346
75236281,3192.7373455262
13587715,1361.3563324967517
52514750,1267.5472019261947
90786271,1832.2184124962844
15005065,2281.4848133500577
20097518,1165.780093560436
50625868,2035.958852110412
84412981,1589.103358332215
92773944,1966.0266105011144
25312123,986.1594723349667
70396417,1856.8389540417556
54865863,2495.9515347436372
35803808,821.2165119993773
59597265,902.3561481571595
93311848,2329.3240174994976
32340446,1744.606317878094
96794801,1540.488932491776
40380864,1464.2120589882775
82007689,1801.0414451567442
84851707,2269.2909554117555
83174692,1906.1301230253698
59083400,1844.5089592328839
17580169,1229.1130327879594
18219500,1396.0608447831025
87811781,1704.5115160834691
14088369,1049.2862657487733
67659430,2257.914211836509
42456496,2147.496201892499
87353322,1655.0586340284242
13917344,1077.7834031090297
19886405,1516.2679084066365
77800166,2152.565014877448
77068569,1807.1936136449688
88362858,1574.5748375585804
71241476,2544.797949822644
24814654,1319.405476321733
46691706,2715.284052916906
79162545,2092.9862046349826
42908985,1840.3625941750554
74936566,932.7684085710688
19620916,1887.6260322913581
54347722,1465.0011507996996
90271799,1499.2021190248872
25414359,1350.3479751246239
35809369,2660.3022915022398
57731323,2366.7921666481807
37887687,2215.464612939601
76623206,1501.193698692131
69954876,2370.777013613049
78180146,1797.0430278069323
90681578,1485.3573610549213
41794614,1500.287018209253
83295852,1871.3186169345067
31156145,2584.8555955157603
62711916,2334.0256214414744
74676618,1533.1562427321333
43248708,1792.2492371115252
69180825,1562.3846751327405
75624999,840.5687097806416
37667208,1149.653966899017
77810578,1455.0576464504595
47115768,1806.671039262426
81589304,1418.6542976894443
74472711,1482.7305373046265
82711188,2076.60168966378
55272778,1944.4193109239964
98229885,1266.868042537095
70058028,1875.1825080422127
90729377,1776.8914573532377
13401279,1236.9238583953559
85519612,2467.0806106927375
17006769,1640.4792419813334
99888523,1347.2179963214069
22354297,2247.884685422237
43508583,1974.460219078257
96795828,1486.9066002442767
96608998,1978.6068591254316
67452091,1445.6995213355503
40571985,1620.396075600159
15232782,1590.8157647381367
86789043,888.3692897536018
14046478,1761.7426732094546
45515801,1324.7883191586784
26318506,1664.9316053225377
34584473,1263.5888182469205
15369631,2021.744084195037
26479383,1265.1636951447335
81346470,1029.276777286597
83197984,2092.9881538768773
70331904,1098.5591720420643
78907246,1743.7571583414413
42709019,1849.180636506683
97184353,906.9613940354043
35589537,870.8446242338946
83942112,1390.3358843251203
58293013,2159.0058878756727
78567689,847.3407954299505
88610012,1956.3806588145671
68628621,1784.874898882465
51584806,1142.4569117094175
29419986,1292.0001279100236
21476578,2093.642483337391
77370060,1536.0412971295746
33607448,2539.8923913372955
47890072,1427.585498364912
11234362,1227.224932822139
70681971,1027.6277981587668
45196219,2022.9192219687693
58136807,1519.9744927705485
21383428,1947.1576853768574
38088367,1658.3581145396083
57071133,1401.1049063969217
83834449,1759.0127144438593
72194210,1270.8829731213423
14582584,1444.4461140708613
16017322,1475.7733478695534
18598541,1266.2148375054524
82812670,1450.004569445214
53563234,2767.2043852547963
63779141,1706.5254966598372
70854456,1761.0452791422686
83535660,889.8046499051516
51099419,905.8578661517347
30503407,1415.0697925043235
90802363,1261.1438597643369
84057874,1315.435191938539
93637941,1356.4758957444756
33888588,1213.9292195077778
78183407,1598.9028242547154
88497510,1709.6614915893572
88829918,1536.7631925577655
72639649,1680.9462387970616
15627595,1748.0658582448357
68832460,2682.2861859908007
31734310,1063.6425085675155
69212161,1924.557333727678
62980146,1305.5477540792822
69972227,1802.0348613071305
53162285,1103.6036220703584
10963473,1734.0880352362303
65276908,1268.8039230289241
72611634,1493.434377890905
81292347,1581.2760945979535
34705944,1283.8209645591094
54322977,1411.0817536949814
27155431,1355.5018508490555
61373056,1541.6261395634278
64530093,1922.3451799663906
44187538,2689.1035683547393
29110806,1193.6703206105133
34026881,1574.7142998765253
67734035,1671.1951741051846
90355788,2004.7600193410278
76930932,1390.3677683622716
31194080,1440.0750020702353
26948420,1523.7604862310986
60117998,1422.7229429429592
23540580,1846.531640629634
29255361,1714.8360306658592
47322059,1386.705009897976
50570727,1714.2378994838107
71874386,1211.5144998704036
27325447,1201.734754116255
92986477,2521.2300406606737
27856293,1631.8214620155268
55159001,1591.853185457062
88660196,1591.5282577391397
82148252,2232.2769208516766
15421314,1756.2680360034267
27620141,1420.644956854107
12348320,2844.881289852454
84344897,2330.803503683677
10950855,1796.8515861688486
44290434,1600.3719635936436
84843689,1438.742427886378
85814690,1200.400012453526
60406086,1062.9200372927437
35395832,1823.4215329204321
54621645,1469.645845669385
29154162,1559.6491578927514
40230589,982.1837994784436
46902130,2396.3332005071197
70579622,1914.4647564726624
86272378,1464.675387516397
12294631,1737.984505273541
29412564,1272.7038635607967
88089176,2273.758358809413
91193188,1510.4062509561143
36523137,1327.8082221673778
54050884,1792.0905634423439
19187985,1015.4591985295648
91884750,458.237443828552
77985469,1062.4198360613
19362736,1290.7176211854949
37641826,1307.5855727005282
17997673,1588.3786041257881
12296621,1423.2108088178313
94210085,1437.2432388006723
84475360,1719.5502675490936
44450631,2604.836707112851
96917819,1795.4253284253848
76581579,1572.789279732263
16376842,1055.9869211489768
20378565,1885.7237299891185
67149501,1287.8783647853666
74149592,1585.1851686106668
55437574,1150.7145053208844
86258875,1191.577496552261
25154125,1574.3369906571238
64289878,1311.90587412568
59484061,3486.2964386293015
39600891,1953.0795535129232
40907835,1244.0883292969131
47183606,1487.7986257746131
71132260,2206.4466650547483
19424487,1975.9263046322517
35720925,1499.2489666673646
74210516,2476.798925111492
53089641,1620.4992308375188
27778699,2379.7684246855847
73489375,2850.5823040395762
46042524,1077.501308053011
59554727,1697.3776378446971
31273971,1650.9037025867162
31543147,1166.6775507055218
74490349,1530.6269815609676
65190591,1064.6083876572884
21122660,1646.3017742144555
54597323,1949.264605052899
77569150,1230.4934470645437
68093533,1375.864595818473
87099884,1006.8650020488116
64825958,1060.6284374685467
27545112,1507.2488996679247
87791632,1431.7304897204044
93384265,1986.0058022941862
64047299,1114.2270489641364
23357980,1461.164614402677
88585802,1550.502029830336
26754357,1988.9363973619013
99964380,2514.0507099238525
63611208,1001.2935164313399
10618556,1103.6479118929656
12155276,1483.9874848997015
56528554,1612.5906516498635
72203638,2345.7806387421456
48174886,1886.8137548360721
25749233,1910.775589546894
11912269,1277.118170491786
14181748,2161.4337215232813
77013810,1806.006986111495
59885886,1503.4878827078596
92982194,2396.65208054537
88065861,1655.5407180775685
14857189,1748.3240015097606
60358916,2059.324848553465
72265262,1525.6287629734052
20471623,1640.8989469404346
88951362,1409.8934879581623
22364003,1668.7145849826425
85137999,1790.379366490654
84176549,1764.9191719180144
25849299,1385.8235550035422
21233903,1652.2234645664273
95963515,1517.3284534461554
47630408,1664.1582850046047
38763223,1238.3700288002112
34812513,2021.3109654175755
77372953,1103.5133958045192
74724495,1887.872664961313
34162435,1786.0965942884663
60046268,3206.3470130729997
19475755,1449.5612389877547
89620481,1195.924217986527
26981207,2280.9562608027804
13918048,1315.4397862323387
36590125,1493.6385655256663
78119113,1024.236178831119
43245514,1662.0236085038068
88082339,937.4084063643614
62738760,1431.9806393508443
55254407,2735.8564641554276
85112378,1506.1091131095652
40490983,1173.9779921449892
44048989,1572.035466481585
15551565,1576.6112887642155
27681538,1340.1477971086747
98232104,1268.0215142547795
14018289,1462.9147990535896
82522150,2576.079860563639
65483357,1177.5096061307756
94158408,1650.5955945904714
50266167,1904.2999508650007
28805175,1978.2508529814938
93929668,1143.8135714268315
15540290,1592.8113026812562
98661090,1547.779670684586
50074109,1614.964582441328
85017115,1452.4798054385615
99914220,2273.6530871090363
76334714,1548.5450587404857
38140938,1614.74531841832
93933852,1151.475885497118
13190892,1669.012115760765
67747085,4262.194810805043
96389355,1814.2930827020732
42380180,1244.5946880649037
55522772,1553.381694121614
18839853,1562.259471291868
93030803,1626.9880432072691
19574384,1480.7464865101965
17501488,1500.6642033200058
92757638,1089.656510601434
47546392,1686.1600284716567
56569095,1880.2459041606194
34392418,1791.2600682701288
49367171,1840.0748161826143
37669142,1410.9492929934624
33580264,2065.384520572622
52617381,1502.750562248631
13011861,1494.7247737046036
97498208,2156.397592309243
53388262,1526.8239278014767
63018369,1683.3504968049458
59266953,2262.9061434698406
33256210,1533.9791605404005
26585585,1508.6697623147118
43342989,5082.967988464028
81962175,2393.3987758194507
54752385,1553.538745149458
12906623,1081.1952932499814
12144505,2416.678175955605
47329191,1516.3087544992568
35302686,1563.6614158557481
29541158,1483.5193371190344
80447228,1440.5314293212668
56399590,1682.4086296689657
44327442,1521.2227549090167
65756284,2309.220212550501
13967851,2459.1453786350303
33766889,2426.485454566592
70886578,1349.00204013121
85448456,1615.9662160101664
24208719,1483.729753713335
72059158,2028.8697193993576
30666083,1493.2823364164803
45090209,2103.955709724731
79520644,2031.0621138709168
41015799,1644.230598305911
22610356,1034.299683329377
46940244,1191.8150081909628
21443863,1240.0213346629496
63769088,2209.8046226922784
32298027,1444.9604970311552
26046152,2120.7513597791026
60326272,1419.4252974340584
24693880,1682.0784443803655
18317166,1831.9375110267165
64265688,2279.2347018116957
27910854,1259.929337189994
56810750,2310.190028082875
97007881,1269.9566351340138
90317702,2698.345833849809
81231529,1596.105190336248
85899649,1548.1636831401045
92087175,1309.3427220881003
24070483,1579.7341230866693
87629146,1088.5128859587073
11101794,1433.01895763923
67889079,1587.7060500384573
25576186,1612.6482915480558
67657245,1820.9861956528678
74992266,1500.1490984849909
83091668,1386.7618960058542
41547362,1359.8974585660917
75141878,3069.63538606566
11562295,1018.2956662726707
23748006,1548.46258109562
89825179,1353.8210716247336
46505766,2778.913119694124
36098274,2070.4178901118307
61326956,2067.835545680773
69020339,1458.3591906357058
35844282,959.5751040118331
86014291,1793.2590299805818
72500654,1412.4807736767732
11567986,811.5360323879157
95910506,1016.631605964299
73565600,1836.2105121804957
83729347,3592.4563264646144
39689433,1195.4146318864919
26513864,1224.8869185154574
20449852,1455.652987045023
10382065,1655.494106539223
61096786,1149.5768791393525
40823824,1581.2492437485002
95687753,1105.4261553579465
88043962,1975.080320002226
43192291,1717.9733935885258
18631499,1527.6350863648506
27194752,2503.471522775044
48023684,2641.3819869470485
76180232,2086.5405737820493
99345059,1606.893653450684
46554999,1396.4236674746066
57537267,1342.1232034159623
72087202,1334.2279228415537
60008708,1343.2463959916217
13534295,1378.813209855093
90971189,1893.3564334468242
55662480,989.9802031669697
81189360,1541.0200078886903
49401774,1728.4818803702315
12131946,1735.6529040270366
78732926,1862.9443552796456
38392538,2325.181703063342
64273801,1513.522489325198
62858255,2625.3119564795265
13288053,1626.054397208979
80940080,1018.3983442753007
73197703,2233.222424023191
88918806,1557.411542482809
45088467,2140.386128884522
42105313,2118.748502151734
51515302,1546.1761074268716
85071892,1294.1118075937597
23401512,1258.768071836382
70514922,1325.6676669070757
53367560,1709.3137898923553
30799466,1201.2127622482528
87442307,1483.7511654284158
84081332,1697.79701172804
87505658,1102.5697391516808
10151086,1968.5663140314805
19254776,2198.676600869637
38019521,1317.6033715276278
40151098,1774.2318022388843
75965212,2226.6652021390823
38667600,1204.9474647967475
55646285,1484.435796020869
35548301,1372.780961982801
18737005,2374.7155714644314
76771390,1668.4794940152494
23778594,2710.0033746811437
63739797,1271.6918962461896
40559434,1808.0964705764138
15970404,1401.141669936898
41963393,1574.5084072326692
36850376,1683.3204676000755
30703622,1197.3641050694675
53681130,1611.899015302771
52524172,2848.034663189432
78986568,1727.0809346148635
60868659,1677.7707866475093
55970571,1336.1867969871303
69603000,1260.4166657835597
24475423,1119.372971448738
30105284,1193.2483226576153
42638975,2567.8605784048978
54205765,2249.691302273761
77026950,2220.764997938222
55738198,3271.51782690957
49309757,1709.0520839421818
52256145,1719.3226370805955
14972722,1407.1447737864758
47613103,898.007781078593
31244414,1767.5191593367351
67669646,1770.743184320159
85221335,1569.4803614495509
29598209,1416.0705758418717
64960038,1652.5469790007385
36072721,2025.5990743103332
48855526,2148.526378832818
40290168,1419.8065606945681
84094689,1848.845732339486
64780070,1430.1563484403487
62238032,1423.079479149791
44102009,1948.8500875516045
13443938,1486.9618109241997
27288438,1273.601506141912
26505769,2058.910522793494
62425735,1841.6339668111702
41742405,1895.066715483626
35508108,1500.0707178769856
67267851,1506.1583972129001
65786198,2167.3169515934815
69652252,1462.5280118444666
78338794,1911.8584839763764
98205508,2974.110307687457
90079134,1830.9123306344798
89240929,2384.7033940374713
59365630,1212.0937095901618
16423455,1636.7058985476747
30410578,1382.3344011711833
41943183,1909.4178364967863
17181615,1368.7270914789474
31537031,1634.0065293104
55634963,1399.3684847743955
14790401,1727.2652513810792
49470022,1393.1875054460127
68137744,1951.0102037269876
10800640,1311.5228003067366
82878129,1366.6285628641115
98099360,1850.0734017120951
36414556,1940.0230072004865
74858657,1116.197018256657
41406039,1416.468274446976
67297495,1265.0099029243122
98019387,1732.1672818162517
17133275,1449.4371057023207
44434588,1204.7077818754688
23385843,1729.8430147717693
51805988,1657.813816573277
65443150,1764.439468237656
77624321,1396.6559730970678
80056192,1518.363152716811
92008819,1516.3952606583318
78973038,987.4460399476233
36356168,1689.2403164790533
23051465,1373.4955909029604
18225590,1670.2684634880368
30705007,1491.2082244652204
51916309,1467.4107684543221
49014177,2082.580291696933
46939883,1579.006374672501
27552020,1355.7084182202477
76064439,1155.754174147084
42732794,1840.4599652453892
78185687,1030.0352021323192
37150067,1392.1954165712853
60216204,1428.2800355024085
67861895,1895.323583020943
82668831,1188.1977639524246
26865256,1351.191419481296
20296005,1597.2406641836426
91164112,1513.3466987850238
48751412,1562.3972297565408
92672083,1935.701570849556
66451503,2105.029826294614
79223008,1417.0703733917621
86295795,1354.9485476764082
12188395,1156.7589185034271
33148873,1177.2778003421279
18236078,1765.8032451061536
53763750,1276.650891981043
90278346,1658.4419343912061
23921552,1467.1578028684628
60806947,2629.991756568217
87988487,1177.11507417895
33594333,1397.69932155914
51767697,1556.8197311793858
76176593,1701.3111449660485
20106678,1838.9355404888374
89323122,1236.8380386025115
15084276,1829.6735016542148
46737280,1943.9368746257685
27725859,1204.8050608768692
47502584,1558.3874792501135
89375361,2394.052530964375
54279167,1598.0695218423473
62834953,1150.0930201591134
51358955,1621.4732556316308
43105700,1530.4923155741726
71610282,1300.758684058323
79952909,1941.947738640519
86913278,1214.24465222412
72344233,1898.2211938669975
41143291,1197.0218032338569
47312733,1506.5918362121872
73376655,1513.2505287326735
44219943,1070.7798403159352
18665144,1399.594339578172
38016360,1753.0123721359503
50277432,1494.962946586236
14668690,1318.6078894607365
44041678,1830.7154402264239
68597599,956.0292370162728
55600173,1715.963138197816
78109218,2673.7132002998114
43432402,2012.0113821954403
57793276,1775.1720794600199
82143513,1714.5668217142486
13373907,2551.717926335061
78336625,2368.799259927946
51821030,1893.944929746214
57620512,1033.0019735931055
94840760,1404.0056987645721
71866671,1706.9895985374214
12967437,2902.0886572243203
94620585,1470.489927509239
45148967,2157.0374062580872
28096166,1367.589454891247
76948857,1552.0570124188248
44584760,1186.9914302323436
36577484,1965.5202110648484
63103602,2814.8902340912437
15647671,1808.1352021856317
86020607,1909.9056907612278
80235014,1447.0700244746095
40496834,1159.9048598902866
98549441,1751.5966129599847
71915619,1760.6925161804404
27813348,1870.940545082284
48090735,1568.226696640441
91818207,1930.0129364024092
12597429,1319.8088390152877
99318296,2373.0934822708678
38085169,2646.3364301124902
38823071,2087.4088114869924
61630311,1981.6123274850406
78195551,1897.1075546184234
88131419,1403.396052810302
18300026,1454.8428229581384
99585455,1974.0801310180875
51530595,1985.6512928458253
94166971,1356.9151639090917
13633057,3515.43166270252
68298368,1266.3232387279688
69215865,1802.3091451990856
30064972,2067.040441983632
96997224,1616.8298805678612
45138943,1145.2137140731622
21749235,2169.2103812479736
62856234,3350.847753795921
23982292,1060.940612187062
17686144,2350.968196693907
57256437,1924.0701846910717
85469927,1466.7057344815103
14451732,2261.1683679718103
85268432,1493.8182193216442
64602955,1291.0853992988325
74101500,708.2376815558519
80083521,1446.6044142665792
11433359,2335.102396688223
99198713,1272.5905248656493
12281135,1357.5423308794623
60094475,1485.852141534746
18817746,1363.04694462062
80803307,1909.553437584475
50415370,1397.934627638289
65098425,1678.843436430462
52785060,1301.7296273366067
76797423,1480.1280991338288
57752962,2279.929768135542
30340212,1554.870709074758
17309152,2603.2100737827495
29046975,1846.209602478524
58339630,1682.354277439749
38269849,1034.7144288893244
65498444,1458.3398398254312
56278811,942.390014718965
65904109,1134.8523287764078
34436387,2066.15391986775
83162633,1654.537518241315
41922575,1389.9568636599251
67606284,1407.7335549975205
74148614,1419.9122704797396
31898202,1536.6234064775863
12816787,1861.8852319816256
73390625,4681.392604900069
44602780,1632.4622265528044
59497966,2294.004107653215
33304284,1518.896117858071
70931726,1493.8828281319347
44381487,1317.7436027660383
55483533,1595.3374909571692
41096987,3077.7720026619154
60844342,2670.7537781685023
46382270,1156.9353177050752
41975761,1405.8459902804077
20086347,1195.9081706626444
82572177,1635.5928805363885
27871083,1129.9856183995093
47060550,1670.3071003159284
44062914,2051.6631370896525
29352791,2608.9349461509682
42368060,1462.2857271573846
83186065,1709.6225256086466
86750602,1902.5830901883064
18043718,1248.6689145564587
85319365,1399.438133577866
93521329,1268.552906304842
68774400,1687.4608193824156
27686846,1632.258097019373
73144512,2455.606618357381
47707941,1394.4141412246368
91947483,1464.9910611765154
54467473,1819.59957827834
25827075,1386.0402867892296
99472188,1564.820733158663
29814538,1899.1542812505738
98588385,1293.6061002001302
15032563,2292.7818450809514
73738020,1926.4589980976027
11480212,2419.447148991755
75221745,1599.7765068167628
19968090,1570.495574758107
70404205,1368.6764339884937
68659791,1721.979282713259
33092757,1007.1022234711897
78193594,1988.4172782379226
98198145,2407.8005167931688
99767011,1747.6750094622569
56688046,1628.332128243293
66475382,1182.67584901896
75692782,1929.1271681692324
26808729,1586.3616041757516
32171695,1487.0999467937454
88456703,1560.038573214207
20999557,1441.0959478485222
28934979,1296.0042303825453
37107836,1523.7272896853572
50278467,1474.979134597807
61940174,1386.346728014015
17559774,1577.6862837137799
21430086,1907.8549936548454
10776426,1369.8072131232948
98097088,1713.816168231649
43113087,1299.327370400618
12862019,2472.0741444912455
44592366,1185.2920261909046
96886172,1487.4784907310432
96480201,1059.5283409618705
85983502,1572.786769748111
23038927,1061.0335857912742
53573032,1845.1167072952583
34553934,1513.6399456714073
51249487,1523.4272126980466
85349173,1485.1217523351638
40895869,1230.845823999848
99256510,2228.966814609679
76469230,1315.4897740108147
18165718,1930.352331365038
96264289,1445.6436673157195
20452221,2270.86174510742
15739031,1312.5068382083373
75157790,1564.856994049551
28901434,2427.0738617278894
98941473,1365.6086853407949
84489512,1267.465090814721
11168890,2034.3589907183234
45041073,2001.749656447817
85582491,1489.1325193632806
14863106,1587.9863898731855
53607444,1276.3345047911587
39640829,1039.8538152762426
83896205,1310.0608707140682
66887097,2123.4832172041934
54562627,2236.7716619396006
60923346,1835.593188495735
85626709,1409.1631157935533
11687354,1279.1716275607296
99055900,1331.8327525015404
94176139,2016.7562062118166
65142810,1356.390690513831
21025866,1434.0499137895126
86231352,1586.2223371870198
94223565,888.6539361359927
53094412,1734.882860975332
16579300,1800.7012594026526
68788821,1579.1911453054565
22347006,1360.2101221522232
89447420,1633.2064330410576
92132840,1705.2322189709182
61120099,1511.2134811128567
66390529,1771.9108426308428
36752526,1879.201098325827
28673093,2527.6472796456433
60187719,1319.761196612908
47937195,1082.5722818556096
18528428,1710.0150010049647
72855294,2268.710166041539
77314174,1226.0056351842304
74208091,1397.1673235825972
25265856,1097.7932920384924
43541187,1901.9442508393695
22027673,3757.749027505407
39533389,1511.1708969804624
28548263,1672.071040360744
78891989,1493.362498457234
68562696,1724.0828529296139
45297826,1886.0764485490195
14532340,1677.6503438553693
42487332,1228.659624382412
79497837,1016.8491922609888
48787566,1472.3468432456496
43024895,1321.6263519832019
54043001,3162.6278864565525
18517095,1108.9918403505067
42190640,1603.3148966303038
81702926,1643.4621569473368
20584669,1241.2397506122043
48104361,1335.7289702974597
95781341,1862.2816446626214
42595500,1352.6941170370792
34081689,1373.0235703129442
18465181,1558.8633514288717
87028165,1182.0845318678862
25157413,1543.6861048841495
33500861,1621.8552992588639
22501784,1853.5145522407872
90954690,1485.6528102588288
12079890,1169.78579428914
24560931,1518.104388225918
57180097,1664.0289279122364
53805689,1183.3156697662566
54653374,2067.5436648708724
79714919,1679.297114165039
52629831,1129.5569130245183
30315883,2071.708286715408
55900800,1570.6107888276504
62528560,2739.9816835831834
17439043,1940.4537580754927
64302335,2256.464284231689
53498595,1518.9228245657123
92248005,3334.786057588042
65132848,2048.639423662863
54712644,727.5408024806693
26501578,1192.9252066959873
57973578,1692.75265661026
64849387,2183.726188526289
38331875,2199.524598948065
84564845,1368.739493341696
34335614,1602.3220244732781
18851658,965.7652804570431
10997678,1289.1433509324672
40768250,1290.2299788269781
47646719,1324.8481742303552
92937467,2048.938914736579
61661397,1742.8962779029366
48317061,1215.9767449853823
97216589,1573.5027850357862
39977323,1468.5120133486237
46445975,722.989145404369
94283551,2151.9106293146133
49677766,1357.2756998230589
85991335,2036.1244187860227
23059563,1821.782461393295
98641777,1409.9326573167302
62115510,1086.4171716259125
63322573,2117.481017544393
88463974,1546.1879896114144
29063398,2282.3493185682732
94756964,1654.8752225335704
84286445,1377.4081096709804
86644899,1590.8576576662454
58366829,3092.0012001757486
87935193,1990.0217245003819
65710078,1186.1358105945199
55211028,1088.1948411290302
20090342,2223.923143071129
17885846,1688.6246213978459
87917108,1541.101071594599
35243872,2275.087844186612
78681572,1534.1939709266892
36496663,2686.403805071655
88567292,2610.4584677301686
90883683,1678.227940575789
77163639,1783.8110341537817
70680981,1671.989218085458
72230973,1418.1185576671026
13786940,1713.6320302288875
56650323,2197.877215753895
67337097,2122.994423373149
65297160,1324.1107544065424
23393351,1069.4937451090063
43711949,1929.3509901185353
45998905,1765.1925792426023
94413146,2128.044640126557
30684529,1409.1458645156922
28147355,1630.406715771524
14737001,1569.0082993553262
55758535,2644.065683251426
95914131,1673.8878528839862
95400320,1256.6890464404073
29157079,1464.9411525636579
34838551,1241.0752754928294
79573538,2087.2826592022943
53853858,1288.6510093254624
46958037,1991.8973667056237
40355076,1344.7754446449283
79162800,2076.6036940551844
61449541,1610.695683548202
68870249,1012.5091515389905
13256146,1884.1316829186906
23687793,1001.9059992381427
49330994,1900.318443528067
47955268,1709.6052198455156
24572229,1104.6710593227222
85493065,1523.605855691404
95994562,926.9702286613568
86822089,1361.9238759011082
38878729,1271.4822456389727
83459912,2827.702452792083
40295244,1489.671818155886
95702507,1890.1016264703026
97865744,2186.454631124614
81724417,1388.1780451907166
22296895,1420.3428761980588
25100739,1645.4592087202993
11994578,1327.7568810760652
43823713,1651.7192334845806
57595389,2691.7407555895884
37162594,1782.3792184520082
51432674,2339.678002005084
96977947,1958.8275452025223
69353041,1382.427552029565
97471377,989.7621932942391
78888703,1283.713965413283
58472902,2664.216351718217
77647159,2254.7526700169524
63649430,1474.4288486254688
11295973,1574.0963741811152
11886952,2299.727009148365
31115337,2126.7654774780526
53945582,1536.2647822814452
73391100,1407.0689092461305
16170017,1246.144593940875
96391937,1457.92498650785
49663888,1531.6164248698963
37966282,2152.076953339244
91789209,1489.4006046290904
47228126,1472.3944943106767
26588476,934.917275914256
87591569,1535.6492413055041
15315145,1760.2724384001178
70198893,2088.1954293805925
61666968,2011.5458552323996
22175686,980.8121855014189
63396595,2111.6478777750917
18727617,1790.3127312717907
19777468,1361.2890593983602
30527873,1332.874845050785
95114158,1162.4282605306041
41739701,1358.9539571193498
11369670,1188.3777951370816
74973026,1419.9185860231846
73622781,1743.2794088245648
52281834,1276.1893915962116
16897176,1787.2135060542917
63339672,1957.1905116942537
94319057,1878.1340590072118
89357552,2147.8959267817354
24886317,1459.5174628406023
59666869,1301.1506067870112
72430983,1673.1510785874398
85345596,1485.1411461005162
24218852,1352.720780176311
82044920,1789.7193247528462
28204462,1390.8303682823628
25544623,1827.780931170158
98645538,1768.013917376767
35786181,1328.7616609471656
56759514,1455.1369234332808
94979414,1441.9382623474899
52508190,2252.5112255069694
49317061,1743.6511241338976
76293520,1611.7867285248492
67067662,1751.004551171228
11847526,1759.9890096051186
14139283,847.1717543769519
35602964,1804.2751446398015
61092334,2396.398832655535
69270579,992.0170945720803
47517321,1850.767692852498
10542988,1607.1200535813232
66912082,3139.627643760101
42445139,2069.900637955109
73053729,1290.695600200675
96699423,1261.6458411225947
18843679,1859.2610937407833
86433075,1568.5779439478354
26883104,1392.8430546953414
19601132,2168.832949787251
37017650,1371.1550878882836
83138933,1560.4799364411692
73247661,1571.2818558041672
59307450,1876.167220588047
31131827,1401.563264111464
69966233,1749.0844245276642
40243877,2414.963155936561
41951589,1644.290385973556
36031262,1749.8693773128905
42623413,1954.373124469212
67891203,1980.596431187914
51970188,1706.2621075370325
24213498,1422.3702843403246
96242069,1912.5166914072684
41943430,1684.9841633460092
89189267,1214.3979447843426
19898345,1003.6594202266454
60572858,1426.7671732254098
34988552,2521.2382084131295
91110384,1591.0521224638007
75957507,2068.066847344531
64422949,1412.1392135718609
93823627,918.7429356945204
93745711,2020.3864248608538
17782008,1162.9444718541788
40016743,853.3834727511378
78676337,1866.508500927605
96591242,1655.221966747242
83545822,1324.5304920318692
89501773,1052.7314760801155
19293886,1650.864837606873
58534753,1580.2536673221523
56198063,1437.345118111131
60777659,1741.770464851062
65431978,1250.7261159242446
94604898,1713.874446047215
76197738,2189.549694139527
81980523,1732.2009502851517
41676275,1397.102689665013
36497965,1645.69295374031
23177824,1975.1667529472104
85192608,1209.8750290578494
30289672,1638.1150531677235
98138275,2335.3485831666694
57817320,1083.1614878563423
42234307,1534.4844084186968
35893634,1165.3074358007755
18195993,2040.7463884562794
98403244,3440.5814989215005
63004294,1394.3219920854776
54567579,1896.8641949649327
91568379,2534.265023289624
82476880,1314.6949678367089
55652262,1183.6614489977903
20373341,1361.4412636426014
58632297,2003.1353832156242
24786934,2489.2426287928747
43722745,1717.0664937259019
87508719,2287.7298851092105
80752603,918.4698072186239
16698668,2045.6948209765653
78798734,1531.6152964630016
18461999,2272.9909413074374
81299277,1656.3425312318411
91417891,1553.0543464231766
25190830,1869.927435594776
73164327,1033.1168746356145
92759943,2273.2275252615786
18785269,918.4299731330573
67717385,1747.2553056122804
68136920,1925.0256719346726
77810360,1594.564752014566
62012820,1639.0988216314715
55983128,1508.2513340365338
28119370,2290.881508289377
34978717,1400.669652926036
52374215,1261.315701823528
66651771,958.1576338188562
49306420,1902.0335514253347
57524470,1882.4986119927582
50884173,1975.5854384074846
41477733,1630.8773071414137
14875840,1826.622993930445
11186021,1229.746752528772
36355598,2363.8809098267557
54557949,1864.0695241733188
69426516,1609.1977407497513
92092667,1997.1974572603447
52668902,1354.3460337097229
63561915,1173.5748178522263
11154750,1899.7987754688936
48765039,1209.7146271164424
91136342,1574.1521335723628
41265217,1478.2259437470566
25331950,1386.5617154552933
59339185,1680.8122612492523
59925803,1174.7292974460975
15169957,1405.0763982174594
14437249,1679.746278903674
98971521,1577.85538119084
26418410,1509.8395384940477
85892267,1853.7454644310965
29358885,1127.889657416651
90069301,1709.6137516070962
11408026,2097.9990200547873
77952900,2762.639621507042
83752708,1977.561808505398
15243872,1549.0634087605763
20649757,1262.2434896757295
94157069,955.3565254303672
80138291,2410.479252255802
79658232,2425.8738933046757
20876663,1519.1974377156832
66248879,1716.663009733261
98196787,1712.5394933537575
11070217,1145.1894517806575
54123194,1999.9325981931052
86862821,2817.594861761437
40252559,1596.3587883952227
60519623,1146.3213052084457
11098932,1617.593239989478
77544004,1816.4549569942935
43855714,1627.5033777915228
57112829,1564.010064237817
69104738,1326.63027978303
51426009,1578.3678400643958
96759585,1477.6346995963113
61695552,1457.5593353794834
29335973,1245.2312273251762
86711404,1793.506945688385
96132003,1381.0500578506228
71930157,1310.2840930730001
24207989,1123.1954811538144
81239737,1210.0102987198245
19246532,850.7780156198392
12541440,1310.1027166863632
10876544,1863.8069518374796
11012723,1611.4797256111008
38854043,1168.1705711394716
78679072,1576.5196490113303
39567200,1687.6829094304044
59107952,1534.5370132021833
79981461,2091.799199315694
16385065,1671.2422237429907
42418677,1672.543207385216
26750207,1430.843653117053
92430939,1668.0306029781125
22967094,1343.8358133410968
40195159,1556.8711490561707
72466218,985.9262088269
34482136,2371.3533348362093
13940540,1549.7415023177587
22725269,1866.094057405384
78995555,1619.3963337833122
73638726,3147.951646364893
64722395,1471.5395936380378
89563722,1429.3935830951002
32568591,1903.9979176661734
45801232,1733.3614079287006
20301291,2062.191082621645
40244043,1683.0479409403993
64129406,1335.3128734242975
72297320,2143.1480703813995
13456518,1990.7290261797002
27325248,1327.0770236736973
33468754,1724.5137705267305
60910395,1556.3053660739351
32681832,1683.4920714052741
21428869,1641.0749765867154
86653666,1974.615763846699
32786522,1175.7153029476754
64027869,1364.9188630517644
34126567,1599.2808646578874
42278394,1830.331073830713
95376056,2394.795703946158
99562015,1233.6149916693034
15133980,1478.3502988426542
54026308,1174.0199437617537
76441994,1520.5010913130527
94110128,1827.0822593131547
20201258,1737.5186672718914
84604326,1826.559814791977
27309117,917.6195318702255
85307886,1000.3286580697825
68918906,1617.9547763978478
16328223,3957.7614122614436
18599779,1649.3835131067542
54032168,1866.0691214598874
56206271,1694.7188084860388
20991939,1325.739798421683
78007881,1241.8026663718167
43136632,2102.898174528078
26961880,1883.0008771821986
59246484,3059.466679868535
97485255,1201.3679785225531
21548886,1329.8509904721213
41405520,1598.690856237942
17265204,1355.6474926276562
57594370,1354.7630632161963
86204456,1555.1357618599059
47896500,1382.7063565226993
49072175,1715.7362628455012
57819104,2720.738885549369
38029807,1540.839346434954
72219430,1461.4390551118584
51835434,1543.605431759214
40820294,1189.8090021260086
39676991,1541.180105417321
47329975,1489.2087262434186
40515929,1362.6787152668335
49496398,1196.9287176527798
79829278,2938.2048475585957
25676253,1814.7316729642516
83511561,1896.2268369005906
97282391,1345.5359309108994
48159381,1642.0243294932397
26133617,1177.745571738498
14830790,1331.2661094647558
38458641,2066.5678553524626
92902816,1409.5564431935975
67366474,2228.570720046644
12931119,1782.5236382692838
29119450,1670.756054369636
69182586,1734.8214981493081
95601790,2012.049878566242
37235321,1863.97735896283
18453791,2131.9558907726837
73959998,2383.605686128698
85145437,2234.4522225591013
20490331,1637.050131106846
40505076,1389.8612379175768
39895736,1691.1681774280535
36927127,1623.659285093032
68104733,1762.2126328152037
65498526,1689.559282375066
29077796,885.6367511564076
12700500,1775.2170715277066
23234787,2105.791891130297
32248328,1696.8769752376027
47710917,999.7427259001843
53904169,1628.335414478491
41795394,2200.9474846085036
81931808,1719.5541214114457
89546300,1903.9323299260207
81512800,1141.2403858496386
74490322,1059.4594928251784
77716971,2290.9062895111842
76509280,1604.043396683337
86774198,1394.8640857249743
63795592,2781.3680225586404
15728342,2581.19931059792
97525554,1469.1045187102404
81201227,2064.3663952168977
98995752,1076.46682796816
88336972,2896.499392458363
56577963,1650.8734225368603
73375002,1490.4110691970602
92846400,1714.3114677467086
63160455,2827.116699472406
31277941,2147.1067463531285
44244750,1441.9839828136187
46198195,1127.0844006188988
92939641,1227.2283374911228
97399227,1082.3265695968453
32829265,1465.4818904306203
73813213,2679.349883315401
71142772,2151.5683357137586
26186456,1347.7419089894279
86118507,1482.4638595567649
91253288,1666.197131150373
16739260,1887.1755715213158
97712970,1676.6313523272659
33709101,1851.1674150636306
97473173,1124.008665734907
84445365,1728.4685835222979
33683407,1490.238935160109
55156833,3112.222785430969
39198647,1248.3528089030387
84859914,2424.041305623373
42321053,1148.8602003989652
26496602,1717.7686354719265
87373088,1244.7501693654708
18576200,1777.4337659984417
30304669,1290.2726656095228
97043852,2432.2188183181484
65885111,1779.1587538739711
67235670,1885.205746118009
70791484,1351.9147994409552
80687580,1736.6340334246304
15865255,1748.0118589861968
50517128,2061.4576062001115
72791395,1984.3114017168134
43267986,2945.7713635702275
93567577,1340.7194460512205
15107743,1237.6032923560365
50225644,961.7314799425816
50174181,1442.7571800426394
41401409,1195.8787329878724
80395755,1580.6788128894298
58616743,1433.4831449170708
62863764,1740.8011403369553
54033467,1279.6923739194565
36905471,1896.6152062238407
68728934,1389.5686689441286
11399296,1991.390556912524
42319589,1152.7528654724708
71193471,1246.151424360852
67728154,1301.8404970153836
99252537,1714.4812362626687
69554397,1609.1461262901755
57406844,1515.0629879765224
17460622,955.9748113061405
29136908,1866.9133265648097
88836387,1179.5728000423999
56749521,1410.34521908675
42038296,1506.356914953431
27575312,2110.3073697798072
27787635,1636.3853115159982
22639453,1664.911031464411
95074248,2730.4885086704926
62398547,1509.2734013783622
48210895,1709.1068835948226
87163679,1767.5114905759672
84638479,1468.6393265285535
74277222,1321.4813209270528
47124707,2393.73601034752
29597912,1721.4423877181603
73217471,3261.0672795142164
54203733,1394.2112282802357
86493934,1471.767792520447
50925419,2291.2235613924354
36161210,1555.8987197622332
18638157,1502.270702529385
95763224,1873.322537467564
92017449,1313.7071066001006
30955049,2052.954267602244
88464978,1640.7061758930895
81709003,1225.2615446085993
94640782,1145.09445012461
28684873,1378.6972181259712
82032258,1837.9784210768048
81929396,1103.7442879155735
69137949,1977.8720588930041
58556748,875.1946549395641
83494716,2555.264724933738
51219421,1961.8646417597165
20118968,1125.4696087923774
56424305,1807.9245377177958
91040440,2512.995844125732
82249910,1761.2698130904673
65005094,1876.85283707589
14333847,1390.1102258310293
79940622,1943.97747411327
36407377,1415.752528892805
16485177,727.6573542901892
19967320,1135.2388932222623
86757224,1128.3947481476696
47859734,734.0880788646754
15329881,2457.456630865985
38097629,1879.0928501023652
63914375,1394.0978987228718
68107359,1096.0412846797262
30898448,1877.2050555234764
62098958,1123.505589191392
82555231,1487.2927733831925
74537472,1460.2613804009532
53883476,1283.7536370785774
87349008,2602.4055869430076
60387770,1491.7202347876719
76029782,1677.8089365065994
17330605,1656.0591584320116
73592240,1872.2300355236025
46762043,2204.04121608421
35726404,1874.6364447143658
19188826,1849.087559641326
69934099,1177.9182402395522
98236292,1623.4049475485479
66601351,3385.949243355399
24082367,1446.016278364746
86399833,1667.1867680012085
29406161,1835.4368089845452
77568118,1486.67651109448
68454220,1707.9869737062638
20326815,1804.3770003582679
96392075,2167.103633810792
43846930,1418.5134345527465
64059970,1816.0170052601075
59660323,1473.2484947511928
30664289,1414.7802497399746
80504110,1582.5005583930028
69214158,1409.1033472022602
37153701,1849.7356719787851
94463524,1704.9093424962587
27069908,1562.7537058437208
19881454,1950.7930264508248
62073736,1654.813661915204
81301863,1666.1572339515942
84692821,2231.8594784313896
18061173,1246.1585769620513
20396165,1517.2496817789615
90290263,1570.5460353125181
53205197,1612.8417759618524
71639333,3112.530686826241
26581527,1678.0386176640905
88753189,1602.232793743033
12152481,2686.180937321365
66369748,1702.386896778586
31086360,1472.3215852084163
68141078,1399.572193057975
87072389,1824.1288351475523
97229380,1376.6876631836542
14239930,1134.9250967925736
47067735,1830.1327626022749
23013670,1216.3079582030034
91166617,1538.7691526797448
46464430,1788.87155858641
48307993,1285.9217461307385
65322743,2514.473373185853
50086685,1613.4905406876346
65335801,999.9147184779563
83887090,1796.8849530982038
79333390,1690.6151754737762
84490520,1634.6106243288862
90753494,3606.7009200377984
17091898,2639.7375847739963
94064213,780.1673555876629
76172003,2177.102093457847
36639874,1436.718143782239
93190659,1840.7295504085216
77671761,1083.7494248644546
64459243,1676.1722201880195
92415904,1444.9092686650094
22451687,1491.851439181328
99098676,1881.6912661302663
96250656,1942.6183075333197
43637666,1549.363291900344
87755511,1780.0061668927538
39642098,1487.3402594478248
29533984,1805.3735335263668
57860445,1468.4941060392716
33335103,1590.7975175797976
40928352,1297.2870690044167
66938624,1850.0959689388824
97908221,1340.9071148319265
32317269,1317.372575028334
56374872,1215.655176238613
56164704,2549.7032687010005
16557670,1466.34414744568
57350487,2241.2785281873507
73640189,1232.512155596733
28886856,1719.473909062804
66838952,1129.3167467883063
73125445,2818.0926043005866
89817544,1531.992873484223
69175507,1340.6391827206714
93099722,1768.1997630817027
42498618,803.4102221931877
58133975,1362.97793187833
50823382,1514.9488261794706
82720881,2348.1121180504524
47566077,2497.892249542984
77236358,1977.095282728987
24977235,2640.0691444283702
82212369,2651.9960247504637
61416619,1639.3718744327512
14011629,1139.2470484571777
47820649,1163.893411712949
87027470,1250.544124717141
84406467,792.6518044362143
18483336,1800.368821168868
11745857,979.8469801289435
72009137,2069.59285858174
21373342,1361.815019972828
50764118,1529.0960735331773
17876513,3031.38515724244
21573530,2581.9707145814345
62535056,2253.719980815497
52924658,1567.5314931190123
59116751,1600.2375480195876
96464552,1598.6706742382723
41877592,1883.3484570006149
27556664,1194.7391632343983
82049392,1617.1117604648732
21890177,2150.0778889902303
84019657,1197.8894969021776
70836939,1228.791120100365
73269246,1276.399286087391
65430516,2024.445161520753
15552867,1947.860117733917
16632045,1538.3585508173892
58510236,2081.0475759268516
94607287,1244.0433981226802
16582909,1180.3361906145087
91254889,2424.898391934578
52951693,1483.7724951830392
42015762,2161.7872417276153
39537878,1465.3286747655027
75334066,2291.4011959129384
15509168,1820.0890714799914
21848464,1256.6925229372052
15512926,1770.2384660490943
19852776,1394.5932148961315
98991290,1546.348847114769
67867067,1601.279777980598
75069265,2344.532236942424
33163007,1078.6717182375742
72461037,1357.9561616735466
79368575,2094.1113324391345
19283832,1524.187966751053
74686369,936.5526558909571
42431987,1045.28802155165
49107046,1844.0265980022455
21631633,1447.7469368645664
57757752,1309.5072737083074
64260092,1944.5008178416547
23733208,2158.5378904206527
81359267,1747.5925391854978
78964700,1563.0857654145827
33821569,1761.5275849866634
52189182,1138.023093730604
67362415,2079.184710643999
32252347,1599.5561768011569
42461075,1357.8308877716547
42564953,1902.8554486568516
53441096,1445.3379401011648
28942045,1353.469571213803
92173510,1581.4316682317856
37939234,1919.9969736090172
83072941,2901.847951047498
72001493,1907.471832519208
88722560,1044.9920853799376
24458695,1915.5418821466953
34236973,873.601118021705
63527431,2561.962011457536
35020078,1740.2447061043667
96240931,2571.144159416978
96449025,1170.3243426606741
73324268,1118.2316727923558
20943504,1679.9278287274187
65163807,1091.9797026809367
65735235,1382.4330605607995
34006121,3132.1151070482347
11206259,2172.6505402549674
21142225,1757.1445924259572
43933688,1529.7492418755758
20195114,1370.3859843420184
18089453,1824.3110366233514
87927482,2972.1885058907096
72119177,1302.370584881581
68722653,1458.4312932115733
99012228,1743.0979470043403
95191404,1422.0652265527574
68494900,1208.383092703386
11789848,1623.5140651739823
51367435,1755.6343287527363
83199690,1263.9575275493528
44222449,1320.6126584096046
97059152,1354.0458884346854
21321783,1339.0247249654142
89238156,1552.6485049769967
75658495,1373.751863686934
80514422,1027.2476106121385
80098101,2141.9708239973615
57507250,2016.2140917726354
82869937,1445.1844082709963
64737683,2630.834860523263
64663030,1227.9442879544752
22362250,931.2928690004732
51054867,1167.9270259019436
60302181,1777.1418329661888
89897892,1960.2116412617743
99745406,1679.769027184463
52137793,1672.1032670006146
94617943,1908.5496466663428
92402481,1720.0873786132026
29177060,1619.281266837419
96789879,1945.385664312011
16733828,1491.8025324076657
69997197,1879.9446632422705
80009529,1405.6902372732382
70971147,2077.458714745927
89268742,1662.2953239363176
81559172,1798.4508168348386
19799436,1666.445054244969
96316683,1605.7189530050698
16202604,3095.1997819862263
99234264,1448.0062217989605
89790861,1462.3898244088778
80624261,1387.0742230795174
98327008,1584.8233487436155
43114030,1857.4129307762528
38992659,1161.0644502984208
26185292,1696.5771284519149
84958392,4071.624785238608
63532044,2174.8137509525573
72780852,1420.6367837155638
63755363,1903.5353658130155
63435369,2246.8147318399688
49085103,1329.650203511702
39826465,1388.668546093048
89335030,1054.9297772813243
92393797,1939.7162273764263
36385689,1183.9160608691282
14218024,1097.111669486609
43067447,2553.2935573974623
11821155,1897.5999988214046
96671043,1240.0951188547695
64977532,1753.0396963611117
51923648,1713.4204599448215
52082499,1685.5320854279785
58693008,1204.3221613137434
77432555,2170.0164468100606
11692478,2713.87630638193
88536020,1403.825882935824
13996971,1554.1054202242958
92291100,1744.825984298744
77799089,2518.548587160218
46970679,1240.7499740473527
96819382,1910.974839715608
25751312,2413.409195008855
89990705,1081.05016071379
52038068,1673.051525564426
32344173,3834.967024336363
33993191,1482.2027530966166
52279123,2298.4500196692807
18496274,878.7561918829961
89490563,1631.8996797487948
17329696,1971.056273311184
16967446,1582.0786262629008
80888202,1067.9817144176104
14661504,2078.5353314717754
19604443,1766.3449254866862
37821572,1062.3170819581605
88831769,1658.9462803112551
32405077,1863.0078339623874
52763362,1389.2609556060495
75573252,1638.0969458412626
54781465,2286.6258400166003
22599480,1818.2079025213557
93311234,1071.1618605621795
69925053,1391.7332138511613
12598333,1855.8005803058015
94909106,2066.6179623046673
86019408,2591.975556427711
96477826,1482.2776831250867
47575439,1936.3748555821724
44219472,1354.3923045649
14808414,1998.2673272530335
51535602,1311.0781308398848
85960705,1480.1001348363718
52391461,1550.5827943602987
81172596,2542.4331821634096
11351493,1792.869585757279
72733290,1164.6328067763955
74877854,1621.349568342821
27680792,1295.0096366618086
44946524,1907.3408470005957
23475779,1788.5709040436957
48465422,1176.5718819525173
52076835,1363.7851704905572
44646564,1507.2829290598936
87277346,1316.0435479084897
47973044,1644.1082990370437
75500097,3492.192345141754
36145678,915.6053239972051
85625020,1470.6374018248694
97404967,1481.1285262250296
11411712,2275.878998722481
80164594,1174.9627072196822
30555374,1067.9744676427258
93243676,1693.1350166920697
12801610,1133.2938693487358
58651288,1078.0763967621263
52409464,2335.7546479535226
26481577,1889.6107193241457
99557550,1046.1430387741132
92346786,1100.4722867796181
33277389,1131.9863132659198
78792921,1535.3963868572314
89378277,1786.4371577687607
82856305,1645.2466026832444
30767488,1612.582075045951
36397903,1373.326643573184
64870928,658.1283219064048
11575457,3655.8602831763164
39041845,1359.780020069986
92898654,1843.122172014566
16929732,1533.0235420970348
33334714,1205.2783705098475
12221534,1878.108825343302
73945645,1429.5108829975707
68971550,1475.8569650245145
75565371,1979.570306699936
59677619,1371.7815632643337
93539814,2097.0439659260087
24106217,1519.8258178646395
55020351,1421.6037611017719
15672017,1504.766437962497
10841847,1369.9963022917261
86946687,1213.1773956651218
99799054,1762.0109058796986
81128474,863.3448881744421
80366080,1266.3660776776574
10218336,1311.1066517390748
72351128,1448.3598858488676
56132260,1560.6490543783398
99301338,2833.305311858027
84453738,1348.4154177466316
58188871,1799.6195193090878
81971342,2839.3072265098153
94124547,1467.5397399415992
32266038,1638.4581508268905
71760843,1446.4224372495069
77203995,1528.478230776874
84611651,1446.1100689420336
76627771,2029.6370333847697
12653847,1641.0560515865038
43336328,1666.4306153878254
91500607,1565.9369684957887
68213549,1496.5898324655652
35549327,872.3563540135433
80808916,1470.5429819228727
17110481,1489.2067780374387
99587119,1114.086105362082
92334856,2801.640432057615
53359226,1487.3108134235333
80618402,2870.884806553762
41703808,1941.3551320937852
19195409,972.5751501923639
76941149,1711.502277615015
97584818,1441.8892085686464
56683377,1627.7204329774615
67011320,2063.868136253488
15480221,1740.5114222031284
68081328,2382.54094287975
55487684,3619.569314957897
74199206,2718.7255499321486
90165063,1741.9594515701613
36193583,1784.6398208089713
10917950,1395.9708378970063
92870312,2047.4442138066147
72030717,1990.8963877015085
17113758,3568.1837616411494
89153386,1420.6355693855076
45809568,1812.1494252587033
30803532,1551.8783778503903
41936053,1645.2563071595275
14429173,1606.131372684055
86629786,1643.5577081730746
60024688,1727.2155583916185
75100924,1847.0785469564512
19587468,1275.2634337917839
88088850,1466.4777731413199
14339658,1215.490187481252
93643220,1454.0888690934273
61257147,1851.8506899495997
47372664,1767.8611517716884
72551157,1422.2059583426508
70006271,1768.6437184241292
66160499,1044.9496495689043
14115358,1304.439610603072
24138292,1877.0418193327507
81649352,1600.0747062891537
86450554,1416.8519190826441
43772724,1678.2061137740225
76147600,1740.0256314666703
37814705,1815.9477675693454
79438450,1863.5949641115892
30374304,1454.1529796021166
54234194,1271.4866484768709
94516994,1815.4434529782743
15639119,1799.3141369205855
98234744,2989.165530731796
84292967,1323.4515089372444
14583946,2060.9161530876518
74680521,1373.9904138246138
10214287,1954.8429424901908
43877051,1388.2441549925131
28904050,1416.0421892801196
62063260,2060.763934975947
50651267,1715.4743186066105
76093719,1566.0745831758675
42788012,1427.8496748119019
64271564,2687.3569869808402
36033563,2172.069722503656
32364760,1600.8080762830134
82718318,2297.2452941985325
42781597,1483.3310442388401
63047151,1267.2702266798792
54331908,1755.2993927877517
88556646,1172.7557863851641
80038856,1694.8316375402148
62561061,1410.267904027686
65834717,1290.7541674341967
80358828,1799.3532320332556
35099840,1995.013114669273
50872993,1446.5789393445568
80223193,1907.0260465000852
28448374,1653.5847111606572
92231676,1659.6513329907546
65717894,1606.4918893107083
86298764,1503.4424238289212
76299579,1004.9240157108981
15449921,1298.7219512094582
44677435,1555.5668904933873
75188492,1590.9768946400184
99785392,1586.445396513269
27084775,1351.213905056512
34483861,1485.9328079154943
44135541,1874.861928209389
85537076,1380.6257299235613
32577802,2090.238077932998
58632323,1687.627279915052
65794441,1490.258724741942
91626972,1444.545558996567
80568466,1357.9522728555
19317452,1260.0772257932877
19462773,1118.8119797771346
16861573,1989.1800304808573
61543398,1321.1747137598932
67189144,1720.110987999928
46184090,1162.6331562791338
14969625,1104.0651663923068
12339000,1243.307758503682
87651999,1242.297247883384
48444572,1592.8941124749213
43026767,1127.6375273908714
25666315,2100.6031752763624
85141494,1949.955826092349
10196732,1370.3447261471517
89772932,1142.7481594232308
76197106,1592.3577668088371
35668637,994.77562366205
47789451,1268.4533677036645
11772481,2330.4936766710643
92352486,2132.6600581340977
74959731,1389.3008440488402
24006644,1209.5490440358203
70184471,2174.108529087243
63616459,1861.9375575063086
65420176,1484.8447044739355
52778454,2892.7777939259145
20334394,2395.736086714474
29566160,2072.311298928146
41218910,2058.5618141752307
57645530,1082.8573200997523
32753016,2307.4836388175327
53485349,1492.847478162453
99359057,1447.48159186109
50033107,1342.9762341018427
21562381,1881.5271364001376
77828671,2546.329455235893
59082786,1391.424923479526
99756703,1159.8233300829306
62477883,1159.9166688714743
62194095,1805.251607026745
77240295,1620.5785245811935
78173906,1440.6969705561294
51850860,2365.06961756947
36247163,2372.9490537522843
80372868,1378.1985321135264
55810884,1418.3599651959526
39425335,1206.1889702844205
64769998,1510.221476871492
74184119,1759.199389042678
30910517,3439.5266371913376
82036794,2083.0797504611
27288556,1505.206132597526
73750248,1273.3571938089772
93836103,2143.5918772440014
21006367,1549.1202305858883
93898545,1347.4306951976137
94582565,2061.897648503477
13137522,1186.384805321361
31604761,1643.5777137486225
60718232,1303.1998452095975
22356430,1210.0445000165055
39386475,2743.5645768275363
16350350,1552.4721585771954
70755780,1682.5216631824399
55920671,2337.788421523803
30409198,1431.2773842069016
12366994,3419.6568257485146
99624161,1788.2568503893533
27085439,1842.5518816066437
26222780,1350.1888025356068
13513100,2146.6167587867185
83619693,920.6229467337891
65230131,994.1226534955372
74197231,1517.5436508442988
16535315,1342.8752585017057
49313519,1493.401458036274
54192335,1547.2902277037197
80736897,1795.6150297153695
99406225,1836.0536735984635
67818530,2905.2786605607944
84284655,1334.789544451282
30897932,1343.024088762165
32254189,1468.1808179971965
31849680,1766.4631013547516
41359333,2235.0440173377647
66456629,2580.3495303950754
68729486,1670.5133879253865
40630348,1676.0421104794937
93988333,1724.1868537867208
47811524,1081.393097887999
98617237,1572.3194114856624
20362387,1169.7482807609308
84645660,1060.86253017125
16861971,1609.1528338797718
34588999,1449.1973670424381
53427517,1125.2472997464274
42513475,1943.8791945611424
57705547,1715.5301795478015
49742880,1785.037636272279
66920323,1694.5511681132255
12354776,1355.098032907473
25840613,1618.2573886445268
45114259,1977.5971697302755
49079923,1714.6292604068854
63116367,1039.4445988225052
63802912,2024.9858010367589
48974796,1370.4711453809837
30061599,1009.0312547699094
68578654,2160.11456995515
54173227,1477.5552274791094
96680380,2112.5688085566912
23868064,1408.2921470599192
51824090,1671.312259523229
34839733,1277.1591589060122
80054187,1864.3667103958883
12685572,1658.1545832434967
41567061,2429.2924177364353
94877842,1197.3377951451887
58492968,1052.003266745047
71326484,1073.1168761306142
70920278,1922.1119705533636
54663137,1713.3415970546348
32126460,1994.376915499387
54874790,1825.7530579638812
13538436,1520.6876736994377
30100038,846.0867200753974
80017866,1105.375948392759
64347455,2625.8513509667027
13683069,1838.013876059126
48039428,2327.2457350151576
99567150,1570.5710028105725
85509215,1091.1505837862949
60668698,2091.1908890464388
12191456,2055.6522366565746
77765786,1585.966808455172
12528361,1166.991193812621
58442957,1098.9924113844988
54303594,939.8277520424167
27681147,1442.0914588663406
69098569,1210.9648371046337
95221316,1996.3574459688748
40109548,1692.2962227067064
55576313,1141.3701632488137
53153958,1524.1150310476326
21200840,1681.3119423575727
50894265,1074.5162506402598
23626838,3445.6574406160626
12418418,2155.075929929607
22706358,1666.3760833205083
45395670,1318.753592266565
87327017,1329.2875127040336
13017114,2046.6394940882465
32271547,2053.255671706991
74538679,2051.7121594029363
39506103,1578.135965038106
46816166,1417.4897012287029
66503105,1887.5870320437828
65579176,1841.0383785798551
40074247,1685.6101685106964
91310031,1529.143559853249
77444410,1838.7177223367535
69955281,1697.0514515921957
67331105,1823.5507657002863
45643632,1721.6252482414732
73282363,1378.223332403495
13642505,1364.6534857956162
68901430,1694.0611943782656
89906679,2035.3190637745254
52711886,1164.3289871918867
79575331,1446.4524516731972
92616283,1408.561173419978
30763055,1231.4744594284464
16611953,1577.9428896394213
33070179,1503.041730669562
80347205,1644.0077853137184
83995335,1801.9169451183577
14535805,2360.218033617454
84879838,1584.517595453185
11864901,1392.3157882734467
14658965,1155.9221971801487
24293507,1288.4901953915999
70453525,1658.7114622325985
87798104,1295.9095972278276
19197193,1668.2223913010012
28284548,1796.2516602955657
86044842,1639.980697653916
23057275,1778.8973701481154
27985337,2366.5974399545266
22587547,1213.0332712915535
12855508,2811.8478863949094
64337495,2198.9949163867122
86712331,2292.408605278112
61189156,1345.643237725749
91594873,1607.1388064457806
54835971,2046.3082550856313
44370830,914.2156476082636
23684803,1505.4494889697214
92481929,1888.4727277047941
35638424,1717.467811730138
25657749,977.7494794972089
39381975,1513.5899919531564
72999107,1742.650489892959
25818586,2041.152582127393
58036789,1983.95882273198
94320377,1592.5965877243118
47110506,2272.125986387791
66399362,1840.0295681491466
68909982,1627.7012161479947
16073310,1469.481069253462
43288405,1094.4190328444092
71579560,1760.806312907293
16507355,3178.7820881252205
48802207,1302.6939079686613
89915294,1688.1002269812964
97679852,2279.6299508833395
29217698,1946.993611089881
27435911,2885.320530379673
78879242,2088.6126565418576
27175130,1584.7662717120384
29020135,1126.3643044828602
78626569,1237.2997863445091
71067812,1370.7279061928689
96690513,1564.933148937994
95531962,1766.9199504665862
98356800,1161.8654352281724
86104439,1147.8316949233722
55595900,2325.672986848778
75208610,1961.5488137572484
15300209,2039.4383686305507
61949363,1297.2990429626068
65881085,1636.9109387997753
66803690,962.9505124381662
71508510,1793.6475544162636
77429269,1275.6004443045172
70868754,2642.605664649748
93223292,1904.5445010919161
70378280,1458.1745336268077
72142932,1308.8300494232228
88911193,1180.9072643350923
89761834,1737.0118305330234
36836619,1692.544491115119
53134062,1484.1484493289795
98828461,1870.9709007377348
55370391,2329.3609028587352
69978664,1454.1257479493609
48824111,1433.8062161715407
11383415,1515.0427020704103
89041808,1921.0325464627124
31864759,1660.7947289604142
85436725,1524.8743971549113
12287678,2691.9199877969972
54577919,1635.8730202060121
69095778,1581.7383242596482
86755087,1564.0843252803295
87570494,1603.3307567654294
42971075,1606.4932606550522
19251821,1002.9599224372205
40154766,1183.6125064787207
86599495,1735.3588176389574
88331508,2328.7995247049694
70254717,1413.1377188292608
32105523,1604.828142741606
42241465,1208.6068859770419
66334048,1487.8174961780937
56657286,1257.6507736018393
99489082,1626.9126925541793
89634976,1736.7917050828578
22529712,2125.9316296637503
93452559,1974.1729940561715
75276107,2455.6961932238205
57620607,1302.0662197842353
11822194,2280.107564227485
85101585,1692.476319441231
73640715,1880.037791042649
18114714,1294.6959833292685
62352450,1415.5157141954662
88096618,1915.187117285976
76855836,1386.6846825400023
76968795,1910.104958815831
19089688,1506.9293165993972
93669020,1140.7912948621959
32221954,723.6475748657069
80149491,1288.7696322736117
90863370,1462.4626627619768
18955449,1805.2992302767934
46106075,1355.4590969057635
64362412,1335.114063139801
13228942,1263.4694086887005
18238798,918.8127778945772
17197174,1439.3526867620478
56883307,1500.8916436567768
43838074,1568.9071070889272
94366977,994.018138922292
51114116,1655.6285352657485
91929625,1707.3907505359778
72617691,2608.1753921301492
18081983,1444.5860541455602
41430371,1236.1424427764332
18768333,1397.068824771973
97670981,1619.813389785219
33138884,1864.176586743027
54769750,1671.3008418403301
89191521,1649.8946234861792
68771611,1404.1529491076733
69658524,1563.6921563334604
72361657,2473.468282943583
56548670,1122.047374195971
78323750,1616.3856446696957
30772189,854.008636587561
48525110,2019.953410101179
86995869,1495.6879576845454
17626486,1757.0089846112319
25200634,1361.87294920692
42675735,1311.2285492857663
65493081,1654.7882097677495
93613666,2296.7298878762085
70416961,2530.6497778781413
29938065,1580.0121031024887
49578380,2685.0778020661255
98870679,3953.0509472085646
69931311,2007.9937778732472
53406287,1314.9539999399126
84279248,761.4242419335897
95721664,2032.3277676411928
86560148,1410.6468499180783
54643141,1481.5714328396457
87296829,1721.2053066128422
44687814,2374.456473977546
17812890,1569.2911945648839
55517272,1615.2088055730742
83984617,1411.1826797060646
50681051,875.8905872736766
74119296,1512.4616841009479
67223450,2174.3989222598802
77287132,2692.7325016337486
36264517,1710.5138204068755
42898261,2946.862843306904
62830950,1718.217951162959
34861949,1200.0134520529466
73511243,1356.5380195789785
21486168,1925.6284111900786
99309538,2172.086236808306
42037617,1473.145385539123
54746843,1221.5719994277079
47539615,1972.7781301170228
84768747,2254.0792021838815
72954519,1586.7144146761502
86653160,1109.8215965830022
24350012,1268.9133603943922
44330162,1465.3202601004868
40410889,3145.039432340127
14017526,1251.8822757553178
18494070,2465.9365199719196
47916307,1949.2848910195546
39725498,1785.91156175385
54156054,1572.3862435902574
49589662,1747.9180899493856
87793535,1900.4205868231659
25123851,1931.5615990435679
55319133,2058.7666479044833
35955058,2310.7734676331615
15784980,1684.499399623916
63967490,1628.0810255578465
84366303,1627.9553891386524
32211409,2098.876431440785
27475512,1633.5647918870743
98385904,1370.9455342846186
74274926,2298.0629285245655
26137274,2008.4502221012772
35706395,1761.6328374598477
25432073,1092.0699531444438
56493804,1349.3203609302093
21783642,1816.8508218374664
24274717,723.4153349758888
93363592,1103.53207851379
50359798,1358.8304461779585
76057356,2026.0582599084094
34577569,2411.168483418246
13432670,1590.6994580893997
36150614,2012.010470475439
95883486,1886.1250567384477
17035345,1854.8938246440782
48987823,1433.3282545104114
18853302,1582.8080537283147
70059479,2220.526231905805
35830006,1940.3134941561334
83058209,1551.2439290842512
52239160,1429.477154420092
24939237,845.7340722315494
48271879,2354.0051085239725
58898302,1512.9763454196807
97505252,1553.6979632172465
52580265,1367.6376913216607
59859756,1948.2865648988827
59531100,1996.6502028405584
82820692,1807.2324617687516
73015543,842.0852421636938
50663543,2315.1210778236036
61349439,1670.1664326434043
82745505,1899.2756018494874
91058293,1215.1937024164179
17937997,1857.2946792773353
48025378,1505.1722745562752
21558049,1551.4835892162143
51468147,1843.2614316953204
87943582,1090.795730558337
72989675,1115.5655170861542
10828659,1497.671801636911
78868242,1513.8080043756
63610417,3366.525022805527
13037947,1254.7715260126777
63051485,1701.5628417386388
42637767,1372.265222845728
66029975,2404.331649629677
41368516,933.5697258225177
75570412,2073.2635793802083
58832659,1389.403509918153
20746324,1780.0921685682968
41047714,2157.31172773859
41430458,1746.5462937288007
69198371,944.720946570448
46430156,1518.4938207221724
42120705,1139.9971674555172
67695943,1285.5564123682348
10655846,1569.6071717047707
56387239,1589.5224014901785
73136827,1407.8479335778268
66107772,1957.6470608286988
41597595,1260.642605042536
27035754,1589.0016911400203
94233303,1400.9730491927226
72371862,1596.9686830348903
47858586,1832.8472674398931
50074731,3319.2770957586968
15840349,1585.765217940121
27527024,1524.8949397694275
51445447,1349.4707155767694
83042677,1324.3512919767695
17433657,1448.9044727974203
83477453,1982.5602410542413
58980418,1566.2967636677765
49038207,1941.5912473888209
35105997,1379.3392644187602
88328473,2040.7671701485033
49929992,1967.740516182448
12057690,1811.509868208618
22485986,2022.2084175442978
18944255,2332.273440112512
94296460,1503.5824494964531
15325948,1764.900819887165
80036637,1597.0396904847569
63707416,1539.8378039322731
33357067,1905.1028424742249
76260292,2025.9901224515916
88542794,1779.5281213299884
36624049,1333.1054163152835
85370002,1529.062152294692
70947321,1578.1599878847942
86215831,1183.7034333864833
71799918,1577.6311351732854
70779429,1735.5974752762404
28177790,1153.2614029960314
33416701,1655.7931227893826
32210074,2511.2241849107577
91177225,2241.595405547784
62230096,1629.133100928234
27830922,1294.7526140230923
20292159,1610.9401246937125
72135125,1270.0617773672616
41060839,1791.5338007928458
14610723,1480.9792834917096
40291165,1764.9459907905064
76063806,1831.7013501862284
21250419,1898.4611590333222
67512417,3298.100428094015
33443292,1521.4117595632713
33660955,1339.2141986583608
33504001,1390.758940459302
59014872,1293.0848048244102
48423806,1305.7489989990522
81227220,1255.9960842444889
97904600,2078.1251365738794
80141558,1636.1759884862265
13290868,1516.0331325423288
12913192,1302.1198315155823
94144440,1527.418623304021
53033174,1837.6262857039296
93735706,1541.3225470667685
59909555,2369.987846648115
99555121,1546.5153444055752
13256013,1371.188292686569
93540353,1171.415101038556
97837539,1074.379594592598
35669129,1505.195898775235
50012137,1528.8257195221574
68173579,1552.9338314965664
59440623,1318.661016855888
48714672,3283.5658388670427
86973367,1453.9827322866956
28395212,2074.441226791816
50017530,1836.8150552778532
48045601,3035.275634658665
60427063,2662.6469161159803
49061177,1656.9151280064661
42896715,1374.2265637943615
97451418,1916.8988810465114
53456411,1190.1774367708292
99184358,1118.3776306050627
91879007,1384.2011710049533
76424273,1328.0339532920375
19529774,2372.5643985096244
60604201,1287.5634922475099
96265561,1609.1733698650692
84388943,1799.793031449936
22143961,1807.203970577879
14880373,1540.281095633047
98124884,1273.9683541101651
23434755,1124.3703798844301
36626131,1384.2064652006186
86172967,1744.1762550708693
89507826,2319.1483341492712
51984404,1163.9392648357898
21328430,1614.0908630759525
46133239,1346.9074227437666
87118588,1426.01495939627
72466804,1414.1647776091756
90243251,2230.162124176231
31491219,1841.6817929156214
83702289,1998.5089120110217
78369132,1354.2284323365725
12074272,1334.926584498902
77297832,1758.7285023360187
91732264,1753.0709331881271
51116865,2109.1156428743748
81826443,1959.2855513019783
26192585,1498.5963553589431
72261842,1406.1376436786682
40619619,3156.1806201902264
89999631,1050.45781434959
10490133,1551.8803768883447
90054183,1072.5589740553542
62212383,2209.8913682244497
19863611,1734.579202947601
51025893,1253.494304282596
83280839,1095.8753995464149
53701664,2149.8898055044165
70474564,1865.1106275516395
52730115,1609.0265448990397
28945671,1430.5902129444796
76905104,2190.225245574161
60340609,1426.8860511167522
14262244,1329.379452655792
86114877,1787.2660342888157
24582504,1671.3328568238564
77544375,1445.773432038829
18212637,1580.938926406213
31107635,1258.4970253248302
73185236,1128.540359027031
73413665,716.0000499103597
31204532,1681.5223270483505
16646519,1297.4514278163235
59819313,1399.236485070899
58041963,1547.0875228940704
73177607,1530.8505605121225
65489959,1911.38592880154
53892134,1913.2190113282525
14638825,1835.122504336042
61652212,2277.375343744007
69208062,997.7599902560614
98205776,2926.335640494924
91953270,1644.9619677708188
95708788,1213.9648970611365
71079776,2080.740907527672
10948901,1388.1705872156583
79084173,1298.0209693120007
41410746,1416.9935072930843
50927968,2217.2191673502734
99511873,2173.301505538927
87562260,1377.971425994704
48098997,1585.6440427587602
77592143,1753.8444981306232
50298301,1272.9912078986638
95160336,1243.3268428183774
13581567,1184.3206759699679
76106706,2538.687822180453
53880590,1760.6885743696193
50270200,1908.5867298987896
13098948,2389.8534066408215
81835258,1176.7349399676423
14238786,1546.327358328
65288499,2209.403751957064
29149871,1781.9295162543633
39551396,1602.0590200145361
77375335,2080.098293488825
14384374,1384.139265984908
63368293,1708.9932161790396
25141477,1884.0189552082936
37822276,1392.374588750048
62473299,1762.2650034733933
90467887,1769.7839891526971
62270028,1765.5410685433349
62101686,1494.4198359684383
51642126,3011.0733424099
50281814,1813.3183234686846
34969698,2093.2964853099047
46962155,1887.8181633696531
17638609,1997.1615042499204
59977095,1038.6168497376832
75196820,2160.82021371401
65141041,1569.3963405436245
65986306,1971.5947241740253
99818911,1790.1125650285933
38328534,2270.4652350652154
31204739,1490.887922820765
53082885,1197.4999989754276
76244528,1319.9520433877092
46394887,2312.1085451539875
65939511,1647.3261607158665
96048217,1274.670329678198
60425489,1310.229073804863
69419323,1753.6187267073408
15008203,1663.0413157610753
70058997,966.7940009666444
44067940,2017.0221035486618
47031542,1674.8285363127393
28929546,1816.9735591331955
34548603,2032.1998982835703
36515676,1226.9793686015303
42765717,1580.6393666626286
60296558,1766.4439379411212
84332226,1593.8847833313837
76539663,1799.7460273654995
73504572,2499.634457430978
64646486,1846.288898041529
28262602,1568.5286457724224
74447096,1513.894175247641
23247586,1309.2659458059882
99044390,1402.3562696096167
66743385,1546.4388156414034
62841747,2336.6810076213337
98271312,1486.7843129358582
54969068,1876.090796312332
49548078,1751.8559648799587
47147429,2064.7081731026824
46113098,1478.8073769198365
52623517,1684.3606601908518
43618531,1903.9421349350534
54174309,1074.990091729893
21908078,1566.7502244584282
56753065,1427.071340907154
22723502,2705.0645231829412
88620530,1056.1942182109242
38560702,935.4014133418201
66126723,1162.7300199209733
24731893,2485.7402505417476
19472558,1349.1393564449163
44766250,1320.6481946380331
75919229,1464.142334070979
27459467,1762.3514821351307
85529275,1260.667978152386
88503537,1388.9731331425178
66147417,1595.333234674599
53916103,1580.577739002898
65299077,2154.4982048735765
82070950,1138.2731227764748
69058105,1296.4451036549417
89985793,1879.775196574194
38430174,1694.1592497089573
24884771,1220.7767241788679
37414962,1856.3822465896908
35739187,1326.0388374350737
52492779,1876.024606869724
70409358,1775.0176645825857
38452011,1522.4785187725977
43879270,1093.8963154217104
70351120,1660.411309980588
47671157,911.3924051262201
60667365,1381.134359620104
85223481,3346.2857592718897
83739939,1727.2771758722001
36389934,1486.2337349374016
84194560,1393.8088616887046
66937745,1831.7994768731053
82520946,1676.5697276984624
52339932,1155.8499598303931
19641281,2089.6977341627808
69795343,1874.0507358028576
99135350,2767.6658021975436
27549583,2114.6967152810907
94476832,1217.321923323931
58221865,1923.5026174812508
25319395,2032.4777165676276
74970303,1472.751615551118
10305170,1143.2979843844405
82291258,977.9437462291709
81383048,2220.823917384701
79987158,1327.4182128483908
13533229,2125.079553732964
40426833,1841.4380168670205
79077516,1358.2901053656294
49738320,1406.9020167489937
51126693,1903.400961488553
52635836,1894.0954545885074
46715477,1565.6295169569148
82258908,1904.5253556544242
56878285,1858.1555834320873
19130210,1684.9584026199266
92849186,1817.9224811578413
24338810,1806.91261697561
24758650,2234.7294783339335
70913184,1867.2876173452726
37987399,1389.7086087053829
74913796,1337.5461759171908
17667485,1644.5395253814202
64222955,1116.4351013715698
96958008,1563.4723388389825
10416049,1773.4277333407333
60398901,1100.277460067046
24738469,1826.1317615683088
50592747,1903.3052574113613
96289055,1105.818636285417
38420705,1307.0322059381842
93968498,2318.0611391011275
79579077,1047.8818014557635
66828068,1701.7682632886983
96166759,1865.573137152754
32805078,1363.997694063227
96021280,1589.8811561277719
73914137,1256.6717819608386
38819078,1529.6603053354045
26837951,1304.5623352185255
86644106,1503.5224896024556
55183461,737.6032731466358
52422099,1032.6702649014587
83190904,1522.8541008446232
80939883,2007.2080446981734
12388368,1462.411667539634
15537990,1327.76175418249
52619092,1705.6091783615614
14251589,1931.7147960278867
78390765,1536.7165402351293
43497859,1963.5811385438155
18381852,1663.8178024820581
53390528,1339.2522515713113
32023086,2097.519109738605
55881129,2079.9260357354015
56955427,1828.4280782826602
78797526,1239.4101462471333
81441605,1882.5548816413516
49418138,2545.3699270060274
16343356,1652.3349507847051
50953620,1061.1484124755257
80530984,1528.5210987976493
92363214,1312.051183301917
11505021,1037.7174654560672
10464949,1904.8650799374564
40174242,1280.9588020321567
46922794,1175.8832085925742
31165878,1728.872585812799
92160351,1780.644206966264
97225599,1397.1764837637936
57289385,799.0824622400795
10490505,1403.6716633472035
40593414,1540.089739834556
69535718,2148.0604309017817
29927353,1357.0158779764433
65834728,1357.9700949252165
77297694,1208.8330753435084
20453767,2123.4995941007983
38742201,1904.0588432861782
44178016,3564.40700880938
26155961,1372.9962495439117
85037563,1445.7698511397343
13481675,2168.820705278659
32710978,1982.037797442496
42008191,1491.686946098193
13117186,1518.6321826565268
32427009,1513.2420456425823
77926757,1597.866054933206
11233435,2120.036423784016
16522541,1381.4025088508465
63770815,2067.396515111706
77164558,1450.1436090809361
74405387,2221.4165931866246
74698287,1461.1240018352394
90725998,1806.2461158728934
24204802,852.113087897769
89034765,1948.4481565804715
34875172,1419.9631579338236
74411316,2390.0890586879336
81157871,1029.3078169542391
44232316,1800.3167773285684
48083558,1785.378090017333
75280463,2432.132333680852
11329117,1911.0874862102255
67082756,1444.5983280262221
11237434,1234.6835413694703
69921139,1403.6931447792279
68448780,930.0217085810837
77761059,1564.6613669070978
29006434,1574.6054756481567
30190038,1646.2413754651222
28376932,1755.7647555727865
39355382,1436.466655500551
42494595,1706.4935980409418
16756651,1416.6006007230287
78115658,1454.942958948367
27261411,1828.6885594754053
71919180,1714.1507615577266
99090920,1529.461667127597
64351618,1819.772230758258
88658759,1238.5858145388063
14195927,1657.938801171658
63820196,1996.1952438304543
23866225,1773.8552724781139
50484100,1939.0029324112331
98406048,2003.7928719265192
64139858,1588.3090071692316
93302980,1494.8105988766847
62155483,1793.661134196223
69791340,1803.1801512677687
19631546,1206.473829040929
26192431,1917.971567373647
68268852,1193.2767007855887
14862183,947.1592487748585
50141937,1292.967571342511
85256282,1238.2665452392332
11027564,1772.4353072287668
51577553,1716.4885704137089
77132573,2137.670834829895
55254268,2716.958654043924
25529214,1455.7657638128267
89287048,1344.8209284204563
23253967,1300.9893199835712
22644692,3479.8606909848604
32245140,1259.1009306917915
82072504,1530.6326376242107
34678460,1373.0971206233635
55373081,1657.1446130658119
12138481,1552.1549448744174
23632970,1809.1101660675604
44285474,1180.0542951268458
88075177,2059.44671951339
13117787,1601.3575652413936
14797111,1458.8799242639539
28697695,1999.394393136855
34748486,1621.673139612797
30506810,1467.039396421233
57410372,1928.8950085901304
28776122,1149.1587282116666
18346451,1655.4380535593518
29932007,1519.1030055314168
82654800,2137.1705092886637
67038086,2081.371709215494
95282943,2018.4925631964225
90723621,1541.2624378072926
37760202,1661.861023768024
97077656,1639.705146964351
67823833,1096.6131347031292
25222231,1826.8232149386024
63451552,2236.1770126914694
66552053,1789.5717541180056
83488554,1495.7268624499509
24886655,1791.4912383072638
83798512,1161.4816169001488
46152763,1085.3735465586078
96015866,2339.788070407232
51731151,861.0315259613969
34899750,1740.7284596242043
55529926,1421.8451385819137
95405536,1260.5916208152944
29288544,1494.117127768907
50076589,1428.7408552664353
37886285,1449.882930307148
69818934,1805.3719347411138
13957412,1372.7896562639933
27493225,1971.9484129620132
81186892,2116.535713915188
72734336,1017.7245284294587
20148129,3788.9825602735746
23391747,1090.6201802531202
45833590,1225.9099778072366
85777842,2624.103923685187
92975129,2273.9035997514447
33382289,2610.3640647468283
95953281,1304.9752192269543
60074802,1940.1233755532496
23912733,2210.7949966109145
31346779,1505.513900129701
25605125,1619.828901046526
96288207,765.7028627005386
44535745,1569.4053746646894
16008313,1598.4811458691793
91365542,1220.2060749381599
67385764,1068.5797666321541
31465116,1771.3754211555315
99474816,1306.5731785302016
26141909,1575.6625107728983
72548314,1716.6988515301387
39043955,2191.4791035539765
55963655,1336.0604987892127
54632315,1783.6673979448628
48726285,2071.4692686685626
76251227,1792.199203971765
83562410,1402.6021778261072
93775374,1514.7628675765657
21446329,1506.2237004971132
37345001,1550.9761404251453
49628614,1425.9351415233443
35767914,1606.2046888977961
10876536,1258.7293750227625
47339936,1262.420750064108
89347542,1833.417672282866
22457603,1801.1861628001184
77199929,1422.0569013923928
46378399,1676.8910630096143
70602262,1573.8425109588281
54666534,1726.865805384587
56421405,1598.1648012677017
97652177,1660.0314188528152
15442637,1523.8485149614178
92360497,1765.789850019148
16847908,1720.7258428220896
14220385,799.1191954198819
25905603,1216.153861698693
58331647,1148.9469038288357
22292196,1839.119715680666
37237832,1287.4677534816483
33009500,1057.3654693398116
12533428,1451.2174969781317
46939545,1885.1254210204397
41868505,2373.006248816223
75616535,1840.4460177895496
73878512,1601.535957242564
67270933,910.8402487776166
98281662,1151.7142015318022
66553316,1257.93042538687
34303551,1698.057900528651
82645628,1128.2591035653707
57257821,1907.2169058199809
21288888,1814.418267464698
85963653,1299.0393006997192
47876249,1087.1445224631486
21439489,1194.0787616203113
52566254,2301.9379450945817
57084214,998.7382413088508
16925768,1312.6619663611896
32782035,1841.2995951911162
31791186,1269.879089009458
62797819,1686.7043055646495
35384978,1359.9862045503514
21945105,2025.3112651457466
81557774,2217.18271830101
85407739,1429.9781141397764
86085126,2139.9005480952114
95296354,1438.6602833558047
90881439,1588.172643836821
30757344,1832.394047044088
48457713,1520.2558290864258
89571542,1598.7001486076672
94067050,1334.1240890989295
48271561,1573.470962423862
69357732,1352.2362082929321
86325273,1108.2545861597862
18152649,1581.9393268883748
33899410,1770.1077957823509
22781669,1547.8456331941993
17283281,1175.3203359796325
51785872,1485.7404429167273
33104833,1963.1577028350516
91682435,1314.125751323031
70713314,1585.4053846748693
13110268,1107.2380699092098
34642793,1386.249045828019
41694899,2278.883042254206
86278349,1023.3307480162266
11717089,1182.6450503628148
59185456,1244.6124307455293
59344396,1006.754954833173
89922228,1655.962166651568
62027210,2244.5471302158776
98523447,2340.0480844934536
77330146,1995.7097031617861
78386939,1758.821594527073
66831282,2085.3820729236027
17596778,1512.5971717655123
72290481,1198.7706866171327
31606355,1196.2590159488093
72940683,1272.7933922927589
24736121,1330.2094427121226
47814214,1692.144224063299
39410982,2360.8120643231778
44151940,1639.055609198092
65594908,1460.8346259929783
79125454,1204.1514389203223
50322107,1497.4640633781269
76200003,2263.669429046268
85059302,1067.5652183279626
95450721,1702.3992504859043
93253826,2069.2154240937407
19723778,1069.499178432601
35980406,1522.579937667683
67285479,1327.5742950909073
68864075,1673.6036286374272
37422791,2172.5813114349717
73798025,2106.1179650597337
97232135,1567.1991855902074
50064513,1503.0288509814332
75638682,1186.647271697034
41937405,1593.3865909893707
18443662,1503.774606350689
68899727,1972.3717013734708
18388313,1844.2741099786872
69521945,1412.7726327910846
31596715,2393.5042771225794
78472605,1807.5252399481085
12713963,945.8399163795983
46768823,1344.702345794991
27538097,1194.0748499635201
89955366,1634.601028259321
94081889,1167.0188682545886
65214899,1369.4929066190828
95205973,2024.05843917021
83140994,1488.7103118330353
69014391,1836.143042174073
66919280,1267.0820692652846
86299194,1800.6048613043179
14394397,1443.122362655967
88465251,1911.524990731193
82447513,2539.4823545245317
90676745,1355.9949803918694
61229086,1427.2855651636678
30557316,1138.5360250415495
48578361,1755.1109218583304
29085329,1788.6907864721934
99539415,2711.0098526231777
33750162,1626.6383750562402
51880900,1739.9889629718184
81942693,1385.9597400834284
44828087,1378.0234490897908
80752087,1410.468104337401
99218652,2936.7830721276027
37433425,1079.6910230631838
39115683,1613.0181516464081
26601986,1366.4369686431469
50469308,1253.1767494236963
69872975,1142.5546492603912
18483245,2341.640307098998
12588982,1435.3872415900776
79454705,1086.730707693266
76523232,1279.1469952469865
96131595,1968.261483397588
99680250,1359.5375769589873
82622915,1405.446188715235
11290284,2666.2361435287157
80057162,1526.572976159473
72165316,2258.433936922189
79751433,1273.949547388399
33215554,2747.0691979553117
42852506,1328.9742527251365
56093872,1379.6461139748794
64167041,1495.87245124837
83380458,2216.4888819337216
32651438,1446.2431390660984
38364846,1531.809357853809
74621857,980.972970217255
62748794,1860.1493181788537
71435421,2071.273222874545
76163868,1803.847585266344
14677956,1048.2822116964564
48283664,1235.087481223045
93787027,1355.5485623541167
75353617,1337.033618348554
44130726,1797.1880324364672
75634285,1698.1111283903617
27969925,1521.637195542384
34662422,1273.2958433788958
46428766,1044.1773900148776
40279741,1775.4607426429022
58991338,1731.4515386932396
52295288,1219.9117821667505
25429358,1304.3911960150765
91223525,1495.4300759993823
80429592,1467.6661595571798
36010937,1171.1860542892998
61652867,2036.826857939583
34655678,1243.8053758416834
32281319,1253.310214274185
74717544,1009.289053096706
81780208,1219.6693928836348
74117270,2134.3027356530497
94663011,1758.7347948383333
18715534,1795.9658927728674
89926226,1468.8209236749572
31441075,2041.7407668024946
85656066,2349.4555631784037
63154501,1480.4472265114493
56954947,2109.1205169471154
35193891,1730.8073855855498
68045567,2148.3362981555388
75523548,1875.845588154037
80044768,1341.3458007194315
80565568,1529.7954074971701
58680458,1313.3562581135266
93434632,1404.77650144367
38164915,2029.0022749362847
39561694,1596.2511798155494
23940974,2004.5521025695132
66689621,1777.584905885861
91586014,2950.6473193643083
68610549,1871.9934552694042
44648566,1683.2441266402086
68443861,2625.23271677275
95300751,1424.1588263009398
74650313,1466.785723401553
78190939,1838.839027806303
79583687,1477.494164110029
78744133,1431.4418214446187
19424377,1108.173380484184
74426958,2296.6103840871438
30714675,2114.796776160636
20297631,2530.0851758971135
62326689,1830.0954587266458
72851226,2041.2232786351526
94924877,1718.4841088566534
39912297,2007.650916627218
50554145,1088.4703345071773
51964385,1225.0160414595043
91524053,3117.1175387923317
67059408,1053.0594553043936
13707505,1846.5737603673629
96336923,2309.806896814653
18937921,1301.8203708479089
23247466,1950.6645229660921
20718626,1239.3399533122977
62001591,2636.3296799753675
32183930,1885.9640330877419
29520078,3342.5864419482427
20246948,1598.8343835835576
12865925,718.5042724245507
75414040,1694.2678701932296
29805887,1873.4926107934282
91828173,1408.932264220291
92911827,1868.9740770508004
21259879,2240.792028083543
27730704,1106.050152446577
10805384,2577.1081551197653
28772124,1460.5174569564804
67895243,2211.69622452777
70282510,1849.4825140761398
76926492,1396.7855130775974
56029416,2886.3429392706635
42166025,2248.688800806544
88855559,1621.2783847356127
71679738,1293.4202617792366
95011645,1252.052465503714
23391388,1373.8457042696766
97276431,2015.9860875111835
78499453,1908.2939822922115
50845143,1646.2183835421129
63593365,1690.504188837134
44645094,1398.5682870510727
92805008,1489.743003914138
95966284,891.8974621754838
86968525,2041.839944437965
35459557,2979.4181158652405
16959595,1847.2163914946923
66852864,2349.4239707653796
64976874,1233.057972877849
90803282,1926.8654422356262
32597480,1408.5210854855652
22525205,1344.9474016116478
18357388,1559.3346020769518
55224009,1430.043155700964
12066751,1416.8707415366455
51600054,2440.131581245631
33097870,1923.741066354783
44165189,1764.791084179845
92174554,1767.6160559353912
75685484,1761.5836867816922
79648156,1090.3669332057536
34473914,2265.500983089707
42069298,1114.899423334763
24749467,1300.0937933544415
37024144,1711.0119837984519
53463208,1552.9023450492477
61035399,1230.4698593100616
92975059,1101.843110452368
16258293,818.0864025933804
80353068,1178.2826836293748
69637564,1513.0305704828772
60889557,1770.5189584924865
45682120,1518.1878739778235
62566155,1586.864872807188
86829598,1333.2054089405347
77516810,1709.8329413970528
32602883,1539.466402197136
99658649,1695.0043095765411
98115366,1607.3793366290683
40551984,2173.5680391746473
89171680,1679.9417390966398
78104461,1308.8224379291835
80805720,1847.314037487355
44701781,1368.7330623301275
32357693,1330.715001104977
16257080,1982.5575461932588
63758432,1574.5430054520048
86560064,1269.8076169965652
76704426,1407.8237028007466
29021087,1885.3543316996795
30903210,2301.0509170817363
59650055,2050.1638287844416
16537007,2450.0772295389033
44043751,1373.11314966734
93550246,1211.7881120876896
74795536,2041.969366127977
36252893,1679.5449420535188
60712266,2248.351364304968
54795015,1850.819529614593
59038432,897.9086670604294
53101267,1307.4251310995678
96137757,2512.90785987793
61894184,2168.98297235874
56980533,1425.5404686784527
40911725,1044.679063819542
78253728,2051.5465496958946
46517280,1033.3498482890957
98578100,1710.4052296771392
92998542,1257.0079877972169
85778453,1463.5107652290603
67897199,1360.7390033951556
37385434,1432.1434047535363
29978687,1026.5701551577251
63462293,1773.3187328004815
82610119,1564.607529822897
11195863,1816.130942214478
22813157,1577.7213190612622
16061850,1617.7094397843703
25000757,1380.2904732095326
23839386,955.4782238486675
62901003,1895.0564148796338
85332734,1928.1441427962152
41185457,1960.1096127335795
32349244,1354.5784695962257
75213525,1971.8231513041326
24267861,1204.400380746965
80759464,1836.183094358759
38052934,1517.953357996359
36983078,2376.3113794400197
48438532,1188.7984730831045
98811621,3048.5847143797114
41602835,1301.1555764810587
79191702,1537.2940732765478
91526426,1447.6947355025584
12436955,1453.1449054058035
35460655,1030.6930310264768
24893618,1363.251075619757
12318894,1084.9870480062236
75385870,1769.640315691001
24016887,1769.0527623776527
93798376,1467.9281147981433
10041197,2043.4967353772975
44196192,1028.9154064313552
34259961,1942.56612265757
79360399,1503.5426654562475
90648365,1849.4302968972368
32784142,1281.5259883053043
88014206,1851.2531100900594
47541115,1933.5678815808797
81087277,1469.3611129557694
99414879,1393.181925226632
96312378,2030.989110553665
45292998,1743.8068602443673
62464969,1151.241714976783
89056154,1689.860615414953
43815757,1290.1676100511845
36326737,1149.7217818356203
66733240,1196.3445404818672
82154113,1107.3695761388876
75774127,1333.823019652465
99633023,1915.0475329957324
54243966,1549.2563220877937
21507777,1414.3389766698199
89526022,1242.527223308251
35342783,1593.7328708637867
75576574,1651.3133676519103
86207238,1681.0057062246176
11999604,1240.542448971683
64241630,1187.58766840768
49681885,1426.5178275278859
20476163,2162.088694938216
82534020,1378.2701631378159
80449403,1427.5643633104
91978419,1448.3401156335028
13134274,1799.5451758298225
30921031,1217.3408274440008
35948510,1112.9118429415187
37862013,1084.0070518613338
74364264,1680.477111636424
73089121,1654.0924654629987
71120219,2031.681253657076
81357330,1623.9032876325666
86696339,1742.0197053685256
32694372,1225.7725040011333
86397240,2653.671275682955
75410743,1767.291864446828
54107967,1629.975073227355
53182244,1271.418747700689
84949062,2226.832083151473
17578514,1491.8964733275984
66553240,708.7908804395155
78244783,1133.2871643166495
85750494,1462.0652132211912
26835204,1367.262989557425
25568634,1648.4169653727408
62833472,2132.5020075910984
89441409,1930.9397402735758
30957350,1019.8731971939949
83492659,1096.5504081092913
14123667,1530.2688918802414
81332426,1308.9781660047083
75963486,1420.105613257852
97473965,1873.6337237864743
52550411,1058.6764834517737
38852859,1032.67642822229
86945814,1777.6598622506692
99213841,1979.4842836811326
93296884,1794.9853177935934
74681265,1336.6782205890383
67628381,1970.4522564666113
53194004,1939.8362199311573
79129949,1310.2861451024041
21417992,1570.165847494472
65584374,2061.8798382188725
83994457,2599.3691601969267
79552394,1238.2374861563292
14169455,3732.3089951546644
11006346,1657.6399539284928
55920445,938.7300612416528
42183979,1786.0156067339126
27236753,1969.5894069453727
38623845,1052.5286189783312
56539617,1478.3070605705489
89514584,1151.203274375624
55800655,1424.0287492104046
95341263,1543.456276107332
90170967,1214.1052888887825
25603899,1747.190715512296
80752063,2133.8484715746704
74272993,2150.0395715067493
83204984,1397.7374210378903
56041749,1964.2533939181953
99929710,1495.2808485415874
24093076,1286.3464084392942
76171771,1606.290934792175
87313105,1918.4536017566943
13150529,1817.5023293262855
85314779,1955.39664796238
23218937,1600.9293434158851
15797769,1331.2678798416596
18451890,1216.0979137023821
23712138,1364.1003541064024
40201741,1501.7161471606114
74044702,2046.7823020184694
91758728,1582.8436103389868
41605529,1617.4731611118848
30345669,1520.0558562345975
72490311,1528.0054865483291
11341429,1564.6875929074724
86562367,1551.7590732893818
65741146,2384.4171657751995
28059650,1630.9323351892954
36854120,1402.746661367225
70514815,1613.4839438934982
28991223,1941.9802318045674
34210782,1859.9392122252702
97420540,1718.9580350732542
53582966,1843.8395831936139
25471995,1367.1431437253602
40521306,1545.800976013767
18442744,1772.6632276048035
86475933,1889.4277143361287
35156621,2044.7824723022632
92398280,1589.3640372096554
64419847,1652.3841204821513
27879667,1849.033876308083
33454324,2095.0153167138715
78234554,1346.5239915122643
37295459,981.8266347174382
76464828,2156.1339899004447
89898019,2576.820098360772
94459827,1867.3163912531686
30672049,1824.1601978414155
93226295,2078.3453918768114
66733496,1120.5216203900156
24799537,1740.0790144774035
30909458,1413.058639948907
20815913,1578.5236034495404
77231006,1115.9721397277322
63770561,1310.5155816587924
61281100,1960.1023975124042
25443496,1030.0009888037953
90941407,1214.8505545164141
85217471,1912.588605674974
11330523,1530.0620510689068
60135515,1421.8584556259848
96537329,1700.703617927424
89713236,1591.4403389746287
87856838,1938.70588875099
68427758,2378.348886848517
35697471,1524.6774623410952
30758105,1857.1361544700576
66828597,1340.4580812738955
64179941,2592.814438027954
57531913,1616.0621642762867
82276369,1695.575644505569
33117908,2219.3753856875933
23807930,1764.4291238226624
58313771,1417.3435679508361
86361973,1451.9447455080258
54136725,1201.2536817779392
80609057,2044.9510373351666
23386046,704.6963632399862
88923790,1441.1293615032519
50739054,1504.7298495036277
85701835,2718.1744464970593
11164690,2189.807437957871
60686704,1437.889488156556
56500955,1334.547717118667
92377094,1216.4524166124027
27377686,1237.4445800932165
14820376,1400.8136823618904
24454653,1953.186711533776
49068691,1501.2411219362327
68870887,1678.6891355120958
40404763,1596.394018024486
53993271,1604.359535438565
76624283,1535.867341070847
84681113,1515.4188021457805
39182711,1422.3171611999185
99418549,1588.8975166361586
54009403,1083.3805343606894
15732665,1383.2569977610692
21105712,1772.4360223006222
76841454,1262.4432259166783
77456803,1397.278315269663
94681649,1837.2325347362264
42127705,852.4493855052114
86327920,2004.173182608441
49706768,2285.1633687005224
47210863,1922.4268933546596
98862874,1056.7925527430175
80625113,1600.4967991095377
13147967,1415.6366464546686
79644262,1993.9662708013695
40821766,1202.1481092474532
38964351,1503.374159165619
80037468,1728.6717210099284
10709528,1382.330182591051
14006566,2687.907151741663
84355937,1120.0875321455621
68139676,2447.6240809426326
51613745,1483.7271335842072
77042505,1840.4528642085588
35307179,2347.616588365545
43137990,1392.5907062735191
60366178,2072.3003207707593
28449137,1679.6117192224333
54714633,1171.9426336029492
86469326,1345.5235225800561
81392986,1860.8706942838503
94816275,1380.9626786725516
20992851,2209.7190031326522
33220037,1948.4434607285557
52922027,2137.1907858541304
70522751,1860.3493898282056
35179027,1667.6350399263135
11006610,1389.429332286344
97027045,1495.330073493366
60842426,1530.9046296856752
37962781,1706.1846449074387
57446778,1343.212494073522
46803142,1772.5730710215105
96412152,1416.6778387072939
41948607,1428.2467533120941
30401183,2330.0372291161802
82446721,1459.6381543011375
98640166,2385.669495588501
16426411,1449.9577008851256
40919986,1954.5300024228795
34959842,1417.948401572794
76545890,3263.4465603719714
38671669,1873.421789442266
74577885,1793.3187713298737
77894868,1464.866715580988
44132106,1337.540166909768
13303745,1081.029331503582
82202428,1094.8202393574454
69359286,1752.5070480102402
49249118,1789.8200652390424
65186472,1897.36111015878
86728284,1268.0083102620263
89113200,1823.4556323508116
64085288,1259.1996341268896
83095293,1783.7071262478532
55834975,1743.5211279697587
12408851,1557.4039631228359
45102161,1517.8380076063154
21425066,1243.9709766447727
49253416,907.2913165941865
91720337,1922.1379297674744
38125202,1464.0118482750552
76716879,1570.4773495156248
75093314,1083.6544590992971
94720863,1285.510892237527
69306868,1460.1571328819307
78783123,1745.280422280877
31503266,1403.8257476667056
51221256,1396.1958136997962
36978860,2175.259307112797
77102844,950.1381948051304
85218856,1601.8430286464866
64674000,1576.1243088715478
71928536,1527.1571694149773
71632516,1581.7913245484176
44645677,1595.4510597831982
27089889,1939.2865354579028
85001254,1998.6629904914837
80789294,1490.2962037071297
94921905,2199.4934815161187
87557595,1614.5641368244098
27812172,1126.4552201857953
70326518,1857.7268696037902
76820242,1334.0591809310822
37798149,1546.9894205931137
95689974,1455.6924225667153
86698149,1582.4971419015278
82332389,1461.6055916209507
38769988,1138.6673084614313
62104171,1381.3697978108835
20008764,1339.163704869775
88250848,1037.1284008337989
99989436,1819.444244491174
20654244,1509.9747125908973
63645129,1494.9521669502458
66237213,1243.7602546380037
89366030,1704.5175122111445
43885604,2817.9941450440892
20777495,1821.1909862606453
17630232,1765.5221295633185
41034819,2073.23046511842
30863558,1519.7510899649697
30990096,1532.8983339122376
14528263,1141.3530885718765
38046616,1897.6672179550833
21720690,2123.022169895875
41971276,1258.249449983279
81966182,1496.5788384373366
81876034,1262.7424578495888
23233042,1262.0604346074113
59959368,2357.866424160986
25429816,2057.4872829174997
40884180,1407.2766858069965
88955672,1523.571015579592
43077536,1700.9117542341176
22541133,800.4465371146854
98515757,1925.492182856996
96170890,1565.0444256686594
33994765,1321.3328073135149
91089578,1776.349831829572
38840418,1770.2277376935847
92439017,1346.1857089712857
30192634,1704.988659435395
30769461,1397.4126321943675
80205723,1399.2161307275912
55131937,1909.8001813786607
29185681,2943.242130089512
80773149,1326.704897422363
84757256,1297.4817799781638
81505232,1380.77645608028
57555020,939.0424040745175
70106520,1429.163187623723
43240131,1717.6913619919235
57158414,3109.21292854136
63966023,2256.1888231723765
46075950,2239.21675720868
47516649,2115.9942076110046
57203804,1635.3557534003298
99285503,1442.6616983859608
23511969,1116.46606867651
78376646,2198.871653475529
48884000,1402.912069709022
98727752,1266.7729433927525
82907215,1896.1724064146097
72719170,1455.2747798936575
39149918,1382.6819427688679
85435767,1529.211100747774
54111802,1967.6305182974706
92599919,1290.3728568907472
24226064,1655.8955349486625
96829833,2224.221492996974
27301621,1345.6972838451868
15887246,866.8770297269527
51726302,1137.8643971394902
51260265,1716.509481859528
45934883,1569.156758634731
97289930,1748.7955362108708
42847093,1175.2509442215614
13695159,1223.7265438400502
21664737,1326.0836541519973
72162540,1323.3182814476747
45972276,2044.415335690551
71222059,1646.3678844211317
18901787,1302.5881151574295
64794868,1445.9427352899959
96040179,1263.6063417889422
43891507,2179.4065003237365
94649367,1327.3178723109586
85490151,1005.6015174166329
51948440,1127.3265644592088
44237958,1061.6134738972294
97658202,1320.361212994576
77699657,1135.658628230974
23252427,1593.2045982877548
10697423,1479.7669068757498
99095154,1715.5571258350756
86344123,1564.222148249472
32740825,3006.769129117928
39699187,1529.1895939681397
79334316,1333.8070144601058
13862142,2244.7225142449443
95022546,1337.6075642633518
85671131,1553.9814352069507
13946093,1327.0471918150379
71911642,1627.8040470593662
74557358,1694.2400488504331
76424216,1759.2432291867933
60569056,1223.0560436656324
21429356,1645.0155876135452
37147011,1224.492003334603
22363795,1089.1093559894387
22711721,1045.381162561796
32781826,1639.9584711466196
79919377,1535.8192611941884
95950869,1105.1401232620617
67975454,2004.8372617016507
61846310,2053.163374782387
47190136,1498.1340223055606
72140487,1753.4821695684573
33356353,1654.63148734232
57558815,1641.770270866269
85765913,1875.3637552837388
67405346,1343.4786324876825
47178751,999.4317032043479
92743619,1341.974572899292
67809997,1675.5510721580818
95649734,1662.482013322597
35761786,1705.8203843076467
20333506,1050.2937634014934
39856656,1794.8227563601351
80659941,2004.3537174931926
72539676,1163.1642696962665
34808508,1559.337978347075
18684795,2098.666305391067
60926773,821.4360513963618
25343604,1582.1584603762722
85280076,1328.1037102666037
51516725,814.4781976006462
54359603,1807.9644703067333
65763192,1847.9744322458102
53926540,1246.1891082109169
77237054,2311.1931532903345
75498756,1821.3017470145671
99166662,1130.516087941705
72410551,1204.2428572530127
82923327,1278.813661924857
46066488,1447.2506008578937
33059137,2087.927538585224
51480279,1287.1762518464097
19373977,1427.9208694570782
90715980,1271.374591992509
56492794,1371.1131101822916
46037369,1298.71854477115
22743995,930.3722299644991
42553042,1305.919663512927
36975311,2056.481346991054
75351486,1210.058222698041
30981897,1711.6136626503628
35580501,1880.292813901216
40483549,1157.7304886247152
64819235,1568.8588863686912
26688957,1615.183278378362
94904538,1677.3806212434997
46754012,1644.9084603812025
36796857,2004.6416629690855
28461943,1892.924090894683
14026453,1474.1456727615525
69053024,1708.1531087404323
32733126,1874.533950847846
40931025,1636.0595840997912
19427950,1682.273067478426
84597120,1191.9519647042785
18811334,1324.8333010024883
78324699,1616.2013457339854
77953974,2067.7840066506346
27862041,2367.6984200583097
37247191,1517.3056035685433
25562317,1877.6732212677389
73172608,2475.081731787629
33104896,2129.7811490010245
82319650,1742.4501590035752
21799452,1482.2304671917552
64888946,1890.4225439455245
97264595,1897.6739469846932
10429454,1146.9921557913942
61575325,1283.4048222704262
56897257,1516.025599021496
37059519,2361.535718813957
52110520,2719.086690238791
81197632,1843.080112152507
78041929,1521.3926270378352
62481600,2993.993058806284
79068390,1217.8533278669938
35652591,1409.1707372044832
39694436,2262.0432545289027
95898355,1699.107931296037
80006639,1962.5492543476348
53958546,1092.8679058069226
58986255,1068.0085328922985
35034634,1980.5803910920984
21845497,1910.4755948596237
40578913,1377.2699707175452
52684708,639.0235047797748
89834641,1582.0751599747714
65511611,1043.8331064758866
65731676,2019.97861243442
83770991,1559.1567222431397
56280602,1402.0349448446057
44140498,1715.0901808569668
52748496,1955.5031567964822
76136540,1352.3169053399442
35483441,1248.4991730697363
25193108,1796.6575888043012
27434478,3880.117794424937
84357441,1744.8645920237184
70840263,1613.076932660754
45633382,1856.9663174857465
68317032,1868.651311666398
73465107,1285.8288571869177
24929921,2040.8456365701402
87300428,1973.9236367011467
69871020,1332.6751782401175
23755175,1253.2426350256064
91971062,2901.1094124897045
74483617,1249.0002578928913
89642342,1352.470440552259
33276861,2321.911840154955
18861332,1350.1590114621947
77211245,2032.6361287541904
52041127,951.719381011088
95864050,1425.322529893428
82528777,1827.4038260802376
62702832,2839.1087213943656
24146181,2074.8444566109156
90263367,1644.1938781994259
47033948,1353.9307446267424
97856612,1855.1321850647964
73014333,1342.3472987880957
46731094,1337.7666894685226
15781171,1321.4803409996205
51156245,1712.1125629587425
85958922,1033.374940366233
52550761,1138.7448894767676
15567593,1630.38337185158
50279318,991.1487602172541
88796422,1108.6418876458752
66724358,1239.2518040038892
51443999,1710.825749312982
32661637,1440.9183404443954
12999579,1287.6187922307
32460111,2136.179662148265
70354263,1721.444734672694
99768418,1525.6137181190413
93597400,1744.9581720309232
42968448,1034.266151611775
11447851,1622.3530995675421
76146411,1732.9192334236538
86917958,1828.5722997629864
57526187,1995.4247683751003
71062405,1603.6426999597784
72847399,1533.0849767626103
54891075,2170.9426912929152
89841901,1795.5830541049597
90056417,1434.7621492254698
77892346,1146.4930904639473
31627402,1258.8512402656736
78864638,1395.6797911220542
16022883,2642.447681817543
21980955,1870.6017599456334
98291218,2216.9449881093155
37406677,1307.6418675044379
73253470,1347.0528595541352
80239984,2232.6109552970966
60323265,1964.1392194100306
93655248,1297.808374604298
58796215,815.1629012443183
94203496,1798.6980216932734
89472702,1541.544879594089
29142290,2142.9692196520855
71021568,1237.6513083421726
69197364,2203.693486776333
67499939,1976.2078518569563
51780875,2081.947522302049
46941857,1558.6969666776802
57911836,1377.1684296775995
38559875,1784.4020861037382
81398050,1736.6755306268415
75334315,2457.221619612359
59308610,1394.4182436451272
16247087,1876.9227046406547
43247285,1713.522624820577
45215633,1686.0889156272644
40481058,1788.4631852159423
40365284,2640.1481032259885
92836079,1587.1894692658032
70303716,1498.5424328924655
81749724,2816.5453889363007
41853820,2040.7189116899228
81440480,1701.6559345476342
84996580,1768.080900409193
35919442,1438.0171661772715
19046260,1962.8508606111398
90423631,2132.1002216977918
92961031,1828.1430204554317
89855372,1990.1954180242733
77816576,1933.090579540846
12194715,1483.563305671686
20115124,1974.8674676151147
73703358,1627.6108753327442
89792966,1719.9342174192873
43706254,1434.0668645441995
70266281,1587.240382359652
78529732,1608.5065922365616
31638825,2260.0665455353496
58167471,1931.0620307525612
93767960,1815.39630977971
55879589,2074.043686935331
67388602,1688.6896642770898
86008328,1334.160996959404
53844650,1317.7160244488657
86660948,1764.8301205630655
39941650,1319.8266792727861
44395757,1752.3422796670588
81989533,1465.355231735607
46504700,1287.5149850099701
39402032,1224.3042643579943
85919943,1107.9331315996299
80733130,2058.1175980714715
25189661,1534.1325555615215
14623666,1578.9390578388143
70848155,1685.1771565711797
68571484,1855.6281798193838
51228995,1422.7819130623297
49683485,1608.7738609935705
56036763,1520.2552948321904
32459332,1823.0240645096487
10860915,1395.7347983238487
43696664,1575.8153313603016
87941364,1699.9660630089932
76183083,1486.5848442843412
20966309,1802.7302205768667
37699108,1641.6502531433125
55952526,1172.398002630674
15616438,1565.0078031238588
86514240,1713.5277812078887
92945955,2376.906946370883
63145934,1780.8877878677197
58853662,1364.8200846200548
79304271,1467.6452145628011
24276255,1561.1089963517647
43245413,1581.5379223878392
59024690,3144.0948732775532
13551336,1829.3536201885493
44848614,1632.370562956484
61087377,1998.2890466437643
11885900,1520.421052222436
92535927,1224.4309513155856
21708152,1656.8612883621279
45352808,1254.369012668706
75624156,1434.4942574004742
32001265,1280.548943166653
20413825,1404.4299086920246
40305802,1611.0805806367005
61861688,1195.7028367337925
33441351,1517.5909317750854
30365812,1973.906418633616
43625038,1407.7594436407405
40659534,1320.539517534013
72885406,1535.2900698707983
55817366,948.1169226734569
78604997,1101.8067545355736
14364198,1429.598662993952
70814486,2581.7760496997234
71030650,1238.3015774942166
93257457,2258.517032912359
65515227,1185.4670635752332
23048185,1570.224213444438
64021401,1712.3229305207078
81601136,1267.622737585038
60464050,1524.9377953938251
62126832,1355.1033909999812
76122802,1497.6213483358167
68619547,1290.441132017579
69931017,1866.5411341017705
52039321,1397.5018453954947
96748453,1507.3242457401896
40650345,2166.8088357488937
94190496,1315.4223686194337
40034795,1989.5142778113204
16725203,880.9732948054701
37869032,1895.6293018764143
87784983,1400.641914795523
67445694,1342.3537623569032
44138052,2130.9943768559883
56359862,2079.312224241732
27113776,1748.0058132884237
73853459,1358.8844266844685
76284169,2500.8220132390607
42581373,1949.1520771532364
74617250,1217.2965032669088
29606632,1891.3210956811884
22328059,1672.9133148992128
94596005,2195.339602152964
73640300,1154.3945752712896
52511016,1469.1971005539635
63643579,765.3012321294536
73979691,1935.1763082897355
76806109,1076.3108387193017
67084872,1393.940344614666
94616960,1085.939728710082
44018639,1146.6431514451563
10369424,1950.4648053341825
19417264,2422.1895422931448
77137301,1554.7300016575446
33598935,2269.5204191638272
81379316,1779.4651047324735
67627945,1548.1866413489847
74067952,1121.4331909203163
54161507,1272.822734394468
55930611,1349.3268050811193
64919315,1957.9888714649023
92109871,1309.4423773507742
88653847,1381.9390323853518
50331596,2236.922786307225
68139580,1323.4617905002772
80241693,2566.5569833761656
74034028,1848.712532609012
22712040,1604.7835980163145
18212521,1431.4743627739508
60434302,1608.9339924426283
45427525,1165.3983991577738
95853311,1326.4788513741366
70857259,1794.4420990450726
81477083,2199.3736955597137
27723524,1960.8582789067325
25206032,1274.008166171844
12102381,2393.380481913814
72428170,1429.2276455666863
27672042,2141.4323432867295
77000429,1834.50511680186
95589605,2434.0634258891796
44647376,1771.5066464025647
21338536,1181.1090236763087
13820529,1655.3487977216473
24568041,2256.128337691331
90117191,1760.8992633248456
45800664,1592.6028957648348
13557339,1793.5079727202215
19087413,2337.5203507888755
11616417,2180.9123432030506
22015830,1469.734857385401
42617304,1222.9525323291032
72598754,1475.1791098014546
34839793,1413.8726150530392
77660297,1435.3161022737577
13706769,2707.9253057172414
71694094,1839.045308925435
26712974,1178.5205970265342
11161484,1422.6718742380751
92404281,1091.033823409318
29267516,1617.3801325599434
44574998,1583.8562039333192
66291057,1074.730435791121
13701175,1670.2543336389324
24177160,1864.7043336801764
81405301,1336.820980895848
11589439,972.4086291144162
17537269,1398.908471228525
98168887,1918.4525275150677
57508409,1907.451505854424
83408387,3187.4759661832923
43301435,2153.4177998845717
49258344,2395.9620732144026
98631322,1277.3611745721244
69659096,1787.9671693114967
99106028,1222.3152980326822
37856658,1949.7685684548646
42881579,1188.1637685302376
77859891,2608.429760227039
81041727,1140.4933149610345
47217829,2358.0735371818832
53083229,1549.5692827088158
79619006,2099.0191291256883
87897995,990.6448438453499
17964917,1122.7264973748688
80568888,1136.515903049296
43042929,1307.136885721775
62796073,1946.576213208788
61083401,2210.0303793035705
14141477,1448.8622119404022
68306110,1794.8568771906787
43708354,1766.4340632278963
73883907,4274.5746032960815
75966104,1887.0874740127
55672599,1307.9822962687344
14917596,1645.6381737578922
65294870,1785.4277113332587
14049454,1690.6870954576798
93295381,1670.2744930543258
27730907,1971.8952076448506
52543486,1580.0378135817728
79427440,1408.0370718938736
46627987,1916.1454776276157
63096372,2084.1384061525237
21047227,1505.7176751885434
94588817,1632.0886104004353
82925355,1632.605039071361
20239710,1449.7692541442177
66560522,1337.1875820857906
34394729,2363.50707815731
74199492,1414.7935451687144
59577067,1337.9075712067072
69919638,1374.304908422052
46718033,2271.2214322303075
84917912,1672.1457267107126
31599665,1217.88940708484
39056365,2604.3347280078233
48895978,1348.5931766097465
47094246,2005.4533266486078
19549587,1020.2647963884485
18563899,1863.9406792541045
81642903,1408.8518696080791
12095543,1485.9950602944327
67140026,2169.5175982784813
11054636,2075.66934494275
21698635,1888.9349631667772
23623849,1914.1027775579628
71392936,1609.8202025571331
83425325,1964.0206957984171
14553390,2337.6947135790588
70274030,1148.9278030606768
19402442,1215.384953830422
11041677,2520.5723498919683
77513563,1443.707056203553
87335721,2965.2060527812723
17466406,1409.1698090306613
11267365,1664.484989606765
89144675,1930.7819556126055
89338457,1368.8594473243106
87803439,2274.5330657264203
20104582,3421.70308514625
95781089,1214.0938331797195
66358482,1321.3811495815187
62863016,2424.024756459739
92557337,2621.925085115742
10876766,1296.0588623653146
70473205,2325.6147438762914
87569671,906.4530709402026
61139578,2652.2430480677535
53121878,1592.7359306680628
15430462,3335.9224995878412
67332796,1168.3606901296807
75641163,1740.438197434196
23552924,1392.3745136521109
56332291,1310.4556857160435
83472051,1665.9085470933383
73213649,1504.9558888298545
47802315,1647.2818915886335
42459098,1396.0921055075653
59654537,1797.9314197784493
49312825,2099.732526487103
80983900,1826.5162299009664
58178507,1297.9999992709743
50382416,1921.3436152875438
66073034,2012.0403327811873
43848284,1454.9101687171608
85092410,1561.1442742064842
22321014,2420.838838394129
31162245,1340.3255917053073
26802981,1163.9583888022933
89737386,1852.6203691383755
22704344,1593.0103029584172
56000373,1832.2868696805517
96310766,1155.6996101318316
70324095,1992.668180217716
86441629,1359.9056621973525
12514793,1330.4444483347315
89583392,1648.113928749757
36498032,2517.4468690731205
22072881,1124.236393628407
23992589,1080.8429610146072
25380807,1085.189000282004
30026993,2402.847194371833
65742850,1451.0548127010882
33236806,864.963769738687
64518820,2548.01242795057
42371713,1480.5198948175216
47924596,1905.8286454834322
55469978,1981.8601771324848
29356220,1254.1405804611438
98913649,1134.3349067678923
22201860,1864.8533617715748
17005574,1732.3197984128553
61767605,1824.1987963608108
63003964,1440.062802971483
52904792,1836.6225106437973
87014699,1724.2956139714456
60476269,1928.8240774160445
23374773,2394.982754460172
12887652,1681.693835133087
11366466,2291.1076057887403
62053080,1251.7806254314444
21354279,1319.4725151930352
58635346,2131.4526582838876
57475663,1587.8549651835833
44627129,1310.9890502830585
29419543,1568.3548354482848
47538164,3676.4634999004015
19854086,1667.404672673906
63381374,1719.2338087465746
55348437,2050.0654429011333
80254443,2074.138285855333
23105559,1646.6541024629682
25129271,1815.1922270047858
40257293,1779.223216423131
63509506,1166.880379881413
45432136,1604.9984693255024
19785631,1632.0278037188411
22859019,2563.19280460744
36147504,1331.7145003365822
54449509,1673.8817338734566
81205631,1623.5755860210047
98103632,1863.7507054703965
32691265,911.903786730139
72768344,1430.3029438651529
51890279,753.5900383024317
48043615,1442.853075387033
25374441,1341.71781407499
59962384,763.6301400620366
28910995,2259.510939411354
13141234,1555.6548226679972
50747063,983.5416871115285
55252279,1444.85678803756
52007426,2218.5913965225773
30847276,1558.3663686580078
62106368,2270.676613567959
60214573,1321.4670007253694
40002314,1724.6860786944226
32428356,1690.801789857062
53658343,2352.4246434700303
29161839,1697.6194851144207
46396012,1442.6802221836838
62360708,1878.46192891587
43297939,2024.11793362366
12562149,2182.641259139276
36028116,1689.796769281388
87330286,1724.1779997894091
88119407,1940.547164534829
26750897,2451.789365825152
49969361,1483.8737235516348
97204974,860.6384756386846
99702598,1946.3895008422662
52763802,1641.4918864266726
68901809,2029.7737776905133
39208673,1477.854208625572
54033485,1932.6955762136893
54497531,1588.3173721439582
53990991,1370.6484806575345
84489537,1273.4315665309218
35670801,1300.6352187126427
78791350,1265.6874414958197
20845184,930.2593805210281
13555027,1702.5622102642076
37646059,1928.7296220184517
76127874,1601.1776877318707
92134461,1594.487718324828
35770374,1915.0439559385634
71020209,1848.1505028586307
34171582,1581.326498112036
50654248,1331.984726791269
42458567,1500.4003356726716
19190057,1200.3951752423256
54080489,1226.7226931398652
68542535,1792.172271953281
45210646,2002.3570409157737
59714270,1502.295893286482
88185676,1247.7059105487322
71490260,1385.1891859915609
30639393,1199.7732619864264
82576353,1911.7843483033175
24335906,3358.959052209748
21049647,1260.026310640892
13781432,1275.9960284043493
86079138,1836.4692393275718
40000990,1606.9205073663572
73775201,2897.281721612344
35148701,1672.4442124383652
81596880,1386.5505277709372
94320273,1458.9172619091516
36438421,1832.2012135303057
53057217,1773.9237235936844
25248077,1267.9657089948432
73038169,1138.2640387630504
73258090,2212.161656583901
87336796,1611.5150252883363
78963426,1464.5480262637836
12232405,1655.3396767707557
86811261,2106.8412304240474
43165541,1089.5533815424783
83018865,1895.6875858082165
37762842,1530.6677207204743
65591705,1787.957336233625
67890361,1219.688223248671
94753186,1204.7117692634254
93051402,1413.9728013854892
18623638,1441.6164329563915
35256497,1352.9642021216132
79246585,2098.3404000067653
23762226,1324.6562926282172
67287814,2453.1823717826287
78864148,2318.803692691871
30658878,2175.9456839301656
97960066,1286.386380902302
19914732,2377.138812676393
23619037,2233.104159578433
27095793,1946.2408614991116
83667300,1253.1127297979076
76686009,2199.473613538815
79911388,1859.4216094411129
36038618,1601.5219303831134
91489166,1240.3299990833839
64088644,1760.3373379197315
10087238,1344.2240893885012
68403788,1418.1147389063763
95817054,2193.24868322009
57182933,2244.091693949266
83941537,1662.438731205905
86909159,1845.3261885201894
45478492,2613.4384176548815
84142111,2526.3751385559685
45223652,1414.9017593890358
15651868,1830.1994088761996
48952352,1226.044137553069
53380245,2140.8469502731596
56211427,1226.4702002775286
66961588,1178.736761183943
38567012,1011.9137853206345
74938615,1406.2589057891394
81147200,1627.3653747621229
74772897,1634.2533600192207
80316029,763.17800021291
76791795,1958.448696037618
95549661,1360.5915255973382
91524955,1956.7405133297837
93849275,1783.7199773717068
61885188,1945.340474720707
17120455,1134.325069263984
71403569,2023.7321242377297
57944962,1838.494853261404
72483844,1711.6883784919655
45141218,1701.4248018943647
47525065,1329.3237792805771
24379765,1223.5404721941832
91215387,2169.17450832056
39945150,1101.0378953388552
25481926,1721.8787124079765
72167432,1825.1195363524778
15652519,1123.622075472446
58079379,1063.8306282976232
81779274,1784.202712154394
11313638,1517.20813819073
82915596,1661.8417903359302
12551058,1696.6707608326358
69374139,1773.6602110591182
27490970,1533.6689013617538
28663701,1403.2234085319521
51901697,2278.386156567072
19964529,1946.206120635835
14203976,1937.3540991797547
86724526,1490.908296223332
46513661,2123.659780770582
42464585,1420.3500197122996
14360059,1394.506251835916
72181637,2305.5483036813334
78956787,1572.497583783505
30264496,1232.4476139583758
77227528,1566.6167013787074
50534372,1488.1620463985482
12187853,1804.353464260273
97814800,1559.079022010113
49704538,1570.3971597864188
31844965,2441.057679892114
89449307,1065.7516804520546
72286626,2104.385500830178
90641879,1760.2138401518741
39977212,1916.6868275298193
56406335,1324.7256645120083
46671061,1856.4503135248665
21883230,1468.0842577856392
57754484,1152.593603664241
96138639,1874.3459825216714
48581654,1801.6663658591378
15477564,2261.226816077272
18367532,2182.3783867961056
57040971,1030.271567957227
24677280,1916.7357806049706
38279741,1170.951102114189
39630161,1732.2847108448268
94354941,2252.6631916343
73739305,1504.0852757720527
36839896,1702.5969774524665
60950133,1254.5698986144125
34560824,1280.3276611976537
89848060,1619.3558572869474
21727334,1857.7089483166528
96402755,2576.5474893034516
99203156,1438.1116023899865
69252455,1537.9659444303422
86645439,2792.724959173954
83677892,1343.566582269341
22897635,976.7602022808934
45288708,1598.3599666903378
59969436,1718.2380569972156
94774349,1352.4166505558128
16886474,2106.0845114595827
44198009,2812.7732601992548
64700341,1272.1616735519942
64505698,1315.8030155503898
77323444,1476.0878578812503
27706778,1669.985141548325
59628829,1285.3392473616593
55365465,2096.3853175817712
69970571,2293.778243896831
94271260,1535.2502250470009
52700573,1763.724333639362
45014443,1848.3983179758568
71021280,1777.523884682755
51886091,1648.4971805542295
91170937,1750.935781452153
92081846,1706.434369682256
95719079,1817.4748580203373
12428005,1283.9291317073694
38292857,1439.3157481743012
75786036,1787.7300322847327
76868352,1630.4918977874822
61787836,1798.6427782272453
92993294,1021.1924438074518
23885591,1257.7142586302903
40800066,1498.2934998934268
56146741,2104.9594558966587
49447892,1580.5147636642769
52965378,875.8333756879823
93685952,1354.6486893515348
89649731,935.3969976485181
47102704,3051.965367907534
52908918,1734.9971444136836
77943419,1431.6288591932162
92500699,2201.452641110596
51420779,1988.604483094879
72830394,1463.4202641718807
72781023,2227.4172189616443
16161212,1150.2417455053383
73724856,2241.799846065564
76991618,1178.6936058878255
95797758,2256.7365045988663
82786703,1016.1615728456401
77183119,1590.5761589429044
56026782,1184.359518486463
16589083,1526.221246184703
47749953,1412.1499745212527
27187508,1591.3461499303996
51723171,1637.545025503095
56627258,2097.947734536592
75635227,1164.3131125539176
57547046,1328.534307992632
36631973,2000.2477865493026
17463415,2476.0618464578292
26674861,1296.4802561251859
56995341,1074.6647059635843
26126144,1103.926210775362
58450363,2305.7558442366
89312269,1064.6774562861533
16817991,1248.7510174709246
84965319,1278.9385683496666
43319013,1796.3616222371893
44400321,1133.7894742199217
80024230,1159.021067329318
74521218,1895.7413221057484
44832141,1554.9088545049951
70162625,2074.4180814201522
43589357,1861.1766259625256
14100726,1413.307083200199
36520084,1243.2178590929154
98999098,1096.4343787233952
14148442,1584.104869651945
90033275,1853.7354652983054
19819492,1034.9455912869093
94929441,1621.4732868164028
64769677,1368.3486900723453
80605119,1597.7066724533593
61896581,2043.0641923991723
25053770,1597.3245750004107
74893395,1913.8213044575937
53560531,1413.532284368855
89710260,1376.8874857338396
93875018,1434.389750534733
64766158,2769.5569043798896
54305179,2113.1128787105154
30403292,1943.4809024280441
60767564,1925.5747506869297
35303188,1428.6193650918697
21177257,1882.8342384052953
15350431,1974.3709381848541
19112314,1441.9495136012342
10078818,1784.4458347524617
23150338,1773.17574728831
47635759,1815.280902439895
30605686,1293.6403867289123
29709781,1740.7825382718693
13735642,1144.6878905496317
99020214,1419.3429686033726
28873624,1772.4077838710834
70890497,1481.9687581357
99675492,1478.1447800068565
62216584,1915.5548014889846
84668724,1068.4886642834158
88738488,1682.503362723076
35683009,1283.6341243103307
72816721,1569.1425054684573
19163259,1760.534175725675
51202613,1558.4042231674894
56056704,1033.7816494575206
49879334,1015.8557480753163
16786843,1488.8924425821713
47533115,1775.1480604217884
22109413,1299.5791662964475
85518746,1205.323299726113
93362991,1563.186025347788
16124077,2168.855161766744
76182432,1147.8792459593717
26790843,1445.5782202524035
89672220,1767.9938186937786
12756298,1781.5223275383105
16926806,1427.851176458696
14000956,1434.9077268365204
36806959,1420.4949909178888
87017954,3332.1004736745513
43944283,1678.0730726197573
44101724,1022.9260473617179
67316534,1200.469849758639
88490548,1397.795469889373
88665651,1857.318615957437
83830852,2552.3298040893087
35512699,1304.396931768344
49228670,1670.5196026807891
47172196,959.5286610154712
86195285,2206.2884110392374
61100752,1689.7322673599997
23609539,1519.2508971231352
95881788,1695.4533301897272
44925764,2025.0739505432493
83971268,2387.2643669718395
17370699,1312.844163499028
76384877,1372.6375221314265
93972349,1670.5401521299211
64752973,1300.2416858214056
22747583,1370.5921431953548
38304968,2256.10421012963
10235307,1553.1555972833928
25779125,2269.6903395271884
12843653,1268.8038513559286
78094768,1511.9485598646784
10635284,2267.9371813552375
13687234,1446.7255574188687
53936042,2089.1352937734137
82732686,1045.2151881623822
96543781,1915.405750588947
82228529,1073.2225060091484
12775154,1571.5423745600956
55255907,1480.0344734548473
32916130,1306.4077504016677
18504284,3413.9474183999823
65825890,1762.6389636260137
33391713,1538.0162527420953
93331533,1612.8573192906242
89345152,1714.4505667909582
46576484,2687.481034460561
33320733,1264.1414340484928
10724817,2876.5204475836
41244276,2006.893486616056
39841607,1463.5131033317298
59463885,1852.2562679646617
61317492,4138.6235513949505
33725830,955.7913181388892
15316450,1694.1999335213263
53318939,1906.0718011158885
82300735,2121.9224890473124
44927585,1428.2787547168653
80951510,1701.0681795198489
51421456,1980.1291394405712
67936055,1871.4578861802368
48065777,995.4569142210706
56103730,2310.6723649887026
40566531,2038.150638966671
61129612,1843.3579965036527
72015593,1531.0420674533093
73826407,1160.339718564623
88021730,1368.5557767853486
85653819,1477.3731671386265
45194339,1468.3189696837571
91086895,1445.4318839046146
51919540,1713.0824241268006
23157322,1567.1922646435473
51628095,1914.6632426727615
96537190,1785.3317680941536
53402735,1427.3075420330622
36360155,1073.8022810027223
37694507,1817.5638935214718
83593533,1591.5323715063078
24284452,1698.2496424578947
21000889,1620.4674882916167
18518898,1183.6105820071614
11533995,1746.5053072824026
91728492,2193.3475270066183
32889326,1047.746018709163
16392740,1370.851707997383
93954664,1381.604542397216
40527969,1666.9707949733088
13359501,1388.4623897068805
54613106,1033.3363816421286
89494294,1859.6955046089772
43243456,1592.769762686791
49320975,1881.4445523414347
66824387,2175.6406298105644
13395531,1322.305166684224
84702746,1206.5580421302793
46376987,1848.0123781219104
16949551,1376.0513347529009
76113598,1492.7262044144434
88051686,1474.693930606271
21575972,1651.8136322694934
25797068,1208.565444728007
46519671,1401.6682589329168
62958708,1599.58689004097
41163598,1070.7597313022786
90108134,1450.770738914036
40305514,1563.600746069275
28323820,1599.0758151415757
36148206,1233.8231036524585
41903222,1582.3947498492112
34111269,1687.1243718909152
22460898,1871.966327750997
87095926,2085.4824430826357
99063606,1653.993830812918
41090287,2674.2876744308214
76553835,693.6015850814782
40520930,1881.4467297972133
72499276,1608.1425607096653
40722377,1927.4460893683022
23596828,1880.4277069588181
94118199,1272.792385845387
54177823,1946.9041800594514
32744353,2466.7042715927755
83540534,943.6662987885036
60135160,2000.8356289240571
32215997,1122.1258869306125
60591783,1373.4864485747441
75534413,1256.5824682408463
74381587,1743.4270727374233
83928867,977.464670815088
31779925,1539.7330178776165
71389415,2116.2511402750906
36657020,1367.7687526644108
52833217,1674.0742844880297
43206206,1280.707880921643
21701449,2101.992515405068
38073031,1259.4734618214916
34369333,3311.7575778573396
92620587,1736.5193479858774
11512547,1575.5685473258523
81501365,1337.663229807498
91014044,2464.3021649977222
90225400,1949.116711967834
77353219,3175.2992045166884
55291546,2000.820109728051
22923482,1322.1109607390383
14288303,1314.0786236894453
55909136,1462.9077882348524
41957261,1194.8637664898174
17675131,1377.3023398585192
13490253,2135.036999003761
79023756,1622.2407634820079
98393510,1120.1344775135624
36169986,1440.344915159475
98879925,1393.3185592194532
64713126,1322.4569735379537
54807445,1696.8229675988828
76751871,1865.6716311842029
98441518,2418.824190461511
54149693,1853.2225880418998
42794612,1351.0871742394836
76036112,2744.187832967364
14657728,1709.5989328559274
73292737,2505.9900027092103
37897222,1420.8925502491363
24707301,1647.6181711876436
54570938,1887.7381280969892
47969890,1019.6063875485574
86391847,1886.4476334824528
43251995,1330.513458392323
61789630,3149.3748277421223
12601759,1356.60920036503
86045386,1240.886461961109
67870680,1575.265667995468
92603070,1167.9870993759203
45118743,1365.3740472345123
40352166,1609.8281994001413
96817260,2309.597458099829
70031890,815.168140011275
18280163,1500.3153124326698
84418154,1397.9545318131693
50657043,1127.4029363464829
24196657,1836.8355144281084
30339428,1533.0012507902602
97021401,1591.915981282913
35926246,1572.5780271618867
78296017,1752.8697727995498
91378970,1062.6771742026706
80348783,1493.3551680501726
90424864,2088.1994158972966
65449342,1293.145429152812
50552285,1128.6441987628637
96371635,2232.242087888886
72833770,1604.8261998471621
94834332,1077.4918239979706
34291304,2300.001259611554
61020465,1673.7301172759544
58556746,2049.256021966891
39138083,1760.8252236270405
25334186,2019.8798761309542
34764813,1861.867504043579
37404139,1496.4740675997907
44171473,1392.0231639731155
32137098,1291.114206752157
72644851,1471.1793138550952
57301182,1509.1515576435556
68777856,1610.9178647409694
46687209,1155.3906232287052
69167315,1441.970665364848
82057134,1621.3398318516972
28611499,1563.5130174465905
73817431,2002.1769961401892
66885663,1941.2982551998293
81244724,1325.0415694561411
17815149,1720.2662098405397
76792976,1595.983849977384
32232188,1333.0519107761313
32884692,1489.1939048048137
51904668,1937.1290291599735
54177086,1509.5501166745305
79785130,1956.4255229756684
24791309,1163.7271612393015
79748184,1163.5301868206511
71076766,1653.396799154362
91713473,2228.5443970619576
21889636,2536.146558994102
88684450,1587.9709012979602
13868166,1060.3545206211638
72609306,2728.186427003042
40230821,1053.617796059068
65326864,1207.6276413304622
47873334,1776.5221056989183
38502225,1152.813828946496
78086792,2134.0057444535414
19000370,2545.9790190605654
18794356,2071.1185435239204
15695931,1262.6563554460838
69820899,1145.3526517255489
42730808,1848.7247275430457
55693372,2311.3300068151498
39793167,2569.712091923125
42174587,1119.092743489191
17562701,1327.8616923571492
75887228,1397.3867705928442
86381737,1034.4927429178706
50478816,2106.639365618512
59640073,1617.9753950598376
76678970,1507.4035188344228
23159711,1404.1719371001548
74146213,1376.0783666410248
73679527,1331.9138733018258
83678670,1256.5473964735654
82153168,1673.0879229366162
81585077,1953.6483445429703
51172809,1657.358322756678
93348209,1211.3343675971878
40526730,2680.322327658218
35477741,1819.7281629212953
26904107,1757.10132339352
98083773,1438.7046830400857
62394914,1662.400736517333
38403298,1610.3596507356722
19395977,1706.348948381998
28561023,1318.1060560901776
45885910,1550.575259722277
95086890,1330.6875193125704
19776574,1258.61608137259
60586201,2024.93104708375
89147481,1795.0304625786523
47209892,1434.3662918526559
47476854,1566.5729046249403
60953282,1883.6317401424935
72001460,1599.8027531508508
22546493,1795.3871599794008
48912589,1872.7569077085977
37241017,2289.9153470388555
40152795,2211.4671222638162
45771924,2398.4271988671026
70307319,2336.4232329944753
42825484,1532.4610458883578
32535623,2534.957631077092
54789245,2192.4126802895576
72682970,1933.510880253548
51218700,1804.6922400100084
16039328,1233.5272740143678
44678506,2791.479914903257
59530373,2527.5950041457572
81467001,1320.2059349576957
50258434,2173.5677661676687
27681355,1548.0336217071863
69431073,1318.8831282303104
93968709,1804.603779741944
56478207,2227.565427227158
19466001,1950.236919211785
45204787,2314.039926962569
44120969,1229.040970306417
11347094,2424.395938272963
33817003,1315.6384960594933
84812841,3041.945090871329
82947487,2075.9863029627845
22317982,1662.8240460222928
95086863,2327.995599276025
73084974,1262.8156152151726
96665202,2253.5300578998717
52954565,1299.1815270579377
22781049,1452.6211357182078
39742164,1626.5938933376701
20712973,1390.8872646343696
76124953,1764.047071078978
53726970,1642.3299902744582
30895251,1619.9422549498418
87940348,1748.7015208694393
95321478,1514.3806255388006
41613207,1657.0497036527913
64780104,1516.9738281105613
72574405,1954.7369780206714
87909513,1126.115002764442
80918662,2018.5084407602985
50842195,1262.9480844937386
37167999,1727.3987298514473
56430683,1527.5531748231224
62519911,1202.699076813587
29251792,1428.5558589903872
85925973,1555.0210001663131
34644536,1234.188559334988
39276706,1304.8868794687323
81892516,1893.9182460566815
30222761,1355.4139582585976
10422044,2176.276990948306
28074362,2427.76612992367
64967123,2118.1519587593184
38282963,1408.919487980806
76769818,1513.0881245554247
81835353,1911.916341006418
34737343,1462.4991117888028
51032996,1442.5133314735428
32565254,1728.7763267497464
51764743,1913.4847307904292
92831396,1897.0528404841832
84077215,1548.2758858160144
77480283,1553.540666398785
52724196,1025.8503881622062
78039908,1464.5429356847217
46605850,2160.4957277215217
61041851,902.8674478137415
10551671,1320.9007647379995
84956232,1568.0503901327907
93609795,1084.9930444489307
63261476,2197.171907265599
78773692,1648.7876376011593
41527728,1154.8587351101146
86838609,1358.3612146266587
46835475,1509.3138379330373
23285553,1280.2057589986566
83082562,1513.1517446137036
33889237,1674.3520165549812
46836989,1941.6991373943008
42683388,1701.5118437227752
15212938,2573.2530347955944
63857629,1502.7516295932664
71736760,1451.6184937140138
41166882,1473.0767254868995
88287708,2129.006381089283
68218612,2014.1228433276792
34505104,1543.6321937810865
50756606,1610.7443769185027
40004505,1587.1108708514466
89798576,1490.682670149955
43860123,2485.3359644946363
93655218,2193.2104330247835
71051446,1166.9239089729797
93380848,1217.4395843568195
27980449,1485.0540748331193
57084880,1619.92407320551
46438239,1405.4436698580228
30942515,2496.52948204619
19590564,1559.1390883199056
83623165,1399.4662079654822
76716085,1803.9554348120835
60666996,1893.5771807305139
78361983,2006.236868553328
72701952,1479.1923787120893
74922910,1275.4384874305326
63759907,1612.0686997170167
68856134,2108.705619394085
79795778,3233.682873233725
97178936,1485.6506980918864
56185778,1332.739326710068
48290079,1316.479329653725
29392023,2533.9268678474637
54780943,1621.8906713105582
97751068,1568.459513888466
69746506,1510.095331665072
55371174,1839.6134716013298
67781652,1446.713052286346
78245291,1615.4641814791107
64158812,1876.0474297579522
60974365,753.739734766242
12800790,2098.9494313392074
96154030,1739.6421737503586
98482327,1610.8667107466197
17464700,2140.9554452479088
56270967,1759.7514325664824
46584495,2074.8833152846205
72785702,1404.4995050462558
41281460,1611.2616042496525
80424496,2477.7301038807723
18835766,1861.0656014738058
87502261,963.3379604659136
96135205,1937.292933882649
26258289,2651.9544116779807
75302604,1472.168121876282
98645752,1808.9758906070176
58643859,1952.9735944913004
90141148,1955.5620266014894
52181895,1288.9915302113516
16710404,1579.7156152180169
26056734,1572.8763205047171
39602380,2042.6618128695927
66983144,1760.9036663938575
52507579,1266.5843152838286
97432890,1486.8247167456896
85547503,2440.4738070727167
63906202,1612.4488442082334
84599750,1777.605081212383
84325254,1270.6564029877336
39975048,1748.1843377273537
81574706,3320.6376142510285
30468791,1391.6415379397185
97533812,1382.3175287336715
18711694,2195.4810280437005
51787778,1955.6166385427741
61409887,1828.7520152502848
22014620,1178.9711266123998
38836545,1377.647120619142
87391833,1232.3322507764617
69117778,1258.7942318274395
68122788,1860.5868080004877
51241051,1619.7086739504628
87186215,2190.02125505059
84468326,1503.3578399141895
86410473,1693.4945881190836
56236242,1892.8875648754747
59626902,1307.2375264532448
66112801,2437.8968057163975
84626603,1198.8250480577638
68630773,816.5990673431546
33563434,1143.3017785638942
52975992,2241.3015950244203
26817104,1773.554251215749
19501484,1482.493610286566
62595745,1686.0544019903898
41563117,1908.6506494409216
52796320,1819.1663181058848
21489695,1819.6261327031173
56658010,1520.0641410601925
91048109,1383.9721973642995
68814610,1581.6835375742953
47089966,1734.2481374458855
79261064,1924.37472246596
43267298,1703.8834364760135
35491922,3799.7945090338962
91103900,1730.1491959001235
81885878,1180.5820962801436
10004659,1666.4993638773801
49810234,1383.5008859806956
65062190,1615.6409173981808
57566037,1790.9008203217988
55754004,1568.8071853490967
99179360,1054.4930590804936
67491962,1670.8215092405578
55660033,1509.3787140076201
96584547,1637.4577725333413
36088377,2204.2359516303845
97242422,1099.7028549913164
12109366,947.9330838894609
57248099,1723.3085744650105
46843789,3443.0538843982135
15574311,906.5674202702256
39119987,1618.9276423569138
95964371,1549.361308622085
93965777,1367.351888828537
32720737,2051.435218795174
38011636,2281.261848746156
28738450,1558.5645820858
82845868,1003.5176523894417
92357814,1518.0471156043704
94273774,1190.824972549096
86770972,2151.987153032026
95965665,1512.2718337925057
80658412,1258.6938459003316
11188732,1055.5885383424743
78466957,1212.1036313068282
77853776,1482.0620326704352
81589793,1396.9964365579294
49765777,1679.517281384179
88579415,1366.155187145862
65011154,1312.8455909960048
32352609,1512.7011710765019
25644810,1286.5108793119268
36867135,1706.420475576074
88848522,1638.0116915309327
54293859,1791.1771244608935
33019527,1244.5452041048763
46924492,1162.4777008595368
19488750,1420.0802686731981
94594464,1352.5782674814604
73247876,1599.7443406918899
71373451,1174.3484314831874
27655514,1515.7484419574935
94112335,1504.276972502017
79135715,1272.782643043892
69231521,1430.0885034076632
11994136,1717.0479012060514
27288623,1584.9284254418583
88123955,665.2193653126154
10000265,1237.67801013681
79772833,1531.2408431260922
93882232,2530.3953387304264
32109681,1198.2533804757286
65404136,1866.5242685883375
33831079,1059.1581963934666
71847266,1226.2905075628157
81003839,1128.1793795312683
19285579,1904.4475650351408
51911514,1966.5173797879793
55539434,1838.36923505572
44536751,1187.3033813773952
70028057,2188.516522666296
86860126,1935.9159233744572
64254454,1605.8800366632306
98284782,1886.10075377746
34610652,1495.0899246768522
75568847,1604.0854612232415
65674652,1453.8955092462897
55019276,1460.4766613257802
55592552,1374.2952478336722
94267636,1440.2479534346044
69222634,1281.4125148407259
85591369,1047.4550632263804
43835656,1424.8313605250637
87803052,2305.2610410858665
26232040,1584.6649378813217
91061668,2046.464644051963
30001734,867.9974164678343
64074995,2338.263794747552
98892450,2128.0252132524056
30473837,1308.9587276624688
95158643,2060.182675829208
42377220,2018.7675644956653
64814717,2048.417470269315
30148862,1721.8910112331416
62010302,1731.6489487499239
99477712,1538.308539492551
70875105,3148.7807226426166
20465640,1264.570725164085
27850961,1107.3587470307623
44835254,743.0917912776399
37634561,1554.5594186766796
46702648,1935.5028249785844
86839823,1416.3803798848455
67985741,1226.2485731929517
27791703,1366.284139935534
27289673,1364.4985739289305
47043760,1412.6561528959526
54808934,1974.2868637595868
98155995,1879.0082790373085
69341643,1870.0014749824034
19401682,1441.586127455021
97496254,1075.683163781417
26009392,1371.3869488989085
76357312,2143.8448706135746
60644292,1944.030879195045
92095667,1575.4841084502552
16021125,1763.7572598744591
52662306,1293.8633186464544
22527415,1363.5749436820333
11178457,1810.2164710215554
19452873,1054.1295905584261
89463603,1758.971872370888
55778959,2507.8739087244594
45079947,1414.0020372643828
71913651,1647.809027007432
26030335,1673.1631178059095
18887144,1335.2127773082052
67192573,1451.526803566633
93955593,2343.7750789212355
51025425,2269.460755037493
59882564,1342.0729908107182
39586553,2167.6181961626576
10235871,1888.6530609995707
44636319,1017.8100952085398
37290007,2347.8747226339187
14108687,1631.1329191181637
34932666,1218.066642369519
80941617,1369.0631736170396
54682782,1576.8882067184134
89652985,1586.808008959825
13137515,2413.207334502493
69623259,1530.7210131926083
58672181,1884.031004470575
19145583,2167.6946718438835
15756823,2084.2395553163883
48404289,1626.7276726833456
81082424,1399.6017889743089
73224913,2213.2656939422504
75845341,2668.7058598201525
98474913,1728.9738243618058
41962691,1318.2728274394833
48961741,1934.4558652948867
87593653,1190.4797814333238
84917993,1074.2109221120256
24081947,1440.5898631579475
54462462,2196.2597531716383
51963469,2109.094398424528
94467679,1333.3059404874523
31642363,1339.5107010238432
66097711,1424.3697094138647
12884742,1452.085704245731
94999391,1351.6463648338884
44605879,1588.760491881762
35787017,1468.9687267412655
45450960,1486.896931331
95291199,1187.4974084817404
96016558,2213.298287471918
84566828,1657.8190156192218
47412693,1050.2618984567657
49029700,2245.20881882853
60010012,1354.8951669263517
75883768,1378.7240898313453
26202342,1264.962775849387
42317663,1509.4239562499952
81534336,1225.8537721243092
89007837,2214.598540316036
55830410,1452.2295456007205
42889086,1154.541895680873
81610198,1489.6190144431241
17452253,1284.6623568903708
71203731,2291.8345850717833
80449971,1437.6760432500785
69429731,2085.0499140062334
54605956,1853.9499303951047
34299688,1448.4904688493968
87819668,2026.669161412992
35995429,1195.4264514933727
79395935,755.3863840414654
77309412,1580.6643833126514
43863935,2172.0534022387906
25184246,1592.2485260103804
36615071,1213.7458694565537
38474717,2761.347655460349
93825316,1120.917628951481
33683398,1440.3118715708874
69346242,1947.5898780354194
59095929,1973.9218803569347
87118088,1218.5488085831128
45924958,1678.9723369362102
78591323,1618.8760260550805
37759814,1741.418400000767
79378632,1778.2606061000272
74799649,2389.0820616169076
53222755,1569.9989929107908
36749663,2390.3254227335296
48476133,1984.2517767021864
49028666,1912.064895688133
74177764,2006.276882222331
14771208,1207.5651726191923
53613430,1390.8926443595283
58749152,1322.7495967895
32751897,1693.8751095819018
26470651,1457.79215507712
35002941,2363.1628032735844
18541890,1329.4053044083107
57596711,1589.976666558481
24072464,1232.3029589581324
31435093,1940.6442615626383
30602585,1600.0583812778466
75360000,2253.3775125025413
46273615,1910.8017266871445
95181699,1439.5843868013415
91310621,1469.9058232286147
82017783,1398.2125157579007
70908643,1628.7910955354575
15861638,1899.4213669531712
50835625,1935.9730026195332
28964861,1065.9225745065164
29864397,1220.1965809576814
12057084,1560.3488315577165
28334945,1866.2536148332292
60084019,1451.3666907032446
63996133,1156.0539081337752
24215888,1199.6038202303107
73974645,1372.1793372872755
75072747,1321.2803124930535
45633768,1689.7666719793128
35646913,1594.9280957543945
53661067,1559.750549263218
78907585,1999.784216046361
76922109,1842.4012588447877
62248680,1864.7613234558753
73320273,1692.6180950059045
22179940,1862.2451650699427
26991418,2111.828844450185
21855522,1791.399998643243
55265808,1806.0948166790788
58224140,2076.9348072077023
19913819,1297.3091273601688
90275479,1516.5566347059819
97988475,1805.1232335333098
83636674,1574.2564026980722
19875524,2949.7300439700643
90421480,1454.0188615814857
81793670,1720.1460217072097
85521270,2068.0367071880955
97359529,1295.9984704241235
91814930,1468.9604460176297
39016297,1651.01572795241
94156929,1795.0503162159646
45023538,1644.0044674117887
58269517,1221.593831708562
35694304,1327.2928951325641
64951262,1267.5665998969557
95920942,1629.9416850361195
41847450,1499.3095856212494
15255858,1481.020760606353
95924527,1407.6777813408007
12518283,1931.42545921829
99811369,1311.6215863334176
59569343,1048.742722818257
47206769,1127.4324949779611
51079651,2436.9636071868176
23194465,1811.0703884334844
83356805,1862.5553288538529
26586384,1198.5519575616336
55548495,1225.3485203157543
86324071,1639.1164303136984
75101749,1821.5925402057383
16463144,1072.7216041081135
19396787,1344.2705003269875
33279246,1528.810831705454
49233593,1883.060859596918
48210075,995.6394278326371
55054820,1407.8800590755327
96257897,2734.008109259985
51430742,1756.7307697235158
83437485,1646.5614813588045
50578351,1903.9076330913012
97275251,1826.2937908723632
16222585,1508.949250023509
39525336,2035.6037182626708
78481250,1921.0810221953295
90967247,1309.5479891835369
84855982,1549.8846259647605
57782649,2088.647293460638
77997002,1448.443108569552
36215630,1773.9479220322876
95580912,1478.4928823338832
59034107,1593.6357854010907
74775777,2285.1403769794606
39971311,1471.799488480787
89020638,1918.896368002917
51169286,1660.606880246233
99644215,2504.9297221313377
90744203,1600.1037242311943
96320211,2236.715039876375
36465697,1664.4656659159039
86214609,1868.7634177430652
81033519,1319.6049530347823
61860616,1027.2006385677248
11758072,1417.558378571788
72796099,1066.5108929591088
12154166,1123.254535688131
48588483,1444.951031353719
75800458,2334.0472268706103
27360889,2350.129232798735
84455620,2776.832173656702
94594944,1305.9303140906777
73063439,909.676981973817
81513909,1593.7357856539968
76078349,1897.8581241464105
18738053,1447.9035508350362
29574045,1692.718701543149
80540560,1535.738363003795
25751173,1458.2135046608948
26008933,1490.8465129678116
99638568,1509.9206525539787
16106243,1771.564453862417
46712863,1156.9621034260808
62434322,1757.9789190636486
41483187,1433.692532744739
56776930,2829.167126455963
79612305,1580.057695247661
64780825,1829.4605342616321
45536007,1315.1940569416101
46661025,1797.4704534387586
77061678,1257.2080230177103
60393588,1518.9838405778537
63346660,1081.3040804438547
27845955,1402.1349197737243
55504400,1532.417311172986
29005367,1003.7854035418842
22069246,1054.8057373418692
84008491,1275.099969013031
17133631,1074.8813800517594
84832150,1196.879935064847
45723864,1713.763189130455
43493787,1515.2095990192129
66097518,1365.558314125722
70168465,1764.0101271387043
94063743,1116.7450286190726
14576418,1639.693732251777
67277120,1932.7690912378575
94345958,1925.8754826277498
30685847,1379.7927696904162
85948230,1573.0779388024725
89817663,1713.3643363458104
32957921,1903.0969282712078
46701128,1561.9461989445508
70035645,1105.418954196818
60395047,1786.7021181041198
88839252,1674.74082766666
84131490,1190.3662525090838
75586325,1490.272201490152
80103534,1234.3419609734497
43032685,1268.9873270895425
15972126,1591.0689143817995
41404247,2315.5512321044325
38893753,1300.658326613308
73633779,1922.6440851219406
35904393,1033.2208257790112
24714022,1903.780880843324
19048345,1081.6596241215602
47004008,1458.3054401334944
94742593,1890.4822420184441
75269823,1727.1547124232875
25552669,1046.746275523548
51828771,1374.722065151398
70179002,1176.8760815316832
38115411,1726.8562317664284
40317565,2212.8785661519455
21110207,1483.907772426212
84762082,1498.8654664464327
48690899,1855.1436219811583
76594160,1605.8389225390006
54192522,2337.899778564092
72813893,2305.382482089087
21004583,1449.1648853543857
64817154,2212.9254758729085
42706195,1473.4023589343956
48103074,1583.0660940491655
21878260,2064.5565741381542
36272220,980.4097359169432
13817497,1595.0587197002526
41737305,2076.056309207471
45517239,1721.169692349443
89500514,2178.3147688875365
35952974,1176.3638542886836
79180368,1660.7211787955343
49972479,1953.9265059155523
16468436,894.0094232679775
66415757,1750.670982725425
60737619,1678.2897076770596
61065232,1465.0018565811604
40172654,1322.5570234566371
89609665,1851.6781663040683
23952725,973.4990444113603
72896307,1828.6780342738318
43835334,3131.561542701358
15170417,1012.0079481910784
67479665,1246.3678842457143
33361674,1500.4146792797635
44130617,1276.8715051135773
51579953,2066.0901357360913
75908580,2045.555097978276
55554604,1705.346841431556
78855633,2131.3556809498195
16657542,1645.5828911767148
54732615,1789.9989917912326
61746292,1900.8657836352306
57869356,852.0849368090206
29926611,1474.7661314475333
75275045,2853.2032548256507
47886535,1561.989478586347
44918482,1321.3757575030968
78968246,1776.4651840397044
54136456,1661.5576931857922
90807736,2277.270545575031
60276696,1671.4346665706944
82048962,844.1259964455026
92669446,1802.933532127686
48680297,2046.1228953655905
20902349,2547.9976228282603
56991657,1946.7329413899338
47839152,1611.0315549487127
78844128,871.6244919217085
13384224,1436.9471650222486
46213331,1811.9090335507938
34116626,1024.5215500785498
13884884,3174.863209896339
86060261,2137.567994143241
33698474,1427.2686300723178
65729973,1237.643750357933
10671871,1480.7562669397873
35704807,1603.0260780550348
55231783,1669.5417372425743
62208192,1700.8433676063814
67563103,1717.458851216571
72548470,2298.7404427925744
35725437,1716.2982130571966
91119982,1702.70141813381
58303560,1977.719795511603
48430844,2053.575182823987
17825416,2455.1001100609346
97821966,1836.5355147571113
76538437,2493.229139708728
46855429,1306.6837089616033
70135617,2031.241650951698
68330883,1103.8616515951214
82205109,1697.4009226439725
47743752,1854.9673964860517
55059767,1163.8267415932012
88243398,2629.524152536771
44699350,3389.8463069402223
35330178,1529.0190991559675
25203468,1410.3463845161596
40479165,861.6745194817543
10947997,1005.3096010345748
76351104,1610.889325178086
11445786,1680.9299387428068
49470754,1382.2168218001632
25466549,1779.450008593179
68081302,1233.5207553862103
66965573,1777.2687790419684
91230160,1938.7787482655579
44322697,1325.2178478417684
17542284,2206.533083875942
43035885,1511.090758904254
73926094,1113.1087099350304
64948505,1560.091612807534
78950808,1273.1643124407403
38422125,1223.7129659455225
70854487,1918.871661404458
96303461,1936.5981424383558
46698218,1739.040111758419
42918073,1647.3996719741062
60976113,1362.390875050754
80414616,1418.2570706470503
11919826,1674.1770970593532
78548658,843.7112762762716
21857739,1411.6792544311652
29877271,1858.7524662569065
12698388,1908.2915961566848
11871707,2408.453471694957
80819542,1385.0439660033217
95941128,1447.672478008516
15401105,3698.368722455563
32754426,1558.8038503021317
69235267,1012.4311177823954
71590075,1913.1895658166436
93562904,1644.1748511559776
48418506,1026.101568709312
91190923,1501.2292851024667
33120061,1176.189541275292
79992717,1431.6453537398502
57263719,1856.1953491556608
97902872,1619.9877292230583
11659952,1440.3402137713422
19463140,1739.739750934566
32523829,1649.356596635052
91862885,1739.2670767956301
72799092,1968.4487837887193
53477503,1582.4932463175319
66993460,1722.54593105768
13665562,1301.376214618911
80709687,1560.300180486029
40330962,1770.0891056102541
42684844,1584.7546085952524
27675885,1970.3027299665112
38250322,1428.2057803578061
63478776,1501.813541217569
62285686,1797.4472210788056
97553472,2072.4539578536737
64732641,1659.3006380260156
10341748,820.6843059537706
34930451,1542.6170210297776
53726168,1475.9962158168705
69426758,1242.4111006651574
90029637,1231.6388549001222
94611401,2299.9405237873248
31394855,1528.039006908692
36645175,1610.4733581739545
56281801,1222.601612657944
12148162,1720.724230155049
18771087,1967.1918200105968
15509457,1498.5417155149123
58811830,1439.7106278877923
73003066,1893.725811066498
34190353,1476.1207442942857
70731913,1174.0330083150982
55320872,1965.4898180307587
41886703,1907.8437715018422
16884593,1343.943473400377
90415325,3008.437245967277
28408198,2494.5497695706
65914001,1660.3329018474892
75122895,2208.097649387859
80177938,1557.5961778178332
37984269,1537.2536616135073
81491790,1846.5180331451597
37294085,1594.110911363954
23335477,1239.546214800356
74996570,1411.0655403709134
11602841,1494.8681208131866
70152712,1812.9257297213712
37504288,1377.941219179255
76619689,1141.2444336309493
95075447,1621.7040594993086
62779399,1781.7709000121313
66278648,2401.8557919081295
18002070,1641.1337060174346
94135062,1259.343336652249
74396322,1224.7356527497582
97169764,1764.4204292611157
84630384,2060.1082734329016
46052909,1167.62467684635
60213474,1780.7643084821493
33797784,1831.485034841346
59759309,1668.3174879562073
47001738,1619.8208362117982
76899861,2643.6401504246583
54444766,987.5337029979157
26850612,1507.264760681929
22468145,1429.0029730532215
39243645,1297.408324651865
35759583,813.8652030051727
92468992,1688.730789181179
68717112,1305.6886226733848
47344834,1213.804374935179
52115284,3052.90302135762
21042322,787.6626390172328
79258805,1636.332156554216
51304748,1795.759508339692
23253686,1818.1370704171106
43275074,1486.1845642731155
81602713,1708.077859308325
60924053,1424.15528083556
50363853,1791.499569830418
28412591,947.8353700183426
65145713,3170.4658099121575
47077663,1997.6140215817609
58136966,1450.1107861325365
67034290,1235.1303253012666
72057747,1732.7582369961954
78034116,1305.6295227308055
99365155,1697.6966495177128
56151729,1676.71641488663
68997667,2147.3336963995534
46532370,941.6093475256052
43276809,1819.8867216287824
70460118,2713.0473537640028
66150334,1520.0452455018215
92614050,1416.7245251729976
69313526,1470.6756205279196
70949373,1914.430982423165
98595102,1577.8828428647594
57731071,1183.7011765433176
58855043,1426.2255737344015
45456441,1839.3034649306032
39733268,1272.2441617741438
71064725,1428.3115480594074
29668017,1714.7837622801428
94555207,2099.3928703923175
60811404,1710.6995121468156
53154973,1434.1069812620499
79534885,1587.257878585859
82049293,1825.2324174340617
19578533,1097.1667174699037
66374977,2156.400003582708
16850211,2049.4999676064217
98217866,1503.4783887209032
33773989,1483.8582712927723
14998381,2513.024107743564
92421507,1288.1813050421158
66591282,1210.1724056902062
27243576,1694.7481544870582
58962954,2092.8078155908306
62891715,1023.1428834029281
40256776,1416.1485608556366
92014626,1665.2269252259293
68868046,2118.1310522299964
47811896,1997.3788659526767
86438296,1972.1473049095418
10421272,1588.0012907078005
56519274,2028.2556850934957
84854339,1895.0347063461427
95049673,1831.9471907379539
65578696,2637.012096833605
85747970,1244.9189332805508
69874974,1054.1898989199296
34594425,3136.1771564725095
14874183,1907.7677021501206
91643227,1459.557130192177
94998930,2587.3610492320377
25184219,1952.3065140333915
78637662,1348.7329660718601
40102355,1892.1788745851345
33004293,1609.21859945078
85498300,1757.4459467852164
37721019,1643.9459629448077
78482421,1446.2010675998613
81912650,1411.8845468177892
86410146,1609.5416137201978
69095320,1111.8267205640343
56569332,1444.776182143142
97340317,2954.274195952167
37533494,1266.5653688542
55430447,1080.8331637779233
45610406,1299.3327591204134
64085140,1770.550544185735
81416250,1523.1868286081956
70034683,1739.3884696481978
40315264,2017.9335665259432
73160601,1492.2637254961605
54677638,1870.5167064185714
90571590,1992.9780463119125
84772888,1782.5268567643511
90285847,1799.502891786799
80203339,1685.9108704819412
73536003,1138.2322213344667
56021479,1103.3564691438369
10526589,2249.960639083257
23648848,1748.120239830188
27805990,1639.0603557505374
46740683,1873.0874923167771
66243364,1451.6951694155978
88626421,883.1382961918879
81009655,1758.0405916188618
47576712,3542.9288109612157
73803450,1131.164363136765
47427075,949.2948945741443
72540520,1678.3866813359507
55407503,1902.6718105955665
49275948,2678.319555759845
74312584,1741.3528276979307
84174297,2558.3300929462657
96261162,2300.7045371575937
22879870,1757.2636544561938
13933179,1867.6107476322886
20116066,1337.712517080806
38689361,1263.144285743945
63156536,1787.0180247924488
95340838,1774.1261710504698
75352375,959.735077585639
48265534,1709.4200548819585
74912030,1034.0158698069054
70071430,1716.8234890897822
87025516,1663.047694182701
52784904,1371.2558396573688
96281041,1899.0234887829668
60302206,1870.4991235559396
88862209,2242.8385253470638
66359731,2041.0984846426713
56582999,2255.684109650548
78391067,1559.1308191126693
84566381,1727.8443808371928
15548328,1300.1000328887246
49432086,1979.9796534126017
49054075,1808.9084461124976
71689174,1942.6797526767118
64196832,913.2753245485108
85965917,1784.508510194297
30935690,1357.3085746524098
55460540,1001.9464398001587
89457485,887.8500580383258
10188743,1403.2835357040283
58823191,1182.2261938085303
20643935,2019.251456083527
40325735,1840.2380094868815
91136520,1902.6944008761284
32259671,1941.8979941004745
26400774,1186.7402429337142
28057887,1286.165523078915
82844555,1204.8698046905347
51111773,2248.3599144486143
42987529,1814.8065362817463
62978911,1340.3653425061743
11881525,1248.1740497605763
86857890,1617.6077165058418
79797628,1485.5485801150446
80357222,1627.9960264779813
35431033,1742.051698892286
99201502,2370.977420634039
90452446,2291.9945339693863
18670977,3141.231461688281
66979442,2199.5488978177978
93738605,1416.4161714646941
29213200,2078.3180823172183
31107212,1889.6139482911456
91594833,1012.2138639930469
82943336,1344.594501284245
68443662,2502.2486910996604
93641230,2223.3653164801303
50244475,1404.029314689096
87626955,2120.5835356619214
51387553,1382.2414585182373
71504785,1341.6788686362504
58768482,1667.8424400924657
47301702,1871.3858033169297
46285200,1704.8939223548323
27113638,1776.4199600778886
63361835,1232.9550174017008
42709073,1161.5134866999006
87920715,1108.1731804144338
59996173,1969.903797589287
97865712,1268.9863665376104
76462362,3048.2755013292517
38643308,1934.8364711769761
62694540,1787.8785860294172
62141335,1272.6888067286227
34503041,1516.989662059683
11311229,1065.287558243955
51623206,1651.3235284040059
28560163,1726.350738008937
94388349,2025.688693676022
86256710,2436.624797387495
61215694,1682.8251057855034
80946911,1740.294330998074
35537651,2414.9858035084153
66755381,2352.8819795278714
73455092,1172.3938591957274
34041393,1572.4221941185265
30484078,1779.9463236774916
62329986,1686.7757733608832
62897188,1445.1229522225233
51881772,2141.9638845702625
94211751,1164.7890204669131
61613645,1225.1909168839115
71479652,1900.7671881179556
85310501,1533.44862608929
23110318,1788.8395445609206
82884759,2070.1361173885775
51095836,1658.6720391275037
52772048,1210.8995891577838
17245854,1385.3688532353922
96708865,2314.322234735661
67276218,1676.77497486046
89528454,1181.3019354821229
73044839,1477.3206724780264
92820854,2099.3872965786327
81415527,2253.5261205382503
54704500,1493.1179495058439
62696690,2097.7290229133387
43848311,1681.3521319868203
30447397,1216.8959187139228
96343937,1359.1955896397417
19151468,1471.9175982132867
75047192,1335.2969598762525
29891460,1551.012077773878
47625277,1489.2910417236083
57930980,1455.2124744670505
48354539,3184.1041111924246
27628114,3331.922152637447
32690361,790.1117561643717
93744019,1221.0399774352834
99861438,1481.119064366605
30181088,975.6458226364767
31181640,1917.5734195929601
44766788,1425.8040403490315
65594080,1250.0974862551457
22508377,2249.0058959094026
97181173,1753.4128875722956
17420303,1585.3786524842196
67800143,835.0546431315769
33454469,1751.2886013869877
30418520,1819.6909582524488
89752463,1235.3915852028233
55142148,1914.2613933308326
20848293,2396.8319031381398
12617495,1333.1869817767868
20378275,1741.3372557403857
37172337,1996.5503465478341
21839038,1265.489545673812
66993155,1439.3517507471502
41249770,1158.5090827668057
80181790,1692.1823520368246
36248478,1342.7637809976757
99097401,1460.2663919959334
16998435,1119.7227440362135
28345246,2244.0253779030404
97230601,2456.8001535766043
67442292,1664.0591129839709
54477624,3156.3032737515905
22866548,2517.54271974517
86504569,1694.6820677091916
81257074,1442.5197216657414
53101206,1322.9653605411959
77626907,1786.586229717189
15402267,1199.4582444344999
66190974,1556.8707962558528
85276459,1970.4176641984373
61882567,2293.328833831564
67503548,1562.9872387132348
80801220,1398.5301728532775
45827465,1713.4044576504925
13145303,1539.674823903907
92842662,2299.568038823924
73150077,1753.0184138832433
10904048,1013.9898896328248
89655386,1639.006985961277
91827598,1321.406303504429
36736446,1367.383231835385
73791907,1311.2732115114875
93237533,1195.1242419765938
29020722,1790.684732067956
31344857,1165.8414188976283
67961594,1275.3076702270305
82896045,1346.0129285971025
79782925,2019.229544396971
65627534,1710.6749761398419
51055429,1705.8355593687043
24073352,1421.6279698757305
63468697,1649.0618054369118
69815836,1264.7893385287548
94658489,965.2182620995231
89803063,2579.021205988622
41826065,1602.4600938076776
95957321,2883.7225942111463
72164672,823.2159890069224
88171071,1050.1739584212196
47273090,1458.538320950254
19574799,1184.1132828658651
74042503,1382.0723346881448
73199665,1935.952369112236
32553552,1885.1915842717583
99007181,1434.737583800955
86459252,1805.0081820615899
33160158,1424.513443494938
89403244,1901.7463111057136
83607429,1870.063041259493
54979491,1991.949502010842
34711897,2297.2063001095275
76049090,2286.1599554971085
38209438,2465.541951066792
43607471,1350.4743792181025
37603490,3021.1096876282445
28133465,1611.515261671438
66543688,2121.1622265995493
13310180,1383.76494192814
70639698,1361.8378519838043
31227382,1727.9321651117502
27953042,2047.7203592421497
62042217,1347.5550135582023
91860613,1342.7695127489105
55497701,2808.063679171556
20529003,1408.937049513591
95270433,1530.040227252237
99713042,1504.8299045507556
78850782,1489.1973422780784
57339822,1244.632676359517
89910926,1729.8387816582201
22738331,1687.5677457654733
29399410,1604.4472200100784
48960030,1586.0278409237828
23209349,1940.3240069456335
40869262,2611.6126112868396
13469481,1581.6124370948678
37901584,1281.1804428045111
15827667,2106.3662907993785
36279211,1318.6495286412737
60254169,1457.8773923800504
15666676,2002.3245298059533
83527323,1382.8634851801392
38323312,1635.5453135670286
16145827,2311.1305025590314
25816799,1919.871116786649
31540608,1134.0776337670254
78332853,4001.716647301041
50241601,921.212827258726
59793938,1982.0172783880173
99765396,1545.4308790076655
22142241,1886.1094910101588
28238312,1107.6962969973147
56677251,1760.0884960256274
79286536,1889.0555263486515
20049898,2422.4464219978413
79883465,2137.151423011672
64419086,1275.650996190336
35428504,2231.0173179422077
83636473,1660.4452671856577
91911110,1392.308393776038
94747885,1420.2302669730823
77052407,1713.84922434621
89274668,1349.1719746529398
65429257,1509.2607193176505
18949424,873.320440387516
78354959,1023.865263351924
38613499,1882.948881335492
99410878,1913.685081381922
17066881,1681.691985619856
84559340,1835.719142838481
45796615,1689.4340176762537
18650747,2115.9108724722028
87098836,1654.2226601318928
18956602,1759.549066786319
49896714,3253.9281527309486
51066559,1150.5064516183616
72393934,1441.4837139623123
63389143,1134.1832649175467
35204339,1485.7632901831184
51345357,1322.8626990356427
46322354,1641.9389888014691
33951394,1722.1787726232556
41031096,1245.3109904101414
42228451,2847.0260525296385
41161057,1013.2579786733274
98892524,1532.6861729802688
19811103,1518.215651872489
65448488,1536.0958816655748
32428376,3076.559145330182
85323274,1030.5138951367126
92258087,1640.8963349288574
79217297,1603.7847944953382
11989719,1648.0059165590985
28471365,1386.1291818640875
34542074,1540.5833707427505
29164293,1546.468043179159
84304086,2154.347222660336
31817572,792.3422568562771
77771839,1325.7339970065002
14239440,1295.6931313975929
46882099,2101.6717321541346
38983396,1467.3706323789008
31683463,1675.3169920130217
78092716,2038.7000486541729
42013895,1646.4399808874437
65197071,823.896157277713
64495960,1374.302078114977
68745703,1395.3293851627025
51390927,2044.835108723637
94850983,1591.669085301657
24328415,1239.9235305456514
85572847,2089.121008455248
42303463,1485.0298377359813
48215084,1116.3142861032325
35427122,1636.996668423162
62307341,1963.4938710230476
63212299,1983.6647521044338
97856687,1634.7074512116915
35540248,1900.0249950955633
41303810,3656.917193651599
72749855,1703.774777023848
21620577,1271.3372909774523
33846878,2862.745564693746
72596574,1791.2498255396554
85230815,1180.2605785298285
72103187,1269.1454215334982
39368813,1675.395185479032
77055150,2025.5573475693568
61280124,1753.6325347990708
88442406,1515.7659238842532
34283144,905.8590052787624
20283328,1129.396216795664
15081148,1473.3020219810446
30803223,2298.042338357397
95977285,3135.462048888221
73578397,1194.7894132652775
23548274,1409.6330111745547
70020229,1961.34976982697
13657037,1739.3588497015448
62209540,1078.7600326402642
69122837,1997.8556225607467
56882140,1424.1549172234306
31090970,1036.0473473973718
18895583,1520.4283345124156
56220075,1749.5992608220022
81883128,1287.8290262625305
85178304,1260.837064980602
44572294,764.2062045984763
69139777,2363.9214150054822
77682175,1545.5480563886479
98697835,1312.8470884127998
82862062,1606.7028249695347
63154444,2145.096899534757
36052607,1957.0980942807794
80221636,933.6256552598011
14612606,1133.4833207261916
22793087,1885.9265605364922
27221763,1893.8264832967086
85356281,2897.093473339761
72870330,1413.5289324454748
21631750,1302.0102202205248
65662420,1456.0751641930817
94704718,1679.087325534131
68031612,1622.2848515041508
23780065,1146.4978184112435
76854946,1151.064506310082
65320814,1775.777652817795
98544588,1509.8944183839467
66236365,1264.0086220716255
33614608,1822.157984063084
41538321,1330.0363661385543
52604597,1441.2255554634442
51929168,1077.378424952384
34989178,1487.6995140746153
17968995,2397.693426584512
17104507,1627.2949633197666
31799006,1184.224776393347
80534303,1603.1158564635905
39486975,1575.9442020525196
70473933,1400.523345098398
39315812,1656.6894158321902
32664756,1957.2424564960493
40582877,1546.1427325911343
14853484,1611.7228062712775
72018275,2013.1195066361456
85501233,1761.8719839752682
62857702,1236.5255301380378
37589957,1411.363438183962
75861106,1234.7131777310246
82048801,1957.4221868875225
41226392,2356.800332494211
43191623,1103.0948750812618
98896014,2907.4314493162287
39009427,1110.7813998351578
67635937,2027.4771167311014
93989030,1644.6118751399677
58213050,1258.6654894385813
39089500,1674.7512847694122
48099206,1590.899832764715
65115683,1599.3168245830534
19072238,1031.4761273332565
50691779,1646.5077300741261
74240054,1565.9791303145419
57606331,1500.9367764877434
50124096,1704.8301486599946
50596395,2073.614526803368
96230340,1531.5847155110425
73626141,1882.858283408915
12420303,1403.0493762831688
64008469,2061.373609316423
44066450,1959.011798651943
27734466,1041.627231848641
30219489,1193.1206502198793
43296487,1477.8458108694554
22060633,1940.0853963300358
23197881,1504.7880013601807
65499520,2156.869022208074
42012431,1380.930250946146
42076492,1648.9600528481112
92931745,1612.2597119219697
47924563,2132.645754634749
17036042,1601.0866021176196
79903869,1058.164984840145
27876581,1351.1595302374765
10911722,2029.542828765249
21207465,2532.223941883911
90406241,2277.125813325048
92048586,1877.4348509140427
72112785,2120.4738414550498
10881048,1594.038742381945
71511312,1350.4055338387018
42854203,2088.6654366053995
23271785,1822.0898088096228
92261360,1487.875185825494
14679655,965.9900750724114
90532154,1453.3160759088705
32402071,1309.0394836334667
90864060,1482.1456979793236
27274358,1155.389758047046
26334631,1732.1795776890299
39224642,2038.0920716944024
19272671,1826.0407993923272
77841869,1252.3142958049118
27204546,2137.806241174658
12405459,1327.8472449113374
23265034,1878.6498529854152
97633242,1477.4856844425228
15746059,1416.368964847336
91462754,1864.5878616758741
71359730,2369.682181774385
61463575,1163.7863659030882
66429439,1307.205116718675
63351764,1059.4343581126395
96265907,2701.2047740448866
87085441,1493.529154158684
53920662,1617.1302584806474
67679919,1727.176586920776
96779897,2656.6280567873177
27837717,1677.6816506958282
37035368,1791.6956933603778
26123523,1586.6439167520364
79652243,1595.2041842253896
91451403,2281.8240924779334
29758902,1012.8201833184147
47019965,1845.3595723718627
14375753,1597.1154317775477
85119076,2103.688445964144
58032446,1639.7500463340104
58129049,1673.7602335774761
89574518,1347.6016462899936
61206117,1950.857218594284
30554474,1150.5866995717597
65452020,1904.789029325558
97089415,1868.5854592066541
75395475,1620.8211061693362
58881030,1758.2487387003714
49402947,2855.9267656024517
68947111,1885.2693575287356
48259609,1644.399240449635
46561397,1576.3476541888554
99687364,2042.2246839260245
91051315,2358.6315424667846
88446486,1942.7235241284727
57583992,1733.2521718913902
50054814,2173.0475450493777
42048168,1510.2686173151558
49480319,1524.8489352906463
72653841,1862.340918610535
93923592,955.8092930999502
60863343,1581.158309453539
64544903,1232.858646809498
13683649,1533.5906752885649
35441685,1608.84515953587
52702103,1160.3992382753422
33316809,1384.4333641895773
99319395,2162.162454977655
42958811,2412.004443901457
79034999,1388.8082218208358
76692806,1193.337513073185
12247918,1757.927852650561
82872484,1723.290547829729
74712172,1803.1649246847448
40198101,2170.1836846718666
21709825,1647.1343051253707
56134477,1529.2891293694686
64741940,2039.9747247839296
20094279,1625.8303090075262
86415472,1350.9638218094576
71923505,2170.9397349097553
86463105,1596.1777396741495
27182144,2323.116355871823
78605487,1336.36644687358
61339703,2585.5696484059
19457777,1639.8665735041163
14282521,1597.2369850343864
53055745,1588.4895699783176
64045100,1210.9538896752433
67336212,1657.3084483358482
30110453,1817.6449325679087
84766140,1258.3566631054937
37132913,783.9117619751933
37337576,1656.798212090349
81785280,1451.020063894955
33749639,1490.8997721001174
65293655,1659.5214655937518
99472212,1111.2932137053501
78611736,1540.0515855078263
34109955,2328.049507293164
85732620,1571.9745035249919
22271257,1893.0838758470402
17111467,2898.200789566397
87529909,1373.2554029768555
80109140,2011.941103893492
74139761,1770.7742574030024
46468468,1351.1867828022762
11871024,1820.6714378625159
38948416,1419.6255700723457
79710564,1611.067500797959
76775271,1524.4232590737247
39022631,1258.3031924869372
90991831,1908.522777567852
89162323,1816.8455554726131
23588134,1484.4768959689131
97925196,2978.4847126602062
73394555,1119.808921739603
81939394,1053.3134932378507
34503849,1878.3762983796657
97624284,3062.6108912274944
83688015,1670.271849285173
26753007,1158.4869290058195
87953339,1699.827220805851
63187534,1364.4979804665984
67816850,1048.2611595774658
58193423,1367.285668077034
63256520,1485.4128384847008
14482256,1167.0253846232724
70047018,1303.0929521152175
25694473,1325.7423105598987
18876734,1298.2745922256918
24815106,1479.8194436998922
32093953,1260.1311456205078
21672606,1960.6677799689182
51265019,1553.0368423533805
46633682,1401.2126477661411
99505720,1868.474306851645
72684116,1817.0658582254368
73603518,2160.2597764420475
42812113,1991.5915705091636
91497924,2036.556823173866
94645725,1488.834877262563
83011406,1087.316325821478
40459671,1274.839862970191
28128683,1461.3711629187867
89799485,1218.4003082593754
78077056,1368.086634880516
60018274,1882.4394100412849
63035070,2936.254296934233
50452662,1899.9131170609526
90748238,2431.961261712306
19626211,1363.5038529531307
76831160,1602.4129932058602
64430456,1254.282285401279
21788725,1655.3166055274999
62692428,1207.339643398985
44601450,866.6649688757024
84918858,2272.34362063055
60654538,1893.3219710605993
33549671,2586.651133556871
96482407,1398.4943546733762
38139452,1598.5773941400164
25148521,1543.395227452241
39090111,974.6927681019862
37364225,1805.301980611693
79808740,1658.8392026100291
54570288,1877.2560433817598
81519320,1539.9695237254455
61290981,2136.204652687866
82595740,1423.3966891425275
99018938,1582.1268948537834
84429722,2305.3335200486677
70463415,688.230189945879
13251670,1485.3471823753148
63915791,1863.3000720765212
37156544,1867.5477406834816
19087720,2207.2076060004765
15777066,1590.8203527818198
88419707,892.7882015585672
48515636,1521.1198892937377
88810042,2179.9336059822967
55078871,1602.137471993701
82278966,2227.162467205182
33265741,1289.4300791561484
64678931,2029.0096733183639
26504939,1330.8287663481876
64056925,1716.4772076262136
46046461,1487.8496165937618
47352478,1447.0883681829196
91442238,1910.7923790262926
89293921,2735.5396525218207
12378808,1339.0112879975532
10153799,1966.0572281741731
21954731,1079.7907390511018
76938502,1576.7885510670321
51632874,1715.7053736171276
56510091,1884.8335761993108
54773302,1574.835524902072
29181400,2461.5638482936497
36937513,1385.65831236287
75732466,2348.9938637352325
53117846,2362.018261187606
38538746,1851.9376599332495
27988038,1932.6886331313053
48886162,1689.6767514346682
24085686,1290.6444369565602
57820012,1445.2810668175464
46878225,1132.1429183580844
20632751,1536.8059262755496
47775231,2949.461843580342
46789610,1701.5971145641256
72806360,2446.5045670577865
21856002,1113.5372905457987
42319053,940.5899882593976
99630613,1091.0350347576152
61255494,1959.2361841477996
76945971,1385.3074982084834
40393163,1925.6907875414877
81941837,2019.5167044219031
45930551,1310.4020795086317
24573538,1828.7133869155762
52994547,1628.5778863158052
28445231,1676.5253077771429
45643109,1981.624042733826
75887247,1266.9032028313422
46367713,1392.1481513434298
12575157,1740.6711996868337
85076068,3371.5873989465604
84603623,1169.5437197376143
45514815,1392.1013712870842
52278951,1444.2991048710946
50360032,1050.7769696200637
52896193,1579.3345433132108
91847198,2945.7619720026846
25179521,1497.5409715751653
92545328,1951.7073512030731
75231573,776.8120389105003
37926120,1838.7232967415512
51096687,1729.1358066605867
62646217,1265.9130670199186
62619222,1773.8135616250236
39457866,1447.7466078548841
47130686,1554.4312104305527
78763249,1210.8500257998817
69618147,2065.82233947283
64127746,981.7896300606736
56593004,1779.7568306091487
97403924,1365.6846504379093
73948550,1374.7149550214706
11236514,1790.40717900872
54389520,1266.254213410987
76068841,1304.9847519491734
59631248,2565.610492388806
34575405,1422.4322318306092
91359645,1463.7554556374819
14542871,1121.6458628520718
37836409,1340.5470316270294
99958710,1212.3705804757342
50329848,1842.0079722799917
55825298,2176.685280850655
43158591,2241.368234979185
95022900,1301.5131769520863
11903900,1595.429494684078
59905554,1247.6697822403282
33394781,1989.861513145577
85262305,1827.7111460687697
18156267,1874.4376395474444
77719072,1369.4483718715749
72353806,1986.8900733851174
61973490,1830.834593385538
80257850,2180.4049911732754
27763246,2316.111185196856
28152447,1082.6974039672798
40447839,2108.3957992726
88401173,1515.2537364211296
77151749,1817.2042744600797
76938434,1421.0604647583225
14595997,1143.0965824324273
22245783,2247.59757843926
45164346,1525.627964190136
44320199,2044.395576685523
35470526,1542.7878123589926
83276172,1582.6935003666497
65081928,2272.1455866483693
34774976,1219.5454463178908
10096416,1479.2281186515684
76574726,2650.37522936877
88509347,1981.1820322800174
11304650,1469.625796369418
26418453,2233.4087301654
69643263,1506.3497984218052
30241547,1306.9793649339176
89725513,2578.2569959329867
32289745,1941.8218627817698
33888699,1337.1471346876206
67508421,1355.7284822576548
86446610,1454.425833330974
71641515,2511.3000261516195
46243423,1677.0927130909856
86921194,1700.260235641762
15222892,1690.0893872251575
29435694,1543.2706642885353
35795322,1864.1146202504488
39026338,2140.8547283541398
27051431,2049.060731712941
91107111,3023.294950964229
76674186,2260.908976467579
17932616,1379.704206756452
86326117,1168.0691439262782
64151997,1828.5757371703103
