customer_id,monthly_spend
20451981,1813.3532783436578
23251656,2681.319711372741
64082260,1434.0625413078276
82505923,1979.4765923758237
89981994,1485.1442474114563
64973937,1240.464117915494
27610278,2063.9545565035687
35883083,1275.207265898788
20490020,1643.1337129613635
54517670,1276.4997117660946
94359232,1696.360666275808
17326886,2486.5714554315305
86594167,1779.455278479153
94873255,1553.1192792874485
62944765,2450.9721499410607
95482882,1271.5378747039103
76963069,1400.994117735843
25112257,1545.3835064506247
69916855,3107.6404843230043
71088357,1324.5061668326339
50168897,1253.1613506618187
67403679,1593.6472063789051
55474643,1144.2511044000812
54852556,1497.905863247184
63667529,1692.415805781802
48025998,659.4339348486998
93351324,2170.0912244251413
18887996,1583.5247207469126
49568688,1588.036518855367
92911099,1688.4261238216468
11717924,1408.2601402883424
62085471,1687.9922543134294
78336143,2109.9116547644094
13087851,1321.500304246454
33506258,1153.0428829765308
61356554,1983.0537497426058
11967368,1207.375033576351
98374877,1586.5889218936811
76845536,2033.488570354269
59313599,1188.138717970168
41041059,1648.8252324677699
22292838,1530.7338917012833
99892065,1552.4890330517057
78345355,1094.9243290916731
85986903,2819.504447680097
27715035,1708.7163734207427
66099730,1492.2462833915984
75346786,2172.640207032039
22860710,1733.1704709197472
65958654,1448.8680247639372
82607442,2214.3248639724193
43471475,1573.3031495448733
36465070,1209.0824145752747
21931749,1509.2162190612928
66815930,2709.6015171152467
44485157,1084.5710802757217
78728059,1670.4287503178705
89264710,1372.0957904148268
81874643,1726.9369887517792
48603927,2344.1119089917697
20257622,1156.108911097218
88360790,2209.8729005776468
79411556,1603.9118016108891
24819092,1380.5365340737737
74678656,2412.1114212499283
22548045,886.6886430395098
95827783,2408.8082792747296
60019526,2471.9581516203716
82548254,1603.7443441900496
90453319,1590.6508436624179
15312091,2239.1132270795606
34786964,1215.072902031494
46684232,1155.0094869892541
84597099,1765.4267651634107
98134524,1222.7024782545802
18531043,1599.6470053852036
14953383,1589.4671407448025
80944054,2181.3297818183446
34873753,1403.6515377284643
95577033,1643.3712850501888
50215436,1029.4109639568005
95347203,1677.207104320127
58614046,2170.6373111615258
40368791,2115.5919310980503
23316775,1849.755172296688
23331513,2387.2097723715437
40038060,1451.461014127512
22096579,1266.8979264968236
24978810,1581.065636358204
65890694,3166.4481783686374
47906818,2107.6502934284345
38478694,1241.3188526197018
54797755,1203.5680142896772
44533278,1402.622509765336
58182080,2144.1849586188005
67491014,1746.3845409856813
45798475,1771.343770362977
41586132,1575.764347936299
22956540,2700.9310074493997
25367334,2002.7531574366017
70503250,1194.0672763271934
58307796,1090.7179559468004
59859757,1238.4617139116642
47787665,1319.0790721193846
69610612,2246.4344307052957
66658967,1492.0398885703094
37962749,1312.8361023535367
87675902,2036.6476256215453
61682179,1488.7260906416575
78073125,1119.3143111626262
73229345,1711.3486885950756
43171437,1828.3736038143445
69766997,1844.0332397074237
14939250,1385.3933184267921
12328281,1387.532012788584
76560997,3465.4302787204824
57569914,1668.256687981767
20883894,1702.5821398225578
22766188,1549.5196274833866
62905121,1400.9541145440583
36295477,985.8208083123789
55610529,1296.8081780638188
40366302,1203.2695585462377
18624954,2124.1962893183368
72668820,2769.312840762357
23817472,1582.3499229765414
99830054,1629.8385968083337
63410560,1107.7970008194943
11811963,1512.8367796225393
68778133,1877.063749791481
61211015,1054.7515971894318
85223112,1678.4121400550105
17785980,1764.6939293184337
51523712,1445.634394757745
88242319,1505.999897529963
66674532,2123.123658095208
76442132,1816.9616761535567
84193848,1336.5136848657464
80878809,1292.3290176921018
92088473,1162.668881630148
18574912,917.934935461752
82956926,2463.196264451298
57265640,1692.0864343244343
27961225,1059.1583201559906
65404075,1377.9002843345322
98698597,1031.1701029800188
63221757,2637.8885988880425
45396691,2237.1919587004604
95724535,1176.2157491466003
98157590,2229.9200707522737
60909030,1519.419154266005
20932142,1619.257281167671
85604729,1307.8474046645765
25410553,1189.7441062206376
76477501,1765.9279163098208
29459273,1874.2021377380256
71879657,992.229142371787
67115179,2074.405430561013
82348794,2167.9238654817004
32880748,1407.1930224151017
36203607,1566.4197062354392
20891850,1294.017235233533
94570583,1185.972722835623
47560755,1473.24319243357
39752876,3202.5174435681347
68980243,1732.0508826825023
71143374,1280.334007118815
89917748,1860.7008203622936
30461949,1427.6770593702677
67458886,1065.7787391053382
44166816,1112.1685771428827
48218923,1830.8004906167835
83104523,1322.8282567369486
23739634,1837.4481206024036
45544123,1747.107592430556
72316980,1834.2397480853592
24805396,1228.358845863714
85045576,1886.0000636482166
21314164,1786.8807287843927
52842656,1174.1339792522506
12382139,1806.1877373095663
88152347,1429.2251511452473
49270171,1889.8799084347902
20221404,1326.5057748181694
25851974,1413.4922807730886
95701680,2222.7974774318427
83739665,926.1465776836434
61996348,1588.5735687357003
12797236,1843.5849515203013
25554853,1272.3668633940053
72618187,2291.1341426592053
77583489,1593.1178058608557
79450582,659.7971119743884
84595636,1654.2137951222053
89981949,1322.061428825339
69424476,1532.1460270412294
55064308,2345.424977296657
82956266,1622.6684500421031
60185159,2275.1319315498317
80612747,1791.004176374263
41303090,1460.9104164174494
13517787,1941.4256511922472
34078093,1597.6182898427078
69030112,1736.0468158385947
61791328,1718.9108303038768
51789245,1227.580058585798
88068699,2529.5018169214504
33399367,1343.688850096434
79597553,909.2323792764953
70695101,1560.1868796593499
98169962,921.155449117975
89251190,1706.5284789118593
53044281,1949.7195625512895
73528670,2788.7729251954024
14751149,1728.245197570674
61490053,1644.5630177344747
51385275,1530.2919488714208
41764194,2541.5081756737636
96598282,2198.6807707528487
96823449,1315.645666570068
30931247,2073.998035827381
60872668,1313.1880997162805
97835669,3085.7678956962745
36785828,3217.817925957965
25812131,1518.7750119657082
38410800,1858.072842955258
33023072,2095.7770614524006
48250594,1730.24284763159
94891015,1248.8888807095343
65307671,1184.2728347010498
99621779,1919.654839594098
83959755,1195.752493528418
64535310,1383.4674381015636
30594968,1657.6783080850448
10263960,1388.101466766049
60876075,1825.5244720847088
12217583,1833.7971031441175
29989580,1202.1150636778768
31184452,2047.8869799325341
16182148,1550.1890914594712
74700470,1790.8102969000902
53084609,1170.0560295653415
36052930,1385.032343163786
86583512,961.0366173384667
10930793,1872.0209856321974
74179918,1031.6306774858265
89853445,1253.9479771485478
75258370,1245.7608168144957
93197004,1730.8895353426585
16551408,2188.9032548714326
36115326,1925.5742925351278
47243451,1661.2818113606775
90773939,2659.0800089347003
30735291,2329.5332093602906
66891211,1067.9903812996238
77142249,1193.6789754249126
24530798,935.8809583296321
78204046,1384.1820522183095
60230110,2116.783341692732
13017302,1974.9404612785154
21044447,1518.082291508284
28976655,1639.6019577153916
52214813,1728.095321370196
61575366,2049.4493553163757
23125986,1108.274475786453
11614855,1340.6809348277018
68090330,1711.2379295809644
31241329,1920.9226434725151
21561157,1417.5195030006787
61917300,1702.7829445125244
82147824,2743.1003804758006
91513421,1269.3075025199723
30753790,1553.1886296236585
33700064,1283.0104126932195
86773406,1276.6049497049823
41719197,1431.920210220467
67399596,1249.461211419094
37696535,1209.6190023641682
15791208,1403.9425633858307
24348676,1192.7035247402694
24480974,1799.8837897811172
49440078,1378.3669204520004
48242779,890.8341727844836
13405947,2520.9150613988154
34531671,2080.6266186675784
63652222,1368.7099950056356
97745210,1538.2100222749602
48557187,1324.5909705693605
79801016,1338.644304237437
93409518,2093.0296999107136
48891463,1019.2768862000761
41134793,2310.707428229713
76776302,1710.158752826528
89505130,1387.8929346754892
46129267,1462.0993628250776
57862630,1140.200368367987
32227094,1161.0890265921128
72887559,1679.3708885241872
97826236,1144.7548489763476
40250768,1784.2587256186093
56765848,1137.0429728491445
11244823,2485.572510529929
40189321,1629.081711335196
68120430,905.5432027170842
64917610,2196.095901113009
79290200,1150.35334452208
13110537,1598.736781732778
56816135,1141.3967875431786
27525357,2819.950439818747
71914367,1728.4316520641103
23989491,1165.9861051229293
86436168,2008.3910388664267
63499286,1628.3701412298635
18619374,1786.7878773781806
52222614,1371.5622064522938
75467866,1502.9483493716439
28926111,2257.97596438563
98661834,2967.2435390502233
73087852,1436.322378209902
48887326,2077.160535206355
87383314,1709.9653328678844
88682579,1854.7925705786402
12617324,2685.9793738296394
49224165,1412.3333578575841
69951588,1804.4261343357875
11713703,2002.4988519855924
59435002,1666.3027179752626
61153563,1525.319163433317
57206499,2720.392328770285
89140242,1639.113578164351
95100771,2402.6623566159424
32638417,1098.4883737057883
61625712,1209.2357943934137
61250133,1808.7889895178787
17952873,1478.3354317057892
14513813,1390.3288629000178
57500282,1347.933627134752
51340284,1414.5775042278449
35897956,1464.820409242631
21856280,1722.3468436852086
36786275,1398.1347249982548
99178725,1462.4064305753593
48955886,1785.6717664591113
51811678,1377.8982934562546
81930210,1692.6685273884277
49161318,1641.4567463461644
24723720,2152.3049791852873
14950936,2419.7592961467003
54638593,945.1896230366704
98115682,1580.2593087280222
10533857,2273.0170949724493
87478097,1468.590848522878
60429975,2012.871857719634
38969729,1644.9039683862388
64656132,1579.406870689142
86963086,1504.1410523255722
17268859,1427.816657455157
72142121,1762.7401742203936
91574809,1612.1664844314882
54272037,1807.2417112892879
16058661,2056.090277470438
74133244,1089.770841604579
14281752,1491.8574082681607
46666867,1073.3231954143564
75686584,1577.1921275200443
25546684,1394.3548531719791
80619174,1603.4908875291496
61749604,1477.5955655308544
38248391,1133.9942690576477
16877088,1187.0676939889536
99140321,2119.6563538084856
15975231,2852.31637711259
40531945,1606.980145794359
71708672,917.9135604107652
85030779,1797.4883490008383
61117487,1227.0871622102575
42638536,1894.3392521531152
82326061,1263.0483585572053
17028661,1171.8146417233506
26048783,2172.2037022067143
34262255,2180.3924306113
14326462,2044.1100559340239
93816989,1422.6325020691306
23690395,1604.8339148277712
94999262,1571.07228834103
81971277,1401.1632675927615
90562416,1495.7777649581262
95799765,2338.801885576427
89244724,1901.4186172722393
83879641,2985.8773116044913
96424387,1711.1483397320922
51051501,1285.0055724578829
29249441,1620.9277571916996
62893412,1297.8859743902144
61417835,2224.0251333594315
62755928,1535.587767059725
66501572,2370.2599511045373
76084740,2663.6609870812204
27624326,1848.350890643308
86757966,1580.471022039076
92455037,1194.3493226018732
67852942,1934.5515745167168
30696098,985.5281754669676
44792329,1181.3010755264982
10390388,1459.378230017924
17826936,1809.38924500453
71880941,1520.8149944931495
98184673,2235.6701928279667
60002125,1369.4107965435667
34664804,1165.6750609108428
37594595,1006.0241692381004
42980815,1865.2738209880924
25819880,1576.0372842004776
16484408,2006.8235587869715
91766904,1370.4244339130262
82866803,1495.2653554159926
82424284,1553.2790457866054
72903422,1550.6493499708288
11480750,1837.3070529001523
96983867,1764.637785134603
41426492,1341.1593663654307
24002286,2255.6937760041233
18056145,2150.8090683562714
72362977,1129.373362377444
15977163,1861.605248683914
51036186,1368.1348478310283
34918337,1942.8919242263125
20599813,2043.9015209067604
19900890,1689.7034671751967
27971378,2266.021837854223
50965403,1652.9807071536422
49026734,1113.302369620278
14192253,2496.8672350493252
76817070,2280.381797969888
41164681,1386.6084682764078
94312885,1704.8416766380558
38527851,1089.3064084915172
88279496,1882.8337248409164
15498361,1517.5320880887523
17691622,2714.09550638712
43719564,1311.3176381770686
27861137,1300.3338348998182
20308452,1449.8503316002264
97996598,2190.360975847601
93656677,1097.98359337096
20464937,2290.470788497994
25195757,1503.4803753764072
95231592,2004.0674416528336
96604510,1194.4419421461992
12888073,1287.7673193720257
99408984,1983.4515720465374
65238591,1485.5323989682581
24114707,1435.3691939458322
70796256,1246.6070584325066
64703869,3412.6014672218193
35203752,1535.7667485926163
47453323,1004.3341807167751
12385313,1352.2293199127664
54441418,1375.524051586086
83549825,1182.674717707408
20370209,2474.58174151019
68357218,843.7136184409496
62743829,1609.9758208087374
20331898,2171.47212908875
43934228,1573.1855252111168
47620709,2510.9078046987865
75355275,1495.6109239294155
63446649,1751.519778183469
89051919,878.0204566735223
92954904,1636.8129042595015
64731800,1513.4223215267086
27945685,1870.8073400046505
98412215,1247.0884772447848
19535502,2133.3948887500746
66516822,1689.8755116173088
45373292,1198.0679049254459
34711249,1378.98295588766
48370651,1780.4040159724555
71354510,1492.1130245006273
56728847,1069.1011753228763
40004525,2340.9718949166663
94648945,1592.714666696079
62756732,1348.0553236180608
80428237,1619.051775770231
64878556,1717.219264697376
30597278,1552.8483307985266
40357660,1736.4244994378996
98010210,1512.0770949310793
43275959,2006.4707357913594
67938712,1399.1332500440399
50506973,2193.487726168613
27421159,1331.768905807874
51123211,2510.678705281059
51887530,1277.3585533867906
68372581,2075.619336496906
31184062,1614.787659435014
55543655,1892.671731754931
71805162,1832.035616079825
98612541,1531.8713650726525
67235486,1376.6776947569497
35490134,1674.5397271802788
74647441,1412.164772460514
73962817,1431.4496900484908
95192638,1246.2425583751829
96803902,1531.6283629748111
97635826,1206.820225679016
34428942,1857.4923700269946
86699979,1815.028946356185
79766437,1946.6532788066877
55732878,1694.3484281995375
20035702,2901.372052410253
54997853,1918.5597693670568
91776457,1458.6737109869696
13967606,1515.6450276780286
88365927,3085.0072578797763
92907413,1081.6105378026132
89771364,1694.978110991651
75648081,1393.9727368404724
97365061,1215.2640221350414
29587137,2181.4339505073713
22019813,1390.914283048356
29469529,1740.5569756604357
66670735,2086.125465498114
84380411,1827.682337951187
17040729,1868.328850916841
25307807,1845.336913756755
33962361,1295.399518086616
67969299,2126.6952067140655
38562471,2357.5811243288595
33114742,1853.7624034853525
54307298,1129.106778901356
20058700,3551.833446711031
33779532,1978.5447680940667
88110162,1210.6065891082073
36112292,1450.749735377336
38475061,1759.280945542589
92644264,1669.0608868930815
92355731,2100.6558405968676
75478249,1753.105948391792
23875741,1002.9687071236892
88793850,2194.7677080717317
14142195,2488.8822047954804
67422773,1948.8193231683404
36705498,2063.778189338962
62072834,1732.7331755079672
33337577,2143.5205198166104
14298054,1911.2128295705531
96998725,1202.1961750403439
70579244,1671.7392218593313
26844678,1959.3411774650858
97441250,1440.457077240197
49239286,1754.853958562387
19469855,1163.724530905449
82552850,1010.4661734879764
60170958,2673.6877082818023
28237826,1937.135844327167
84208342,1779.0830724021273
28295140,1930.4683313245412
38477827,1500.0897202114736
54941872,1335.1267071200357
15450767,1612.109306825365
93656934,2021.3739480415097
54273142,1342.8931997918207
63648675,1173.3944027977525
31875954,2063.4668630523033
60881802,1863.8753765512
17233443,1504.3689500114685
28953932,1478.4935412603186
64958348,1576.4801736755614
27038940,1373.6287111376826
25667330,1390.4033590832169
89200812,1480.2066450828884
63109620,1225.5449969368105
34692595,2158.174951190255
45554823,1327.967604112174
50487516,2213.3858696893785
37970303,1822.0412924678744
20944145,1584.7463392056218
54232510,2378.846107240416
58289637,1472.2277656311212
70295882,1043.893058349022
11855847,1358.7970488634303
26640485,1495.797014042191
92806514,1806.471340829787
43703605,2183.404770251886
75507937,1572.2159582053293
21361381,1479.6543860778747
73615273,2332.55921946647
92437179,1643.1830139982053
57813173,1444.29158363267
99373127,1151.7544754324315
95805212,2357.110199283873
61946147,1508.6024537692224
24903202,1375.7685161782988
88268253,1391.7701834677787
45270713,1367.228984878207
67013519,1810.0450075189606
64480094,1263.6557654107314
18481385,2206.8653933741384
69314375,1397.145023534338
58464172,1906.7828729882508
57844179,1628.4847560292
65371057,1451.813760958926
22749627,1362.1863585844837
64747851,2267.7262692528984
35545690,1831.4426839076593
91575937,1559.0830035178958
11663787,1476.588467819381
59570536,3043.9815986517524
53724418,1559.200530407183
78572661,1428.7587121188349
38544041,1777.6363270768884
27091356,1931.6784237972647
20013110,1167.9896429761322
11862841,977.0106906597233
54926458,1527.8972663273291
72702715,2713.5604726843294
65477001,1330.4496537419736
99407693,1381.4861864656589
15192014,1751.0422297450007
87232785,1722.6297898588534
76412402,1506.8427949909897
49393943,2194.6547642506275
53853124,1221.7275175858822
17486636,2426.114675244852
64895733,2656.152900809251
64938150,1353.1446832651056
62321885,2070.3188322627702
14616504,1417.2357312320457
53996148,2021.237711378878
17209399,1950.6601256568615
25102335,2057.415193458093
54515012,2398.5154971378056
80596244,1337.3097619057048
54217244,1322.4130992614953
29133774,1447.9200044482145
60727794,1692.6039105416182
55160698,2410.8212132328094
18231141,1835.2721973788161
91091163,2160.6155342839456
52747750,1721.7592148056865
97932301,1837.0682633632368
77391969,1566.4823350764045
64274314,2260.4668025222754
82861922,1355.3195006435828
95155142,1463.2346961313056
57522876,1045.1199185635476
46054634,1426.766051530477
32006732,1588.1537328995287
62808198,1182.673631374206
60875435,1684.0845015999
15688688,2096.532275234809
13559129,2082.672273188143
25489744,2869.845561958978
55669591,1210.825154198637
10763911,1310.9107720938675
15579269,998.6503583463947
18433265,1770.8753984208302
72131946,1047.996095296444
50106249,3302.3488069945574
21363716,1192.727430749613
80090384,1985.6749419855023
37971475,1315.4071739760361
31314120,1638.17666007943
73683678,1960.4961101434837
29703095,1611.391997536234
87144591,2166.2150748838217
44689207,1351.335824049457
42450190,3164.9865352533507
92653218,1698.9115878623059
67727493,1746.4106240537692
55742747,1797.2746282420321
96941026,1116.089099192283
89824134,1385.1815388457378
19822449,1239.9620714815367
18676315,1270.6623792441146
17316044,1127.8046187556622
81559769,1160.6574662415137
98912158,1215.895333136549
67772871,1822.0197434987274
65921862,1711.996872505999
12636566,1280.445074049466
88608909,2128.3336853172495
43902318,927.0343366984846
59512038,2095.143897692966
77976362,1517.4341436638372
57092914,1729.6913062302697
47412567,1592.8813397703848
17145991,2787.4996412807186
56270450,2853.446485680266
47467383,1569.073272196316
10449714,1792.8822215393768
43156511,1756.659535957075
71377851,1782.254868716069
54093810,1689.3204299235465
78096026,1431.8510670379042
57320154,1067.780845558814
45383520,1123.1933655267146
38351707,1646.1018875511475
70796190,2682.306256715676
29977177,1640.2897314805004
97584339,1494.275587143487
47886559,1149.8201396601355
45622137,1575.2680041046156
21500277,1269.239042539836
47647928,2276.454390666196
54496344,1435.230317360389
44268785,1814.1673840730816
75946241,1378.3233161863145
30459191,1287.9770703761938
15840319,2214.048197675552
72588739,1681.824629080121
73017157,868.1743024967575
25420365,1624.0281356891894
55377863,1728.720252704615
51370964,1608.2496655688979
48905468,1554.975952348202
83191846,1669.7304363945439
59334183,1624.5322405840077
94009638,2237.2065670125935
41721760,2373.555602885928
35401283,2194.1107008143554
69685525,1387.6283180342043
84271975,1532.3698301587779
95753616,1220.008035128202
32526219,1051.1291470589297
64532934,1162.578991842962
76031822,1681.0794412106563
52468855,2185.433876571544
21028902,2362.0760220182574
34108713,1507.5882290686975
84943048,1199.541876967464
84439701,1815.392741145162
16539498,4393.67071061278
24537949,1408.5249415658152
19537971,2283.5097595531224
72069403,1349.1312773839904
84333546,2313.689899385061
11868598,1911.9511158982523
72165230,2043.903963339216
86606477,2869.8504400848424
85432562,1890.0570118143658
53853013,1860.7172327599171
87319378,1573.3797651333293
32466967,1294.946474518314
80519195,936.9627442605142
12289146,1413.2355765008588
17893529,1604.5536729754997
76217556,1388.6942509735413
27323024,1615.3882471729612
86557861,1641.5463757086914
37601873,1829.1442668892855
43146250,1271.8933360002663
51498335,1607.8695122195425
46939189,2160.1250890725587
36620181,2859.4430425669793
59890806,1631.6125465959033
19160668,1296.6205631922253
94555827,1482.1611442004375
73451577,1579.3932793959407
83828090,1425.4110628674146
92021594,1007.9110836468263
15822386,1502.5409338829443
57405310,1242.7611678306005
22671359,1043.5636921070923
68101436,1203.5732626985057
66910009,1536.7508670403222
55778706,1861.3127998401014
75120697,1568.8046586306998
12885545,1495.183657478414
28604372,2016.8069703524461
97297156,1311.044154542295
18964928,1482.116090188016
61244754,1591.3164634771226
45178470,1494.1472815082823
65250669,1382.8340953474988
75566313,1590.955651337039
25053248,1725.472948153948
71082761,2971.8029344991614
25210276,1561.408737288451
39718089,1919.293978702158
51364178,1694.4959916606
31211994,1601.590326149758
71509945,2226.9871693507985
98330029,1224.771112002778
22456435,1391.1736445408944
56912862,2147.4376734724
41548833,830.3483992672128
34760776,1568.043575608867
54015943,2381.8163748800057
75943554,2329.43547230431
61847706,1394.488290314287
79766441,1435.766869893528
29099073,807.616037107407
92971983,2285.3540360396096
77042656,1333.7141514557334
41355522,1307.2221402299074
37905258,1444.7157658606266
62845536,1132.0276104359484
70252689,2461.2130651737657
69012389,977.5429339764787
55230723,1251.1664648959315
36148733,1476.992532074783
11166306,1614.2307747712764
86661349,2280.075886364225
39933083,1416.810225629629
91301497,1446.5034306585353
84697954,1343.502314826636
16890490,1289.9559417716177
46638869,1143.1687998547632
44149767,1664.0135636633129
18897403,1647.0479902105396
77411533,1128.6768151811377
62885631,1929.7638487158708
34219564,1756.280261527451
69042251,1250.214819166252
24137005,1194.3451697676512
66305720,997.0104095853459
17619455,2081.8281344710063
63065642,1516.8647149023586
43970026,1941.3132942744064
78870428,1793.3700519930808
72114631,966.192207693472
84664219,1699.9606265365248
25739422,1435.1793898824562
54038039,1987.400496755064
55081531,1487.1382260725559
45672847,1579.6806847558273
29734641,1529.644796366006
63805244,1299.5123056549467
82782411,1797.495082172337
64705797,1412.2492166132135
59326862,1490.5758347822289
48549098,3063.1816756924486
39570097,1246.0930590627866
98000370,1358.0812708027265
63674921,1923.7982130942091
16674336,1709.996674903474
77063987,1549.2000399378073
67143015,2420.8145110158803
10570033,1588.103932653249
47185088,1269.9808975126514
63757190,1493.1201567115525
43453041,1487.9785713111978
17890447,1989.0392250517898
34735493,1064.78980016474
40580820,1301.8879779320737
84776860,1796.2539680437656
34883247,2219.1081016879207
75437035,1608.3736115674913
63198281,1422.061392176986
33289878,1834.4198774471263
42222441,1591.6748613688665
53518898,1338.1559545755558
77756377,1904.4089243934911
66266331,1541.840394026859
75207542,2137.682898462231
65741993,1221.8801461061269
30452290,1081.3009895040775
30341625,1513.7513795398804
10196118,1313.1222372934942
39997400,1617.1176349739267
42764498,2729.271113883945
93568775,1138.7696337474383
60138513,1302.2319603156109
95863174,1639.3106248678646
92194956,1575.9904384040842
34979379,1651.0497840302708
71517927,3000.982948249961
80092401,1078.2045744041682
29853468,1108.2521824203727
95595164,2445.0197095689305
47277321,2423.0250365934653
95111852,1055.0068613416815
49309773,1585.0801168597156
52060622,1318.9137153185306
18920892,1252.2015509477992
95549548,1742.743103373891
28343921,1640.0789804460962
24575136,1288.197426411585
51405326,1458.899113467515
88024456,1644.8060425871977
61475538,1963.2888916717907
86032798,1932.9201218796502
99829874,2067.6303848577863
96251785,1298.878562879548
11235918,2251.154593832836
41084979,1668.7831004411855
31949326,1403.5105167605218
88425482,1177.74238583189
41724063,1359.513160208857
24244868,1790.589302751642
96443454,1628.1753736349103
83159015,1646.038788466588
24632345,1477.4161963818178
44153806,1524.2933061844028
93580629,1127.2178627768312
53277959,1427.0028029388234
99759183,2536.4235540047716
55252816,2665.260619578932
41285175,1546.324392041692
73261084,3004.2464242039105
99347555,1970.2596385761042
70567494,1169.6124993418093
76764787,1231.654967596155
14328685,1828.8881496269062
66866287,1267.0010588419177
49679159,2035.2908942423735
58671247,1693.7873844569242
20236719,1196.7397655394027
34585357,1364.0060869501976
45051453,1206.391889793944
51786574,1651.4582924910285
79731887,1330.6870397397067
54354970,1556.016811137906
77833826,1432.9710207953947
80242735,1219.5978251583192
79336488,3376.7138033673964
51121070,4301.534680169075
15930057,2130.3410578347316
84864986,1803.3332890979675
97820091,2012.9753788072728
76206876,1447.0224550648911
34508398,1281.597135242577
15581330,1681.659303270601
24272114,4466.907176105843
45684128,1339.4129671715386
53910689,1631.3673493268034
89611963,1915.0683731029503
19439294,1467.0748713079759
44476677,1367.2829884243827
72816714,1647.9069860695656
74817899,1829.8469771522157
24462605,1478.0212170695916
62629343,1160.287241952678
60387272,1399.0681626688136
60976677,1950.7895313985211
25938630,1946.4890264672654
89171283,1599.9267376056112
23407854,1311.683156363422
84390020,1266.9767749393754
10131944,1670.4564236495114
61185673,1366.1830559026391
76507951,2192.38277898614
92456997,1505.259969495715
27091498,1544.5761589379943
22015405,1516.8307460877152
64048811,1282.4340645531913
59963315,1782.514770620034
99392827,2070.5608601001886
52435285,1232.0799973220294
68018936,1299.7751996397187
92985874,818.2868504235648
19827012,1302.5078795478162
32076309,1231.8805551797204
74459345,2234.3219531193467
59329650,1723.786991831521
70105673,1427.4057854006749
47359337,1454.4845987098875
27991858,1484.7565939823223
36755663,1628.8506772802987
94560591,1924.724972762568
47944050,1481.9190172548122
49561372,1880.0670560470214
96160989,1251.7502239633181
67474261,1610.915943789874
71965824,1853.9688803221977
13777105,1882.7605891488888
64739771,1462.1383574861536
57691432,1552.4229567599173
21801740,2087.067477636782
74352185,2034.4615585975869
91521650,2096.2224253307268
64797772,1811.9271540012317
48820263,645.8386146322334
14791909,2249.7849837318113
82868024,2464.9972561892864
97971853,1620.4499662228498
75654232,3124.637283821965
30725718,3458.428564336755
83442812,1807.1327334157754
62376431,1829.7894034446856
45295601,948.6163866360563
44038407,1545.894396197848
74138589,1622.82744280018
78812422,844.8119442049316
57253455,2242.0464993634
10109432,1413.051318049129
70492234,2061.298159171923
16499768,1346.9753819610223
29721809,1672.5881614139246
99970795,1991.8265508707163
38494075,1791.9424044874766
13300921,1146.0865887005652
18255583,2621.211640211301
76957329,1590.49008127988
83103502,2281.4640628458055
24570014,1407.4024093092082
19318542,1877.8044176266344
70614169,1407.0252396891567
68374888,1316.7014453477902
10546051,1454.6758843241928
82817153,1234.8669083911777
26190736,1417.6403774896148
26227414,1257.0498673932145
55825692,2163.2906455648795
65550483,1993.6880331638888
14872097,2233.7233406526193
32405281,2298.5666039413068
37055817,1367.7777935106947
42617798,1613.2314026215363
30684771,1431.204522483824
21842298,1847.2240700363745
44215525,1602.3911043124047
54734331,1523.9860858468664
77244965,1354.5647481493625
31618537,1786.8500304794404
10912371,2008.6357588380345
25284273,1355.3906656252248
63793006,1530.0286356353918
40346903,1263.667090617687
14281423,1333.9360982016626
10329833,1487.6221086748415
58147868,1598.5380057075076
62215262,1280.1831897075206
11535494,1558.278424886902
55289261,1808.575926672855
93054393,3316.785644585078
15613905,1347.0002647802514
52346993,2742.1352658753194
31426410,2052.2009459718965
11924915,1358.2695832551638
83461539,1997.0418615313995
68351051,2318.606474704758
23144760,1433.9729977787638
97049626,1658.328580652545
94895031,1263.4963226545794
14702382,1472.1863771718497
22232789,1444.6760988499145
14653500,1018.396872188691
45931554,1147.9304355724003
39099976,1537.4742355915719
65803003,1406.7461299087768
56391701,2266.1238440883835
92222330,2255.9549274601645
93455198,1370.5470417228137
52410336,1165.2463962156144
82423675,1325.6621100648713
25925356,2701.1362275036945
88622240,1106.1678239670066
37830382,2940.552380383972
97198420,1999.2260655576695
21477504,1334.5406776744408
84142976,1774.5177275137485
96401209,1411.9208092013755
18047299,1833.2345814945284
25908320,1717.8494565198396
69709013,1432.9572990056095
63707451,1505.283174885966
68674616,1712.000689916247
41246291,1636.6470186552735
93099265,1683.0510489529916
44969882,1475.0526598130004
94840571,1770.8886270001767
24428966,1638.6912914065283
73406276,1871.090151311863
74093567,957.554272228286
55445678,1482.1470377791202
56770356,1685.7946528447426
20116401,2220.8896396167925
23989432,1134.4071373659513
77573883,1756.912589836179
30955534,2007.497200424604
46007298,1269.292977480926
60038151,1420.9710741928234
16169663,1616.7097186852925
40454664,2001.6059098019248
62049127,2180.189812957776
19821119,1465.811472982863
56611586,1552.066357159398
55267084,1217.7441942202724
55813034,1947.7271393345834
23867957,974.7855296992952
90096160,1313.317305696821
32751852,1544.9824754122255
21394047,1209.0632652326728
80032862,1357.2472878506103
22418983,1466.3705031117686
52802197,1177.4215655878495
48673505,1268.790560057905
14195685,1176.6190786555326
22205138,1635.119463872968
96628154,1519.2947105995686
44734813,1285.645658977284
55802873,1682.7582348313322
41368275,1583.8341848431
67686446,1170.6923836368128
97989934,2360.1925105186433
65686117,1125.0039711374288
45591525,1792.6145026344202
14884094,1487.9888575661405
60291749,1389.0565232484353
46418453,1544.9081166956214
30133967,1880.1279091606264
30307611,1540.0218177255642
76539721,1669.0071426301677
93325285,1064.7644462826834
69825909,2054.8909776668465
10220197,847.5472153812021
34178403,2523.234908221743
67327944,1461.3873353898314
58361366,899.2202493707018
35080838,1267.5876643267636
24415695,1484.049089992761
30354080,1714.2363355042223
24117628,1805.8120894352235
62628994,1238.5462874220907
51012198,1330.5141053710606
68125143,1611.0738948275289
94485707,1669.1555478472771
40172711,1596.2646186720806
17647583,1921.3087171132331
94790367,2041.1023159035262
18254706,1394.3329490874871
65733568,1523.5077488551271
58357649,1392.8446146874642
42289495,1702.0915975629093
15020288,1710.9276146067846
31419590,1472.5527606789742
37233713,1318.0810943062613
26330225,1470.4675081404362
73976501,1661.5430418914511
90642644,1092.9421101005723
63791881,2414.515556390882
40102213,1613.8892356100432
60203926,1449.4306630202254
36257216,1278.349615247329
24119768,1923.8442950178385
30403208,1714.0194928011
39737862,3435.260427655933
41150683,2182.664555007089
99351268,2103.362140456275
62692262,1925.265437580151
72711178,1491.7133127655322
10083097,1529.6577692965618
65370298,1621.5012442158045
84388395,1239.8858247034507
52114454,3242.827879559208
74646950,1629.101164637409
72720701,1425.2832884965906
45732529,1660.7491689655194
10509116,1978.327797246748
36154567,2103.5779543387534
46124383,1829.3202622983713
27866730,1994.4507225094042
62320931,2083.71329403863
78979954,1469.2001466258953
52531638,2339.1365436066394
70662494,2227.6214341086215
88174413,2280.924249436254
21513664,1166.3464682359074
26546743,1890.491187052507
89094189,1926.9343218491676
34006202,1219.5016980387263
44458405,1382.4986451813736
46102741,1951.2256703262892
80947937,2318.235204517316
73456376,1247.6730464841783
27640503,1263.071328472137
66469621,1772.4848208252972
35504694,1551.8676275172306
24815317,1146.7897865087268
58171289,1646.6258982859079
18612790,1984.1818368000447
63428669,1762.0492212898587
57949817,2393.5513357138643
72876573,1469.5787993412096
96193736,2964.01533203297
57932688,1762.9569289049766
61617398,1765.5754341038335
57513357,2099.0196929721874
46336493,1375.9432062041037
56173102,1432.2061872158117
22210971,1442.8500768696288
27397907,1271.0376273180498
94750459,2397.2450320166995
23197778,1531.0367787148336
62692781,2573.8515574851162
94164438,1815.3593421847947
19395402,1546.8452127475966
94219712,1705.0515647121654
33491568,1292.2280212988082
67632603,1383.9262659489693
19852962,1970.1892601156749
73405784,1702.5108211053328
88192699,1480.6883246188863
29867417,866.8218780585202
84909546,1573.7033267103468
52598919,3471.4313925224137
86077350,1170.5440077115209
43929538,1730.56697338839
89992133,1545.6930713455226
33643157,1350.5512290609731
40190924,1462.2406362151396
97098808,1915.1726320956013
87635513,1631.7862297675651
16478169,2078.8415060494426
79498204,1943.458435572804
62568791,2450.389578149036
36457296,1463.0185640630532
29599077,1503.1933228554567
22644116,1941.7201730268523
69419691,1325.1130412291452
21970018,1691.9759234911712
31666748,1455.612226001311
84691804,1837.683016533597
19277545,1659.1062355943902
78443496,1171.4446232709201
92759112,1365.3535314712385
49629913,1636.4310559462608
14874574,1133.261321418113
61108399,1458.5168855977881
53618559,1489.0121785935812
46977752,1489.8249537091078
87695599,2193.7697177562327
68430793,2229.953308836423
11606038,1564.106940566578
52469720,1085.999708404249
91726930,1525.3839901744354
14558288,1562.9736643375124
98640275,1482.7219295666414
82918511,1235.489482291064
32992592,1000.0886166908239
36930879,1686.3113217675498
73360172,1471.3062616718337
22281491,2659.6477607078264
33813436,1533.5357155445508
49300946,1897.3314815727608
56371129,1774.3057731804329
83899433,1737.2830669510126
25827679,1809.4857192854515
16631062,1500.8393053233287
86793673,1880.473011608629
99689707,3071.4363298807766
69776211,1375.637344876948
55892015,1197.4180939655719
19716865,1836.1052279982518
46860460,2395.3653913072117
66143638,1411.0727332660558
46241046,1910.626064716142
47497471,1704.6604215967707
38256243,2342.168077443559
90078699,2186.4573421713058
66607961,1719.9911195802881
15632043,2204.666354129722
81498334,1669.787556099518
82443801,1439.5989400503754
88411591,1289.5700016944513
18221799,1449.8868114669701
30242976,1571.6532858534752
66494245,1894.945864714531
49287510,1136.1871306726891
83370642,1082.564421144295
92348451,1145.988644524343
55790147,1747.3292402211207
49423398,1811.1443383290477
39715763,1447.5681592878593
46440335,2047.9875531184587
78128236,1259.3072990076466
63409672,2234.147205061373
98873842,1235.530908287668
34782044,1788.9551945342876
70391546,2059.029778970282
76956234,1502.9057085016336
41544516,1343.197113378934
42550648,1148.2806711228454
98465226,935.7716687130849
30886863,1412.6768879997678
84535276,3207.3849520378294
54301788,1327.854756387214
78637034,2766.129373566474
61387156,2375.885100902151
71715096,987.4357809946089
47859897,1219.9892420287317
59800013,2007.4452937158253
95293248,1459.8595081428857
11553772,1958.1968587972854
91107127,1429.7808624098718
66825939,929.5524624911327
33598864,2258.4528662054922
18818037,1705.2210649721003
86800656,1843.5640388411512
45209421,1301.4295830662973
99712718,1313.8976796125753
80320840,2059.1230508961285
24591401,1234.095798096592
90294177,1645.2027756930736
14404076,1294.6489654729692
60829113,1774.1282017221642
22529505,1802.510894276004
59566170,1709.6617097521032
40149323,1426.2724506316083
40382936,1457.3586592816284
99300537,2191.040996471041
44631793,1141.1333695026674
49450050,1542.735706647933
62395628,1515.4101287133087
30879014,1266.9375468327455
85524688,1528.267521793354
87381496,2244.7490238331684
66258576,2523.6513083396876
71415255,1756.541023241749
45179604,1795.5347654173431
82676573,1893.8117397583771
14654038,2159.3631733270468
57261303,1822.561912194552
69037727,1935.7497663826782
78583522,988.9655069743313
49703078,1236.8059659575097
78525136,1198.3484487947787
86407509,1781.8148961170882
33024193,1476.0452471424792
38535158,1644.5320596835115
84179400,2118.4713391198875
24680896,1260.3026892017176
42024082,1685.248896324666
31137878,1217.6479508276316
92689780,1529.9576645528564
93487228,1475.789354200022
27421195,2818.692640907445
27611928,2314.0705614423596
25261420,1741.1370763536158
46864780,1823.824091108382
51909487,2119.346875232188
37913958,1492.7508839050543
74334619,1715.3969650131446
24422548,1861.5889586935075
58508595,1363.695839945686
25087154,1728.4658617245082
76806766,1414.3712905832645
27262464,1284.7513142660935
73422693,1443.8793562973228
58175270,2630.0763985554236
76648743,1740.6606554757411
36026120,1280.19453621522
87485989,1935.5214072662523
88798255,1280.5771953384017
85293030,3950.9259189628265
87029422,1321.0139186121337
72679949,2226.7235099215454
25871017,1091.9576242060007
61396744,1448.619817370762
63197784,2073.233233411391
49632353,2319.7064591628678
65625596,1311.458625415306
86795596,1174.7102040125792
81433856,1099.4284378071359
87476873,1450.3449676484397
98147948,1172.9809873102777
99212421,2428.3506775048186
78236394,2080.6173720143506
60511137,1830.9311262361366
37030090,2016.8860835291941
47227545,1700.2138773342122
38980163,1598.9205672078215
33290320,1457.172611362991
57735630,2569.7071329273235
37888473,1016.9693588626152
54251453,1345.2339003416112
85556127,1647.2205923352908
26903779,1941.981245403419
91692809,2420.984806995192
32446203,1851.8877282507815
34350235,1879.4485747463411
28532174,1623.4684869762198
59869496,1356.899681245167
37887202,1864.875658231464
54799254,939.8024198981108
44298051,1496.1761934067777
89901990,1370.6872839535315
73292166,1791.5060040656492
21775362,2273.496920582898
36884233,1636.5311182637306
66353025,1896.777399749576
19481125,1439.009268751694
95336492,1247.1444957051788
32400462,1609.3993141827384
28975228,1653.7238042279569
11320585,2168.0132436545014
32162156,1332.4854447436614
88724326,3646.919816120065
67650053,1744.7272221190726
21038175,1505.7125958176089
64836379,1442.7436551660514
60827779,1520.5785004877844
88997264,2028.122946268495
44622902,1406.152130135131
85670106,1560.6389452062074
38945693,1370.8305447733562
69337730,1503.253085428014
22890345,1876.5548871703077
93106331,1959.8506309727106
56257607,2312.3976348981732
42845025,1730.910975523922
10678470,1505.564871757957
35975743,1791.083317776283
44298756,1560.2119344957466
66670226,1552.750094655271
37883517,2452.574188365962
62831558,1207.1086533301639
25294874,1839.0987341751613
34601413,2086.3643694695793
61300626,1851.8096945442514
63694211,1441.6430489554539
70308634,1855.9668262619514
92846964,1664.2503343408582
32093061,2079.991468385076
68496425,1236.7034969042306
36724576,1685.8747453923133
18988842,1893.724233492984
44304522,2037.7235744282789
91192236,1391.2425040220946
27105876,1509.968498296244
89869414,1049.1255470819972
45877010,1796.226614945148
24146001,1121.695359718653
23395701,1398.0591966834743
38974456,1499.617202871457
57842607,1304.5287043095914
51687346,1615.1866098522614
99288080,1462.6525783250415
58963406,1982.8138978530105
29443260,1997.3035006458492
62626422,1555.3851640578978
57515098,1772.628318879323
61739694,1427.1415521516094
27459512,2149.498282483094
84889146,1431.4730158382345
58681841,915.4231914864769
63593417,2329.7464160009745
33073018,1439.8919327191381
18775917,1776.6550136684718
38962045,1859.49238455217
67933426,1457.9618298966484
54603681,1642.5483298825454
83399485,1388.266838738456
64199110,1770.151865467317
82415208,1563.1552541076742
87961803,1873.9002969510716
44853010,1592.2947216669315
59952980,1644.5955039932649
88562279,1115.1142231117483
55858413,1488.2024207863656
61198975,1526.8146275699403
37448315,1681.3807152671202
19525923,1353.4574671366825
35026025,1821.2404587007677
37029910,2307.771317801542
65651564,1031.9490976316133
76546746,751.556020404573
78805012,1580.9540096131173
73332787,1236.0403137630617
45937289,1690.2494872155974
99048249,1221.2882135798045
29475704,1305.4646607597538
93694996,1388.765771703577
18159173,1745.4822403035705
50435273,1255.2040716358695
56812269,1627.4378691654208
10385151,1606.817363437283
74541267,1853.3972287334168
16719195,1350.7658071165115
48754743,1412.6563694755177
18188655,2137.609935067681
32063627,1878.5093040399636
95749552,1642.0110633777845
95191424,2265.9610744337756
79363744,1222.8696233297928
47169927,1436.8116387230261
77108983,1307.722801128824
44823862,1101.6126814565916
81122519,2787.5004120841036
18168723,1312.771997373767
59737458,1570.586969333533
12477444,1532.2875374220712
89609832,2120.5758152146254
50913652,1398.6618542242873
42856249,1220.548166964803
62711409,2294.784386213349
67374114,1614.1889666336672
26708384,1806.4717538069594
57463109,2158.0202682583495
64273952,1263.4698865930686
56304545,1828.9351839183496
82795140,1798.2212402832163
14007213,1770.3164300780525
54415843,1622.5803440347695
54590957,2002.0202120950253
67350145,1453.9103511338378
74993313,1330.3782775225407
62432527,1999.4442383824833
33713363,1765.4305786468094
80390114,2827.8452681739245
12723951,1766.5922217669513
71416124,1293.2973471600258
72440899,1531.546812489772
60115717,2799.065361178835
26317947,1404.987094930796
35504199,1254.8326953434614
30187539,1546.4873537211122
55346293,2334.2250068222747
90516502,1241.8268772009671
72045347,1968.1431220835439
79850408,2337.5611949126287
20443404,903.3097936567098
84501791,1526.556245450482
73999320,1520.9313286999432
98913461,1344.9470126061306
37225199,1133.6408125245355
16193655,1813.52486666134
72620298,1431.3693790233306
64188152,1366.3087399061926
67784083,1929.599348714178
90552658,1627.8562055951547
80748000,1085.2497125483148
38083778,1864.646162537387
65525497,2124.583861601965
19381953,1320.7540875796583
65723090,1718.7194275482182
76151738,1914.0020023906943
48225827,2971.160975430079
27357384,1570.228037907074
72090603,1663.8036124131606
13739096,1686.4157030564459
42442381,1627.096901917781
57561155,2173.7697330801857
35942827,3073.2745547454897
89196128,1596.2498794969645
90585757,1463.5911857108902
28123361,2102.4805997688763
54892166,1202.4946270800472
34399967,1282.5749243548519
36429013,1682.2172615867282
87308981,1249.7056808891446
99529719,1523.2247275442721
22093311,2244.5255974353377
81263538,1724.6888191949902
71338939,1464.535819319229
26758105,1448.9955256362566
97028969,1531.4477459225784
64463656,1582.417405200298
56099433,1802.825761144414
85325718,3454.7828036220676
44166454,1742.1769268644648
36489810,2268.5126506171846
33207901,1014.6166584868208
27978007,1707.633119991881
81479630,1275.4619230448145
51537650,2247.7341747118876
45619520,1499.5330949566771
38111175,1713.2407029172186
52128949,1205.6525551118505
25404819,1756.3182887851174
76230938,1920.7506767632779
35633669,1840.9172739951093
17486296,1667.1359304966127
26823352,1031.3201138876411
24234066,1815.8122528804342
69609466,2077.724245861809
44500625,1842.2275219640558
25810885,2268.280335404916
47095933,1410.177612131855
29996746,1680.538543155091
26824387,998.3703352407941
22560248,1835.203686492329
67043419,1442.1943105026512
56128877,1638.710275398569
78532613,1410.7998168128083
63334626,1578.1114215228522
41942475,1383.2377936381727
71572581,1201.091512501388
31224917,2469.8120205811147
52061385,1454.14632694597
85648776,1186.9001097773732
89601046,1049.2856033834212
16315474,1640.7757696701967
90885644,1408.5147967299579
69988016,1721.5685789658828
55363982,2850.7697687363147
15084841,1261.2540206086971
85269120,2144.7860360573095
31531393,1099.7781036209308
65511292,1916.0178845056835
76207920,2730.348574949293
25765261,1014.4254866071074
99628783,2102.5318075257355
29123949,1524.2383789060286
84071477,2785.5845075292214
55408575,926.3857429303678
18563235,1994.5105320263622
32862824,1346.1303726292817
87247913,1479.1809281675028
70811397,1359.7039372601619
79135010,801.4875418392019
95532555,1851.2060713958522
91619153,1858.6927707333589
85185899,2325.786348450315
45503458,1997.038560236875
40572975,1442.222524671774
89004010,1713.4886582169033
34562042,1036.371832264208
63463440,2278.6347813469115
64460362,961.8817598823014
67250925,1455.1979444482436
14939721,2708.6509156506972
35310686,1546.3098299706
71187848,893.226931549203
61524357,1110.5125593792798
36782194,1406.9889847539089
89842273,1129.5940543322672
20614858,1555.9637433336277
68048266,1165.3090939107433
62462117,1348.6993207258272
72115510,2597.8753621283217
14057421,1149.5381737930813
99878320,1661.9311312281038
68934495,1711.632140684529
63897425,1472.883949736872
30823846,1621.5520293504985
45856506,2131.505767837959
36318458,1854.9999592568079
54709816,2126.1093717842405
58956301,3142.5702896194107
61193977,1985.85249828047
94916864,2195.263996826976
95563649,1518.3970111456217
11808364,1376.9592583925246
53108582,2201.848961449836
37502181,1175.272974427949
37996385,1240.8145769284445
53563779,1325.3004652104773
62612706,1075.140032899432
33233317,1039.922262969459
39285196,2629.6913943405502
12469660,1457.0382423124017
10086272,1914.561668678298
61556619,1038.010574675843
44239580,1832.5835782216295
37303458,1805.2033643344157
69742763,1441.5078343615544
79252407,1473.3713733643524
55035288,2958.5897650578004
22573833,1025.0243729137765
73616028,1877.5937212193949
72379751,1441.0298390560838
63515051,1355.439587560331
43605274,1224.1895405622704
94526159,1796.1310240664864
87017405,1868.008183899346
27785122,1431.5944734414484
88986010,1508.7588014609469
83705830,2792.3324116804943
19294754,1427.0128884028254
10016581,1872.1786286644642
98337631,1769.7513861245484
96284977,1727.5538823778038
85120493,2033.1252889539946
76912038,1756.9487045277933
38273802,1539.3746033528805
31373003,1423.2220390067762
16311364,1519.9357756103136
81773825,1376.3357595049422
85451822,1775.663017492034
83837897,2235.0472859057913
79840167,1329.611131779825
10053165,1610.1234350077634
66085962,1569.7515845159314
74446354,2731.6710660770063
71248291,1300.4258374398269
13527988,2264.632574342881
59655162,1416.9080294658945
81270080,1102.551614180694
25459024,1765.185020484177
57124820,2289.216417510911
38744724,1551.494839221365
14672828,1818.838318656103
86208199,1309.3935859729959
60804234,2151.5613233479844
26637959,1436.6363572325
84505191,1837.0300403631084
34949195,1727.0749358416094
18236230,1793.775972843008
83633670,1865.7287232625197
38795738,1026.8404087120734
57060441,2107.055629764824
63193750,2889.6599444404947
16584196,3216.0965790010605
97470867,2196.5516359078133
57117308,866.7714336016725
28539736,1466.0122162238088
42854708,2729.842621739433
74612987,986.815194961889
18574187,1136.2693712232594
82554201,1989.8750284151433
63502035,1657.2007540295645
91862663,2960.229398484482
92211122,1711.20924316164
31056808,1552.551249531483
16943964,1415.3509207353002
32863651,950.723152323312
68176876,1406.178373768055
49131404,1078.46808514715
70277995,1342.8105349603215
35494136,3246.2155971118978
81234980,1805.1828369934658
38613978,1922.8635752752057
58078556,1557.7436997169436
44540392,2665.097512879763
54581831,1349.9400488122715
27711464,1215.8221506003235
34639609,1561.9690680817653
61465981,1356.5117914092236
97434739,1945.4561211335038
11115465,3023.3341422541243
73204702,1886.4328945472757
43122014,1640.8063531175123
82465915,910.1271013627442
70336402,2429.4951047552836
66860305,1650.952424119397
41500458,1715.7492263429076
92919391,2332.556651169262
99618084,1419.5061415536295
86909460,3488.8585190718486
17337355,2382.507321013749
42353664,1125.1436919319494
21765685,2003.4462708815627
89088918,1233.4108455047397
35899962,3505.0430062101973
68684318,2083.915075663049
18484780,1340.906516146329
87388388,1653.2838492792846
90094211,1701.263277002819
16804039,2281.6427663081113
91010086,1459.9078397394971
99469868,1640.4784497362339
37545302,1754.9059914784802
71878464,1657.1235791798827
21183040,1923.4826955925398
35304073,1842.212885149146
50348670,2138.1311224949104
34230931,1238.1230916157322
48867425,1615.9396217697604
35018884,1359.31518933393
82792644,2936.7250014025944
55638604,1708.0701403790222
45618589,1689.7956224575325
94996859,1218.7675134441415
59711138,1311.4032873120823
20008628,918.493488767237
74210201,1795.8555623554134
71592370,1711.8757547647972
91112168,1704.4040778641868
86979588,1855.259096779773
77491019,1748.1590634689576
82906889,1555.747967407516
47215201,2074.9532391697567
74482354,2290.7116386926173
85248466,1419.8792176670083
48081067,1885.2644339112533
15387364,1346.6049506762904
49479914,1579.0180609867891
67144063,2426.227993487239
21546784,1850.1355706270863
33690767,1407.200886080149
33115846,502.0844698937547
61562965,2018.4214888472698
39809818,1891.254072500698
68123009,2412.914591940215
51851996,1951.4306138473082
14592737,1320.562370818976
53703850,1644.9336071529247
32305458,1961.4052985967205
15802272,1118.897677363206
36113397,1533.4804237540425
10490484,1919.3215190387982
60733954,1730.2308295494872
99162691,1126.0502259520304
93098807,1239.5858832579308
40838545,1677.3185541179464
11051825,1925.413759334013
82908690,1514.992415839436
71787511,1650.7287417966816
72823966,1499.4253334663679
12980060,1770.2040204959455
96086415,1566.8924534975065
23697274,2033.9919169938703
51614059,1828.040683392429
78779574,1662.4562626019156
95241308,2687.6517476397057
17643222,2681.414468387112
93263316,1702.2253001356717
37302631,1290.8361523317933
87271886,2041.4687053700784
55736876,1804.1711547885639
51594702,1886.200741207752
83945766,1101.1623433306293
79078313,1285.3776721235438
31277810,1483.4186073661028
74965419,1867.2962788350949
12557472,1366.0769103378375
61610958,1543.3364772492384
87565891,2842.7917209289135
69835471,1609.0689307465527
50409416,1368.3675415513467
77449547,2005.8892565323254
97554546,1209.2656923170964
15981479,1621.501418604999
19522006,1826.6958815490775
27996044,1616.927558303973
41161764,1769.8536905623973
20740770,1556.3408249092556
70042803,1604.7140553967058
52210690,1269.8275726397667
81657059,1249.2634080502087
67733763,2315.778405351547
19453777,1404.6450552355573
76648543,1737.614855113314
38569009,1007.1154317743321
24713941,1234.6275129570295
89660454,2373.1331581039026
85740410,1620.0162284188686
86257801,1473.987560969834
86873805,1607.8584247474394
33399735,1767.1524449048145
37535534,1307.8987059733547
27667456,1518.9089962122246
61581329,2245.816438451109
51263630,1120.1639937597974
52033053,1472.9786088695446
90888218,1378.5107103301843
12546179,1885.475701941873
83093814,1478.3662901576383
46297699,1286.2604304858482
97044400,1977.7724703809636
31763919,1342.7668538773005
16008849,756.3331054239992
51084945,1059.2845313070422
59957604,1582.8154988421331
18780994,1320.4133658249918
87997537,1476.2142504297599
45685391,1712.963487987094
44441149,1416.4039680797239
14178311,2067.9312056944887
43522500,2215.309604345292
91025767,1595.7700767282315
92328854,1671.6902886583814
53582398,3017.3633314111426
79088536,1206.9197440338805
46193764,1263.718760887116
84800487,2218.4675588621326
58906346,1886.142168918903
16384425,2201.829938279497
31314423,1640.688481081643
78713693,1303.369749084744
59579059,2745.972217265205
51309878,1630.652463497831
18367921,2832.3096863189385
17963218,1343.9785591401112
63773516,1697.6285694610426
43820904,932.2604985135806
61844633,1547.3918026898848
97433520,1949.8487596947075
67890378,1326.2443764476366
84770654,1996.7178735546577
56388014,1080.1738936772065
48498606,1313.0309192803609
96139568,1266.423810739458
23184000,1800.1813452840547
82435682,3190.599796853549
84725417,1207.5116314212785
80398008,1305.026568583107
21408816,1883.3857678562126
40561414,950.9843304887206
47526789,1716.837818135904
34202671,1605.2323977321162
47410501,1545.8558495499713
18437030,1979.2282523748593
89947527,2064.048528149051
48179652,1130.0771401110721
43574355,1278.9981847308734
93441626,1402.2268497586863
49833156,1094.4734389280998
27436801,2192.452959002823
43212239,1715.0534061415676
57781002,1885.713187014021
80452756,1784.336651988369
69547198,2337.055866066213
92282402,2467.149511771939
60080700,1837.3062767428141
77220496,1226.8054594594312
54095090,1876.0075724063497
28159066,1152.5244623268027
76298460,2059.5176264101083
57334293,1716.219693822366
51349452,2592.542559230091
57825954,1381.764232829766
75566691,1409.2844658814688
21994482,1626.5195412291796
15472109,956.8922579150774
74524636,2208.004537407232
50954892,1667.563281610532
72834699,1812.5416401299065
62999750,1462.2569387926007
33123268,3519.638302938444
66540114,1457.0974806380646
54002928,1347.2866744441433
55085304,1531.7651446384318
22151066,1586.222708505504
65334729,2336.812420254309
30865724,1267.9163807543664
90388666,1358.5827906870954
55605064,1351.2358432678545
69408128,2374.0076950998246
99473168,1834.0792632460746
75818797,1007.5434726477903
62565025,1669.7657862630992
75143116,1475.8393898783659
47696923,1863.6290898916207
19416750,1670.416080359966
22855194,1968.7785359129796
67192782,2041.7799974002749
87517475,1569.9324933396708
56350089,1732.487333240194
34134972,1765.440636132619
60576347,1955.6539861765496
26319072,1351.210447925133
88893111,1291.6728050316894
68033382,1953.5343453096427
94035885,1325.3232102099164
81187160,1576.4191795456213
28315736,1402.9160389403387
22692256,902.4772612793906
37267592,1237.5053308706943
91150814,1722.0097870932348
26431305,993.8187480963852
87910232,2664.2690138945613
41955248,1558.2415639829944
69743430,2324.816534077656
46703259,1640.1244039315286
31441294,1515.304562520714
52540774,2109.082613541073
86506186,1588.839908649141
59584539,1348.2710270183384
97314977,1773.31848033303
96666615,1561.6660341947197
79683457,1670.6366789636531
82209443,1607.2779935667797
28258830,1673.5596649778138
42067661,1818.68400970687
66297804,1095.1189457838698
16941404,1247.9366933665183
75005309,1459.133905079458
24570745,1918.7883080840684
86113362,1918.5775948492826
17047985,2157.58211076343
65773050,1549.9888538894988
58445540,1338.0167906140075
48523637,1994.1818763394394
95993557,1725.2646116897738
88761628,2785.599086386888
35281082,1707.7238551329579
63427827,3304.767581426436
38736916,1500.0353741308106
86580197,1737.0281653283905
23112535,2660.846013756179
70370352,1927.2230329038196
27855625,910.6347748194239
60833031,2119.807312623487
23047956,1430.3311759147607
87351286,1585.2346450179202
75886001,1134.924595865516
66301086,1790.9096838817206
60935733,1198.1133541990425
98414359,1767.8028168620617
93169508,1644.1116578721956
77985316,1305.6188948422912
22647726,2402.244094251173
39865459,2598.290734880669
81994206,1400.9407990746297
62822262,2039.7792165517815
85331429,2785.6416397490943
75110630,1185.8861732625342
51138756,1872.1109751172514
83491442,4520.443768010665
67891583,1340.5722369361695
65475315,2750.2342458764792
37180335,3055.621231978108
53617145,1729.1808809964923
66644091,1363.8805044035691
85685863,1411.436416916993
67756317,1614.1806258313002
47286828,1277.91214977948
30798257,1811.5996966342188
55429056,1507.8847926801457
48423935,1402.932875316988
70215654,1518.556546513895
84995114,1668.997865052267
34191374,1201.6887133952393
94424055,3088.123420347249
35266032,1136.8691375505828
10282778,1994.361887735758
74509894,1540.796226111127
62379565,1581.267017543476
69295266,1248.1309023526323
19487319,724.1735850882777
80523155,1722.5514803905462
76258438,2670.9842559904782
15381648,1495.7644407503676
76313330,1418.267687254077
67909709,1405.072959460497
94172578,1398.212616664905
73730320,1338.571498621251
93164433,1343.049928609239
47160388,1139.7755673490667
39990609,1784.2513869929141
64566990,1616.1341366281456
91126842,2244.574147925696
52824809,1593.5278109273195
57254599,1546.2541246807784
38718331,1257.1961131374223
86095545,1459.8143244731552
47117496,2383.4098876228504
38398092,1951.1295767339914
35904079,1023.1913735442098
90919237,1310.5576036939688
56102015,1228.5322014962835
71540566,1422.2903191072419
10011577,1465.1256998360693
84723499,1901.8357781574678
12437858,1402.3482729982343
55600884,1357.939990548357
14903844,2094.2886666352206
79656066,1465.056451838485
22833793,1196.1796687644999
52725368,1549.639793198804
69338616,1917.5931815161637
69512258,1554.1556322425865
96249786,916.4247391407807
93289839,1572.1353631302068
89525161,1826.9433868343895
25602400,1559.1268491406927
82687645,1599.811229207852
86466057,1698.5605479578483
31039064,1014.7742180850181
38126410,2380.16413755035
98941268,1939.8219146826093
98887377,2206.4262076887435
19069593,1414.1988706422032
48991500,1278.5763683507853
81340729,1250.0569563343618
17755803,1390.4499021733088
28332754,1227.2735637918136
48710415,1594.3925546153382
13552122,1885.484844230308
67175252,1889.3933067884568
81401006,2403.678125140436
87569420,1510.6659696476117
68775804,1768.7925019764289
51303767,2202.1411369010534
36907350,1316.0724392768618
11852044,1262.6391907875286
57122012,1947.2824106538455
42764646,1444.726536603487
23299341,1267.0942812974984
99527596,1599.2438194260708
97393585,1306.981687337158
43578412,2402.9509741712714
98294611,1711.3201242625044
30924809,2020.5905528741491
88121507,1998.7454457866231
81094653,1817.09151563672
83948197,1837.4840602126492
53707208,1535.401083025484
72598207,1891.233726104482
96325015,1343.5313532070375
32527392,1199.8775775360964
13367283,1572.776533931241
70926441,1987.7280409828106
14507496,2907.652700164398
84516945,1562.2849193285601
17478153,1315.2298044473266
83347951,1249.6208967663379
42507501,2647.7246377568176
54322410,1434.1866115565224
51129418,1909.9109844091047
92284337,1173.852584778105
56191305,1196.3929696148643
69717201,1416.459264374346
77803958,1648.106860536962
30868541,1062.7127721777044
21948362,2167.582213185518
64597726,1443.1824331507112
24753315,1351.8482008921205
83137150,1130.32128871522
87115344,1656.4109132789372
99984175,1758.461285916705
78503238,1562.198766273331
56241324,1915.335751013683
44979606,1242.2264700364963
73782771,1764.3078859785417
83259646,1554.0283865970039
83615385,1333.8336839536692
84238097,1398.0046941619798
90104229,1833.947735947283
47165230,2173.0701944826296
90052115,1172.9027484801104
29318397,1844.9916237568766
66821977,1776.147980284859
74914365,2822.8874695853015
21821045,1584.4784420928047
78077361,1221.2069824686653
11290483,1740.978008069801
18150280,1517.2745217106667
97190006,1386.5907961962066
23716973,1635.430809170273
22402268,1920.1726343842356
22495547,1460.0547088393746
62732805,1374.1459763571822
35149813,1076.9037759891307
45074208,1567.7769571760268
16930048,1007.2120379246272
37034316,1313.2720731961406
41257506,1228.4577724557746
37119194,2780.659310494088
67834562,983.2277712660058
34524417,1924.0350606783436
65917034,1448.9585494754401
89187031,1417.4102322372266
38918236,1764.7505308337975
15343670,1574.5013677853196
14075655,1363.7929392339508
38174910,1927.0358901420793
58723158,926.2576939872527
60249533,1771.2704576782432
97281245,3485.3824983899167
72949298,2772.3750836966983
15101045,1294.965849406242
28123842,1437.4624516815454
79777819,2613.1469528288694
49207880,1683.394916658103
80546483,1705.9746140952782
64032695,1574.794763041996
13192282,1405.7134854301169
77309020,1714.0741607585028
61977302,1694.6406792120995
97344057,1789.6315250890377
30586194,1473.1674820681244
56677229,1432.9107194044166
22130117,1208.3960531090936
40261245,1887.7929978165841
30166032,1730.5821503674408
77089984,2149.8007769793717
26878900,1377.5754762388206
61371436,2051.510369266478
42742062,1788.3181490980332
95339974,2454.416620100523
56107946,1673.7184667720926
75011328,1537.6101267092413
72662754,1312.16671224572
72203106,1037.7560225743803
70496852,1633.6171977791594
13201993,1545.4817901510048
78164844,2195.8444754392203
59342403,1528.0647456623944
94540895,2041.134433584079
46539631,1567.573697627621
72239923,3110.7907665460825
87927143,1525.6933801465464
58112642,2033.3126634831262
46348606,1157.0622909092797
41028863,1572.6059615234426
24368370,1365.3670190922726
29933781,2341.6402492880575
82791847,1572.5393386808953
96015529,982.9067469884284
54561874,1462.485383206364
53184693,1035.0834506173483
76671373,2325.7560329967173
63611357,2025.7033351246362
80706420,4091.289333398276
55017743,1934.6929568607754
80689892,1668.5848765524997
84469446,1660.6884317365448
23226721,1615.4096561424403
85084580,1585.0836478468295
80669002,2175.5610663781504
65745002,1727.7610772581547
89007400,1538.2286529766013
29824422,1832.6590109798917
35775431,1519.499422648915
14074630,1226.9579158194824
72325201,1391.423714806957
23874500,1614.2750249366352
37300173,1594.497853288444
33493494,1862.5363443388242
30229764,2698.691326074
43966954,2069.3496908449283
27845488,1642.0105538457565
37461765,1985.4775881752837
54994083,1987.7659716417195
73747516,1691.1580639169117
41276058,1160.174344925409
55912598,1389.9794193411558
60686267,2270.8216659770246
32726148,1707.2464832775656
99279088,1336.3308035205296
28728541,1535.1884029334317
13858737,1577.3730830509064
21895570,1859.6604657376201
76323759,1676.7260679914068
79038940,1128.189334158303
29272847,1377.9602882048123
98713132,1496.7820935540803
92394953,1698.7049153716255
96580365,958.2230043347539
44481344,1297.4820174119366
16420037,2229.7361303140665
93921984,1661.9981113298775
26481610,2342.05819055238
36292815,1512.5844301160516
77806189,1907.1370778521539
75958945,1346.712462192087
65456150,1565.6206224975765
80743824,2360.369703154819
49966934,2293.4297224510997
86026791,1379.0331089974125
85816309,1104.9454405101617
15568874,1890.886967497409
99556884,1706.8265229486067
27514144,1684.7087468700329
33950340,1615.160001532026
90674412,2865.2544108429174
31688776,2133.3656603795785
58380703,1352.3914180433737
59666638,2046.7982564940924
28858647,1732.5435510124157
96281488,1409.5215995898668
81757957,1749.6379877814622
15387606,3082.597010985866
95978588,1100.0042316901058
38876766,1551.409883544932
97177476,1532.3276421095816
56304916,2145.313538525254
94447504,1484.117863136085
12858830,2142.5758209384835
29325031,1678.2271801138636
45137864,1287.5005430884871
40574206,1686.9154253944762
14671172,1202.801241643966
79393183,2186.281404499211
73490914,1222.1224507587058
74160460,1449.4364823440155
44164617,1103.3079241031965
82646950,1911.175041657502
13359174,2363.756096935408
75134927,1178.854846979741
36042465,1305.5848596868368
83839627,1953.426935551656
23668396,1801.0461496810549
75299261,2319.2368198057143
41480775,2082.3931808738234
33690039,1914.0694710396035
22503085,1481.67898153378
37466667,1279.7947287255479
14321282,1443.777859400776
71351933,1731.8444622632271
87081502,1148.195932968462
65472553,1483.3010419011687
99213360,1764.0213328320117
10832464,1264.7605964747102
51819797,1928.5884482503811
75955259,1913.3351262244535
88647663,1618.4745412037933
48629803,1443.9726559778956
83286245,1972.0562553298334
88766577,1346.6804848223323
92941012,1645.4423617152704
77129657,1856.5552406766421
98212477,1460.984598119465
47578988,1268.7589615074712
50209960,1548.9527075586727
34219777,1566.4437415235172
79439231,1322.544580650949
73635146,1868.8519705226563
64910994,1718.2375200591134
53834693,1065.889294162204
11363592,1871.8635845345711
10873772,2846.225179021741
87767702,1892.602792584339
23454749,1413.8353226718498
58196808,1469.9022048853835
68491285,1648.079930264002
92242279,2866.723657667262
33507598,1668.0679632251226
31155680,1692.831033120936
69782815,1340.8957052792948
99510246,1625.1261440004278
76945883,952.2383497265394
17094345,2011.487023740089
46337525,2037.0036555218987
28488983,1168.9158544662246
16761031,2766.2418356850058
79032271,1177.7616977246068
62295468,1132.6778391361959
34239247,1924.6678412794643
13382072,1492.555579749032
22594211,1834.1020379224274
57247913,1253.9211821858346
91685716,1495.6062848399943
17466502,2019.8299567044787
33964749,1795.2988380226311
51427608,1016.358926349387
24310192,1200.444752157387
31116680,1589.6678401276222
11417356,1946.5113901158882
62762079,1474.479409820209
42671255,1970.3527094366073
96926020,1724.0570701880904
50275050,1815.850352376902
39760605,1598.257533517592
74898826,2965.092454874
72916922,1412.2257508616924
15943032,1331.1100113065925
74582816,1778.6877700619768
59875250,1965.4703358944523
80790659,993.7310869574941
19888418,741.6225942451587
31588130,956.3574764339339
66158465,2023.2355988608203
18800645,1678.5006621179139
64505218,1482.7769264405918
56056799,1375.7226844190714
10374837,2083.598251667044
41300143,2563.3156530961605
78621253,1328.7741379876752
11141195,1604.692355842423
33865847,2438.075062781841
90610974,1106.178437630875
98930552,1625.2426560130712
12727530,2201.922635969859
52930535,1540.173111551925
93753865,904.9630559239794
70595210,1678.280788308127
86025280,852.3576549957063
78663509,1644.501048721227
21322626,1415.13434306726
38172344,2029.2481616285193
12467923,1832.3154824845094
59832255,3466.426026629737
60019461,1713.2663866434193
36274445,1299.3303614854628
35417851,1399.7099942425016
24997453,3135.7413617626858
83094532,2702.372427292441
90174488,1621.1698365839366
71319002,1164.2341469872229
29621396,1452.3863619106608
10011880,1485.8423708805049
17190126,1326.0138333738196
70424510,1642.2011455839122
11417531,1252.5731889940632
27554957,1657.4904111647668
13689480,1210.9724293552583
69613512,1546.9895336903621
74318773,1813.4309952165463
45221034,1664.1870091700073
12200305,1410.5786529132856
29052499,1905.0856710710475
91168920,1879.7996343212155
99587330,1071.5487907812144
85493546,1455.9148076827441
36510260,1593.3865658114944
40370308,2005.1264060033618
89123563,1510.8537860552171
68894033,1386.111711064262
73938236,1953.1876204475575
25242707,1319.3845411306888
87339346,2182.8805961914586
34182148,1173.5091976980966
55488547,1462.9608195379467
58799207,1413.9633608543513
99415472,1446.6603006724415
50374353,1798.9394714588952
44632960,1242.2854209311101
46918499,1992.5449395207634
61219752,905.6145838397638
57928854,1382.2967474250431
22536598,1270.211612276402
69936903,1401.4737178352996
69696012,1257.8480342757268
75807455,1374.7024355630638
31557332,2175.5941636828115
98503124,1117.613103481461
45347570,1595.476078333791
91321804,1692.8658113606118
56392111,1760.1882655080144
86308272,1062.9206472059025
64596791,2122.2297500378945
80652734,1881.2669592918026
15067372,1791.326519362282
19485124,1487.047040701762
14453004,1173.9803137708866
26285533,2332.893514648215
92838656,1535.9510760517398
37408293,1629.3749838396848
44619550,2052.2797167059475
12229798,1437.8847789505612
19471907,1376.5471668212626
79387412,1168.2270071352941
62896852,1708.8576382547835
45934349,2283.2438542224427
16860511,1717.3415725666068
43506983,1518.0473025875829
70740306,1996.9211529422437
92814410,1394.4886316726245
42104710,1779.1698966902925
23656647,1307.4129225977367
16622582,1701.5005547805363
91730318,1473.4996155859626
71502047,1684.232972578822
62198081,2717.5791844534792
35586426,1550.8986761567403
73159054,1316.7750416724016
72932579,1393.529052187326
15860553,1655.3196918908313
76499202,1326.7465359580112
49147306,1209.9455507370742
66173222,1477.6005179071894
36048465,1735.055306148517
58226162,1678.4389555538799
75348253,1405.0007459043836
29406516,1596.2172330631065
30120831,1376.552283376238
88886135,1520.8278472578056
90716300,1053.4032002335744
12118186,1569.184378940716
39388114,1582.8318674766895
43348151,1436.4531419820646
70648988,1598.1808933786417
89828759,1446.9152818479633
25774436,2264.5856087749794
56166234,1267.270771540948
46207048,1351.2630104543325
24260337,1605.9931627418835
43372122,1389.50157937774
99211792,1459.556819807706
72425048,940.5327341216857
58848576,1548.093591614149
69451066,1066.0711603275508
46571746,1966.2840935867625
35037281,1279.4363594499598
85573733,1359.1971676291428
85004009,1015.5428782577662
98713147,1777.5935031884596
99574842,1265.947526394352
56403873,1065.2451306789117
79242881,1752.5991027486946
58458582,1215.5975545194256
68482067,1210.5142431404915
16690135,1962.4743754909362
15173091,2162.2453749660963
61448444,1607.3626529056326
69237042,1161.1446171413347
85145895,1075.3450481372306
22701271,2584.8906165931667
39148372,1341.7406372492608
94500108,1592.0300796211116
68415143,1298.756488553457
40595467,1992.452250057814
53076141,1651.8877749124854
73641861,1038.0422748860926
48605668,1593.39383300644
69923530,2109.0403731789406
49319680,2017.0277621023874
45928049,1813.6528302061467
73814109,1243.2173216068074
61386764,1644.0236175933444
67209776,1425.0261255067728
10596331,1438.8770622818806
14387887,1685.3280802305035
66568548,1582.0799328103137
59240082,1657.2931306268988
35040177,1681.6037673061785
99480365,1460.6026088897192
68333386,1260.8328038316292
95572882,1980.2028408090662
38132096,1659.9650473510428
76955826,1801.1670446833082
17729676,1941.3496895656222
42211142,1347.1598502926652
20158681,2615.999638778411
79393152,1381.4708264211984
39911125,1463.7286193677644
88836366,1748.9573402215206
20409154,1694.118900946601
15026679,1542.6055508729178
42131515,4907.708774398025
54650905,1563.6890812354138
26838390,1432.084840306703
65068346,1303.56656743641
92979933,1652.9153178870338
95452518,2441.3854008744283
38822689,2141.0482808616393
46355252,1944.1574925886778
12444224,1930.4747315317263
42979270,1358.5172370290609
77573762,2376.9981783869666
14826829,1702.5126504408995
28709839,1851.434297823541
18829646,1763.2186268578691
96568537,2117.342629728386
56829547,1642.1860156214902
93979772,1823.0748647939404
17626588,1562.5877541572017
34011504,1668.501068946185
52636134,2093.6599894150736
91687348,2037.7138702067302
36508418,1732.12584418314
82621948,1229.068267120833
89318730,2600.3204448795063
98717167,2109.509614456802
26278873,2174.9057397967276
56823412,956.7922314170441
75609163,3705.8070956267766
90104725,1750.9690868284936
75874553,1852.4314321066504
48469293,1826.719317327343
70313722,1791.8924772877428
48269879,1532.5707329722625
30338233,1909.044663834479
32779513,2196.371264710304
75548478,1474.3651668178916
38561257,1903.2187550368942
10945373,1044.1357417571137
15756944,1522.0091593526154
46940446,864.8904725765583
24659465,1376.9288022038381
88948806,1644.292595975738
34164402,1476.1957464303393
79477391,1957.9963733599325
15537006,1765.6531315585064
88911942,2042.8562583410855
96378293,1531.961594100537
76422231,1607.8557139137704
12309843,1216.909473165218
96239148,1397.269854848695
86466781,1608.7305042022226
49050128,1800.582229217442
14724818,2447.305117747707
56683970,1699.9309967399474
98393974,1403.8437529788857
84824034,2330.1692361387895
92573067,1522.3767077297668
73226546,1837.4788983744916
61358064,1233.7034097652875
59398688,1899.9544477067973
14969480,891.365184033225
80588045,1641.1945781725567
95597071,850.2091940366037
54836005,1278.3894194753323
23220441,1847.397187735364
59018993,1862.1667306562556
68425900,2995.959727144347
96400633,1487.5324017473429
32664783,1297.1970044221366
37951383,1381.0357640530763
42701020,2163.6595262583774
23132709,2007.331854821573
36039638,1613.5818153094604
14728562,1630.499832999398
62765095,1702.5871950815515
90518206,1743.4375153855299
99330676,1540.2445970318986
54002963,1903.5921847739762
80024301,1210.8473153215452
83450392,1309.37097281418
80827964,1306.3445587267906
22623823,1475.9391113943716
85154401,1371.147408220106
92409200,939.2433868486623
37461274,1701.769666951416
39412052,1865.4841599520303
99188219,1164.1000960647914
10533163,2361.9029240774685
16576946,1360.6580019000453
10571061,1757.4794327001387
11502784,1127.3588848093812
10627022,1121.8204947538632
66112731,1654.6079046875168
12271580,1424.7447926940413
19300863,1754.7560151886657
42301466,1368.8917634024883
93227392,1595.1667897005848
13989390,1441.38467074137
83189444,1552.2586580994537
88982820,2119.4240546034184
86309809,2564.5290797807734
93812427,1382.33597307194
79351177,1702.3466252352005
73882065,1621.9539903551458
85331771,1571.439222274786
33746879,1482.7367902758756
90357052,1514.2468164101924
42998447,1924.4671776492023
42297649,2315.577244601062
74232297,1500.6143121472319
68234963,2182.500981031213
79955240,1286.539890677391
33685499,1516.5933510485795
74031111,2250.931013571569
81527691,1913.3344908581828
25578339,1366.2118216911397
36826714,1263.2695377619496
66720469,1306.2458703915138
58271754,1183.1356576212863
79175453,1709.010448418905
91006186,1237.091531344215
75399510,2084.64896886044
65438642,2341.2280155889393
72193555,1318.7057807255283
52661224,1698.6238418471269
40274658,1903.0618954652425
63582038,2843.8216087241835
95316180,2401.0665920025785
31722576,1523.4477301508803
51439680,1803.4084674007531
92864642,1605.7308545579344
24588628,1606.897829156292
62383426,1375.7416722659568
91245064,2383.1781453508443
61715372,1695.8863274094479
65148106,2248.4586420862347
91441992,1304.7027604784912
49274969,1722.2670975719327
33917232,1503.3443221795817
83235081,1920.730982602317
40753215,1701.9782673418572
70796627,1318.0579573802627
73931614,1158.4511217465047
56857736,2634.1813473392203
54064504,1968.050733088212
20389019,1185.4308450365518
57574601,2537.92269649558
16478279,1407.4773407794783
68356151,1833.9793771799068
99711808,1910.1392144211563
98284968,1514.2927118966888
30598390,2032.077404558921
55132880,1858.433939315203
34163532,1508.5016146187527
40857770,2286.102852669489
79839486,1235.152027180104
78134573,1931.565480194834
96251286,1736.1867963755276
46606815,1807.1450792191374
53204628,1144.6696509973158
39264189,1553.8117520450776
66917873,3669.0205267697515
75228206,1629.972164993603
57466748,1827.0858040097428
75500440,2033.2936626862434
88152254,1614.940233606211
88711927,1502.5715004441147
71935730,3008.652954491947
11714210,1136.7131282268995
99304127,1540.42548447219
79629484,1601.2903367288595
64599027,1299.0588548599947
71633685,1647.7417569620368
14342958,1717.244801217496
27958253,1748.1269193482387
61174518,1428.9148801187214
74916891,1585.8414739334082
72753968,1552.8465204008419
36262662,1745.8227205555236
60917615,1439.506874605832
99306721,2304.2143007542604
53075886,1396.1549868977338
73928511,1675.7312405184057
19965325,1222.8311505040942
54826574,1689.9363666024506
64209168,2566.0729816353887
34147586,1460.460528016445
98269123,4035.94474927231
97467622,1731.6670340674677
85814087,1485.4032156480841
72333580,3134.697213259822
30873738,1374.559021656207
10331403,1424.832002805906
35344119,1806.0706369569075
35769080,2594.3243266492545
21575135,1513.3012081667086
75304823,1399.0077300908265
23401574,1124.9593878931314
83090193,1664.68166481016
86996430,842.7963523468175
99751646,1275.065659870773
23591049,1804.2340177316507
81709576,1380.7205430578342
82444468,1997.158354903894
38288153,2017.5807417139388
87446209,2631.711842964486
12079734,2320.2203389030074
25058080,1709.867295010351
89691662,2459.841845727524
13150938,1860.511982519796
36020495,1965.3800418707444
54923182,1641.6653963803335
28841079,1295.4313319794524
41392965,1106.9197168033354
17119564,1688.8181049676305
57430704,1506.4670095099286
36272284,1615.2619689572132
91925114,1273.4609794206976
74412922,1894.1592145930879
65743046,1574.4602736563745
48653211,1484.912630016689
36332370,2348.183765853725
85424579,1824.451871917131
95090269,1123.3096203098448
95971802,1016.1293251875193
86256336,1357.149606594796
31156844,867.6608163401946
37688219,2536.2804603530312
82437324,1486.8021405817065
21950676,1763.4702463122828
54094553,1460.0403012064544
74374536,3438.468201748913
61738687,2018.2049054575866
19277250,1602.8574038838156
84311990,1990.4425031050214
94274494,1777.3146308923622
89122239,2728.221579077469
97119289,1238.165862344335
29959537,1417.056065041927
22777840,4047.544855998035
39391011,1458.1058752251113
15127918,2143.050197579453
47251761,1304.0793302398042
20023773,867.7406456290925
96682736,1317.0266239859523
12309412,1689.604988209235
11517944,1438.9015060111374
59425514,1340.3814843695338
28854961,1444.9908208754453
63750719,2081.913945142416
69531684,1377.0804798524055
73516640,1496.6206071084832
92500346,2388.329807527313
66124065,1683.0518263562328
28886163,1373.0691391827797
19680706,2051.7401475685774
83673598,991.8216319424331
85519237,1489.5379045516443
37110854,1566.6527727285923
96010780,2008.4934800235662
51391268,1249.9279410931676
17655078,1594.7992687652936
26863121,1164.7737539192253
30839269,2194.007307543749
22418770,1010.4992747327844
88029081,2258.017775002606
27689636,2463.3160939089626
58431423,1635.846533246669
43802347,2728.3677492372512
83961382,1119.4359429759372
27938336,1316.4863825954199
35978100,956.6045547165799
89319775,1407.0765350873644
30362974,1344.4051099599715
93105032,2314.5484462719473
20314268,1374.9488763237086
34550012,1429.0978734878056
28077484,1659.1111749516845
64656384,1465.4647279797978
48022436,1559.943258607403
40507726,1807.837482381282
10314144,1341.3309129383385
81012787,2050.95651203473
45672873,1724.1069418856616
25759428,1641.8063103237346
13512722,1254.4435831719584
96070498,1469.6928984006888
21352279,1367.6120760002043
54205490,1577.862970009891
44645119,2631.669441565
37332321,1336.9887557061422
54601842,1549.7779732930528
60801709,1447.0054274388265
28903523,1687.530531310373
79159760,1605.6503634621047
20416757,1188.7578039470234
38432201,1292.425527189485
60739859,1963.8414886603814
89931987,1717.2423622301023
60999736,1836.7847525472553
43182602,1389.0751887613958
89739478,882.4186872647933
50450523,2034.9384767371166
73950928,1457.767261730055
12330781,1114.1821887069975
50236542,1734.616407112132
34912503,1425.8871891497388
25536468,1636.9641497808361
63776599,1260.044470530048
56389530,2274.543840172046
60881312,1215.11107518931
94656046,2499.4406471194325
84143693,1478.6622617305452
60768240,1706.5956928450664
60458308,2253.0582558427946
53948557,2090.2162343329333
11612817,900.6482216797878
71889062,1304.0701451531347
77172079,2071.4527272859755
34222625,1840.8792174363393
69965828,1253.3933987206242
94714430,1580.1596969608024
71961534,2026.18742772757
32936108,2073.152142740667
18431618,1307.2665336749483
13548537,1052.6668544604915
86674079,1416.4977654446568
21748194,1868.5800009495483
40124541,2397.242570418448
33347811,1560.7193820038563
92929218,1544.51718142594
72190892,1438.2887608298702
66963455,1575.64616207049
96157867,1015.3591966609589
15254705,1605.8301767804471
89064766,1765.18781647758
85305349,1388.0255556899908
58781934,1417.1668893392216
42553797,1137.1763093076736
18721533,1370.2622004012221
58244383,1857.1317576029826
13696896,2179.640461415372
65894339,1707.4210877817186
61098619,2671.3045140180625
26018756,2267.936024838566
59479424,1685.5325109432138
81738781,1700.4882401594589
91106215,1330.6603002515285
71223563,1224.4244833911237
95945745,1506.1306698196177
91424061,1314.3908344455388
67135880,2416.625600455622
15528553,1624.1075498505859
33657705,1492.2423041331765
62553289,1558.8654889079971
60993054,982.4820971604823
42800613,1384.2717345068324
17769800,2603.966543550951
21401202,1493.8760560392195
52155473,1174.5627877990953
93304650,1393.0856596404592
51407728,1503.488356300616
89543732,2130.3097482821754
43419947,1815.8334602142768
41488699,1468.1675862321126
60974422,1640.0764164855432
65352047,1221.5726590873153
37012905,1115.1181382499574
14787203,1610.6856279584063
29417973,1524.0148763877726
19835446,1923.5991513821878
43255500,1034.4153996015527
28812691,1481.7082838843296
18722953,1348.6277183138602
93227004,1721.0680730570832
35371569,1729.6091117961475
12076594,2197.9067306321235
17330331,1811.9081873064058
70946197,2191.5627432495507
44132847,1616.179652225736
77445263,2021.8295360031307
56880921,1493.2802598806452
11480304,2654.6933043653635
44407005,1896.561742581845
57603851,1394.8203652816817
36951093,1554.707001471584
18651476,1122.6074393655356
28758403,1970.4941375914739
29842235,1418.5656197330627
80915194,1372.8306107731507
87361082,1842.2475500145856
67711479,1282.460709702378
96493355,1437.504209487716
60783295,2264.505537862381
56178874,1302.9182895794372
36921713,2359.7276553312513
48581624,1419.2099519893984
75576141,1334.6958207062792
20755403,1090.5434324745909
52097748,1653.1634388602952
30927924,1207.4807994531916
52924618,1633.532606071184
23083091,2154.985348639718
10593933,1641.780783105921
14984647,1803.3772201281988
50764768,1218.6736867756504
42909851,829.9488922372826
47962891,2099.8361686287008
24155862,2049.929028104061
96222874,1318.2580438485468
76243625,1735.1493824687916
83785580,1714.274314529173
68046684,1546.8874670083662
35026518,1581.582459381321
21144795,2344.848482983932
42304823,1735.712206726893
32449171,1746.7357210510354
67804951,1463.8595601964412
80988109,1314.6035147084692
31562948,1380.538330803246
80571715,1024.597731594905
91879270,1139.0534854985754
80331872,1945.7888508542271
39788137,1869.7401223410395
78186126,1622.0012281593117
34300076,1622.2987987801114
70710711,1462.8583726125162
19520201,2039.555344671181
75968232,1381.5109743536802
62441830,1475.1143622423178
87704160,1725.2963200707668
38039509,1909.72321040487
87299257,2433.2878148777863
34604480,1543.6276771137761
93559487,1565.737191679809
35225951,1491.3942621653875
80500038,1683.4115232066563
88587318,1378.3461488297269
72460444,1664.4691957915588
28502361,1807.9068388878418
91781888,1903.1606021296088
83528344,1482.2856923526103
15266445,1696.494202997885
83532377,1206.8528940603273
74780110,1826.4059752589578
88664511,1414.9005234869903
81767501,1400.0156829762448
41015579,1786.6047538611228
19338404,1722.1303787908641
14667759,1991.3199878644002
66260119,1504.500328665395
20542479,1673.059103433639
54097170,2690.6584090659394
35669653,1890.502711496713
94127563,1257.9404550691943
81488029,1853.9529738429073
93329952,2240.730729600765
57217043,1952.0710123736937
65522547,1530.9253682839872
73695068,1638.4488484584228
13539769,1341.0380867053602
44056017,1548.9785385581408
46617581,1470.70117465691
68464888,1678.4612091341285
45303083,1297.9932123766882
86984156,1551.5842851029263
56630529,1314.6820602651694
78254395,1156.7010667384993
30913049,2001.4979742774904
82688614,1348.407353362436
88893045,1403.7252506357086
94639808,1732.487050392717
52742143,1563.6544211704993
64260968,1549.7186679346337
76546956,1858.6635999670577
83523035,2291.7692452754854
11013053,1891.6846363761101
44130994,2006.9552042015325
53796074,1290.74486163713
35498168,1904.593707395018
63562445,1230.2819968002805
42365113,1696.0481168459144
54613679,1365.2806498080083
69835682,1085.6962563543032
40747675,1210.949368856962
37071709,1368.9812529720907
11644754,2578.993938623353
29456046,3458.2617356844917
63575365,1166.7283265183491
62030210,2959.869745941675
84640048,2151.3581433417235
61377846,2224.1514232546206
72441550,1536.0241314734235
11270022,1579.4935751042785
70261792,1775.3534716193042
52404988,1554.4077558280762
84003906,1865.4219401506996
31204633,1167.2476214967055
75242666,1889.3596533980362
49434528,1692.6112969268565
42863318,1586.0890066198692
47571305,2419.7691023733996
66490879,1301.3707355983786
82396141,2417.2630902403416
96803616,804.5084456324146
10584088,1511.4238801313697
41994657,1778.9978983244528
87186973,1995.1476034473542
71213873,2328.051030374578
49764305,1570.3876062533534
43725149,1191.1230860724825
83812129,1675.9305258049797
63290164,1628.1008682361578
79318573,2996.5937891936037
10844028,1941.5169923999902
19798231,1260.5950357259458
97056407,1227.0700749040138
32215003,1720.6508282370435
94765090,1377.6174212371436
47235057,1738.0551133733877
94429036,1817.982555277152
19267342,1381.2799266946245
79884507,1555.107494376935
68548734,1643.4056138109424
64679483,1031.284947610999
99761027,1408.998517736385
77538039,1623.97067385775
28035639,1675.6838278939726
66579510,1555.8379139860656
50333547,1282.731494084338
30957545,1761.238452441913
87343589,1333.7985081673824
45470859,1822.9289301666868
57383256,1126.095644387587
62753404,2545.9531692379505
65906932,1726.4628692501622
54060112,1674.7069939818869
88317327,1195.8907299962618
46875481,1470.1501810053762
86614127,1281.3366268923467
91675434,1763.8227622610689
83895227,1250.8555588716656
86365373,1779.818379105729
19948626,1359.5366979551611
79630167,1492.4069675573614
89106944,1277.6357496563796
46083057,1681.099873847529
96150610,1457.4062009111808
35015883,1580.1651913482256
69747407,2029.1702147779397
55538576,1391.899048880921
97411049,1662.972427200101
11519556,883.1396740799763
81677533,1335.2278036158339
60065328,1064.9477690580245
91824420,2176.913453837617
72549395,1605.5752505360722
75208950,1269.8877037357174
54258616,2236.9958686261753
28371507,1497.9442100006372
33800661,1701.6260352424392
94718676,1115.6537682486041
98426094,1979.0264654465354
41019343,1851.6354559575582
55953203,1845.1580187439683
97258831,2086.9691800345045
12406914,1373.9465676162147
54260975,1236.9135883170134
17839314,1711.4619509366144
59228162,2228.501054494781
53104947,1629.344704741053
13405871,1536.0604936326095
30540873,1815.4037075589683
10681459,1539.8081338783327
88488173,1678.9923802660862
11138134,1486.243469985365
55965946,1790.7512865783115
21024415,2416.3219347821164
98633407,1287.0205182203288
17665044,1835.7778946429905
52365929,1367.297603932926
45919010,1380.9352231579728
29159751,1702.4076888169166
25938815,1459.5919956709306
31864619,1615.644403874653
84907440,1732.677915008948
55408023,2079.7660871620146
97513676,1215.5465415316203
71808636,1677.869762969796
37329985,1487.1551560060393
66719590,2123.378508058511
19832352,1196.8540132533922
63673893,2063.9050139848764
54185196,4182.989625537347
66171184,1276.987002119689
15702584,1502.9018895970216
26362681,1365.5380263199283
15300602,860.2755846551095
54091216,1829.0560133887473
41649165,1495.2024587368537
17221791,1462.7220893331987
60925601,2122.455072267858
98579259,1754.5726371443752
84327985,1439.2162752099691
42373455,3037.3306584325114
51759034,3474.6809556632456
57369993,1292.8398648967404
86174456,1927.2083688373368
40095064,1265.8576406863776
36904267,1198.3848980220403
95653857,1507.6146163194207
91047161,1307.4416437349864
24858933,1275.0736955859932
43668504,1564.5418270760265
64688863,4094.412857692859
19394328,1594.125215586946
90928544,1851.7396831513634
54501975,2917.0416646138688
55816692,1465.193606185149
54235055,1483.0694534812465
54802075,1836.2554354230947
44582261,1472.6939140813668
30580440,1354.788896917771
53586985,1516.992088212939
45293131,1779.160724188798
61623792,2026.9714780840038
12664255,4193.364698388172
99282552,1665.1294445179892
57422029,1552.076082036761
95049365,1666.8290541030808
44630924,1701.497697496521
59932513,2790.203585158747
79864196,2757.0112142776156
38025450,1226.3364861250313
43187524,1694.0473073402545
85710350,1948.0474992279192
39439329,2356.6474939616855
11767243,2102.51499431632
40729807,1035.1880366998967
95837440,1940.2757707348158
62785546,1514.1357740563874
18032525,3263.0204314800503
78515248,1169.7101259544963
64000264,1650.40255572615
70932637,1390.1564606173254
56631286,1467.2374064627602
82611641,1570.9099352168673
14610215,3062.84373551791
65282606,1920.4121222724234
31080502,1423.3357852119825
66137109,2223.5120373562354
55286917,1562.696117868189
19462876,1296.4146008111272
37235871,2252.1035652817113
53584009,1323.1549537314406
99377565,2101.7943683194867
82994298,1788.4955654703015
64250472,1594.4639387547468
61269314,1062.8030842587432
26299312,1471.929248812929
97300018,2145.626562636697
74523665,1443.2044773575722
19970243,1760.6455209249932
14406104,1341.8475730240452
87865772,1445.4866691786451
12224440,1026.5239896235512
62628011,1682.420546109761
30735313,1566.8153250177447
12214322,1540.194725263192
80943078,1107.661436421259
89421265,1841.1639011412149
72762674,2111.052413909477
55920835,1381.0362126380555
95456446,2300.2405715386203
96630600,1644.9906019223129
20077759,1521.2872851083498
77066065,1623.1586813509593
47856776,2382.9847810146475
31685937,1398.2646648820537
41522098,1486.3685343635027
30032101,1386.7278562989975
91606427,2795.311671566733
22900349,1909.579444351523
43552678,2466.5861419691378
38881909,1676.6612375009415
77508029,1618.6968108724136
95128506,1991.9530583730948
64627729,1160.1953977735304
56744301,1212.7183828624536
59338251,2379.295192920989
19662574,1304.0963432306187
92971829,1589.3850700921514
18409584,1691.082178131439
71760159,2190.813463493765
43660858,1824.7878456645367
77997629,1835.636810509198
33928732,1187.5160636593703
68629875,1320.7227726247613
48480450,2313.92060254928
54283664,1587.3693935629917
65942293,1879.5080788922319
95573502,1410.0320119244557
45086632,1246.729147409477
23012000,1738.3970325288924
45395839,1591.9307779712474
15432712,1272.22938286657
72298046,1764.5853771323734
84408769,1692.7550652960383
25246226,1358.2136076175782
20056705,1865.5818249588315
67856036,1647.3435103009265
56138985,2084.022783061474
89984541,1408.4287951148267
34860961,2399.4972817056127
55067089,1773.0234502442322
63717753,1869.5713783601009
89165138,1459.383158167658
22336894,1721.0463128696524
23089519,1441.8903383661136
74572156,1055.2889494367482
96120368,2556.0923686718415
70734227,1995.6784042147535
43842124,2078.1021223075945
98567604,1515.8986106297095
54538757,1808.535326538753
40105171,2251.050814233102
12135438,1594.7863178049756
73738446,1397.5463521616425
62385208,877.2689738003575
56062641,1931.0453380104732
60234485,1079.2045877965988
37490148,1161.6228343373311
73644773,1535.2784226206359
25147876,2221.5705470059443
98738159,1684.3979814562535
36202424,1491.61805636399
90053455,1683.5610289876258
34861961,1654.156000641995
40235987,1575.1465216225702
25289802,860.4336893523002
72831408,1933.0587531436133
62725172,1620.1156965781
20547868,1714.0127102993779
43821417,1452.8113895095507
39911650,1691.269008675795
76282034,1479.0073503230874
93532589,1383.4525445587624
71389546,2004.4426322515808
26491098,1381.7596772658758
63364173,1202.017672488367
74256814,1116.6307330470895
35509595,1874.7522567738738
18139863,1939.602233453645
68577776,2008.8943141055497
29522715,1616.2125726757713
77706518,1875.902249211216
14006179,1445.4480707470118
92579248,1848.3264343350927
59229974,2026.823012327507
62295609,2317.2298091447165
84259414,1770.2231973894684
47815936,1199.8243467510913
81563963,1126.700957406514
13005852,1564.5632933155998
62738558,1781.7849388042912
57070759,1129.7710648520879
99600292,1979.0874117191515
94306787,1982.5024302550185
95225104,1990.5606850598504
55330216,1554.1354150523302
36532262,1723.8089085094505
46565446,1742.4802907618814
49087723,1400.508563158946
59534453,1487.7242092408228
48055811,2514.6905229883646
88400730,1885.4148664261622
99040799,1343.128810521356
54783545,2045.2207754762358
51521420,2370.6082756296323
62125112,890.5407057785537
41533842,1410.491976309017
37548888,1611.6500086419965
15800993,1213.1600695462573
72777210,1675.012040026643
27213732,924.9502522512305
86541928,1440.8304131441735
24899277,2428.1601087724657
87153365,1369.4705701947453
29377093,1957.6050074893033
17126249,1755.35855031138
83735200,1933.1107405166101
75294081,2103.5452173584663
50305812,1169.3360835744581
80598326,1415.6677924690725
73085224,2175.562623127404
36011967,1878.1162355285664
27344122,1434.4547723679466
65167661,2157.409104907043
22697886,1321.9400506662034
79772982,1296.3483814985243
75656583,1158.1519003794165
28706133,1292.2974553922845
94307664,1541.6029194552898
79181014,2214.391336466953
64940514,1468.5316582744802
42076518,1523.9978892384968
38290514,1256.8291382035745
12647465,1176.1321331284314
51615379,2098.8445794148633
58583551,1870.353763371925
89324282,2010.574110969222
53391853,1569.2463253381748
22488467,2071.3055796892268
77912827,2252.4548976084534
92699296,1837.4292416523238
98391080,1430.405220567496
25085429,1248.027536490437
58232338,1834.7484079879196
40856740,3343.1639884590722
86463099,1527.972873928257
30661871,1378.012555302847
43294411,1631.9549787896651
95379944,1933.362879224255
10473693,1815.0037459668588
60542399,1848.1658160151762
52521598,1742.883059136443
78214020,1255.0359568500273
42119756,1051.8689613414533
74645008,1275.4698346052442
68736704,1591.7199577708866
13851365,2011.1870291803962
10956933,1768.0258615777866
76588396,1541.0768696874632
48664414,2141.278032169221
75409758,1593.8730467318164
60867152,1325.6560046201967
49408128,2052.8493006514495
32398201,1404.493808698244
33820657,1291.213638334518
99096183,1526.0812004806387
71729207,1538.3162580732294
13424233,3240.2457479901136
69313487,1330.5709038806729
51427900,1407.0071330210994
20461232,1834.2175369201973
63893951,1231.571173992837
93871936,1257.8175606956306
63699477,1705.1574844036377
96362629,1539.6283925653045
53928117,1211.943032682801
41164553,1154.1568245746018
36908648,1745.2347341378572
29666927,1898.8291731896454
11938394,2135.1782549526556
52496134,1962.6631053843519
32481667,1887.487790473819
61487441,1448.0346009305588
78992007,1401.1967339146524
52895411,1368.7508994452867
58726779,3357.8771902764834
20458217,2429.747718609012
60265538,1736.9250805824825
48479448,1182.0979790568374
72404425,2102.9466190596786
91400370,1030.9609579168691
56260955,1581.5082751858695
65491665,1709.0425727429213
11663385,1261.7142114697676
18615500,1108.8020914467847
87935522,1332.2943107379683
58889457,1862.6621648808505
19169471,1933.2484901736887
66133962,1874.6074525632455
66731452,2125.554277049606
39410896,1549.7758087703887
54940054,1412.6083851065468
10662394,1375.9579084712748
80972130,719.5262321999402
45235634,2159.0332611249714
32971413,1012.8056498890667
79283360,1234.6499129504666
67055260,1150.2561806094152
56118755,1653.5494778330653
29230461,1505.2796689078407
37178907,2137.05566947229
80400106,1592.2418724515012
67091284,1512.6096852177088
54160936,1454.0606760266057
26849200,1707.1143417599096
49585462,1259.503812661468
29429374,1473.0134614524993
95616903,1583.3404172176677
40605040,1548.8893202960053
77364221,1322.6563696869912
63366619,2121.4031507507243
82932107,1557.5119576776863
11504000,1975.8805669867625
66338948,1707.1546186685473
17704772,1710.7700844407875
70406271,1478.9414158730074
78457345,1532.338758660643
47160363,2320.0334186450714
76792443,1178.9663364600008
76133904,2773.7992480913636
30534387,2382.2559014317612
27949452,2375.480881780557
98920505,1630.7350358340504
79101538,2313.8905977436552
41201623,2512.1383568026945
16952322,1587.0735543918277
97020909,1801.5576796226012
76043497,2091.2218434943206
34495964,911.7468378030312
68971691,1377.1322181951448
68553106,1513.0452688548994
90311747,1482.0096510788928
89361909,1675.1381715293928
20406930,2481.818277615671
38933836,1231.2971970970018
38377549,2610.4411665527364
23346090,2411.6218928254843
12625694,1267.011345921355
57311677,886.657203725519
53924641,2795.3979744559037
36865701,1390.2601659086802
22626294,1389.481392153063
94697405,1706.060410991901
89675917,1455.3755032778597
28055737,1572.2678699382195
17371555,996.141787687692
31452123,2193.2383142346857
39910354,1540.6589450641843
16661684,1161.7813142241896
11696365,1994.8540403103068
13890760,1557.4815264256395
23308655,1642.5698632457302
58265470,1659.9027730385076
23915393,1655.8278310080082
47202387,1673.6517797683534
63170132,1511.5880380340407
85663208,1874.6321621230693
11731667,1251.163507842808
96387342,1197.3024884863214
56912577,1387.7982276765865
96546739,1570.992012821807
56118135,2951.2756185738604
65848480,1343.514728420083
29524312,2056.587427639174
61207733,1766.5575778559833
95068416,1540.3356952844106
93730714,2903.839442391427
58209441,1658.1645173374218
77468100,1283.2668059355094
94556768,1363.8712498370903
66214153,1241.4339264459081
63178801,1264.650357446817
47025809,1844.8453169274994
17223815,2460.5340005170387
26808769,1525.4013677025532
25114626,2694.2160135842855
33184251,1257.3287967248807
38562723,1846.5682324501831
19383477,1351.4748554015678
81390291,1628.8897785681622
20998216,2888.4655776024397
95233875,2091.650648144325
36756234,1509.123189122097
80596646,1641.957321904673
92304937,1615.767808892778
37613954,1209.6410813758523
58590718,1763.3964687684054
53992915,1173.75744674342
54005253,822.226651541708
68781482,1344.4041502870193
70720914,1436.3604838994825
29283338,1268.169980231425
71373910,1921.7356394582694
82737999,1127.3797982473527
38789318,1800.580009619434
50526394,887.2084375383555
24047944,1540.2753993663189
56710540,1273.636047481035
18038779,1572.8885860536539
87817642,1753.699361366216
54364617,2024.2069609925995
49277751,1325.5799121848233
50647092,1270.610707855864
74938295,1402.7431729155246
94151619,1560.6500638345467
14146499,1042.61519206701
44114070,1834.9911947355831
71013634,1999.3656144781414
92727921,1063.024612982247
23408005,1785.2847241524173
55353418,1945.2969642367539
42627732,1092.7885286951494
52380113,1850.7548631002942
76380932,2174.8182742876634
85051446,985.11256448512
13441812,1192.381062104353
75634466,1872.2479159517889
77418032,1559.7253919456268
26069913,1973.0082956357192
56951161,1239.7265652135281
65568116,1516.0534596922957
61527594,1469.5720648076144
17428821,1567.5115281799006
23710142,710.0694869877036
95218141,2531.1720972103976
64929695,2197.0679649962285
16991389,2262.5707374927865
28240625,1323.3679525735863
27547150,2602.3602025766286
66381811,2689.403236868194
33749942,1366.6604127457963
35190059,1450.7379515736943
63026525,1154.0752688226846
52393671,1688.594316378553
32813270,1786.715285303344
49072955,1318.963582093597
39300176,1706.2716406161678
46915044,1698.8187386374875
59260240,1387.8888315961944
12697027,1263.6980860530691
52828733,1243.4933112853464
73335938,1461.4582155522362
55961268,936.3390584980875
13325471,1487.4230039784459
29398613,1211.7349570109186
27052291,1466.3767096716385
15955952,1583.2988041339875
23271818,1816.2462489170352
99724134,1556.328516188965
24071058,1372.6982752776396
31560904,2128.728149410983
65419988,1474.658151479193
15085530,1196.967857773239
19942722,1885.7121726919788
13275930,1278.0234851256296
22982323,1955.410987871799
36522599,1706.1115541480733
82021909,1474.467278899489
68645790,2865.695489315152
54788650,1711.5431551177687
42678082,1943.8960778235773
60925510,1266.5626769371252
88286089,1298.764028623983
58263484,1674.8750426429958
65619117,980.1074168629814
38104250,1702.9356813765612
13756583,1809.7983139166245
60053914,1281.4897492119985
64871810,1697.4732682162166
58457956,1806.7496976907053
46159970,1572.3152095638281
68250229,2333.5739837054007
47390028,1421.1651234782146
32969075,887.7121682755056
53581810,1613.649772635277
79530731,1988.586503982281
24487509,1809.398360399244
69933962,1448.5983187014501
65663302,1511.6473621967668
12423653,2032.714761488352
58871872,2056.220588372834
58171151,1523.2878053451273
30617224,995.8063014269152
69106909,1650.8364737876811
13212070,1422.7232943221013
68351771,955.1222806015618
87624917,2193.0128975605653
11970895,1836.0677458236455
44431758,1611.971360622905
16633955,1319.1676261419132
42590404,2243.4322025159327
86953915,2054.647964695709
15250738,1671.3242814551616
44832140,924.5144361974093
73698594,1408.62219783737
42128660,2012.0335093013073
79549553,966.9123923356159
71619272,1627.2153409122673
42016649,1128.154373554367
61877206,994.0962558622232
56572912,2900.38867533019
71598751,1239.6954492940788
34544077,2280.814357723236
28672236,1352.3487165960444
68689312,2643.9877377124217
20267244,1752.8707692667565
68781454,1324.216934570777
27270801,2219.614572649287
37219515,1742.5422528424235
12011866,2327.3491946180534
98392715,1286.9507069030983
87201351,1003.2851502320319
14908777,1138.708845557273
34723195,1999.484062058148
27339925,2326.446059506492
65420496,1482.8365142031475
40933008,1529.5711135354204
47440503,1154.0988013300857
94970875,1233.104668426903
91029594,1849.4809252007935
65336637,2342.3890006543324
82023374,2088.3072993423284
11380763,1593.931280272104
99699540,1291.1637990079853
52649545,1281.8838531958284
46299510,1501.9122697674634
71452565,1090.3020516927113
67641699,1008.5060437229017
12714684,1483.8846102778414
60016742,1126.5477918616557
53641525,1397.1872646942834
43542290,2284.4932394910315
32126954,1657.4863194667375
38213318,1526.5718780388759
19971849,1524.6174278513804
69256669,1511.3299792559935
23756854,2240.346274445346
62908704,1304.8450158781907
32399173,1656.9521045272468
39238887,2322.7120668541656
94428578,2075.9942824461727
52458139,1531.326858418983
80574227,1290.9486578356693
90487261,1796.0033993844477
31852005,1196.4489636075602
24086418,1154.9401430576286
82209864,1243.4274587965513
29014855,1084.1240315860955
56782601,2017.854097796852
24702075,1365.903971563911
74660449,3007.845718761937
40117654,1390.9756416755836
60385260,2435.3517900550823
35958980,1719.7569643110692
69458629,1964.4311063662658
92886159,1471.7578123566063
97734269,2568.4345975750275
19053695,1820.1758249915947
22371112,1915.853122712345
49183639,1606.1143605974191
53526975,1426.11141340671
26290335,2149.557981804128
13359830,1449.5584747056446
39340686,1543.0208523885256
85521089,1998.2742113400054
26704193,1822.4012705920284
86626423,1819.5237752964147
80675333,2052.6667720480623
38369741,897.477767745631
10428306,1744.8531219280824
18197840,1096.8529406259509
78586780,1478.8555702925808
40311310,1751.4413813111735
51507375,1447.8686043465702
10857110,1891.3946578712425
88736789,1624.2441176596237
10823128,1229.1470480312391
75933085,1700.3169773139039
87766438,2282.5423239628362
64406530,1401.1434908057624
33833037,1663.2099813639234
51715740,1390.811055671907
59611801,1749.5765434234636
74340374,1482.5918224545212
55507333,2104.074498226389
10416536,1791.50674019893
43556040,1634.0378888659488
63137873,1932.6436226013002
70387789,1847.6734949674199
29408506,1144.6711819369416
38244388,1545.2541208823438
26541311,1111.2812826585543
21032019,2122.8343697619316
95710332,1752.1784493414966
80660421,1459.1457875101298
81086775,1751.2916352065574
14692465,1612.8719275536537
35590067,1887.784134803878
37534494,1075.6960418097822
46669694,1281.2228100839252
68379291,1634.8034642472667
28943151,1546.2498803555884
85214973,1776.5759794297924
49160221,1141.434133505477
57027484,2296.3621514026045
79515834,1759.8717974480649
48903593,1545.2091104158806
49944843,2114.0210814121724
15919205,1099.1800844158354
89043859,1217.147515703957
22557888,1672.4398365423494
45588391,1641.897472528647
67323319,1396.7086917591726
67813677,2025.7461860055796
94570366,1841.98690614497
99333664,1409.9038520504816
62452475,1524.5761334152057
27164888,2105.886998378649
13777597,2694.472945881304
58863729,1246.0651059237898
75372835,1422.2434958168221
46531922,1409.7607925670081
22638297,1514.9043755501218
43377425,1503.8835362924453
45061752,1554.9826244038309
87232001,1133.7397700464894
99721166,1377.8407185490787
63930988,1565.3546653024878
67323116,1601.7056405798905
90199043,1036.0057910341573
16025812,3153.0291368442904
90192151,1698.0723888759521
85194090,2781.3654929219197
82716623,1892.535544564643
70041588,1153.8698991248036
10909503,1434.9322199874432
38910820,1960.601547096002
67605038,1773.3851828641232
22421268,2082.5627205069677
12483701,1547.6325220647884
99756084,1711.2722507926276
72806047,1417.6140075279745
82569264,1603.5303391167781
85085562,2279.448036883163
51688242,1490.1910355536988
67031304,1564.8761487854438
67620733,1572.0581393670589
15399183,1488.2529882500858
83228475,1836.4610059421148
59551778,2292.3853700306886
58024179,1303.9002826270457
67130514,2473.882691288289
36292117,3395.904362862072
40708056,1990.4145387913293
16154757,1740.4677007129183
56077131,2086.028564370518
24589481,2011.5726461506233
73507348,1131.0171516894193
98283340,1954.1329488927577
78682956,1737.052622105067
48031966,2092.4414520025553
54069937,1298.4987460616549
12509398,2216.887210043659
55254106,1349.9975841064643
99797445,1769.2178067100665
46298966,1878.409576515528
97439691,2582.0954679466518
77392495,1035.2448749826076
20307174,2011.2114353836928
99295729,1473.7328835783906
13479279,1858.220727571561
57906842,1519.6771236490804
11957267,927.3485564159367
46011088,1377.875972453035
40051988,1827.0319817483162
76565808,2112.179831012487
38007540,2020.9117792886873
79111798,1241.6199167613258
44170417,1174.0276453275374
81747003,1502.2221910271223
10689207,1498.5936295893302
68762949,1270.7588100514743
41533253,2175.966276447925
72624609,1119.1807564367477
95729378,1398.6268140661507
63404247,1881.7028077379834
66851416,1548.1173975811016
52878792,1329.2192233751023
69816189,905.455230056078
93215948,1321.7232398655049
82196067,1757.085859801935
65951347,1341.419291276543
28150709,1432.7364306721609
26445964,1182.4830276239911
59886188,1376.4660530869662
47858132,1244.1585498939457
10617528,1464.2499141066985
26555436,2530.9844483381257
75176293,4697.392859358484
15592659,1542.580775949338
17002563,1952.8544970172616
65418918,1580.4938617210623
50328250,1589.6762301430088
29587649,1457.7151642895699
58771361,2455.638483155498
11138502,1393.5697633419438
87806628,1616.326580343127
92541302,1398.180241103374
20045193,1386.8226712553542
53943287,1367.7843181982205
72973012,1757.5382271838987
98243897,1577.6746798838758
50425980,1152.7299003067656
53891279,1798.7159683763327
12653293,1329.975832492281
79516817,1616.3105702298565
57736550,2092.127828993958
68504332,1115.819904128966
51418176,1902.1216145099836
52844688,1619.8862859665558
14924228,1465.8551271051745
17385055,1758.2951774174546
48584675,1849.0148689496832
84113591,2095.040427717395
24176804,2048.269750554483
42578288,961.5141905408549
22976178,1919.5857648623958
59427067,2288.398823080387
62214101,1549.0632971082475
31095835,2289.2078358533945
61084952,2009.5718337205021
24538640,1342.2165372318311
17397516,1985.8594218585836
53588939,1129.684095006832
64801503,1295.9267475129307
22306102,1462.2140969858542
73464976,1539.058710807023
25265317,1056.728074401104
67321055,1799.869637290966
52652991,1385.0271601578756
77364707,3810.085951274448
28941979,1195.5980102279611
74248679,1399.5276037832082
67415672,1061.7106793840903
80048641,1803.3502526064308
42348096,1664.0139120323329
76460518,1132.470289228276
34956566,1691.326734529692
77002192,1666.2441072178895
88577445,778.8687847364819
38297974,1133.064449021213
97975641,2072.6100204711443
15692698,1691.1183937966687
83507949,1526.180171460694
91740530,1601.5209356670252
37895673,1335.8189502591983
19139820,1911.0696737674853
89742287,1154.742915399315
63175133,1792.6309656135563
52867973,1698.5284559963366
16690451,1286.927765739322
37055011,1700.0702333662152
17248647,1484.1300639815065
17328412,2072.502960256768
63923102,1637.8517501354909
34421040,1611.522254717269
99940233,1800.7278021063246
45814646,1641.424983200469
58613984,1242.9116655024948
31285738,1331.3479449902645
35071743,1568.6262410565714
52223959,1576.2974785133592
61904367,1214.3806088595697
31525138,1547.821830206295
73171290,1307.8582462918184
44582195,1419.459841319596
90109527,1425.7395870761784
26952082,1343.494950504652
53620380,1330.015683462288
94287883,1160.3878570550698
77186365,1683.0018804950573
33864808,1607.1724570701706
70959138,1930.8596100633567
52099246,2138.477657480352
22249291,2036.5322174725889
48803280,1334.8071060761795
89982531,2080.682763041407
64289923,1240.1944580689556
22000557,1427.798594275334
26219747,1243.9995440696891
31130738,2249.286152471925
32445244,1206.622064920784
75236281,3216.8977243847685
13587715,1337.9020608675328
52514750,1276.9218556770063
90786271,1866.1157904349404
15005065,2325.401902814123
20097518,1179.5549027850254
50625868,2030.690835247403
84412981,1580.4740475286615
92773944,1967.5176611786417
25312123,972.088359690811
70396417,1834.3706177367899
54865863,2539.7282464600366
35803808,845.4454682714276
59597265,863.2988740736102
93311848,2358.1369621044996
32340446,1734.4294969686491
96794801,1520.158384076011
40380864,1413.208969002583
82007689,1760.0418209339769
84851707,2324.3002534295183
83174692,1896.1336812904144
59083400,1867.794794200368
17580169,1247.3231830639445
18219500,1383.992866563944
87811781,1765.9389865250457
14088369,1115.2441933255088
67659430,2238.2917875831263
42456496,2232.1065693431274
87353322,1624.1942197147873
13917344,1140.810467528234
19886405,1505.9336041081788
77800166,2247.317550627265
77068569,1823.47849315478
88362858,1567.530553606786
71241476,2560.135272040539
24814654,1327.2914147423703
46691706,2677.0474187612035
79162545,2131.0428060693325
42908985,1768.4377888066888
74936566,958.1176851447261
19620916,1916.9939257924418
54347722,1505.8812241494904
90271799,1547.97037966383
25414359,1366.0235559302018
35809369,2699.0405785496637
57731323,2365.394865165631
37887687,2243.6841137089386
76623206,1512.4841829725488
69954876,2362.1983167679946
78180146,1912.236978140624
90681578,1501.646039397275
41794614,1477.593744788475
83295852,1843.4245907540949
31156145,2568.3838718322036
62711916,2272.15973593369
74676618,1555.5163753331756
43248708,1799.8040378733406
69180825,1540.35694434944
75624999,877.4572052973142
37667208,1214.7653370207684
77810578,1448.7965102906446
47115768,1761.0933987524622
81589304,1398.767946528876
74472711,1462.7619772849089
82711188,2109.577947318542
55272778,1926.6122742590503
98229885,1253.6201592491425
70058028,1915.9870070129753
90729377,1804.9687320790308
13401279,1242.946733197864
85519612,2437.774809658917
17006769,1610.7226794385417
99888523,1381.0630647220812
22354297,2387.6572873256155
43508583,2002.4387457789478
96795828,1452.0752331136619
96608998,1971.233113700825
67452091,1422.5821348275233
40571985,1635.4348136279161
15232782,1582.5279472801506
86789043,919.0169329140309
14046478,1733.3196087037588
45515801,1406.3760380851832
26318506,1693.7604601835308
34584473,1284.629489670394
15369631,1959.156884320762
26479383,1276.484977250827
81346470,1045.773848318095
83197984,2045.9702362627406
70331904,1124.0255171444758
78907246,1725.9976584479732
42709019,1822.0845702071172
97184353,890.0450385283948
35589537,909.4309943799416
83942112,1372.5875280731445
58293013,2208.805375465299
78567689,837.7336758584325
88610012,1904.2615870911334
68628621,1776.2651005120335
51584806,1161.1207645780414
29419986,1295.3932613266734
21476578,2043.019934819512
77370060,1548.1865353588703
33607448,2588.8735166105835
47890072,1448.2940158882727
11234362,1244.116729508461
70681971,1075.4837310016042
45196219,2039.7997859216623
58136807,1549.5990315668118
21383428,1950.039656585617
38088367,1649.7294906052996
57071133,1410.287338262101
83834449,1755.3449588328733
72194210,1305.5332887580084
14582584,1430.4173327030908
16017322,1508.4104378331024
18598541,1275.8787054781003
82812670,1449.364766901831
53563234,2822.2542507368553
63779141,1696.2061063807816
70854456,1745.463602727563
83535660,910.5739139399212
51099419,916.8513442918323
30503407,1406.3878276883513
90802363,1267.190852973124
84057874,1259.3017614740074
93637941,1363.6221364439482
33888588,1261.2784104890873
78183407,1588.4385938737432
88497510,1689.2182179770898
88829918,1572.466483560454
72639649,1712.354599968467
15627595,1805.3021355890426
68832460,2679.358013229467
31734310,1066.1565041055737
69212161,1892.2497755385857
62980146,1332.9403996754772
69972227,1788.2849284904025
53162285,1096.6996169002691
10963473,1738.5892748201516
65276908,1284.018877260603
72611634,1481.7103662611305
81292347,1591.4886693753176
34705944,1315.9539048812949
54322977,1429.171710507995
27155431,1335.4550597007362
61373056,1578.2096416139743
64530093,1975.2516125071777
44187538,2548.8101865088056
29110806,1211.880515814832
34026881,1570.9551702304768
67734035,1698.4999393271175
90355788,2000.2315586513362
76930932,1377.3426787820292
31194080,1394.0129546429407
26948420,1481.8261392066527
60117998,1430.600667061037
23540580,1857.447088586025
29255361,1687.1059998663475
47322059,1381.8852508600687
50570727,1706.8227505148352
71874386,1176.9404074954532
27325447,1219.3044615015826
92986477,2478.788246255475
27856293,1623.485438174638
55159001,1559.449516734916
88660196,1721.8074666893408
82148252,2242.067812553161
15421314,1772.2330996672838
27620141,1437.5300968470724
12348320,2852.2895120630756
84344897,2274.0348877954443
10950855,1770.4639024396456
44290434,1597.3974340190894
84843689,1402.6804776595752
85814690,1213.3386714242795
60406086,1050.0806005216552
35395832,1858.2153992167919
54621645,1485.2754329572049
29154162,1569.4414962404471
40230589,1039.9574601330478
46902130,2354.557927062865
70579622,1885.9125967568223
86272378,1468.8153593492937
12294631,1750.1006228438557
29412564,1290.857181664312
88089176,2179.17380477206
91193188,1495.7653108588734
36523137,1363.2546637329924
54050884,1811.1292198923647
19187985,1019.4888889849994
91884750,476.3338424602268
77985469,1112.4991742184077
19362736,1333.0728048482304
37641826,1249.151222221204
17997673,1577.2202022994438
12296621,1435.2576714364454
94210085,1436.2569311566183
84475360,1677.1627928256896
44450631,2524.1470595349642
96917819,1764.9397631608979
76581579,1593.0520098258514
16376842,1064.6491029749968
20378565,1849.7007728750425
67149501,1300.1997585964605
74149592,1557.822817478393
55437574,1183.338713613177
86258875,1168.5385652922118
25154125,1563.977994222822
64289878,1302.9212534083968
59484061,3520.492379814133
39600891,1969.8856753302014
40907835,1262.0292335460028
47183606,1427.3465839003504
71132260,2226.824477724627
19424487,1979.1619981122024
35720925,1494.6282630583928
74210516,2491.2885462780773
53089641,1662.0360556740204
27778699,2403.5511269130848
73489375,2831.4813592448404
46042524,1086.831440004289
59554727,1682.216233777193
31273971,1598.2357967352443
31543147,1149.650343749978
74490349,1506.5676859648431
65190591,1085.5388338043758
21122660,1649.1178780515424
54597323,1917.4029703502642
77569150,1229.9873276026124
68093533,1356.8671870457206
87099884,1025.3900085673038
64825958,1088.1182917658175
27545112,1472.1846864766344
87791632,1475.06169834308
93384265,1982.436534748734
64047299,1107.7960122843078
23357980,1444.5098337050133
88585802,1512.955229002748
26754357,1920.5642734468802
99964380,2489.8476403735544
63611208,1028.504030949697
10618556,1118.6263589346456
12155276,1469.4258399295902
56528554,1618.455906015438
72203638,2386.387886369772
48174886,1911.0196035662636
25749233,1916.0852067434428
11912269,1267.6185078844667
14181748,2153.002705387719
77013810,1822.9768171960504
59885886,1522.3284319752768
92982194,2379.928998139055
88065861,1623.0486465371316
14857189,1798.5946686718173
60358916,2036.600973952756
72265262,1562.716338700328
20471623,1647.9001089717935
88951362,1421.6015802384304
22364003,1710.643086136405
85137999,1807.3112839267937
84176549,1753.6607992729282
25849299,1399.357407636645
21233903,1628.9560222689752
95963515,1531.8166966509184
47630408,1664.7031095982552
38763223,1256.9399123102348
34812513,2076.9270329565547
77372953,1124.902421317497
74724495,1858.1508204146394
34162435,1776.1272180954386
60046268,3105.5371808261043
19475755,1464.1753632829148
89620481,1230.2286905250367
26981207,2267.195464776806
13918048,1319.3983870938646
36590125,1488.0904969004623
78119113,1028.903603147948
43245514,1656.9782692580297
88082339,957.3176761381266
62738760,1456.0058625165923
55254407,2749.2561822773937
85112378,1518.9959777238714
40490983,1190.8206600604099
44048989,1593.729930598957
15551565,1583.5329964987452
27681538,1334.0564548731875
98232104,1269.917170767051
14018289,1457.0157351776654
82522150,2627.6796308979183
65483357,1166.9231929604537
94158408,1665.3558857493988
50266167,1834.9808309978607
28805175,1964.5826542541558
93929668,1104.7047297616223
15540290,1615.4561275988274
98661090,1566.1252675807289
50074109,1650.1239147705633
85017115,1465.1883914399386
99914220,2203.775006273899
76334714,1534.6615296231532
38140938,1570.4252431780824
93933852,1162.831281222771
13190892,1626.4236561048451
67747085,4349.742729040694
96389355,1821.8350520862662
42380180,1275.29510087065
55522772,1556.6814456672805
18839853,1571.4278321469983
93030803,1618.0219106468278
19574384,1571.8294386025068
17501488,1466.4299381658536
92757638,1111.5633206354132
47546392,1655.8944471527689
56569095,1867.1446807371897
34392418,1749.5337052530463
49367171,1799.3766818546624
37669142,1403.1472427859255
33580264,2099.254910494012
52617381,1518.8406034474579
13011861,1523.4415952996476
97498208,2143.8872318462595
53388262,1569.8707695626467
63018369,1641.7698726493395
59266953,2292.687359251742
33256210,1526.661216385086
26585585,1476.7772243631007
43342989,5053.351067835094
81962175,2429.6654361417964
54752385,1562.5854686568719
12906623,1108.136879610108
12144505,2370.0688468774265
47329191,1447.4274646489155
35302686,1567.0693654290624
29541158,1497.3956800946012
80447228,1493.676914773923
56399590,1678.3027371524884
44327442,1555.3721071381847
65756284,2412.397536601179
13967851,2455.8639606079228
33766889,2346.86002755763
70886578,1377.7178124587151
85448456,1600.3522802803166
24208719,1464.522994811969
72059158,1994.684054922526
30666083,1464.638707412972
45090209,2151.5179201446513
79520644,1980.2890189064822
41015799,1671.243475068769
22610356,1052.009888421141
46940244,1200.5558568399388
21443863,1211.7806793780796
63769088,2227.1748569042675
32298027,1401.6810428880865
26046152,2046.2043403527928
60326272,1335.5185434286986
24693880,1698.4842107414872
18317166,1921.1799910856503
64265688,2289.3275581975554
27910854,1229.5225633517239
56810750,2267.691313926781
97007881,1303.3604031955983
90317702,2692.481361733589
81231529,1582.3415920092916
85899649,1534.8435393541135
92087175,1349.5975902627574
24070483,1568.1510789499805
87629146,1098.8991843608399
11101794,1440.7647576660788
67889079,1609.8052601053028
25576186,1605.6113683901856
67657245,1793.7032591295065
74992266,1519.6978593831743
83091668,1477.7100858920128
41547362,1341.2224389612243
75141878,2950.3409891615215
11562295,1044.6905430993925
23748006,1531.3311068546775
89825179,1381.9372491515767
46505766,2737.4080457488835
36098274,2057.044661388665
61326956,2026.5991890457235
69020339,1440.8206923330333
35844282,934.4809452903827
86014291,1778.1380804723287
72500654,1404.4958574951906
11567986,828.5436762144149
95910506,1066.8719927643956
73565600,1835.7811377280484
83729347,3544.037220616988
39689433,1211.2168541847973
26513864,1216.6510608794688
20449852,1457.1199414164605
10382065,1620.5183709632297
61096786,1187.818910289848
40823824,1582.9790133295953
95687753,1129.9097561866597
88043962,1980.288031541153
43192291,1720.3769705975003
18631499,1565.6322724409815
27194752,2462.0883566211814
48023684,2587.1655123654746
76180232,2065.8347023690926
99345059,1570.3685494794654
46554999,1419.700659059426
57537267,1361.9098692754478
72087202,1358.562147242913
60008708,1353.778634247166
13534295,1382.2325098989447
90971189,1830.6848023012208
55662480,966.6541205519419
81189360,1526.8481398122426
49401774,1727.5630410851247
12131946,1707.4335585510562
78732926,1892.059822260527
38392538,2234.9826129106873
64273801,1541.6375502729613
62858255,2580.481557124781
13288053,1627.208491380374
80940080,1013.9075910503067
73197703,2256.1463923425354
88918806,1611.0862376509078
45088467,2139.9820955519967
42105313,2094.0405050739073
51515302,1534.5138944929427
85071892,1305.8240307236442
23401512,1284.3034437522301
70514922,1334.044980383886
53367560,1699.1626822135515
30799466,1209.8348739730618
87442307,1497.8117309248985
84081332,1679.5423059448117
87505658,1064.938937861221
10151086,1968.4355847967142
19254776,2245.7171644336026
38019521,1331.64518250367
40151098,1836.3993566410627
75965212,2252.793310237
38667600,1236.1400903664307
55646285,1463.7533411721236
35548301,1330.2678041830568
18737005,2348.8835733030924
76771390,1647.1512421435225
23778594,2670.555070515147
63739797,1275.5223450067213
40559434,1912.1669842240558
15970404,1402.6937680232645
41963393,1567.616247403433
36850376,1698.6257296621052
30703622,1216.827741723914
53681130,1580.2601438471722
52524172,2842.4374764271292
78986568,1721.4893557511214
60868659,1686.867114586575
55970571,1353.366680781574
69603000,1237.989477638533
24475423,1143.3524581214149
30105284,1219.0314503301556
42638975,2611.8808624921367
54205765,2266.9101022456784
77026950,2188.8531971117372
55738198,3281.9109300541368
49309757,1701.484495321906
52256145,1787.6576762139946
14972722,1450.178947123192
47613103,926.8405448875126
31244414,1815.4553868343821
67669646,1802.159921512639
85221335,1590.1667061677679
29598209,1490.2105426924118
64960038,1629.7941719333128
36072721,1994.0546219117048
48855526,2153.629362308638
40290168,1442.8706881953299
84094689,1804.7561667935445
64780070,1465.2023375864549
62238032,1476.3796720920361
44102009,1903.8613707926288
13443938,1491.721044881555
27288438,1205.0234927784556
26505769,2053.2989274220445
62425735,1881.6800234651025
41742405,1864.46725061549
35508108,1482.506516092608
67267851,1562.9640831031265
65786198,2137.533021922279
69652252,1496.5779430675016
78338794,1878.607591983448
98205508,2901.9299549995517
90079134,1827.8116643656147
89240929,2375.077142373315
59365630,1264.507679472609
16423455,1569.078362579356
30410578,1391.1236726786783
41943183,1921.0029382034827
17181615,1361.218088888229
31537031,1651.3858812610292
55634963,1399.2410813794183
14790401,1713.1477992144721
49470022,1402.2460888956728
68137744,1924.318997408873
10800640,1329.515797365491
82878129,1378.9100419971653
98099360,1846.7383506251401
36414556,1892.7895118772858
74858657,1123.4265364588957
41406039,1425.1279947553382
67297495,1290.544305385713
98019387,1776.693852413447
17133275,1477.4843191252733
44434588,1203.5828851521235
23385843,1701.7242992102624
51805988,1627.6419541112803
65443150,1727.5181327306532
77624321,1434.1120721783113
80056192,1481.9699616809369
92008819,1558.480533589581
78973038,1017.9018699337381
36356168,1675.400860723286
23051465,1385.5826539181612
18225590,1657.510646192617
30705007,1522.234063440296
51916309,1524.407345747618
49014177,2040.7928544960123
46939883,1567.9572969466515
27552020,1345.6659283926783
76064439,1153.9404576685724
42732794,1880.0366266717747
78185687,1037.2486811465487
37150067,1384.568608380114
60216204,1426.0079422812782
67861895,1889.273610690126
82668831,1204.063193571611
26865256,1377.8122548212084
20296005,1604.7029221096484
91164112,1496.614377405
48751412,1596.7748731163729
92672083,1875.3381377715104
66451503,2073.419368022883
79223008,1409.3215901926778
86295795,1319.4627396443752
12188395,1183.860385201119
33148873,1206.9262181313507
18236078,1734.646821150262
53763750,1242.3412533317469
90278346,1677.3989544821075
23921552,1476.8531768975643
60806947,2527.2808121562216
87988487,1186.311744049722
33594333,1390.2649040533363
51767697,1577.9542462991494
76176593,1685.923599371814
20106678,1821.6929897904
89323122,1268.2213442250509
15084276,1826.8843393098161
46737280,1940.6494178950675
27725859,1224.1681642753163
47502584,1552.3098043815764
89375361,2352.316042690071
54279167,1614.1123762376628
62834953,1159.8895182454937
51358955,1630.3654511704644
43105700,1510.0196382932895
71610282,1319.7761752235938
79952909,1935.4949072413042
86913278,1263.447540021697
72344233,1947.9963046293262
41143291,1202.7338177915944
47312733,1501.4867361480992
73376655,1578.861484670814
44219943,1092.6646130959427
18665144,1403.8982270668394
38016360,1755.5483404251988
50277432,1486.5345163141194
14668690,1297.0757247543768
44041678,1752.3220188236076
68597599,970.8545880221432
55600173,1734.193552443364
78109218,2698.2963635689143
43432402,1969.3051622760227
57793276,1736.0178610465537
82143513,1733.9886177166327
13373907,2579.4850025698556
78336625,2342.8878397436506
51821030,1889.5541365151973
57620512,1069.0211356948842
94840760,1481.6862167880945
71866671,1695.6790553007074
12967437,2891.3241254120294
94620585,1467.7402991495044
45148967,2148.901898770605
28096166,1363.92311597875
76948857,1536.8514032231878
44584760,1212.6137619846322
36577484,1962.2405848989797
63103602,2748.2860705543867
15647671,1806.0575616724818
86020607,1929.4792437729366
80235014,1464.46874730916
40496834,1191.1704427014408
98549441,1719.3807975608981
71915619,1704.5093315427102
27813348,1864.867591106574
48090735,1567.1840923083441
91818207,1911.9632736115968
12597429,1335.583476047689
99318296,2240.0779961333624
38085169,2455.9244317749044
38823071,1999.6284378017697
61630311,1905.8025227295716
78195551,1889.5378237120171
88131419,1448.1668938765185
18300026,1455.0985216090232
99585455,1991.6571740467086
51530595,2016.113124533798
94166971,1416.4832871513372
13633057,3463.8365756558637
68298368,1263.770198318512
69215865,1826.1453109049844
30064972,2109.274150952343
96997224,1620.9744348918525
45138943,1192.5633485352478
21749235,2178.058189231626
62856234,3269.885502044544
23982292,1054.8021258323747
17686144,2239.3433166745313
57256437,1883.4300952165104
85469927,1527.6784918115757
14451732,2198.8649021404967
85268432,1476.9187113898597
64602955,1296.7449001999341
74101500,732.476319853578
80083521,1425.8747105255482
11433359,2376.2150039961384
99198713,1244.21346877342
12281135,1336.7425697780773
60094475,1462.173605641535
18817746,1373.5602190492064
80803307,1954.1837510652456
50415370,1423.6847289275763
65098425,1651.1516510985225
52785060,1318.672415419349
76797423,1480.8160775031017
57752962,2276.551934768369
30340212,1570.0665228863074
17309152,2504.5978157227905
29046975,1808.2944689880162
58339630,1686.5286002917653
38269849,1056.087067836312
65498444,1459.7297499731592
56278811,967.4953047728222
65904109,1201.752755645786
34436387,2025.2850038262347
83162633,1645.0203437306777
41922575,1359.8962821047635
67606284,1417.7600411941953
74148614,1434.350604456421
31898202,1527.1649866901942
12816787,1882.7069399921231
73390625,4568.655113079347
44602780,1626.3088411051024
59497966,2255.7885188924806
33304284,1543.1133754823777
70931726,1497.0063872990488
44381487,1342.9748443886347
55483533,1610.8326622205655
41096987,3042.936077657707
60844342,2720.520993045011
46382270,1153.1478627243598
41975761,1420.3310199493812
20086347,1238.2260769409447
82572177,1664.9665968387867
27871083,1119.6540378396592
47060550,1669.9521830862411
44062914,2114.1672406390176
29352791,2674.4112433076757
42368060,1432.9411916373979
83186065,1699.7104723769792
86750602,1848.0767605700614
18043718,1229.8814939213282
85319365,1400.3448746617903
93521329,1339.3792554255829
68774400,1693.5228458217514
27686846,1626.3512850192983
73144512,2428.1501220580467
47707941,1432.558813723396
91947483,1462.0338867555672
54467473,1811.1055922252551
25827075,1430.6015097398254
99472188,1571.495703337913
29814538,1889.8965632554155
98588385,1321.1796320011279
15032563,2363.4589206582364
73738020,1940.8327452007754
11480212,2455.4396606367854
75221745,1605.5073137379545
19968090,1590.939719749373
70404205,1392.5736148055228
68659791,1716.484425485904
33092757,1039.7488725712171
78193594,1953.546398468056
98198145,2354.5962966375323
99767011,1694.6398856012452
56688046,1574.867638069829
66475382,1198.3628305796253
75692782,1887.5323218668534
26808729,1577.1255064807856
32171695,1511.4003032739718
88456703,1517.2182022869022
20999557,1486.69398902978
28934979,1378.7808514754643
37107836,1512.5961831739385
50278467,1502.214632609248
61940174,1415.754568304127
17559774,1564.7707286308696
21430086,1897.4285792747262
10776426,1390.2630962613173
98097088,1716.6036986308204
43113087,1303.5119699191505
12862019,2466.866675026642
44592366,1202.3796833786378
96886172,1503.1621521079126
96480201,1092.5489712429653
85983502,1544.3475617646448
23038927,1069.5608273222051
53573032,1840.734259822816
34553934,1512.0560980430878
51249487,1566.1103285136696
85349173,1541.2341241320191
40895869,1220.7992679564998
99256510,2145.604275026362
76469230,1303.5810998918776
18165718,1965.9301526706033
96264289,1451.019788718316
20452221,2244.179027696421
15739031,1300.63147078482
75157790,1590.1916183276383
28901434,2398.1328647151645
98941473,1428.848765648532
84489512,1255.7102935983776
11168890,1990.3110607938272
45041073,2012.900775779599
85582491,1509.0971603120543
14863106,1592.323437429346
53607444,1309.7738432933534
39640829,1021.9844205683386
83896205,1303.970798373389
66887097,2066.8870095845095
54562627,2189.194271236012
60923346,1810.1613255418329
85626709,1356.6786577873595
11687354,1300.0293879458925
99055900,1313.259778031998
94176139,1983.6326484673143
65142810,1340.428927768905
21025866,1490.3566560163347
86231352,1560.2168062273443
94223565,901.5139320153186
53094412,1725.8847177233258
16579300,1797.1043236153173
68788821,1582.1706703249686
22347006,1348.8655099707992
89447420,1662.045350215952
92132840,1733.7294804869782
61120099,1478.6047284507101
66390529,1749.2604751226982
36752526,1845.0150056278903
28673093,2512.7280231819122
60187719,1353.9300650530408
47937195,1100.2070095041163
18528428,1755.9451014425267
72855294,2229.9573371187726
77314174,1231.0128782303614
74208091,1408.5019672662183
25265856,1154.8669544637185
43541187,1920.1304729403334
22027673,3898.3123623052297
39533389,1495.8047343844705
28548263,1656.988810873982
78891989,1503.2014966521217
68562696,1725.2320779398658
45297826,1906.8780288778748
14532340,1667.2128216787796
42487332,1209.5355280079116
79497837,1069.7886080290273
48787566,1510.4028961815973
43024895,1270.0736049730922
54043001,3189.0611536703022
18517095,1137.7596892511472
42190640,1617.4019967240056
81702926,1709.0111569028168
20584669,1265.498830556765
48104361,1346.8930926159403
95781341,1981.125442586193
42595500,1366.6971093978077
34081689,1373.5666388081079
18465181,1569.668983895016
87028165,1155.3260061074777
25157413,1551.8476328658928
33500861,1677.7489248688826
22501784,1855.5519051289796
90954690,1560.7600259530093
12079890,1179.5070607120965
24560931,1505.9618518562593
57180097,1653.7281846495962
53805689,1232.385894365718
54653374,2121.319713884097
79714919,1627.0413406380264
52629831,1110.5064532492943
30315883,2106.5549304257906
55900800,1561.4244299196478
62528560,2680.5848247400904
17439043,1978.8993119718432
64302335,2290.3953775479285
53498595,1480.0771772789674
92248005,3258.6722927330798
65132848,1998.4386010473604
54712644,773.9529920341428
26501578,1163.5271252671153
57973578,1656.8192318708325
64849387,2148.5755396787654
38331875,2179.1189827754138
84564845,1355.1276063253972
34335614,1582.231500337686
18851658,993.9334050603277
10997678,1335.9995301168492
40768250,1276.9349147287387
47646719,1343.3401337052899
92937467,2045.8962163521169
61661397,1708.1154107023453
48317061,1287.7073814055302
97216589,1575.214135179351
39977323,1466.7350268692758
46445975,753.9980968157413
94283551,2096.7962473254147
49677766,1367.0941587266618
85991335,2082.6869028304336
23059563,1753.5627218806321
98641777,1467.8805920320144
62115510,1129.6561729320813
63322573,2091.216068872611
88463974,1593.0797245004085
29063398,2247.05397155772
94756964,1603.2727315436143
84286445,1396.3334026206494
86644899,1515.3228390254185
58366829,3092.5234748672137
87935193,1949.7606952816566
65710078,1206.8312768197397
55211028,1072.3858264371609
20090342,2242.6084368845186
17885846,1736.8098595964518
87917108,1534.8797321576224
35243872,2203.1060664462047
78681572,1506.3108674854823
36496663,2617.1771839503267
88567292,2634.5840530877986
90883683,1646.7629669638545
77163639,1789.10233086589
70680981,1668.3838599849234
72230973,1394.1850052366556
13786940,1697.8282396706634
56650323,2153.671789736312
67337097,2072.063367921022
65297160,1320.2868990424001
23393351,1062.7963754596065
43711949,1931.7446482752136
45998905,1753.4264390802145
94413146,2161.4334346277005
30684529,1463.8298974738525
28147355,1620.7310952236346
14737001,1564.1540225132737
55758535,2639.206032675831
95914131,1675.9210896302304
95400320,1283.1894120480815
29157079,1466.666026486176
34838551,1232.2170207161178
79573538,1978.2658505715096
53853858,1302.7721737942063
46958037,1967.5635019903268
40355076,1351.713617897904
79162800,2058.4512844587457
61449541,1662.706053974522
68870249,1030.4577178567445
13256146,1997.955704263801
23687793,1010.7804603433201
49330994,1866.684890773532
47955268,1695.9023882513534
24572229,1106.8389335092606
85493065,1517.9120582853523
95994562,944.5290210773825
86822089,1360.3127296425025
38878729,1274.3471361780576
83459912,2914.5635361774835
40295244,1468.598763378115
95702507,1951.712278146148
97865744,2162.9516524374294
81724417,1408.2046199103327
22296895,1442.8721621150637
25100739,1590.2088000951796
11994578,1365.277815906001
43823713,1638.2576024637017
57595389,2624.2858335102364
37162594,1753.366912858952
51432674,2362.7683775955375
96977947,1916.2793627867304
69353041,1441.8087085955137
97471377,1022.9832992369282
78888703,1224.1873990459062
58472902,2472.3545735043162
77647159,2204.6481167086145
63649430,1501.0946299352058
11295973,1563.2919304503102
11886952,2298.003874754519
31115337,2153.5898014269073
53945582,1543.2356585268637
73391100,1391.5299092563328
16170017,1260.548316081144
96391937,1444.7743260311256
49663888,1530.3574070901618
37966282,2135.1095168395022
91789209,1503.6404982142708
47228126,1482.4601858461644
26588476,968.4569666614742
87591569,1565.0966028067705
15315145,1730.167956929003
70198893,2165.006415607742
61666968,1852.7008583684924
22175686,1019.2975899625708
63396595,2144.381926178242
18727617,1784.453503990381
19777468,1322.8480783624977
30527873,1360.9103468651751
95114158,1128.6628629332226
41739701,1377.9376395088143
11369670,1198.6148434993872
74973026,1392.366105109858
73622781,1721.754058808237
52281834,1304.275288248898
16897176,1759.1153896407773
63339672,1965.3596598077113
94319057,1872.9847900208335
89357552,2154.622253361896
24886317,1464.8501921252575
59666869,1300.1944908681537
72430983,1679.1599168092418
85345596,1501.09117189662
24218852,1376.1932570414936
82044920,1776.162742686856
28204462,1361.0499547100098
25544623,1788.728104170254
98645538,1768.8991845458554
35786181,1322.752670897848
56759514,1478.3529959517118
94979414,1424.1118538055637
52508190,2148.843334895598
49317061,1757.8082155491397
76293520,1669.932890514252
67067662,1774.469024902027
11847526,1768.1076652516508
14139283,866.6291693990022
35602964,1775.9578849380907
61092334,2392.475198724323
69270579,1008.3554484057112
47517321,1842.0760833058603
10542988,1575.9962692453016
66912082,3045.450272445756
42445139,1996.4798931547452
73053729,1281.6126268425728
96699423,1261.723563870933
18843679,1888.0589648400555
86433075,1540.6127045824553
26883104,1355.367225975117
19601132,2130.4001925141597
37017650,1401.7295931585331
83138933,1530.5042946008227
73247661,1551.22460799384
59307450,1867.3444129729146
31131827,1383.126528386017
69966233,1723.39933239033
40243877,2421.873074236349
41951589,1643.2937023028446
36031262,1727.86110162013
42623413,1923.206872345846
67891203,1967.8284793248772
51970188,1705.630838321491
24213498,1460.4808653075472
96242069,1983.3835543444181
41943430,1726.2695180818207
89189267,1195.027431198172
19898345,1053.4188044258499
60572858,1411.9659266597055
34988552,2492.070736760836
91110384,1591.0223511368413
75957507,2062.448839891969
64422949,1396.3030301453437
93823627,950.3606619985034
93745711,2065.6239650961256
17782008,1183.0297598435204
40016743,857.3290397431293
78676337,1907.4646985965692
96591242,1624.2897475274515
83545822,1321.9284545671865
89501773,1073.1337905564787
19293886,1604.6074541842347
58534753,1618.3564397170273
56198063,1468.8231392559733
60777659,1745.107990135159
65431978,1279.1140275445268
94604898,1667.2219114500563
76197738,2231.982548235747
81980523,1726.6898493711828
41676275,1392.6312369376571
36497965,1660.0590962786077
23177824,1981.9668656254737
85192608,1194.3527221470754
30289672,1662.4710668902899
98138275,2350.0330983793333
57817320,1129.264658558386
42234307,1539.9301086662322
35893634,1191.2323078364636
18195993,2141.658361633835
98403244,3241.158036455143
63004294,1417.4644867126945
54567579,1879.3225553461289
91568379,2589.920499095615
82476880,1289.2559679880653
55652262,1203.3818241131082
20373341,1348.4428895707213
58632297,1999.4969198479291
24786934,2468.5138098519456
43722745,1713.7354674013447
87508719,2309.5925974654792
80752603,950.2122775160204
16698668,2149.3651738951376
78798734,1593.420327465836
18461999,2306.3394293901256
81299277,1664.577845118766
91417891,1552.3856996644024
25190830,1881.0528346697238
73164327,1046.6548704455063
92759943,2300.9208822104715
18785269,899.4407526568375
67717385,1703.9216589573016
68136920,1914.6389006325562
77810360,1590.3277011554958
62012820,1638.5086716563656
55983128,1497.0231667685864
28119370,2206.257316227816
34978717,1425.5334517969482
52374215,1262.303742357077
66651771,947.5298562550312
49306420,1892.210118429295
57524470,1873.496669026585
50884173,2008.796949118057
41477733,1616.1860424558283
14875840,1767.7021636932693
11186021,1221.0118571707173
36355598,2281.095581821012
54557949,1835.553509270008
69426516,1577.0953933552612
92092667,1918.292880359092
52668902,1361.824959315687
63561915,1191.5367361484386
11154750,1880.2293642444467
48765039,1232.176045380525
91136342,1588.5087193162888
41265217,1460.4509975824617
25331950,1347.6994304858224
59339185,1707.1325621709
59925803,1161.7176165348365
15169957,1387.1851472805918
14437249,1652.4276638695706
98971521,1708.763091460557
26418410,1529.5055190754294
85892267,1922.9217625842396
29358885,1133.3386042472912
90069301,1725.1674986657642
11408026,2096.167052790988
77952900,2766.0643735927997
83752708,1995.1169662831687
15243872,1532.3060811911357
20649757,1249.1540755060412
94157069,1023.3894648947474
80138291,2458.385377466967
79658232,2396.3393945752255
20876663,1499.328714811822
66248879,1709.6379421477438
98196787,1677.2011130826647
11070217,1168.4941863688907
54123194,2067.051702812202
86862821,2765.1344031702506
40252559,1545.7485292704532
60519623,1151.5659207376127
11098932,1595.8470668755685
77544004,1845.1635561432195
43855714,1665.015400775244
57112829,1543.3632596761745
69104738,1332.4210435450318
51426009,1553.0919489367705
96759585,1440.3281719843806
61695552,1487.1146736015055
29335973,1292.5272689371157
86711404,1785.046962374734
96132003,1390.3788594125008
71930157,1357.9013599168118
24207989,1092.2010756190048
81239737,1175.7670213110143
19246532,864.1419562706534
12541440,1285.147229170142
10876544,1870.0484105797473
11012723,1641.4247327294504
38854043,1184.8079355535288
78679072,1602.4145603745587
39567200,1691.0590571944454
59107952,1537.652945448275
79981461,2078.778288711709
16385065,1685.8772591417955
42418677,1679.9826697390924
26750207,1466.5758362761403
92430939,1704.2423863818642
22967094,1347.429054863342
40195159,1566.1578612409526
72466218,1006.2502981924617
34482136,2363.0027538284144
13940540,1563.7544125492836
22725269,1870.6572218950425
78995555,1580.0881936887467
73638726,3144.0895794957028
64722395,1464.9538818846493
89563722,1473.6797275405029
32568591,1884.324198976454
45801232,1753.761014018801
20301291,2077.548832693463
40244043,1664.7352626782856
64129406,1406.7865485217333
72297320,2207.005122216627
13456518,2005.799659392642
27325248,1323.3985288858316
33468754,1752.9688942782348
60910395,1596.8977317205163
32681832,1802.2227712746421
21428869,1641.8520531661386
86653666,2023.5745026036702
32786522,1151.7371134927614
64027869,1374.4979815166128
34126567,1557.2696248997051
42278394,1809.476098639705
95376056,2331.201966677308
99562015,1294.7349555778806
15133980,1477.8716091043723
54026308,1204.8004398155688
76441994,1486.2778408132078
94110128,1810.1820961179417
20201258,1758.1815760300794
84604326,1829.02473112344
27309117,924.2334024658153
85307886,1030.5331863328854
68918906,1587.2561168575767
16328223,3977.487199116652
18599779,1679.6520598512493
54032168,1956.2703282505245
56206271,1684.2193489802544
20991939,1308.2219841851513
78007881,1253.219540074339
43136632,2063.556616536992
26961880,1958.5982988776818
59246484,3049.038135290522
97485255,1208.8369717993837
21548886,1364.9770112945598
41405520,1604.6446284760827
17265204,1369.191955538459
57594370,1392.4310447683235
86204456,1538.6070169846334
47896500,1380.059204361259
49072175,1669.5159644416624
57819104,2641.385090811546
38029807,1550.7862479318385
72219430,1451.782668922139
51835434,1554.754373346184
40820294,1171.4673373467483
39676991,1569.2813666730456
47329975,1484.2683151686747
40515929,1348.7402530015747
49496398,1202.4408439161666
79829278,3007.0888469711276
25676253,1810.6654346726093
83511561,1854.8258682890707
97282391,1351.8198201552607
48159381,1656.209009573257
26133617,1187.420916431644
14830790,1381.303068724648
38458641,2010.2604335538383
92902816,1404.6389071982162
67366474,2225.8531784636934
12931119,1773.6394746635676
29119450,1635.4300537848142
69182586,1731.9107313780314
95601790,2005.2136910431668
37235321,1783.944604620365
18453791,2183.507275492671
73959998,2379.4686715077237
85145437,2179.2431994718336
20490331,1633.6546126500398
40505076,1396.1222159834072
39895736,1714.9368678694902
36927127,1645.0336338587208
68104733,1778.88521462111
65498526,1662.6285497418526
29077796,920.019652793982
12700500,1781.5902935846573
23234787,2145.5324097215266
32248328,1710.0948820171593
47710917,1004.4892114019573
53904169,1633.776545015075
41795394,2182.3758814158364
81931808,1717.9140280670892
89546300,1902.180172925555
81512800,1151.8178966098149
74490322,1045.656498747977
77716971,2404.4510437813183
76509280,1593.7960556139974
86774198,1374.8385642683913
63795592,2751.1246187712263
15728342,2600.6057363297487
97525554,1470.3996827607245
81201227,2030.5161128644634
98995752,1104.925616636152
88336972,2718.123329726385
56577963,1647.935627584003
73375002,1486.6898756612609
92846400,1718.1258415588477
63160455,2791.6240372948905
31277941,2160.9727540029107
44244750,1461.6687463428627
46198195,1134.6747207776655
92939641,1192.183910163731
97399227,1081.4286287224438
32829265,1462.5154747166318
73813213,2748.5808443158103
71142772,2099.241913909864
26186456,1375.7654997381576
86118507,1491.207862122185
91253288,1626.726852407027
16739260,1851.3409926656927
97712970,1655.233999614446
33709101,1810.453460937618
97473173,1127.0363825550626
84445365,1765.376749290091
33683407,1567.5318080792783
55156833,3101.5918156732328
39198647,1246.6954186437847
84859914,2466.4152456488023
42321053,1166.842773426454
26496602,1708.7409037312189
87373088,1255.0573712376954
18576200,1806.6042247310806
30304669,1307.0234222230708
97043852,2313.7770002383077
65885111,1834.1503262892395
67235670,1898.7107102509856
70791484,1390.777287370673
80687580,1734.2246212409357
15865255,1913.3195260062685
50517128,2172.8248718997484
72791395,1989.9964516316807
43267986,2931.478642323115
93567577,1311.5953636461752
15107743,1239.1132311871688
50225644,982.5002833319566
50174181,1402.3203348900902
41401409,1219.1196292321597
80395755,1566.5779854778884
58616743,1469.6538119701006
62863764,1722.253777909801
54033467,1320.9177515046133
36905471,1895.2835138329554
68728934,1423.5271666534495
11399296,1982.0898944710627
42319589,1154.5403528391962
71193471,1290.8221996223872
67728154,1299.891546012491
99252537,1686.8957655018708
69554397,1641.1538298705025
57406844,1530.003866978565
17460622,953.5271214804669
29136908,1871.6139734154788
88836387,1195.2708425535363
56749521,1445.5746973767464
42038296,1492.1043209507618
27575312,2106.4311769316005
27787635,1632.057873742543
22639453,1628.805906204749
95074248,2541.14333227799
62398547,1539.035069120737
48210895,1713.3864767888
87163679,1752.525575704807
84638479,1487.703289258978
74277222,1340.4224149770341
47124707,2415.719441610689
29597912,1724.2238837562163
73217471,3242.3585853443296
54203733,1371.3831619080688
86493934,1507.7519954790803
50925419,2336.6704846834755
36161210,1577.748184952814
18638157,1516.1553825533297
95763224,1835.9921466581554
92017449,1332.8352601455854
30955049,2041.1851223347605
88464978,1623.334300539318
81709003,1196.6934091171327
94640782,1149.0667002184268
28684873,1408.5373982517792
82032258,1827.605613353004
81929396,1108.2833918732608
69137949,1976.9876706472016
58556748,915.2994150920749
83494716,2566.498854683918
51219421,1966.0294578985552
20118968,1143.2690388569213
56424305,1756.9351841808736
91040440,2490.9334107680997
82249910,1761.1658017746984
65005094,1861.3033086168484
14333847,1389.4949137742367
79940622,1927.3852452754559
36407377,1426.7163351059867
16485177,730.3945677287387
19967320,1162.2079945747168
86757224,1140.3659331985639
47859734,775.3493634321666
15329881,2411.1184649527995
38097629,1835.3169239773338
63914375,1376.422238610675
68107359,1105.838460075334
30898448,1866.117334076977
62098958,1138.3302905000046
82555231,1486.0293766199986
74537472,1471.9750371610355
53883476,1313.9770234973714
87349008,2612.9775052776504
60387770,1471.1697587276656
76029782,1712.8848016538593
17330605,1652.1097948720694
73592240,1850.0973015753577
46762043,2196.0289122985982
35726404,1817.4600823378491
19188826,1825.2117339605525
69934099,1208.8337109802678
98236292,1653.6820872303522
66601351,3354.09702722676
24082367,1493.5873925386772
86399833,1597.3268999035083
29406161,1861.4975746277998
77568118,1515.1822018500277
68454220,1700.6695185641754
20326815,1780.4094908174764
96392075,2090.469177823984
43846930,1426.1928701549584
64059970,1765.7613524323629
59660323,1497.7434342666336
30664289,1390.337107492141
80504110,1592.927486555799
69214158,1455.5988756683762
37153701,1834.737188678617
94463524,1709.786411757049
27069908,1578.3050535740679
19881454,1998.9101411219917
62073736,1661.7181431412566
81301863,1648.0406633934863
84692821,2167.295651991528
18061173,1265.2153591064002
20396165,1557.2160271843316
90290263,1572.893225836758
53205197,1544.9125795469613
71639333,3033.972849152015
26581527,1607.6959832124603
88753189,1607.7313508359696
12152481,2538.418577593973
66369748,1674.6168728899527
31086360,1513.6688567709696
68141078,1363.9883093042586
87072389,1819.6205550379711
97229380,1385.6575382492035
14239930,1156.5273956570245
47067735,1832.4268600269495
23013670,1201.489317567315
91166617,1497.5732463626136
46464430,1743.5285366129403
48307993,1296.9123207735342
65322743,2441.562186463963
50086685,1635.1042581565644
65335801,1035.9937989511886
83887090,1768.7151569705015
79333390,1610.2712780474321
84490520,1632.147948255362
90753494,3560.4741983509844
17091898,2699.863296017749
94064213,777.3435442674627
76172003,2177.5610883852455
36639874,1460.523485302513
93190659,1831.5103937564618
77671761,1129.0811293945337
64459243,1705.650947269555
92415904,1448.819452857386
22451687,1448.3705886578018
99098676,1872.7594372843741
96250656,1885.2845395758613
43637666,1555.760147665598
87755511,1764.3218905381157
39642098,1484.5573553620482
29533984,1904.3637062811374
57860445,1483.4170463815674
33335103,1563.822120799137
40928352,1330.688169173007
66938624,1876.12441438194
97908221,1327.5024766473848
32317269,1335.2883476151967
56374872,1230.3088673105565
56164704,2555.92284925752
16557670,1462.6711797356477
57350487,2154.879799480137
73640189,1201.3319343449107
28886856,1690.0905655517302
66838952,1137.714805916768
73125445,2813.3328193648886
89817544,1515.391852250001
69175507,1340.641956068532
93099722,1730.9768717261677
42498618,826.9828721295062
58133975,1387.8904463262763
50823382,1527.3782118814074
82720881,2390.5163927303875
47566077,2426.5105499515253
77236358,1944.6841028349177
24977235,2473.1516702988088
82212369,2708.332985435429
61416619,1613.2967451972183
14011629,1167.995515542803
47820649,1196.269483118934
87027470,1300.2028707334644
84406467,810.4850239833077
18483336,1775.0383624598776
11745857,970.8962347393951
72009137,2012.9718941567307
21373342,1421.1994963804389
50764118,1464.7846050131686
17876513,2983.1715872205023
21573530,2537.5652056401686
62535056,2252.521020380476
52924658,1503.0502502556992
59116751,1642.7166791656546
96464552,1593.3949903434295
41877592,1851.6865526239142
27556664,1206.257226822314
82049392,1592.1701254740995
21890177,2212.4107648793297
84019657,1216.6705784876165
70836939,1276.0830042776686
73269246,1290.136240782065
65430516,2069.5773333850084
15552867,1938.341977398007
16632045,1548.5450791241046
58510236,2023.7321299558323
94607287,1251.2864717654093
16582909,1210.5139032659006
91254889,2428.3502772791644
52951693,1499.8871123635586
42015762,2177.4748799875247
39537878,1389.5659550331761
75334066,2328.630603417226
15509168,1774.8753322486373
21848464,1256.2965891863696
15512926,1746.6200668330716
19852776,1383.5903019668872
98991290,1550.9043713199655
67867067,1624.004593023563
75069265,2404.467575155479
33163007,1039.4339158169732
72461037,1332.9239727318836
79368575,2092.740496813492
19283832,1524.1246181822594
74686369,975.6320469605536
42431987,1037.040449802397
49107046,1807.939258790832
21631633,1459.9622745854872
57757752,1330.5078407938386
64260092,1946.450686391202
23733208,2175.8794260447803
81359267,1765.1928602331188
78964700,1561.5714458434531
33821569,1734.1290952241582
52189182,1189.4460433393065
67362415,2096.022019779323
32252347,1601.2486492331293
42461075,1415.563403287457
42564953,1877.2177745951556
53441096,1426.2041307351037
28942045,1347.3111130600694
92173510,1569.5524802985285
37939234,1852.424951296104
83072941,2969.7956075872808
72001493,1946.5579576267387
88722560,1064.4272561234382
24458695,1876.8528240930295
34236973,869.8533128947303
63527431,2539.9488183811623
35020078,1681.6707942254839
96240931,2545.0542414884353
96449025,1151.4045572102918
73324268,1151.5088497416543
20943504,1671.383027027799
65163807,1107.345722477727
65735235,1379.547082838586
34006121,3062.620666160774
11206259,2172.4597948297414
21142225,1721.2290298464764
43933688,1522.110285531452
20195114,1390.0008981278113
18089453,1827.780595395545
87927482,2988.891190306836
72119177,1274.4680028937548
68722653,1471.2342382213117
99012228,1754.7354869925146
95191404,1422.462472133627
68494900,1226.8728355791493
11789848,1596.841366085927
51367435,1761.8093396833387
83199690,1299.0811553022809
44222449,1293.0628193698128
97059152,1363.020384663249
21321783,1318.5412927077311
89238156,1546.5554581497365
75658495,1393.6370517365326
80514422,1055.8128090755904
80098101,2129.026477021325
57507250,1968.4301893893446
82869937,1458.3079379190926
64737683,2621.8570068760987
64663030,1231.3285895089236
22362250,942.0352982234194
51054867,1190.2624824012967
60302181,1841.8187787829986
89897892,1957.876864891161
99745406,1706.594772244668
52137793,1669.7578805567184
94617943,1840.4030366765398
92402481,1707.4659942830003
29177060,1655.317555253948
96789879,1930.1314341965465
16733828,1495.0011903420561
69997197,1824.8493047173956
80009529,1373.7821686293948
70971147,2199.2342557166858
89268742,1653.092031671625
81559172,1753.3734246426513
19799436,1724.3700550696783
96316683,1598.419767357173
16202604,3049.998629296939
99234264,1467.9462097697349
89790861,1473.131997018475
80624261,1392.1149200220016
98327008,1591.6900356054566
43114030,1858.3193836593537
38992659,1143.5455768203417
26185292,1680.1902307723644
84958392,4090.3589964082425
63532044,2149.1846021210986
72780852,1447.1768711604655
63755363,1928.790548309695
63435369,2244.29431676075
49085103,1307.6261135094965
39826465,1402.3992850681045
89335030,1066.2632653305393
92393797,1893.9926030157453
36385689,1130.1146053837113
14218024,1122.8747418297137
43067447,2531.9242303349474
11821155,1887.4897075985466
96671043,1250.6889667648597
64977532,1813.4560321127474
51923648,1736.1175653035082
52082499,1704.3795171649986
58693008,1241.5452856364595
77432555,2136.2486566936886
11692478,2685.1816973792397
88536020,1418.1147651961178
13996971,1578.900328654373
92291100,1766.4856500292346
77799089,2530.8439678750296
46970679,1288.0379470246376
96819382,1968.6264298494368
25751312,2411.4238143022203
89990705,1044.5699823194543
52038068,1670.3074565573475
32344173,3719.95473837395
33993191,1499.4734361583717
52279123,2274.7244751850717
18496274,899.8913714370264
89490563,1648.6531461361792
17329696,1999.680063553502
16967446,1584.785138044254
80888202,1115.6031203674404
14661504,2048.965303060471
19604443,1727.6616920045176
37821572,1068.6988165255746
88831769,1620.9684728989137
32405077,1865.925140376793
52763362,1397.114133041365
75573252,1626.2041197778713
54781465,2208.3116114051327
22599480,1904.5838015967984
93311234,1123.1649925837223
69925053,1373.2303105368576
12598333,1818.5836204159743
94909106,2051.9503840236807
86019408,2551.092201953177
96477826,1462.077001190911
47575439,1944.7601349648007
44219472,1356.3300455280762
14808414,1866.2332456119318
51535602,1342.3763742551037
85960705,1465.3837253536078
52391461,1549.1845918908678
81172596,2601.666396747492
11351493,1743.895329307578
72733290,1137.426206478991
74877854,1603.3372989144793
27680792,1260.8374669624804
44946524,1897.9776068885224
23475779,1788.6880567511143
48465422,1183.123199693117
52076835,1377.7727536628474
44646564,1492.8099847388278
87277346,1308.9420535650902
47973044,1640.7097339903055
75500097,3438.4574387839425
36145678,942.2569019334807
85625020,1495.537684474487
97404967,1468.9253279642523
11411712,2237.85870111533
80164594,1150.3311334053935
30555374,1067.2405945764579
93243676,1678.386616721635
12801610,1135.2202881692817
58651288,1102.1673801728225
52409464,2253.580095337622
26481577,1922.9009036961363
99557550,1074.1789497408718
92346786,1110.196253241656
33277389,1166.8474819156502
78792921,1539.7903927534992
89378277,1725.0154997643087
82856305,1647.3582917605215
30767488,1613.7920656700496
36397903,1330.8859665483942
64870928,667.5124042854903
11575457,3447.65763736064
39041845,1356.1967749843004
92898654,1826.5307522898017
16929732,1534.0064706068017
33334714,1187.9221617443443
12221534,1895.8285190211168
73945645,1431.266185240049
68971550,1484.0256279182101
75565371,1943.087576756964
59677619,1354.201250512967
93539814,2098.7080572046934
24106217,1519.4927951746408
55020351,1402.9609773487025
15672017,1504.0753207760145
10841847,1334.8421036277343
86946687,1238.8788813450915
99799054,1766.0485246247956
81128474,889.924924855284
80366080,1306.7581578868503
10218336,1320.2157894092002
72351128,1461.7185688717373
56132260,1558.1245970598334
99301338,2812.326766437687
84453738,1421.311969410619
58188871,1760.0225319081173
81971342,2787.9799535350066
94124547,1467.2316741275627
32266038,1639.5859702737673
71760843,1442.644715130632
77203995,1547.2013059623314
84611651,1465.9057512402965
76627771,2021.263767595763
12653847,1678.0065400186943
43336328,1664.7412921990533
91500607,1630.0981018286725
68213549,1485.7111124176931
35549327,887.9734032337869
80808916,1474.7964101175207
17110481,1510.1095299941508
99587119,1103.1271576563067
92334856,2763.434746238498
53359226,1495.2494063020163
80618402,2856.1914498272804
41703808,1912.1710559636933
19195409,977.0162507922322
76941149,1664.5815213633432
97584818,1443.5573642363333
56683377,1621.3762206025926
67011320,2042.813662890421
15480221,1725.945931500555
68081328,2345.16884425258
55487684,3410.6045880969145
74199206,2699.749316224846
90165063,1818.1336683942693
36193583,1769.428784735329
10917950,1382.4388786444986
92870312,2099.9222804602828
72030717,1972.3511214457792
17113758,3532.9609341824616
89153386,1420.3520877191331
45809568,1785.297413026267
30803532,1550.6310524235994
41936053,1648.472434399705
14429173,1678.5642375591092
86629786,1637.4663624696414
60024688,1699.9366543636843
75100924,1816.8299024448822
19587468,1227.1871718171226
88088850,1474.1924150077264
14339658,1247.8642545351095
93643220,1434.2368390053082
61257147,1853.5518228932656
47372664,1782.6379525208931
72551157,1407.5639543433504
70006271,1709.2483188033455
66160499,1043.9214774350214
14115358,1325.390499161349
24138292,1892.0894335134992
81649352,1591.9738338291181
86450554,1413.2426070118393
43772724,1650.291272925069
76147600,1746.6608851199826
37814705,1815.4669797093902
79438450,1826.674516694476
30374304,1437.6448689523093
54234194,1262.7645798666654
94516994,1768.0126819706338
15639119,1853.409009027524
98234744,2980.8590656893716
84292967,1318.2225281176347
14583946,2054.936599776078
74680521,1390.7907309568798
10214287,1940.264955489757
43877051,1389.3432235809412
28904050,1433.187182817369
62063260,2019.205591255426
50651267,1762.036962997947
76093719,1539.2777202541997
42788012,1427.474466698824
64271564,2825.462447142823
36033563,2128.812588056797
32364760,1595.1053637835992
82718318,2264.336506289477
42781597,1499.4544935172064
63047151,1261.2561086135106
54331908,1734.5642030177978
88556646,1186.0005262514815
80038856,1669.954011490875
62561061,1390.8280128698657
65834717,1306.0827618709563
80358828,1776.3734577772827
35099840,1970.2358430191111
50872993,1444.9244271860002
80223193,1878.1579981049863
28448374,1629.8844897349181
92231676,1655.1184077235266
65717894,1626.8738853370521
86298764,1482.4210025098228
76299579,1008.5310929166616
15449921,1295.7997898106662
44677435,1507.7855109756385
75188492,1565.0252176827398
99785392,1559.9292338089735
27084775,1358.9543656034884
34483861,1438.2772815808607
44135541,1815.2584350122454
85537076,1390.115545346959
32577802,2105.8778626835674
58632323,1672.489319876297
65794441,1470.416923633322
91626972,1456.8291893568744
80568466,1379.9073607436492
19317452,1306.5475134130834
19462773,1142.2235432060643
16861573,2034.7711240038757
61543398,1331.0797806021221
67189144,1726.8236057949389
46184090,1109.715994379575
14969625,1102.3759045573859
12339000,1200.4924482751383
87651999,1250.2469449349212
48444572,1605.061499218766
43026767,1144.4721608306231
25666315,2072.5134743903436
85141494,1961.9633475941248
10196732,1392.4444663785373
89772932,1184.4167814710024
76197106,1530.1272079944215
35668637,995.7031947949364
47789451,1289.6502080871048
11772481,2329.5821100064386
92352486,2072.0550672420727
74959731,1380.710810805871
24006644,1244.051892703671
70184471,2116.0265941450302
63616459,1891.6077172911787
65420176,1452.212299164226
52778454,2922.792959169633
20334394,2370.8079344699595
29566160,2021.0741903394385
41218910,2078.3076745365265
57645530,1086.7451641688754
32753016,2306.390493333764
53485349,1485.5269549419836
99359057,1424.5238053060393
50033107,1369.4852332302344
21562381,1898.9841420414052
77828671,2442.4316539767583
59082786,1468.861169250511
99756703,1132.2982766023333
62477883,1155.0228857024638
62194095,1808.2292339011804
77240295,1639.0271838357053
78173906,1467.6467754489227
51850860,2378.9582637869144
36247163,2369.5960345782337
80372868,1381.7996602329974
55810884,1400.0568207159195
39425335,1246.3755993814598
64769998,1507.063156568939
74184119,1778.232751658625
30910517,3460.69014400387
82036794,2147.8273287952843
27288556,1494.7037927346612
73750248,1284.267294496276
93836103,2135.5431129904077
21006367,1534.3713844799563
93898545,1331.806407958297
94582565,2070.520283371683
13137522,1203.1793343515783
31604761,1647.1569123582458
60718232,1303.0610438120138
22356430,1213.3185549820448
39386475,2726.7190699799016
16350350,1552.0583324995516
70755780,1641.6367384141558
55920671,2311.668751016449
30409198,1465.6538185573522
12366994,3383.6370401807467
99624161,1767.5365615604178
27085439,1831.4716985794098
26222780,1352.26765232385
13513100,2052.5141346336795
83619693,896.5902840270095
65230131,980.4465499409472
74197231,1492.7729711274665
16535315,1326.7955881796172
49313519,1534.3867659799164
54192335,1560.638960915477
80736897,1771.535652908851
99406225,1844.2088818039958
67818530,2912.502523718477
84284655,1357.0586407931278
30897932,1343.7980962049028
32254189,1455.3348196706054
31849680,1756.2270804513275
41359333,2190.984974939173
66456629,2575.5758727981824
68729486,1687.7365964203466
40630348,1661.7203697288173
93988333,1731.5153270916474
47811524,1114.6633727637975
98617237,1600.7910301717782
20362387,1174.0212634834843
84645660,1055.348333874977
16861971,1600.368212698401
34588999,1484.6288738161006
53427517,1117.0771998146279
42513475,1959.7658312327133
57705547,1687.4407822377293
49742880,1760.578242246534
66920323,1677.769728497174
12354776,1353.5857372222167
25840613,1608.9933911653886
45114259,1925.9923505013471
49079923,1695.9697188279351
63116367,1060.6744343137411
63802912,1983.1127996292932
48974796,1392.5812688413807
30061599,1039.4394231725266
68578654,2089.241056100295
54173227,1523.4211535698348
96680380,2130.278159354467
23868064,1404.2771965739084
51824090,1672.495034783121
34839733,1283.7438543873793
80054187,1882.5100800054663
12685572,1631.7417983135476
41567061,2412.4131233956896
94877842,1150.1552754961197
58492968,1061.2272051536954
71326484,1063.8181368928533
70920278,1894.4758518460276
54663137,1717.6678667292445
32126460,1976.3851899809401
54874790,1790.411192150732
13538436,1495.2028889397138
30100038,859.1009584666011
80017866,1111.1677970265675
64347455,2678.0264191538076
13683069,1822.6040087802533
48039428,2357.5864942364096
99567150,1557.1341329984937
85509215,1070.047146539782
60668698,2075.460657787666
12191456,2039.3888535386561
77765786,1567.153942820651
12528361,1182.4731634604625
58442957,1164.093124015856
54303594,992.1007503411606
27681147,1440.0244526733632
69098569,1303.4342422298407
95221316,1946.8499159592175
40109548,1672.9609412151517
55576313,1133.7354388903877
53153958,1532.5405008267192
21200840,1661.3130704549724
50894265,1072.4901851474763
23626838,3448.1194415553437
12418418,2152.442168626753
22706358,1706.4902412920653
45395670,1287.3648308452032
87327017,1361.8863204181205
13017114,2022.314006651319
32271547,2020.4164759678104
74538679,2043.8695353954258
39506103,1571.7136047936076
46816166,1415.8060257672728
66503105,1869.7499973293977
65579176,1886.9952965874566
40074247,1695.0444866114476
91310031,1512.7952858685094
77444410,1855.2821949209301
69955281,1683.005854747473
67331105,1816.5586951578885
45643632,1685.5856347786657
73282363,1371.590220210219
13642505,1362.0110713002798
68901430,1700.5683665783736
89906679,1997.300937119216
52711886,1166.8247847126618
79575331,1460.3508098062216
92616283,1435.1532277814083
30763055,1259.0979525889925
16611953,1560.961173694611
33070179,1509.3417435839422
80347205,1623.574430035397
83995335,1772.0778453258022
14535805,2399.7575076185253
84879838,1571.5311482656653
11864901,1445.2513787532412
14658965,1170.122716211357
24293507,1286.368380337363
70453525,1610.322480714907
87798104,1298.7137696173575
19197193,1603.3976403640968
28284548,1755.423305190956
86044842,1628.8194724005878
23057275,1741.3886314572703
27985337,2337.2081787085654
22587547,1205.8810637279219
12855508,2851.086413317402
64337495,2227.0848409978544
86712331,2292.6892965735597
61189156,1333.0390936326169
91594873,1564.5932734098083
54835971,1958.1153229012596
44370830,931.5683214421529
23684803,1460.6009232130634
92481929,1867.0553303693678
35638424,1723.676446095613
25657749,972.1211987830936
39381975,1483.1743563544237
72999107,1744.8008398737677
25818586,2049.7510864765463
58036789,2028.6919696381253
94320377,1591.213759689246
47110506,2216.4783358201257
66399362,1871.7423212966605
68909982,1642.6549937277512
16073310,1482.0570668141447
43288405,1130.9731740115883
71579560,1741.551818604766
16507355,3222.925080100704
48802207,1317.2579977120956
89915294,1738.7924090963822
97679852,2258.740665063645
29217698,1923.179142589729
27435911,2806.222716645533
78879242,2052.807191312244
27175130,1565.6313654987403
29020135,1131.7473724876554
78626569,1224.9945122053439
71067812,1378.421682536479
96690513,1571.355172801248
95531962,1759.4091312499197
98356800,1164.9756356723497
86104439,1156.0421595123507
55595900,2348.6080435667805
75208610,2030.9988428283402
15300209,2018.848701155329
61949363,1291.3191838980933
65881085,1622.7572849206508
66803690,988.5150141348661
71508510,1770.9074552465195
77429269,1277.1363611680713
70868754,2597.998292697562
93223292,1908.1398596529134
70378280,1458.628819047229
72142932,1322.2541971407268
88911193,1183.9513482670675
89761834,1697.1727167288275
36836619,1671.9700219390945
53134062,1506.9624741873833
98828461,1805.0603931931232
55370391,2337.0948538907487
69978664,1449.1543485903037
48824111,1456.5826204438617
11383415,1516.5647176125162
89041808,1867.3144950603375
31864759,1693.4923785782926
85436725,1470.201309357656
12287678,2650.1287642830985
54577919,1670.1131675025779
69095778,1594.0965605077104
86755087,1579.2739901708337
87570494,1577.134064615408
42971075,1586.8087978312956
19251821,977.2166887765185
40154766,1201.7002070554258
86599495,1717.4547227795663
88331508,2267.3441765108
70254717,1420.5375925516676
32105523,1566.5434382157532
42241465,1202.587722649799
66334048,1468.0375522983861
56657286,1258.1982609966274
99489082,1659.8450769028625
89634976,1736.8876787169106
22529712,2108.2908571468133
93452559,2108.7404678977477
75276107,2443.1908618751672
57620607,1267.8816571285588
11822194,2339.9361609377775
85101585,1706.6097335592367
73640715,1868.9852916945292
18114714,1297.1511857772773
62352450,1413.3500445039151
88096618,1942.1263507996446
76855836,1392.8914374603585
76968795,1930.2186713519989
19089688,1509.277097748737
93669020,1168.548170672839
32221954,768.5509667144212
80149491,1334.3395726569845
90863370,1464.290356674521
18955449,1765.9559834132906
46106075,1350.8522086018772
64362412,1371.0639663445736
13228942,1256.29845546003
18238798,926.384404112222
17197174,1461.8271000837567
56883307,1488.5010889369323
43838074,1572.8091725349007
94366977,994.4743876267212
51114116,1646.0070276965114
91929625,1742.8212231796126
72617691,2514.719624735975
18081983,1443.2883811093598
41430371,1246.0448698958605
18768333,1418.368581411481
97670981,1609.1808515915766
33138884,1838.6938882684271
54769750,1683.9602155602163
89191521,1665.4032580183216
68771611,1435.788226300916
69658524,1562.9995378204355
72361657,2399.4162427169
56548670,1117.2136224405092
78323750,1638.9267686409146
30772189,812.0027815555903
48525110,2034.8021056387108
86995869,1472.2170434942789
17626486,1771.544075238169
25200634,1397.0551870887375
42675735,1277.966868225735
65493081,1622.335320308597
93613666,2196.191910257905
70416961,2499.633719679825
29938065,1571.5569423936672
49578380,2768.411629424837
98870679,3900.76017224622
69931311,1967.4350293556838
53406287,1337.7878176051088
84279248,789.4821327876984
95721664,2020.3090617071766
86560148,1402.7610831388072
54643141,1454.3070635573458
87296829,1732.341502407411
44687814,2359.844428382125
17812890,1564.2467907000137
55517272,1574.2055371576535
83984617,1418.3563153122138
50681051,939.1012428197776
74119296,1519.8095719551393
67223450,2170.835822867949
77287132,2669.291689820094
36264517,1691.6794250813914
42898261,2910.284979097968
62830950,1686.8318078532877
34861949,1220.695366528594
73511243,1355.3602657196998
21486168,1887.4520765036136
99309538,2127.8817752512464
42037617,1454.0354767741562
54746843,1176.0091485663788
47539615,1954.230790716374
84768747,2216.5368778808192
72954519,1614.2499165830047
86653160,1146.736469199627
24350012,1288.1134761348083
44330162,1465.750447918788
40410889,3144.207107104219
14017526,1250.076520458676
18494070,2516.498983784969
47916307,1890.5176150777995
39725498,1801.2151214521068
54156054,1606.3786053605843
49589662,1745.4335951378732
87793535,1895.2569380503721
25123851,1936.4571177165533
55319133,2025.7733170264316
35955058,2218.1363792306256
15784980,1671.3630688415583
63967490,1580.503411034512
84366303,1628.2746475783608
32211409,2127.6334660927046
27475512,1524.2203839259378
98385904,1354.5510585975276
74274926,2284.756913302172
26137274,1981.2231158751688
35706395,1757.130868476191
25432073,1094.518883283276
56493804,1330.1827973750212
21783642,1822.8575538499774
24274717,862.9255944491462
93363592,1102.9529988943948
50359798,1358.7055358192426
76057356,2022.420933542706
34577569,2435.441912370278
13432670,1595.5222648115814
36150614,1985.9490101747444
95883486,1905.0740805643234
17035345,1862.9549344526292
48987823,1442.3134238714815
18853302,1580.1502351240085
70059479,2187.26497120728
35830006,1926.9830770807218
83058209,1514.3987814693826
52239160,1428.8537840563913
24939237,906.8241352854177
48271879,2342.242591059084
58898302,1521.8222457117645
97505252,1555.118011122588
52580265,1357.0711215783556
59859756,1890.9418587489831
59531100,1968.4023640642915
82820692,1768.0263527822935
73015543,811.4590094422866
50663543,2311.0600237617314
61349439,1652.4167451689134
82745505,1877.9413884140672
91058293,1230.037428703842
17937997,1844.1480680912537
48025378,1466.4416285788704
21558049,1532.2365958564894
51468147,1817.5119368160929
87943582,1071.9347900030368
72989675,1106.589481762336
10828659,1480.5987119713345
78868242,1466.473103403468
63610417,3272.7637228903063
13037947,1290.5598334812964
63051485,1709.860554325225
42637767,1379.653309992691
66029975,2323.801455349977
41368516,969.7084676775692
75570412,2067.368506099984
58832659,1371.8088862989332
20746324,1755.0313158904883
41047714,2116.124257682149
41430458,1730.9083266656326
69198371,945.5632869676027
46430156,1519.5697765087425
42120705,1158.4127791278302
67695943,1262.7251690412452
10655846,1554.9050380229237
56387239,1572.4220280595582
73136827,1394.9133578586122
66107772,1938.8504619046084
41597595,1228.9373022429368
27035754,1584.6696731537095
94233303,1396.083328980056
72371862,1563.0748311322661
47858586,1799.211604687407
50074731,3309.985182880026
15840349,1590.202549186245
27527024,1522.0184916930311
51445447,1386.5848795323818
83042677,1348.4248166602042
17433657,1451.0758888444814
83477453,2016.87541028379
58980418,1588.9000665938936
49038207,1963.7772269155132
35105997,1349.53889459406
88328473,1958.183392700061
49929992,1924.7722735621394
12057690,1799.7533846592555
22485986,2048.0384338432577
18944255,2387.671385807986
94296460,1487.1554497511024
15325948,1721.9541941785233
80036637,1630.3005245330094
63707416,1583.071673890286
33357067,1923.681968716027
76260292,2057.6477071250943
88542794,1815.201309413496
36624049,1335.7440129372847
85370002,1523.9496248221046
70947321,1531.174997230863
86215831,1212.4378395394951
71799918,1610.0781604179074
70779429,1736.9694269271342
28177790,1202.5548105284568
33416701,1648.4384964420392
32210074,2542.831279133144
91177225,2152.831860163739
62230096,1640.3460448333656
27830922,1329.602627151716
20292159,1659.1067968875584
72135125,1293.2066354523301
41060839,1788.459213413816
14610723,1464.9866836686988
40291165,1761.535562494944
76063806,1813.7366106073553
21250419,1795.8254627283548
67512417,3301.7807435294244
33443292,1543.1000459318034
33660955,1366.1256219300635
33504001,1398.0024552354569
59014872,1310.310421482876
48423806,1321.4969404342603
81227220,1287.9100947588395
97904600,2085.554897450279
80141558,1626.51216900452
13290868,1535.4452783059326
12913192,1334.664308904769
94144440,1498.3400728089864
53033174,1836.5524769369115
93735706,1555.3890010571063
59909555,2333.6119801873765
99555121,1551.234871376977
13256013,1374.8939450837624
93540353,1188.920805971605
97837539,1063.0370243272614
35669129,1553.1464618349332
50012137,1527.1114064369885
68173579,1546.864474533057
59440623,1320.91479065099
48714672,3223.4953440881745
86973367,1431.3713270771548
28395212,2071.111167920962
50017530,1783.7318565205192
48045601,3069.0087922895377
60427063,2737.6910742570135
49061177,1645.1438624664056
42896715,1405.0193437047585
97451418,1899.4196548211469
53456411,1191.5933822693935
99184358,1135.9848656372874
91879007,1412.805466568415
76424273,1354.8158500132704
19529774,2320.9151965507567
60604201,1250.977778724337
96265561,1612.965757529925
84388943,1808.825443403967
22143961,1862.4901902358229
14880373,1536.08011735227
98124884,1288.1336505099466
23434755,1158.8647460500165
36626131,1411.8167990815277
86172967,1704.201932405356
89507826,2349.0415869849376
51984404,1135.6436716174962
21328430,1628.727738931659
46133239,1351.657283971521
87118588,1420.5473212607435
72466804,1420.1788219638806
90243251,2175.085788559396
31491219,1870.765933740109
83702289,1978.8834900515726
78369132,1361.2840810093228
12074272,1341.4128196451038
77297832,1735.5863228254439
91732264,1685.44623285039
51116865,1999.7163266040407
81826443,1875.947038890177
26192585,1524.6382043969465
72261842,1409.931942592455
40619619,3211.554545438298
89999631,1047.589072733289
10490133,1553.1235908568585
90054183,1080.037628919927
62212383,2198.687436561212
19863611,1723.619992963452
51025893,1283.7061893370726
83280839,1088.1523494091973
53701664,2160.650847890208
70474564,1799.6067290434335
52730115,1619.4722080480633
28945671,1412.984023013387
76905104,2156.9191269916923
60340609,1508.7621491181212
14262244,1343.482331857544
86114877,1774.1384960128014
24582504,1684.8198704341119
77544375,1425.941896903146
18212637,1562.2182980134137
31107635,1233.1639383197914
73185236,1135.7270687553992
73413665,701.8485927271801
31204532,1716.9905134848307
16646519,1289.1275043229898
59819313,1397.7146854796072
58041963,1539.1918947272586
73177607,1560.937213683461
65489959,1890.95346847273
53892134,1869.7593995780135
14638825,1781.1415315084507
61652212,2242.999170155142
69208062,1017.4950969189863
98205776,2977.4808833385855
91953270,1666.5594816464572
95708788,1246.507246035853
71079776,2071.7072509960667
10948901,1370.9306328688644
79084173,1320.7632076137634
41410746,1437.5248660325126
50927968,2198.231440579931
99511873,2170.5139840732886
87562260,1415.9464599794076
48098997,1621.5997763013502
77592143,1751.9823504320004
50298301,1264.910821799219
95160336,1279.2305342328764
13581567,1164.7373636813784
76106706,2515.802097119489
53880590,1715.5982788660385
50270200,1905.0572340725246
13098948,2319.1650418285576
81835258,1192.4437145377196
14238786,1530.0328442169491
65288499,2181.908223443709
29149871,1775.5366313978798
39551396,1584.5774639746912
77375335,2044.9396848142355
14384374,1403.4572019628354
63368293,1712.0157411290072
25141477,1916.8989439242673
37822276,1415.4672185112963
62473299,1818.2036792055394
90467887,1765.5618710418264
62270028,1750.7195522164557
62101686,1457.9304166180245
51642126,2918.9409803861204
50281814,1817.715472417775
34969698,2114.108995675331
46962155,1907.0781607103954
17638609,2004.9037778141173
59977095,1050.6396138872578
75196820,2102.6442778155133
65141041,1533.964558281084
65986306,1968.504398571335
99818911,1781.9766893484748
38328534,2117.5184005188225
31204739,1473.221643640183
53082885,1245.7041920994996
76244528,1291.466036322069
46394887,2327.550528866506
65939511,1653.6175980967466
96048217,1234.4422621310825
60425489,1326.935652330066
69419323,1767.7293457016144
15008203,1701.017286287601
70058997,963.0720196980348
44067940,2002.3400103802112
47031542,1692.3065278449951
28929546,1755.495677952349
34548603,2053.367630102771
36515676,1234.5706153867166
42765717,1548.4257914357706
60296558,1765.1332274223312
84332226,1574.2043004205968
76539663,1906.9350751985232
73504572,2526.757216847089
64646486,1852.082766077341
28262602,1580.0889313243472
74447096,1541.7971662487503
23247586,1332.4582484697835
99044390,1474.1080020563668
66743385,1561.4521199054898
62841747,2372.161416364326
98271312,1467.5843629690442
54969068,1843.6671792502048
49548078,1755.7970911039554
47147429,2080.6019920052054
46113098,1413.4998382563608
52623517,1630.2354520960191
43618531,1858.569499615059
54174309,1074.9086041415321
21908078,1533.216925822107
56753065,1423.3077699309654
22723502,2784.3689061522127
88620530,1097.3409411608263
38560702,961.2735302504645
66126723,1238.7752611447345
24731893,2544.740485741446
19472558,1344.742677555584
44766250,1346.6357040100906
75919229,1486.83313725923
27459467,1743.2660371756415
85529275,1233.5451764197999
88503537,1349.0078995072101
66147417,1592.5435027712467
53916103,1578.9569391493442
65299077,2142.9047791941935
82070950,1127.6496091217693
69058105,1277.6184049850594
89985793,1870.36788690037
38430174,1654.422793318528
24884771,1228.7058766880764
37414962,1854.9146540307438
35739187,1322.604269830261
52492779,1858.0914443445404
70409358,1801.2074201767252
38452011,1521.350204047756
43879270,1107.560262967812
70351120,1595.5789281121563
47671157,912.9123211718086
60667365,1420.5634407215666
85223481,3307.973419167116
83739939,1730.9292048251048
36389934,1484.2054089068472
84194560,1437.0310616337058
66937745,1823.5285838616112
82520946,1664.6723525098998
52339932,1144.012363024801
19641281,2066.9033193224386
69795343,1903.8948723940696
99135350,2703.2010928274685
27549583,2104.3335792461917
94476832,1256.5801932425861
58221865,1896.6539041196409
25319395,1981.8613346969498
74970303,1462.43516489892
10305170,1142.1672461668832
82291258,964.903150732229
81383048,2222.3112268761597
79987158,1284.8108502101547
13533229,2056.204747812783
40426833,1860.0509127648884
79077516,1424.8130206745684
49738320,1408.341913692115
51126693,1869.7562675298932
52635836,1859.768825739016
46715477,1572.6130500517481
82258908,1861.2158872685384
56878285,1841.1907740324077
19130210,1674.7246144585476
92849186,1817.9390815362424
24338810,1843.3108032255016
24758650,2245.1881947347633
70913184,1860.8957759529853
37987399,1378.8942973070796
74913796,1309.3801477261109
17667485,1601.042488705905
64222955,1161.9655632563909
96958008,1547.9547780621378
10416049,1739.6346804846191
60398901,1103.6101899380526
24738469,1755.850442414761
50592747,1887.0658602714632
96289055,1100.204205823247
38420705,1280.237479537527
93968498,2304.3828502261135
79579077,1042.4294895857379
66828068,1685.7033898609282
96166759,1814.3284395387677
32805078,1333.1562961354218
96021280,1567.4705792272173
73914137,1271.8141164106687
38819078,1560.606778406761
26837951,1317.9191049950211
86644106,1523.2394203193985
55183461,723.1706591203372
52422099,1056.5188149131734
83190904,1549.1024339613348
80939883,2073.616526853432
12388368,1418.4860404896604
15537990,1305.1879754330596
52619092,1703.836865854151
14251589,1913.3716778074593
78390765,1517.5695631382725
43497859,1936.8853965962
18381852,1643.7166700305995
53390528,1313.9435369202906
32023086,1997.0112516501954
55881129,2116.7065315651184
56955427,1839.877240295887
78797526,1267.2822576573287
81441605,1911.5667035575175
49418138,2501.950691126692
16343356,1627.9366524073857
50953620,1072.376051087943
80530984,1553.6881721400362
92363214,1334.1213270702758
11505021,1040.1796166460333
10464949,1891.8894433182604
40174242,1275.276745780143
46922794,1205.0134885796972
31165878,1694.34647956421
92160351,1752.1818205310042
97225599,1420.9188488421753
57289385,820.6244678645342
10490505,1376.1393205154989
40593414,1476.716521683384
69535718,2192.1743997063727
29927353,1357.5653093007402
65834728,1363.9204834322065
77297694,1224.6161572913636
20453767,2090.726443251602
38742201,1956.1351624157828
44178016,3397.9609417092347
26155961,1378.7704169311714
85037563,1460.7175200162712
13481675,2144.6328914321484
32710978,1958.0965218814001
42008191,1501.919967793382
13117186,1482.9601762039872
32427009,1483.8783824432755
77926757,1609.406064864029
11233435,2100.745919494541
16522541,1378.6707514409268
63770815,2003.761053333001
77164558,1426.1182038827314
74405387,2210.106840499561
74698287,1428.6356807382922
90725998,1769.2454730026268
24204802,858.9761704955453
89034765,1878.6809481294172
34875172,1414.9931033472953
74411316,2469.4073792875242
81157871,1067.521281520622
44232316,1816.5506490520106
48083558,1773.1332699478182
75280463,2429.8588537133587
11329117,1888.0091318952436
67082756,1446.1470711238446
11237434,1227.9601123573561
69921139,1338.4610700530302
68448780,959.9589140508314
77761059,1592.4923542627162
29006434,1564.0507244561036
30190038,1632.3351498122956
28376932,1768.0446128778185
39355382,1411.7104537124446
42494595,1674.2580108745055
16756651,1409.2015455347448
78115658,1494.613877992227
27261411,1831.9188976518599
71919180,1737.1865767798722
99090920,1557.2214223104897
64351618,1801.8252743549829
88658759,1257.6864830410295
14195927,1667.248127869095
63820196,2006.9117224434654
23866225,1756.6844677993743
50484100,2060.905098166888
98406048,2040.4599990208305
64139858,1596.8592685858218
93302980,1467.665234128607
62155483,1824.4142309988383
69791340,1779.4087067267192
19631546,1225.359805327758
26192431,1880.0737926088682
68268852,1220.2836330401492
14862183,944.928801697971
50141937,1298.3893743549652
85256282,1212.8153598080196
11027564,1760.4288366425656
51577553,1696.6401747668936
77132573,2110.209113956017
55254268,2689.945816914649
25529214,1431.6762497324303
89287048,1341.9203707690474
23253967,1285.513642083392
22644692,3482.675850871273
32245140,1278.8245638346293
82072504,1516.924867653621
34678460,1403.1650613467332
55373081,1633.624265702826
12138481,1587.4109901528711
23632970,1762.0572283031515
44285474,1214.009876260443
88075177,2054.754026304413
13117787,1602.7539075285179
14797111,1444.9596816559751
28697695,2031.5025058423678
34748486,1627.1181106293627
30506810,1447.047433540483
57410372,2088.6367041841327
28776122,1183.0798342700184
18346451,1648.387777104525
29932007,1512.858016683211
82654800,2099.4542729874483
67038086,2094.9340372542256
95282943,1993.1681942594103
90723621,1551.1924330657332
37760202,1654.6005180229556
97077656,1605.2807083304303
67823833,1097.1986718728183
25222231,1792.7485055870939
63451552,2256.6335536008687
66552053,1788.1513058903186
83488554,1510.2137752385029
24886655,1751.663778372687
83798512,1195.1396885274921
46152763,1070.872726056617
96015866,2413.328605220402
51731151,870.5586518087068
34899750,1768.503136120378
55529926,1406.1025230629891
95405536,1278.1348087208214
29288544,1482.6002617286103
50076589,1419.8031477195732
37886285,1441.3948461376544
69818934,1828.9653070508002
13957412,1374.392271400937
27493225,1997.2870003199166
81186892,2081.697016288351
72734336,1062.628445906822
20148129,3767.627549342032
23391747,1066.7244252693986
45833590,1198.820441786024
85777842,2661.0446109468244
92975129,2270.3253285126348
33382289,2598.116031379796
95953281,1404.4230074858717
60074802,1958.201506334937
23912733,2163.6478359417897
31346779,1516.26051510706
25605125,1592.0450862407533
96288207,788.6883241243979
44535745,1553.7595348020732
16008313,1620.4822723355985
91365542,1269.0665842729052
67385764,1077.0821448494812
31465116,1789.9127477131415
99474816,1344.4583768429095
26141909,1523.4044061368218
72548314,1718.572739780476
39043955,2150.9644527348773
55963655,1337.9826455159066
54632315,1799.2084249175823
48726285,2065.7862490676753
76251227,1783.0765601672533
83562410,1400.9935443318634
93775374,1582.8774703377183
21446329,1542.4539704730666
37345001,1542.3596661382335
49628614,1464.9228558947177
35767914,1637.741147298922
10876536,1311.5350313721572
47339936,1256.6662718501027
89347542,1808.7362897373207
22457603,1800.8977567430923
77199929,1457.1830854452128
46378399,1631.2759297290556
70602262,1563.6752028415544
54666534,1736.0888925318286
56421405,1626.5779447694347
97652177,1657.3118916145104
15442637,1506.8508433856484
92360497,1760.447455493739
16847908,1752.586436110994
14220385,819.7123754149369
25905603,1248.4793434470114
58331647,1162.2229923606844
22292196,1803.892769466053
37237832,1307.6230611007138
33009500,1069.3068792697554
12533428,1452.6520434746988
46939545,1867.7698817455469
41868505,2327.791068175393
75616535,1808.7638213691607
73878512,1499.4945347490877
67270933,938.1235645436626
98281662,1181.4051426192532
66553316,1231.454771482614
34303551,1640.731542608907
82645628,1141.5944501143329
57257821,1852.099439002664
21288888,1790.4411176092801
85963653,1311.62585522815
47876249,1105.686887982906
21439489,1211.860481877011
52566254,2353.899797081892
57084214,1007.579464538586
16925768,1297.9590002681173
32782035,1775.932602525638
31791186,1224.1448636041725
62797819,1708.511989822401
35384978,1363.7216403690957
21945105,2032.0957273826518
81557774,2229.2535229876485
85407739,1445.4220622100515
86085126,2085.335977018708
95296354,1456.0727879384397
90881439,1616.2205455891503
30757344,1810.7367174349374
48457713,1528.7580541978402
89571542,1587.727393867871
94067050,1331.6951556987367
48271561,1542.3285389346527
69357732,1371.3735139670173
86325273,1150.0923853709717
18152649,1544.8788248565013
33899410,1779.2382648135804
22781669,1534.2278948638273
17283281,1197.5322369971102
51785872,1476.5530264807358
33104833,1984.8440169871792
91682435,1320.4011605825094
70713314,1571.7648743360446
13110268,1150.8177484299679
34642793,1389.005259588679
41694899,2272.11291402257
86278349,1013.4393768885847
11717089,1204.3304727323673
59185456,1255.8278741051965
59344396,1031.7284404783627
89922228,1662.3798949636616
62027210,2136.4262326406647
98523447,2316.4085389977913
77330146,1958.6794296797607
78386939,1756.32588068108
66831282,2046.1188718061094
17596778,1482.6120428071406
72290481,1228.7809675356466
31606355,1208.019126883178
72940683,1244.6039504835624
24736121,1354.9360079321657
47814214,1704.5557809879058
39410982,2438.1207895664315
44151940,1644.983298923354
65594908,1426.0627022085696
79125454,1209.3089700076173
50322107,1483.6048945128105
76200003,2376.849655179086
85059302,1043.5728764239677
95450721,1768.9357358066052
93253826,2053.6860759971673
19723778,1078.1305500483497
35980406,1493.5948325413053
67285479,1337.2078223095968
68864075,1638.9723614768209
37422791,2143.870794074677
73798025,2204.2534764708903
97232135,1574.7692038888933
50064513,1504.099300794646
75638682,1187.14253557117
41937405,1590.2619925340134
18443662,1552.5386266242492
68899727,1940.1520983394012
18388313,1826.8095634516435
69521945,1407.315666035714
31596715,2404.6457110078472
78472605,1758.900459619989
12713963,998.9921785864343
46768823,1356.0084166717245
27538097,1181.259863593883
89955366,1673.4815635949417
94081889,1210.4184257104987
65214899,1362.7852880323283
95205973,2009.9590835249821
83140994,1520.5035114308928
69014391,1837.5031771939075
66919280,1304.2946117184456
86299194,1782.2889711000175
14394397,1478.1559916489446
88465251,1914.5811946864844
82447513,2582.7083593569832
90676745,1368.3333012879682
61229086,1430.6122944816307
30557316,1139.6005169761245
48578361,1745.0775842797154
29085329,1691.2507892505093
99539415,2678.346340580691
33750162,1592.478859756115
51880900,1754.6882369080922
81942693,1418.133975836869
44828087,1366.4831354439027
80752087,1381.9994056926082
99218652,2882.3395871208972
37433425,1072.3073451687937
39115683,1591.2485604084798
26601986,1374.290596384233
50469308,1303.7416704880166
69872975,1141.843541930188
18483245,2236.828510658969
12588982,1420.190423221316
79454705,1065.1872907292152
76523232,1311.1463372722264
96131595,1999.5068185612338
99680250,1364.5531912320105
82622915,1431.2864011344784
11290284,2630.204923149839
80057162,1509.1328586447685
72165316,2277.035852155748
79751433,1270.962024869718
33215554,2816.825623483628
42852506,1290.032302453078
56093872,1379.581722932473
64167041,1500.8020316504799
83380458,2026.9008101599322
32651438,1437.8566809496317
38364846,1496.3178891324062
74621857,970.8016091346619
62748794,1862.8507174609697
71435421,2031.5941265767121
76163868,1795.5474826171808
14677956,1024.313944655254
48283664,1252.330537229652
93787027,1356.9945667232082
75353617,1389.9119647505709
44130726,1806.4056095061744
75634285,1756.5116359479478
27969925,1507.922193343771
34662422,1287.7908288307258
46428766,1046.7131186916401
40279741,1760.8900422957386
58991338,1723.6664335276325
52295288,1227.315054670879
25429358,1311.1177510134523
91223525,1506.2170673935939
80429592,1469.3547515130165
36010937,1233.3470005971544
61652867,2086.4853702370824
34655678,1276.5025938324102
32281319,1205.337310486075
74717544,1048.0482873043518
81780208,1250.5113806131503
74117270,2156.3068598084374
94663011,1722.5049034484775
18715534,1744.834458104723
89926226,1479.568807477673
31441075,1953.7454366320496
85656066,2372.87724127118
63154501,1481.5339255279532
56954947,2211.8045179072765
35193891,1773.267202543756
68045567,2142.032716039935
75523548,1857.8252970232384
80044768,1349.865992580986
80565568,1524.9544121357394
58680458,1311.7974808942324
93434632,1381.1662276393909
38164915,2037.1693552591487
39561694,1664.3255420650544
23940974,1965.8219496690617
66689621,1788.5244140787745
91586014,2984.5350261979825
68610549,1913.2655206213822
44648566,1691.1077055956057
68443861,2563.1712236511366
95300751,1437.8923179896506
74650313,1474.1736098882077
78190939,1808.5650277276168
79583687,1467.9326502373867
78744133,1448.611126189057
19424377,1092.2216046151946
74426958,2286.409533212219
30714675,2091.003836379373
20297631,2462.2549732800744
62326689,1768.2170953780312
72851226,1973.475332835835
94924877,1666.449493867152
39912297,1997.6999881332704
50554145,1081.644698072538
51964385,1243.7777085974783
91524053,3111.7106410365973
67059408,1066.6748368912702
13707505,1856.0206449836874
96336923,2283.57128887792
18937921,1317.3092327384504
23247466,1964.0536966736618
20718626,1269.676726724999
62001591,2702.4771000315263
32183930,1848.7638819288632
29520078,3472.4044417611985
20246948,1649.9108701379955
12865925,785.3852381758975
75414040,1714.679038045123
29805887,1904.2423305204684
91828173,1430.8410826086624
92911827,1845.338271354105
21259879,2242.011140722424
27730704,1091.2127411459226
10805384,2561.8197217807956
28772124,1466.6495626111705
67895243,2225.7428895087987
70282510,1832.061319885418
76926492,1440.4955065044487
56029416,2879.0100664341053
42166025,2215.435995838461
88855559,1530.063559194107
71679738,1262.677199651286
95011645,1273.1929854616446
23391388,1389.0654445890366
97276431,2002.8934320763763
78499453,1900.0824669358667
50845143,1626.15483646939
63593365,1708.5470439211954
44645094,1403.607262972187
92805008,1486.7607363538111
95966284,944.3831270907143
86968525,2035.9746746821695
35459557,2985.686252615662
16959595,1870.3224775589294
66852864,2288.184068944623
64976874,1253.273973807562
90803282,1995.0300843332434
32597480,1389.5116218445498
22525205,1366.7226123895712
18357388,1546.3698151059966
55224009,1453.218788087215
12066751,1404.8760981415076
51600054,2454.8190646820035
33097870,1942.5286954731575
44165189,1763.0484568880001
92174554,1802.2821505560275
75685484,1780.7764662823515
79648156,1126.4766349371853
34473914,2304.145168717825
42069298,1134.5929476992849
24749467,1322.7990422728044
37024144,1703.3046481626639
53463208,1585.3714342566811
61035399,1278.122306134679
92975059,1094.0443868049142
16258293,853.3015754308634
80353068,1165.7264128503227
69637564,1499.5889481853612
60889557,1757.2486572338962
45682120,1519.0563629744331
62566155,1582.6075512173745
86829598,1287.512204690922
77516810,1706.4415457817097
32602883,1573.7681627095565
99658649,1669.1882393574572
98115366,1581.4006640324214
40551984,2196.6471525890643
89171680,1668.6205859136146
78104461,1337.6515954339468
80805720,1926.6430624846844
44701781,1355.525720160535
32357693,1355.3266552718028
16257080,1931.9410607361208
63758432,1561.7525334539196
86560064,1257.9509509096165
76704426,1449.2630855977247
29021087,1850.0504413081055
30903210,2324.0864118633062
59650055,2033.8416200857223
16537007,2416.193179017904
44043751,1406.911632448512
93550246,1194.601458018376
74795536,2025.2769393942242
36252893,1676.3343822521836
60712266,2185.279855071292
54795015,1859.2190165142738
59038432,907.702029797259
53101267,1330.6167268674744
96137757,2642.5694885813546
61894184,2167.4564178863448
56980533,1390.3209679453496
40911725,1073.0539196894974
78253728,2048.8922259066835
46517280,1077.658109023948
98578100,1684.183467566229
92998542,1252.7970388512533
85778453,1484.2137703205653
67897199,1369.4949962343212
37385434,1407.2307296954534
29978687,1065.8197013646989
63462293,1730.5186442143656
82610119,1568.7785383121718
11195863,1786.251655307468
22813157,1571.612933392244
16061850,1687.3454396572095
25000757,1386.269885246389
23839386,964.9047906308207
62901003,1890.152513334105
85332734,1882.1743630660253
41185457,1957.9212857123016
32349244,1404.892538565882
75213525,1934.4110773422212
24267861,1187.550667911609
80759464,1862.7952487619
38052934,1537.0901258941608
36983078,2346.625125838515
48438532,1173.9103628344374
98811621,3014.0973483683147
41602835,1322.165310126586
79191702,1543.376308702989
91526426,1453.6551051355777
12436955,1500.2936476232665
35460655,1035.4873662900675
24893618,1338.8469789055766
12318894,1063.2395665068718
75385870,1686.8193892899797
24016887,1733.7222894703862
93798376,1464.5380222036608
10041197,1974.754811568548
44196192,1107.512617589774
34259961,1924.1289380266571
79360399,1525.8575312044275
90648365,1827.9564899702834
32784142,1284.1737364472726
88014206,1795.4139369476104
47541115,1907.5014888105427
81087277,1451.6883200014813
99414879,1354.748907724894
96312378,2044.5827031788212
45292998,1855.0384294588812
62464969,1167.251421337539
89056154,1682.5815436190642
43815757,1301.1923211098906
36326737,1139.1432748521786
66733240,1192.9394654277098
82154113,1132.1706782019837
75774127,1333.7275773463425
99633023,1913.7831237776206
54243966,1571.2498070205263
21507777,1429.8836396461638
89526022,1261.3598390504026
35342783,1570.4586825024355
75576574,1680.3115872899286
86207238,1691.414893086727
11999604,1259.4041942162269
64241630,1190.2478499825352
49681885,1416.3121087524112
20476163,2106.392767921887
82534020,1396.6807210747977
80449403,1439.4477445281398
91978419,1480.184333519093
13134274,1768.5740262282457
30921031,1245.4469233059392
35948510,1109.08934631401
37862013,1082.2775355748809
74364264,1670.8735555670096
73089121,1671.4583316863298
71120219,2111.9429977945765
81357330,1650.3333479116627
86696339,1717.2832196732027
32694372,1231.6962208662653
86397240,2635.5666297426674
75410743,1730.4937338295663
54107967,1654.9829760666792
53182244,1283.5441325451277
84949062,2240.9262935607762
17578514,1507.0955347277002
66553240,742.2382228754096
78244783,1162.8071925421116
85750494,1406.867127751057
26835204,1382.2709976553876
25568634,1682.0992920523195
62833472,2183.4900792257745
89441409,1918.5953432149875
30957350,1019.6877622066264
83492659,1105.2947186497595
14123667,1503.996270685329
81332426,1313.5431109377344
75963486,1408.6028032237334
97473965,1889.0362768057782
52550411,1088.883207115934
38852859,1072.214151462418
86945814,1767.4150781678654
99213841,1973.8429781714306
93296884,1796.4889693022274
74681265,1347.010579867898
67628381,1966.8563451959878
53194004,1941.2841322629288
79129949,1327.9423770756105
21417992,1515.9128923102928
65584374,2024.750588463838
83994457,2626.7815013313384
79552394,1253.9137310745605
14169455,3661.531591145663
11006346,1667.283148659819
55920445,968.6460370798619
42183979,1775.7823760057797
27236753,1927.7233542704548
38623845,1062.3220303513222
56539617,1486.4379379146242
89514584,1175.4345847538295
55800655,1442.9607046519118
95341263,1538.011264650126
90170967,1211.8454349182487
25603899,1686.6087220684594
80752063,2173.233664186912
74272993,2065.3675126130993
83204984,1381.994129929925
56041749,2008.1473562390397
99929710,1494.7764998373748
24093076,1313.885819686606
76171771,1585.3265236438879
87313105,1870.183817947982
13150529,1833.6241241354635
85314779,1960.1514058371163
23218937,1614.1577573445443
15797769,1364.1499402901552
18451890,1240.5341738345983
23712138,1362.6958056103542
40201741,1471.9043748714269
74044702,2042.0898380557624
91758728,1552.1362401618373
41605529,1591.355582354099
30345669,1469.9024368050073
72490311,1512.9114791437585
11341429,1554.3441034752734
86562367,1533.2358208318872
65741146,2320.5947613858193
28059650,1647.3132644595053
36854120,1376.9803252097286
70514815,1583.1588793026633
28991223,1950.6894401336046
34210782,1811.5485618544244
97420540,1764.610765890903
53582966,1820.9622389834985
25471995,1385.9933081697288
40521306,1536.7985900459607
18442744,1811.0980357910364
86475933,1923.2494968562435
35156621,2041.9071040513513
92398280,1673.6240366208679
64419847,1640.8343493687455
27879667,1836.6969459710774
33454324,2068.878482363763
78234554,1365.2029555172644
37295459,964.4958858267383
76464828,2124.5381441869013
89898019,2558.4379568572886
94459827,1851.1309685543827
30672049,1844.1911575024442
93226295,2147.727546814875
66733496,1097.1872278906374
24799537,1772.4932955239356
30909458,1403.5403592347732
20815913,1639.4733289504563
77231006,1118.0909102140022
63770561,1287.9268939276262
61281100,2020.859707673043
25443496,1056.0181492531176
90941407,1223.023043999771
85217471,1903.0697930664096
11330523,1565.5338652247067
60135515,1432.9381918997958
96537329,1673.9350025118526
89713236,1567.031998031329
87856838,1932.742093985013
68427758,2333.335346262754
35697471,1536.456198774612
30758105,1854.2392256002054
66828597,1360.724222164012
64179941,2692.75795645138
57531913,1659.3268525567148
82276369,1675.1697604502156
33117908,2192.350088476282
23807930,1725.2194657899595
58313771,1370.8345205340293
86361973,1461.077488567677
54136725,1211.8255473496074
80609057,2007.4733634635895
23386046,715.1687133916251
88923790,1451.107463680671
50739054,1487.016624918245
85701835,2694.2640989648717
11164690,2195.8606754910484
60686704,1465.9321134365757
56500955,1316.9167506793806
92377094,1229.613591575025
27377686,1235.5572459577431
14820376,1395.156923039043
24454653,1916.447558993984
49068691,1489.616997719032
68870887,1685.4648095837113
40404763,1604.7208976324748
53993271,1586.3834458146437
76624283,1561.8966718653335
84681113,1487.7283231671674
39182711,1402.9963376526828
99418549,1607.3403442933993
54009403,1070.2001138033506
15732665,1360.5852172043994
21105712,1764.875851656369
76841454,1232.496215249081
77456803,1392.2021640175205
94681649,1823.6886142303229
42127705,843.2525836862176
86327920,2111.5616770600277
49706768,2294.6640436987223
47210863,1896.3976289480488
98862874,1052.8423720195779
80625113,1658.7168689139423
13147967,1425.306083287381
79644262,1947.891117214109
40821766,1218.110175514142
38964351,1480.5559972136202
80037468,1706.7429178745156
10709528,1385.1233668079542
14006566,2676.9209848630135
84355937,1172.7038311612303
68139676,2350.234288402315
51613745,1509.3085073416867
77042505,1902.8095086104975
35307179,2343.2799023600087
43137990,1387.2767114534154
60366178,2040.7140796331164
28449137,1684.2852532201005
54714633,1158.9018647815226
86469326,1399.2915367929768
81392986,1948.2233770361531
94816275,1422.0253460882727
20992851,2216.306127221102
33220037,1861.986708786772
52922027,2146.0700599566603
70522751,1906.2956803970887
35179027,1667.8626533137349
11006610,1389.4952416696447
97027045,1531.7654088153663
60842426,1521.7873320460958
37962781,1679.970493539134
57446778,1343.5889032383395
46803142,1800.829449703238
96412152,1398.1380175387192
41948607,1416.552704580484
30401183,2365.5372989435587
82446721,1493.62094883711
98640166,2435.1427318912583
16426411,1489.519097791094
40919986,1966.4368373850023
34959842,1405.6217005398382
76545890,3269.860891076485
38671669,1887.6879918090242
74577885,1837.4018370413887
77894868,1526.4041352030288
44132106,1288.1912120834772
13303745,1119.6244077387803
82202428,1121.9127331965967
69359286,1718.3238087407992
49249118,1817.688220744059
65186472,1927.9531675573705
86728284,1318.3718459434142
89113200,1798.438775420803
64085288,1205.554894840059
83095293,1773.4706427518668
55834975,1792.5151016093157
12408851,1557.4918288235292
45102161,1500.090599123189
21425066,1269.2275422246014
49253416,935.6335121831152
91720337,1975.744410867391
38125202,1489.9389837620884
76716879,1548.121726739266
75093314,1107.0658049582437
94720863,1288.3071387456562
69306868,1456.0620481466005
78783123,1762.1338826474803
31503266,1392.9273516157468
51221256,1384.6136748642487
36978860,2235.142178078996
77102844,972.8125995030704
85218856,1567.2498198905027
64674000,1582.0919628499257
71928536,1515.900167901351
71632516,1598.6683975420615
44645677,1619.4396709176635
27089889,1939.112857888712
85001254,2031.8497566948633
80789294,1477.3898100415913
94921905,2223.6880481186595
87557595,1629.5437361254421
27812172,1171.3736290817865
70326518,1797.5564129296777
76820242,1345.3238273430181
37798149,1555.0273398841618
95689974,1466.7805004927231
86698149,1613.9410360082575
82332389,1480.7117044365314
38769988,1157.8198089547034
62104171,1420.466877642713
20008764,1357.7937769420525
88250848,1053.9245194378746
99989436,1807.6156625262036
20654244,1512.5076324388417
63645129,1518.5243804961974
66237213,1245.0264605913067
89366030,1701.9342127346222
43885604,2889.8075055048494
20777495,1793.390860898449
17630232,1704.0448096093794
41034819,2060.472778602526
30863558,1526.7689588379535
30990096,1541.7071069634292
14528263,1149.545375343521
38046616,1910.507974564164
21720690,2088.8514256872813
41971276,1305.6177940099503
81966182,1495.7566713832405
81876034,1261.5226384873226
23233042,1236.0972569839919
59959368,2456.002744956714
25429816,2131.884556093023
40884180,1399.2061587710816
88955672,1504.153072292226
43077536,1756.6013465787664
22541133,808.166288438408
98515757,1947.8631638392615
96170890,1565.1205396907637
33994765,1324.3617984527705
91089578,1785.4816097189455
38840418,1770.857852993192
92439017,1358.3518305521322
30192634,1702.5720282725408
30769461,1392.6841220737397
80205723,1411.8034954814725
55131937,1935.7288991462146
29185681,2991.0244567536192
80773149,1343.226492151578
84757256,1271.524755673614
81505232,1409.8871537928148
57555020,932.248147331567
70106520,1438.7878809762287
43240131,1720.7251315253507
57158414,3082.6967268810713
63966023,2297.014046402264
46075950,2302.157532760538
47516649,2089.8056398912463
57203804,1638.5238019566402
99285503,1477.606009370388
23511969,1131.0177584504875
78376646,2143.588492514098
48884000,1416.1394222259448
98727752,1262.480456163134
82907215,1896.4707187306346
72719170,1455.8974356489603
39149918,1346.0954282165653
85435767,1518.398180031551
54111802,2058.599950777257
92599919,1312.5024785628304
24226064,1649.427923319716
96829833,2208.0795113972017
27301621,1322.4660206545357
15887246,902.345457235039
51726302,1113.9748533313834
51260265,1771.5214266060905
45934883,1563.2598529862225
97289930,1744.0646188008682
42847093,1204.253627541849
13695159,1236.3853194149517
21664737,1332.4674935785533
72162540,1369.8514728682555
45972276,2133.049603165145
71222059,1676.845707505148
18901787,1341.9070802702065
64794868,1443.1474334059656
96040179,1296.911956570596
43891507,2135.783265923784
94649367,1324.3322559143307
85490151,988.3566083281314
51948440,1121.1527264433712
44237958,1068.240531206287
97658202,1313.0311575252802
77699657,1159.8275969861425
23252427,1528.1392924184256
10697423,1444.7318785855637
99095154,1667.3291266127894
86344123,1533.7967700148392
32740825,3056.750941562376
39699187,1540.306942490748
79334316,1343.8205758885447
13862142,2246.141996535835
95022546,1325.3159299028678
85671131,1502.7540744001833
13946093,1310.5965869574827
71911642,1615.6111723419847
74557358,1660.7727243971365
76424216,1732.4459918778539
60569056,1284.2604304038018
21429356,1644.3469228205195
37147011,1221.0755668502745
22363795,1087.5852536517543
22711721,1085.7862998973078
32781826,1624.616321223051
79919377,1514.4252800453473
95950869,1117.8117948798683
67975454,2037.682799523435
61846310,2065.316783234872
47190136,1468.9716339783786
72140487,1743.7667507846268
33356353,1671.481953064027
57558815,1587.2679959355255
85765913,1870.3199788918037
67405346,1372.949134362127
47178751,990.905286754678
92743619,1362.9859923448253
67809997,1697.8635187550176
95649734,1614.2655412436159
35761786,1698.0606837639784
20333506,1068.2191931246489
39856656,1767.6159963071698
80659941,1981.0609540513076
72539676,1148.02161734355
34808508,1492.224889291492
18684795,2131.37613645994
60926773,840.434163125256
25343604,1567.8951257415486
85280076,1342.1933410477511
51516725,808.8725507115844
54359603,1849.255811125132
65763192,1833.9751617926545
53926540,1247.5153602890819
77237054,2330.5826825501363
75498756,1757.1341229616874
99166662,1125.459760549707
72410551,1228.44280951624
82923327,1307.1251757396665
46066488,1481.0893698144716
33059137,2144.8809411359325
51480279,1299.4753269931864
19373977,1391.8380812636299
90715980,1287.5364302053686
56492794,1340.5942528056758
46037369,1315.960423476249
22743995,950.0942399034059
42553042,1336.6965840105868
36975311,2033.6469826204507
75351486,1204.6692784142986
30981897,1757.3862501508647
35580501,1854.7354999277554
40483549,1187.7792018642674
64819235,1536.2775590309027
26688957,1605.8641514577157
94904538,1679.1692509388033
46754012,1629.5134157582231
36796857,1924.4873636664051
28461943,1869.9947813451333
14026453,1487.9442005669289
69053024,1715.4660994894932
32733126,1863.6550073576357
40931025,1630.3850063625746
19427950,1646.5540213675392
84597120,1183.8000312437023
18811334,1345.4087249653558
78324699,1606.7225223507087
77953974,2010.4838533267055
27862041,2324.5951288714755
37247191,1532.2535025634547
25562317,1886.2314924634313
73172608,2442.3209607138187
33104896,2141.9371736865137
82319650,1763.509265237708
21799452,1483.521010336413
64888946,1859.1394202071185
97264595,1859.5803121008926
10429454,1157.9678115546299
61575325,1298.563544029618
56897257,1522.935695531416
37059519,2418.432143185209
52110520,2740.1202513547264
81197632,1861.5327236111634
78041929,1496.776063970339
62481600,2968.291051269613
79068390,1218.208505885755
35652591,1420.1010096165721
39694436,2365.083708446471
95898355,1692.0122306113083
80006639,1939.8733136995763
53958546,1142.5705218630376
58986255,1086.1438248237641
35034634,2056.5938692075756
21845497,1931.5329197932606
40578913,1375.080140011697
52684708,675.3605959012555
89834641,1561.373052944622
65511611,1094.720223697356
65731676,1952.4901818920628
83770991,1525.6399630787025
56280602,1396.1478362674682
44140498,1721.0405615932475
52748496,1967.1772664108964
76136540,1349.476885445379
35483441,1230.0546519856516
25193108,1756.2349634934499
27434478,3975.3419320238268
84357441,1735.1368340416427
70840263,1602.13628422633
45633382,1865.8614452981133
68317032,1897.2195646248622
73465107,1313.5396374459347
24929921,2030.644556399934
87300428,1941.3144574047262
69871020,1360.4822023784022
23755175,1275.8214815276576
91971062,2877.932740569885
74483617,1310.970259687969
89642342,1345.6871690650307
33276861,2360.9470448078487
18861332,1381.7861621903592
77211245,1997.2243068618868
52041127,990.8345468282273
95864050,1484.1168641267266
82528777,1804.4242909803488
62702832,2859.180782242825
24146181,2058.8937589425254
90263367,1628.8264538247784
47033948,1338.909731100097
97856612,1815.099211192432
73014333,1363.8704035529677
46731094,1356.384846316377
15781171,1361.3159692170113
51156245,1707.4414476066574
85958922,1077.2203789452165
52550761,1166.99142595083
15567593,1608.1692943120727
50279318,1018.5719510652616
88796422,1087.6719276230233
66724358,1232.9135469301345
51443999,1692.5613483507555
32661637,1463.4090664657206
12999579,1358.053163565985
32460111,2112.984720903923
70354263,1708.4465560148537
99768418,1502.5546924753041
93597400,1747.6975356177663
42968448,1053.2757262436514
11447851,1575.3170749413935
76146411,1714.7742007041686
86917958,1795.7658857872918
57526187,2001.8361530461018
71062405,1587.2769092988472
72847399,1509.8172675658313
54891075,2219.065337920197
89841901,1726.2116920256115
90056417,1415.164574909609
77892346,1164.578727944768
31627402,1295.2971723597652
78864638,1417.007789810704
16022883,2658.2734459289977
21980955,1853.9469327617448
98291218,2242.280000581633
37406677,1297.976870078237
73253470,1367.9434151116748
80239984,2233.477304372533
60323265,1949.0238442824568
93655248,1287.3321803167657
58796215,805.2163086657774
94203496,1781.2541878664606
89472702,1552.7216925527252
29142290,2046.8601057741562
71021568,1301.7911091864103
69197364,2221.360993219204
67499939,1939.9086808910647
51780875,2073.372699255379
46941857,1593.374944744926
57911836,1365.8529030263035
38559875,1791.8602444269227
81398050,1701.3908934262217
75334315,2472.986646759621
59308610,1411.0029550531183
16247087,1848.585814306818
43247285,1739.080503100742
45215633,1776.8998706578823
40481058,1779.1329364740864
40365284,2611.3646347771833
92836079,1606.6498722467331
70303716,1488.5869420225756
81749724,2825.722657116077
41853820,2027.407681170118
81440480,1705.758858639959
84996580,1777.7990923721495
35919442,1425.4484315275167
19046260,1938.8036121148837
90423631,2096.262953368375
92961031,1976.194210953554
89855372,1959.5489261615737
77816576,1905.6375482591634
12194715,1472.9073534351448
20115124,1938.4094268378735
73703358,1654.51562177437
89792966,1751.9801228198849
43706254,1455.8101328735015
70266281,1605.2548719860042
78529732,1619.8668288875524
31638825,2249.333760259732
58167471,1899.7183102524648
93767960,1839.5488303764564
55879589,2106.9282882845973
67388602,1691.2389342666902
86008328,1326.024613354453
53844650,1328.5201645036916
86660948,1933.032048739144
39941650,1353.7933218763014
44395757,1842.3982821233722
81989533,1447.990430810436
46504700,1290.5353935258468
39402032,1231.7677696987037
85919943,1123.573044133526
80733130,2020.5698556326324
25189661,1573.8794819120542
14623666,1552.3958233508547
70848155,1636.2856271075225
68571484,1922.5714785356142
51228995,1402.7282248805645
49683485,1601.6183254641792
56036763,1493.3342702487998
32459332,1790.7735829971975
10860915,1448.1679419256845
43696664,1595.7920709775497
87941364,1715.3491953341183
76183083,1477.3657167726492
20966309,1789.1443544585231
37699108,1657.4231452061933
55952526,1181.1698504705942
15616438,1554.9618927013437
86514240,1722.1500711990968
92945955,2364.884263630026
63145934,1780.1638042802017
58853662,1394.315692130243
79304271,1429.8454079362778
24276255,1533.4317455073306
43245413,1551.2928699641066
59024690,3111.0332528276736
13551336,1860.715586055127
44848614,1646.7980272212435
61087377,1963.7721146509582
11885900,1547.2823514136016
92535927,1222.7271749889073
21708152,1638.9773751512766
45352808,1225.984496579143
75624156,1426.4151469411386
32001265,1282.1077402787766
20413825,1433.4411190401677
40305802,1645.089928916491
61861688,1220.2370896379978
33441351,1541.5532235086798
30365812,2003.9754589446243
43625038,1445.6996064668244
40659534,1288.4459832103346
72885406,1517.8194819744508
55817366,989.0131050944967
78604997,1116.7986635014418
14364198,1427.2167523539756
70814486,2652.9320655377587
71030650,1242.5678288609245
93257457,2220.0680261971816
65515227,1206.7142124344173
23048185,1570.4976538807657
64021401,1700.6006988378358
81601136,1277.350433025121
60464050,1538.1152566876465
62126832,1352.1300274069679
76122802,1458.8622082600866
68619547,1300.8135047429232
69931017,1851.0393409315295
52039321,1412.5305068112143
96748453,1498.0732240590178
40650345,2116.923575500367
94190496,1337.7921974934443
40034795,1977.3614562010407
16725203,921.769338395918
37869032,1979.3333596807504
87784983,1391.662803082031
67445694,1343.2299311235627
44138052,2098.968939647617
56359862,2037.8821270160356
27113776,1745.0719647816084
73853459,1335.7750189810342
76284169,2549.031927667472
42581373,1883.0710524771819
74617250,1211.5315824934632
29606632,1874.914895149915
22328059,1650.491010630026
94596005,2147.2216708182914
73640300,1176.958748230168
52511016,1496.4474286201014
63643579,764.9512671252534
73979691,1878.7978634504045
76806109,1082.501740454376
67084872,1400.2605483587831
94616960,1110.5715364752293
44018639,1158.8448724128632
10369424,1926.7473843679945
19417264,2375.5681149522475
77137301,1537.6253694114698
33598935,2308.847829428932
81379316,1788.9982048295633
67627945,1535.0199355846219
74067952,1105.7173969323499
54161507,1267.8403102229418
55930611,1330.5353022579989
64919315,2004.2172524498317
92109871,1260.1366618299796
88653847,1399.71196907595
50331596,2168.1022629810773
68139580,1324.1326843989243
80241693,2629.225018246065
74034028,1840.839781098335
22712040,1577.2396966889412
18212521,1456.4967693966605
60434302,1583.7383439483299
45427525,1195.5411471430393
95853311,1339.5086558272899
70857259,1812.1469061626076
81477083,2173.8300002973747
27723524,1925.397265828534
25206032,1284.9430202678966
12102381,2366.782549581448
72428170,1422.4815161804863
27672042,2166.1416453634706
77000429,1778.0914889578223
95589605,2472.4901569845815
44647376,1711.2909677466669
21338536,1198.0138947229204
13820529,1636.295942007783
24568041,2214.9875986049765
90117191,1761.740550444584
45800664,1571.9418241884025
13557339,1810.1642900922932
19087413,2305.2259542960524
11616417,2153.4228179542824
22015830,1486.709438197231
42617304,1221.5081080569012
72598754,1497.5709331950206
34839793,1435.8153128031795
77660297,1459.4965057359602
13706769,2720.621220957671
71694094,1845.739436865906
26712974,1175.5266648772636
11161484,1408.5811840032247
92404281,1106.8921494447966
29267516,1599.1013790196212
44574998,1555.6509833976934
66291057,1082.781848546848
13701175,1654.4925793535115
24177160,1862.443324670869
81405301,1362.419160488568
11589439,970.0782114952316
17537269,1395.5355469144058
98168887,1947.0642345498247
57508409,1949.4585396373386
83408387,3205.61228387862
43301435,2142.1133082026754
49258344,2372.4544010385102
98631322,1257.4806341926453
69659096,1782.423414594168
99106028,1224.7791223870959
37856658,1960.8754187221796
42881579,1206.7645467023267
77859891,2543.5487204130823
81041727,1143.6382729216978
47217829,2375.8736601667165
53083229,1538.1638679179002
79619006,2037.5424958867322
87897995,1018.5504132525514
17964917,1123.2714421654998
80568888,1127.3947954748455
43042929,1327.473935356602
62796073,1932.489426025269
61083401,2183.3447672026555
14141477,1439.300202993268
68306110,1781.8146473089253
43708354,1756.2850731797648
73883907,4039.0803450966114
75966104,1862.275365480888
55672599,1303.591298480255
14917596,1664.6004258472096
65294870,1838.2993677288346
14049454,1671.2001714880937
93295381,1637.7645484285588
27730907,1950.5418126128848
52543486,1594.5229939864748
79427440,1430.4917675760657
46627987,1936.736075393497
63096372,2025.0546985953283
21047227,1498.8859722395257
94588817,1634.403694924838
82925355,1681.480771119425
20239710,1439.543959604779
66560522,1366.8912292999673
34394729,2313.893964591054
74199492,1466.6197584318697
59577067,1355.4003964736119
69919638,1379.8987490636407
46718033,2167.957240635196
84917912,1660.156613127578
31599665,1243.3850391486642
39056365,2584.1249057081914
48895978,1346.5962892560626
47094246,2021.4145741479592
19549587,1078.9677396377601
18563899,1844.638973456798
81642903,1400.1398208123535
12095543,1490.2251404461533
67140026,2161.784876340467
11054636,2116.454764642145
21698635,1881.3194664934347
23623849,1919.3603187993708
71392936,1612.9688508797233
83425325,1957.6184234239336
14553390,2227.1332404877503
70274030,1174.571297611698
19402442,1241.7330678579672
11041677,2502.3405982009313
77513563,1445.4475695998194
87335721,2956.7484253264115
17466406,1450.5452600188687
11267365,1636.4601133725919
89144675,2002.1731861874648
89338457,1377.126722666773
87803439,2285.6564841734203
20104582,3469.8814022302595
95781089,1238.7969264245135
66358482,1352.767311840679
62863016,2359.484679138065
92557337,2635.9577985493984
10876766,1304.6569434940468
70473205,2295.9660905691494
87569671,913.7790925879754
61139578,2707.0327274262654
53121878,1592.3616158297343
15430462,3299.2643490407913
67332796,1262.108012118455
75641163,1703.2608787096444
23552924,1409.758637724
56332291,1305.85442803152
83472051,1670.2346168685376
73213649,1493.748585026451
47802315,1552.655691359044
42459098,1384.4807553336634
59654537,1722.7725866571311
49312825,2077.640938734631
80983900,1858.1799703366257
58178507,1333.072270090087
50382416,1919.5468606269792
66073034,2003.876169763605
43848284,1502.0668858479444
85092410,1545.108185707265
22321014,2424.67072831964
31162245,1389.1173813516984
26802981,1145.5958984007636
89737386,1791.4391508301464
22704344,1659.2936516533982
56000373,1810.8992337052828
96310766,1175.1887906797392
70324095,1952.6509603255338
86441629,1354.660258337299
12514793,1335.7742549065845
89583392,1636.3200396090733
36498032,2427.802315566404
22072881,1133.8488680344767
23992589,1079.5456395683896
25380807,1126.5646758939704
30026993,2395.843204247867
65742850,1468.9157948611287
33236806,910.7229018039496
64518820,2458.2145976531406
42371713,1464.1986933538483
47924596,1897.5045923945088
55469978,2036.0880423758183
29356220,1275.2322096924474
98913649,1158.052431452146
22201860,1879.378457998543
17005574,1762.208297956061
61767605,1796.3472436388245
63003964,1501.7536398421273
52904792,1813.1884595778008
87014699,1744.5795887559182
60476269,1878.6541773967974
23374773,2227.4996855953036
12887652,1729.9845836100533
11366466,2277.3742914568293
62053080,1263.484584255177
21354279,1326.0692398998165
58635346,2145.9129232509795
57475663,1602.5271756076138
44627129,1325.0239579635154
29419543,1591.7697342537729
47538164,3640.2408927070483
19854086,1639.0240965218347
63381374,1648.8588699944094
55348437,2065.102298863658
80254443,2150.2300571583146
23105559,1617.4601315667378
25129271,1793.4908963357075
40257293,1750.746749034521
63509506,1177.7428083367088
45432136,1600.906018271657
19785631,1696.8627334413113
22859019,2587.422863419516
36147504,1371.1729095333842
54449509,1690.461977294396
81205631,1646.6555655890354
98103632,1834.0375189069312
32691265,925.9718506726565
72768344,1479.0073734914668
51890279,769.8163136974466
48043615,1447.4460645835413
25374441,1326.622193824165
59962384,805.0025798402341
28910995,2298.064960830675
13141234,1557.4496122983355
50747063,1074.9452118194963
55252279,1430.6506602549582
52007426,2179.3301289673536
30847276,1575.0228910671158
62106368,2293.4906563915315
60214573,1365.3659484808409
40002314,1720.3072423000647
32428356,1694.9000097365763
53658343,2322.9611133696144
29161839,1708.8684769354852
46396012,1507.1870208749017
62360708,1901.5870868057095
43297939,2032.0991623654431
12562149,2241.5812471799563
36028116,1699.039806131746
87330286,1723.5851841790318
88119407,1951.7610133564033
26750897,2417.103717075354
49969361,1480.8670369898132
97204974,905.7507702645198
99702598,1968.597284852375
52763802,1626.3387038741212
68901809,1973.330564532403
39208673,1453.4215764076719
54033485,1917.0733056277068
54497531,1592.2948773799062
53990991,1424.126908257132
84489537,1263.5166276312564
35670801,1278.693158401574
78791350,1266.9987993332209
20845184,975.5836270023066
13555027,1715.6615250250209
37646059,1929.4278542934846
76127874,1576.2026007315567
92134461,1593.564544182601
35770374,1878.351222340125
71020209,1855.2217024271645
34171582,1600.7742305630788
50654248,1352.312443464115
42458567,1531.8260558491622
19190057,1233.0520215393904
54080489,1268.4013118622527
68542535,1755.1572123712454
45210646,1978.811955384368
59714270,1521.4690318159428
88185676,1280.2270010491436
71490260,1399.8266182155933
30639393,1184.8711677996912
82576353,1862.6123299347428
24335906,3399.7884705925526
21049647,1234.8788549108806
13781432,1310.771956957256
86079138,1866.7261717961655
40000990,1604.5482219260955
73775201,2958.006615197103
35148701,1720.9193470296825
81596880,1332.7448012936834
94320273,1435.9102010305276
36438421,1795.3902434590877
53057217,1760.9277998863708
25248077,1303.7577277447906
73038169,1166.0254257982317
73258090,2313.811601657453
87336796,1624.9898628550634
78963426,1444.5868685803814
12232405,1652.8458344580504
86811261,2106.2787883952014
43165541,1092.5331768033823
83018865,1851.6764967142485
37762842,1558.422157285728
65591705,1808.4753357904508
67890361,1275.0967740713265
94753186,1219.1565352419218
93051402,1420.3535072841205
18623638,1442.683819069062
35256497,1388.3445455252659
79246585,2062.055347391066
23762226,1325.8605800828245
67287814,2425.558347815762
78864148,2361.629634941486
30658878,2174.9456451583624
97960066,1295.7201822635311
19914732,2394.410786600954
23619037,2169.3148399611578
27095793,1899.4257026274793
83667300,1274.9753533762466
76686009,2200.3505807719102
79911388,1875.9478715384105
36038618,1595.3575571976332
91489166,1216.954292263358
64088644,1721.3926521354892
10087238,1379.7529240841436
68403788,1403.7558154733126
95817054,2115.102769234643
57182933,2163.624489707847
83941537,1699.0861917328416
86909159,1866.5380220882691
45478492,2691.3552871414513
84142111,2516.5776458116675
45223652,1448.0296337050204
15651868,1811.268063303278
48952352,1198.5576970134425
53380245,2137.10844724925
56211427,1244.4708438912212
66961588,1194.1225870389808
38567012,1064.8870056674493
74938615,1433.727952522249
81147200,1712.3126001041826
74772897,1686.2725609432903
80316029,785.9182581050289
76791795,1900.461648573991
95549661,1350.7860931300083
91524955,1920.65590560455
93849275,1748.8339723067431
61885188,1952.8146174041112
17120455,1149.1238286109126
71403569,1988.4707058785366
57944962,1818.8259311966005
72483844,1697.3482561933258
45141218,1675.882171916468
47525065,1353.7647595382164
24379765,1218.5758170456588
91215387,2118.2572145690156
39945150,1102.24395541522
25481926,1694.0480408671917
72167432,1839.8667616321843
15652519,1131.2197164943423
58079379,1144.8936918276029
81779274,1754.86789368461
11313638,1539.331255166481
82915596,1628.371138878646
12551058,1764.392055497041
69374139,1743.1230056196398
27490970,1596.100836823742
28663701,1385.3535729085534
51901697,2240.82769044345
19964529,1917.4344630396643
14203976,1945.1946308497386
86724526,1573.8258918376082
46513661,2081.5658185838925
42464585,1392.4190950675809
14360059,1392.0737663823784
72181637,2292.5526470043346
78956787,1601.8260388387096
30264496,1243.5591565611992
77227528,1569.7452637472297
50534372,1518.160659493111
12187853,1900.9213121718085
97814800,1565.9035390773715
49704538,1590.9305542895136
31844965,2506.9293141592016
89449307,1106.3685308467373
72286626,2116.240953855787
90641879,1752.3841072390965
39977212,1924.128255618136
56406335,1355.0204944123109
46671061,1880.7208981003048
21883230,1475.9043160711606
57754484,1158.6879599415518
96138639,1881.9715467848955
48581654,1852.2204175334966
15477564,2200.8921163160794
18367532,2148.1310303455716
57040971,1068.2196484512647
24677280,1905.1930606844342
38279741,1149.294538167865
39630161,1720.9850150972904
94354941,2348.4335938464174
73739305,1505.8170266023706
36839896,1735.163586335958
60950133,1280.1550908393542
34560824,1296.3183827887992
89848060,1669.369266727336
21727334,1858.9176973130343
96402755,2653.8408618194467
99203156,1424.6902566523459
69252455,1520.510296766023
86645439,2785.378473633612
83677892,1354.4096378370216
22897635,988.3892573538352
45288708,1600.5329079544695
59969436,1737.6445947960574
94774349,1350.0480722341154
16886474,2029.9515966815238
44198009,2815.5388374122226
64700341,1246.040966103406
64505698,1311.6794376276941
77323444,1511.6127738064133
27706778,1672.8943536253742
59628829,1311.0098372855416
55365465,2072.0627380697783
69970571,2373.0287288556187
94271260,1530.8757881999807
52700573,1749.9656209845482
45014443,1836.1264681489688
71021280,1761.378493623755
51886091,1639.8279934176755
91170937,1821.907804668169
92081846,1744.5444636660654
95719079,1804.714437336772
12428005,1320.8706958381365
38292857,1476.9448218540513
75786036,1734.6111984334711
76868352,1648.8922879383515
61787836,1748.75172345451
92993294,1014.4733638144872
23885591,1286.7657477150633
40800066,1480.3377445608314
56146741,2083.2652869807184
49447892,1569.0922174549246
52965378,922.8589324405979
93685952,1347.8821427560667
89649731,995.8490696925822
47102704,3073.900743660749
52908918,1745.0085284573615
77943419,1429.3012455566347
92500699,2183.2824576148473
51420779,1939.6314026381601
72830394,1455.4825529818763
72781023,2181.8842549967535
16161212,1141.2562101543192
73724856,2190.1884583399437
76991618,1170.5668887059444
95797758,2201.7051105593805
82786703,1009.7398437709078
77183119,1527.8216409115273
56026782,1207.5245705464747
16589083,1522.0431314530117
47749953,1430.9670935185923
27187508,1607.3720121163162
51723171,1682.1355470476387
56627258,1989.2805858045633
75635227,1173.4489299974216
57547046,1331.5570777788234
36631973,1953.0344949514
17463415,2390.572823963403
26674861,1288.9269101402301
56995341,1064.6798691763374
26126144,1177.3320226386359
58450363,2276.708414321292
89312269,1048.3798803591983
16817991,1329.839919862037
84965319,1264.513084502829
43319013,1789.538339631694
44400321,1164.2454330966107
80024230,1184.468375332875
74521218,1896.0772563837274
44832141,1576.7772738676426
70162625,2055.712215647114
43589357,1806.084487438491
14100726,1416.9942006775102
36520084,1256.5565173333464
98999098,1115.073428348337
14148442,1573.059128469645
90033275,1834.0992484694857
19819492,1053.701682025736
94929441,1597.0227556380562
64769677,1381.5195907234042
80605119,1603.2775193609964
61896581,1987.168682060412
25053770,1588.6762395914552
74893395,1890.008912706159
53560531,1375.2809794919158
89710260,1348.0140202744462
93875018,1404.8452411434364
64766158,2709.3041809866877
54305179,2071.392093189049
30403292,1964.6582636592134
60767564,1914.609009387307
35303188,1496.9615579792173
21177257,1899.585760241685
15350431,1948.1006207942264
19112314,1442.455079136837
10078818,1752.1900834901649
23150338,1795.1573550695657
47635759,1826.3384572542166
30605686,1278.1449305193464
29709781,1699.2790076498381
13735642,1183.7149370055026
99020214,1431.8596969542364
28873624,1792.4746719408067
70890497,1491.3713251060697
99675492,1482.9470224465488
62216584,1862.8090043501463
84668724,1064.4283308696072
88738488,1658.0174929846996
35683009,1301.2097703104748
72816721,1620.6386327418513
19163259,1737.7071316522445
51202613,1596.2657922373376
56056704,1035.1505685385864
49879334,1004.6120839166898
16786843,1532.3927299814545
47533115,1779.962485361145
22109413,1305.463771404091
85518746,1262.0102368934224
93362991,1525.2099616403796
16124077,2138.2845215435373
76182432,1200.1219941783359
26790843,1476.7642745266303
89672220,1806.5926991501792
12756298,1788.3241550370253
16926806,1389.9850250240008
14000956,1490.6886240040114
36806959,1388.265221136095
87017954,3401.234443381615
43944283,1711.7675632312812
44101724,1035.849976771227
67316534,1203.1305314936749
88490548,1379.521295569531
88665651,1872.914185112588
83830852,2587.9958329429705
35512699,1311.5004541466574
49228670,1646.7210627323354
47172196,993.3460976746198
86195285,2244.4473462741357
61100752,1653.4133525717211
23609539,1515.0980772199039
95881788,1678.7190852403844
44925764,2017.3985594756678
83971268,2536.10491315117
17370699,1326.4654717867043
76384877,1401.2959910495315
93972349,1631.3379750651854
64752973,1296.2769369574555
22747583,1340.9167651014961
38304968,2291.7747449234453
10235307,1556.233732676627
25779125,2207.378719487967
12843653,1276.179770967746
78094768,1494.067425149242
10635284,2337.10350303171
13687234,1495.8738769785768
53936042,2109.9931893021603
82732686,1140.4134964732739
96543781,1907.6990055612926
82228529,1157.5034121812225
12775154,1586.3171685804782
55255907,1485.2141918352863
32916130,1290.3671431480593
18504284,3318.87886206146
65825890,1786.853134766556
33391713,1530.2097864802781
93331533,1599.7563012722428
89345152,1791.9495064977477
46576484,2719.532183421666
33320733,1269.2580534461213
10724817,2831.897878235442
41244276,1965.0011184979235
39841607,1520.8937389788005
59463885,1827.4153017461558
61317492,3896.015477793309
33725830,972.8423349160595
15316450,1699.946070427129
53318939,1971.2150543656035
82300735,2257.347183769864
44927585,1441.000447436074
80951510,1758.4135061504483
51421456,1948.5280045871189
67936055,1852.9325119911502
48065777,1016.9420669872335
56103730,2320.315749555291
40566531,2030.0364849075852
61129612,1773.6539820904968
72015593,1510.9080850353114
73826407,1222.9123848532422
88021730,1380.8561162290862
85653819,1469.9624429471296
45194339,1456.3281078681885
91086895,1442.6641347063692
51919540,1700.5928968104317
23157322,1589.2325051585558
51628095,1967.0704752608058
96537190,1777.0556915831771
53402735,1496.0828473921024
36360155,1095.526645665589
37694507,1806.2835720292846
83593533,1588.012527718092
24284452,1681.0153490322655
21000889,1691.5561409448983
18518898,1178.4919903656148
11533995,1711.2264652875829
91728492,2224.1410436111864
32889326,1066.098993721343
16392740,1397.7606562370124
93954664,1402.5551168376535
40527969,1657.4649766814769
13359501,1406.8906090653475
54613106,1051.3560826750993
89494294,1827.8562117905292
43243456,1565.0427421379054
49320975,1839.3147168068067
66824387,2101.134966109743
13395531,1375.5603076689583
84702746,1199.8325326448696
46376987,1810.4903725638635
16949551,1396.0882003667607
76113598,1512.4244234215935
88051686,1478.337721112774
21575972,1613.4991553816694
25797068,1181.3367043412213
46519671,1418.4915995606984
62958708,1614.1079237537688
41163598,1032.9675931975985
90108134,1446.1849027252706
40305514,1664.7633166390494
28323820,1603.9198615912717
36148206,1239.7018276871809
41903222,1632.7682037138334
34111269,1669.425690886949
22460898,1858.9432009902264
87095926,2064.3915243164934
99063606,1625.0613222236539
41090287,2705.5991321354736
76553835,730.3018458149847
40520930,1847.675980931726
72499276,1639.966447210249
40722377,1910.9897632394507
23596828,1854.5877300411682
94118199,1262.92476386857
54177823,1933.5584203497178
32744353,2429.2837753161707
83540534,940.0339128939056
60135160,1914.7066567199809
32215997,1133.5758378445444
60591783,1350.6633911822835
75534413,1317.0527889586606
74381587,1730.960820080023
83928867,1051.1431828285931
31779925,1512.998841642464
71389415,2172.8623489780653
36657020,1378.7477197562193
52833217,1660.5621448161912
43206206,1297.2749635380014
21701449,2118.5834916900976
38073031,1265.4246366583156
34369333,3148.1896285563907
92620587,1737.5648239653503
11512547,1615.7723172929193
81501365,1325.9194207271278
91014044,2475.7067440292826
90225400,1974.912061990203
77353219,3284.985539009571
55291546,2096.803020597331
22923482,1318.6229949844708
14288303,1311.6997264545655
55909136,1474.281937757854
41957261,1232.695866863042
17675131,1358.4652452882488
13490253,2158.3415147620904
79023756,1597.1349986139958
98393510,1126.9993914846289
36169986,1440.2217923428045
98879925,1392.3265219165478
64713126,1311.7853496050511
54807445,1664.150349877778
76751871,1878.2848358977685
98441518,2339.92500537145
54149693,1821.51096138007
42794612,1378.0249972057136
76036112,2701.850067208016
14657728,1675.9216754607953
73292737,2547.2080333374493
37897222,1398.3803667953089
24707301,1653.1097837173363
54570938,1887.5662887560816
47969890,1040.1074817272067
86391847,1854.8580754405523
43251995,1392.1108160424474
61789630,3135.4325245472714
12601759,1380.8544410477841
86045386,1238.9675203617667
67870680,1593.3664288599855
92603070,1197.1728820537635
45118743,1392.9305540305618
40352166,1605.536979722485
96817260,2349.9016415373626
70031890,823.2076782167019
18280163,1514.8372091429042
84418154,1484.2707714893802
50657043,1159.3012048263902
24196657,1824.81355682853
30339428,1513.9684446399215
97021401,1510.0732013300328
35926246,1561.1295310593716
78296017,1830.1803876464533
91378970,1054.5510868944352
80348783,1533.3353281175816
90424864,2102.930819305052
65449342,1274.3812293868864
50552285,1105.7647265301057
96371635,2296.144885112431
72833770,1601.2011458537781
94834332,1100.2292900617701
34291304,2343.1340179520776
61020465,1668.9381372049386
58556746,2039.106016192042
39138083,1762.2809494078197
25334186,2017.1936333442452
34764813,1892.255641247236
37404139,1480.0271922333477
44171473,1387.434396715198
32137098,1303.976248069023
72644851,1437.7896193530707
57301182,1486.277173991498
68777856,1595.4263304320355
46687209,1136.0060121206463
69167315,1415.420640503452
82057134,1628.2549587695132
28611499,1568.2775349793073
73817431,2106.4289215980516
66885663,1932.8883817077715
81244724,1396.1467455592147
17815149,1732.4395066951188
76792976,1564.8401604039755
32232188,1360.5939262176128
32884692,1483.0356781961698
51904668,1999.5333209058567
54177086,1522.820374737134
79785130,1864.61621432825
24791309,1150.6492490264823
79748184,1218.886684364301
71076766,1627.208969659326
91713473,2140.218232650543
21889636,2482.119432181695
88684450,1548.901317581368
13868166,1054.3150518951143
72609306,2734.139255549952
40230821,1058.931396418872
65326864,1228.874117670791
47873334,1752.4726077456278
38502225,1219.6618595457455
78086792,2111.753890785139
19000370,2639.5716814968227
18794356,2056.809667103105
15695931,1296.1395683057924
69820899,1171.7356763161488
42730808,1867.4711340765705
55693372,2304.722188796457
39793167,2562.2352930913116
42174587,1139.6052413473103
17562701,1328.5867968179832
75887228,1404.7369137899357
86381737,1047.7433797330318
50478816,2131.544594302294
59640073,1603.4314081993118
76678970,1449.0050219823202
23159711,1398.5766438328126
74146213,1406.0742245162112
73679527,1360.910013986973
83678670,1279.9502927608025
82153168,1674.707047972647
81585077,1949.58116820866
51172809,1688.4810269265922
93348209,1235.1777871345503
40526730,2726.36209508594
35477741,1834.6549091637908
26904107,1743.2797716683713
98083773,1428.571209591761
62394914,1629.334536061665
38403298,1606.2217014336038
19395977,1655.6045839366286
28561023,1326.058287636249
45885910,1540.6159044994552
95086890,1340.8229580540938
19776574,1286.4932869711365
60586201,2025.8023000981757
89147481,1751.0744150147937
47209892,1414.9320296155106
47476854,1594.7633973184936
60953282,1863.97833887135
72001460,1589.9586872372417
22546493,1761.275996235646
48912589,1802.5911563732682
37241017,2222.5452377507077
40152795,2183.845468339685
45771924,2497.365246898721
70307319,2358.0904021866154
42825484,1545.0713924778836
32535623,2559.433131646493
54789245,2201.4125379205007
72682970,1963.2201240565128
51218700,1840.5092657943142
16039328,1282.557006025961
44678506,2840.061882271393
59530373,2518.83982357674
81467001,1335.9983937801783
50258434,2201.7885308441087
27681355,1546.1492212486676
69431073,1310.5957670211264
93968709,1816.2732743233423
56478207,2210.380183518095
19466001,1913.7273139596125
45204787,2336.0314829092044
44120969,1247.2928049347167
11347094,2449.6270517118564
33817003,1347.9450016153767
84812841,3015.3911998014014
82947487,2078.5364728525133
22317982,1622.3419182583173
95086863,2286.1890347536196
73084974,1270.058624026241
96665202,2197.0234737027326
52954565,1371.5011347559403
22781049,1446.1313193243595
39742164,1660.1107707683439
20712973,1352.7193515454392
76124953,1755.089143732552
53726970,1594.5539716319724
30895251,1657.892497769032
87940348,1809.3114622219987
95321478,1568.2134276191446
41613207,1694.9277337332135
64780104,1526.812422968671
72574405,1839.8121367648034
87909513,1128.4055817350534
80918662,2009.512120544537
50842195,1264.416292898609
37167999,1709.141539090636
56430683,1487.1992249246885
62519911,1198.2719703420198
29251792,1410.5929941012614
85925973,1576.0587937666821
34644536,1213.0133952852932
39276706,1307.172675403565
81892516,1903.7861792556857
30222761,1317.818103172298
10422044,2084.1425809179564
28074362,2366.96106337315
64967123,2063.9663889260296
38282963,1398.103909535108
76769818,1514.6778745772608
81835353,1920.383399127838
34737343,1492.4975678481594
51032996,1457.9137802381142
32565254,1687.0177332441272
51764743,1942.7989913405506
92831396,1857.6731343910096
84077215,1546.4882448706348
77480283,1579.958263822571
52724196,1022.0357111724855
78039908,1463.9167051876545
46605850,2142.8468098613985
61041851,932.0960817604343
10551671,1366.3901993917161
84956232,1574.9159662250784
93609795,1101.28714850492
63261476,2292.4241548755294
78773692,1636.9517170331333
41527728,1172.9514166652862
86838609,1365.0262216140654
46835475,1480.7674728514198
23285553,1319.3137240577573
83082562,1528.692709506522
33889237,1695.1166870006327
46836989,1946.4628543109854
42683388,1717.3284067024636
15212938,2546.1083069076603
63857629,1474.1642984184955
71736760,1424.1027878645154
41166882,1492.5805237948277
88287708,2063.1156296218683
68218612,2112.777196253902
34505104,1531.0049927433984
50756606,1614.756430881548
40004505,1560.5181722503853
89798576,1591.1227253756897
43860123,2409.2610831465936
93655218,2155.0986898421156
71051446,1203.1685806863889
93380848,1211.9103036364506
27980449,1501.477555016848
57084880,1636.3529256226175
46438239,1419.9868851107378
30942515,2478.190994077771
19590564,1596.375634395963
83623165,1405.3806307662785
76716085,1797.5217565407493
60666996,1929.0329240849467
78361983,2081.5916908838867
72701952,1478.479635036006
74922910,1410.2247710858724
63759907,1610.5852611309767
68856134,2128.8476207496674
79795778,3319.6399295196093
97178936,1463.7672481405511
56185778,1307.4230400877025
48290079,1336.8042390430849
29392023,2472.8791334191224
54780943,1658.9460641624617
97751068,1523.9087136646092
69746506,1533.1329561457821
55371174,1770.0596349570528
67781652,1473.9726411120666
78245291,1629.9889598203313
64158812,1991.5652816222848
60974365,838.8648856663614
12800790,2070.048836339377
96154030,1717.5118334498445
98482327,1575.2526624383984
17464700,2081.5802641749087
56270967,1758.4717503865706
46584495,2058.105274327285
72785702,1421.3260234314162
41281460,1590.2337392925488
80424496,2542.69907388133
18835766,1848.1251416282112
87502261,1015.9983867334045
96135205,1974.109815658866
26258289,2644.4788290614365
75302604,1433.0459001642039
98645752,1795.9555306890943
58643859,2005.0088292003306
90141148,1967.6435939364003
52181895,1328.9354240909688
16710404,1582.9022332528393
26056734,1624.7788905680743
39602380,2027.3413110676922
66983144,1715.3998631251657
52507579,1264.6428333903416
97432890,1486.7166254247743
85547503,2382.788060013859
63906202,1617.4890452114037
84599750,1722.0188295590099
84325254,1277.8227418899105
39975048,1779.2217972316137
81574706,3449.713911197866
30468791,1365.6217418397782
97533812,1378.4079835303223
18711694,2111.738690809419
51787778,1973.9795820424447
61409887,1841.2850589718275
22014620,1178.7930169956517
38836545,1374.9796333946492
87391833,1245.7956805452216
69117778,1296.6594228117485
68122788,1850.5383848093038
51241051,1584.916791976155
87186215,2177.213444842029
84468326,1504.9867150478754
86410473,1691.4695963958152
56236242,1895.1522335192465
59626902,1303.978853308206
66112801,2403.2795467992178
84626603,1201.1656037740422
68630773,874.4931509574996
33563434,1144.4489449327214
52975992,2192.775753965451
26817104,1770.0856193077764
19501484,1436.4129408733515
62595745,1650.962803974495
41563117,1906.735865829839
52796320,1860.0490343137135
21489695,1819.3699117953042
56658010,1506.5011834316651
91048109,1365.116748260693
68814610,1567.0793918741335
47089966,1723.3335436844193
79261064,1996.099596855579
43267298,1668.8060666585418
35491922,3770.1740898810463
91103900,1719.971907281993
81885878,1166.143297872019
10004659,1782.208319216579
49810234,1350.3152047271456
65062190,1626.9271645736549
57566037,1759.6924546408036
55754004,1573.929955767397
99179360,1068.6424284859154
67491962,1658.1712442650476
55660033,1498.934872642042
96584547,1624.1006277412305
36088377,2160.6354197678756
97242422,1091.1578692834198
12109366,1017.1955393010929
57248099,1734.7121543025924
46843789,3319.3941699546617
15574311,961.6242766849373
39119987,1642.0620132939703
95964371,1512.1509838657792
93965777,1406.1136916225544
32720737,2053.795896330383
38011636,2330.5986296667324
28738450,1568.2798478444133
82845868,999.6682542690817
92357814,1535.3887541278639
94273774,1209.2368702172932
86770972,2104.470947364303
95965665,1482.8877593025195
80658412,1266.7742002257455
11188732,1083.5152414163297
78466957,1214.4371059732648
77853776,1506.153208671971
81589793,1397.3245967023915
49765777,1695.1255257266134
88579415,1430.831566667949
65011154,1300.7669696767568
32352609,1505.0766181536387
25644810,1305.3218221751372
36867135,1704.8529281574051
88848522,1662.4452368621323
54293859,1745.7437602426844
33019527,1287.1127156810583
46924492,1182.6921571698315
19488750,1401.419449129184
94594464,1357.573009317942
73247876,1624.2068240678898
71373451,1169.1357135891426
27655514,1512.3311730092712
94112335,1475.129282950107
79135715,1272.3256702774647
69231521,1434.896716453447
11994136,1698.768931699572
27288623,1565.815950814399
88123955,691.8107868004229
10000265,1262.4665193039361
79772833,1589.0350821420143
93882232,2564.959305466499
32109681,1189.0595223713162
65404136,1803.7413514416612
33831079,1092.1908228972575
71847266,1228.008940068317
81003839,1129.4823140822405
19285579,1884.6077504425919
51911514,1966.601777081697
55539434,1814.1217952989327
44536751,1166.4801975878088
70028057,2323.800227853459
86860126,1898.8447730642624
64254454,1581.0847942369508
98284782,1900.3559712677504
34610652,1505.41433213127
75568847,1578.2895383252187
65674652,1452.6121093663203
55019276,1471.4907132563949
55592552,1388.2909114806644
94267636,1423.0808207113853
69222634,1295.961008486507
85591369,1069.6933590773124
43835656,1428.965510281682
87803052,2262.3672247458817
26232040,1579.4134007703985
91061668,2025.6003107537601
30001734,911.1283068039519
64074995,2351.691791175942
98892450,2105.4660727323894
30473837,1315.910290158795
95158643,2088.680537690054
42377220,2064.4195372214554
64814717,2014.7955974958718
30148862,1715.404719530261
62010302,1763.6198087097648
99477712,1582.407782881208
70875105,3122.2001868405523
20465640,1261.993365949664
27850961,1080.216646031361
44835254,754.9295673326317
37634561,1559.8279982421188
46702648,1940.6385377643487
86839823,1405.6024468669898
67985741,1213.0068418577787
27791703,1405.1416176786456
27289673,1404.106548650874
47043760,1434.249899388403
54808934,1924.2530306685805
98155995,1879.5914821902513
69341643,1846.7209248906477
19401682,1453.3586746312321
97496254,1060.5051855386057
26009392,1350.5414205886877
76357312,2061.0144798094425
60644292,1888.909061666002
92095667,1586.3213166855128
16021125,1785.6870797926936
52662306,1386.3001641594913
22527415,1349.6489567096294
11178457,1793.7694510217564
19452873,1067.6376900377209
89463603,1728.8033765053294
55778959,2543.3678836698136
45079947,1424.8517416510558
71913651,1643.7727516843272
26030335,1631.0984970835912
18887144,1338.6383323545726
67192573,1508.8469542908883
93955593,2317.0006300820746
51025425,2315.0479076345855
59882564,1353.2096291217968
39586553,2170.5516787909824
10235871,1887.749322019121
44636319,1072.6820604968384
37290007,2424.8647446607406
14108687,1584.055479429843
34932666,1241.5084233796601
80941617,1384.9197611181678
54682782,1557.6043124626087
89652985,1598.7237367212965
13137515,2499.833966847567
69623259,1543.9987527565463
58672181,1888.5497080999448
19145583,2268.507887847406
15756823,2046.289894287228
48404289,1554.3474202189982
81082424,1424.3509290885472
73224913,2235.090219397852
75845341,2723.4561127078982
98474913,1693.547289038582
41962691,1367.0802720536217
48961741,1929.9184199328806
87593653,1175.6030908993923
84917993,1087.6415705835327
24081947,1447.006968736857
54462462,2178.7712609120567
51963469,2105.907509752801
94467679,1374.4567860732457
31642363,1359.0506876717805
66097711,1428.0304130037155
12884742,1454.3939182112683
94999391,1432.386992696575
44605879,1588.5908548841453
35787017,1515.8326221212862
45450960,1491.0226116657204
95291199,1211.3684225031072
96016558,2131.6333529316403
84566828,1682.304394043928
47412693,1123.4158995931612
49029700,2250.8567419078763
60010012,1335.111986512365
75883768,1396.3177280088628
26202342,1271.623970730804
42317663,1486.1022127413012
81534336,1239.7947513450133
89007837,2161.0091463255485
55830410,1441.8782298834235
42889086,1209.8978858611374
81610198,1472.6116000072084
17452253,1293.8965757856492
71203731,2399.768313669949
80449971,1455.8749122556421
69429731,2079.58895316214
54605956,1875.4664126501395
34299688,1477.6431344787898
87819668,1944.7896577530462
35995429,1226.525486880208
79395935,753.4895086123219
77309412,1601.5313019932726
43863935,2097.788205475655
25184246,1569.2799533092536
36615071,1248.4831379232305
38474717,2808.696345372215
93825316,1123.6765920957264
33683398,1417.9997662881237
69346242,1915.2841428563868
59095929,1987.2210517556293
87118088,1272.6437315562914
45924958,1724.3854288079788
78591323,1596.2162931712285
37759814,1711.7238424546738
79378632,1735.2367885290546
74799649,2303.4027838763727
53222755,1655.5421512140867
36749663,2327.886568716411
48476133,1972.7892816231476
49028666,1917.5922845790324
74177764,2086.6449967298936
14771208,1229.5843797127727
53613430,1420.3272723409893
58749152,1321.1202354072602
32751897,1686.7733814165294
26470651,1481.4991080483358
35002941,2267.9144114742535
18541890,1336.6606944251128
57596711,1586.1105138438013
24072464,1265.9795418622537
31435093,1909.619770270235
30602585,1625.7981425457965
75360000,2142.430437256874
46273615,1978.1460999591832
95181699,1415.073667750698
91310621,1479.2766163083509
82017783,1391.394877773613
70908643,1630.790269207812
15861638,1869.9562146349629
50835625,1927.1434149894867
28964861,1091.0751499402043
29864397,1227.7845303029872
12057084,1532.735481980567
28334945,1840.916174481925
60084019,1448.0843440482422
63996133,1142.3221450037988
24215888,1209.8652705346226
73974645,1337.4752717660187
75072747,1302.8706446764684
45633768,1666.3057605122688
35646913,1609.0124147941426
53661067,1576.4149675897104
78907585,1957.6316448118052
76922109,1771.0406015409715
62248680,1865.9745815569445
73320273,1699.915946380618
22179940,1830.7766771478114
26991418,2031.7461470258272
21855522,1783.5273654142893
55265808,1844.5784549089954
58224140,2073.3501222829727
19913819,1290.0006319614702
90275479,1500.7326206353205
97988475,1782.3183292887172
83636674,1578.1974338166517
19875524,2786.116204274365
90421480,1424.9795934099304
81793670,1731.3676118560602
85521270,2027.129990763702
97359529,1279.853408356623
91814930,1493.1307216745013
39016297,1642.8455195543943
94156929,1782.4943221165202
45023538,1637.1044071301446
58269517,1251.9932325847765
35694304,1386.9724939452133
64951262,1301.9513596498728
95920942,1593.6509191125917
41847450,1475.3965116782322
15255858,1461.233158589149
95924527,1432.423792976852
12518283,1921.5471814359894
99811369,1345.3065680581788
59569343,1031.8917227272868
47206769,1151.4094206043023
51079651,2431.9114631288517
23194465,1811.0704484933437
83356805,1850.8410375189915
26586384,1210.1510947208449
55548495,1249.1876872423472
86324071,1591.5592633334134
75101749,1812.2102509463045
16463144,1104.5670745644932
19396787,1374.336933631592
33279246,1525.7682183214467
49233593,1844.4188839996164
48210075,984.9319205801396
55054820,1409.2672965740396
96257897,2767.3948777475225
51430742,1772.869832148534
83437485,1683.536009425648
50578351,1910.8570621495874
97275251,1797.6153049094607
16222585,1490.4980705825467
39525336,1950.7979369710852
78481250,1917.756086690747
90967247,1310.0437451580297
84855982,1542.8570712426913
57782649,2087.4216731292695
77997002,1465.7501565033588
36215630,1826.4130678519537
95580912,1502.489453807351
59034107,1570.2384642632194
74775777,2293.0759000189687
39971311,1483.1903518522342
89020638,1916.4293073127753
51169286,1681.5686592250374
99644215,2533.6221764580487
90744203,1610.6076727861127
96320211,2205.3406274307854
36465697,1631.532151491944
86214609,1866.4106668099016
81033519,1332.5221769448008
61860616,1058.2813703972486
11758072,1432.7083040161224
72796099,1078.7787878504062
12154166,1145.502020527823
48588483,1449.2520363326578
75800458,2306.397811985915
27360889,2386.3836380948446
84455620,2841.456881615095
94594944,1316.1244192551658
73063439,914.7921015528561
81513909,1584.7132909135703
76078349,1831.636610643063
18738053,1381.2171802200703
29574045,1696.351564187292
80540560,1553.5708042448882
25751173,1424.3762661894252
26008933,1457.5835020385643
99638568,1490.5117395671361
16106243,1798.4290534844652
46712863,1161.8228347224526
62434322,1754.761839731245
41483187,1434.7863258645987
56776930,2768.175134169186
79612305,1605.6650625083369
64780825,1754.4617866058773
45536007,1332.7295382778261
46661025,1868.4296909196316
77061678,1258.296620144762
60393588,1530.967879868945
63346660,1099.8061480687204
27845955,1404.4383966421876
55504400,1492.3320251065015
29005367,1022.1343507315908
22069246,1085.287929470332
84008491,1231.4879854151507
17133631,1071.6830549868487
84832150,1218.1838011559619
45723864,1694.0150732930397
43493787,1500.8733909889597
66097518,1364.5974193532493
70168465,1779.2880221094247
94063743,1129.1887270385087
14576418,1646.2875865599838
67277120,1900.4663214673105
94345958,1881.0205177710939
30685847,1380.8022791967385
85948230,1596.067970416352
89817663,1690.9987079694695
32957921,1879.412000431158
46701128,1622.1029386176115
70035645,1142.103398595796
60395047,1832.4850751551533
88839252,1626.1699592008708
84131490,1207.308262068346
75586325,1531.7941219302631
80103534,1305.7705585095368
43032685,1270.783658064889
15972126,1557.5278516558635
41404247,2315.7847262505634
38893753,1304.3110458473063
73633779,1917.5928959392786
35904393,1083.6448035234894
24714022,1952.1026153016523
19048345,1107.3640888128662
47004008,1451.9217553095962
94742593,1873.4147942268462
75269823,1724.5003066195127
25552669,1058.1747631186909
51828771,1367.573669902094
70179002,1197.0449263358846
38115411,1717.7699844127424
40317565,2221.545307795128
21110207,1479.9258000166494
84762082,1479.0985954971027
48690899,1856.0631162921525
76594160,1619.5851441078512
54192522,2407.0219183672666
72813893,2335.8143989312553
21004583,1393.0182114956488
64817154,2308.1474921158565
42706195,1482.2483239082258
48103074,1580.3125242488668
21878260,2025.0645156884293
36272220,969.154969837131
13817497,1554.4102966989017
41737305,2054.8023751304486
45517239,1733.777461205264
89500514,2263.569718397732
35952974,1163.2278881369218
79180368,1608.8956155980336
49972479,1952.3873921904587
16468436,906.9712359089941
66415757,1746.8336480597754
60737619,1661.6939214771253
61065232,1465.539692553163
40172654,1332.0641212082862
89609665,1876.5889156628866
23952725,968.3228521169365
72896307,1803.104784230751
43835334,3126.754626890909
15170417,1061.4399272530131
67479665,1247.981834264168
33361674,1502.1801725909397
44130617,1270.1194716532937
51579953,2069.8874088425305
75908580,2074.663466613384
55554604,1714.0826160888957
78855633,2128.334926968097
16657542,1676.0859570019954
54732615,1824.5204060167862
61746292,1883.643914646642
57869356,863.8639262175573
29926611,1462.5297654575638
75275045,2837.3568540872207
47886535,1580.152404689601
44918482,1315.612679751377
78968246,1808.4703374998396
54136456,1650.9059165323001
90807736,2172.893369104539
60276696,1665.6365636350354
82048962,846.2373937712408
92669446,1796.3024723618412
48680297,2029.7385032438037
20902349,2446.565010010141
56991657,1954.7723861089794
47839152,1612.89480710918
78844128,876.779301944225
13384224,1427.7766189413235
46213331,1806.5992308998036
34116626,1033.358883382131
13884884,3111.313618344805
86060261,2115.8537485137786
33698474,1454.1849424712377
65729973,1255.6074889229697
10671871,1489.2777596875196
35704807,1639.8064553424026
55231783,1690.9820757785353
62208192,1768.9089438939334
67563103,1717.062542795754
72548470,2296.4806879532534
35725437,1726.9729392537868
91119982,1682.4127994278151
58303560,1936.90617734277
48430844,2036.9607765904104
17825416,2353.0164628387015
97821966,1850.245845912543
76538437,2530.9294511557428
46855429,1323.9166437459467
70135617,2005.8179414203794
68330883,1124.2639760703094
82205109,1677.5204073030172
47743752,1859.6908086659926
55059767,1173.9469697628974
88243398,2575.759027763866
44699350,3358.4603779186555
35330178,1548.9293663329038
25203468,1437.958370430138
40479165,901.0428096417266
10947997,1084.8496809690564
76351104,1607.277097158742
11445786,1683.9652597348804
49470754,1382.9990306174568
25466549,1736.08271902209
68081302,1234.5164693186696
66965573,1768.2721267951147
91230160,1943.0362772941935
44322697,1335.1958634671428
17542284,2138.3817035222105
43035885,1547.9449024151431
73926094,1130.2288812238191
64948505,1581.5196807326104
78950808,1263.1455770490172
38422125,1236.2833933300155
70854487,1899.271856570474
96303461,1922.1438837605342
46698218,1731.4970731791598
42918073,1638.2506782373491
60976113,1429.4122086973455
80414616,1435.3018102855722
11919826,1619.9298507013577
78548658,868.6637285344455
21857739,1394.757488060724
29877271,1842.9956178534064
12698388,1875.2630776161132
11871707,2436.7024212808456
80819542,1393.200851757392
95941128,1414.905201303652
15401105,3684.2859763605165
32754426,1539.6021757631313
69235267,1034.2418543286972
71590075,1930.9060869621105
93562904,1625.6643518988026
48418506,1066.766045066613
91190923,1508.3850727323281
33120061,1191.3128892005902
79992717,1410.793042255766
57263719,1879.3270071120044
97902872,1631.5783591535262
11659952,1430.7445250003404
19463140,1735.3297907199353
32523829,1623.8240081884605
91862885,1696.2593390356794
72799092,1948.4752642957515
53477503,1593.0742814894393
66993460,1753.3620858621448
13665562,1346.2811252228207
80709687,1593.9996769965603
40330962,1786.1064516409913
42684844,1540.6423424897905
27675885,1978.8874542102992
38250322,1441.4192577188412
63478776,1489.7784520513878
62285686,1775.2522825020367
97553472,2058.755312065509
64732641,1648.8511191542207
10341748,859.4967416725996
34930451,1567.3439738638535
53726168,1464.0040241420775
69426758,1213.0602157828653
90029637,1241.6266917549062
94611401,2291.033450055411
31394855,1518.685934104217
36645175,1567.765400089407
56281801,1238.8226249688719
12148162,1709.0785054303337
18771087,2008.276888258554
15509457,1567.1474611341446
58811830,1446.5346879186507
73003066,1825.1316728908384
34190353,1457.0994330495969
70731913,1182.8290943232473
55320872,1907.7976670717424
41886703,1972.317617249256
16884593,1298.3274655452558
90415325,2940.4224209314784
28408198,2466.654017478823
65914001,1629.061577918985
75122895,2147.7229163922225
80177938,1565.387588988036
37984269,1534.2602362936202
81491790,1861.7899051237573
37294085,1575.0432735885497
23335477,1292.6828188856753
74996570,1406.277619019172
11602841,1517.7388885239554
70152712,1796.0070694752894
37504288,1376.1606856496976
76619689,1165.7134519176152
95075447,1660.11280261747
62779399,1779.4215251549847
66278648,2411.5344730788224
18002070,1629.7530038577593
94135062,1249.0137278376185
74396322,1222.1982556939731
97169764,1781.9635155656363
84630384,2067.3000003021552
46052909,1166.9300772749584
60213474,1802.082537958797
33797784,1802.7752275940459
59759309,1663.2269953883276
47001738,1663.273142491804
76899861,2646.1844320805617
54444766,1017.8751579717177
26850612,1509.730535979183
22468145,1416.0219284428304
39243645,1338.7402159083122
35759583,835.9872770120131
92468992,1643.8638749015327
68717112,1307.5151002859739
47344834,1221.3402066064705
52115284,3083.1690580165005
21042322,819.6520517256322
79258805,1624.066484030542
51304748,1792.14709423743
23253686,1820.4086383118943
43275074,1472.3331821532688
81602713,1700.757898380287
60924053,1433.1104739305135
50363853,1816.205268651863
28412591,977.0805780862592
65145713,3123.814924603749
47077663,1997.2632800977694
58136966,1431.8894585883302
67034290,1234.9484089123246
72057747,1696.9035538176472
78034116,1265.4727468037158
99365155,1720.5743323112613
56151729,1659.5886348919216
68997667,2117.343045041604
46532370,1011.6623600119748
43276809,1756.455484442817
70460118,2607.8122842032735
66150334,1548.9864898175733
92614050,1418.9857021187095
69313526,1450.9006964235734
70949373,1901.1764812787937
98595102,1563.4748428023988
57731071,1188.866961299786
58855043,1451.388277913733
45456441,1857.482116203254
39733268,1277.326276237847
71064725,1425.806024442255
29668017,1703.1091631946667
94555207,2065.389439354783
60811404,1666.6140734771104
53154973,1418.9540959107926
79534885,1570.561086053063
82049293,1843.6409736217763
19578533,1099.0287511713336
66374977,2067.8040101767165
16850211,2122.6482421242627
98217866,1485.9205028048639
33773989,1478.9444186668036
14998381,2385.814433373608
92421507,1266.8206450332073
66591282,1152.1970412973617
27243576,1672.8907992339914
58962954,2112.7999872397354
62891715,1027.9177423136634
40256776,1428.629956108778
92014626,1643.102349504083
68868046,2142.989450786084
47811896,1995.91363784189
86438296,1943.3872737786894
10421272,1574.3986137023362
56519274,2043.4044148635508
84854339,1914.19294939654
95049673,1772.923017322056
65578696,2659.268252397441
85747970,1225.3705085730633
69874974,1099.9121464973516
34594425,3126.7313033822375
14874183,1865.7389879392115
91643227,1450.3633776028066
94998930,2631.080816673572
25184219,1881.7921755791492
78637662,1355.0327105734925
40102355,1917.4938381396664
33004293,1577.9328141152828
85498300,1744.8275821057
37721019,1607.4346919100888
78482421,1448.9657130917815
81912650,1414.989163827874
86410146,1611.968150534628
69095320,1127.029586898782
56569332,1445.111851994264
97340317,2967.6663291279083
37533494,1305.1862408075503
55430447,1101.931061919292
45610406,1311.9846097642385
64085140,1719.4925344960366
81416250,1498.9480148783732
70034683,1745.2645011185175
40315264,1999.146563098904
73160601,1498.144519815789
54677638,1894.8742405371281
90571590,2021.2392210441546
84772888,1742.8184614744514
90285847,1816.2111579420882
80203339,1710.638402095578
73536003,1157.236279254324
56021479,1107.862222439529
10526589,2225.6907680433214
23648848,1707.5524892067847
27805990,1654.390705257981
46740683,1849.686418573886
66243364,1415.6529422197357
88626421,907.168397961114
81009655,1854.146034461383
47576712,3428.3314265945774
73803450,1168.3889714406507
47427075,1034.9042484109514
72540520,1682.5826411309474
55407503,1871.219383451506
49275948,2640.542435416322
74312584,1729.3476475421012
84174297,2589.9464380480936
96261162,2356.948732011435
22879870,1773.1247845017085
13933179,1876.9835052422716
20116066,1316.8816928308986
38689361,1286.3996320180847
63156536,1778.3928820217843
95340838,1773.5451976214883
75352375,1005.1698635871179
48265534,1701.4201334812517
74912030,1126.6683252471068
70071430,1717.0208090302935
87025516,1648.0737981901998
52784904,1337.4423316888258
96281041,1850.6274138610781
60302206,1851.4125794945978
88862209,2231.9294247747525
66359731,2011.1955008366924
56582999,2234.9462226427963
78391067,1575.4346186237362
84566381,1705.8898685573777
15548328,1309.7937977337633
49432086,1948.1247670147432
49054075,1794.2044177521498
71689174,1972.4331001636615
64196832,927.8210709471443
85965917,1798.2031947034193
30935690,1358.5084061636132
55460540,967.2490717271183
89457485,968.5745896896677
10188743,1405.3538909241386
58823191,1193.521140417809
20643935,1962.341032775203
40325735,1771.2462330382787
91136520,1927.5772077743331
32259671,2021.1526934709607
26400774,1203.927358591021
28057887,1289.0400559695022
82844555,1215.23354170485
51111773,2165.8216216810024
42987529,1785.8265805175001
62978911,1333.820533258398
11881525,1289.5529200964809
86857890,1640.873402857746
79797628,1485.890069612448
80357222,1678.4486089161278
35431033,1780.5814740446322
99201502,2353.9456071905925
90452446,2228.5248896527683
18670977,3021.9133761350004
66979442,2100.733951535848
93738605,1440.7462979834659
29213200,2062.1016933823184
31107212,1885.1193352397634
91594833,1013.3522750687445
82943336,1330.4940991401588
68443662,2494.714858347191
93641230,2195.2256795163953
50244475,1378.9409698271354
87626955,2118.2278977258084
51387553,1398.1176377859304
71504785,1343.1152549137407
58768482,1650.4089418373553
47301702,1852.0606526465929
46285200,1723.8526399889524
27113638,1813.4835226851299
63361835,1253.93364085626
42709073,1159.539359803833
87920715,1108.7864238113013
59996173,1953.052290315993
97865712,1236.171647425556
76462362,3037.173297581486
38643308,1794.6478479635928
62694540,1831.8112980626095
62141335,1295.3996914259858
34503041,1515.3804415875961
11311229,1073.7426626720471
51623206,1687.4731379083153
28560163,1768.8061758508134
94388349,2003.2336087709275
86256710,2356.439694260626
61215694,1668.5745836377512
80946911,1722.70432207053
35537651,2395.12565183488
66755381,2326.2185793585877
73455092,1168.352438540445
34041393,1566.0780229225095
30484078,1754.9297579466986
62329986,1697.506682054546
62897188,1439.331548728595
51881772,2085.4179360387748
94211751,1157.5888742342759
61613645,1243.8404257929471
71479652,1909.7835864066426
85310501,1548.8230536366148
23110318,1701.6861591253928
82884759,2037.4083873205038
51095836,1678.113503704967
52772048,1191.2390098537296
17245854,1407.276829502383
96708865,2311.701675885195
67276218,1676.3701840251315
89528454,1247.8424916518015
73044839,1503.1955623835622
92820854,2045.3030322988473
81415527,2203.224353170261
54704500,1485.0032839641217
62696690,2085.8784029042404
43848311,1676.7165689636374
30447397,1227.3410821920697
96343937,1358.5324777452684
19151468,1469.5834981106943
75047192,1373.1157391917725
29891460,1536.474753088559
47625277,1544.416660119152
57930980,1468.329361844128
48354539,3198.2371549388663
27628114,3345.0242553264397
32690361,805.5130275047732
93744019,1232.0963234343722
99861438,1484.7690139628971
30181088,1002.9886961875703
31181640,1932.2841316416445
44766788,1461.9295137898184
65594080,1256.4302217129364
22508377,2172.2819282063983
97181173,1720.6667839276274
17420303,1611.3071234212703
67800143,833.4421695220459
33454469,1766.257960118913
30418520,1795.0063885428744
89752463,1209.7547155639988
55142148,1880.1446403956713
20848293,2302.792305617027
12617495,1351.4606510108595
20378275,1701.2407361707817
37172337,1981.8313029630258
21839038,1279.0028387196628
66993155,1463.5902593404116
41249770,1181.1328839935327
80181790,1744.0415977253272
36248478,1356.4840409616068
99097401,1460.4614641703045
16998435,1125.2712143725
28345246,2198.1122477608133
97230601,2425.0623950890754
67442292,1768.829117363186
54477624,3125.728767580241
22866548,2601.229285385654
86504569,1696.9762161018875
81257074,1389.6990677570473
53101206,1335.5009992983448
77626907,1784.8312462339488
15402267,1230.3745624985136
66190974,1545.721059536387
85276459,2020.3832495637457
61882567,2337.6556167527397
67503548,1583.8960965821514
80801220,1380.7750184753613
45827465,1719.2998171165166
13145303,1543.3640631235396
92842662,2280.4434725172337
73150077,1764.7674852310533
10904048,1046.4356502889452
89655386,1668.173269801572
91827598,1345.086111517943
36736446,1350.1127210783523
73791907,1313.9669356541272
93237533,1212.2063375839075
29020722,1776.2471816956368
31344857,1110.3298064802416
67961594,1276.0840578812008
82896045,1374.151476403989
79782925,1998.2172440617646
65627534,1730.7465440556518
51055429,1737.8464912197328
24073352,1446.1721196479236
63468697,1615.726674664209
69815836,1248.0630131251737
94658489,993.1434264254531
89803063,2651.242278780135
41826065,1560.0803609923164
95957321,2804.3762445579
72164672,836.8740970423848
88171071,1077.6491969950305
47273090,1471.0729672868445
19574799,1174.076844362411
74042503,1394.733751169331
73199665,1927.3921756796701
32553552,1852.148772136564
99007181,1435.762439055008
86459252,1807.537065958696
33160158,1409.8486638185022
89403244,1884.4011096627019
83607429,1840.2007493321355
54979491,1966.73775579802
34711897,2222.991443965289
76049090,2306.782217461607
38209438,2552.0276063666934
43607471,1355.8156628543268
37603490,2959.1731404690454
28133465,1600.366310042138
66543688,2127.3689508013804
13310180,1381.433310549599
70639698,1363.2033818285126
31227382,1715.866905192607
27953042,2076.2937979997537
62042217,1336.3447990993095
91860613,1335.9426033381478
55497701,2901.37108978974
20529003,1432.2542353721083
95270433,1547.629316725271
99713042,1530.7905631875626
78850782,1477.4643616872181
57339822,1242.8118845276022
89910926,1719.577459982108
22738331,1725.8442418746188
29399410,1586.4191879594102
48960030,1576.9772292901746
23209349,1954.8381662777047
40869262,2680.054389250444
13469481,1604.767701825501
37901584,1292.5123716921826
15827667,2119.6286119267565
36279211,1316.928279493305
60254169,1437.6273896967252
15666676,1995.540264105107
83527323,1386.9122207746814
38323312,1612.2662455537215
16145827,2416.1317373072325
25816799,1926.6904313210885
31540608,1175.710497419279
78332853,3957.4979265041716
50241601,975.6379900580888
59793938,1965.813282861292
99765396,1520.6361200059582
22142241,1880.656603081799
28238312,1099.8783107339245
56677251,1751.1475879297607
79286536,1897.3240990858937
20049898,2499.02028992253
79883465,2206.973097345721
64419086,1272.4167814545656
35428504,2192.1147077024166
83636473,1699.0000753782458
91911110,1404.82594192321
94747885,1432.2428306030151
77052407,1718.3738969279432
89274668,1351.5857444302194
65429257,1479.96401975873
18949424,889.8141854018012
78354959,1033.986100066426
38613499,1868.720934061187
99410878,1897.1970233301179
17066881,1653.825883118756
84559340,1838.3245294109117
45796615,1664.912248348712
18650747,2119.5096208451578
87098836,1646.3620400135912
18956602,1754.3520480623376
49896714,3181.199623478772
51066559,1158.5475321625154
72393934,1442.4289145375205
63389143,1189.5414239075928
35204339,1485.023954762097
51345357,1343.2429259065743
46322354,1682.0608443434508
33951394,1728.1525327269787
41031096,1256.5365848865197
42228451,2879.1832413900906
41161057,1031.7202821922083
98892524,1543.0826608280113
19811103,1516.2248486935944
65448488,1547.4374172996954
32428376,3035.690353323354
85323274,1040.3823059911674
92258087,1625.2093900476893
79217297,1601.5018580592089
11989719,1627.9307844599964
28471365,1412.054225746376
34542074,1565.0089853832276
29164293,1587.5773442315833
84304086,2075.3132257378506
31817572,797.6160021933708
77771839,1333.816339893042
14239440,1333.3579205624812
46882099,2110.474203355237
38983396,1481.600081812049
31683463,1673.3654802650556
78092716,2007.392430385614
42013895,1674.7934895330548
65197071,853.3167722451033
64495960,1372.3580767457154
68745703,1399.4783914664786
51390927,2077.4122495329116
94850983,1591.1938642248535
24328415,1243.795155071308
85572847,2075.9671993319826
42303463,1472.8559430320875
48215084,1123.2114499524046
35427122,1622.8197192855353
62307341,1916.9100102398177
63212299,1999.7828460424482
97856687,1598.42595024119
35540248,1877.9090812875556
41303810,3431.1488084986713
72749855,1717.9511294865429
21620577,1287.566515561303
33846878,2860.4714744757953
72596574,1781.1766972698115
85230815,1198.0017084631268
72103187,1266.369487567762
39368813,1708.9388241940399
77055150,2013.990385085668
61280124,1761.7322241879567
88442406,1605.4219980777675
34283144,944.8233288782066
20283328,1153.8980626382722
15081148,1534.1273946451013
30803223,2301.118902914277
95977285,3161.4541587542944
73578397,1207.0875702687722
23548274,1422.064792402843
70020229,1891.8169686997048
13657037,1738.8194681368861
62209540,1142.7954576444126
69122837,2035.476604257215
56882140,1450.848229690396
31090970,1051.8277643817887
18895583,1519.4666352990025
56220075,1751.6591992225083
81883128,1294.54500459815
85178304,1259.5418943820393
44572294,793.7571061906007
69139777,2421.7927784308226
77682175,1590.3031840408387
98697835,1329.121574328105
82862062,1576.6125055617977
63154444,2147.7806865133507
36052607,1954.0356830014432
80221636,970.1257497139592
14612606,1173.8793852092222
22793087,1762.1429157419589
27221763,1874.488496294834
85356281,2790.750836094899
72870330,1414.0787653666866
21631750,1289.6873138492385
65662420,1450.9049514045194
94704718,1648.5734702106604
68031612,1547.1355310612635
23780065,1164.0866049051733
76854946,1163.189007165581
65320814,1846.7763374651076
98544588,1488.2944141167122
66236365,1300.4585480943576
33614608,1814.5738980637884
41538321,1336.341423870269
52604597,1417.5344192485406
51929168,1087.2690919715587
34989178,1492.7493694931943
17968995,2414.0304947438035
17104507,1612.633565484548
31799006,1183.2201841959627
80534303,1656.0243166658197
39486975,1564.1976949846598
70473933,1440.687312668613
39315812,1650.9232333040723
32664756,1875.3205165964587
40582877,1533.4725664438986
14853484,1578.7872883312527
72018275,2046.7920689661253
85501233,1789.0004735007192
62857702,1226.5646895639188
37589957,1397.6787828446968
75861106,1220.8052030177487
82048801,1952.3970891283655
41226392,2292.97907647959
43191623,1114.2328161376572
98896014,2904.792266572637
39009427,1172.4899282724175
67635937,2042.7455864733927
93989030,1603.406416217167
58213050,1258.968006393064
39089500,1660.56085918132
48099206,1560.0186094935693
65115683,1603.5980670210613
19072238,1061.0663430857232
50691779,1616.462688112387
74240054,1660.9938585942728
57606331,1494.7170589987932
50124096,1727.6651696387978
50596395,2040.9180075426834
96230340,1497.4162249648984
73626141,1890.8229553492438
12420303,1426.6371358873687
64008469,2019.2474965584777
44066450,1975.0036467729717
27734466,1050.3899498314636
30219489,1270.622806589014
43296487,1501.260437785967
22060633,1981.7986678771895
23197881,1488.3696363593538
65499520,2115.428503259936
42012431,1352.077633373956
42076492,1612.1648531017502
92931745,1615.0289830494737
47924563,2080.495720353088
17036042,1610.711710168332
79903869,1060.6267338088676
27876581,1367.7944923986788
10911722,2021.348262101665
21207465,2517.312877151589
90406241,2330.7334702352778
92048586,1853.6702761728686
72112785,2167.5651965475895
10881048,1631.0736434984851
71511312,1379.8632042808972
42854203,2048.860262799835
23271785,1758.3121811523645
92261360,1496.7873152033742
14679655,985.4417267685243
90532154,1502.7882678370975
32402071,1307.6931520180578
90864060,1452.941622436085
27274358,1174.6007400067012
26334631,1714.0707581250747
39224642,1960.675031903799
19272671,1846.5705910802862
77841869,1261.5037480683702
27204546,2047.121819285707
12405459,1345.7622279483953
23265034,1937.2730348302327
97633242,1481.7401462122898
15746059,1402.0889429783251
91462754,1901.324632575845
71359730,2336.0029356929704
61463575,1146.5709378332074
66429439,1330.9899548656736
63351764,1100.024872723345
96265907,2619.709216223634
87085441,1488.7937251899934
53920662,1562.6174624075488
67679919,1691.6789189758945
96779897,2645.4246313681315
27837717,1697.578886626154
37035368,1789.855040830058
26123523,1565.443124434019
79652243,1604.164652800373
91451403,2235.5307230009835
29758902,1011.2508038177767
47019965,1871.9114487387994
14375753,1597.3118350950085
85119076,2189.712172301089
58032446,1625.888657138092
58129049,1672.161370332209
89574518,1318.1797354867913
61206117,1987.3807173828368
30554474,1182.7287953381472
65452020,1872.020446621012
97089415,1898.0675540985983
75395475,1601.0514626549395
58881030,1721.2659195922517
49402947,2908.333038374354
68947111,1885.2730493444546
48259609,1668.3937787916536
46561397,1582.7796382414188
99687364,1981.0459203818798
91051315,2321.3922522685775
88446486,1947.5966531379577
57583992,1730.236125557639
50054814,2120.68088319858
42048168,1536.377820671687
49480319,1557.3245307589298
72653841,1813.9433386540315
93923592,941.3199290481946
60863343,1606.4958924192074
64544903,1254.2872505341995
13683649,1513.5577627029993
35441685,1602.164510365138
52702103,1183.1691087361414
33316809,1388.5238238576724
99319395,2174.1279882099693
42958811,2393.5559597613274
79034999,1388.8826007887578
76692806,1154.1545196893078
12247918,1763.6004600397837
82872484,1738.8771386073072
74712172,1817.16014711856
40198101,2177.720105472514
21709825,1631.4058282911967
56134477,1528.2954777005298
64741940,2063.3863524965536
20094279,1636.2681557191395
86415472,1322.7564835680073
71923505,2153.2175269230997
86463105,1604.106919221662
27182144,2280.0151602524356
78605487,1339.7561631843216
61339703,2497.2981273374526
19457777,1628.5834259263604
14282521,1614.3346432160452
53055745,1612.090149533007
64045100,1223.0226583100612
67336212,1664.4805612646462
30110453,1820.0999826954974
84766140,1268.4155895717686
37132913,784.685152639062
37337576,1635.6154431631942
81785280,1483.0072373485966
33749639,1500.534803303934
65293655,1658.3718611139604
99472212,1115.0395432711077
78611736,1598.7810436212978
34109955,2362.988789164935
85732620,1573.1237693281055
22271257,1886.6539293753478
17111467,2825.7248512330575
87529909,1393.240770685011
80109140,1997.4070229699673
74139761,1758.5274533621953
46468468,1330.0459773315138
11871024,1865.337107925112
38948416,1322.4402722598002
79710564,1628.8712161254027
76775271,1515.721057550456
39022631,1272.2656517717173
90991831,1883.218008887464
89162323,1763.416781558133
23588134,1500.812588154415
97925196,2979.3853043359163
73394555,1166.405861751873
81939394,1085.563343390918
34503849,1853.3331276807057
97624284,3016.4316232979822
83688015,1672.7504822844196
26753007,1177.1516871786941
87953339,1670.5663260850233
63187534,1386.264571499521
67816850,1066.1625618155088
58193423,1346.0534469288511
63256520,1482.842340870044
14482256,1206.1156150750955
70047018,1316.098532705029
25694473,1344.6014960004304
18876734,1354.801574542513
24815106,1528.2291295787604
32093953,1263.4507012809488
21672606,1928.3062470915615
51265019,1571.5881738970947
46633682,1446.6401316966824
99505720,1895.0407824714441
72684116,1811.472413680484
73603518,2164.6490146533033
42812113,1985.8462179423514
91497924,1990.2841344236676
94645725,1496.8466392216903
83011406,1119.6052441466047
40459671,1288.1211513450728
28128683,1473.5652449696681
89799485,1231.4813141955824
78077056,1380.6197761252683
60018274,1901.3407429285435
63035070,2992.705911293429
50452662,1867.1451827908325
90748238,2325.196222513619
19626211,1373.8134358116363
76831160,1639.9802767147862
64430456,1268.7774430395227
21788725,1668.7698107209974
62692428,1209.9368407972756
44601450,858.0342634141695
84918858,2215.9291222368497
60654538,1869.1947803508979
33549671,2545.3660516269806
96482407,1401.053413082939
38139452,1607.8394488960225
25148521,1575.1608154551295
39090111,999.2508076780932
37364225,1810.8864778333534
79808740,1640.1052399208986
54570288,1871.5654756703677
81519320,1517.5725166513716
61290981,2122.97751149862
82595740,1413.3851144504854
99018938,1565.0287988748942
84429722,2254.2346032598434
70463415,708.7688755337707
13251670,1489.5283519405132
63915791,1842.9798646008978
37156544,1865.6951225321088
19087720,2253.2578913053767
15777066,1568.7230926172385
88419707,900.5906214205386
48515636,1546.2415624872135
88810042,2087.877458293337
55078871,1613.32182550619
82278966,2203.691373389225
33265741,1270.427327156198
64678931,1998.0977430720895
26504939,1325.0156719136287
64056925,1704.232247200116
46046461,1481.168800092394
47352478,1480.2109474390513
91442238,1906.634004542599
89293921,2679.206515862138
12378808,1301.6945426120885
10153799,1956.7310290913088
21954731,1073.307696622506
76938502,1549.4564394488643
51632874,1637.4263619186104
56510091,1905.7273021750811
54773302,1566.0556249000138
29181400,2375.7250906345275
36937513,1392.5929578848309
75732466,2278.3263239679377
53117846,2455.6657294957113
38538746,1834.085714338794
27988038,1859.139197584041
48886162,1660.650126736132
24085686,1291.717770352319
57820012,1458.017953256444
46878225,1143.0381401944855
20632751,1546.168059190707
47775231,2921.850779149695
46789610,1734.9318848606995
72806360,2442.9677552681596
21856002,1140.6133403098345
42319053,979.5914875953123
99630613,1081.2860817617855
61255494,1962.099769709241
76945971,1395.1799175080982
40393163,1882.130117448875
81941837,1997.240119681836
45930551,1309.5441483998081
24573538,1800.9900517456267
52994547,1619.964075380136
28445231,1643.070372291941
45643109,1984.494406602488
75887247,1267.1168340341205
46367713,1405.9082938499996
12575157,1772.1255862898345
85076068,3255.170778149131
84603623,1182.6649521407985
45514815,1353.377074100204
52278951,1424.2766130320829
50360032,1048.185525797712
52896193,1645.153479464464
91847198,2935.3628988366695
25179521,1508.4883590356972
92545328,1976.398693796511
75231573,830.2541836157707
37926120,1816.770500739094
51096687,1756.4206475919514
62646217,1263.6061764227231
62619222,1763.0405588528945
39457866,1425.29274100635
47130686,1597.0512047505742
78763249,1243.6271055193333
69618147,1979.0241994336043
64127746,999.8708583542143
56593004,1776.0127626196554
97403924,1348.4145831383419
73948550,1360.0742314691765
11236514,1757.2077887804828
54389520,1279.1874234728227
76068841,1364.9747908714687
59631248,2605.755181001629
34575405,1431.8352043587704
91359645,1457.749747790596
14542871,1155.9600728297114
37836409,1350.3153608164116
99958710,1210.6507237078804
50329848,1841.2698991947827
55825298,2233.7882966354096
43158591,2286.8092412278393
95022900,1283.5523886894139
11903900,1588.7282351757406
59905554,1244.0001167819823
33394781,2017.7004770330564
85262305,1814.5704799990135
18156267,1843.4905996782802
77719072,1345.5333447516339
72353806,2000.3656967922427
61973490,1796.023880718017
80257850,2229.6908094416676
27763246,2263.199469625585
28152447,1108.5907663026665
40447839,2231.6976719308163
88401173,1512.1467236687322
77151749,1821.8356869718866
76938434,1429.9022511610428
14595997,1127.0482779069987
22245783,2231.4357102425383
45164346,1526.9655762536959
44320199,2073.963912967632
35470526,1544.3086113462728
83276172,1576.6893190628323
65081928,2222.513351587375
34774976,1276.5831984164622
10096416,1483.4128587222524
76574726,2580.420441654589
88509347,1955.1137059525893
11304650,1470.116467680249
26418453,2218.39538506954
69643263,1518.588491136358
30241547,1322.0191058879955
89725513,2637.964105814119
32289745,1926.1528676169014
33888699,1371.010884355177
67508421,1369.6705847936921
86446610,1440.8644286208278
71641515,2553.580886095118
46243423,1671.6579513906288
86921194,1725.931131772842
15222892,1689.2076318274414
29435694,1592.517475438131
35795322,1880.049520530405
39026338,2121.131979799242
27051431,2111.797854748211
91107111,3002.520092727913
76674186,2300.0662492167125
17932616,1372.4455174221544
86326117,1223.8470233049345
64151997,1816.6112797892533
