customer_id,monthly_spend
20451981,1855.9666902919378
23251656,2752.5731858779986
64082260,1440.587553676596
82505923,2006.9417829605488
89981994,1461.2944261303262
64973937,1172.615330387418
27610278,2213.202316898717
35883083,1203.4615557140894
20490020,1657.905551448193
54517670,1311.974580590478
94359232,1710.9397982712928
17326886,2472.2170397467467
86594167,1666.1105704293025
94873255,1504.9881382397864
62944765,2437.5514144880235
95482882,1270.7791130833043
76963069,1395.6607434920677
25112257,1528.0015273696474
69916855,3160.0208034231
71088357,1318.4638564299335
50168897,1242.5881997449765
67403679,1533.2128340305512
55474643,1144.7341497667478
54852556,1451.0005622032359
63667529,1681.0268163685068
48025998,540.9885019103795
93351324,2088.8622418411583
18887996,1585.2602280103326
49568688,1611.7840038866889
92911099,1644.4184168427385
11717924,1401.6457282576043
62085471,1684.2098834840833
78336143,2166.873047664813
13087851,1286.3251638842532
33506258,1157.3403039638474
61356554,2050.4285390369
11967368,1190.5254449932766
98374877,1544.0985630615733
76845536,1923.132739990161
59313599,1273.5111658702674
41041059,1692.9058464438058
22292838,1542.3245470238214
99892065,1523.9405661171977
78345355,1058.0748213174663
85986903,2914.5309971247107
27715035,1644.9569070899238
66099730,1570.887185840165
75346786,1996.7438489887022
22860710,1704.6560759122278
65958654,1449.995160803766
82607442,2334.2326388077418
43471475,1669.8284316327013
36465070,1281.182229665688
21931749,1483.3162216177586
66815930,2721.3344656624304
44485157,984.0395578113773
78728059,1686.6476147301216
89264710,1325.7136997842238
81874643,1726.0974543144473
48603927,2437.8050949461767
20257622,1127.5251864968818
88360790,2222.916144620479
79411556,1624.1029746137567
24819092,1341.4305771460959
74678656,2385.800389147228
22548045,847.0363262807168
95827783,2302.980503841971
60019526,2444.0683520773705
82548254,1551.8364825388037
90453319,1611.0513279112474
15312091,2145.0932089985536
34786964,1282.1778012726327
46684232,1193.3989079228427
84597099,1772.915676349379
98134524,1228.2840652474872
18531043,1634.390868491029
14953383,1585.264061804734
80944054,2148.8515972381506
34873753,1506.4417312952435
95577033,1595.8798541299186
50215436,959.8289408479789
95347203,1617.5363867404303
58614046,2169.9368776385522
40368791,2196.9135972754398
23316775,1809.286616402509
23331513,2551.058447351812
40038060,1445.1066770034688
22096579,1281.289007178979
24978810,1681.668542234746
65890694,2959.261962876349
47906818,2135.3349659362007
38478694,1248.9869281328386
54797755,1098.5854194696349
44533278,1400.7066058938706
58182080,2211.9762429650686
67491014,1742.6959166437553
45798475,1811.1725908165797
41586132,1579.5152058099306
22956540,2768.256557141383
25367334,2002.1199672616497
70503250,1211.2658045161581
58307796,981.0945036155533
59859757,1182.8123940545606
47787665,1311.206384928481
69610612,2282.1838513152306
66658967,1410.7468164246134
37962749,1233.991722999933
87675902,1872.4182709970257
61682179,1421.0208874997888
78073125,1127.782581137698
73229345,1797.924700911007
43171437,1879.2445675407114
69766997,1883.6165473754604
14939250,1321.0026554086073
12328281,1436.5828283343071
76560997,3765.845381413229
57569914,1628.899259365996
20883894,1657.6347032653807
22766188,1599.3367682622008
62905121,1400.6314965496633
36295477,1052.8429773211828
55610529,1214.6587008342472
40366302,1118.2504216822144
18624954,2086.4341957646334
72668820,2727.3710944630934
23817472,1636.996332157036
99830054,1686.4138244780984
63410560,1195.3790574561644
11811963,1499.754609661774
68778133,1822.831935128827
61211015,1032.86414499216
85223112,1715.5522016315986
17785980,1834.1404825076195
51523712,1381.6406913553694
88242319,1495.6441687060744
66674532,2263.6788499986483
76442132,1761.8821031516802
84193848,1282.572354706219
80878809,1235.4978595872403
92088473,1116.686495587899
18574912,808.2890400130493
82956926,2634.240443407667
57265640,1686.719929590843
27961225,996.757516907926
65404075,1445.3818955792706
98698597,991.0334998741964
63221757,2647.492511836211
45396691,2269.936698704534
95724535,1127.1896267747877
98157590,2207.0329390262496
60909030,1584.0458514346208
20932142,1531.4315280380697
85604729,1297.7057914894078
25410553,1222.7872807837834
76477501,1721.7135524737864
29459273,1922.0756336938266
71879657,955.9426997394326
67115179,2107.048196453771
82348794,2229.155098857393
32880748,1371.743582854499
36203607,1455.2998670612042
20891850,1192.4779857399317
94570583,1263.309346874454
47560755,1484.922394559204
39752876,3214.9314403538992
68980243,1680.1562910742928
71143374,1194.5301630480042
89917748,1884.0516428635917
30461949,1376.9538409282395
67458886,1075.8499777147372
44166816,1144.657377577371
48218923,1917.7041072904344
83104523,1318.7348240483525
23739634,1819.8482574162504
45544123,1720.9962825153925
72316980,1902.6790728443561
24805396,1185.5981962008216
85045576,1857.4279038597388
21314164,1762.9788550046933
52842656,1076.1634984079565
12382139,1809.9126373634092
88152347,1388.6924569409507
49270171,1922.8625216515802
20221404,1274.794656537081
25851974,1410.327288494894
95701680,2276.4096417425953
83739665,870.8827435846554
61996348,1573.1628190853503
12797236,1891.049546218556
25554853,1235.9046060577527
72618187,2337.649691104133
77583489,1545.2257759203687
79450582,525.331648794027
84595636,1617.9949465989591
89981949,1328.6287158107855
69424476,1597.4878823056922
55064308,2280.0738192571416
82956266,1638.4850084808595
60185159,2356.368036175475
80612747,1954.6814834111592
41303090,1489.8384210960876
13517787,2010.6378343429799
34078093,1615.303293951597
69030112,1628.4758906303614
61791328,1778.873505972685
51789245,1138.598928345968
88068699,2568.654710471531
33399367,1304.7681199005401
79597553,859.4988235719172
70695101,1610.889991397139
98169962,962.7209859674551
89251190,1756.745113051295
53044281,2006.0622782642022
73528670,2897.984104964977
14751149,1743.330601936261
61490053,1541.057750378656
51385275,1467.4878964093066
41764194,2438.126597189237
96598282,2170.7586800158388
96823449,1328.1284127458828
30931247,2023.5326880445791
60872668,1320.6364717962217
97835669,3267.480117667326
36785828,3018.052762057602
25812131,1442.4981178267992
38410800,1973.5442109490575
33023072,2091.4007669149923
48250594,1782.0926470076515
94891015,1240.2801081656835
65307671,1156.4956402616747
99621779,2049.9518498124157
83959755,1163.1977320155452
64535310,1370.075894529662
30594968,1653.2187144722668
10263960,1422.6070834841119
60876075,1723.4047980557225
12217583,1801.7490102609518
29989580,1148.165879383721
31184452,2006.8082293900375
16182148,1632.6242853431634
74700470,1786.5426641401557
53084609,1136.2922670731534
36052930,1379.3058169256713
86583512,891.5870405645067
10930793,1917.2623378297772
74179918,1056.3856701386783
89853445,1103.9610170207923
75258370,1247.0867619254586
93197004,1745.5750902712066
16551408,2224.208322925477
36115326,1944.2844295863092
47243451,1560.6911505251874
90773939,2749.1590500292955
30735291,2370.1344169318695
66891211,965.6725208749485
77142249,1222.953820891444
24530798,953.9288428497146
78204046,1335.0741196575707
60230110,2171.7286293115453
13017302,2006.9641759134474
21044447,1483.5664286778028
28976655,1696.6476800689506
52214813,1749.9726317691636
61575366,2101.5378655077957
23125986,1035.9108498699843
11614855,1344.4759242449045
68090330,1774.8210074633216
31241329,1961.043765971678
21561157,1379.4707571848314
61917300,1789.5288999946642
82147824,2755.919606456885
91513421,1326.565934556416
30753790,1535.1405161223056
33700064,1400.010886229504
86773406,1255.046470978539
41719197,1445.8707084421396
67399596,1198.9009085250548
37696535,1211.7956015520774
15791208,1430.4882784386286
24348676,1186.442257974493
24480974,1800.349678910239
49440078,1444.7506836889231
48242779,857.466122487748
13405947,2417.695691808361
34531671,2159.337254546252
63652222,1586.7209267982473
97745210,1586.9289051742826
48557187,1300.5090327201326
79801016,1278.5577039817592
93409518,2010.9846401887828
48891463,1049.201614381348
41134793,2367.5664780320276
76776302,1768.644355529692
89505130,1411.2780208860147
46129267,1402.5974184609577
57862630,1074.4805560502914
32227094,1083.3518448610007
72887559,1762.6331203264544
97826236,1196.4307902707235
40250768,1782.6148774238586
56765848,1135.0483452727235
11244823,2605.07467462563
40189321,1628.158800017434
68120430,873.1546235417236
64917610,2197.819128916522
79290200,1147.180570752472
13110537,1568.5121350447541
56816135,1133.980497776778
27525357,2814.32050212437
71914367,1666.0920314146706
23989491,1117.6988700786703
86436168,1986.6899550353987
63499286,1568.986726061949
18619374,1912.0335877264424
52222614,1324.7868436752533
75467866,1536.6787323849396
28926111,2222.8664698340162
98661834,3115.3053125056676
73087852,1387.4468123462552
48887326,2047.4824801070054
87383314,1794.14054764563
88682579,1805.488163751799
12617324,2429.344493260114
49224165,1369.0410446398091
69951588,1850.2943082598163
11713703,2145.356965820329
59435002,1905.4956023358436
61153563,1504.8522919443137
57206499,2782.12486464413
89140242,1576.5515188286513
95100771,2353.882164540043
32638417,1061.556449711792
61625712,1178.5586750478135
61250133,1869.3425999554065
17952873,1442.0852481207553
14513813,1365.4709309884042
57500282,1353.3213747954896
51340284,1441.4978405216225
35897956,1445.2100250702545
21856280,1709.4660764477665
36786275,1417.7197788359078
99178725,1392.0684017708397
48955886,1811.3165150082634
51811678,1437.2081454474376
81930210,1687.1978676382128
49161318,1705.935338208253
24723720,1956.8850444042782
14950936,2547.4242298353856
54638593,947.7581511708377
98115682,1590.1028782440992
10533857,2303.7711536557827
87478097,1493.5041169059482
60429975,2240.611642741559
38969729,1679.787514174959
64656132,1534.2003913215108
86963086,1539.9891500039375
17268859,1410.7862403246936
72142121,1783.8331100974049
91574809,1558.8503211477348
54272037,1809.2819876198369
16058661,2059.3395564886923
74133244,1062.6564117290566
14281752,1547.7165122462495
46666867,1051.2507518510154
75686584,1552.0152794286892
25546684,1318.211884365591
80619174,1592.240607801492
61749604,1479.6594795942033
38248391,1051.9450872309951
16877088,1144.907820636067
99140321,2200.9709544844695
15975231,2751.738917026024
40531945,1525.4477235494405
71708672,955.7756869714428
85030779,1832.992502084735
61117487,1256.6596088166261
42638536,1826.8614321417933
82326061,1245.1601241429198
17028661,1134.065842557872
26048783,2201.217453851274
34262255,2277.6814958206355
14326462,2029.2824303881487
93816989,1477.6087456692726
23690395,1568.5272757937316
94999262,1453.2816442054293
81971277,1438.8338434006305
90562416,1446.5434657657881
95799765,2493.7065677982832
89244724,1908.6914410480174
83879641,2966.90847680984
96424387,1722.651515748029
51051501,1254.1173567742976
29249441,1685.6319392577284
62893412,1274.9056871409339
61417835,2281.953234517754
62755928,1579.4830394507403
66501572,2401.5515374107667
76084740,2626.2034290199967
27624326,2034.692758669059
86757966,1585.6499975948077
92455037,1067.665613938738
67852942,1924.1119236983236
30696098,968.3786162690803
44792329,1019.6542508810542
10390388,1504.9115662877032
17826936,1873.0727021281507
71880941,1474.6001454360219
98184673,2402.554907729767
60002125,1352.519852289025
34664804,1267.43872685541
37594595,1028.528602163024
42980815,1847.0940342864035
25819880,1606.976198591266
16484408,2055.569270194532
91766904,1336.6012827972488
82866803,1567.5508703373546
82424284,1563.1356354597826
72903422,1618.0497179483145
11480750,1798.8122907902798
96983867,1796.5884950666846
41426492,1347.4090381443114
24002286,2285.146108888571
18056145,2156.0753013287967
72362977,1071.410735944606
15977163,1802.6766383001684
51036186,1356.2216830615414
34918337,1924.406599511706
20599813,2147.3213954660464
19900890,1746.3151683383596
27971378,2297.4689537467825
50965403,1721.7583869483142
49026734,1066.999510104392
14192253,2547.2751646566144
76817070,2458.5324659739576
41164681,1364.4584303078125
94312885,1679.146917260474
38527851,1108.0178164405315
88279496,1904.0838155449057
15498361,1570.4819263770676
17691622,2713.708531238412
43719564,1300.1878334026496
27861137,1163.0483913341855
20308452,1419.580692136571
97996598,2107.891993397615
93656677,1036.0645765168872
20464937,2233.9161012539
25195757,1520.8807122589456
95231592,1978.2896493121298
96604510,1175.7967505135132
12888073,1261.8242820438425
99408984,2088.906375646636
65238591,1430.3643877328525
24114707,1413.6229452831421
70796256,1152.2330753630342
64703869,3336.1209166691597
35203752,1494.266846558063
47453323,971.9742331192012
12385313,1336.1821761840913
54441418,1325.7557766177404
83549825,1125.115995613009
20370209,2296.94505178079
68357218,821.9545185242648
62743829,1637.7312551195646
20331898,2229.519804726598
43934228,1593.182285923069
47620709,2495.508637089457
75355275,1406.8356311981627
63446649,1735.6364985837672
89051919,802.8966087609573
92954904,1672.7621309229542
64731800,1491.069355109524
27945685,2007.8670248924118
98412215,1234.2462170326655
19535502,2085.4804051378505
66516822,1623.9710259628166
45373292,1164.6868013834317
34711249,1364.8019229688518
48370651,1730.8705884595302
71354510,1522.0355417885212
56728847,997.7733468278172
40004525,2348.185740730824
94648945,1518.36133524512
62756732,1316.8706299669025
80428237,1638.6545461513895
64878556,1735.0535862264865
30597278,1484.274664161436
40357660,1790.4338319206581
98010210,1480.051075895127
43275959,2047.2105135037468
67938712,1631.8557512716427
50506973,2229.20543655734
27421159,1330.6321102118104
51123211,2492.578005758582
51887530,1188.6939844700169
68372581,2074.0609131900314
31184062,1764.3943803181692
55543655,1970.6020976022469
71805162,1903.9575800082239
98612541,1552.1458105559589
67235486,1275.7129841894248
35490134,1767.8202070476991
74647441,1363.2303967968492
73962817,1484.4450138728057
95192638,1169.1353361829435
96803902,1445.9695070306955
97635826,1169.4541143074862
34428942,1760.5658492130488
86699979,1805.12752562355
79766437,2054.0466975047775
55732878,1593.4103365203684
20035702,2847.3174576636707
54997853,1878.7720185520106
91776457,1450.0150137225858
13967606,1488.5624383125564
88365927,3222.6620726200917
92907413,1059.5507615973752
89771364,1705.1964168023496
75648081,1375.3900542401132
97365061,1169.0659880908215
29587137,2190.072700176741
22019813,1450.0675391429343
29469529,1698.8839466872707
66670735,2181.0648380968823
84380411,1963.6644999872065
17040729,1832.9230709701972
25307807,1777.6366206117684
33962361,1222.6438211760476
67969299,2183.8577900774917
38562471,2465.571717785872
33114742,1863.9920655981653
54307298,1150.8065125707221
20058700,3738.2036692268557
33779532,2248.8954452564617
88110162,1162.020256703216
36112292,1370.2192941634644
38475061,1726.4689502532133
92644264,1883.1193315880487
92355731,2084.9415508323914
75478249,1731.9298632895038
23875741,965.975186259275
88793850,2296.2472483206884
14142195,2461.110794939856
67422773,1985.2589825555729
36705498,2393.430785823926
62072834,1767.715150807663
33337577,2150.2189478617306
14298054,1924.2865551660238
96998725,1183.0110450261639
70579244,1627.407199095516
26844678,1949.8334369038148
97441250,1324.061589894267
49239286,1691.880545451533
19469855,1145.5772428809842
82552850,950.8251306944442
60170958,2654.6793148700467
28237826,1896.217469137251
84208342,1756.3547782022188
28295140,1927.86159200259
38477827,1467.0377068545195
54941872,1301.1125969827292
15450767,1662.212857555588
93656934,2121.8123189034704
54273142,1418.549400837956
63648675,1198.3428866905751
31875954,2088.0269154664284
60881802,1939.8159705657868
17233443,1565.1559128247459
28953932,1413.3570213844769
64958348,1480.3634675459061
27038940,1434.3054525103555
25667330,1340.8392256048512
89200812,1453.923804399544
63109620,1147.9589870925515
34692595,2120.4085868709235
45554823,1330.7848703980715
50487516,2144.4853601997065
37970303,1898.7239599749842
20944145,1682.4320399169246
54232510,2343.038237905814
58289637,1522.1517447333065
70295882,999.4103968001177
11855847,1344.9442129460153
26640485,1511.1693047473927
92806514,1803.8015315420084
43703605,2063.6833005865624
75507937,1475.8638495769555
21361381,1517.11648024746
73615273,2415.147429804648
92437179,1590.6379278838817
57813173,1306.3680057446209
99373127,978.8180790113461
95805212,2403.1164349261317
61946147,1563.5793564957155
24903202,1372.9616253734466
88268253,1358.3404387690284
45270713,1318.381460707509
67013519,1946.7081700450453
64480094,1259.2040083896857
18481385,2296.700084511337
69314375,1344.9560936426487
58464172,2005.1448063387447
57844179,1568.537122454613
65371057,1431.993485810881
22749627,1316.3194707392136
64747851,2088.7390103978737
35545690,1903.8377179906906
91575937,1539.7736243235415
11663787,1592.1232645486982
59570536,3087.113339017328
53724418,1669.7352829368333
78572661,1415.7261139905454
38544041,1796.031989543461
27091356,2032.188831212559
20013110,1107.370361203609
11862841,866.268765677353
54926458,1556.9609761429695
72702715,2778.4527504494727
65477001,1278.9882087420856
99407693,1342.3632118679627
15192014,1742.4002375111259
87232785,1677.6438117408209
76412402,1525.1941275703841
49393943,2150.4938375554093
53853124,1198.6066269598698
17486636,2248.5936675281387
64895733,2639.0645995615464
64938150,1493.225022109854
62321885,1999.1776232505897
14616504,1519.467366672501
53996148,1985.6609950928914
17209399,1953.5797786972225
25102335,2091.8939073794622
54515012,2550.262252548895
80596244,1372.312141796087
54217244,1318.4342460496907
29133774,1378.2722532221921
60727794,1805.3841104583657
55160698,2339.508136486783
18231141,1867.8692646301529
91091163,2132.4974866301086
52747750,1725.702058741784
97932301,1821.741705349358
77391969,1499.5233815046433
64274314,2172.7973290584046
82861922,1326.7770608281937
95155142,1446.0195653323708
57522876,1106.2594126727781
46054634,1354.9065161127796
32006732,1749.0569354036165
62808198,1114.9485575762237
60875435,1663.5113316148897
15688688,2054.7709670455756
13559129,2165.543810250223
25489744,2877.8481188248456
55669591,1150.174905138232
10763911,1308.627780894161
15579269,1098.7031894185884
18433265,1784.3453317650474
72131946,1052.6432907000783
50106249,3154.056546846247
21363716,1164.0060564562968
80090384,2048.374591767244
37971475,1266.812905617388
31314120,1698.2268474751356
73683678,2027.4863156311762
29703095,1626.522634590767
87144591,2319.3012026115925
44689207,1325.5609434314451
42450190,3135.4722343626295
92653218,1603.511804400444
67727493,1794.707978514089
55742747,1828.3564557743034
96941026,1293.4334617560237
89824134,1328.2704695192635
19822449,1252.46433557992
18676315,1221.3363164806865
17316044,1125.4859926703539
81559769,1205.5932205912254
98912158,1190.6897203391973
67772871,1864.4678917321146
65921862,1752.2688418562661
12636566,1234.6065575643197
88608909,2180.119752294576
43902318,886.0502405237578
59512038,2151.3544468972314
77976362,1406.3948633519794
57092914,1849.5629746167576
47412567,1573.314733756526
17145991,2606.264404172311
56270450,2803.833339642623
47467383,1611.6996923858069
10449714,1818.5164346849413
43156511,1822.9548747682545
71377851,1764.5080650311002
54093810,1753.9413746317368
78096026,1425.6013971879645
57320154,1001.9044653157955
45383520,1069.5883961427228
38351707,1600.978160787583
70796190,2712.9206163782537
29977177,1717.0901387288652
97584339,1489.4803271129333
47886559,1137.8376531733657
45622137,1502.6287480233757
21500277,1213.2202969174102
47647928,2224.8705861341177
54496344,1550.4681830997088
44268785,1840.6135401519518
75946241,1366.9126969856134
30459191,1249.9542510097751
15840319,2163.170413324199
72588739,1712.294666733834
73017157,950.8233857060354
25420365,1594.5869335441494
55377863,1713.790591108282
51370964,1522.290342023861
48905468,1569.4045687880616
83191846,1728.2533222556247
59334183,1605.9388176967966
94009638,2072.4985915470475
41721760,2251.7339369249216
35401283,2334.373337664096
69685525,1296.661354321025
84271975,1446.27718958362
95753616,1149.1774100916791
32526219,1069.8604536224152
64532934,1208.0672039761016
76031822,1685.0079072232763
52468855,2128.959924126302
21028902,2466.0555363472668
34108713,1505.498166058382
84943048,1148.7573724440463
84439701,1834.2319862709774
16539498,4302.730423852942
24537949,1538.0447181204775
19537971,2221.557686563994
72069403,1321.3224502661387
84333546,2219.3868255214356
11868598,1913.3959236579149
72165230,2054.2404774039733
86606477,2857.733322279595
85432562,1870.1480427541671
53853013,1886.5597915616663
87319378,1610.091189674515
32466967,1263.1069763437117
80519195,826.1148294312768
12289146,1358.191289109893
17893529,1581.8759156428177
76217556,1581.7828324703014
27323024,1653.359168004964
86557861,1646.9894487228717
37601873,1863.6837187115182
43146250,1189.2716570781513
51498335,1750.701378096838
46939189,2222.043248444607
36620181,2720.1258767264976
59890806,1659.974112074347
19160668,1241.0359598904706
94555827,1493.5601598123264
73451577,1659.7786725463282
83828090,1406.9439867093124
92021594,1014.0640534011268
15822386,1552.7086646131802
57405310,1215.8695164408243
22671359,1056.1129926609972
68101436,1204.8463390956713
66910009,1500.5809988447627
55778706,1836.1000527554509
75120697,1617.559580011192
12885545,1497.3311597918794
28604372,2128.990026120095
97297156,1370.606778415182
18964928,1468.1385917935877
61244754,1621.0449686775967
45178470,1502.0111260118
65250669,1406.618672466454
75566313,1614.3231565050285
25053248,1744.8961682046804
71082761,2751.9886692500095
25210276,1539.2857848779697
39718089,2011.786328720566
51364178,1928.3520452585049
31211994,1590.9611518336283
71509945,2142.8160487152177
98330029,1255.3863143623894
22456435,1404.8184344489625
56912862,2225.3462975894395
41548833,791.9909501756345
34760776,1522.7285220415038
54015943,2537.4577685609006
75943554,2356.7084459610714
61847706,1340.9525642818487
79766441,1477.134913706552
29099073,712.1424373855109
92971983,2288.3860964619685
77042656,1319.4626759919022
41355522,1263.2384215604661
37905258,1426.5624560928054
62845536,1151.5650552747159
70252689,2555.039975498507
69012389,1011.5571512321608
55230723,1269.681046781192
36148733,1455.5784114551086
11166306,1685.9948346840763
86661349,2199.2648541955955
39933083,1508.8193286488686
91301497,1452.7026965411785
84697954,1244.8604784147558
16890490,1327.3510086088886
46638869,1210.6494506117024
44149767,1630.6041138322873
18897403,1632.262243416223
77411533,1170.0880347623195
62885631,1909.1897432270753
34219564,1686.1581073882332
69042251,1297.5231642454153
24137005,1113.9168539363138
66305720,956.382784977704
17619455,2007.578619037219
63065642,1539.178713871218
43970026,2012.1751568846953
78870428,1835.3996884816506
72114631,916.6499723065822
84664219,1697.2501006032385
25739422,1398.8052162251856
54038039,2055.831395348455
55081531,1544.7596958497027
45672847,1639.4682404354394
29734641,1422.3168677144931
63805244,1147.5852211372385
82782411,1831.9730742903587
64705797,1407.8838132222754
59326862,1395.2151227482798
48549098,2784.2361302165536
39570097,1253.3723795271048
98000370,1323.2226100632374
63674921,1864.8479190152132
16674336,1780.6730387003781
77063987,1512.1764050908696
67143015,2560.592696510874
10570033,1519.3848146777343
47185088,1220.546454721336
63757190,1491.1550625684106
43453041,1493.626446508841
17890447,2032.4458140864115
34735493,1067.5122468610489
40580820,1232.132867017662
84776860,1892.3808447588344
34883247,2281.6949264263285
75437035,1667.8779937692905
63198281,1408.1992383013446
33289878,1952.395896134086
42222441,1645.40495926833
53518898,1377.8046133004605
77756377,2019.108463830627
66266331,1575.384114190493
75207542,2108.570287425776
65741993,1212.6563399890929
30452290,1050.9858221746333
30341625,1486.3935384677086
10196118,1377.283524913611
39997400,1484.000583801339
42764498,2771.9794270209322
93568775,1123.4101026480491
60138513,1283.0079002555585
95863174,1776.2952934582327
92194956,1596.1284698437148
34979379,1634.9528552734437
71517927,3154.4592629351255
80092401,930.7135234328548
29853468,1041.784928329958
95595164,2515.1878731141805
47277321,2453.025411297488
95111852,1066.2420269210984
49309773,1582.957828552046
52060622,1259.7063672462054
18920892,1232.5516981811895
95549548,1746.4089879235244
28343921,1713.762991818686
24575136,1339.7813985605342
51405326,1404.0370897895427
88024456,1703.5520738639452
61475538,1966.0701980521758
86032798,1940.299110094811
99829874,2026.9694536835893
96251785,1363.9853169996904
11235918,2204.3705580525652
41084979,1722.0652447470216
31949326,1340.5570624588452
88425482,1139.1823043235813
41724063,1261.6061067923176
24244868,1768.7963834798734
96443454,1659.2265693832394
83159015,1600.8977745645072
24632345,1561.2077884085081
44153806,1503.8519984558584
93580629,1060.9970304086391
53277959,1451.1303323775965
99759183,2558.5363354811843
55252816,2518.4216955657184
41285175,1367.9307705611975
73261084,3144.784964493208
99347555,2025.7278750386577
70567494,1172.2940390722001
76764787,1217.151220158272
14328685,1860.1053530248212
66866287,1276.8374895647987
49679159,2100.6790830991886
58671247,1730.9408987429765
20236719,1197.114620520248
34585357,1385.6846281633702
45051453,1349.668668595279
51786574,1521.8108098316525
79731887,1278.5531780350027
54354970,1487.7639016612493
77833826,1375.54145725247
80242735,1266.8617192150905
79336488,3041.7727280410422
51121070,5310.94112932483
15930057,2015.2067825166173
84864986,1811.3603227941173
97820091,1889.0957476621459
76206876,1537.6065470132617
34508398,1212.580784469763
15581330,1729.0165566743558
24272114,4368.369219807154
45684128,1353.333921848176
53910689,1625.5042984046395
89611963,1953.6920949290557
19439294,1420.7062051921666
44476677,1321.6903780282157
72816714,1589.667756687139
74817899,1943.7930690163957
24462605,1502.7481584984994
62629343,1100.0424592792472
60387272,1396.2779138111755
60976677,1947.5579606841115
25938630,1920.0002664904182
89171283,1575.5627019619242
23407854,1170.557053450085
84390020,1227.1125438844451
10131944,1664.4689771208966
61185673,1225.7047598667514
76507951,2309.3705040926957
92456997,1423.1724343542157
27091498,1490.0306632486936
22015405,1576.4343986621845
64048811,1201.17120125102
59963315,1950.950881394524
99392827,2003.636966272733
52435285,1182.5245616521106
68018936,1295.324949177037
92985874,827.2180808513745
19827012,1250.9013180745742
32076309,1185.4700926585392
74459345,2361.8183938235884
59329650,1884.4335836880086
70105673,1532.1686223736717
47359337,1663.4036168177452
27991858,1439.144179377095
36755663,1693.6603024897088
94560591,2008.6784924311328
47944050,1454.732051391474
49561372,1932.4197130674816
96160989,1175.9359507588247
67474261,1592.9434866354545
71965824,1867.382691372382
13777105,1970.8436919276683
64739771,1448.6591234716388
57691432,1584.888871820017
21801740,2202.4104615294386
74352185,2091.8737928187884
91521650,2203.62757537059
64797772,1795.446484123401
48820263,603.6086423378456
14791909,2178.2681356008925
82868024,2320.441053410573
97971853,1579.5354225386982
75654232,3198.1093412561413
30725718,3787.331360047273
83442812,1866.560785594911
62376431,1962.1205201465468
45295601,866.4725878965405
44038407,1612.1540798364304
74138589,1652.8753200822048
78812422,815.6585182517717
57253455,2489.645318995907
10109432,1385.0360101273375
70492234,2056.1276643121037
16499768,1412.5984678057575
29721809,1699.1566549980303
99970795,2016.3096746287583
38494075,1771.100749161462
13300921,1041.9292935988153
18255583,2665.0283385119183
76957329,1583.461143463244
83103502,2300.0406727405166
24570014,1376.3291049083068
19318542,1918.6219550179303
70614169,1368.9302354448664
68374888,1234.8290133810312
10546051,1372.038319537708
82817153,1074.8747936318784
26190736,1426.4711933899837
26227414,1293.9589635566397
55825692,2195.234496632567
65550483,2097.4130265072336
14872097,2303.4055274525867
32405281,2256.7709760514467
37055817,1406.5221684523815
42617798,1533.1018883057452
30684771,1521.9670050793013
21842298,1799.4491385097233
44215525,1577.090726142865
54734331,1402.3264959822009
77244965,1407.235826326122
31618537,1820.4353564774335
10912371,2037.48138060032
25284273,1335.2830244489862
63793006,1562.0963697812963
40346903,1168.810210936288
14281423,1256.605862498432
10329833,1450.5645584977976
58147868,1596.660021486157
62215262,1242.469482542759
11535494,1522.281457093039
55289261,1857.1459270115574
93054393,3229.207200579339
15613905,1304.684530074648
52346993,2661.993043747758
31426410,2083.626532100826
11924915,1312.2875118557124
83461539,1980.348896761629
68351051,2327.7839087359707
23144760,1310.7438797499628
97049626,1706.7610739307722
94895031,1216.5934371145415
14702382,1501.831865690279
22232789,1518.794616619111
14653500,1058.5683521817805
45931554,1088.2270180012295
39099976,1522.6383352141224
65803003,1519.1636738188993
56391701,2410.1687308580663
92222330,2422.215423661846
93455198,1363.2576827200207
52410336,1088.0436030014607
82423675,1381.3751496838208
25925356,2741.655473978187
88622240,1143.8929504496823
37830382,2726.3026883398456
97198420,2027.3934478783585
21477504,1342.0400191576018
84142976,1792.4487863059921
96401209,1572.862798167629
18047299,1709.5543461062982
25908320,1675.4419908537043
69709013,1436.9519055516214
63707451,1486.5186288619018
68674616,1678.9679274438588
41246291,1702.543178313265
93099265,1685.0333388235376
44969882,1465.1141955878065
94840571,1776.6291142247337
24428966,1575.6520500361073
73406276,1828.2699889824858
74093567,901.1357779535904
55445678,1396.5811376069455
56770356,1739.5775439942283
20116401,2121.4653919522734
23989432,1128.1624831903791
77573883,1764.9993176357689
30955534,2118.7952321463486
46007298,1278.7994179814605
60038151,1402.494977415417
16169663,1649.8835605990816
40454664,2051.1921520067554
62049127,2216.4388341424437
19821119,1426.497089834186
56611586,1538.7572446588326
55267084,1254.1935435579958
55813034,1820.050361345585
23867957,969.5025400729687
90096160,1323.030017605499
32751852,1465.7784252711745
21394047,1080.1505693975894
80032862,1389.7475390149614
22418983,1476.7726967546503
52802197,1105.264497427744
48673505,1172.447055426466
14195685,1125.140462817597
22205138,1613.029987597784
96628154,1492.2475193937275
44734813,1348.1201983648234
55802873,1656.5447633174247
41368275,1581.9363417662726
67686446,1101.9445484951257
97989934,2256.398602456239
65686117,1103.8422941944498
45591525,1806.3574587328603
14884094,1525.865897074333
60291749,1363.4701329071195
46418453,1486.8185998627298
30133967,1916.2878257672635
30307611,1593.6634506620755
76539721,1664.674294734208
93325285,1163.8598957711183
69825909,2087.069565740865
10220197,801.1549296809188
34178403,2684.2398829015247
67327944,1438.562013171132
58361366,885.8367181226154
35080838,1244.4551472561661
24415695,1549.2382879846728
30354080,1626.2779295999803
24117628,1792.4929997460088
62628994,1261.884370234401
51012198,1343.055240843452
68125143,1612.4470051960725
94485707,1640.6919410962676
40172711,1594.3360246159007
17647583,1847.0135504981588
94790367,2140.6077399178553
18254706,1491.5728253413706
65733568,1560.6716173220623
58357649,1431.323125529795
42289495,1731.0209422950697
15020288,1867.3179659145137
31419590,1458.0138259591224
37233713,1251.8776237986838
26330225,1562.4354161708977
73976501,1676.0051915949807
90642644,1048.9828170055448
63791881,2527.5338238139993
40102213,1637.6829085300915
60203926,1424.1332531442388
36257216,1173.0552198270473
24119768,1801.62399759915
30403208,1744.071866097038
39737862,3575.4196595685735
41150683,2251.9802565902714
99351268,1907.8195595654026
62692262,1925.7001310339167
72711178,1557.3829187623512
10083097,1555.789442883829
65370298,1649.5454289596908
84388395,1258.896343191523
52114454,3090.073205156021
74646950,1581.2552281079168
72720701,1370.777945159606
45732529,1503.3044360653305
10509116,1902.5842469516597
36154567,1998.3479606873946
46124383,1811.8119808930194
27866730,2106.5527040702214
62320931,2111.8201374123037
78979954,1450.5478506578297
52531638,2259.9718895364795
70662494,2306.0892080231242
88174413,2386.224206680382
21513664,1080.9421893997107
26546743,1886.8427428250004
89094189,1946.2558070696089
34006202,1159.8333576720825
44458405,1334.0209177481975
46102741,1947.4892923406965
80947937,2340.4533166315105
73456376,1173.728214288676
27640503,1242.4335264310273
66469621,1773.5260170375675
35504694,1587.0666735467141
24815317,1137.7650295105182
58171289,1693.0598553295458
18612790,1959.6019707735106
63428669,1716.8487300372567
57949817,2399.0197872756935
72876573,1420.422279787193
96193736,2723.5867490214787
57932688,1893.8187919864163
61617398,1795.471456579937
57513357,2060.623791495958
46336493,1397.3065448397092
56173102,1527.192531855841
22210971,1403.5090570084944
27397907,1310.0408512479103
94750459,2173.5649268976213
23197778,1468.01772383858
62692781,2546.7073946673977
94164438,1796.2996524532505
19395402,1611.0445910287492
94219712,1755.0486435514595
33491568,1239.2421115309714
67632603,1422.5944271818785
19852962,1905.431333639067
73405784,1894.337270495108
88192699,1467.9774318231769
29867417,823.9548523111919
84909546,1512.4146825848031
52598919,3074.791793051416
86077350,1204.974666151156
43929538,1719.23093513799
89992133,1540.3210194801823
33643157,1344.489100988284
40190924,1488.7152773696569
97098808,1881.0671106589025
87635513,1633.921341495056
16478169,2063.900799583141
79498204,2050.4919608309356
62568791,2453.980626645482
36457296,1490.4289711776605
29599077,1480.124163068167
22644116,1949.1091285065231
69419691,1448.9331331279545
21970018,1764.4743108736898
31666748,1393.5656658437356
84691804,1811.397933574607
19277545,1625.6331200741308
78443496,1220.1809147715908
92759112,1408.0166241057625
49629913,1654.7650018146476
14874574,1195.8538674444335
61108399,1477.42463848751
53618559,1605.6261399488128
46977752,1491.5969501537418
87695599,2229.0574155955774
68430793,2210.9186709836927
11606038,1593.0718269614465
52469720,1032.7693436765596
91726930,1567.222960086793
14558288,1577.6061285506435
98640275,1483.441913832687
82918511,1243.338252896371
32992592,978.840143686803
36930879,1600.5822166273529
73360172,1434.2070699825745
22281491,2806.9958093923274
33813436,1519.7821635565601
49300946,1841.5441791309756
56371129,1783.7668108794005
83899433,1721.2411855811783
25827679,1791.8225038621144
16631062,1520.8070667147279
86793673,1895.4767295731358
99689707,3096.735441117741
69776211,1427.5021634131456
55892015,1119.0577428034806
19716865,1889.1291435533346
46860460,2444.0520989953766
66143638,1438.0362154208199
46241046,2032.312797283536
47497471,1692.0771103491563
38256243,2387.8971984764116
90078699,2199.439291650852
66607961,1735.4968086073122
15632043,2263.283645294148
81498334,1701.2343609813997
82443801,1417.7613473012318
88411591,1259.2774867308453
18221799,1319.7508971850655
30242976,1543.824427223108
66494245,2021.2629459752425
49287510,1143.8407968153883
83370642,1102.7397753883452
92348451,1167.3678220634
55790147,1748.3143268374947
49423398,1816.6211179231782
39715763,1549.4609133270606
46440335,2070.302373846998
78128236,1204.859891706221
63409672,2153.4856107970522
98873842,1210.1257335777068
34782044,1908.6514219065516
70391546,2090.2930146834856
76956234,1546.491558782123
41544516,1231.6088277603021
42550648,1175.2887706972924
98465226,891.4462793479345
30886863,1370.2102842053225
84535276,3284.628044446208
54301788,1333.2516868282946
78637034,2863.63720464169
61387156,2438.6480332351457
71715096,1040.182957177578
47859897,1234.356456798605
59800013,1975.5588107330786
95293248,1463.4013442831595
11553772,2014.2877291690497
91107127,1480.136748163748
66825939,911.5306350360697
33598864,2194.538633398515
18818037,1848.3641501670959
86800656,1869.3637415498117
45209421,1301.7853609217002
99712718,1272.9912665356494
80320840,2108.4491008006294
24591401,1340.8043782655034
90294177,1708.710609939417
14404076,1322.1743329312937
60829113,1758.447426670465
22529505,1758.8389809598464
59566170,1691.576849829756
40149323,1360.154111932496
40382936,1444.305027797795
99300537,2249.428824935705
44631793,1111.8019969393645
49450050,1637.0604816173736
62395628,1494.4607994324967
30879014,1220.3995041504215
85524688,1485.1536698201078
87381496,2236.9924286186933
66258576,2394.2597737999613
71415255,1764.7449494439945
45179604,1766.0629647265048
82676573,1947.4263923510548
14654038,2053.9204084312473
57261303,1945.6219139893342
69037727,1786.5645208146243
78583522,1098.9506237947062
49703078,1210.4263125187153
78525136,1282.2241514157067
86407509,1775.6114305744547
33024193,1493.9257196712845
38535158,1649.6224689086496
84179400,2040.8045201514228
24680896,1274.120211046653
42024082,1667.9266875777307
31137878,1219.230733485087
92689780,1464.500730733397
93487228,1407.6657986883722
27421195,2877.02687950436
27611928,2251.3844784487733
25261420,1807.7308345008712
46864780,1830.6048530925161
51909487,2077.756192134015
37913958,1513.4605510797062
74334619,1695.17867073804
24422548,1835.0858891404657
58508595,1391.5656325003501
25087154,1811.2528971669997
76806766,1383.6126969444615
27262464,1240.2105816779263
73422693,1350.4230489460786
58175270,2801.032247359932
76648743,1729.0588028907018
36026120,1263.410853978246
87485989,1920.5151627105047
88798255,1350.77473161541
85293030,3461.8372731785303
87029422,1299.3451825097309
72679949,2113.6115263497495
25871017,1118.7451515362616
61396744,1428.2152811973044
63197784,2132.0761779199765
49632353,2347.72874176324
65625596,1267.9572617408096
86795596,1208.2375060868726
81433856,1083.9292072021206
87476873,1395.7001483781655
98147948,1118.190897618665
99212421,2253.4258236641126
78236394,2164.81463329934
60511137,1839.9262505065924
37030090,2085.191577882616
47227545,1701.6550219587923
38980163,1627.9337178479618
33290320,1415.9190858615857
57735630,2443.5813245404806
37888473,974.8172419266575
54251453,1295.5139120951774
85556127,1574.8098274143329
26903779,1765.2110023653734
91692809,2417.4681077251294
32446203,1839.7645440997724
34350235,1910.135364441325
28532174,1540.609013779846
59869496,1306.1205965735446
37887202,1892.604816287455
54799254,969.9623816882684
44298051,1473.5005938092306
89901990,1315.3880964889736
73292166,1782.9455081792626
21775362,2163.284073635794
36884233,1674.6078033644658
66353025,1897.8552724097035
19481125,1473.125725075502
95336492,1162.1554851886638
32400462,1634.9912640640832
28975228,1707.3335189205934
11320585,2187.064701983244
32162156,1289.4685824718667
88724326,3545.6497267656428
67650053,1804.4048606223882
21038175,1566.7778271020395
64836379,1485.2902024731432
60827779,1576.7731624173205
88997264,1893.7083845584689
44622902,1405.7975944046177
85670106,1401.819977490833
38945693,1450.3311390495412
69337730,1538.6472922785206
22890345,1998.7322792282853
93106331,2003.0125928727753
56257607,2420.751424626052
42845025,1668.3962098778347
10678470,1525.0511660064158
35975743,1816.4800471077306
44298756,1576.3102980005992
66670226,1539.1835917457588
37883517,2411.001566491814
62831558,1140.6265042278912
25294874,1831.1064880191884
34601413,2095.210955849905
61300626,1884.1306901974424
63694211,1491.4425716110004
70308634,1860.9584670490956
92846964,1623.6445616555995
32093061,2178.9083969482585
68496425,1222.50340527653
36724576,1642.4158136048943
18988842,2008.760150654435
44304522,2220.6017748316913
91192236,1400.5153214474592
27105876,1543.1128634069116
89869414,1038.5533989566543
45877010,1917.4511688058042
24146001,1091.6788076879675
23395701,1380.473616896613
38974456,1522.6113409885384
57842607,1254.1165635259167
51687346,1609.3980486841674
99288080,1477.3449410020364
58963406,2044.9785244538543
29443260,2077.4380519094966
62626422,1579.8729807133975
57515098,2045.9259906893576
61739694,1349.6474274550776
27459512,2101.6339657227827
84889146,1413.4398329402343
58681841,934.2668337961356
63593417,2342.876702058798
33073018,1398.6779813279325
18775917,1766.9150074916947
38962045,1953.2283737914686
67933426,1377.2007655523573
54603681,1699.91120070251
83399485,1352.5177453224821
64199110,1795.2893492941246
82415208,1554.016844258375
87961803,1877.0456139471996
44853010,1591.2352920326375
59952980,1636.5684827101938
88562279,1079.5533350766689
55858413,1510.2505271158034
61198975,1559.6793571561143
37448315,1838.6855535323189
19525923,1281.7608109332066
35026025,1800.226976533798
37029910,2456.5730591527526
65651564,976.0658542956812
76546746,686.7139774736844
78805012,1541.0095629534342
73332787,1180.0757275487542
45937289,1670.4578527535987
99048249,1192.6081467413012
29475704,1317.5498151271538
93694996,1380.966928948967
18159173,1853.2329622347406
50435273,1216.2211713134093
56812269,1630.0901817775843
10385151,1577.8341863508242
74541267,1919.0148706880714
16719195,1359.7588313782064
48754743,1404.7985540624884
18188655,2178.691867684016
32063627,1906.0623376469996
95749552,1687.2467177880028
95191424,2357.9087394189723
79363744,1213.0160571028168
47169927,1502.9512689053286
77108983,1270.7666072776735
44823862,1063.4224067155176
81122519,2756.4939204864645
18168723,1311.237220773159
59737458,1541.112768927688
12477444,1524.867361730414
89609832,2230.6548726251604
50913652,1262.7867692058858
42856249,1176.2987340623067
62711409,2343.5856551889156
67374114,1712.5130591006407
26708384,1845.750244988894
57463109,2076.5676636424
64273952,1177.2426844874449
56304545,1844.1000485592199
82795140,1849.7167553474724
14007213,1777.271292565016
54415843,1616.0385035175739
54590957,1913.4158839362715
67350145,1397.0326180095988
74993313,1396.441914564457
62432527,1981.089154205666
33713363,1858.196075435014
80390114,2886.0621326523856
12723951,1744.4751116819573
71416124,1317.5811062371604
72440899,1517.6035083254203
60115717,2754.752896949854
26317947,1674.7958439099857
35504199,1291.065843815138
30187539,1536.0127359386595
55346293,2385.18558582072
90516502,1194.2192471608062
72045347,1988.2585966783386
79850408,2460.037690527341
20443404,848.6134182664762
84501791,1521.2926705571072
73999320,1562.783279642636
98913461,1332.4176052899647
37225199,1092.150726915542
16193655,1797.3248357811576
72620298,1505.0689911866205
64188152,1425.5871524658362
67784083,2004.687109809676
90552658,1613.5710861330897
80748000,1057.914874176566
38083778,1864.9306048546373
65525497,2213.0483752443
19381953,1303.0947603174025
65723090,1683.738789632743
76151738,1922.247821258642
48225827,3014.2965745863416
27357384,1587.02640182048
72090603,1656.261008102665
13739096,1694.0007736028645
42442381,1624.2709602432367
57561155,2248.9044009873796
35942827,2987.145192061366
89196128,1623.1218205017992
90585757,1414.8123273286428
28123361,2081.7653483036925
54892166,1095.9352118287618
34399967,1273.942390675962
36429013,1655.5614343257876
87308981,1181.264128536529
99529719,1521.286768810704
22093311,2252.3813003880628
81263538,1702.7575569258531
71338939,1413.4852332058576
26758105,1457.2804360830762
97028969,1512.946412536528
64463656,1559.3201317296086
56099433,1840.0215833078867
85325718,3625.8803470099588
44166454,1731.3953935243821
36489810,2210.2651840613917
33207901,965.1578664826736
27978007,1727.9534711623623
81479630,1283.5821681276345
51537650,2317.690854904867
45619520,1383.6808721958705
38111175,1711.8132959939876
52128949,1229.3060502768449
25404819,1850.890964952933
76230938,1800.1463710500016
35633669,1907.2408073446377
17486296,1701.7514314562384
26823352,886.1309736793751
24234066,1766.4984842338877
69609466,2164.946639369793
44500625,2022.0107645514065
25810885,2328.4720058542543
47095933,1450.8245423169071
29996746,1604.4721160565718
26824387,973.0233017045332
22560248,1808.6747528764727
67043419,1441.7559527113622
56128877,1683.4860314462328
78532613,1402.996038308255
63334626,1635.6299305951254
41942475,1358.5544475290906
71572581,1169.5716441494724
31224917,2438.156273415183
52061385,1452.948701608038
85648776,1191.76983623353
89601046,1029.479301189012
16315474,1644.7205775474624
90885644,1416.4440216960618
69988016,1683.4429994943102
55363982,2985.483972098985
15084841,1255.9385244075102
85269120,1991.3738718673912
31531393,1063.3922264735822
65511292,1970.6445579878737
76207920,2778.90607874832
25765261,1012.6956387583509
99628783,2142.490263529149
29123949,1566.4321027945089
84071477,2761.90387619669
55408575,965.0407180999816
18563235,1927.5163074781442
32862824,1298.036053852555
87247913,1489.530210182401
70811397,1316.5571220434656
79135010,737.6124236614321
95532555,1843.0186585343802
91619153,1914.1376934472362
85185899,2176.996460977132
45503458,2076.342429324718
40572975,1459.1965435626605
89004010,1634.334048951126
34562042,1012.3757782594396
63463440,2383.3435612079275
64460362,870.681529242936
67250925,1474.084506371295
14939721,2526.411758620364
35310686,1532.5541749830059
71187848,776.696109761506
61524357,1002.493862029748
36782194,1419.6307392745127
89842273,1129.9607184066417
20614858,1466.8354094233039
68048266,1201.8376636945243
62462117,1276.5921270767603
72115510,2588.3358195117917
14057421,1184.1774773745153
99878320,1687.5808440377905
68934495,1719.9978728884876
63897425,1393.9402649584524
30823846,1629.8023501336868
45856506,2032.104472081449
36318458,1814.4480381314581
54709816,2121.9820989921254
58956301,3140.3822725723994
61193977,2031.6332949742396
94916864,2144.6561297329886
95563649,1456.1855997964155
11808364,1390.8669664325535
53108582,2210.958102140487
37502181,1096.8513412557422
37996385,1255.8914194377435
53563779,1329.8411836371413
62612706,981.1788971734079
33233317,1051.3295064970398
39285196,2320.3826335636177
12469660,1543.6248851608382
10086272,1928.5275709416433
61556619,1015.3777938447502
44239580,1814.7858518576143
37303458,1812.2415943668384
69742763,1424.5197091900138
79252407,1571.8632473776638
55035288,3002.2335860035873
22573833,963.0868471134031
73616028,1877.9736965611135
72379751,1404.0257385510804
63515051,1370.7941736046782
43605274,1168.157144849708
94526159,1835.4909627292868
87017405,1909.8885276006736
27785122,1369.3989459460802
88986010,1497.8405707597212
83705830,2818.88289421683
19294754,1432.7349019557842
10016581,1836.0788521731818
98337631,1743.3457690776027
96284977,1720.267998579447
85120493,2084.7225948673404
76912038,1757.1840984487294
38273802,1494.764399338321
31373003,1467.6188084926362
16311364,1529.0928489465707
81773825,1285.22576467272
85451822,1836.5441394288591
83837897,2292.689954339255
79840167,1261.0557837069855
10053165,1684.8381015655063
66085962,1611.6626631497052
74446354,2680.8240870017667
71248291,1306.856598891987
13527988,2362.018157364697
59655162,1399.109949375914
81270080,1059.5253595698666
25459024,1856.4065900516719
57124820,2223.93959099423
38744724,1534.4054358372255
14672828,1823.0820263511864
86208199,1272.303998831373
60804234,2066.683480221212
26637959,1380.0935888698095
84505191,1865.5804684940892
34949195,1774.1941899922936
18236230,1773.2164116515974
83633670,1909.1657127693989
38795738,948.7665927762921
57060441,2207.3348926825847
63193750,2707.0112933664614
16584196,3090.644073139746
97470867,2119.1065151655525
57117308,845.5537723648955
28539736,1472.5583826802708
42854708,2618.124320996387
74612987,851.8205089471951
18574187,1120.7656537049324
82554201,1997.8294456455155
63502035,1654.1809513128528
91862663,2908.6564505668866
92211122,1717.4261195542545
31056808,1698.704957104896
16943964,1363.272927206002
32863651,978.2186943221868
68176876,1529.1110319168902
49131404,1087.148079435496
70277995,1305.236684933585
35494136,2959.6869968489245
81234980,1841.8576092346216
38613978,1958.1404581241238
58078556,1505.8320167399486
44540392,2629.7395487589397
54581831,1303.8190293333587
27711464,1286.3538567081177
34639609,1553.0228876497035
61465981,1348.0821923588944
97434739,1922.6367048672932
11115465,3063.4471325755862
73204702,1781.526119522703
43122014,1727.1461220633414
82465915,887.5551102441957
70336402,2496.5941992235835
66860305,1713.3575238123144
41500458,1733.4042488691612
92919391,2308.1891519631777
99618084,1500.134914662281
86909460,3507.008026828337
17337355,2380.4200693328403
42353664,1192.6810812062106
21765685,2030.3517463488472
89088918,1151.606326087523
35899962,3175.1923499871523
68684318,2024.5411367217062
18484780,1290.0270896093227
87388388,1556.5843220357756
90094211,1735.0988883192447
16804039,2219.018773952663
91010086,1460.9065844103975
99469868,1633.0014610635842
37545302,1829.6896651614952
71878464,1701.5831212070075
21183040,1977.391337863894
35304073,1909.744447452616
50348670,2176.915951284863
34230931,1170.885650516056
48867425,1662.2893959446199
35018884,1398.6871265093123
82792644,2951.5182510882387
55638604,1755.9252033412874
45618589,1757.9579306334147
94996859,1134.1789248549596
59711138,1278.2852915292024
20008628,914.8212384690385
74210201,1798.425185112707
71592370,1737.1612639404143
91112168,1749.767590440481
86979588,1897.1945443751827
77491019,1701.20701734026
82906889,1641.9226346918172
47215201,2091.1217373696695
74482354,2301.5635635215835
85248466,1480.982871456818
48081067,1972.7320599529755
15387364,1367.6068803947096
49479914,1569.6226105169922
67144063,2347.906316718325
21546784,1865.9358211455565
33690767,1410.7011538362133
33115846,489.84916686234385
61562965,2070.3444675164874
39809818,1891.11239493199
68123009,2591.381137454768
51851996,1898.364210675598
14592737,1288.5587949114647
53703850,1686.872795287445
32305458,2045.4143338427382
15802272,1124.9211897834614
36113397,1570.3775406209459
10490484,1907.283157007118
60733954,1714.5516966701477
99162691,1116.5162937726016
93098807,1275.3667185603197
40838545,1748.6534723295906
11051825,1915.2896254677757
82908690,1565.6804848844406
71787511,1754.973755221721
72823966,1545.000925273558
12980060,1848.128390961995
96086415,1517.7698593802736
23697274,1891.796808098563
51614059,1844.041033016606
78779574,1553.608580492827
95241308,2742.371020205892
17643222,2498.6125032811856
93263316,1690.4827447145317
37302631,1290.745650166683
87271886,2089.978868311712
55736876,1819.6092994653734
51594702,1910.059687357937
83945766,1074.6841835034058
79078313,1222.7058949609993
31277810,1496.990061925534
74965419,1886.4054794939977
12557472,1393.1431433372848
61610958,1504.132227283359
87565891,2562.5026214184936
69835471,1669.5925809589419
50409416,1391.1156532871917
77449547,1977.8839153462172
97554546,1244.1804094550596
15981479,1677.926440787994
19522006,1826.3913109204793
27996044,1642.5687357644374
41161764,1689.5116676936052
20740770,1566.8210348226614
70042803,1657.0843561390122
52210690,1267.341329357782
81657059,1329.8418338574058
67733763,2303.9554700940416
19453777,1376.170187309526
76648543,1808.6842833401226
38569009,978.2786434376292
24713941,1243.9850234490373
89660454,2435.5165747956403
85740410,1577.6907143405404
86257801,1422.5779512725235
86873805,1593.0505910791685
33399735,1769.4984681452129
37535534,1227.4503352534157
27667456,1493.2362391466434
61581329,2251.5744584709873
51263630,1036.0019704953986
52033053,1389.6319137789728
90888218,1430.7098511286977
12546179,1968.3861998440816
83093814,1481.7760471548495
46297699,1281.1294722224727
97044400,1946.9886755403625
31763919,1317.3479989661687
16008849,708.5301777406717
51084945,1029.2860238458154
59957604,1605.211382746359
18780994,1306.6869261261254
87997537,1534.365984384689
45685391,1692.3411914446378
44441149,1457.8710663360328
14178311,2100.594830240456
43522500,2300.8188569001895
91025767,1603.5209011829459
92328854,1805.1949496840675
53582398,3111.163051595565
79088536,1097.9309976680859
46193764,1259.4916092540807
84800487,2245.481668645125
58906346,1883.9604939490182
16384425,2085.8309547961258
31314423,1829.7414433343238
78713693,1347.1973257999718
59579059,2716.2109709847814
51309878,1656.6511962589418
18367921,2566.0937517635866
17963218,1336.9608901881556
63773516,1721.628306094705
43820904,846.5432221309136
61844633,1562.3947488327833
97433520,1958.3624227224104
67890378,1366.0714759925618
84770654,1999.5499450159398
56388014,1113.736812169172
48498606,1309.688126158202
96139568,1216.1220533219362
23184000,1825.9217252110104
82435682,2963.6409079136465
84725417,1178.2977979408925
80398008,1201.4020237721868
21408816,1928.684572563067
40561414,1070.5609127640569
47526789,1734.8534000281843
34202671,1621.9949288932185
47410501,1470.8876672956658
18437030,2119.5617125083477
89947527,2141.213332708179
48179652,1187.9583253845074
43574355,1274.2884514676264
93441626,1406.315151116691
49833156,1134.8824233093455
27436801,2164.29902630553
43212239,1716.7969949263843
57781002,1902.247833924228
80452756,1752.8679544817237
69547198,2369.1195519569687
92282402,2327.142030283215
60080700,1879.7484944393152
77220496,1155.215959410834
54095090,1809.3977177262627
28159066,1140.5336768526683
76298460,2110.3629505593285
57334293,1726.2846719651034
51349452,2603.490059284679
57825954,1339.3929849496915
75566691,1435.292956889649
21994482,1614.694669814713
15472109,914.4900598107583
74524636,2272.3569728033362
50954892,1670.6895649804499
72834699,1591.5450636838993
62999750,1439.0712254265284
33123268,3879.5366457468112
66540114,1382.8388851148436
54002928,1316.9290669517018
55085304,1574.5819662060303
22151066,1668.156941377039
65334729,2356.185064863751
30865724,1219.545204276262
90388666,1369.7167867413598
55605064,1330.834612721053
69408128,2491.9148280648096
99473168,1811.6947114718466
75818797,993.5424672601664
62565025,1641.9970097924872
75143116,1477.1302899652599
47696923,1792.79681252444
19416750,1746.7473888887887
22855194,1928.4631787052706
67192782,2147.8343707254653
87517475,1551.9374913579975
56350089,1750.689169391637
34134972,1927.1942308434936
60576347,1955.955433910138
26319072,1332.8499593250476
88893111,1281.0192690531767
68033382,1936.6205726402272
94035885,1333.9082515075538
81187160,1587.839273301242
28315736,1327.663598229876
22692256,829.2660286673629
37267592,1249.107789683791
91150814,1798.1966784727515
26431305,1077.184184048625
87910232,2612.667956132245
41955248,1577.6465513110645
69743430,2342.2501369776573
46703259,1618.108466101134
31441294,1571.6116160357483
52540774,1983.6082144366317
86506186,1582.2184939616454
59584539,1299.1260228539004
97314977,1713.2072112518515
96666615,1530.671226873676
79683457,1705.7363498462366
82209443,1586.458389667456
28258830,1791.161157933745
42067661,1739.1060054618858
66297804,1094.8541662754099
16941404,1274.7320353687696
75005309,1443.061775053567
24570745,1886.657782308928
86113362,2003.9594298697946
17047985,2143.7134919960217
65773050,1482.1916488847974
58445540,1348.413613061987
48523637,2119.36956168993
95993557,1731.554688990194
88761628,2638.4893716861766
35281082,1711.1804414210658
63427827,3230.589517516799
38736916,1439.6003290496283
86580197,1812.0813393868664
23112535,2787.5583568406273
70370352,1928.7125444163876
27855625,913.9064442745259
60833031,2127.051474266262
23047956,1317.388571720802
87351286,1579.5501626883704
75886001,1124.078140371939
66301086,1734.2689150390186
60935733,1255.2124667248706
98414359,1835.933703962363
93169508,1743.0984434481331
77985316,1379.1283764855227
22647726,2351.692571140984
39865459,2692.2287289559263
81994206,1305.531013867232
62822262,1971.705938826643
85331429,2807.0128685972595
75110630,1154.2982192531404
51138756,2048.5918699446293
83491442,5171.435684115387
67891583,1397.7644654648975
65475315,2999.6392479719107
37180335,2733.203533899834
53617145,1774.615270141987
66644091,1345.7077890853232
85685863,1383.2048822582221
67756317,1617.952847794924
47286828,1287.3773841231177
30798257,1709.0118141538298
55429056,1442.1879085491835
48423935,1369.4280990845914
70215654,1601.9569248058042
84995114,1614.5989295818013
34191374,1158.0804630944356
94424055,2966.2692194213714
35266032,1088.1526213512395
10282778,2050.4979377371237
74509894,1488.3319960883755
62379565,1696.0992520996151
69295266,1192.6187939419704
19487319,717.5598660546826
80523155,1792.4832682978088
76258438,2674.1040612467136
15381648,1505.7863974740121
76313330,1585.888596363165
67909709,1395.9947494846447
94172578,1469.8631359975768
73730320,1352.984741749669
93164433,1314.8727385873688
47160388,1029.11355539281
39990609,1771.193987702361
64566990,1521.219758555012
91126842,2459.1780003166996
52824809,1684.2190143484006
57254599,1507.1155898730813
38718331,1216.2433800342505
86095545,1509.3330378476346
47117496,2342.3634146865857
38398092,2030.7785131029552
35904079,1017.0337203158051
90919237,1214.6725102522405
56102015,1163.406846599525
71540566,1379.060820145795
10011577,1462.891869123576
84723499,1879.3478249641603
12437858,1327.383688296663
55600884,1449.4027266034457
14903844,2111.334820794964
79656066,1421.0794288449044
22833793,1192.2040282513362
52725368,1508.2614162828613
69338616,1967.7865577738335
69512258,1508.306126018203
96249786,909.4083498999075
93289839,1633.32997557638
89525161,1751.571497963088
25602400,1578.724805354633
82687645,1627.5256447047866
86466057,1685.3547912225488
31039064,942.6080426025924
38126410,2424.7192770952906
98941268,1945.066205011219
98887377,2237.908446184934
19069593,1350.5184333030925
48991500,1282.8340907384097
81340729,1304.2153828137418
17755803,1335.398014914329
28332754,1192.289685773175
48710415,1594.809841670177
13552122,1928.269332309475
67175252,1875.6204432093748
81401006,2247.9768829940635
87569420,1457.9881605632484
68775804,1793.6413165946938
51303767,2295.7054683563906
36907350,1335.6331779723744
11852044,1202.8451951779828
57122012,1995.4660159915866
42764646,1449.371093058362
23299341,1203.0883916940406
99527596,1639.2805726726688
97393585,1302.8599940328445
43578412,2562.9389807085076
98294611,1798.2789744920208
30924809,2023.688816042588
88121507,1991.0082369542406
81094653,1773.4743209934575
83948197,1885.4255815242661
53707208,1548.8508732133555
72598207,1920.5642292494572
96325015,1399.2882638608203
32527392,1264.1317876566134
13367283,1594.3718883089916
70926441,2068.831549539445
14507496,2722.8813203758327
84516945,1553.2535384835255
17478153,1353.1422876972174
83347951,1190.8187242707074
42507501,2638.9886091558483
54322410,1351.2684804585544
51129418,1968.237588480894
92284337,1085.1419981257332
56191305,1123.1264773202026
69717201,1380.283149119396
77803958,1633.8132411043264
30868541,1015.6662116900575
21948362,2161.429749073818
64597726,1382.233505907886
24753315,1367.683786455244
83137150,1171.4756772487003
87115344,1639.3212618123475
99984175,1671.2364584425927
78503238,1558.8222162924758
56241324,1909.0640188029342
44979606,1196.5597119803053
73782771,1774.6504799509369
83259646,1666.3446516026481
83615385,1299.3967843468492
84238097,1341.112251651586
90104229,1865.8471857524062
47165230,2258.233799882309
90052115,1117.5404436696817
29318397,1755.2315952227405
66821977,1866.8986028473653
74914365,2856.949546352087
21821045,1549.2162941048944
78077361,1216.5821404491926
11290483,1735.3517821720504
18150280,1579.574997248232
97190006,1342.2212827079402
23716973,1625.2083933925667
22402268,1910.2760118393621
22495547,1491.7046012131416
62732805,1321.919026514782
35149813,972.9459603228472
45074208,1477.7136452830389
16930048,997.1991083296139
37034316,1238.4728806921012
41257506,1194.8529204135757
37119194,2909.1017976401854
67834562,961.3981652385639
34524417,1938.2965570303231
65917034,1485.0980254142864
89187031,1334.3341294642776
38918236,1830.7243560835154
15343670,1566.8134332965255
14075655,1404.040705326255
38174910,1949.2158080278937
58723158,858.228878897072
60249533,1755.3213137701414
97281245,3175.3927252067792
72949298,2628.398662497876
15101045,1212.2746724811077
28123842,1448.4103710947618
79777819,2598.1116945576687
49207880,1686.7482146219886
80546483,1660.1980957082994
64032695,1451.7366743647665
13192282,1420.4144312807716
77309020,1657.6089185741257
61977302,1636.121993092732
97344057,1645.9597431081045
30586194,1432.6935478138068
56677229,1651.1332206714221
22130117,1252.30601167639
40261245,1853.8493014833712
30166032,1687.2039880477307
77089984,2124.3743724686888
26878900,1310.6099660606776
61371436,2081.242049775255
42742062,1813.9243682843578
95339974,2515.6661924283135
56107946,1698.0443524493937
75011328,1619.987988771539
72662754,1412.7052974684752
72203106,1023.6779184158081
70496852,1642.340577684761
13201993,1513.4800538421127
78164844,2093.561710989851
59342403,1540.804180924075
94540895,2062.5170944684332
46539631,1575.4206972510422
72239923,3067.1885621420265
87927143,1519.5266688572124
58112642,2057.967672568114
46348606,1105.156172570246
41028863,1567.0356965440462
24368370,1397.4778208842438
29933781,2457.132147462512
82791847,1688.600042431557
96015529,987.4058480295994
54561874,1537.3997297943552
53184693,1068.9897634804431
76671373,2327.1134677286946
63611357,2125.687560889542
80706420,3591.7606535810382
55017743,1950.9943814533035
80689892,1761.3524328577498
84469446,1597.5496388143522
23226721,1604.8864245062643
85084580,1473.114039274814
80669002,2191.488356546569
65745002,1699.4632410606266
89007400,1577.642970034571
29824422,1931.8638590995142
35775431,1606.0306961262354
14074630,1220.6256335889084
72325201,1392.4608077867726
23874500,1568.7902944871296
37300173,1751.6324787089613
33493494,1882.0076440706523
30229764,2676.145124541047
43966954,1991.66170348093
27845488,1556.5178884831164
37461765,2009.7411096897108
54994083,2022.3914801262185
73747516,1588.9726898540448
41276058,1202.345032312304
55912598,1376.2066262984927
60686267,2199.112650889064
32726148,1778.1367369972004
99279088,1294.3025344042549
28728541,1532.2774136421133
13858737,1564.6514409690799
21895570,1898.9333139394462
76323759,1673.0157313497568
79038940,1110.9095709809526
29272847,1338.3141478538573
98713132,1534.4106953447904
92394953,1695.8268326986308
96580365,918.2826282527953
44481344,1220.150841578001
16420037,2220.6012734428873
93921984,1585.3836005019132
26481610,2322.0011610733313
36292815,1479.2897537072442
77806189,2019.7967874175506
75958945,1233.080802532964
65456150,1591.063736363993
80743824,2346.611789747273
49966934,2228.647971494384
86026791,1397.7238585013906
85816309,1071.102939101819
15568874,1950.5559017128446
99556884,1726.2629259346234
27514144,1602.7702420485202
33950340,1647.738169109384
90674412,2915.2593558079066
31688776,2096.443317726257
58380703,1402.918373351952
59666638,2191.6866691256987
28858647,1746.9345555647565
96281488,1313.9238397247761
81757957,1977.5899306827596
15387606,3021.7953657140833
95978588,1154.9408309595697
38876766,1533.0914922155353
97177476,1571.4062414333457
56304916,2190.531456508761
94447504,1544.3871238612614
12858830,2132.002654559592
29325031,1725.5597537552012
45137864,1240.254528497329
40574206,1689.0817861509968
14671172,1244.2734321232547
79393183,2226.237298787911
73490914,1133.0197795220247
74160460,1338.7235146642831
44164617,1046.9046369286352
82646950,1896.1310116321606
13359174,2530.0053416889964
75134927,1070.67913274641
36042465,1313.6271294158726
83839627,2019.7434696236014
23668396,1851.5696707701256
75299261,2346.552450705546
41480775,2123.674514595188
33690039,1966.881761799406
22503085,1426.3745999753698
37466667,1333.4885790519288
14321282,1399.1209001575276
71351933,1775.6796733888336
87081502,1114.5434527755087
65472553,1551.8946831725877
99213360,1735.4218002258065
10832464,1315.2407361657351
51819797,2071.5456641810306
75955259,1910.5715203780148
88647663,1635.931087512463
48629803,1451.7287018867687
83286245,2015.3307129400675
88766577,1198.8055217088797
92941012,1638.6686832443215
77129657,1822.638197233482
98212477,1464.8479359681235
47578988,1278.807895488957
50209960,1506.8068708319397
34219777,1565.9044411307673
79439231,1272.7148226150396
73635146,1908.160483089372
64910994,1685.4380362768625
53834693,1029.4276777368643
11363592,1945.5187983374724
10873772,2777.019104651343
87767702,1937.7828469001329
23454749,1465.4059740018295
58196808,1395.4478961476689
68491285,1754.2542143688013
92242279,2825.4339687168263
33507598,1640.564457029464
31155680,1758.9094925521235
69782815,1321.5670695259814
99510246,1690.6153514901907
76945883,919.8733181036462
17094345,2105.601777554912
46337525,2121.563755856059
28488983,1163.3886043052946
16761031,2870.295690518399
79032271,1115.4716338893002
62295468,968.9888101390095
34239247,2015.9033312836352
13382072,1513.1410233490549
22594211,1837.679254509732
57247913,1194.4592408253852
91685716,1570.9403713708207
17466502,2026.7542341601988
33964749,1827.6346361174842
51427608,981.415520233739
24310192,1171.8652686740481
31116680,1636.3663122185394
11417356,1903.7468839385642
62762079,1387.9380920041783
42671255,2062.3361262840094
96926020,1757.1624357497124
50275050,1810.0414473315702
39760605,1481.337322415816
74898826,2908.457939610781
72916922,1341.8588452512856
15943032,1332.056647234625
74582816,1799.405908277356
59875250,1969.4941371513185
80790659,993.9369713482265
19888418,660.4917819553268
31588130,1021.9470665522413
66158465,2145.329628196072
18800645,1664.7885341383671
64505218,1491.1605370909915
56056799,1231.5964307815061
10374837,2087.5126267850837
41300143,2555.2810181657956
78621253,1333.772561433229
11141195,1569.7324616780115
33865847,2562.4356123112607
90610974,1054.5461060736613
98930552,1649.8459603619256
12727530,2229.101698320042
52930535,1579.6383138607694
93753865,920.9746908447391
70595210,1796.136574893887
86025280,827.4011352863515
78663509,1678.660621895906
21322626,1426.0303167653044
38172344,2117.909689523963
12467923,1902.6006036829235
59832255,3822.309268186364
60019461,1763.8145709148278
36274445,1274.8614574401513
35417851,1373.8434156151773
24997453,2997.10193800357
83094532,2921.6930978939686
90174488,1694.1887456930863
71319002,1159.205716394635
29621396,1403.647455500815
10011880,1518.692460523791
17190126,1334.3518679540973
70424510,1593.9147698822535
11417531,1288.511062100315
27554957,1689.4899881333877
13689480,1125.387834539058
69613512,1504.5026445420474
74318773,1809.640309084663
45221034,1578.0857936851417
12200305,1335.2368789101442
29052499,1896.0334401363277
91168920,1911.4642002125274
99587330,1050.4951706531283
85493546,1451.8350821198242
36510260,1619.0792726542848
40370308,2036.2392858198775
89123563,1463.761016727557
68894033,1320.5856938152028
73938236,1944.4923181950599
25242707,1210.620729599476
87339346,2236.2356591122525
34182148,1174.7982363975748
55488547,1343.0944360426731
58799207,1486.559845633451
99415472,1460.0661355821187
50374353,1786.1361233240698
44632960,1281.794367183764
46918499,2210.1167987598847
61219752,871.3360565844612
57928854,1358.5394145059681
22536598,1298.629421290014
69936903,1392.2263864845859
69696012,1247.4795310445563
75807455,1385.7289967972588
31557332,2176.1260554121377
98503124,1094.1035668618722
45347570,1656.718228028839
91321804,1807.918712076432
56392111,1800.4536209690848
86308272,1094.5553676426352
64596791,2174.8522815200563
80652734,1779.161209324415
15067372,1802.8267504340147
19485124,1564.169427390728
14453004,1127.7626039609047
26285533,2356.91336919036
92838656,1570.732285315718
37408293,1668.0750086364333
44619550,2051.2846751988777
12229798,1353.2934803201822
19471907,1353.0672551985483
79387412,1128.3173872297377
62896852,1705.0868868914804
45934349,2309.105802497099
16860511,1732.9135147690195
43506983,1491.5149477371965
70740306,2080.3258903614865
92814410,1360.7938020376628
42104710,1794.8838349644325
23656647,1249.881158723732
16622582,1674.4233028129215
91730318,1453.9312429883805
71502047,1605.6443205347655
62198081,2705.80724095528
35586426,1567.596239798904
73159054,1267.1708097828553
72932579,1385.351543229006
15860553,1672.72413937199
76499202,1235.626769772877
49147306,1132.1874673191794
66173222,1455.3576357327727
36048465,1735.6956867861074
58226162,1689.15692439333
75348253,1339.0965554719871
29406516,1510.1549867528427
30120831,1338.6465394172394
88886135,1507.0908390565614
90716300,998.127992494092
12118186,1665.0116462805638
39388114,1612.551299475941
43348151,1483.909622255509
70648988,1598.4811328919498
89828759,1518.116111015969
25774436,2395.7572705807315
56166234,1244.4436737121266
46207048,1308.4189693108817
24260337,1601.4111383036272
43372122,1291.5454102837639
99211792,1444.1336971466185
72425048,902.2751871040086
58848576,1555.1711241951741
69451066,1005.8996789904484
46571746,1771.8024911283333
35037281,1322.2945412971678
85573733,1384.2164117160532
85004009,968.4673466498643
98713147,1721.8057083232532
99574842,1187.001476201314
56403873,1078.7011582688217
79242881,1685.5066326292074
58458582,1159.8377476370058
68482067,1220.6310705902122
16690135,2134.171547217544
15173091,2179.3726471438304
61448444,1531.1235844312735
69237042,1065.300625008738
85145895,1128.6076999223744
22701271,2546.8074650021463
39148372,1384.4541855371197
94500108,1675.9810705588397
68415143,1317.7537846406085
40595467,2033.6322835956676
53076141,1611.3931533258408
73641861,962.8332385282511
48605668,1674.7761717459975
69923530,2179.8507685800055
49319680,2033.5017077057173
45928049,1836.8589757609448
73814109,1251.7103949223317
61386764,1630.9831494833668
67209776,1401.4779233981435
10596331,1331.2838554189009
14387887,1722.7330847196677
66568548,1549.7438941748408
59240082,1650.8906647217325
35040177,1626.9748718043568
99480365,1464.850534416393
68333386,1441.715003972766
95572882,2078.0155374347764
38132096,1733.4783078375965
76955826,1812.9279714529775
17729676,1909.6356713992495
42211142,1359.9445655293969
20158681,2491.920282501747
79393152,1394.8220319879922
39911125,1401.4196645842867
88836366,1741.299714494057
20409154,1736.3060064506913
15026679,1593.4315402711181
42131515,5130.730285348523
54650905,1533.3693602664064
26838390,1405.1493031935508
65068346,1326.6055357419336
92979933,1784.2446167565658
95452518,2166.015154018309
38822689,2116.8565692995517
46355252,1930.292547362873
12444224,1949.8241936686268
42979270,1259.9687056586765
77573762,2363.143929042639
14826829,1674.1519391722031
28709839,1929.575191864939
18829646,1926.0457692015302
96568537,2191.850421687913
56829547,1665.8482890058856
93979772,1927.3013064433567
17626588,1550.6232510753243
34011504,1664.881395869842
52636134,2223.158105368033
91687348,2059.588548367058
36508418,1679.4856646816966
82621948,1237.547884210266
89318730,2674.9178092535444
98717167,2127.216311152394
26278873,2174.0743501963925
56823412,858.2042453228518
75609163,3770.480511496369
90104725,1793.6093455089956
75874553,1886.214254748682
48469293,1903.2040652392875
70313722,1826.751871048616
48269879,1528.4317512533657
30338233,1892.4355921379808
32779513,2312.4931498559718
75548478,1430.6136596875292
38561257,1895.1426859645599
10945373,977.7879559158957
15756944,1518.9025719953445
46940446,775.8032220305938
24659465,1383.4932652177972
88948806,1637.9453294908503
34164402,1452.260698368227
79477391,1875.4100839261218
15537006,1761.160035040131
88911942,2033.5355941480989
96378293,1482.7452852635072
76422231,1676.4065814119792
12309843,1403.0095812322
96239148,1317.7611126340532
86466781,1615.706482421925
49050128,1808.8387929048351
14724818,2584.1706163736944
56683970,1653.4155906456667
98393974,1326.4572796605726
84824034,2363.5218474693156
92573067,1541.9079320046185
73226546,1875.49517836209
61358064,1160.6258888509385
59398688,1886.736104372465
14969480,862.310856306558
80588045,1682.6018860295749
95597071,808.5539388775476
54836005,1283.926050826312
23220441,1882.0581831217278
59018993,1803.0874942341138
68425900,2818.06293318218
96400633,1392.6284972846329
32664783,1420.797042473997
37951383,1494.4429934020386
42701020,2056.18242625751
23132709,2043.2878311718682
36039638,1539.3493948726734
14728562,1648.2711889959803
62765095,1668.636081956805
90518206,1697.0470278963148
99330676,1559.0248457831854
54002963,1876.7555972514215
80024301,1169.6306637172777
83450392,1264.0206394060785
80827964,1315.2156248366452
22623823,1427.1054728018767
85154401,1351.8723377894205
92409200,903.252530088588
37461274,1723.7792294533467
39412052,1854.8056582512384
99188219,1146.545866546653
10533163,2259.6176321902776
16576946,1327.1633989403092
10571061,1757.618524734324
11502784,1121.3138218920358
10627022,1092.5315129212843
66112731,1601.640719110461
12271580,1477.0506501886362
19300863,1813.41189367317
42301466,1329.663154463425
93227392,1535.8292659888323
13989390,1385.480919288261
83189444,1568.0196597711977
88982820,2207.2586606079626
86309809,2498.0223993622276
93812427,1296.9396800192758
79351177,1720.5544742960162
73882065,1654.8766132247658
85331771,1576.5441343159516
33746879,1483.6908182488937
90357052,1563.3939205429251
42998447,1997.4477707471888
42297649,2319.0828576253552
74232297,1552.7691325251296
68234963,2285.7515840846245
79955240,1158.155857401115
33685499,1435.9133389689944
74031111,2230.5475044508494
81527691,1835.4369872586817
25578339,1437.824636045174
36826714,1321.3691781034686
66720469,1291.4176103921059
58271754,1130.814588427254
79175453,1534.7768327178962
91006186,1222.568348513358
75399510,2121.458857267896
65438642,2489.530856542597
72193555,1304.3335475077392
52661224,1715.090798951918
40274658,1952.7457481299227
63582038,3074.016206069462
95316180,2395.7349833731278
31722576,1484.9359826469213
51439680,1814.3738011080138
92864642,1567.187630676613
24588628,1624.8396760382657
62383426,1439.2055407883922
91245064,2420.5458070422897
61715372,1725.160359985172
65148106,2288.470155720642
91441992,1247.9863214001075
49274969,1854.733426224095
33917232,1732.259739286859
83235081,1905.1373955457175
40753215,1704.283774646938
70796627,1277.6396369613442
73931614,1132.925099811538
56857736,2745.869470445553
54064504,2042.7162057998562
20389019,1215.902227288002
57574601,2546.8741338004083
16478279,1330.7844671469113
68356151,1872.7836659448126
99711808,1889.581807529561
98284968,1601.6536382549198
30598390,2082.737605970337
55132880,1918.6210584355053
34163532,1447.857486504599
40857770,2291.195134908742
79839486,1271.3394874470387
78134573,1903.0721338316328
96251286,1753.1135794610616
46606815,1848.2305439876113
53204628,1176.4088907318348
39264189,1549.05848429558
66917873,3580.1577396435805
75228206,1764.8298011380327
57466748,1869.8538823375818
75500440,2086.060023656426
88152254,1606.5373734017508
88711927,1533.6342172181073
71935730,2880.124238981789
11714210,997.6524276801188
99304127,1619.5897120206812
79629484,1550.8150856728348
64599027,1275.4259247273023
71633685,1606.2531821850853
14342958,1699.134277105691
27958253,1724.3043079789345
61174518,1394.459048567964
74916891,1607.8639237889504
72753968,1575.3076235158992
36262662,1705.5246997689324
60917615,1454.1375908610537
99306721,2330.285134468609
53075886,1332.5391813628655
73928511,1712.6596664516128
19965325,1146.74519479385
54826574,1743.0416860771197
64209168,2539.6441299063076
34147586,1371.411978358044
98269123,3637.357323306359
97467622,1775.2533944290444
85814087,1369.1127930323794
72333580,2872.3083985212224
30873738,1350.8404570478533
10331403,1389.5189142253969
35344119,1783.8200229834542
35769080,2648.507850117875
21575135,1505.5480189553482
75304823,1367.441030837065
23401574,1141.5726589153724
83090193,1711.9639002672486
86996430,824.9695135017384
99751646,1221.4693156107205
23591049,1774.9671488653287
81709576,1342.9140603015037
82444468,1952.7381989519968
38288153,1973.4617551875504
87446209,2556.2934204718376
12079734,2406.1201729565614
25058080,1482.5712573136989
89691662,2556.855827849175
13150938,1887.195489403451
36020495,2012.5646107047546
54923182,1660.935399386244
28841079,1351.3330511235524
41392965,1117.2071420373832
17119564,1780.77007102769
57430704,1601.1525077681072
36272284,1564.5382626434632
91925114,1269.150247960316
74412922,1941.2377538321
65743046,1604.4644467410305
48653211,1486.697568334366
36332370,2336.6903391126702
85424579,1833.1461139871346
95090269,1157.6782204371534
95971802,973.5237035738257
86256336,1290.7644670871134
31156844,775.1496018740944
37688219,2637.535091144402
82437324,1554.0639908457463
21950676,1773.7230629590715
54094553,1458.659747776877
74374536,3238.383817364815
61738687,2040.1195137657696
19277250,1603.6899024957313
84311990,2037.1030924489846
94274494,1852.9835215294004
89122239,2772.929778524335
97119289,1166.3466476351573
29959537,1301.202457747273
22777840,3503.291831328053
39391011,1324.3477513888
15127918,2201.387366637289
47251761,1264.6515734755292
20023773,912.0898998126734
96682736,1229.5609644534668
12309412,1684.1285017687
11517944,1423.3461081040723
59425514,1307.4033346629715
28854961,1437.476826643056
63750719,2096.1918972271496
69531684,1323.8198554133644
73516640,1413.3240075394797
92500346,2464.227387870562
66124065,1689.0222721343757
28886163,1430.4088018514365
19680706,1977.0897029171886
83673598,964.184474838167
85519237,1555.707567837202
37110854,1529.8801587593396
96010780,1912.329629463212
51391268,1271.532849833952
17655078,1629.7499000010587
26863121,1101.5511967403097
30839269,2366.3615858801395
22418770,1005.5027235828497
88029081,2253.8705071267304
27689636,2476.473675202868
58431423,1672.7238565104446
43802347,2638.656400811141
83961382,1093.032047947104
27938336,1213.5775364808817
35978100,872.1824003280124
89319775,1489.9935960493156
30362974,1385.0673997026283
93105032,2338.014387090523
20314268,1314.207503809751
34550012,1408.174181258391
28077484,1630.8994265266756
64656384,1482.2153629729735
48022436,1541.1787785902673
40507726,1795.5174106106617
10314144,1352.6421679779708
81012787,2220.3465645654364
45672873,1749.0717332217553
25759428,1688.1515528877792
13512722,1238.7043788598771
96070498,1397.3261351748404
21352279,1294.2680048759535
54205490,1523.8457183984863
44645119,2612.599648738209
37332321,1334.3638303889265
54601842,1464.2936398088816
60801709,1403.6068826811468
28903523,1766.4467071103802
79159760,1467.650335946007
20416757,1170.7537072812456
38432201,1279.3495252077894
60739859,1931.747837682943
89931987,1710.0726219679257
60999736,1761.7259599523231
43182602,1344.3917214918683
89739478,912.4283712855538
50450523,2078.9891740336698
73950928,1383.144135888613
12330781,1115.7453744848215
50236542,1778.9546752675897
34912503,1399.0795691136314
25536468,1685.2530316928185
63776599,1255.0806505891135
56389530,2244.110645754151
60881312,1185.121337594088
94656046,2651.2965058479285
84143693,1469.8648566145605
60768240,1753.6324760376006
60458308,2234.575439082969
53948557,2031.3638628467552
11612817,922.9633407011743
71889062,1248.1670454033745
77172079,2016.255463380824
34222625,1849.583958352589
69965828,1264.1354490397416
94714430,1592.5979634630935
71961534,2031.2632458689025
32936108,2056.179469200786
18431618,1153.6923697694424
13548537,1049.2836017768075
86674079,1443.394816550923
21748194,1899.5802102143648
40124541,2323.619559652255
33347811,1525.2768278770961
92929218,1604.4270803324107
72190892,1438.5217030927515
66963455,1543.7555605341295
96157867,1100.08246190487
15254705,1604.2429190938938
89064766,1866.2868235279536
85305349,1353.1671194384962
58781934,1398.226652506093
42553797,1089.884970214863
18721533,1312.8821830090906
58244383,1837.1544310217216
13696896,2193.2499443566007
65894339,1697.0487873397813
61098619,2627.091060841808
26018756,2286.2313694171917
59479424,1610.4881278394246
81738781,1705.036524247939
91106215,1326.215471197106
71223563,1158.802914933646
95945745,1570.4487143456254
91424061,1343.3069719265334
67135880,2524.6618646098977
15528553,1551.57308691328
33657705,1470.247909686246
62553289,1502.5493245204998
60993054,988.1431743339701
42800613,1428.9349426016445
17769800,2720.135498486318
21401202,1499.4773023606608
52155473,1108.4501474185288
93304650,1327.5670929459552
51407728,1372.2492390893144
89543732,2205.189781563103
43419947,1885.888430212369
41488699,1394.4243318721617
60974422,1557.9459149717384
65352047,1162.4136337117588
37012905,1071.7828545805257
14787203,1595.2436671499815
29417973,1551.5372348660328
19835446,1957.6630120288853
43255500,1018.8073367272041
28812691,1517.6750176921419
18722953,1374.4973465575208
93227004,1735.2843185268782
35371569,1763.529829849078
12076594,2300.6423372111885
17330331,1760.3413223847488
70946197,2306.137055983189
44132847,1730.2669566856614
77445263,2053.5166110155724
56880921,1463.2626241108032
11480304,2525.540511227586
44407005,1973.1791987341298
57603851,1340.6946789407805
36951093,1625.8266578728153
18651476,1044.2564845931856
28758403,1916.8328139804496
29842235,1453.3250777750645
80915194,1351.43452814057
87361082,1861.0900848347098
67711479,1255.173314184892
96493355,1399.5372887425347
60783295,2328.517478737761
56178874,1270.5911145224634
36921713,2444.5343055793987
48581624,1425.928365827395
75576141,1318.7700204273704
20755403,1110.1552628809436
52097748,1691.9536087917043
30927924,1209.37621950154
52924618,1610.8156857517497
23083091,2220.283562102857
10593933,1609.3487219507215
14984647,1821.9165414750428
50764768,1150.4253012756071
42909851,790.3752743594116
47962891,2124.5850608849087
24155862,2008.5097989065448
96222874,1264.745512559861
76243625,1669.31289212475
83785580,1731.4985898238085
68046684,1459.7567885126684
35026518,1564.2727308705919
21144795,2303.869698680249
42304823,1770.5292404005972
32449171,1757.358631948671
67804951,1529.2961501334792
80988109,1279.1958202095789
31562948,1336.739598467774
80571715,1000.5809147401919
91879270,1122.0070012783872
80331872,1990.894080172137
39788137,1865.0733438687307
78186126,1729.6141266813252
34300076,1768.5433047898339
70710711,1404.5746841516245
19520201,2124.36397815917
75968232,1334.8607919902647
62441830,1517.5505606758124
87704160,1794.8446549943728
38039509,1991.8460305124493
87299257,2429.335966322287
34604480,1517.3602297529571
93559487,1535.1196819301535
35225951,1435.9729871858667
80500038,1661.4495470476998
88587318,1349.110128675856
72460444,1593.1666878622689
28502361,1809.5310188841265
91781888,1942.9595208454575
83528344,1535.0820360871953
15266445,1749.0235456710366
83532377,1197.3930601430616
74780110,1887.7742266270363
88664511,1427.0487429108844
81767501,1413.4303935548594
41015579,1866.799440015752
19338404,1889.7425761113343
14667759,2025.3969713798633
66260119,1534.8497125766908
20542479,1683.905644397624
54097170,2655.437033225339
35669653,1978.6233808358213
94127563,1141.764709832626
81488029,1851.7917795437718
93329952,2402.6345270301845
57217043,2401.934385384869
65522547,1524.2958267512067
73695068,1627.306809175517
13539769,1314.3627367162223
44056017,1556.0615698963122
46617581,1383.9845555177696
68464888,1709.5930460038894
45303083,1259.874050299197
86984156,1646.6358924956467
56630529,1297.92161877737
78254395,1168.5829620774098
30913049,2122.960670380892
82688614,1351.7938895599525
88893045,1376.3270485928888
94639808,1696.4190589796021
52742143,1493.3929535992302
64260968,1520.5987286217103
76546956,1768.4992598409765
83523035,2292.3328400444902
11013053,1949.640583993873
44130994,2056.043920623632
53796074,1266.9782945682534
35498168,1845.2155022237803
63562445,1184.3510735112943
42365113,1651.931227784845
54613679,1370.0464296209657
69835682,1082.286624963812
40747675,1237.076311057869
37071709,1392.319187094402
11644754,2508.621513933766
29456046,3183.93779116834
63575365,1200.0809713826768
62030210,2998.741777142542
84640048,2251.727312579963
61377846,2279.889052830341
72441550,1443.1270956759888
11270022,1607.5085570076915
70261792,1738.7693481684912
52404988,1558.6910130659337
84003906,1971.56415642106
31204633,1094.9845762330485
75242666,1999.3257756535627
49434528,1675.615867768084
42863318,1570.2915447679468
47571305,2322.3804526122904
66490879,1303.4170122071089
82396141,2510.4500963035566
96803616,746.9830008142761
10584088,1455.8430526588174
41994657,1770.8753253333666
87186973,1875.7568531882926
71213873,2375.3002370619224
49764305,1595.820956207878
43725149,1210.0257818736786
83812129,1708.3165152705446
63290164,1557.4773745820996
79318573,3132.0012675797598
10844028,2028.4561608791073
19798231,1248.2523770742991
97056407,1166.174709070454
32215003,1669.796642346289
94765090,1387.6229266968287
47235057,1726.8987258384736
94429036,1804.809752353378
19267342,1471.3970610537076
79884507,1636.888063399947
68548734,1618.446304508769
64679483,993.5720548602674
99761027,1398.3681300189808
77538039,1665.738311955904
28035639,1697.148586672196
66579510,1472.692250255945
50333547,1236.4070854298989
30957545,1749.155534868382
87343589,1322.37607317234
45470859,1818.1718533526905
57383256,1084.837309203927
62753404,2380.579994591455
65906932,1693.6911510949494
54060112,1717.3148345412633
88317327,1110.1760186287001
46875481,1470.0652953923816
86614127,1256.1603639546768
91675434,1773.0037712165904
83895227,1173.6439794960286
86365373,1850.1655198210449
19948626,1340.6447218537837
79630167,1463.9805692151929
89106944,1217.7327687756797
46083057,1665.8720659123408
96150610,1488.4097957665365
35015883,1519.0353088742784
69747407,2060.7332052533984
55538576,1370.3652080783584
97411049,1633.7425987108793
11519556,862.7780943371528
81677533,1281.9400105213401
60065328,934.8904668975781
91824420,2290.1036708232214
72549395,1584.0372686030623
75208950,1304.7984008186659
54258616,2295.7362403864063
28371507,1489.2762266307386
33800661,1668.271719374992
94718676,1107.6162208909195
98426094,1934.4312378965851
41019343,1873.7354468609046
55953203,1959.936043539804
97258831,2098.0194834638432
12406914,1343.4902536314596
54260975,1197.8139777699992
17839314,1686.642531526139
59228162,2267.09879042207
53104947,1666.0159906612557
13405871,1598.94796298797
30540873,1878.1670814552683
10681459,1596.728644310949
88488173,1647.4684014786067
11138134,1424.4873673558748
55965946,1746.3635984702967
21024415,2340.439700507208
98633407,1323.8500337273106
17665044,1802.2200637120654
52365929,1365.7428071128045
45919010,1377.0465932071634
29159751,1659.6590364692174
25938815,1498.4558349389097
31864619,1624.3487813131283
84907440,1731.8862219298512
55408023,1998.9231377887952
97513676,1214.7922718368513
71808636,1674.5890604582937
37329985,1462.488690560951
66719590,2071.993646225665
19832352,1164.3102254169203
63673893,2073.4558289676534
54185196,4516.237992175378
66171184,1321.1350471581113
15702584,1477.5627769268176
26362681,1351.7946054337992
15300602,813.6289435340573
54091216,1827.714648095622
41649165,1517.1189894959173
17221791,1399.8538705108276
60925601,2205.7087017724457
98579259,1636.5260549635927
84327985,1361.821984878513
42373455,2818.555296886512
51759034,3538.7580824107677
57369993,1215.1583844119064
86174456,1930.2568186370593
40095064,1212.3384919620266
36904267,1198.5559709251133
95653857,1489.250878426763
91047161,1297.232582671946
24858933,1267.9951102049138
43668504,1591.5583842865585
64688863,5537.371137373634
19394328,1553.5634890385336
90928544,1896.5107542013204
54501975,3006.0911342916584
55816692,1431.7861930721274
54235055,1487.066158104587
54802075,1779.2987269564585
44582261,1450.0106276530266
30580440,1304.062000217475
53586985,1555.6669521682284
45293131,1863.033167949347
61623792,2163.404056031693
12664255,4049.629130316298
99282552,1716.9250815607363
57422029,1593.5402412733847
95049365,1630.8966717710641
44630924,1655.3379547423483
59932513,2726.819874621685
79864196,2473.4450412263704
38025450,1088.9496819178937
43187524,1718.4385874958914
85710350,1961.2552135850092
39439329,2136.5740807167335
11767243,2146.0268935997524
40729807,1013.9550181955785
95837440,1960.3414436524463
62785546,1527.549267787404
18032525,3151.2061175537046
78515248,1120.6349255031953
64000264,1575.9142348650134
70932637,1367.3181281817126
56631286,1477.9008774165386
82611641,1489.8478566123147
14610215,2923.0559492985058
65282606,1943.239062755314
31080502,1363.4279086768734
66137109,2275.9195303499914
55286917,1605.153967747928
19462876,1231.450187984992
37235871,2245.946872453434
53584009,1339.3243325981455
99377565,2141.930122671296
82994298,1796.304906670582
64250472,1673.3576786001292
61269314,976.767563565182
26299312,1432.772540993315
97300018,2253.588253607472
74523665,1409.371854023625
19970243,1784.081055607655
14406104,1299.2908867029525
87865772,1396.1540562928933
12224440,965.5374871517758
62628011,1675.9107097247
30735313,1572.5030640027014
12214322,1543.2343940031285
80943078,1101.2554760544683
89421265,1819.4614464672816
72762674,2220.26450471143
55920835,1380.0286574120962
95456446,2191.5361629507047
96630600,1604.6696808929285
20077759,1567.9110723054246
77066065,1728.8454927671025
47856776,2252.753773005088
31685937,1443.072164712081
41522098,1517.0209815585895
30032101,1473.1105536610435
91606427,2663.622094632626
22900349,2046.6176320957416
43552678,2346.1169822458323
38881909,1719.6319271241332
77508029,1733.5198313415992
95128506,2089.68637648763
64627729,1173.6480499207287
56744301,1146.4259332058323
59338251,2405.721731585968
19662574,1207.5171237766046
92971829,1582.5482287019747
18409584,1699.0556738594948
71760159,2236.108354365051
43660858,1634.9384529688848
77997629,1794.174056300877
33928732,1207.8826116408964
68629875,1261.8671646559608
48480450,2230.3646319553236
54283664,1573.7512899624996
65942293,1878.3590347116324
95573502,1420.9179904293364
45086632,1181.2142976998905
23012000,1633.7826950083693
45395839,1683.9758566394312
15432712,1288.4947662400205
72298046,1719.8033045390607
84408769,1683.7423593032404
25246226,1331.966731168841
20056705,1862.8290501195004
67856036,1732.2973375196962
56138985,2198.6207367170114
89984541,1387.5917309789322
34860961,2514.2281693535683
55067089,1781.7798261655817
63717753,1818.717519604045
89165138,1552.0741305155595
22336894,1583.9421314367144
23089519,1432.0641596498806
74572156,1032.0836000782601
96120368,2653.211274743611
70734227,1996.5087928142866
43842124,2045.7313701467917
98567604,1573.445734127268
54538757,1777.5212553146368
40105171,2225.5023522935776
12135438,1606.6428906877452
73738446,1455.6078401234724
62385208,855.4406552998314
56062641,1973.3363418387235
60234485,1072.4592541338088
37490148,1025.0319525159316
73644773,1536.8805725817188
25147876,2244.8220418996225
98738159,1703.231568988491
36202424,1459.3768307246528
90053455,1678.2621726508871
34861961,1754.5339367390327
40235987,1584.2710945334736
25289802,809.795266066241
72831408,1962.3004794110955
62725172,1632.441719341137
20547868,1782.9312417570209
43821417,1379.9115406731164
39911650,1710.1747879212114
76282034,1465.3799897332021
93532589,1381.4517763742433
71389546,2056.8726867574546
26491098,1423.9943273344738
63364173,1174.070589011141
74256814,1091.5664671143572
35509595,1890.0253200637044
18139863,1852.6316362802982
68577776,1998.7126870909028
29522715,1572.5651331906743
77706518,1882.049040031461
14006179,1522.9596687819837
92579248,1826.7525255929809
59229974,2080.3991141729925
62295609,2373.6707541622054
84259414,1777.1281104256916
47815936,1184.8480464399793
81563963,1025.4687110634911
13005852,1493.1164886515598
62738558,1833.7820718595838
57070759,1151.534865942278
99600292,2065.8208233728874
94306787,1957.4995051094502
95225104,2176.4279155702693
55330216,1560.6295807913104
36532262,1695.0354575047013
46565446,1719.918402927351
49087723,1383.2501910283092
59534453,1525.5401647630126
48055811,2556.5584806614775
88400730,1899.136060738894
99040799,1299.0353786100834
54783545,2081.164311803633
51521420,2142.436634144848
62125112,889.562418529641
41533842,1364.535866298756
37548888,1666.3003252199724
15800993,1187.6779823986246
72777210,1648.5443590423895
27213732,794.2940493995458
86541928,1420.9850290416834
24899277,2487.9157883355583
87153365,1330.4200103671571
29377093,1966.810183688071
17126249,1759.7080196823463
83735200,1922.5944965959015
75294081,2189.873358250596
50305812,1171.5908001519128
80598326,1396.4477520882788
73085224,2195.4483753858667
36011967,1959.0844812038094
27344122,1416.5400022451947
65167661,2111.7272545212836
22697886,1345.7395609784846
79772982,1306.3906618088465
75656583,1149.2344978181536
28706133,1274.455140586898
94307664,1564.3155964061013
79181014,2058.203923156297
64940514,1440.6822350330426
42076518,1580.521341459333
38290514,1208.550719207574
12647465,1091.4420925581446
51615379,2137.068420979465
58583551,1823.017648900778
89324282,1991.5098178866865
53391853,1643.3913980556033
22488467,2192.6236904823195
77912827,2229.143574269493
92699296,1787.5632607329142
98391080,1361.6975285246688
25085429,1217.8782150108152
58232338,1840.3583839825094
40856740,3164.4897572448513
86463099,1524.2591030614412
30661871,1614.9192229171913
43294411,1600.0097293290933
95379944,1975.9441103257745
10473693,1712.0779828739235
60542399,1853.977338176926
52521598,1704.3764090824563
78214020,1290.6311453824003
42119756,1090.3060911317234
74645008,1222.3027847095589
68736704,1622.5667475908967
13851365,1941.3993176135036
10956933,1841.3555012179445
76588396,1604.4219971893185
48664414,2190.865130955978
75409758,1567.349392455205
60867152,1320.8482249618955
49408128,2072.3462449859453
32398201,1365.4523460394992
33820657,1254.6598365897605
99096183,1354.356649076166
71729207,1509.9004137623424
13424233,2882.827939617299
69313487,1326.310453937397
51427900,1361.5758891282214
20461232,1823.6929861437486
63893951,1243.2085282665978
93871936,1242.812847151947
63699477,1761.3344576802642
96362629,1524.6839785775246
53928117,1145.7610694413374
41164553,1184.1788671383013
36908648,1708.8272448567882
29666927,1958.610059856258
11938394,2088.2250700447307
52496134,1944.3239989685126
32481667,1851.237045730682
61487441,1533.5307047950412
78992007,1342.1987208225667
52895411,1419.456954251654
58726779,3838.7442277487107
20458217,2554.3149018947724
60265538,1755.1631806098974
48479448,1223.5968136150748
72404425,2084.4383673709576
91400370,1041.591114875557
56260955,1506.074730315203
65491665,1755.3318805567783
11663385,1235.402430635297
18615500,1072.2697362720783
87935522,1355.9800250662433
58889457,1877.2020443291788
19169471,2034.1327527652659
66133962,1862.794994370048
66731452,2034.8300429096928
39410896,1578.9446400207466
54940054,1362.6370058962034
10662394,1323.7335911215666
80972130,717.8031255725965
45235634,2330.3502961089284
32971413,937.2571807570034
79283360,1137.6208836790588
67055260,1211.2612252649924
56118755,1660.380518409792
29230461,1571.9885723625107
37178907,2122.241517076749
80400106,1753.7453949982696
67091284,1442.9384651057314
54160936,1536.0350305265454
26849200,1715.241665731719
49585462,1305.387882384843
29429374,1461.9462390249732
95616903,1961.6199214503235
40605040,1522.316769545438
77364221,1304.4383258412388
63366619,2082.45281879702
82932107,1500.339350498577
11504000,1981.0243306042034
66338948,1648.5380228024276
17704772,1673.9382596689084
70406271,1515.5048689223986
78457345,1574.5815358996833
47160363,2378.0575628094357
76792443,1118.6416394485393
76133904,2696.075309519446
30534387,2340.712890758357
27949452,2338.891164657234
98920505,1669.347649157773
79101538,2357.6934803377812
41201623,2497.430650701153
16952322,1597.0572584419137
97020909,1834.0172733601833
76043497,2056.719144876314
34495964,838.9207137875344
68971691,1352.6280263480314
68553106,1426.170403893036
90311747,1493.8450760879198
89361909,1767.542524739252
20406930,2544.6267496547607
38933836,1193.434465915892
38377549,2598.4778736729345
23346090,2477.2969837907276
12625694,1215.5333257756215
57311677,903.1176635396544
53924641,2818.8623061696817
36865701,1306.6289862066146
22626294,1364.483157745499
94697405,1737.7818663674684
89675917,1403.600494243184
28055737,1525.3456682522249
17371555,943.9740730469189
31452123,2287.547434584621
39910354,1546.8395061549525
16661684,1115.7666654513282
11696365,1903.4558129699958
13890760,1533.0205610706557
23308655,1623.5791562905224
58265470,1716.3118072579077
23915393,1707.8522007563315
47202387,1687.3658424779353
63170132,1493.854210486689
85663208,1918.8670577396356
11731667,1287.3898212735883
96387342,1168.2801764463895
56912577,1426.952854249996
96546739,1527.7444156221115
56118135,3045.8279583380922
65848480,1388.9553513490425
29524312,2033.9637395162692
61207733,1849.0830961562522
95068416,1549.9899796835657
93730714,3160.9490622656076
58209441,1607.2668810199627
77468100,1223.6610417842683
94556768,1380.0564677286334
66214153,1290.0982226506312
63178801,1263.7407720434892
47025809,1750.5729469200196
17223815,2541.3329738000757
26808769,1486.0627275436075
25114626,2728.570212210996
33184251,1292.5812894661512
38562723,1854.3265722447488
19383477,1345.2224774095982
81390291,1537.5309545138437
20998216,2852.711070477389
95233875,2069.4704333910117
36756234,1505.4154124368213
80596646,1876.1742044063221
92304937,1555.2859724175664
37613954,1193.62310995585
58590718,1823.7880022677464
53992915,1142.428236146245
54005253,769.4019604878472
68781482,1358.2214623205498
70720914,1589.719543533607
29283338,1244.642176234639
71373910,2026.6975845345564
82737999,1037.6936494597896
38789318,1752.1520626855886
50526394,833.7694126836093
24047944,1513.611841524989
56710540,1199.4737380843187
18038779,1580.5130525855425
87817642,1810.338084960938
54364617,2018.469206900586
49277751,1271.1949248277995
50647092,1163.883442929689
74938295,1394.6373152157603
94151619,1477.5846255384633
14146499,985.260720960915
44114070,1912.3067747695818
71013634,2075.1407165961646
92727921,1072.931772089345
23408005,1890.239957176811
55353418,2018.35520905659
42627732,1015.3672967026564
52380113,1828.0367778026666
76380932,2356.1264388960985
85051446,901.1926342735892
13441812,1193.2912242654327
75634466,1964.8928580741658
77418032,1545.6240728467073
26069913,1875.4744612367492
56951161,1201.4624829202116
65568116,1486.700690368014
61527594,1476.2487173116087
17428821,1542.4595855165696
23710142,741.2658422093938
95218141,2571.2106096800703
64929695,2141.033167499852
16991389,2106.0010643054375
28240625,1350.9630635775811
27547150,2443.965697116212
66381811,2900.35734281229
33749942,1367.802605184829
35190059,1419.5926005254198
63026525,1111.762336561653
52393671,1683.910344382849
32813270,1730.8613737496999
49072955,1285.8888637521309
39300176,1810.6404618131724
46915044,1896.6966476631496
59260240,1418.4743683364711
12697027,1253.377480603263
52828733,1210.5705918682397
73335938,1464.2713739068563
55961268,926.6501452349846
13325471,1482.1880782499659
29398613,1124.4945826227981
27052291,1414.6107468771088
15955952,1597.7582418795769
23271818,1800.1597185627452
99724134,1559.2663237654008
24071058,1368.7579919457157
31560904,2169.8680706457876
65419988,1393.72384069743
15085530,1211.4543390476158
19942722,1872.6973567586588
13275930,1293.4353803812508
22982323,1898.318968469981
36522599,1693.4108730956473
82021909,1446.9822110324478
68645790,2890.776304777669
54788650,1811.956256096774
42678082,1939.7070796728187
60925510,1177.1227751186855
88286089,1352.6620344768955
58263484,1636.464206960496
65619117,955.4308713197493
38104250,1753.2518714510936
13756583,1803.297559357911
60053914,1325.8160173610117
64871810,1648.2984844906325
58457956,1832.554251536843
46159970,1591.9305204225543
68250229,2385.8603594624356
47390028,1488.072702705225
32969075,855.1727529437233
53581810,1582.9876687093063
79530731,2012.8253619874963
24487509,1769.8738310032172
69933962,1424.3001527653219
65663302,1464.5851562830524
12423653,2037.1009388767561
58871872,2172.579281882921
58171151,1457.489138877532
30617224,1012.5885274810007
69106909,1982.719253558209
13212070,1443.6168860255814
68351771,904.139959664142
87624917,2026.7989376121866
11970895,1857.3129686921432
44431758,1574.262065448328
16633955,1285.885147696174
42590404,2389.0637950236664
86953915,2146.251795582789
15250738,1641.4670949572312
44832140,863.2806350782491
73698594,1374.262063729442
42128660,2010.595272418436
79549553,962.7942606202419
71619272,1617.3516106600841
42016649,1040.256372533771
61877206,973.2784576957872
56572912,2914.766643597135
71598751,1229.62180302976
34544077,2388.816469372453
28672236,1265.9430053038222
68689312,2614.954712544325
20267244,1813.9429734455707
68781454,1322.9217929480692
27270801,2309.842907216522
37219515,1727.98565846839
12011866,2362.9517610005637
98392715,1223.4509069959197
87201351,992.1371934603596
14908777,1100.6581651432941
34723195,2032.7503693159983
27339925,2179.246286211971
65420496,1445.6839824786277
40933008,1582.159875849326
47440503,1089.9776229652352
94970875,1244.844681198337
91029594,1871.48519794553
65336637,2417.5923486150878
82023374,2238.4619057233717
11380763,1544.086267644369
99699540,1422.0151853311652
52649545,1282.6394095127503
46299510,1516.67229141712
71452565,1079.6309321529657
67641699,1016.0593789647664
12714684,1508.6222277004422
60016742,1113.0693197472146
53641525,1395.0427034110444
43542290,2443.847057293676
32126954,1722.7907025197858
38213318,1664.6139194959324
19971849,1503.8140253992588
69256669,1499.2350105868577
23756854,2244.541730111609
62908704,1293.8138041985837
32399173,1661.0446682118798
39238887,2321.2070673422295
94428578,2351.9744916378045
52458139,1519.9895623162658
80574227,1247.4366130032577
90487261,1898.4080514498773
31852005,1179.0902967237632
24086418,1084.745245649318
82209864,1268.683881309132
29014855,1113.3164495203403
56782601,2037.8637028012454
24702075,1426.4963793517159
74660449,2755.8139854183914
40117654,1344.5701493588447
60385260,2554.659202206593
35958980,1784.5180982517377
69458629,1946.8597789152109
92886159,1459.3718246577453
97734269,2414.3553508246982
19053695,1757.9768428937778
22371112,2005.0518669751643
49183639,1625.5088665068577
53526975,1303.1375044835952
26290335,2220.1807965865023
13359830,1401.614080716729
39340686,1592.8346565168033
85521089,2165.5189272451335
26704193,1860.2075568015568
86626423,1905.9404780606083
80675333,2177.9149102844995
38369741,830.7131160938982
10428306,1749.796700367131
18197840,1127.291341374249
78586780,1885.2660319735344
40311310,1788.8077526190584
51507375,1500.9845692528124
10857110,1778.0916343599424
88736789,1610.7706182022753
10823128,1211.7798250048777
75933085,1714.6105082536003
87766438,2365.764477836605
64406530,1405.7569228780271
33833037,1705.8831949207263
51715740,1417.8860510378934
59611801,1774.9817413826186
74340374,1473.6420574569736
55507333,1930.58144044747
10416536,1749.1297020368224
43556040,1612.5613833131092
63137873,1916.0140842195938
70387789,1910.157577512894
29408506,1122.0628745125596
38244388,1603.1182884431353
26541311,1141.6941454726577
21032019,2165.773803283752
95710332,1746.1280339046139
80660421,1463.1277853071824
81086775,1915.154117133236
14692465,1640.5021130329656
35590067,1951.988342025667
37534494,1014.7098515611067
46669694,1215.7139328784165
68379291,1610.3886159287579
28943151,1638.2395997510166
85214973,1720.9212334146112
49160221,1100.0790109469597
57027484,2363.9280990680886
79515834,1970.5762348160165
48903593,1609.5640564516439
49944843,2093.5787614767883
15919205,1028.2664932647986
89043859,1298.767339086629
22557888,1624.78151016083
45588391,1593.434306099403
67323319,1426.1787637168006
67813677,2003.979685851021
94570366,1875.8921083367497
99333664,1400.5606692374124
62452475,1578.7188068182563
27164888,2169.3916842876447
13777597,2753.650637729492
58863729,1261.683520597233
75372835,1446.356343230418
46531922,1446.820375167399
22638297,1515.9595225553512
43377425,1446.7754657120472
45061752,1611.683986837796
87232001,1085.1905102641867
99721166,1384.4112142432891
63930988,1569.1943443282453
67323116,1616.3383360082494
90199043,1059.319055555412
16025812,2860.3622862703714
90192151,1765.648165196858
85194090,2400.712691941314
82716623,1939.7922973231834
70041588,1144.795737289263
10909503,1405.685114289501
38910820,1995.6024780926984
67605038,1804.9064223877674
22421268,1979.0358511696354
12483701,1466.4422028659376
99756084,1752.097348718717
72806047,1390.447635756989
82569264,1604.0172543636504
85085562,2296.070479251499
51688242,1421.064447378217
67031304,1620.3786204522037
67620733,1644.2513975622758
15399183,1496.4630886615635
83228475,1816.3474570227936
59551778,2325.3610188362504
58024179,1270.3537562514312
67130514,2592.7875105376575
36292117,3426.882693873774
40708056,2012.1468379134426
16154757,1750.1444609077148
56077131,1983.9375797919424
24589481,2046.0598616529094
73507348,1022.842736094791
98283340,1989.328538152506
78682956,1787.975644979279
48031966,2114.6012101728124
54069937,1236.686310655412
12509398,2133.571094302493
55254106,1387.2202163791194
99797445,1737.312363095562
46298966,1860.3431880659305
97439691,2607.5763914862223
77392495,1013.5305923383294
20307174,2016.9522698195549
99295729,1411.9938796209215
13479279,1874.1850339420243
57906842,1564.2308092664932
11957267,930.9224001250491
46011088,1440.7518635847475
40051988,1846.079989904182
76565808,2156.366891209427
38007540,2007.2131080100498
79111798,1245.2499919860343
44170417,1160.170902035778
81747003,1502.047678417719
10689207,1589.516481966653
68762949,1356.0981344548738
41533253,2130.783663602866
72624609,1513.1273322396517
95729378,1353.7481241896169
63404247,1898.4035481126111
66851416,1471.8694408015706
52878792,1367.3134378099296
69816189,735.9041485875541
93215948,1354.955423266812
82196067,1804.5818169336135
65951347,1306.124268992539
28150709,1421.3308667036476
26445964,1084.2673922030078
59886188,1351.3552928071792
47858132,1189.486302746013
10617528,1478.528613713253
26555436,2515.3041040513604
75176293,6236.544109429816
15592659,1535.2635315345674
17002563,2040.819190703523
65418918,1651.3788836943704
50328250,1547.6119161010417
29587649,1462.5865834519311
58771361,2368.5043900172923
11138502,1357.6390914871015
87806628,1615.5715684537786
92541302,1327.123581833483
20045193,1365.0772889063153
53943287,1410.3850326992692
72973012,1839.7029632711153
98243897,1539.1640576715217
50425980,1127.853016662279
53891279,1774.5371285379144
12653293,1336.730574511861
79516817,1565.6038425863271
57736550,2045.8825858800972
68504332,1149.5575537242803
51418176,1900.636578530564
52844688,1606.50440066643
14924228,1408.774315030522
17385055,1786.5944399920522
48584675,1830.9561896653622
84113591,2171.2286207922316
24176804,2150.4977283394364
42578288,943.9893883904458
22976178,1947.909998876893
59427067,2174.671585153134
62214101,1602.1666675651056
31095835,2318.6010699996264
61084952,2024.9390525316871
24538640,1321.0651348234553
17397516,1944.1190615739333
53588939,1220.337389223766
64801503,1353.2677738226696
22306102,1468.7310738330386
73464976,1558.9389569899802
25265317,1208.5360188421466
67321055,1770.810845411214
52652991,1402.7759709643674
77364707,3410.039185003353
28941979,1163.6204256861313
74248679,1367.3190375969314
67415672,1008.3436070735868
80048641,1791.5416264336282
42348096,1650.8578484675763
76460518,1097.6404308426027
34956566,1610.9560351259863
77002192,1670.0904271829324
88577445,781.4512330394448
38297974,1213.578190725468
97975641,2084.32526800672
15692698,1713.2021104977948
83507949,1564.943874811263
91740530,1611.3625339116559
37895673,1341.2340016120638
19139820,1832.8875838777915
89742287,1182.788491038994
63175133,1980.1268904240846
52867973,1683.1686579683571
16690451,1221.579976932058
37055011,1666.0598201785085
17248647,1505.6556533101957
17328412,2083.5376157479736
63923102,1633.933295331988
34421040,1650.239333986363
99940233,1803.299267912435
45814646,1725.9668823795475
58613984,1171.3973990427517
31285738,1208.6898368095196
35071743,1562.2532838160914
52223959,1622.2920067116793
61904367,1062.8216349051377
31525138,1538.9397310264717
73171290,1321.2697515239
44582195,1480.6625154984376
90109527,1427.6230622339658
26952082,1366.438663312994
53620380,1322.3924758355713
94287883,1069.8483084270765
77186365,1681.4101085871403
33864808,1647.001166579526
70959138,1762.4112077562838
52099246,2234.22022354065
22249291,2001.1933338174304
48803280,1369.1762813063474
89982531,2098.3643325633298
64289923,1262.9250405127627
22000557,1427.067334039506
26219747,1171.1769543842945
31130738,2395.6101880400556
32445244,1248.7710076095834
75236281,3081.9618623571287
13587715,1387.8116121838493
52514750,1262.3069722161608
90786271,1803.2353108133698
15005065,2191.553976389639
20097518,1126.5592023291933
50625868,2118.6378115135117
84412981,1562.361028426539
92773944,1982.4602279962414
25312123,942.1035570590007
70396417,1849.2531154235137
54865863,2426.1355830385255
35803808,758.9188424875193
59597265,854.7003985233266
93311848,2295.4904295906726
32340446,1695.699787508578
96794801,1664.2856189089648
40380864,1416.5166066831864
82007689,1844.2768901073327
84851707,2333.420788858862
83174692,1902.2748174698104
59083400,1812.766214459483
17580169,1250.8226241381155
18219500,1410.9782800857283
87811781,1679.2754047267804
14088369,1058.9507322467714
67659430,2325.2720482695213
42456496,2159.149978607496
87353322,1677.8098416336302
13917344,1066.4701356811395
19886405,1535.5992379387496
77800166,2331.316430103862
77068569,1786.018470560512
88362858,1578.0196332265325
71241476,2675.3819672947784
24814654,1321.6298250024429
46691706,2751.140056040832
79162545,2071.4386309076563
42908985,1825.2349698340374
74936566,888.5254467072152
19620916,1939.7133701485564
54347722,1487.4136837904573
90271799,1476.1428076110676
25414359,1343.8329822839164
35809369,2481.295761799328
57731323,2372.7018523775123
37887687,2245.2944729850547
76623206,1477.324030794203
69954876,2437.9067911469697
78180146,1884.409621270647
90681578,1442.48288088481
41794614,1426.4463989556202
83295852,1773.8418260960996
31156145,2695.118197323999
62711916,2379.2951646160873
74676618,1501.8697821346993
43248708,1660.8454264666552
69180825,1523.7807391262545
75624999,864.8076730406437
37667208,1175.5510865355552
77810578,1347.6391008565367
47115768,1806.5897029943037
81589304,1399.7551472850043
74472711,1523.3632031531265
82711188,2180.059885174181
55272778,1957.4989163983153
98229885,1338.2172864879574
70058028,1869.1101688093247
90729377,1846.526108795032
13401279,1202.6062397674739
85519612,2544.0741391194615
17006769,1592.8134772299597
99888523,1406.0337313909774
22354297,2226.830618117724
43508583,2050.7244843928347
96795828,1469.8352985901226
96608998,1965.7128689309618
67452091,1296.4430472769463
40571985,1590.6888845040885
15232782,1571.0743166125749
86789043,865.3849920874072
14046478,1793.7725342950457
45515801,1349.4208034096248
26318506,1666.6584600258786
34584473,1343.1966500826177
15369631,1994.3651643173216
26479383,1251.537555860172
81346470,1000.9270061664051
83197984,2140.1344932675665
70331904,1076.379934949335
78907246,1771.9413271534927
42709019,1902.6079427453174
97184353,871.338567097233
35589537,875.1151924106937
83942112,1325.9508309035593
58293013,2048.133753918137
78567689,837.66193581414
88610012,1868.028843902613
68628621,1714.2932471049405
51584806,1230.9194651343767
29419986,1255.2651014948176
21476578,2007.5666030812279
77370060,1549.5103046839624
33607448,2612.8422332396262
47890072,1397.0116376437716
11234362,1203.8608560978112
70681971,1097.808110031477
45196219,1989.863653388432
58136807,1501.9478476335323
21383428,1937.9373514917877
38088367,1696.5387221572867
57071133,1395.9515740951688
83834449,1757.796494310266
72194210,1310.0474795986347
14582584,1397.678698885155
16017322,1479.023488358597
18598541,1214.5118155708171
82812670,1473.7011562412436
53563234,2914.526321960773
63779141,1697.851188289249
70854456,1829.162299164226
83535660,880.6247514133568
51099419,955.5627815148798
30503407,1344.0636326503438
90802363,1277.7151568361899
84057874,1295.1741548856983
93637941,1284.438971835851
33888588,1194.4516208976015
78183407,1585.9969160694598
88497510,1635.3406828893085
88829918,1535.4140541191568
72639649,1726.0863287621492
15627595,1704.3401920147328
68832460,2575.972006707419
31734310,976.7703169615611
69212161,1965.2159711656584
62980146,1387.80623742555
69972227,1801.1019023560514
53162285,1095.0300103350203
10963473,1753.4747955808884
65276908,1332.3382729805958
72611634,1421.050589424156
81292347,1542.0274627490926
34705944,1250.3063694453506
54322977,1419.3177074691712
27155431,1346.1891237345042
61373056,1493.2836698372023
64530093,2037.5253391242343
44187538,2363.5907093806745
29110806,1182.699313126354
34026881,1633.5646444853965
67734035,1687.9225048137025
90355788,1988.9559838037667
76930932,1329.7236704618301
31194080,1494.8602321137514
26948420,1527.7958798709053
60117998,1489.1055450560616
23540580,1870.6630791368343
29255361,1756.6937170144413
47322059,1370.0156082837118
50570727,1683.7498737394692
71874386,1251.5315159992435
27325447,1174.8709368807893
92986477,2558.1162492141348
27856293,1680.9274101300682
55159001,1620.6823356876596
88660196,1649.3468696875127
82148252,2276.281112686132
15421314,1798.8422959712814
27620141,1422.261786241355
12348320,2985.2311970310975
84344897,2314.6719637870024
10950855,1704.8107827225338
44290434,1578.175682364521
84843689,1321.752675655793
85814690,1200.977088420534
60406086,1060.573963539883
35395832,1906.903948013748
54621645,1396.4694235731567
29154162,1516.7660611042556
40230589,941.3648976907311
46902130,2401.3909899657674
70579622,1886.1375765977778
86272378,1514.8029916232476
12294631,1741.1174750227358
29412564,1258.975039868055
88089176,2240.371620146487
91193188,1546.279321150537
36523137,1248.5228675114797
54050884,1835.3894135112976
19187985,997.8800552578243
91884750,481.7264433367012
77985469,1039.861369281101
19362736,1242.625193861622
37641826,1219.921648702613
17997673,1525.881884795653
12296621,1428.6474575023774
94210085,1428.5522639678475
84475360,1749.9636355893865
44450631,2520.8647349725034
96917819,1747.9339520877702
76581579,1476.4362411768618
16376842,1002.3766278139888
20378565,1870.3664980439507
67149501,1342.9600574142646
74149592,1524.0531881957538
55437574,1126.40602704401
86258875,1158.8967720555033
25154125,1539.807681973909
64289878,1289.4834359022975
59484061,3704.927830196812
39600891,2022.2902767543408
40907835,1209.878373064367
47183606,1459.7396095737427
71132260,2249.5595561104724
19424487,2037.7694480380987
35720925,1517.8004611477663
74210516,2518.9643742339454
53089641,1647.9128961619272
27778699,2486.037425464938
73489375,2779.1238231022726
46042524,1058.789354082377
59554727,1726.6358072219734
31273971,1734.0609151963517
31543147,1203.728876243044
74490349,1592.314181918654
65190591,1062.4304031725194
21122660,1635.348560035101
54597323,1901.7218324971673
77569150,1179.3924909758864
68093533,1362.3574498731105
87099884,944.0854237993071
64825958,1020.5759484130381
27545112,1491.7828803601517
87791632,1554.603574797901
93384265,1976.7829631326817
64047299,1132.9056119115007
23357980,1519.510583693548
88585802,1445.1169398793515
26754357,1980.2011711187974
99964380,2561.8863081514237
63611208,897.7218444281809
10618556,1078.6025412961667
12155276,1482.7091883321254
56528554,1687.907091400316
72203638,2293.283394202228
48174886,1791.1650481472038
25749233,1884.6213196679005
11912269,1257.8603714153012
14181748,2003.193557446259
77013810,1890.9099281481876
59885886,1534.0031663168368
92982194,2241.601816949872
88065861,1710.3268394435408
14857189,1754.7472348139395
60358916,2004.3251986237274
72265262,1489.076433843856
20471623,1688.6300689790626
88951362,1520.0850318170046
22364003,1685.960638101934
85137999,1770.528899695076
84176549,1770.8107806260107
25849299,1272.4007830910384
21233903,1630.345151573911
95963515,1432.5204739623832
47630408,1588.8904665015782
38763223,1286.4030726265253
34812513,2482.3848059505813
77372953,1024.0844953900234
74724495,1859.3820687321556
34162435,1807.2035215041258
60046268,3329.3708156836938
19475755,1390.1791313041265
89620481,1175.097047485466
26981207,2445.164709827905
13918048,1292.7349958843956
36590125,1473.6187173741941
78119113,1022.5645594831685
43245514,1661.029641510274
88082339,909.5691201586844
62738760,1442.5716676135694
55254407,2671.200662807797
85112378,1591.98746076289
40490983,1118.546422621285
44048989,1513.8906496691893
15551565,1583.0892165831935
27681538,1262.1245336996105
98232104,1276.1832978553725
14018289,1485.8219075109193
82522150,2752.7730452446
65483357,1154.4724636905294
94158408,1637.9275246594095
50266167,1977.8039415342855
28805175,1996.6623698826265
93929668,1035.497149722597
15540290,1576.6061177558813
98661090,1523.6269190657852
50074109,1575.0041903151853
85017115,1373.2237644142817
99914220,2236.693239031321
76334714,1556.4965048895956
38140938,1567.3883004561794
93933852,1156.4147685656733
13190892,1660.308404066015
67747085,3546.734158250184
96389355,1866.6829381987448
42380180,1212.8511483188647
55522772,1534.5169296964814
18839853,1531.9588184452334
93030803,1761.2270985529246
19574384,1507.5446854864222
17501488,1510.1413058662795
92757638,1065.9279420945065
47546392,1689.6494366574075
56569095,1829.636690969736
34392418,1808.1864197801754
49367171,1805.547070976474
37669142,1338.1450260289614
33580264,2090.9127598427362
52617381,1424.706704274656
13011861,1531.1986613937524
97498208,2139.830671263075
53388262,1522.5502367929262
63018369,1641.4178679903189
59266953,2359.1388065199653
33256210,1456.811771040263
26585585,1485.146201209117
43342989,4148.533074893166
81962175,2352.9337437872996
54752385,1474.7984739619365
12906623,1046.1798051745359
12144505,2449.982090472807
47329191,1544.2677282004797
35302686,1653.0461798360536
29541158,1453.3997313220104
80447228,1444.1666005138509
56399590,1667.1364187637948
44327442,1535.4563344639885
65756284,2258.15766560469
13967851,2622.5007177001594
33766889,2377.7780458690922
70886578,1296.3918388342067
85448456,1610.8278461192735
24208719,1487.7029252649118
72059158,2001.1238530141961
30666083,1480.575240001782
45090209,2129.2561324768044
79520644,1968.1200172998924
41015799,1692.6060000686948
22610356,988.4420672840472
46940244,1193.3625166123338
21443863,1290.8874726750255
63769088,2316.4570238898464
32298027,1454.7547850783699
26046152,2078.0243693192483
60326272,1491.720991318326
24693880,1749.909877104252
18317166,1802.759182719162
64265688,2350.69455027633
27910854,1259.4531462924067
56810750,2272.0584132905637
97007881,1242.0267575743699
90317702,2883.78090542072
81231529,1575.2954085891995
85899649,1480.7276214267886
92087175,1384.4802985884787
24070483,1526.8807069390948
87629146,1050.9193385532874
11101794,1489.5864200272567
67889079,1685.5601445499901
25576186,1623.4805990282543
67657245,1832.016070773442
74992266,1468.6997254830853
83091668,1384.8284777962447
41547362,1385.2174944778608
75141878,2797.857684289676
11562295,899.4494871981449
23748006,1588.8735628753282
89825179,1333.02707994816
46505766,2686.3784287672743
36098274,2108.0366624002927
61326956,2031.895334316108
69020339,1408.2177621728033
35844282,894.1221896360373
86014291,1783.2590527191262
72500654,1330.71594959543
11567986,786.4111396515882
95910506,1022.8914131898546
73565600,1846.1694881985081
83729347,3845.3366856415378
39689433,1153.278613994836
26513864,1183.904463116243
20449852,1526.2943475061375
10382065,1556.9783733179484
61096786,1179.7979486867343
40823824,1605.5248379159407
95687753,1112.7914154100192
88043962,2019.9668305814891
43192291,1705.5439801837713
18631499,1544.225086595959
27194752,2523.894430618915
48023684,2753.8911923154806
76180232,2154.5240609228435
99345059,1544.075403544982
46554999,1358.9776325222797
57537267,1343.8747713000578
72087202,1322.3572627963724
60008708,1369.9390374563188
13534295,1361.9779003385725
90971189,1879.5660661920203
55662480,933.5659065603256
81189360,1541.8404713809725
49401774,1782.4994587141657
12131946,1756.7262040954759
78732926,1879.7700667347174
38392538,2313.425546512661
64273801,1498.6402668554317
62858255,2488.5271551997866
13288053,1661.9083707310285
80940080,1057.3028106282577
73197703,2146.2486828084225
88918806,1551.5331944113286
45088467,2118.845623872579
42105313,2168.689525270666
51515302,1614.5024511376275
85071892,1269.717962098494
23401512,1246.0721963585058
70514922,1394.3948974334319
53367560,1694.696323618974
30799466,1124.6981846793667
87442307,1536.9236733068374
84081332,1694.28221606722
87505658,1080.5480218412943
10151086,1991.4003453508612
19254776,2196.492106966507
38019521,1336.2346520980113
40151098,1857.0096880114297
75965212,2290.779125955159
38667600,1269.3880058261518
55646285,1517.1506024796988
35548301,1383.0230562256415
18737005,2307.989578398338
76771390,1701.768230341224
23778594,2771.122340049642
63739797,1251.75984510384
40559434,1795.8318189365764
15970404,1348.0526423335057
41963393,1582.230873237053
36850376,1733.6348796602151
30703622,1151.9959640645045
53681130,1558.2736657589755
52524172,2960.8706968038227
78986568,1771.561995394553
60868659,1808.6290787872606
55970571,1379.8535626970731
69603000,1297.8650159442068
24475423,1064.3388247685243
30105284,1090.9461443851446
42638975,2515.4781452523102
54205765,2203.3766958038727
77026950,2241.056045687372
55738198,3200.899256335824
49309757,1737.347654209112
52256145,1697.5004676724568
14972722,1346.9697781436842
47613103,881.5249425472553
31244414,1793.3300613684169
67669646,1791.7769784697696
85221335,1483.1711343278678
29598209,1386.3863507725314
64960038,1618.9493402864
36072721,2129.5282020360373
48855526,2175.3822015813694
40290168,1436.9701366084917
84094689,1866.9432155347204
64780070,1409.1184213246402
62238032,1444.0306117612993
44102009,2018.1286844358583
13443938,1481.588823060681
27288438,1239.9637448312528
26505769,2097.237839698497
62425735,1914.554104272914
41742405,1964.202139411016
35508108,1529.8543579706575
67267851,1484.275629871693
65786198,2155.7460690772673
69652252,1452.9898147815652
78338794,1901.4068153126743
98205508,3020.238645049051
90079134,1893.3587294864508
89240929,2274.1221584836962
59365630,1262.0819853081696
16423455,1583.9569695859195
30410578,1400.822958444797
41943183,1955.1142450686457
17181615,1295.0121242474934
31537031,1531.5179648535477
55634963,1358.2411304160955
14790401,1770.9853034699647
49470022,1333.7688816938291
68137744,1941.2132123323527
10800640,1199.2881510480759
82878129,1318.0593289853227
98099360,1829.4177416172918
36414556,1984.5530070124319
74858657,1063.3209320809854
41406039,1356.7261826386723
67297495,1197.1979814957779
98019387,1683.4425355317906
17133275,1453.8254451941368
44434588,1091.950098640212
23385843,1718.7161576250758
51805988,1747.8569450835762
65443150,1853.7013739463998
77624321,1477.987133786331
80056192,1516.3458662932715
92008819,1467.676621346649
78973038,948.2373232859188
36356168,1668.4251734430618
23051465,1349.4202561673055
18225590,1606.6262023806667
30705007,1500.3298851145844
51916309,1591.715654166415
49014177,2172.363513800109
46939883,1722.7683427341865
27552020,1358.0823411622423
76064439,1211.0748934047824
42732794,1867.97189553412
78185687,1025.506092030033
37150067,1415.6799125366829
60216204,1455.044578599876
67861895,1899.7800692607025
82668831,1127.2337315251386
26865256,1366.5968733479776
20296005,1587.5676087196557
91164112,1539.7268160098442
48751412,1648.4113845064549
92672083,1874.600194015721
66451503,2065.8845882021096
79223008,1338.5619225753464
86295795,1346.114573481935
12188395,1080.5273917735224
33148873,1201.667181013562
18236078,1751.5079392353182
53763750,1179.698882194955
90278346,1666.7225567589544
23921552,1457.93054754032
60806947,2552.0444616684654
87988487,1182.667314292822
33594333,1464.4260633905747
51767697,1585.938057681093
76176593,1699.649098091393
20106678,1805.8881082932846
89323122,1237.6057144144509
15084276,1821.2348362986952
46737280,1925.734827537046
27725859,1195.1085456050575
47502584,1464.65699803654
89375361,2438.6733298495765
54279167,1563.6780965378189
62834953,1149.9199050927043
51358955,1596.767308140431
43105700,1511.7749264255488
71610282,1320.0617702119293
79952909,1982.3003951055107
86913278,1346.9452065308546
72344233,1919.7626621719037
41143291,1195.922483316374
47312733,1544.9963455515654
73376655,1536.972506698688
44219943,1047.0096329335465
18665144,1390.7694069285628
38016360,1771.2206568564568
50277432,1410.3695229403895
14668690,1312.6263672196935
44041678,1927.787997941275
68597599,965.6023583941032
55600173,1688.8195030457698
78109218,2659.326692009091
43432402,2089.539299633913
57793276,1824.5280335184723
82143513,1696.968769851297
13373907,2612.3884447667433
78336625,2340.7773188683286
51821030,1927.01882227839
57620512,1000.6048700560038
94840760,1518.8937056627597
71866671,1710.2479999380994
12967437,2946.9031719685013
94620585,1421.8000410552465
45148967,2164.659015686386
28096166,1261.446303439188
76948857,1517.411647260283
44584760,1201.2598292378464
36577484,1965.285412134424
63103602,2671.4632009679067
15647671,1819.8742015671148
86020607,1961.4724529481518
80235014,1493.2218393270691
40496834,1161.2290959389275
98549441,1723.9095818304777
71915619,1796.7470280236253
27813348,1882.697331796999
48090735,1566.7146100109012
91818207,1952.4243095035004
12597429,1286.172939145202
99318296,2346.908832914122
38085169,2514.013266671843
38823071,2010.0983388048633
61630311,1890.4504355532608
78195551,1981.9724350024667
88131419,1417.1112694741396
18300026,1457.6888804726088
99585455,1991.79076738042
51530595,1980.7143691103954
94166971,1275.2120799979164
13633057,3226.176206831497
68298368,1187.9912925509675
69215865,1887.0111345115547
30064972,2090.647701046151
96997224,1584.4490772997347
45138943,1113.5379985380907
21749235,2147.793205167786
62856234,3479.532905304654
23982292,958.5412355766259
17686144,2169.036253942382
57256437,1903.1584196969757
85469927,1481.7249224406762
14451732,2281.4791820193796
85268432,1517.4939576460617
64602955,1209.2987491790898
74101500,729.1185529819013
80083521,1500.496026491689
11433359,2398.274701130385
99198713,1259.594230920089
12281135,1314.2884130407656
60094475,1604.810770510642
18817746,1325.2258431851083
80803307,1918.4294972389002
50415370,1361.2687132718893
65098425,1641.7528571757503
52785060,1310.913275651457
76797423,1546.728195238751
57752962,2333.6827087519896
30340212,1546.761396113072
17309152,2572.092863430487
29046975,1901.4962083805226
58339630,1607.6364408360678
38269849,953.9172323129858
65498444,1396.9114063220522
56278811,918.2874577203218
65904109,1155.4060914286008
34436387,2062.8821580978956
83162633,1682.4415532704745
41922575,1392.4212443327822
67606284,1442.455425375407
74148614,1425.0650098331053
31898202,1578.1775162872839
12816787,1864.7396548011363
73390625,4449.950806999498
44602780,1620.6520006472344
59497966,2396.8838432772186
33304284,1433.3891294089801
70931726,1544.4367823769094
44381487,1427.9125485578656
55483533,1594.947362191844
41096987,3097.2324579352544
60844342,2762.3261209829016
46382270,1101.658082119803
41975761,1412.599674604591
20086347,1163.814430517793
82572177,1652.6529789167894
27871083,1211.563879154152
47060550,1689.573081213677
44062914,2178.6435001576433
29352791,2651.026319138457
42368060,1439.986690564134
83186065,1741.6321292768107
86750602,2003.241424111544
18043718,1333.2963225983021
85319365,1358.122470667695
93521329,1310.973309422591
68774400,1595.6166462446345
27686846,1515.885505686637
73144512,2331.7656179966966
47707941,1412.9158980346228
91947483,1543.791990376199
54467473,1967.8858093382837
25827075,1388.1021382629508
99472188,1592.5546100494419
29814538,1909.8102167153274
98588385,1253.707604886575
15032563,2459.711334580038
73738020,1874.7741956810771
11480212,2534.2716085081474
75221745,1646.817908203216
19968090,1593.3403142639395
70404205,1359.3845628842573
68659791,1676.1983748876544
33092757,979.6539582248467
78193594,1972.29721037426
98198145,2498.28866931306
99767011,1817.4099705648057
56688046,1561.5637030216594
66475382,1138.8039373035504
75692782,1878.029157657247
26808729,1633.5552920379807
32171695,1465.1577600079765
88456703,1675.5558666410836
20999557,1442.4961054057953
28934979,1314.2907415305237
37107836,1603.9889793737127
50278467,1524.1317133502075
61940174,1442.7495466157586
17559774,1578.6979255976332
21430086,1944.0431789446206
10776426,1376.9113230154887
98097088,1837.743744215149
43113087,1200.7192411058031
12862019,2617.4922321850386
44592366,1154.7375700458037
96886172,1472.5812933516575
96480201,972.8888399243892
85983502,1593.3584651321453
23038927,1000.751411773864
53573032,1746.2171734201593
34553934,1505.4983652836002
51249487,1540.9432140617716
85349173,1445.9010928232635
40895869,1247.3256497752677
99256510,2121.776319331577
76469230,1411.2473884269366
18165718,1938.1461813083388
96264289,1430.5802840974172
20452221,2299.738809005468
15739031,1368.3585660777348
75157790,1617.337874953765
28901434,2437.9746429613397
98941473,1356.7939642616493
84489512,1259.8217020764148
11168890,2049.5345596283446
45041073,2086.0426258258635
85582491,1470.840268922828
14863106,1589.9865438406628
53607444,1240.6568773038293
39640829,866.0968127715628
83896205,1300.04775131524
66887097,2138.8710039109783
54562627,2295.398670283459
60923346,1847.0044453985704
85626709,1384.374241119733
11687354,1301.7387703262543
99055900,1254.47228196327
94176139,2051.014396486484
65142810,1431.7287505742581
21025866,1460.5773841127802
86231352,1589.3771943481452
94223565,817.3585102584254
53094412,1743.5496159146358
16579300,1902.0998605574805
68788821,1598.6937672286258
22347006,1386.3397755894248
89447420,1605.8429880623974
92132840,1761.146143618043
61120099,1462.3474837351728
66390529,1701.272448844947
36752526,1839.7921341128927
28673093,2532.7929445258605
60187719,1374.87559121042
47937195,1024.404015401889
18528428,1797.7767667863438
72855294,2242.2336555338375
77314174,1242.7008704669497
74208091,1342.9866013870585
25265856,1104.5014174936894
43541187,1940.7639008011615
22027673,3615.0661954841034
39533389,1539.6969442439558
28548263,1713.2741237625407
78891989,1509.48607324398
68562696,1774.3905149837483
45297826,1848.7040276215791
14532340,1640.894129680497
42487332,1261.5989697566279
79497837,962.5087454866673
48787566,1383.1355425024262
43024895,1312.1149161393153
54043001,3019.177587989525
18517095,1135.0932720363949
42190640,1592.9312620677504
81702926,1631.9657235579612
20584669,1376.8066277116789
48104361,1272.886228846945
95781341,1899.7975462840714
42595500,1318.6204847981992
34081689,1344.5907668151758
18465181,1607.2958413266176
87028165,1224.3740819610343
25157413,1530.9982456462526
33500861,1679.4911095853445
22501784,2023.8145171782407
90954690,1538.5435155419082
12079890,1318.956403551781
24560931,1479.9327920979601
57180097,1680.6919401736345
53805689,1238.5459724913658
54653374,2081.6994355252396
79714919,1670.6641332457104
52629831,1038.7341159961727
30315883,2055.334212617818
55900800,1567.3737709799398
62528560,2680.8367884798627
17439043,1909.4187018328878
64302335,2299.9920865071563
53498595,1455.2514688832287
92248005,3540.00242329666
65132848,1968.8881642668632
54712644,775.9811583000251
26501578,1231.1858600960022
57973578,1786.8228537719428
64849387,2098.430355221636
38331875,2244.4462748671167
84564845,1282.1927453188232
34335614,1689.322706679418
18851658,974.3508324830316
10997678,1304.5559323678474
40768250,1259.1824578162025
47646719,1292.8361259530598
92937467,2125.9699516359656
61661397,1723.1039501562755
48317061,1196.055645189436
97216589,1617.9764870040524
39977323,1385.9383524657867
46445975,739.3674778644239
94283551,2151.7194992913446
49677766,1302.7977592460882
85991335,1990.704964588473
23059563,1813.315074082068
98641777,1557.5229422200116
62115510,1102.9904770778292
63322573,2344.003695411996
88463974,1520.3127025925487
29063398,2251.506157938881
94756964,1749.213867806077
84286445,1404.2397250125334
86644899,1554.1016498243384
58366829,3127.2507917694347
87935193,2029.7361786147158
65710078,1148.322742860797
55211028,1047.9879374156017
20090342,2164.572219618972
17885846,1817.5091733683726
87917108,1572.0462798088904
35243872,2269.4060880156176
78681572,1448.2398356494496
36496663,2628.17408611681
88567292,2477.2263037580046
90883683,1663.0664949071752
77163639,1747.1676509931872
70680981,1645.1850224107748
72230973,1453.7092698311442
13786940,1717.2050130860612
56650323,1996.2894284046456
67337097,2051.0607810803235
65297160,1234.2717752948784
23393351,1069.9068224449375
43711949,2013.04513726609
45998905,1855.7559009153745
94413146,2198.9960243748883
30684529,1423.2688713255482
28147355,1701.897995726183
14737001,1579.6728229717673
55758535,2585.215795968725
95914131,1651.5688749222481
95400320,1359.3992212378355
29157079,1411.559446858928
34838551,1309.672904575437
79573538,2093.660473721571
53853858,1314.7265414667704
46958037,1978.181879215276
40355076,1341.9765867466117
79162800,2068.2656436202024
61449541,1604.892228789939
68870249,987.3040325872255
13256146,1915.2973154659517
23687793,1027.8064483512405
49330994,1872.6713714248192
47955268,1662.949085233627
24572229,1023.5283783670627
85493065,1566.2558824483149
95994562,881.0623709581162
86822089,1283.7196604873884
38878729,1215.6447456621986
83459912,2865.8738187677473
40295244,1477.8275036327227
95702507,1819.3806316131638
97865744,2175.7542458697544
81724417,1342.8090833354447
22296895,1412.1409204730073
25100739,1660.3145144338118
11994578,1315.157245871638
43823713,1671.2080573565036
57595389,2427.9052373092172
37162594,1822.4724229041074
51432674,2295.151834059544
96977947,1932.0782410241663
69353041,1346.2477449847188
97471377,1056.1392297807975
78888703,1313.2173937241948
58472902,2609.73053461326
77647159,2239.7164290934143
63649430,1277.8286246196149
11295973,1605.635476952012
11886952,2239.5368810884356
31115337,2121.9672614332158
53945582,1534.6092584726325
73391100,1430.1690049494405
16170017,1302.7164478898324
96391937,1501.189975775737
49663888,1531.1201842814828
37966282,2128.6756204530366
91789209,1515.1789538791566
47228126,1481.595681019486
26588476,969.49797306248
87591569,1558.4023440240805
15315145,1763.3686618438917
70198893,2015.5934343569022
61666968,2105.471701783674
22175686,894.5462241442135
63396595,2063.5379540865297
18727617,1867.1649866284329
19777468,1280.216199651798
30527873,1372.076353254884
95114158,1087.6012581915536
41739701,1352.1629821622118
11369670,1182.0032447982658
74973026,1341.033520276506
73622781,1696.803253099727
52281834,1366.740427212258
16897176,1850.169300449499
63339672,2013.4993951449444
94319057,1954.5086971963374
89357552,2195.3630471733636
24886317,1521.072469702366
59666869,1397.724208106113
72430983,1736.9854103085386
85345596,1433.4863150822148
24218852,1423.5194229479873
82044920,1723.907945999586
28204462,1404.8378708578307
25544623,1880.3057072095207
98645538,1837.329223951639
35786181,1239.5929737703843
56759514,1484.27312816159
94979414,1398.437527963959
52508190,2193.8299015048947
49317061,1696.8627251787325
76293520,1679.4839031200129
67067662,1756.614743169946
11847526,1778.5898973057367
14139283,845.2093123003708
35602964,1844.4840600568366
61092334,2370.53679035811
69270579,965.3370322789822
47517321,1895.0038704773283
10542988,1660.7775760197264
66912082,2924.1899753159373
42445139,1997.485083958883
73053729,1272.4451246584508
96699423,1228.868846406115
18843679,1816.6058846666099
86433075,1526.5082665045572
26883104,1352.9339302909939
19601132,2152.973015987115
37017650,1418.364956980948
83138933,1524.0026232806686
73247661,1648.1131395912284
59307450,1874.8002647791575
31131827,1380.6062732298492
69966233,1772.3298626552198
40243877,2408.653879876453
41951589,1625.0738160650944
36031262,1764.1213242077465
42623413,1926.8491269840026
67891203,2005.135151097601
51970188,1658.198855065316
24213498,1449.7663430513537
96242069,1846.0638284734925
41943430,1747.764251227382
89189267,1174.2435992906658
19898345,1074.1502427434132
60572858,1457.275920778876
34988552,2507.7595070219368
91110384,1583.6572561701944
75957507,2083.619279162131
64422949,1390.0260410887015
93823627,937.5500902219599
93745711,1963.8807435572621
17782008,1153.2053859695168
40016743,887.6472847120306
78676337,1885.3523026092537
96591242,1648.6686466125768
83545822,1248.7231799025462
89501773,1040.194288068325
19293886,1661.8990376290399
58534753,1599.5889753366948
56198063,1389.8005700673891
60777659,1767.2367388088915
65431978,1283.911693632239
94604898,1626.362027546053
76197738,2305.229243791453
81980523,1800.9301409380198
41676275,1398.7454858121373
36497965,1689.9455940688415
23177824,2027.8868405929645
85192608,1252.6016556660236
30289672,1540.3740672810998
98138275,2252.445302885989
57817320,1088.2872382269254
42234307,1533.6958284952973
35893634,1147.1931346157232
18195993,2102.4172797828423
98403244,2906.6987862749857
63004294,1430.256481747147
54567579,1802.9935471796064
91568379,2367.5906301836008
82476880,1250.6406043577006
55652262,1213.8554941875427
20373341,1311.4914447885917
58632297,2132.4591756505556
24786934,2194.1494031913253
43722745,1800.7625545410017
87508719,2323.4488483499736
80752603,934.3425317797517
16698668,2079.615763287021
78798734,1526.3079799176796
18461999,2283.81969383379
81299277,1679.867522036715
91417891,1524.5267786786662
25190830,1908.798263696169
73164327,991.8551506347669
92759943,2353.327159706698
18785269,897.5877203301384
67717385,1709.594024119861
68136920,1899.0994230553326
77810360,1559.1539386969068
62012820,1679.539784057609
55983128,1530.6130262630566
28119370,2114.4246572101533
34978717,1445.363199547886
52374215,1350.7780296164858
66651771,1050.8151042992356
49306420,1920.037800334626
57524470,1990.3269397482577
50884173,1936.9852629934644
41477733,1620.317583640106
14875840,1845.581810328486
11186021,1251.1649553149318
36355598,2339.1894786912176
54557949,1896.46607199372
69426516,1648.0839736757252
92092667,2076.318138633877
52668902,1520.2532185457205
63561915,1173.9060510184354
11154750,1893.3389533488341
48765039,1261.721824353024
91136342,1545.267103089968
41265217,1420.6074293237987
25331950,1430.2514074486837
59339185,1679.6397762663967
59925803,1131.424160647281
15169957,1374.5087076252985
14437249,1712.056722082657
98971521,1773.2370625342128
26418410,1630.6098169222503
85892267,1868.7744799647742
29358885,1090.5700007622436
90069301,1767.8980825114186
11408026,2064.072747404
77952900,2824.558748165291
83752708,1953.977126520296
15243872,1488.139647990573
20649757,1208.3838110738477
94157069,982.6751321973575
80138291,2269.5874939680543
79658232,2533.39542843732
20876663,1546.1869633334375
66248879,1675.8919340632929
98196787,1666.5519705862403
11070217,1137.5265910224891
54123194,2203.1357291522254
86862821,2658.859400085318
40252559,1585.0226582880944
60519623,1124.3622425052124
11098932,1579.7122582903967
77544004,1856.1498079881255
43855714,1601.6605019572398
57112829,1551.7645563142
69104738,1344.0912422809179
51426009,1611.391411411571
96759585,1447.492197552961
61695552,1453.3818609867828
29335973,1343.263074906005
86711404,1729.765610164091
96132003,1380.1270696926524
71930157,1317.3519090210534
24207989,1137.4405361893216
81239737,1149.6414370576915
19246532,811.8174582193749
12541440,1210.4929531619653
10876544,1989.4373240310088
11012723,1609.6143603556318
38854043,1136.359633389782
78679072,1581.8089981798064
39567200,1705.3258208114685
59107952,1624.86168507169
79981461,2130.0369328800425
16385065,1694.631596686042
42418677,1691.368145139975
26750207,1421.097030290394
92430939,1679.3704209868488
22967094,1408.711808601585
40195159,1566.734899682846
72466218,960.1474270612041
34482136,2401.2327669593037
13940540,1547.2909153205183
22725269,1888.5977250987457
78995555,1617.255726258388
73638726,2989.070101665974
64722395,1498.0430436668094
89563722,1452.099979111172
32568591,2000.2681730112884
45801232,1741.0207241131013
20301291,2159.878317251411
40244043,1802.3637865928092
64129406,1338.831598172806
72297320,2173.177052897144
13456518,2079.4134661942153
27325248,1428.5559171131433
33468754,1751.3260027382985
60910395,1556.197783726804
32681832,1748.0774591505988
21428869,1630.3741603819649
86653666,1913.2993018207044
32786522,1312.213055621117
64027869,1350.5127282681635
34126567,1499.3056111206447
42278394,1865.6396497897151
95376056,2324.992037336501
99562015,1231.1564372588534
15133980,1409.5334369946215
54026308,1097.9703097328536
76441994,1472.0047434713035
94110128,1905.2531792178925
20201258,1723.5673517843272
84604326,1772.8583222195998
27309117,974.9551174562437
85307886,951.8132337770082
68918906,1623.1067974712596
16328223,3589.9181710215644
18599779,1638.0051096494096
54032168,1985.9073479249746
56206271,1712.6763743691654
20991939,1259.570172025376
78007881,1186.8431807946065
43136632,2076.7049137943204
26961880,1837.3097926197727
59246484,2928.101216586095
97485255,1183.8957648655207
21548886,1345.7519303157699
41405520,1631.3127868617235
17265204,1296.8357341076344
57594370,1312.3079641458762
86204456,1652.033521543151
47896500,1337.6348547266534
49072175,1806.371174161937
57819104,2560.3564474038035
38029807,1520.337920978176
72219430,1462.2726361119057
51835434,1544.0670002042345
40820294,1101.3205938436415
39676991,1551.2438201509697
47329975,1505.9225834433555
40515929,1408.7899367375453
49496398,1200.3718157665128
79829278,2989.5799403038945
25676253,1817.4729767464264
83511561,1927.2955487540198
97282391,1346.007084650049
48159381,1682.8659824781942
26133617,1126.8672878744871
14830790,1292.1612138946089
38458641,2120.664746338142
92902816,1309.1168561809995
67366474,2167.8240549687393
12931119,1769.8391415203432
29119450,1671.5718018251137
69182586,1745.5838613668245
95601790,2053.1538516181818
37235321,1980.574384674223
18453791,2101.8573476440183
73959998,2301.51153472833
85145437,2221.255869632574
20490331,1613.1251742898767
40505076,1408.140055387498
39895736,1687.6402602172732
36927127,1544.24543611268
68104733,1804.6383673897346
65498526,1701.6983959716413
29077796,827.880180874942
12700500,1865.0810188687863
23234787,2075.817571920918
32248328,1754.0667615607686
47710917,1016.3284263864666
53904169,1608.610825570436
41795394,2208.0584173561147
81931808,1757.0153619850307
89546300,1904.8945888555231
81512800,1263.549560975184
74490322,1025.7780930999497
77716971,2175.557678931371
76509280,1636.6404524899292
86774198,1388.6985035170912
63795592,2914.2087092054876
15728342,2678.02558675993
97525554,1441.579864122927
81201227,2046.6538156747597
98995752,1060.2863620798425
88336972,2776.3727596837366
56577963,1666.7686590737546
73375002,1501.38596367911
92846400,1723.798812312275
63160455,2848.8755406627465
31277941,2132.925839497791
44244750,1493.0823336455924
46198195,1186.2768898869165
92939641,1254.3282911382116
97399227,1002.8483229024016
32829265,1473.9264101731555
73813213,2615.6275282542565
71142772,2219.56585676703
26186456,1392.4250148059543
86118507,1457.7244507924797
91253288,1561.626461740328
16739260,1872.8448678237105
97712970,1644.8736685185122
33709101,1838.4023529646959
97473173,1066.3566069198628
84445365,1846.219477527651
33683407,1590.4429219803794
55156833,3288.711147695328
39198647,1360.2708983537048
84859914,2251.0615397813326
42321053,1145.8246294130747
26496602,1728.2237912843236
87373088,1207.6765996606202
18576200,1777.2162197899668
30304669,1250.5492765563386
97043852,2299.9739048508873
65885111,1719.9359936869337
67235670,1904.986846868188
70791484,1312.518423819682
80687580,1817.2689146895118
15865255,1955.3940258146965
50517128,2147.862324001371
72791395,1999.8104238002952
43267986,2874.51872814501
93567577,1216.2670671834808
15107743,1234.7898544687584
50225644,949.1539471340561
50174181,1397.8886575535118
41401409,1166.7260168211267
80395755,1619.9864658962665
58616743,1476.8264619186184
62863764,1738.1322132579287
54033467,1273.594889796173
36905471,1896.0768595882748
68728934,1402.0119520199098
11399296,2012.951736016612
42319589,1185.344690955263
71193471,1229.5759129355258
67728154,1312.412110392889
99252537,1681.1271756540743
69554397,1615.6665905004363
57406844,1481.5738758400225
17460622,902.9848502591595
29136908,1939.9845016532659
88836387,1239.0893973738046
56749521,1404.045711851497
42038296,1492.372010469972
27575312,2108.802670819391
27787635,1658.3996747720134
22639453,1666.4728160231002
95074248,2516.062552204539
62398547,1627.7773469141841
48210895,1785.1753632613581
87163679,1837.6507523256037
84638479,1437.5033219650288
74277222,1278.2073440180827
47124707,2555.997568488819
29597912,1697.613549255071
73217471,3191.9655486372603
54203733,1324.7353033948984
86493934,1470.0182080272177
50925419,2220.580040453336
36161210,1646.0025341166354
18638157,1433.5802651810886
95763224,1838.6473039742798
92017449,1264.7156871020986
30955049,2079.563634523206
88464978,1592.442556725651
81709003,1195.9135553682372
94640782,1260.175560600898
28684873,1409.8291087374953
82032258,1789.2645285023677
81929396,1099.0657739086332
69137949,1949.0355279665575
58556748,816.4084844865977
83494716,2610.3452877343357
51219421,2066.6552165649
20118968,1192.2087346431804
56424305,1810.931201189057
91040440,2486.7739106289323
82249910,1794.5350918730712
65005094,2005.8769871100899
14333847,1344.9143094130752
79940622,1917.0614498949271
36407377,1358.7678814869755
16485177,798.2519631307389
19967320,1133.638964845906
86757224,1117.9188354975408
47859734,718.5718083131586
15329881,2536.59170838137
38097629,1806.6007389244423
63914375,1389.3576116101783
68107359,1088.4416094086557
30898448,1776.8723451737885
62098958,1076.3515288615552
82555231,1482.22817643919
74537472,1443.9452109991223
53883476,1276.5758410728029
87349008,2668.833794447595
60387770,1542.4130117897878
76029782,1780.0623441605358
17330605,1698.30811834376
73592240,1837.7952954714233
46762043,2173.781822178125
35726404,1927.5462283342479
19188826,1912.0368854743797
69934099,1146.9100359636002
98236292,1527.0856464245896
66601351,3384.8848309912564
24082367,1434.5343795990436
86399833,1637.2659926509134
29406161,1809.8957286096468
77568118,1475.3274728752801
68454220,1568.9299910543964
20326815,1739.5229444298318
96392075,2129.7284568113914
43846930,1404.329521493212
64059970,1821.6103648360138
59660323,1436.8094496342046
30664289,1430.1421811064097
80504110,1649.3571096430148
69214158,1421.9768206199824
37153701,1827.3662898344692
94463524,1778.5547400270623
27069908,1560.2423018541872
19881454,1920.4022630820273
62073736,1699.3970755160353
81301863,1621.2912266469343
84692821,2256.5581634359933
18061173,1231.1849493727618
20396165,1558.251713919208
90290263,1711.430519488007
53205197,1606.7779672593058
71639333,3165.3988712374007
26581527,1711.8636001069106
88753189,1964.3798143829872
12152481,2499.495278094194
66369748,1758.1265447521569
31086360,1499.2848709981479
68141078,1423.4645348762758
87072389,1852.5463177855138
97229380,1427.931923809186
14239930,1128.3916496668473
47067735,1842.2075771419215
23013670,1213.237403894583
91166617,1530.9942920990527
46464430,1852.727147261835
48307993,1279.81591924421
65322743,2502.1972619175954
50086685,1655.435658186624
65335801,915.7754532085871
83887090,1844.6838141916649
79333390,1691.0108359153733
84490520,1609.2696278748283
90753494,3336.3051988696307
17091898,2705.01105204013
94064213,802.6685405364412
76172003,2213.047131302924
36639874,1438.5249826061397
93190659,1867.8096147654232
77671761,1064.299957176048
64459243,1784.665040443464
92415904,1499.9928866954692
22451687,1452.112247801069
99098676,1953.438926943239
96250656,1856.6703639945117
43637666,1502.7738147496361
87755511,1845.590806343371
39642098,1442.868497538246
29533984,1596.346865991327
57860445,1418.8247702224473
33335103,1586.2714009953315
40928352,1257.7633966873711
66938624,1838.285586189786
97908221,1438.4128560656814
32317269,1296.358073010039
56374872,1211.8897504629565
56164704,2575.3054015758908
16557670,1447.281413594307
57350487,2281.8708695662094
73640189,1223.371250197942
28886856,1659.4545066366802
66838952,1195.486313675237
73125445,2858.136592852076
89817544,1515.6209983642277
69175507,1341.1935366514165
93099722,1852.601416802367
42498618,847.1323538319298
58133975,1356.7710313626865
50823382,1504.0724126632347
82720881,2370.7838436277452
47566077,2476.6814773985698
77236358,1952.871168609121
24977235,2836.981029936607
82212369,2822.1803688669925
61416619,1649.5833091118388
14011629,1098.9331885065546
47820649,1111.081697994041
87027470,1259.2711676083206
84406467,794.9677386198252
18483336,1801.5755550991776
11745857,955.6728713298498
72009137,2075.2583881500095
21373342,1433.1033822457625
50764118,1549.5891093408559
17876513,2743.609405671895
21573530,2596.986320438302
62535056,2281.3711687389737
52924658,1568.760234483126
59116751,1576.6007912868474
96464552,1636.0309699925208
41877592,1970.1278971531517
27556664,1127.098396594372
82049392,1544.7651743295037
21890177,2296.0094158030456
84019657,1223.7283808110192
70836939,1358.5644104556795
73269246,1243.7854233039384
65430516,2088.1877000008803
15552867,1888.3979263125864
16632045,1558.2103279948356
58510236,2110.502577010129
94607287,1205.1645466009754
16582909,1141.2518301013806
91254889,2405.603827944504
52951693,1470.8162552613571
42015762,2199.8119805300666
39537878,1539.008855427087
75334066,2269.4103656927664
15509168,1810.8661318862871
21848464,1217.277520308178
15512926,1784.6490515632818
19852776,1315.46045280365
98991290,1601.6416942294254
67867067,1630.4754201659548
75069265,2249.5684603887566
33163007,1014.0334861728697
72461037,1293.6569966963186
79368575,1977.4398133594916
19283832,1565.6243945367767
74686369,961.4372270271524
42431987,1038.2471729669726
49107046,1963.1800865205323
21631633,1450.1122388894057
57757752,1286.9548099452184
64260092,1999.1842727139735
23733208,2214.1186050947563
81359267,1755.0372835866417
78964700,1636.4864005880345
33821569,1781.8058047519826
52189182,1118.2645592732804
67362415,2195.212095320533
32252347,1568.80862126898
42461075,1332.9786606881028
42564953,1933.4664525441049
53441096,1371.510188506895
28942045,1344.6624411143348
92173510,1602.138908348036
37939234,1922.1297090002681
83072941,2884.2983390533145
72001493,1957.9888960538533
88722560,1037.9161628875167
24458695,1946.9573140444907
34236973,848.7144579317999
63527431,2597.1296953198257
35020078,1821.8316115985192
96240931,2612.318717854599
96449025,1193.5560667527875
73324268,1070.940511115984
20943504,1633.6093646645575
65163807,1082.369851486737
65735235,1416.1711092051398
34006121,3059.969020961095
11206259,2186.8215021096203
21142225,1679.8420319675981
43933688,1537.0683817627046
20195114,1382.6626962778712
18089453,1818.2482201156815
87927482,3020.5321827747166
72119177,1259.876068325288
68722653,1405.5115176577854
99012228,1673.4423145866565
95191404,1395.4885706003486
68494900,1268.6233845980878
11789848,1635.937571315103
51367435,1796.465097365306
83199690,1297.9514711855834
44222449,1301.1028561526607
97059152,1290.6907669710995
21321783,1306.560673275403
89238156,1652.2017224545793
75658495,1357.8345682016518
80514422,1046.0929699837125
80098101,2127.1002154698945
57507250,2003.7211660539592
82869937,1464.0875477371278
64737683,2694.995259170489
64663030,1240.3455767055739
22362250,928.3362111973565
51054867,1134.9574352594793
60302181,1749.260504324586
89897892,1911.697993548586
99745406,1692.1826875749932
52137793,1698.558883465215
94617943,1900.2268624025644
92402481,1722.7984965572007
29177060,1650.3489827738968
96789879,1962.2016338727103
16733828,1504.3187807441261
69997197,1926.5380674611458
80009529,1526.7966988283201
70971147,2079.9267794923285
89268742,1688.4132212858165
81559172,1778.871339787348
19799436,1680.5989183085155
96316683,1597.3763105677363
16202604,3157.345784035423
99234264,1499.6494633830036
89790861,1518.6372233393363
80624261,1342.1649888272764
98327008,1483.827612250822
43114030,1852.953084997886
38992659,1101.3138035684326
26185292,1727.8234486476258
84958392,3522.313792628531
63532044,2187.011059374435
72780852,1423.996578758286
63755363,1929.8903103719306
63435369,2314.929450739413
49085103,1299.9700789091244
39826465,1457.934435573807
89335030,1124.214835050468
92393797,2043.9161905640194
36385689,1272.296461055409
14218024,1104.973591008452
43067447,2431.5574584648566
11821155,1914.0142765836886
96671043,1275.2112436948946
64977532,1888.5368620675085
51923648,1662.6545528953413
52082499,1639.9475757397815
58693008,1182.3322516129595
77432555,2064.0404945571686
11692478,2826.1498483465334
88536020,1433.5422081779395
13996971,1546.0185956723828
92291100,1693.3401813651858
77799089,2554.1804768281536
46970679,1320.6973335056941
96819382,1869.5678468817764
25751312,2514.896971423925
89990705,1057.4865247527878
52038068,1616.2459141240843
32344173,3874.4283800478916
33993191,1382.4845437079737
52279123,2331.4805972502845
18496274,819.1020859145008
89490563,1635.5819528709433
17329696,1911.3593869298193
16967446,1558.8788631286882
80888202,1205.9971123209116
14661504,2056.5023494903976
19604443,1796.6926109937872
37821572,1098.180911179316
88831769,1632.7127910052345
32405077,1856.4110485890676
52763362,1398.6765990520116
75573252,1662.778379860768
54781465,2199.5649003095305
22599480,2018.0307496452792
93311234,1075.0178673889877
69925053,1383.9857208346125
12598333,1864.7804610534165
94909106,2057.2698385285416
86019408,2618.4526610484722
96477826,1452.454935245966
47575439,1943.6755819684881
44219472,1299.3124305696895
14808414,2000.9549484514214
51535602,1308.4159095915552
85960705,1457.4721113066257
52391461,1447.817059089295
81172596,2499.7078932886425
11351493,1790.2368391516109
72733290,1040.3380635669218
74877854,1587.543663316366
27680792,1316.9573264348733
44946524,1953.4211587791071
23475779,1816.8247859255712
48465422,1156.5478064873032
52076835,1299.2163042481436
44646564,1484.7472845747998
87277346,1277.4777293185628
47973044,1650.3109322161858
75500097,3489.579419514765
36145678,866.0264251566898
85625020,1470.3864150678642
97404967,1462.051366507625
11411712,2336.8972872378536
80164594,1122.0313808643475
30555374,1085.7328070836406
93243676,1810.1018715045575
12801610,1062.4635536842463
58651288,1092.7904909108472
52409464,2317.3001079710543
26481577,1947.6647154832372
99557550,1078.4688071402436
92346786,1044.4247749760382
33277389,1104.5788380781494
78792921,1510.344413464085
89378277,1805.3538587760397
82856305,1667.708003623764
30767488,1632.1025800441819
36397903,1324.156327810799
64870928,656.8282022930409
11575457,3684.6228027761335
39041845,1375.3452522676532
92898654,1912.4439874262919
16929732,1532.9069143582635
33334714,1206.6462011850103
12221534,1933.0971077179204
73945645,1507.5098078423493
68971550,1524.4319693596062
75565371,2062.8156344638255
59677619,1264.2463822414356
93539814,2130.809010787824
24106217,1532.1633430347338
55020351,1462.588340412444
15672017,1533.9035069630406
10841847,1457.335412975275
86946687,1290.378306652343
99799054,1884.4220585452656
81128474,762.3143275171511
80366080,1317.0031054424996
10218336,1287.254482244079
72351128,1433.5256878342793
56132260,1496.1364181940048
99301338,2707.45776961014
84453738,1300.681275306655
58188871,1855.7754714696948
81971342,2673.0299163760333
94124547,1438.91826416295
32266038,1679.159471930075
71760843,1562.8450672182219
77203995,1555.3422212435264
84611651,1453.1436555779965
76627771,2029.906676409111
12653847,1697.9735325182332
43336328,1639.1195467101202
91500607,1608.1317697934255
68213549,1478.188714695911
35549327,904.9168706412308
80808916,1514.8078607538419
17110481,1544.2041255854729
99587119,1137.2773201242312
92334856,2611.1822991247163
53359226,1487.1146671903614
80618402,2844.115562140287
41703808,2019.7546516504674
19195409,916.0082294397946
76941149,1710.6074074039698
97584818,1381.77024754388
56683377,1601.756216150447
67011320,2049.0630903435963
15480221,1771.8017695319159
68081328,2377.4355580177944
55487684,3472.434512704569
74199206,2519.5248646811424
90165063,1710.0053995023954
36193583,1773.9291031075993
10917950,1268.9211615825063
92870312,2087.1898169694246
72030717,1944.4965441709178
17113758,3001.176332449104
89153386,1426.8128430600732
45809568,1747.5603082826283
30803532,1547.186778484394
41936053,1743.119208981631
14429173,1618.062482689825
86629786,1728.5622901028837
60024688,1726.8266793210857
75100924,1806.580463702164
19587468,1374.8801673983835
88088850,1473.3978868570846
14339658,1330.221789516226
93643220,1493.069588838273
61257147,1862.5513690602888
47372664,1759.0121916319056
72551157,1373.238488478101
70006271,1605.4308910660286
66160499,1040.4432376670954
14115358,1237.1730218210232
24138292,1951.1531207256892
81649352,1603.0487627556251
86450554,1345.6249631456062
43772724,1702.2713573915735
76147600,1722.889447967489
37814705,1798.360303722182
79438450,1840.27321207617
30374304,1421.7633818560764
54234194,1171.0348856699454
94516994,1832.944132258331
15639119,1852.535334411676
98234744,2687.0480399083085
84292967,1312.3208497300864
14583946,2044.4605482310512
74680521,1355.117639328073
10214287,2065.740921063423
43877051,1398.372256616224
28904050,1351.8561400968836
62063260,1945.013731113978
50651267,1713.3848822096006
76093719,1512.9062175223578
42788012,1375.3990223581907
64271564,2547.373421352983
36033563,2315.131714188497
32364760,1644.6530224562412
82718318,2294.2940224207227
42781597,1490.1251264175485
63047151,1310.7074436334158
54331908,1737.7472393844253
88556646,1147.692854464847
80038856,1657.9069898557423
62561061,1515.670764142726
65834717,1296.6275664656698
80358828,1815.3039827960747
35099840,1958.4355984124943
50872993,1459.0683637564036
80223193,1871.7013738785452
28448374,1653.038495577502
92231676,1686.5919428340978
65717894,1580.9234312764295
86298764,1457.1450510785714
76299579,966.213847051122
15449921,1300.5105940890544
44677435,1471.3267852588106
75188492,1535.132630761578
99785392,1525.811318787432
27084775,1325.4964912103521
34483861,1552.108303059052
44135541,1840.1196341011637
85537076,1300.7009661120567
32577802,2139.6010636437095
58632323,1735.2410848271102
65794441,1469.9926780334908
91626972,1529.1420319758913
80568466,1297.5962054133047
19317452,1289.6102691142378
19462773,1126.8212325783552
16861573,2017.4264482274139
61543398,1283.606635080521
67189144,1715.1878596524548
46184090,1170.5737290300985
14969625,1015.0483991340529
12339000,1402.741391654088
87651999,1312.8428271036696
48444572,1583.3029130369464
43026767,1113.123146530332
25666315,2074.3730792819993
85141494,2030.7456967826631
10196732,1335.789568606341
89772932,1141.2117162426039
76197106,1635.5967145717855
35668637,965.5694279451884
47789451,1246.7923552464677
11772481,2338.39900780119
92352486,2129.4003360137413
74959731,1341.2723973665716
24006644,1191.122961181903
70184471,2241.7162223701353
63616459,1826.6501415429711
65420176,1473.198400024505
52778454,2967.597907220804
20334394,2435.322042815612
29566160,1981.2915254349332
41218910,2132.3976923162636
57645530,1121.3155175102604
32753016,2402.1951710826115
53485349,1547.6349518632471
99359057,1512.3924749742393
50033107,1489.9140904088754
21562381,1788.3207310613752
77828671,2496.258355364998
59082786,1399.7910680349644
99756703,1141.9706076580144
62477883,1181.9302446176498
62194095,1759.6498620674183
77240295,1603.4404828090262
78173906,1371.9187529974984
51850860,2383.3587764469294
36247163,2349.1501466811014
80372868,1293.87151631779
55810884,1459.1136981382667
39425335,1159.3492018225852
64769998,1510.3640919802035
74184119,1687.6216345952312
30910517,3228.1005460293827
82036794,2144.9174774022117
27288556,1465.7812229848614
73750248,1187.5041007459506
93836103,2229.0748256086144
21006367,1600.091295807025
93898545,1244.6347553793514
94582565,2140.2667186585804
13137522,1281.6422206511604
31604761,1584.4710852009487
60718232,1235.6813041396235
22356430,1214.4954356619555
39386475,2713.2524215183857
16350350,1570.5190877833786
70755780,1626.4134114639783
55920671,2335.0335810048173
30409198,1411.4085102131705
12366994,3114.6309986628385
99624161,1789.2215593273543
27085439,1805.1864926790117
26222780,1349.190216389217
13513100,2116.414224945453
83619693,930.8610603435357
65230131,937.7787730056018
74197231,1501.7514907809812
16535315,1332.6473010217414
49313519,1539.0021395588421
54192335,1525.795490459012
80736897,1744.6079415655693
99406225,1795.8993150041524
67818530,2929.5131819257876
84284655,1377.6653439412037
30897932,1256.3643920697552
32254189,1417.8184002358453
31849680,1790.7115228190949
41359333,2223.984525355423
66456629,2562.5625252943937
68729486,1612.9916145625762
40630348,1743.308309192092
93988333,1661.636259139651
47811524,1081.4653647154305
98617237,1621.0394817616595
20362387,1224.0363466590024
84645660,1068.9299857333795
16861971,1686.3658355467683
34588999,1385.824783536096
53427517,1097.1371349654096
42513475,2024.788542693805
57705547,1645.59733532634
49742880,1636.8514981808767
66920323,1886.6897788255585
12354776,1328.2212732210014
25840613,1709.4908352101868
45114259,2007.9492666369547
49079923,1695.8856575759226
63116367,1041.8485562605092
63802912,2083.7725010168583
48974796,1338.49223065926
30061599,1114.339308785509
68578654,2204.9707310186955
54173227,1515.1404504237478
96680380,2078.8406366526815
23868064,1385.2330199220519
51824090,1705.808543957786
34839733,1229.1011509455004
80054187,1920.1921671248099
12685572,1627.5856821446846
41567061,2485.9765240508054
94877842,1216.2825398327038
58492968,1000.2432818506381
71326484,1071.0679359969126
70920278,1944.3324307218509
54663137,1701.0112157200467
32126460,2037.2450446156824
54874790,1879.679728143411
13538436,1491.5128375178952
30100038,926.5330307132199
80017866,1062.2729889539364
64347455,2644.7712763381037
13683069,1882.5476741300783
48039428,2320.5336478782333
99567150,1551.3312123780893
85509215,1101.3390572039834
60668698,2106.2094665723525
12191456,1919.866617780513
77765786,1605.7260659033975
12528361,1127.5030650092933
58442957,988.8643239379942
54303594,903.3366949796318
27681147,1415.420249482014
69098569,1222.6185129541711
95221316,2042.1652627463732
40109548,1702.3524036686201
55576313,1063.7388950514091
53153958,1517.1076217182313
21200840,1602.8424239871601
50894265,1084.959683094633
23626838,3802.149929131529
12418418,2105.7577530167623
22706358,1606.7598272448859
45395670,1368.3570409046977
87327017,1554.9056086596506
13017114,2078.0281948974844
32271547,2161.619263461195
74538679,2091.457471600558
39506103,1546.913650149702
46816166,1369.4878594596826
66503105,1807.363024501134
65579176,1843.8427994269007
40074247,1742.039796563009
91310031,1518.525853687695
77444410,1898.0255238659643
69955281,1679.2161193482348
67331105,1839.2896705715332
45643632,1669.7100792597582
73282363,1325.220889085164
13642505,1408.8728300001742
68901430,1745.5243186789912
89906679,2085.6425121644343
52711886,1185.1288193185849
79575331,1416.24659904291
92616283,1343.0025153845636
30763055,1158.1941764452915
16611953,1607.8583859023063
33070179,1477.9816810270397
80347205,1707.344796717448
83995335,1829.283672574285
14535805,2441.0319366443523
84879838,1573.7734020127289
11864901,1414.8232149287376
14658965,1157.630066888453
24293507,1442.1971717631309
70453525,1701.8389072215214
87798104,1286.3345639044471
19197193,1596.3415859993238
28284548,1789.227346603833
86044842,1682.0618085967367
23057275,1840.009921509008
27985337,2226.1569022413337
22587547,1132.55298062835
12855508,2895.707884232714
64337495,2119.325138924146
86712331,2246.4860685042077
61189156,1432.2379117314529
91594873,1773.3448011293
54835971,2026.210734727362
44370830,909.4212051456018
23684803,1493.7779277351997
92481929,1847.0581581814897
35638424,1615.0181649989515
25657749,980.0081290767675
39381975,1470.7522244107859
72999107,1722.9169596576107
25818586,2010.1648815480544
58036789,1921.4114702514769
94320377,1566.7404420547732
47110506,2288.999811721323
66399362,1847.5082045696272
68909982,1563.051540419274
16073310,1521.753872650389
43288405,1129.094555840464
71579560,1760.1331012213614
16507355,3443.611414172868
48802207,1270.7566066163138
89915294,1728.4916669801785
97679852,2299.3297049964344
29217698,1967.2768498615715
27435911,2777.8072098547386
78879242,2084.4318124588826
27175130,1582.991032824587
29020135,1072.4336162557834
78626569,1253.4708046211363
71067812,1347.8589850179753
96690513,1543.5936686027055
95531962,1865.4766669489659
98356800,1107.060779526028
86104439,1153.8755764083187
55595900,2204.168752156045
75208610,2045.4085375276272
15300209,2136.911786772976
61949363,1157.659754660786
65881085,1693.2589695868023
66803690,959.2855454796056
71508510,1761.7433858536933
77429269,1207.146742720763
70868754,2655.8648025208067
93223292,1921.1946481723685
70378280,1467.042824377397
72142932,1311.111306209554
88911193,1246.0790104855832
89761834,1755.4439346324898
36836619,1703.0976859367354
53134062,1466.8482198042038
98828461,1967.9307731731978
55370391,2335.5110673562426
69978664,1405.8548142362158
48824111,1414.0953655949802
11383415,1602.4988798266759
89041808,1885.6443018313992
31864759,1737.426459627687
85436725,1471.371569923116
12287678,2601.824441640424
54577919,1615.3632275865093
69095778,1455.3213943079943
86755087,1542.3304731792252
87570494,1540.3339520729476
42971075,1653.9135562191234
19251821,1023.3198077523018
40154766,1248.1887007795603
86599495,1732.7111699890972
88331508,2262.343944873388
70254717,1433.9135065279845
32105523,1587.483635846586
42241465,1287.6111897510684
66334048,1456.0110005455047
56657286,1380.6194185224329
99489082,1581.5609246046743
89634976,1745.573708513867
22529712,2064.9271106520237
93452559,1824.516500664254
75276107,2489.6049467736993
57620607,1282.1678953592352
11822194,2242.888846590231
85101585,1756.9363383373072
73640715,1910.3909557108796
18114714,1318.8985727889074
62352450,1456.901386014
88096618,1947.9756328189696
76855836,1349.0406541999673
76968795,1968.3023282528093
19089688,1498.9516360486784
93669020,1247.2086696565018
32221954,696.5486174117053
80149491,1271.133470348954
90863370,1453.2595022660903
18955449,1838.1052566609235
46106075,1261.3892710333432
64362412,1255.7928597411956
13228942,1272.319433463133
18238798,943.0870685266079
17197174,1382.852203911281
56883307,1509.4532455025
43838074,1590.3775456536157
94366977,943.4856679621266
51114116,1621.1435830804917
91929625,1720.2205764608163
72617691,2577.7151261586414
18081983,1520.9893842577867
41430371,1176.7699744051954
18768333,1396.4648233820658
97670981,1586.8093500041953
33138884,1785.8965460557135
54769750,1705.2164642963896
89191521,1614.590697597332
68771611,1297.3417040446166
69658524,1529.8440579872477
72361657,2475.5039719404845
56548670,1112.4312110704698
78323750,1718.958435387684
30772189,769.2150871858719
48525110,2072.171571815053
86995869,1503.8718580042791
17626486,1773.1895295274032
25200634,1453.2289713633568
42675735,1368.7747742173922
65493081,1774.2650079439168
93613666,2262.4388403741327
70416961,2585.898427265734
29938065,1627.4412627303768
49578380,2678.391825049578
98870679,3798.7838375053348
69931311,2059.4095011237882
53406287,1360.6054708084132
84279248,794.1979458290276
95721664,2080.5605645043156
86560148,1425.2471877397656
54643141,1534.2312423188735
87296829,1710.055204297747
44687814,2449.110941340859
17812890,1599.5607212430114
55517272,1573.3926665504907
83984617,1359.840767143798
50681051,997.1911801576966
74119296,1574.3324544152315
67223450,2217.1105744356446
77287132,2440.7527643178737
36264517,1656.1710576122787
42898261,2647.1494667671036
62830950,1705.9907080195105
34861949,1212.5477457088937
73511243,1353.649348437559
21486168,1725.3291692968
99309538,2281.42498535728
42037617,1471.3964989643657
54746843,1157.6110339105542
47539615,2045.5114002390674
84768747,2198.4868170293166
72954519,1578.2287170093098
86653160,1071.130874128885
24350012,1205.1338563162988
44330162,1371.7350142354253
40410889,2613.181754304287
14017526,1229.3450335484777
18494070,2531.541524153361
47916307,2035.924510787582
39725498,1757.0221835235245
54156054,1572.5498957918662
49589662,1738.4982397087583
87793535,1891.141350881631
25123851,1978.966215461661
55319133,2115.959380035317
35955058,2381.047260530806
15784980,1664.870513574443
63967490,1671.05467767764
84366303,1580.4141793895246
32211409,2130.6215730324147
27475512,1689.798307528032
98385904,1337.6205677844155
74274926,2292.8445532679552
26137274,2026.1517900260123
35706395,1702.9213075957075
25432073,1060.9629138552489
56493804,1371.2916115642408
21783642,1767.4351619339059
24274717,814.8520851202957
93363592,1036.435226421902
50359798,1362.1850466795802
76057356,2104.927009265338
34577569,2462.702069836304
13432670,1583.253402860137
36150614,2098.1216804427163
95883486,2038.7819661572767
17035345,1874.6472642246295
48987823,1399.3720393857213
18853302,1581.3238083409076
70059479,2246.886539062579
35830006,2036.3833555920376
83058209,1551.8431078038523
52239160,1463.2258383081416
24939237,857.9116638139863
48271879,2293.0897299833473
58898302,1508.8500470179097
97505252,1610.2488041213321
52580265,1382.5012243715662
59859756,1928.5786200735952
59531100,1986.8166558112212
82820692,1741.6063187145996
73015543,842.3153360682659
50663543,2269.8991927652096
61349439,1706.8643888438587
82745505,1934.4458793159224
91058293,1213.204972504803
17937997,1815.8014169328756
48025378,1499.2317187210383
21558049,1500.9268106980858
51468147,1885.1007753357962
87943582,1058.649985348774
72989675,1103.0919798681152
10828659,1600.6944323389323
78868242,1529.2802592832265
63610417,3433.2766232232234
13037947,1218.368710516094
63051485,1691.6641264539378
42637767,1477.5329301385327
66029975,2610.373172863605
41368516,956.7371322510562
75570412,2024.2441420220284
58832659,1458.4304176280793
20746324,1815.3627449125615
41047714,2161.6163053297955
41430458,1705.669935194709
69198371,978.0965455826445
46430156,1555.8207604185823
42120705,1147.5476769289635
67695943,1330.1465888183197
10655846,1490.3594015368692
56387239,1583.9326595633115
73136827,1416.8555721771666
66107772,1933.945156349816
41597595,1208.2840348698292
27035754,1588.3875301262867
94233303,1322.7127070938352
72371862,1541.5542860009962
47858586,1823.7153066600927
50074731,3142.0524476345845
15840349,1515.1411053199133
27527024,1426.8147138268077
51445447,1311.5215861490688
83042677,1297.528114521735
17433657,1414.9595009832412
83477453,1979.9007700769648
58980418,1677.5830828586388
49038207,1961.6117290469829
35105997,1378.8428547723074
88328473,1956.9303101431406
49929992,1995.6882305074018
12057690,1846.3705379607545
22485986,2099.7981084894855
18944255,2417.370309999478
94296460,1483.1186361380442
15325948,1758.8581389547437
80036637,1545.778119113798
63707416,1522.3147939646733
33357067,1935.6350992364646
76260292,2085.1021189812755
88542794,1783.0655720477978
36624049,1313.8907567303302
85370002,1505.986122579021
70947321,1536.026958634928
86215831,1094.5158344139147
71799918,1553.4979493370665
70779429,1710.0460121951046
28177790,1165.2173479500761
33416701,1787.972270114928
32210074,2569.0978772485983
91177225,2220.292473130689
62230096,1642.8057733105418
27830922,1270.696364104455
20292159,1665.1409746573972
72135125,1218.8829066729863
41060839,1794.0696908830946
14610723,1443.2111028464726
40291165,1753.7632260803716
76063806,1890.5793550820474
21250419,1902.8993626788251
67512417,3363.8699791678982
33443292,1501.912141889831
33660955,1331.1383689717788
33504001,1410.9754677189387
59014872,1304.8363050795729
48423806,1237.1557402256756
81227220,1241.7895370792887
97904600,2079.6554105681753
80141558,1670.4050706044504
13290868,1536.2792281731126
12913192,1309.4649575124038
94144440,1458.0994966161
53033174,1793.190729925873
93735706,1545.4755218763794
59909555,2337.2985404353726
99555121,1479.9341003617994
13256013,1367.1205398083152
93540353,1208.7447942148815
97837539,1088.3758447116008
35669129,1482.2248447026682
50012137,1496.9853206295675
68173579,1498.8688951849454
59440623,1256.6418982983046
48714672,3104.0528044848575
86973367,1582.4630820856923
28395212,2088.779954822731
50017530,1904.1462960513186
48045601,3087.926197248969
60427063,2407.68785254041
49061177,1723.8276874655378
42896715,1338.49512917586
97451418,1847.4595188526177
53456411,1109.943471387454
99184358,1110.6218566279736
91879007,1496.585758543408
76424273,1295.162449160652
19529774,2212.851314499595
60604201,1252.6604306995152
96265561,1512.408150195897
84388943,1732.8660195741782
22143961,1784.6001609171842
14880373,1578.0199947251422
98124884,1354.167334068264
23434755,1060.695069748126
36626131,1401.785262807754
86172967,1748.8173290934774
89507826,2454.8521086892392
51984404,1165.0609618912242
21328430,1634.6303714132885
46133239,1394.7933984232543
87118588,1366.8775644422392
72466804,1380.246733841511
90243251,2276.7844717850876
31491219,1865.2009444116127
83702289,2046.9985216304067
78369132,1321.7463896899558
12074272,1309.8810660444567
77297832,1702.967229265003
91732264,1800.6347989999704
51116865,2031.58831197575
81826443,1939.7894854170495
26192585,1516.475477534876
72261842,1384.0724528488338
40619619,3137.8798183938416
89999631,972.165895480885
10490133,1570.4869146753151
90054183,1074.1924931718188
62212383,2200.2930946747965
19863611,1802.7524783465221
51025893,1316.7920445311215
83280839,1023.9907782655312
53701664,2165.853390033694
70474564,1848.1967546904575
52730115,1671.736456056357
28945671,1370.5433141044953
76905104,2204.8376833369844
60340609,1450.398581121387
14262244,1444.2044463592417
86114877,1753.8202272031785
24582504,1682.5458202133464
77544375,1346.4249496903888
18212637,1514.4062524726305
31107635,1210.1325448224247
73185236,1123.4361036963355
73413665,707.5114418781683
31204532,1733.3194106339652
16646519,1197.6422467792627
59819313,1400.421752430328
58041963,1558.253987801518
73177607,1538.5678244834953
65489959,1971.7815740853011
53892134,1912.2036559764201
14638825,1823.6049906157568
61652212,2345.1229989971607
69208062,980.4840439364573
98205776,2946.7985151897983
91953270,1729.7014602647278
95708788,1221.5739587154058
71079776,2036.8823662222865
10948901,1371.8963642782433
79084173,1301.3620948469515
41410746,1402.9071465393392
50927968,2188.153542970824
99511873,2251.906153002235
87562260,1412.248426122346
48098997,1655.139452099608
77592143,1716.6361078107145
50298301,1262.0352709455237
95160336,1200.240220162136
13581567,1243.1564714763617
76106706,2475.325103925359
53880590,1764.7366789193006
50270200,1972.8743509607104
13098948,2273.9984260253123
81835258,1235.3099571386178
14238786,1553.4390466861403
65288499,2243.3621244504743
29149871,1745.1477157067447
39551396,1614.5096555411706
77375335,2117.356312554697
14384374,1350.519623272974
63368293,1734.0110922938309
25141477,1856.321474386164
37822276,1348.0702374712823
62473299,1766.106364619454
90467887,1729.514052238154
62270028,1801.7273049629484
62101686,1503.7615409116372
51642126,2903.6885633753263
50281814,1787.784275787029
34969698,2143.042211198053
46962155,1944.7107037710946
17638609,2093.4456883594407
59977095,1081.4404879345896
75196820,2143.8502081150714
65141041,1570.0902681053258
65986306,2024.7900608521632
99818911,1756.6173233044672
38328534,2286.1923812158166
31204739,1514.1428327317665
53082885,1259.3475469679447
76244528,1188.0756407151682
46394887,2209.4534050922975
65939511,1639.3457022188106
96048217,1300.6769648026404
60425489,1330.7553346207303
69419323,1760.316272585521
15008203,1713.4952293386573
70058997,963.4408711339518
44067940,1957.0019539596901
47031542,1703.5823910184758
28929546,1844.0175417101389
34548603,1950.7749256767124
36515676,1196.356108338814
42765717,1550.4131587323066
60296558,1837.024645590943
84332226,1656.5406579051275
76539663,1834.4348326975319
73504572,2611.039731787003
64646486,1840.8000214942617
28262602,1561.4500209917421
74447096,1588.8678189230232
23247586,1224.0352022750642
99044390,1303.900618328332
66743385,1531.5819949945374
62841747,2179.4283729372637
98271312,1588.1955727281588
54969068,1923.597821688702
49548078,1769.7864245628173
47147429,2071.688886278699
46113098,1503.113783244347
52623517,1637.3614570832788
43618531,1911.9714544615954
54174309,1028.9062050713574
21908078,1603.207098540996
56753065,1397.6904424070772
22723502,2669.8534978300763
88620530,1132.5173909235905
38560702,910.5796328196977
66126723,1184.8107513914917
24731893,2498.1437369917144
19472558,1380.1261168862573
44766250,1365.892625665245
75919229,1459.3508410052336
27459467,1729.668973472197
85529275,1282.7721646871353
88503537,1386.2981778581898
66147417,1614.1412434561178
53916103,1626.3586839933396
65299077,2199.3182152052113
82070950,1086.3719597747972
69058105,1250.8050396516564
89985793,1897.471523436022
38430174,1703.1670291283701
24884771,1182.8747332820417
37414962,1865.431625115599
35739187,1281.4600541369489
52492779,1908.9882593553884
70409358,1769.0732472640232
38452011,1524.5638645996694
43879270,1096.0999336446857
70351120,1706.7973592624667
47671157,902.3660990404467
60667365,1366.9641634210848
85223481,3120.201419794004
83739939,1731.7309207833925
36389934,1499.975525990445
84194560,1398.703443004084
66937745,1853.2615306641749
82520946,1702.8360966571292
52339932,1149.6560479976356
19641281,2036.1568695176377
69795343,1850.821680447555
99135350,2656.8860087690127
27549583,2101.0979346108484
94476832,1165.4583582608018
58221865,1945.4438021868202
25319395,2076.817194050542
74970303,1427.7923369794862
10305170,1099.9439359636915
82291258,950.2125136052557
81383048,2279.756572120888
79987158,1306.200221710987
13533229,2010.5141750867633
40426833,1869.9986622622216
79077516,1292.4317115379595
49738320,1423.1970924065442
51126693,1870.4225104268924
52635836,1944.4808331882527
46715477,1580.5085607198862
82258908,1882.359773960272
56878285,1836.069887484322
19130210,1677.6613634101989
92849186,1783.7065336180005
24338810,1716.8705210410392
24758650,2261.693202990285
70913184,1857.368673684133
37987399,1341.8738482103297
74913796,1344.233249919594
17667485,1585.4788018515658
64222955,1158.8847380528605
96958008,1506.369808744259
10416049,1800.8189950953504
60398901,1141.8262739713186
24738469,1740.435123308947
50592747,1827.510079580735
96289055,1066.5502821225275
38420705,1226.6612330093237
93968498,2440.8284351168504
79579077,1078.5697930588083
66828068,1714.7791504351899
96166759,1940.9545290938179
32805078,1362.4518774771418
96021280,1642.4833368507302
73914137,1303.5175601339968
38819078,1515.6255593105552
26837951,1341.1571197689586
86644106,1469.9000357591415
55183461,725.2035664665412
52422099,940.7006803458332
83190904,1583.7597120030864
80939883,2051.941540187294
12388368,1398.520247044885
15537990,1337.5799995274804
52619092,1691.556138456743
14251589,1867.29930055552
78390765,1484.6167764732506
43497859,2075.7746982070485
18381852,1624.8320488987638
53390528,1208.7550077090107
32023086,2131.2050833394933
55881129,2150.688745513824
56955427,1841.5428821408022
78797526,1081.0392204202717
81441605,1895.8665266957346
49418138,2232.0068261643164
16343356,1740.5246484963998
50953620,1042.230085438748
80530984,1567.377575652121
92363214,1377.5918494821676
11505021,1025.1334555652763
10464949,1971.7785354410375
40174242,1275.537750368149
46922794,1094.0157502900925
31165878,1686.0475972104211
92160351,1859.4326973340947
97225599,1372.6203650936902
57289385,812.77042213142
10490505,1369.3789508607174
40593414,1454.7996488258425
69535718,2140.3225210896544
29927353,1362.197584543485
65834728,1383.1355500890302
77297694,1194.8317875170671
20453767,2156.2019828939365
38742201,1970.8422511650674
44178016,3686.647867768971
26155961,1311.3277232006183
85037563,1418.962825570346
13481675,2262.273364566417
32710978,1951.1235935162433
42008191,1571.176473273254
13117186,1445.5035262174629
32427009,1595.2774895558591
77926757,1627.5191473084446
11233435,2204.113079752995
16522541,1368.2610143887953
63770815,2049.4216174747735
77164558,1343.4412215565508
74405387,2260.435011075339
74698287,1483.4779635290272
90725998,1788.3131249461164
24204802,779.6566012770616
89034765,2137.003586542002
34875172,1370.6434932508146
74411316,2439.837081217027
81157871,1029.113253063035
44232316,1831.5671902609204
48083558,1777.346672426276
75280463,2586.428590833948
11329117,1922.0026858575125
67082756,1530.3964888390735
11237434,1190.4735538829882
69921139,1378.9810840774858
68448780,940.9096302124635
77761059,1543.2617894675068
29006434,1558.503935223749
30190038,1714.3475057558874
28376932,1691.4791910505612
39355382,1479.4689440936386
42494595,1695.8197223953239
16756651,1518.9908767812826
78115658,1736.9507746511583
27261411,1780.9461068044457
71919180,1768.02123148367
99090920,1511.5739695849059
64351618,1866.4582852293756
88658759,1157.3656972299093
14195927,1718.4936918561577
63820196,1992.882005638906
23866225,1783.7861233816045
50484100,1805.8624937833538
98406048,2029.0442030090019
64139858,1607.3058487609055
93302980,1468.3208442429004
62155483,1717.8282810495618
69791340,1809.407010201873
19631546,1222.1124631902564
26192431,1890.8877222211015
68268852,1212.3871855839898
14862183,928.9177486133003
50141937,1320.430763589606
85256282,1207.4367420178053
11027564,1725.9856964397677
51577553,1712.027687333762
77132573,2125.070983893742
55254268,2570.010371304311
25529214,1448.8746753271882
89287048,1335.2760458125565
23253967,1242.8810431459804
22644692,3367.067501324731
32245140,1353.1659497678274
82072504,1614.9299555402974
34678460,1360.8375385262505
55373081,1666.098178582002
12138481,1511.8137223387914
23632970,1747.2425201391745
44285474,1179.192170025328
88075177,2096.7326760653204
13117787,1544.2854812692271
14797111,1526.8262965569043
28697695,1971.7995004431411
34748486,1561.5392118933319
30506810,1437.65234400174
57410372,1906.2465886844302
28776122,1134.5791034031358
18346451,1614.438647871756
29932007,1534.9333154074395
82654800,2167.693718985387
67038086,2219.2295991985156
95282943,1967.7229201700047
90723621,1501.7470896380828
37760202,1656.0759833856766
97077656,1705.888012291452
67823833,1129.11183691481
25222231,1892.1051418932793
63451552,2143.895460256718
66552053,1768.1737467085284
83488554,1480.6719998704727
24886655,1917.554662966239
83798512,1140.6378689416435
46152763,1080.5697427205098
96015866,2445.7310821278475
51731151,805.803087674308
34899750,1702.5684549695827
55529926,1507.2222113943694
95405536,1259.128966552936
29288544,1443.8085438627675
50076589,1479.7620281378943
37886285,1423.4671875612596
69818934,1751.417102217951
13957412,1376.6068985546049
27493225,1974.768110189862
81186892,2125.8584693672506
72734336,948.2550014771953
20148129,3763.7015451447064
23391747,1125.5246496110017
45833590,1208.5979941109306
85777842,2855.513938482757
92975129,2285.429478068072
33382289,2692.760957393622
95953281,1425.6891300632044
60074802,1917.997054186596
23912733,2207.753847719064
31346779,1463.4566010487663
25605125,1562.4478802218523
96288207,754.9388589056413
44535745,1555.3375547712317
16008313,1688.1193459840313
91365542,1226.0893064806985
67385764,1054.8422574391282
31465116,1796.5411440959513
99474816,1242.3404639963478
26141909,1648.2473940027191
72548314,1685.226495160524
39043955,2149.4674669879914
55963655,1286.0734580908584
54632315,1747.6396928138051
48726285,2042.809661870368
76251227,1829.6055403678329
83562410,1401.8657045122125
93775374,1580.3759629957954
21446329,1479.5619270893676
37345001,1549.8408148733868
49628614,1440.1009845116316
35767914,1680.2254175855987
10876536,1216.1222355528707
47339936,1152.2448910462201
89347542,1840.3162751173784
22457603,1851.401089629304
77199929,1425.5408927080862
46378399,1658.518329425418
70602262,1445.420753155325
54666534,1736.4396257580852
56421405,1618.3394721064733
97652177,1646.9634901262218
15442637,1496.3656402962827
92360497,1759.711560079827
16847908,1737.5460943565377
14220385,798.6366062540301
25905603,1280.6831265198446
58331647,1164.3992128922298
22292196,1821.7975495493886
37237832,1217.758902291842
33009500,1083.1414925886966
12533428,1467.5874100814242
46939545,1846.2954698250142
41868505,2259.4342208906774
75616535,1873.166500454911
73878512,1612.3287500311185
67270933,902.1404858236158
98281662,1110.82277936153
66553316,1246.3868126951236
34303551,1668.7468049537952
82645628,1114.9707115061055
57257821,1854.231293280427
21288888,1794.7849970182672
85963653,1281.7327491676892
47876249,1112.743925010171
21439489,1117.6710698881286
52566254,2342.8565137103083
57084214,962.2604422364006
16925768,1290.1004752370773
32782035,1779.4738030284543
31791186,1270.3714882348827
62797819,1706.2767213393386
35384978,1278.0526414027793
21945105,2032.5764012629338
81557774,2320.3803998098842
85407739,1411.634111332068
86085126,2174.2878372522664
95296354,1412.0516411694641
90881439,1697.9563671484027
30757344,1809.9092709425656
48457713,1462.804217720714
89571542,1672.5511158996762
94067050,1319.7836988057759
48271561,1489.2128307163748
69357732,1349.255478253678
86325273,1184.1403406866232
18152649,1567.2163130068943
33899410,1748.2152032477875
22781669,1582.0602388310242
17283281,1143.4273973831462
51785872,1467.4956714814793
33104833,1975.0830507957248
91682435,1347.5458154354596
70713314,1565.1755367476278
13110268,1120.496887772984
34642793,1337.2222282572832
41694899,2274.848141279245
86278349,1042.0015212413932
11717089,1130.160793163015
59185456,1238.8484786161277
59344396,969.3437030858579
89922228,1626.0150849625263
62027210,2084.9432858980426
98523447,2277.642335014317
77330146,1973.7217518992159
78386939,1737.8816379923346
66831282,2104.7092619139858
17596778,1590.7984820091156
72290481,1171.7881838699132
31606355,1227.6767384289249
72940683,1308.3475524042074
24736121,1339.0781267043703
47814214,1846.0065574113605
39410982,2359.3708104081097
44151940,1632.1809012169392
65594908,1390.8350320156092
79125454,1141.0042546544225
50322107,1442.9264488722843
76200003,2269.644162310624
85059302,1132.2590283993054
95450721,1714.468026327931
93253826,2084.3579617292226
19723778,1058.1403191408372
35980406,1470.7156965250367
67285479,1346.3503070603433
68864075,1748.8155253635919
37422791,2199.2145648129876
73798025,1939.2169606546713
97232135,1510.9359612068058
50064513,1481.1124613701922
75638682,1200.8455631140425
41937405,1584.6126715286723
18443662,1452.988140221942
68899727,2094.520703577177
18388313,1772.668410328212
69521945,1343.309682850706
31596715,2369.1103257838085
78472605,1761.1442825044205
12713963,906.9514645371494
46768823,1335.0953174834806
27538097,1158.1563566414404
89955366,1635.3688717265927
94081889,1177.2717612770398
65214899,1368.3214829564195
95205973,1994.5124877955939
83140994,1540.6649227610346
69014391,1845.0276954895983
66919280,1268.4888466174796
86299194,1801.6658783387297
14394397,1423.6492985015525
88465251,1931.2108809206136
82447513,2618.1248749280603
90676745,1311.1949515348747
61229086,1400.1344939044238
30557316,1107.833956156853
48578361,1734.7287310920187
29085329,1801.5641373559993
99539415,2751.930897184154
33750162,1646.4393742377379
51880900,1845.4244181650763
81942693,1363.7229888999482
44828087,1334.258487920275
80752087,1391.9767475644148
99218652,2959.1911785532693
37433425,1113.3000510966604
39115683,1674.7328553302889
26601986,1416.8813362890974
50469308,1280.592316490125
69872975,1132.322979115448
18483245,2268.3306324146624
12588982,1405.5623975975975
79454705,989.6014039362533
76523232,1203.1959419589452
96131595,1966.5622374122167
99680250,1401.5017058645353
82622915,1405.7015019995308
11290284,2683.6369863376367
80057162,1583.702503935164
72165316,2280.5821505943136
79751433,1234.1024781070253
33215554,2877.363298988649
42852506,1347.9000212153505
56093872,1350.0424875889842
64167041,1474.5040363136281
83380458,2005.2926643677529
32651438,1388.5431091677092
38364846,1553.3647063137944
74621857,992.6483906709645
62748794,1798.4844542669687
71435421,2117.2913854637295
76163868,1749.8723568061519
14677956,1038.4509285306472
48283664,1253.1924988596857
93787027,1338.9734606369332
75353617,1356.0348867774278
44130726,1736.6038784102789
75634285,1681.333982070742
27969925,1489.775593658807
34662422,1200.1768488368475
46428766,1040.685853384482
40279741,1806.1186206691675
58991338,1684.655232981799
52295288,1124.9800787928957
25429358,1302.472928643286
91223525,1455.9120703509568
80429592,1500.7953756757074
36010937,1138.2732231564653
61652867,1925.7874521892775
34655678,1303.7933159564836
32281319,1171.059488688256
74717544,1062.5900198348813
81780208,1283.700808222118
74117270,2199.0426921361304
94663011,1779.6244350551005
18715534,1953.9530883476143
89926226,1519.9013690361553
31441075,1948.7858716742817
85656066,2352.787849582985
63154501,1446.2953759693346
56954947,2258.6008559638435
35193891,1730.692717560148
68045567,2097.6626158103454
75523548,1942.6452585594564
80044768,1304.8436051762874
80565568,1536.8733196568437
58680458,1328.8740298548137
93434632,1341.314300135365
38164915,2207.915430042751
39561694,1654.3968837130944
23940974,1959.8187448459616
66689621,1776.492176675924
91586014,2813.4848842472284
68610549,1852.6861350961033
44648566,1660.7945593732284
68443861,2466.463498027735
95300751,1427.4259100319227
74650313,1487.8599007618882
78190939,1803.728102129666
79583687,1477.3386787520922
78744133,1337.7792123677611
19424377,1106.0605577846225
74426958,2251.245432834073
30714675,2145.716888109414
20297631,2465.3499220151866
62326689,1878.7742176988936
72851226,2068.572809750038
94924877,1723.9472084477343
39912297,2037.1103364953346
50554145,1090.9290385534437
51964385,1223.6431838980302
91524053,3168.6329093996305
67059408,1005.5144246842542
13707505,1833.1179956861495
96336923,2317.238503203898
18937921,1360.1943132007
23247466,2001.038934891024
20718626,1210.1210794987853
62001591,2756.1131269579946
32183930,1909.8676674594903
29520078,3144.116383803498
20246948,1710.053747155756
12865925,809.4512833543424
75414040,1703.591619823356
29805887,1874.7045027408092
91828173,1384.0490834566428
92911827,1833.9274866648648
21259879,2280.142440096716
27730704,1030.57823842117
10805384,2646.4278610783863
28772124,1457.0361775694853
67895243,2317.805948310534
70282510,1877.7273109716566
76926492,1344.9649607151396
56029416,2846.863448421811
42166025,2181.542898691894
88855559,1794.8014754924607
71679738,1281.2587185544069
95011645,1329.154165161261
23391388,1312.6474243034588
97276431,2054.1770646399555
78499453,1985.0880432128574
50845143,1607.1349937210273
63593365,1736.8342772107176
44645094,1324.3096159832587
92805008,1509.3148638589855
95966284,1016.8399009533232
86968525,2122.830474708105
35459557,2988.0281403426034
16959595,1879.5666544962721
66852864,2177.1006752919743
64976874,1214.6473769391123
90803282,1862.1542753845135
32597480,1451.6100435962358
22525205,1387.7726012774674
18357388,1590.241620612314
55224009,1482.6300014122808
12066751,1326.0554990357402
51600054,2317.1450718490914
33097870,1886.2207508337754
44165189,1736.6318705029262
92174554,1775.1386927868025
75685484,1760.6250662058933
79648156,1106.3363420754097
34473914,2356.5774407083964
42069298,1118.8008002079723
24749467,1255.4536793467203
37024144,1706.2702423900196
53463208,1584.1762997984215
61035399,1182.6300750552905
92975059,1167.976509471358
16258293,751.2005169681628
80353068,1173.6822799506665
69637564,1547.3607071798192
60889557,1853.1950640045034
45682120,1485.5501636980366
62566155,1562.3365288407526
86829598,1237.6257008145494
77516810,1693.7717591119342
32602883,1566.6530199520612
99658649,1739.556006473344
98115366,1602.0246542152743
40551984,2151.0540030363045
89171680,1621.8531040422563
78104461,1349.9179582450508
80805720,1860.1381546151301
44701781,1382.2816193239557
32357693,1288.685230076389
16257080,1972.9450045570302
63758432,1654.1463355098954
86560064,1311.5617840716425
76704426,1383.630517772652
29021087,1932.1913536171003
30903210,2372.1717145826206
59650055,2080.837465766513
16537007,2425.691550930495
44043751,1293.6597647743629
93550246,1142.873736648201
74795536,2130.9760084900727
36252893,1671.7933106404369
60712266,2306.8595169163063
54795015,1770.0000081919243
59038432,869.8425956188694
53101267,1249.176645185611
96137757,2680.0855495219716
61894184,2163.205106479383
56980533,1436.2988845866546
40911725,1005.2698667210361
78253728,2005.892871759301
46517280,1115.1378071112738
98578100,1752.9952640683089
92998542,1180.8101109767258
85778453,1440.487119466352
67897199,1395.4673778141846
37385434,1508.9230454867416
29978687,978.7457334363128
63462293,1786.8534475906595
82610119,1596.2361274936352
11195863,1718.842943024188
22813157,1595.2363597154915
16061850,1627.3060317026614
25000757,1480.9602916803874
23839386,1007.7981561016866
62901003,1918.0689234253337
85332734,1960.7920186598255
41185457,1918.6485387940852
32349244,1337.1917859207515
75213525,1989.3631419106118
24267861,1212.4747550794625
80759464,1765.8249374682575
38052934,1448.0408938027892
36983078,2403.874498391063
48438532,1164.7223773779
98811621,2803.040104636156
41602835,1343.4065170309525
79191702,1502.708699743571
91526426,1438.8302795228485
12436955,1496.6443330202062
35460655,1023.6234768129951
24893618,1357.1685046354264
12318894,1064.8201293164866
75385870,1672.7983072195707
24016887,1765.354713018524
93798376,1528.200075344286
10041197,2048.8586492225786
44196192,1079.3735416283469
34259961,1980.3324268136253
79360399,1547.6151723106775
90648365,1797.18288594244
32784142,1212.3802994819232
88014206,1804.8629669009308
47541115,1948.074495332572
81087277,1401.4126845950705
99414879,1563.7869879681032
96312378,2136.6376221144083
45292998,1905.2106492867147
62464969,1144.794334820081
89056154,1641.0293255851795
43815757,1224.505761969049
36326737,1112.56957705571
66733240,1137.1079424576897
82154113,1135.3547494285976
75774127,1261.529661842504
99633023,1922.8257585670892
54243966,1582.534590459497
21507777,1414.6903733419606
89526022,1181.0993678714954
35342783,1589.9318771114147
75576574,1659.7202602552452
86207238,1612.3605449393538
11999604,1208.8517969057555
64241630,1206.63070777584
49681885,1448.8552481784086
20476163,2060.177266286969
82534020,1420.5518380095912
80449403,1302.1304571213602
91978419,1471.6244605629558
13134274,1778.5295590891246
30921031,1246.0036532816691
35948510,1063.0733585297016
37862013,1059.590840866824
74364264,1620.9427913396432
73089121,1658.3462393519358
71120219,2105.7656617527527
81357330,1731.3141667528978
86696339,1703.3015766555231
32694372,1233.8625219164378
86397240,2713.839724433281
75410743,1745.31321059039
54107967,1620.9976144576965
53182244,1135.4247051646266
84949062,2339.810562768655
17578514,1491.1066475732923
66553240,744.6614826361779
78244783,1108.5742103838973
85750494,1430.9663763582187
26835204,1393.567003201261
25568634,1643.6545906945469
62833472,2172.8944594475715
89441409,1929.897730566623
30957350,1039.270179998337
83492659,1048.794607324431
14123667,1488.9742565465476
81332426,1306.0970141131072
75963486,1416.817057792523
97473965,1822.066013737486
52550411,1050.0961541397135
38852859,1048.6728204727956
86945814,1747.6436463030168
99213841,1909.9988142758389
93296884,1764.8207167809442
74681265,1282.7407360410266
67628381,1883.1851112274637
53194004,1827.3020358818703
79129949,1332.2030637702803
21417992,1510.8036564704637
65584374,2011.0414962985915
83994457,2753.247553756405
79552394,1297.0399616944842
14169455,3570.477431823305
11006346,1629.705604250717
55920445,902.8415431355547
42183979,1855.023243203965
27236753,1892.7599092899898
38623845,1007.1386556526058
56539617,1447.4494727704919
89514584,1155.568304283252
55800655,1382.1467047719038
95341263,1563.3619822692826
90170967,1270.6923214820006
25603899,1724.7777439436572
80752063,2060.6846597198705
74272993,2174.6300576822787
83204984,1375.651920043503
56041749,1959.2761739264974
99929710,1567.1915006681947
24093076,1266.208714732773
76171771,1595.5893019053503
87313105,1919.2639608386776
13150529,1834.7662410836963
85314779,2034.396879480607
23218937,1617.1574872551564
15797769,1321.4417505205204
18451890,1292.334729015489
23712138,1287.9802952426728
40201741,1488.305795352068
74044702,2149.1132104188564
91758728,1624.822630966989
41605529,1617.8981369055157
30345669,1549.047669800715
72490311,1496.7048933517492
11341429,1593.2828155333857
86562367,1512.9906797659366
65741146,2354.2793871452077
28059650,1601.4789184924566
36854120,1410.7526783922383
70514815,1558.690984439834
28991223,1965.062594362983
34210782,1882.5626388406529
97420540,1644.1156791182652
53582966,1927.227582911506
25471995,1411.5498392941674
40521306,1502.5444720250819
18442744,1798.958501587364
86475933,1926.8616123443346
35156621,2020.5418238279776
92398280,1664.3111362652949
64419847,1603.5891617217853
27879667,1869.4288267857626
33454324,2144.7906292988773
78234554,1328.7426263864672
37295459,975.2149020583888
76464828,2106.1997560858567
89898019,2587.926370584821
94459827,1892.655406354972
30672049,1843.245227998703
93226295,2205.854090508967
66733496,1024.2560397818388
24799537,1622.7326296255744
30909458,1425.6255712622997
20815913,1558.0749643815689
77231006,1100.3333870961064
63770561,1325.7287856511014
61281100,1871.6070894064778
25443496,1008.4986608549459
90941407,1230.739610512685
85217471,1925.6612062178415
11330523,1489.4310058117073
60135515,1451.978254688072
96537329,1753.661830780985
89713236,1589.4621343786844
87856838,1957.6675648238647
68427758,2318.9544621404602
35697471,1527.4836606728418
30758105,1856.4818201936623
66828597,1257.725740714608
64179941,2729.563321631923
57531913,1617.890609463776
82276369,1722.9956641332342
33117908,2243.211193070336
23807930,1895.0117812281953
58313771,1480.2293828086088
86361973,1441.4447343493418
54136725,1176.3769761909803
80609057,2066.415125674745
23386046,624.4603662885931
88923790,1412.9295286067697
50739054,1482.570165265382
85701835,2725.6487197903743
11164690,2194.9779944139964
60686704,1410.7023046196402
56500955,1326.1188614750736
92377094,1126.8730670483346
27377686,1264.0025445255733
14820376,1433.5589850789481
24454653,2107.8943948513934
49068691,1459.2794594374943
68870887,1669.7864071461322
40404763,1539.4015009319294
53993271,1631.2399458583914
76624283,1549.1446217366658
84681113,1531.1153883450256
39182711,1442.4821028444774
99418549,1614.4896796890337
54009403,1035.1090753033056
15732665,1390.7583658175388
21105712,1733.2985103676783
76841454,1216.7044774566878
77456803,1378.4156759675614
94681649,1884.8076402090483
42127705,872.5241880467224
86327920,2073.5957798741238
49706768,2195.613812226906
47210863,1940.770951110455
98862874,982.2074740096514
80625113,1648.5586157665075
13147967,1347.8507078598327
79644262,2056.9618178152314
40821766,1187.519354651481
38964351,1469.1504558968172
80037468,1673.3645293824077
10709528,1340.462068451661
14006566,2673.369734884847
84355937,1111.70009611253
68139676,2486.637153806841
51613745,1504.5644511303108
77042505,1879.762458929925
35307179,2240.827120690308
43137990,1379.7200624330044
60366178,2055.0747225487453
28449137,1701.12408485787
54714633,1101.197984213764
86469326,1349.6865134341822
81392986,1949.6746209836942
94816275,1372.120051182393
20992851,2210.168467269342
33220037,1947.9573615579152
52922027,2092.8321822846406
70522751,1930.2596474473244
35179027,1675.4985078648456
11006610,1388.1494613530306
97027045,1477.3007014759482
60842426,1432.8061629601284
37962781,1712.9929900183079
57446778,1266.4071454791163
46803142,1838.30048024461
96412152,1419.5548965971939
41948607,1393.9056887062586
30401183,2252.6972137673965
82446721,1521.2442566585692
98640166,2353.866633297249
16426411,1482.1257863384105
40919986,1988.1573656320604
34959842,1453.6853495245434
76545890,3386.094950477682
38671669,1899.147298150267
74577885,1830.3003402473298
77894868,1409.7924021687065
44132106,1333.6786379279838
13303745,1109.844661732814
82202428,1078.8936794494325
69359286,1692.558228533495
49249118,1783.7661818861186
65186472,1887.903093210585
86728284,1253.4808622282087
89113200,1831.5202613772528
64085288,1215.5305665388505
83095293,1703.633744696325
55834975,1685.6319878054703
12408851,1561.0166727005806
45102161,1485.5089574144627
21425066,1223.1275761282564
49253416,846.7040858472385
91720337,1909.5856957318622
38125202,1420.5733409956852
76716879,1560.488091563352
75093314,1053.2644615351378
94720863,1277.4553932183844
69306868,1364.7825906046146
78783123,1652.8520998665058
31503266,1359.187868631036
51221256,1356.3106845343902
36978860,2245.0018092559503
77102844,957.02504285902
85218856,1522.9984299188873
64674000,1575.0330505714908
71928536,1491.1671736700775
71632516,1589.0507386176112
44645677,1549.2889368397425
27089889,1948.7820512400963
85001254,2041.876959280725
80789294,1447.4845146225584
94921905,2280.363748684072
87557595,1673.846598882622
27812172,1259.9168049493496
70326518,1841.0156459682219
76820242,1259.7904155659899
37798149,1710.608588576264
95689974,1423.7780529783165
86698149,1598.0554364831476
82332389,1469.1724642230602
38769988,1122.1945387325404
62104171,1364.1538381548232
20008764,1321.7447722791856
88250848,987.6143058805903
99989436,1817.4080668330437
20654244,1578.1027387464853
63645129,1419.0358121800016
66237213,1205.914323507899
89366030,1703.6793520549654
43885604,2943.470707670512
20777495,1816.8503833332088
17630232,1837.6179556550574
41034819,2147.364300512686
30863558,1598.5040120161812
30990096,1553.410949431938
14528263,1107.758515798973
38046616,1866.9264400452423
21720690,2224.2311161673942
41971276,1321.716133103289
81966182,1499.1605885351098
81876034,1246.4262435644703
23233042,1422.362429516465
59959368,2507.4121874640095
25429816,1909.7680285281979
40884180,1305.5914191841478
88955672,1552.936630887932
43077536,1731.017877775152
22541133,803.5205192150319
98515757,1928.98464704086
96170890,1601.6723836183196
33994765,1352.458032652099
91089578,1840.2833325089325
38840418,1841.5073661009742
92439017,1380.3850158146195
30192634,1676.0740579374826
30769461,1440.1121175068076
80205723,1311.6290952032182
55131937,1879.0772473148536
29185681,3087.541381280996
80773149,1311.3625963921554
84757256,1279.457965798626
81505232,1456.3946293536992
57555020,844.9765773223538
70106520,1469.3615390529494
43240131,1693.3853753284748
57158414,3110.0250454499537
63966023,2311.2377952036068
46075950,2181.949384369907
47516649,2220.1181231332225
57203804,1633.2535763324577
99285503,1454.8217974302843
23511969,1086.1958393356035
78376646,2143.966872195443
48884000,1368.2530799751344
98727752,1262.5099207606816
82907215,1961.9963660240269
72719170,1452.3828250892957
39149918,1406.3710266789462
85435767,1459.6318724128623
54111802,1966.544449339373
92599919,1274.4341459569423
24226064,1645.5152785678729
96829833,2244.1480987031528
27301621,1300.2590529269
15887246,826.4991458468032
51726302,1046.5459079294242
51260265,1730.8955015392175
45934883,1535.7496029067902
97289930,1827.1117275165716
42847093,1113.0158473586528
13695159,1150.0182520352735
21664737,1348.1581886008548
72162540,1398.8968282739795
45972276,2265.4263481096723
71222059,1638.2571424710618
18901787,1330.1946865884224
64794868,1392.7031743907683
96040179,1311.7498762249456
43891507,2187.615988853778
94649367,1327.7475167112227
85490151,965.8431826133578
51948440,1124.3920904248328
44237958,1014.3471738856808
97658202,1271.9956546821998
77699657,1153.15806915384
23252427,1598.3796378262898
10697423,1459.939408982015
99095154,1677.272717435565
86344123,1529.361971551196
32740825,2964.0911108178934
39699187,1473.1896460399228
79334316,1344.3856418097823
13862142,2235.4309643398647
95022546,1291.4410984964525
85671131,1481.1633309897254
13946093,1331.7113237379133
71911642,1586.8033663483359
74557358,1856.9597705917345
76424216,1773.900056453241
60569056,1240.885165700633
21429356,1626.8544484891993
37147011,1154.3849007663675
22363795,1080.5429331606401
22711721,1047.9599056325933
32781826,1617.7171766437057
79919377,1472.2749100057265
95950869,1075.154911385421
67975454,2013.7987124669248
61846310,2062.790014123281
47190136,1557.8384934592173
72140487,1703.6791128273064
33356353,1662.2938684780902
57558815,1588.3766742211703
85765913,1893.762178053646
67405346,1282.749184252587
47178751,947.7184711111347
92743619,1316.1776207621333
67809997,1719.24546564012
95649734,1697.5975116082034
35761786,1720.2257324924258
20333506,1074.264759432119
39856656,1867.1284736517568
80659941,2080.2301128706276
72539676,1128.7619978205582
34808508,1582.6953361367507
18684795,1974.7043454775567
60926773,781.1744013741682
25343604,1586.89369102688
85280076,1399.2163624270338
51516725,762.3561227498224
54359603,1863.5998520323603
65763192,1818.4089812349675
53926540,1286.1111560503466
77237054,2437.708739653412
75498756,1889.8471410974298
99166662,1118.1211057905077
72410551,1176.763456846237
82923327,1224.6153677165169
46066488,1426.8124576060409
33059137,2156.444384916357
51480279,1293.6869867923394
19373977,1566.2637898584537
90715980,1283.511430023575
56492794,1335.293629658279
46037369,1252.7820319046054
22743995,891.2220794787102
42553042,1336.4873583532742
36975311,2087.102814873854
75351486,1222.081938154116
30981897,1727.7809542184814
35580501,1926.036989694578
40483549,1167.6631148668996
64819235,1518.8992849511637
26688957,1768.4919964768226
94904538,1739.7215915862223
46754012,1635.0734391762069
36796857,1925.5968928061718
28461943,1883.8176847761524
14026453,1449.3991053107432
69053024,1675.2757762397553
32733126,1919.2583019216581
40931025,1622.8415643193591
19427950,1643.166086741676
84597120,1141.8288276958933
18811334,1302.52111403419
78324699,1633.8654497291902
77953974,2155.086580897193
27862041,2339.014790996431
37247191,1462.586218974872
25562317,1847.1024926047958
73172608,2522.75555680862
33104896,2202.9618674129633
82319650,1679.4093402297792
21799452,1570.3145465119478
64888946,1953.3160899764341
97264595,1855.5183548845262
10429454,1125.838554763147
61575325,1218.2603967763052
56897257,1522.299560062915
37059519,2379.228674008475
52110520,2766.4820939564092
81197632,1878.5749387774233
78041929,1490.08348515514
62481600,3218.2225232385367
79068390,1272.9532205330536
35652591,1424.733460214853
39694436,2421.17023419603
95898355,1706.5494941970237
80006639,1921.8235896963806
53958546,1029.482303376258
58986255,1043.4469391226
35034634,1957.7460094203961
21845497,1986.0767712279376
40578913,1484.770146622562
52684708,702.6286694956418
89834641,1567.6239682682792
65511611,1108.2071387283333
65731676,2029.5931798339582
83770991,1591.8070943322805
56280602,1409.9427639990158
44140498,1657.8740806689586
52748496,1939.2741073523812
76136540,1293.8745543161501
35483441,1322.9470258889921
25193108,1819.1679931812016
27434478,3478.276889044637
84357441,1771.1431102798333
70840263,1669.347100687721
45633382,1848.6801105895902
68317032,1901.4839651223183
73465107,1278.1769322388545
24929921,1995.5064209603543
87300428,2029.824536923365
69871020,1367.3468812814904
23755175,1279.8770109068018
91971062,2844.2459411761956
74483617,1260.0755057706956
89642342,1315.3860698816732
33276861,2245.5253961624626
18861332,1375.429650862527
77211245,2099.5659489706054
52041127,935.3533587879526
95864050,1487.0633317839836
82528777,1780.5750106860733
62702832,2775.921932170522
24146181,2074.5808222103956
90263367,1634.5706971887173
47033948,1377.1595511504804
97856612,1928.3296572364663
73014333,1334.2995532697612
46731094,1367.272195731829
15781171,1371.2310627648585
51156245,1726.0350043122753
85958922,967.9368716848799
52550761,1367.7108034258586
15567593,1617.4911932506682
50279318,1012.8497917730863
88796422,1129.9293701212848
66724358,1241.3876000265357
51443999,1745.3474443792052
32661637,1398.771666376824
12999579,1361.7891645620966
32460111,2247.1517869303307
70354263,1657.452747848863
99768418,1536.290254792147
93597400,1787.0526532637814
42968448,1028.3582812198347
11447851,1544.14164796843
76146411,1783.293992876847
86917958,1862.4738942045906
57526187,1923.7032425662956
71062405,1525.858035874795
72847399,1472.1326789623965
54891075,2353.1955805630187
89841901,1803.5232989718386
90056417,1436.5133365196505
77892346,1159.7636422406877
31627402,1246.5810535984915
78864638,1418.3608311602638
16022883,2564.2789161858523
21980955,1840.5115186249006
98291218,2277.354619132784
37406677,1381.988821748867
73253470,1337.1054019261262
80239984,2170.2300793291265
60323265,2036.6939586179358
93655248,1206.0646601097403
58796215,732.2951771379835
94203496,1847.8702699752635
89472702,1501.3054946212667
29142290,2148.311735517488
71021568,1180.223177304172
69197364,2230.3014058368326
67499939,1994.5126925136028
51780875,2052.659080067899
46941857,1668.4612487054817
57911836,1377.9328237209334
38559875,1927.696556334773
81398050,1733.019486307401
75334315,2625.3012715309997
59308610,1372.7641361098442
16247087,1874.4146597515087
43247285,1773.6364684776117
45215633,1706.978147631753
40481058,1785.7999223683012
40365284,2573.942580154771
92836079,1601.2754125410193
70303716,1501.1320650075854
81749724,2951.1713139553594
41853820,2073.731443681661
81440480,1739.0304594438958
84996580,1899.0999017531758
35919442,1351.5680670918061
19046260,2007.5819643873506
90423631,2077.387842314515
92961031,1918.8478318526804
89855372,2031.967542559065
77816576,1976.3846714061851
12194715,1589.7491207104135
20115124,1995.1022763040157
73703358,1561.7262356083204
89792966,1684.0639239162635
43706254,1543.0036058731564
70266281,1613.2941581133866
78529732,1612.9579280625812
31638825,2220.999813826931
58167471,1965.439884463347
93767960,1846.8681059329424
55879589,2130.948757579836
67388602,1679.8805069878306
86008328,1315.4414260716524
53844650,1294.0492440004348
86660948,2072.7111676620907
39941650,1256.5854232151141
44395757,1925.056160798501
81989533,1475.22267187406
46504700,1274.0468451450952
39402032,1275.508415144313
85919943,1182.5733239381495
80733130,2024.2442842075689
25189661,1506.5479579588462
14623666,1519.3801563208524
70848155,1698.982647045845
68571484,1821.4153251631988
51228995,1436.4437247309468
49683485,1622.3640991156929
56036763,1512.2379895682366
32459332,1761.624588517663
10860915,1390.5366296932868
43696664,1586.4734327230628
87941364,1692.8466208664684
76183083,1463.99353666773
20966309,1766.2569150920085
37699108,1702.110669682234
55952526,1117.0281487594366
15616438,1602.7088632059538
86514240,1739.521036407672
92945955,2506.0957305764373
63145934,1815.434401957034
58853662,1415.2938413030108
79304271,1386.1480802629899
24276255,1531.9037826872507
43245413,1538.1561476786915
59024690,3279.8002009302068
13551336,1801.5304490580054
44848614,1619.7879021288634
61087377,2045.0681999241071
11885900,1505.8079497889214
92535927,1206.2148916452895
21708152,1659.2308023008054
45352808,1312.0992657533272
75624156,1432.0342718841246
32001265,1298.1608861028797
20413825,1430.5404472040307
40305802,1583.644998183086
61861688,1257.5191264326686
33441351,1463.2539633210633
30365812,2072.2522842442136
43625038,1355.4168087978471
40659534,1369.12478088842
72885406,1480.1393508744952
55817366,893.9437777538667
78604997,1037.3581146509216
14364198,1390.6307780343454
70814486,2686.620615523222
71030650,1317.9829625283949
93257457,2122.3356430457566
65515227,1174.9123245883186
23048185,1628.6750910007684
64021401,1741.9533788846877
81601136,1215.0284509991764
60464050,1530.1722387611392
62126832,1317.4823147243992
76122802,1493.0626919965237
68619547,1222.1186157093657
69931017,1870.059434225689
52039321,1372.7342334850662
96748453,1450.3136855509426
40650345,2231.3167061464264
94190496,1311.8416450595728
40034795,2002.0924565819619
16725203,858.9871266034456
37869032,1959.7248685809777
87784983,1373.365922948955
67445694,1289.221590539899
44138052,2190.2986354742598
56359862,2031.7399131394818
27113776,1796.980923236822
73853459,1273.6333686637122
76284169,2554.9809629288948
42581373,1880.8356577606155
74617250,1235.5809232850413
29606632,1893.680030149375
22328059,1651.8906906413074
94596005,2136.6227337399873
73640300,1176.295712191566
52511016,1493.6636941801994
63643579,782.2140152409058
73979691,1923.835303666434
76806109,1061.4746418012962
67084872,1262.993988127785
94616960,1086.072040070085
44018639,1124.2080712369343
10369424,1904.0144248581958
19417264,2405.059529059938
77137301,1546.3728244467948
33598935,2208.6716129216225
81379316,1793.5311842434378
67627945,1468.2482188055612
74067952,1090.582926595006
54161507,1196.435786006405
55930611,1349.1792374990289
64919315,1968.8179860920568
92109871,1355.8006305122203
88653847,1372.0356119904056
50331596,2166.2855749238174
68139580,1305.797455476174
80241693,2630.2368178649085
74034028,1857.1663695113293
22712040,1575.7921120113494
18212521,1421.1364767712469
60434302,1553.28170305554
45427525,1116.8183631346687
95853311,1265.6174127163151
70857259,1880.7402289958238
81477083,2237.273136425072
27723524,1986.5015120062922
25206032,1202.9374554220194
12102381,2380.3608157685762
72428170,1395.4350859435688
27672042,2229.1087682961174
77000429,1752.9998512452792
95589605,2352.833166906982
44647376,1708.0066331883004
21338536,1139.9463860953838
13820529,1588.8192923692302
24568041,2248.997580076069
90117191,1713.4344011972487
45800664,1614.2653212571179
13557339,1862.5715930702252
19087413,2385.570882195587
11616417,2161.652931091376
22015830,1524.8784392409707
42617304,1269.8981668152917
72598754,1569.8232783687827
34839793,1392.6961657405795
77660297,1451.1635348278955
13706769,2920.35828666696
71694094,1948.3039292354765
26712974,1146.8503113395875
11161484,1430.9245420800332
92404281,1068.6815689093605
29267516,1601.188428337292
44574998,1592.0520109982208
66291057,1121.4231424346738
13701175,1660.8335841331432
24177160,1852.5883367820113
81405301,1371.5959352039702
11589439,939.4599726169331
17537269,1408.4059929646646
98168887,1927.7510371592239
57508409,1854.6634120990145
83408387,3146.738942957531
43301435,2230.9677586880243
49258344,2431.82618671264
98631322,1303.4472122261968
69659096,1778.0669105147724
99106028,1262.0289086813723
37856658,1965.4166441235834
42881579,1166.958044368177
77859891,2513.83146483726
81041727,1137.7602458924996
47217829,2301.518676828311
53083229,1494.7214219359507
79619006,2150.649272035481
87897995,937.9316080772726
17964917,1099.3086136894728
80568888,1044.8746814461283
43042929,1334.355998386613
62796073,1928.9282951402922
61083401,2097.1810864006197
14141477,1493.3422464883888
68306110,1926.6229778949564
43708354,1706.0083476496552
73883907,3965.3300066550746
75966104,1994.7098854126762
55672599,1294.1853891993524
14917596,1617.917792938131
65294870,1730.251284947212
14049454,1709.3606429601418
93295381,1627.4561873078478
27730907,1926.8774195486844
52543486,1581.340166066615
79427440,1508.0104853256685
46627987,1886.5641628749074
63096372,2143.307257294367
21047227,1537.1425217751962
94588817,1668.5679072767102
82925355,1663.1279111769393
20239710,1376.5807370436441
66560522,1398.1884389138963
34394729,2376.010814520589
74199492,1378.5395905874238
59577067,1284.2096905527162
69919638,1343.3465347858491
46718033,2323.6238356475505
84917912,1679.9443509563548
31599665,1219.4899359664828
39056365,2717.8854015878123
48895978,1259.3364513759461
47094246,2001.831387830213
19549587,996.5297821095344
18563899,1865.392514697837
81642903,1357.3122922148816
12095543,1437.537711301677
67140026,2267.5157130192392
11054636,2139.1369715778546
21698635,1981.0485794419442
23623849,1860.7485057664687
71392936,1543.715044864742
83425325,1869.323742388587
14553390,2471.7136615698673
70274030,1125.7009823469068
19402442,1210.1819402668227
11041677,2549.0828013086025
77513563,1516.3222054096418
87335721,2873.4513980248134
17466406,1480.0074378333416
11267365,1618.7120940922364
89144675,2098.209677699664
89338457,1406.1497393145955
87803439,2204.113105425364
20104582,3396.6409641404302
95781089,1168.6343810513404
66358482,1396.9064769966565
62863016,2418.4317962113155
92557337,2736.6675851643154
10876766,1245.500129104586
70473205,2386.1238504558073
87569671,812.1353468771108
61139578,2612.583815724138
53121878,1559.348007742931
15430462,3234.749819097307
67332796,1131.8466428682843
75641163,1989.4513479594088
23552924,1338.8338268129412
56332291,1303.1298521047322
83472051,1612.1281067672949
73213649,1494.23401136675
47802315,1589.9236894823966
42459098,1348.7122813085894
59654537,1777.3024059678971
49312825,2084.9450124318137
80983900,1795.8988577076957
58178507,1439.4137513018538
50382416,1877.6405399438677
66073034,2053.1724261983936
43848284,1481.4503651700695
85092410,1551.5451549967026
22321014,2469.7265437019796
31162245,1393.8670669533274
26802981,1118.2815136364666
89737386,1903.4910430344653
22704344,1662.5854350231318
56000373,1916.355453672552
96310766,1210.6115580989465
70324095,2051.4393829770484
86441629,1400.2271313634935
12514793,1287.269969895228
89583392,1897.915315529166
36498032,2474.318067464859
22072881,1186.7446578961471
23992589,1092.207781812615
25380807,1081.974869491889
30026993,2436.2151728496588
65742850,1478.5413784946456
33236806,842.9700723471433
64518820,2533.3051949881933
42371713,1425.8449888522205
47924596,1833.3282535072826
55469978,2078.6687810672556
29356220,1219.9337412219438
98913649,1122.273720774073
22201860,1860.3465292301933
17005574,1758.6195203634973
61767605,1858.843704325753
63003964,1413.340271885783
52904792,1833.6849489482145
87014699,1713.5380063396753
60476269,1892.3431124595604
23374773,2260.9547767841855
12887652,1685.1529597914962
11366466,2348.426242387037
62053080,1226.0932712660924
21354279,1372.6293902818195
58635346,2190.9073817271906
57475663,1531.3700432460018
44627129,1289.1393873565867
29419543,1550.0530297327975
47538164,3059.2873711313564
19854086,1710.923318740365
63381374,1715.2731501312096
55348437,2119.893865458116
80254443,2190.8050225521765
23105559,1665.0740643895624
25129271,1860.5870120785887
40257293,1860.792069207961
63509506,1162.588989306242
45432136,1503.681931639345
19785631,1688.477262451841
22859019,2577.265682420547
36147504,1339.8702483898876
54449509,1718.9299943368965
81205631,1532.9857805761028
98103632,1835.5708183540826
32691265,897.504747546612
72768344,1435.774590642944
51890279,726.125148530247
48043615,1449.1681451964425
25374441,1363.6549875217784
59962384,720.7569499554861
28910995,2387.6190929108934
13141234,1629.738499095818
50747063,926.1132052449937
55252279,1360.5429932003726
52007426,2366.3689811935233
30847276,1542.6141715545662
62106368,2423.567937609483
60214573,1313.5171670935665
40002314,1699.6036044438188
32428356,1662.5440954959056
53658343,2307.1923939713224
29161839,1666.9395184731254
46396012,1413.3331400744948
62360708,1911.0211785462056
43297939,2077.8391452140686
12562149,2258.9283330734197
36028116,1699.2760977267988
87330286,1646.1541052801153
88119407,1921.4979876887328
26750897,2427.343104429214
49969361,1456.4217134537944
97204974,889.7425836650725
99702598,2019.6282792597722
52763802,1612.4638053429221
68901809,2127.2098561527846
39208673,1422.9313884714848
54033485,2007.6095185764586
54497531,1759.705269746377
53990991,1280.0527040754162
84489537,1269.3851919257233
35670801,1321.4994725369918
78791350,1263.6807680816976
20845184,889.4886288889181
13555027,1710.599360572025
37646059,1976.811502590248
76127874,1520.965223021962
92134461,1578.2962861600465
35770374,2000.7727845945165
71020209,1776.0025414345334
34171582,1549.7568090662505
50654248,1353.2650419122242
42458567,1517.428345838861
19190057,1214.3144410839006
54080489,1162.8779725246904
68542535,1755.1488516976704
45210646,2051.6884607583966
59714270,1522.3913985713384
88185676,1270.9075110273516
71490260,1376.617784337595
30639393,1161.4208933162668
82576353,1919.1592329581667
24335906,3379.79778319469
21049647,1207.028964559964
13781432,1321.646952278505
86079138,1833.1213821897502
40000990,1666.7508102770864
73775201,2887.3931735347583
35148701,1801.7081258072776
81596880,1410.510544203554
94320273,1395.332592374239
36438421,1822.275650019056
53057217,1826.9501479860276
25248077,1282.9216316455697
73038169,1096.9813280035603
73258090,2141.9679655864584
87336796,1585.7809371547148
78963426,1487.795795301748
12232405,1649.605023499903
86811261,2182.3820193078536
43165541,1064.3096088741595
83018865,1857.5081727656163
37762842,1486.4000957499602
65591705,1769.9733456227934
67890361,1474.006576405535
94753186,1231.5510226881647
93051402,1439.7349483034054
18623638,1510.5726664440376
35256497,1392.2318072542596
79246585,2105.2379051529547
23762226,1338.0532018250576
67287814,2445.703201670371
78864148,2184.5988494855433
30658878,2199.3480262881744
97960066,1222.4273113612412
19914732,2386.3647679102855
23619037,2215.2886154109947
27095793,1885.4853411499864
83667300,1185.3632869706782
76686009,2253.8778174474546
79911388,2002.4343784767602
36038618,1681.995702123591
91489166,1260.663446869684
64088644,1740.5203259845093
10087238,1356.0658385612953
68403788,1429.812713300587
95817054,2175.0006426205623
57182933,2165.682591850742
83941537,1589.9538526049462
86909159,1886.3426821873632
45478492,2632.1143840684927
84142111,2641.8226616420598
45223652,1477.408814499758
15651868,1821.570692084879
48952352,1246.052263543666
53380245,2164.628998623004
56211427,1166.670147004788
66961588,1168.7959279848953
38567012,1101.3352874557843
74938615,1444.1122852737785
81147200,1690.5477186363787
74772897,1701.9534323891774
80316029,781.4228112569742
76791795,1857.1421778834024
95549661,1359.1952858917289
91524955,1952.895042365862
93849275,1784.6603829193991
61885188,1971.3644531878285
17120455,1068.975237811126
71403569,2070.1591045082637
57944962,1883.0838826566514
72483844,1684.8904257519089
45141218,1666.8999474994898
47525065,1279.6771174982534
24379765,1191.4211122860522
91215387,2224.832664137391
39945150,1178.6160812163905
25481926,1746.374750240688
72167432,1911.0306236242636
15652519,1021.2285075563539
58079379,1101.6414210105704
81779274,1797.0873401070926
11313638,1538.2502340361616
82915596,1643.4211536759271
12551058,1712.9951924517932
69374139,1785.0355242478154
27490970,1595.1921301792272
28663701,1518.586802985651
51901697,2327.6443279729115
19964529,1934.2346361406949
14203976,1909.472594978543
86724526,1658.7605147364102
46513661,2221.8200728295387
42464585,1401.5624203776038
14360059,1332.7982630516403
72181637,2301.75507106354
78956787,1541.952607490885
30264496,1266.9149005177965
77227528,1552.816649265961
50534372,1481.4287851327194
12187853,1811.3686547840855
97814800,1597.6007131054614
49704538,1568.5383828477477
31844965,2566.8061300349377
89449307,1135.65957781614
72286626,2128.3586089783917
90641879,1833.8250947634438
39977212,1943.739191119569
56406335,1286.245164191067
46671061,1809.5142449896234
21883230,1537.921011304511
57754484,1028.9678186319632
96138639,1882.4342961751192
48581654,1778.1882095664519
15477564,2266.393687226717
18367532,2208.6177107902276
57040971,1014.0569049045648
24677280,1956.4701356615255
38279741,1158.7376999728863
39630161,1762.4893598187325
94354941,2163.6045168454284
73739305,1472.4641151127757
36839896,1659.878623853964
60950133,1239.247050832714
34560824,1261.2001586094095
89848060,1642.9028203322066
21727334,1828.7807451315618
96402755,2465.8876985838447
99203156,1443.3068153616218
69252455,1561.4394650198246
86645439,2912.086535085429
83677892,1356.2518157106956
22897635,970.6634683375974
45288708,1626.0919374618195
59969436,1749.3945849375227
94774349,1332.094461095916
16886474,2042.3044806134071
44198009,2843.336014558909
64700341,1180.2973125414503
64505698,1320.4209773567293
77323444,1447.8442634504192
27706778,1689.5164574845055
59628829,1195.4459206260954
55365465,2120.637112594507
69970571,2097.758135176394
94271260,1564.1020830335492
52700573,1797.7084557948522
45014443,1815.1847753701454
71021280,1787.0317842677246
51886091,1633.808212929626
91170937,1825.9020619098633
92081846,1758.9844051380749
95719079,1853.5170746565664
12428005,1232.9119421263163
38292857,1435.873532076665
75786036,1786.2995012968831
76868352,1605.8828376392976
61787836,1828.4510539429677
92993294,984.7882802761219
23885591,1172.3936963013955
40800066,1442.1012153021838
56146741,2131.2450166963877
49447892,1580.953524690007
52965378,831.0013074418898
93685952,1317.0682865893887
89649731,999.2424438837193
47102704,3189.2004561384297
52908918,1708.4905749166064
77943419,1562.1094590796777
92500699,2320.469061801768
51420779,1883.1468524129912
72830394,1435.6617700748454
72781023,2192.148933539122
16161212,1103.0057532804494
73724856,2326.0902397080913
76991618,1190.1480872859668
95797758,2265.2439079714286
82786703,1114.0933503830245
77183119,1553.04738082212
56026782,1105.7278933558355
16589083,1487.0534027982885
47749953,1424.3694274065408
27187508,1615.9202287093476
51723171,1770.0822028324787
56627258,2118.7316552872335
75635227,1187.8879246609356
57547046,1342.1095665830314
36631973,1905.7170853975217
17463415,2390.239174768956
26674861,1266.5164354470594
56995341,994.6466853504246
26126144,1161.8497100949287
58450363,2208.6537517109045
89312269,931.0433894453909
16817991,1283.324510419247
84965319,1257.412131233164
43319013,1794.6256489433965
44400321,1113.7002252416673
80024230,1086.2142635445916
74521218,1867.96362067995
44832141,1579.8945245525451
70162625,2112.2245617434737
43589357,1860.6323010193641
14100726,1372.504981344624
36520084,1226.9333794827012
98999098,1071.5861472887507
14148442,1504.1123555447334
90033275,1843.8732311827905
19819492,1106.9383152097328
94929441,1568.250123676691
64769677,1421.9260167415919
80605119,1577.8211179989703
61896581,2046.2386891826327
25053770,1607.80225566002
74893395,1892.16913371477
53560531,1408.5026113575723
89710260,1345.2576658345288
93875018,1516.4347990111846
64766158,2485.5340106917165
54305179,2087.579307799595
30403292,1894.7645382855994
60767564,2073.7348567393365
35303188,1415.2379861623153
21177257,1944.5453281446723
15350431,1995.2131032263744
19112314,1401.9584898383948
10078818,1723.594550408932
23150338,1814.034110959512
47635759,1829.2522395220342
30605686,1292.8472687618216
29709781,1749.5867886806552
13735642,1098.8940986608939
99020214,1373.1197113562334
28873624,1800.1717716447974
70890497,1450.8212357708223
99675492,1438.348619252517
62216584,1862.6306382225391
84668724,1018.870582612389
88738488,1688.7989420240472
35683009,1193.2725027670638
72816721,1573.0978212056102
19163259,1728.0098481581113
51202613,1600.0924828936993
56056704,976.90277462979
49879334,1027.7205155931035
16786843,1496.9043767788808
47533115,1660.7421089759594
22109413,1357.3426628165507
85518746,1192.7496390013612
93362991,1544.9946300387107
16124077,2145.033034201643
76182432,1113.5698458107174
26790843,1472.0334646294586
89672220,1806.7065456180576
12756298,1796.3712582885403
16926806,1370.9174749489255
14000956,1368.8323907471145
36806959,1379.4975912042892
87017954,3259.690544499099
43944283,1689.8786112684472
44101724,1020.8148137612854
67316534,1124.966820974234
88490548,1378.6301836024102
88665651,1782.1115129312614
83830852,2626.0735569976664
35512699,1324.1488172088418
49228670,1639.57335893472
47172196,941.4090337017888
86195285,2200.562206696911
61100752,1563.7285944249338
23609539,1534.9745663492083
95881788,1679.6357062642949
44925764,1952.2950693957064
83971268,2588.546598392805
17370699,1298.0748018416737
76384877,1420.3563579927054
93972349,1665.7591109924301
64752973,1307.7757134069946
22747583,1357.849957343745
38304968,2223.4405702323465
10235307,1559.3409048268675
25779125,2210.251170384686
12843653,1338.7048470409716
78094768,1520.3910426286036
10635284,2347.1610933938855
13687234,1452.952912462028
53936042,2073.2820082548847
82732686,1039.895225728851
96543781,1946.9488753383985
82228529,1014.9052288471014
12775154,1521.4403060679892
55255907,1556.576640182976
32916130,1403.3291195670752
18504284,3557.8957911605885
65825890,1859.6923808946794
33391713,1498.6340999617269
93331533,1636.9825496321616
89345152,1707.6539380504805
46576484,2782.4455677987553
33320733,1307.9988801095242
10724817,2646.214610145711
41244276,2061.1846438270577
39841607,1500.6420148776142
59463885,1828.1320144763881
61317492,3682.489069736307
33725830,1026.5711462867093
15316450,1699.061382431734
53318939,1954.8965212414946
82300735,2219.221514431416
44927585,1453.231218543975
80951510,1688.2099526477516
51421456,1999.1434662077695
67936055,1776.9146303831517
48065777,1005.7636075283792
56103730,2278.722110155958
40566531,2003.1725653858014
61129612,1822.251976730218
72015593,1569.7342553256865
73826407,1215.8256093600398
88021730,1245.468825744695
85653819,1488.960601722015
45194339,1466.0340219939603
91086895,1418.385941890149
51919540,1645.2512988464775
23157322,1599.9383221769135
51628095,2062.069425161092
96537190,1761.5953976652588
53402735,1417.8993880425219
36360155,1120.5311682207625
37694507,1776.86815329414
83593533,1568.4487484276326
24284452,1639.6105947794154
21000889,1617.550063630412
18518898,1212.7028350938676
11533995,1733.4457118845553
91728492,2164.7042364622107
32889326,930.2948042254943
16392740,1394.9379918960435
93954664,1429.7448201479833
40527969,1625.1881026776
13359501,1393.722979081565
54613106,1040.7034522825356
89494294,1921.326285113164
43243456,1542.1928428791293
49320975,1920.147533434244
66824387,2085.1876081096084
13395531,1319.7594100830474
84702746,1191.4578430172064
46376987,1841.9113477832611
16949551,1310.2873202637732
76113598,1519.513654671952
88051686,1578.892030905524
21575972,1637.029957264047
25797068,1219.9596537661291
46519671,1385.006473914776
62958708,1578.5560655927732
41163598,993.2234941411978
90108134,1513.3300376286122
40305514,1535.9974099659064
28323820,1653.1366610113998
36148206,1181.0219030597705
41903222,1611.7382377526706
34111269,1736.2359901330478
22460898,1920.015897311412
87095926,2059.492610619328
99063606,1520.1233750807485
41090287,2450.5441785623107
76553835,734.5074127945932
40520930,1905.6451319921857
72499276,1574.3850627413851
40722377,1882.0559758118281
23596828,1916.9659901138593
94118199,1288.2644074765026
54177823,1983.8350040798616
32744353,2534.6711802886266
83540534,945.1474437067602
60135160,2008.1128964197358
32215997,1066.829548270431
60591783,1382.0243204656324
75534413,1254.6307157222902
74381587,1734.95404020362
83928867,964.540550807063
31779925,1525.844660919392
71389415,2065.7845942660897
36657020,1429.9894033336764
52833217,1707.2982389689635
43206206,1241.7298991491477
21701449,2130.520038753465
38073031,1233.4954849948726
34369333,3328.28878485045
92620587,1691.058724393294
11512547,1551.6492139734091
81501365,1308.6878977737213
91014044,2630.001533593724
90225400,1939.2664933483584
77353219,3337.398725634597
55291546,2020.4952303142577
22923482,1326.040651673528
14288303,1277.513949991112
55909136,1404.167126247002
41957261,1143.4552335539458
17675131,1378.3766961455406
13490253,2075.2715977416883
79023756,1603.76583655379
98393510,1079.4929122238548
36169986,1377.6247830008813
98879925,1373.6698524205817
64713126,1336.5816798587816
54807445,1604.198591173934
76751871,1860.938764005167
98441518,2402.7147917313323
54149693,2035.6689141787492
42794612,1283.5398685516984
76036112,2587.204631721641
14657728,1671.1424278292284
73292737,2373.967295213994
37897222,1350.6276232078078
24707301,1611.0990127786104
54570938,1926.901130222569
47969890,1013.7750502385436
86391847,1915.3985309579166
43251995,1386.490479886622
61789630,2783.101560653657
12601759,1415.1317940632584
86045386,1332.123047936561
67870680,1704.1679025470478
92603070,1185.6065832948532
45118743,1426.973464715524
40352166,1593.1225078185032
96817260,2312.968883923873
70031890,763.4118208878936
18280163,1548.5679155730259
84418154,1451.0930182122463
50657043,1194.5422871467413
24196657,1780.9321741066497
30339428,1483.5018823519638
97021401,2011.5036509778552
35926246,1525.4007719272697
78296017,1784.2663055644593
91378970,1038.4948431096818
80348783,1494.3795637323333
90424864,2096.885876289033
65449342,1187.561566511621
50552285,1147.9401189309467
96371635,2271.566238673706
72833770,1626.2310541831948
94834332,1065.2145461885248
34291304,2389.7470732893776
61020465,1700.6463346151766
58556746,2042.7110043482685
39138083,1772.9050494981218
25334186,2104.132905567913
34764813,1874.0827642769668
37404139,1526.3844833981034
44171473,1312.3033785437672
32137098,1223.815333885804
72644851,1486.5227829443686
57301182,1534.6193041734286
68777856,1537.2154469547636
46687209,1194.839308775043
69167315,1378.9438308977826
82057134,1607.341782207085
28611499,1537.6584450463833
73817431,2145.262844405733
66885663,1914.4064797690498
81244724,1339.9680480920574
17815149,1620.9373038607316
76792976,1799.7039735985725
32232188,1303.2993540389593
32884692,1444.2171695384468
51904668,1977.150479256332
54177086,1516.3081454253665
79785130,1924.2005834222973
24791309,1140.644235470519
79748184,1108.0055473335417
71076766,1709.7125855155318
91713473,2226.807623395531
21889636,2567.1938124471067
88684450,1594.7604330419476
13868166,1337.1103812519434
72609306,2736.0776001240965
40230821,1084.7931088342298
65326864,1274.749439310961
47873334,1782.542449409812
38502225,1138.7160784196367
78086792,2171.4807894782107
19000370,2414.084565436858
18794356,2067.7025855760467
15695931,1258.6957774412222
69820899,1144.60125023217
42730808,1943.3381123497606
55693372,2334.071917381032
39793167,2484.171740151766
42174587,1159.2996051093023
17562701,1346.541235979013
75887228,1384.8606295915458
86381737,1059.5745064212645
50478816,2100.514697182718
59640073,1578.3411519938409
76678970,1415.9140153760075
23159711,1346.8991634850186
74146213,1332.5555274478695
73679527,1334.4770678795408
83678670,1264.2351520463271
82153168,1740.417894380562
81585077,2200.0131329387386
51172809,1641.6517249536469
93348209,1262.235035459503
40526730,2664.645451730077
35477741,1812.2920981182378
26904107,1785.0592102503556
98083773,1314.471764393646
62394914,1717.2758485717159
38403298,1575.2448049773723
19395977,1634.9887800342353
28561023,1354.8414535840304
45885910,1518.3450455904353
95086890,1227.1705341681156
19776574,1265.9109933373184
60586201,2104.6445527501014
89147481,1823.283457658526
47209892,1456.1203021007063
47476854,1616.2206674147192
60953282,1861.07073919763
72001460,1732.5517173199014
22546493,1716.8496943483458
48912589,1826.5564058682248
37241017,2339.9649954834126
40152795,2258.5172829455564
45771924,2410.8527308443536
70307319,2365.4388839238445
42825484,1481.8691654751613
32535623,2516.950336100018
54789245,2302.993921737199
72682970,1975.103487765316
51218700,1797.9535885221999
16039328,1248.0209401710479
44678506,2866.5422466199625
59530373,2623.6493555281963
81467001,1304.9856457464705
50258434,2045.9745597473363
27681355,1494.0899322956382
69431073,1340.9986062681849
93968709,1830.8260599751711
56478207,2300.086440891617
19466001,1920.5383619202244
45204787,2284.9977579091615
44120969,1163.738069617128
11347094,2442.360241971502
33817003,1280.5806430329935
84812841,3189.735588058527
82947487,2101.4351205787198
22317982,1615.5910131859723
95086863,2366.474326983148
73084974,1222.9897346254484
96665202,2157.20873947641
52954565,1228.3567475286798
22781049,1443.472014930785
39742164,1623.7768276949423
20712973,1435.8975196110805
76124953,1761.2435344488013
53726970,1767.5397280237835
30895251,1657.096185278184
87940348,1757.871112501871
95321478,1532.2924509407628
41613207,1659.3489536594507
64780104,1528.5026433156881
72574405,1898.9992311075089
87909513,1182.2101477460174
80918662,1999.7853712645517
50842195,1237.6171164545487
37167999,1783.4469016575697
56430683,1499.9568874087715
62519911,1165.3865057573778
29251792,1533.2503969746904
85925973,1582.6188879785097
34644536,1287.7330283420995
39276706,1341.934065709358
81892516,1958.3911576854439
30222761,1463.8975597455587
10422044,2102.8436234440837
28074362,2446.3913868043282
64967123,2072.143767553607
38282963,1405.2282827882912
76769818,1563.5317820535342
81835353,1911.9587286446003
34737343,1475.4384944122703
51032996,1522.1199235870213
32565254,1690.5953239682815
51764743,1922.1345561947157
92831396,1883.8144511843166
84077215,1458.3493051822281
77480283,1528.6654737213482
52724196,1000.2174561055331
78039908,1401.1797795770626
46605850,2130.776687694655
61041851,942.5161714720598
10551671,1316.3390935294635
84956232,1538.766779631901
93609795,1066.44812263047
63261476,2182.590863320469
78773692,1652.7640381721626
41527728,1178.0207035449137
86838609,1315.9973409172537
46835475,1463.513396815581
23285553,1249.6669328681162
83082562,1496.387604289629
33889237,1664.4551942256687
46836989,1981.5989208171181
42683388,1705.926377516722
15212938,2629.439788516819
63857629,1397.8190638809351
71736760,1399.8756997164596
41166882,1535.4299482029814
88287708,2103.0574856281382
68218612,1835.24191122462
34505104,1563.641031434419
50756606,1632.5513469288094
40004505,1527.3298949623395
89798576,1560.4872378648297
43860123,2232.686355876482
93655218,2193.149801864215
71051446,1061.4104663922526
93380848,1159.4228267131016
27980449,1512.3036613402676
57084880,1647.7287844582393
46438239,1377.0635142034137
30942515,2369.13521179808
19590564,1504.516843556972
83623165,1302.5457135486936
76716085,1859.1447137410496
60666996,1920.0829695209873
78361983,2073.3257460239124
72701952,1448.847565365425
74922910,1339.9872753334103
63759907,1575.6271020043719
68856134,2110.5400550853174
79795778,3095.72414814535
97178936,1477.7571688037356
56185778,1373.8721952352262
48290079,1241.7551601645064
29392023,2290.2124680885686
54780943,1689.0135217660936
97751068,1534.1164292228011
69746506,1528.288323850163
55371174,1825.6585099203103
67781652,1475.5773231128408
78245291,1655.4300065711277
64158812,2010.3325500814785
60974365,747.9754090117256
12800790,2130.674779566075
96154030,1710.6859043679324
98482327,1571.4703467174133
17464700,2230.5437106838335
56270967,1786.7351452234802
46584495,2110.260941593736
72785702,1326.0900245639477
41281460,1741.0618922752492
80424496,2556.9342974600195
18835766,1856.5570867906242
87502261,951.1832435777433
96135205,2034.5303934850067
26258289,2771.6294835202784
75302604,1467.1786656402396
98645752,1791.965996517394
58643859,1964.7398293923814
90141148,1921.9076738519698
52181895,1275.5888610452437
16710404,1590.289866033192
26056734,1559.4612571224488
39602380,2024.753969863082
66983144,1756.8726582033225
52507579,1292.0292199425112
97432890,1519.6853547077737
85547503,2490.678559665943
63906202,1594.6323654503817
84599750,1792.052880967517
84325254,1253.2297621204596
39975048,1756.8587427019265
81574706,3171.6715756268595
30468791,1445.354417614321
97533812,1405.269206237036
18711694,2111.5350823187214
51787778,1997.974427585831
61409887,1796.2216480542054
22014620,1104.2148924076691
38836545,1363.141074806377
87391833,1111.6720292768694
69117778,1322.891224256484
68122788,1910.9516807953673
51241051,1656.65019689877
87186215,2285.619939394325
84468326,1492.900421125172
86410473,1643.5531678939835
56236242,1854.4584825176837
59626902,1162.7273812272717
66112801,2416.3944584857477
84626603,1144.7043106038645
68630773,794.8302958329404
33563434,1138.770391261482
52975992,2276.383886850316
26817104,1778.7103233162572
19501484,1541.00740251572
62595745,1624.5764536716897
41563117,1987.0491142947799
52796320,1848.114838590972
21489695,1810.0582530767738
56658010,1614.6774195077348
91048109,1311.6891549320592
68814610,1575.8520586782984
47089966,1730.5800062771737
79261064,1952.0338261248194
43267298,1680.079587563283
35491922,3602.9464653061486
91103900,1690.072964872969
81885878,1112.469848599196
10004659,1630.2283825312743
49810234,1384.877562990701
65062190,1608.323537339117
57566037,1735.5780136029757
55754004,1649.1767510872014
99179360,1040.6055815835532
67491962,1674.653690364225
55660033,1483.7387527865747
96584547,1623.456824297936
36088377,2228.3652840376485
97242422,1009.078894632499
12109366,923.2235236711829
57248099,1737.6465706360034
46843789,3327.0745433823913
15574311,853.1983397190766
39119987,1561.3746130776274
95964371,1522.423813523419
93965777,1432.906346546131
32720737,2068.4122308154624
38011636,2298.359104996485
28738450,1567.3510053984926
82845868,958.5346126437021
92357814,1453.3709501195476
94273774,1180.271229752824
86770972,2186.1186120997318
95965665,1555.0521208844011
80658412,1222.0866144087593
11188732,1068.5696473009632
78466957,1284.7115092839472
77853776,1561.2692170937366
81589793,1437.5930481127587
49765777,1732.6360895723453
88579415,1372.144849591791
65011154,1344.958615524048
32352609,1525.4471022868515
25644810,1286.0030981362793
36867135,1752.788682972199
88848522,1544.3693350070546
54293859,1742.3708578917012
33019527,1223.4843333078663
46924492,1189.9421844275896
19488750,1321.6585054250777
94594464,1333.9303214562128
73247876,1594.51608881811
71373451,1215.9856080837515
27655514,1490.2436256051253
94112335,1578.9376423922363
79135715,1194.8008989753948
69231521,1392.7063287689843
11994136,1736.370625320325
27288623,1527.763493465726
88123955,618.2351705350048
10000265,1310.9704433697857
79772833,1688.3589660653156
93882232,2486.709429691061
32109681,1242.6267433908038
65404136,1816.7162823640097
33831079,1043.7281021807755
71847266,1191.8827672549435
81003839,1132.0806101520263
19285579,1894.1385859794486
51911514,1918.0752049604048
55539434,1881.8555458163926
44536751,1147.4613102905346
70028057,2259.507888165953
86860126,1981.0712075121232
64254454,1655.1163847835496
98284782,1965.8537394527743
34610652,1528.4510128735012
75568847,1595.2205469445637
65674652,1454.727294851388
55019276,1451.0281418673906
55592552,1440.2875100387973
94267636,1462.0709685794766
69222634,1340.1415099675821
85591369,1199.0296664095204
43835656,1363.1264302221055
87803052,2216.643924395634
26232040,1538.1785742470934
91061668,2081.733201705144
30001734,917.5044317340601
64074995,2340.078537339028
98892450,2164.6986119071275
30473837,1357.5668242390393
95158643,2013.491404875401
42377220,2078.9518504206976
64814717,2129.1184413217807
30148862,1821.4873261543553
62010302,1691.5753758835324
99477712,1524.3270529496633
70875105,2931.8447154547116
20465640,1163.9614517720995
27850961,1019.992710550938
44835254,713.6700359081298
37634561,1489.0798407849907
46702648,1946.2905791282296
86839823,1325.9737555137444
67985741,1249.3333678579784
27791703,1357.1646801919626
27289673,1333.273948912043
47043760,1455.2448250588525
54808934,2031.3636064686207
98155995,1968.2765853554588
69341643,1938.2206689634006
19401682,1458.7846546821065
97496254,1094.9338453418586
26009392,1366.6993959314439
76357312,2184.864535066938
60644292,1953.8468606197525
92095667,1607.8999476020808
16021125,1837.5817344623892
52662306,1372.0429763752163
22527415,1344.611637609554
11178457,1903.6678258534662
19452873,1053.2604677322154
89463603,1841.9711855205767
55778959,2541.4877422979716
45079947,1466.4840704911205
71913651,1603.8976889956389
26030335,1705.6828915731935
18887144,1326.456345877051
67192573,1458.7745295178174
93955593,2364.526203331929
51025425,2447.845049513395
59882564,1360.7159180530061
39586553,2142.163592516376
10235871,1913.8082892240277
44636319,1080.1852911641847
37290007,2354.0772711843456
14108687,1636.77157194356
34932666,1167.242350648255
80941617,1310.7829777605907
54682782,1567.689576900804
89652985,1656.2396636538745
13137515,2515.900882604599
69623259,1482.4648656297406
58672181,1892.3567177791738
19145583,2083.9748621600056
15756823,1989.2851975276217
48404289,1596.041182686863
81082424,1458.6907067443833
73224913,2352.374499146807
75845341,2781.76782829722
98474913,1769.1881687851744
41962691,1259.1683408036527
48961741,1913.566353253358
87593653,1082.9210823721396
84917993,1044.9225731271954
24081947,1459.609643438326
54462462,2304.656481448868
51963469,2142.446639216917
94467679,1289.7272807980905
31642363,1210.6011153197187
66097711,1482.7027891451335
12884742,1396.204851135336
94999391,1442.1587867381784
44605879,1533.1594166631928
35787017,1516.882773734679
45450960,1406.2149900184454
95291199,1079.3568374673907
96016558,2209.992221700816
84566828,1620.9237666158954
47412693,1043.0706854684959
49029700,2282.5804741881916
60010012,1366.6569383941483
75883768,1364.2899364173043
26202342,1210.9894184974632
42317663,1516.8155649298305
81534336,1245.9415749752795
89007837,2162.648616901559
55830410,1412.0711213307893
42889086,1126.721768655068
81610198,1461.9847424779039
17452253,1263.6061184299224
71203731,2281.278535089024
80449971,1405.8208580740254
69429731,2160.658098436814
54605956,1912.2517431808535
34299688,1382.7603292434133
87819668,1914.098090069857
35995429,1238.205547005782
79395935,756.7525999818545
77309412,1577.4317597396062
43863935,2080.9077902775416
25184246,1608.6048542491048
36615071,1241.646906188352
38474717,2752.01511737803
93825316,1118.0647686707323
33683398,1376.346520559283
69346242,2007.3867189856828
59095929,2040.335650367952
87118088,1312.1921715167136
45924958,1677.7162787708885
78591323,1690.50362235339
37759814,1779.254024770505
79378632,1785.091832886121
74799649,2360.847862728319
53222755,1644.2840175522915
36749663,2437.5849264137732
48476133,2035.7569455506664
49028666,1911.0404043983044
74177764,1970.1646323386785
14771208,1076.789859624698
53613430,1342.3968690012098
58749152,1273.6190190438085
32751897,1731.8682547739886
26470651,1412.5532531412696
35002941,2170.431983979142
18541890,1362.8950177560334
57596711,1506.558320459537
24072464,1292.353811184232
31435093,1972.954762759744
30602585,1590.8468508171532
75360000,2214.7184296286005
46273615,1979.8806245589824
95181699,1531.1021434044826
91310621,1461.380966409567
82017783,1434.429892790789
70908643,1580.615073892511
15861638,1922.6193164837123
50835625,1926.550990661036
28964861,1090.1740706028015
29864397,1248.0141372948146
12057084,1501.1882678958218
28334945,1889.054900673389
60084019,1388.0140261752344
63996133,1114.3822366528343
24215888,1177.6779228019386
73974645,1424.0054479631117
75072747,1266.279052171867
45633768,1701.947452574708
35646913,1704.8276136333552
53661067,1535.1150988120526
78907585,2000.3056918116777
76922109,1817.174985291041
62248680,1876.2279456270492
73320273,1714.5792275886815
22179940,1842.0219489072392
26991418,2263.998436441075
21855522,1776.0183301869604
55265808,1819.701462617686
58224140,2171.4523815858693
19913819,1254.7520064785558
90275479,1487.2267445055681
97988475,1878.09174030111
83636674,1561.5644864527803
19875524,2762.788546482375
90421480,1435.5957053209095
81793670,1659.7317611547267
85521270,2143.904522159077
97359529,1290.8984977277407
91814930,1486.4944548457129
39016297,1649.409921592868
94156929,1772.8416975774207
45023538,1648.1575155071816
58269517,1208.784037902056
35694304,1371.5753543112119
64951262,1328.197180313151
95920942,1597.6729130870406
41847450,1453.455875032223
15255858,1432.3984782054665
95924527,1449.1495119789522
12518283,1950.6230871469966
99811369,1325.2223782427902
59569343,1078.6527845208916
47206769,1028.6110975614868
51079651,2521.1780567726264
23194465,1804.158223604372
83356805,1944.1842758954772
26586384,1155.540655807615
55548495,1184.314078034483
86324071,1710.8142693628731
75101749,1883.1638362308436
16463144,1066.1333824351657
19396787,1328.6599578017717
33279246,1556.466539828731
49233593,1846.5446829546897
48210075,1013.9585697131483
55054820,1363.6223674166326
96257897,2831.1452922795206
51430742,1762.08400990832
83437485,1670.4791548713204
50578351,1833.59400303743
97275251,1870.0245522016364
16222585,1500.8690218399697
39525336,1967.5646633087056
78481250,2050.6901552539603
90967247,1395.9133050915257
84855982,1534.1629411760844
57782649,2104.040839078295
77997002,1463.9098556793626
36215630,1744.0785735457357
95580912,1511.5512942202126
59034107,1594.2535858129518
74775777,2254.896850728593
39971311,1493.2860635913105
89020638,1935.0555917294428
51169286,1680.9389925062112
99644215,2587.085090098656
90744203,1556.2427493276355
96320211,2066.8611649621644
36465697,1565.1777220714891
86214609,1859.1050129575979
81033519,1284.7923700040067
61860616,956.1135347379839
11758072,1668.69392202996
72796099,1060.3178746269998
12154166,1125.8209523274015
48588483,1385.1186901895508
75800458,2356.828251489189
27360889,2402.256549491925
84455620,2730.711516231358
94594944,1344.0030550669194
73063439,975.8881556480981
81513909,1555.2698165978838
76078349,1921.4506260717296
18738053,1448.9403739078944
29574045,1666.7574290121474
80540560,1567.672743102339
25751173,1468.2287550063295
26008933,1457.4923433000636
99638568,1497.8832084150608
16106243,1826.7363475206682
46712863,1115.4179915521227
62434322,1750.7868400232
41483187,1432.2713517878794
56776930,2830.7429942117824
79612305,1576.3508743784435
64780825,1868.623753640787
45536007,1278.8052657560154
46661025,1861.131769134222
77061678,1284.951580145052
60393588,1576.9537082950858
63346660,1058.1141148013385
27845955,1451.9835162798433
55504400,1537.4951783967051
29005367,1001.1206681734534
22069246,1107.2983603268829
84008491,1250.5763829529883
17133631,1422.0984983521098
84832150,1193.6021929839594
45723864,1736.2826456701885
43493787,1441.7715432770028
66097518,1295.8472757961
70168465,1771.95837274987
94063743,1130.845770430417
14576418,1625.4361134158637
67277120,1967.7139219337118
94345958,1987.5336918597063
30685847,1329.3548803961241
85948230,1615.1573621847726
89817663,1658.8596117062195
32957921,1975.396789640804
46701128,1527.3155875197692
70035645,1081.4282400846357
60395047,1798.0769620771955
88839252,1661.1680542563922
84131490,1193.9865234508795
75586325,1511.328321544937
80103534,1219.4794010201679
43032685,1331.224945344805
15972126,1639.6195481943362
41404247,2259.933214568812
38893753,1187.844776721979
73633779,1931.437553230654
35904393,1048.1989504389444
24714022,2025.9695529365536
19048345,1215.6143761952576
47004008,1406.6243425056025
94742593,1957.8809374892835
75269823,1761.7218302975812
25552669,1041.5095840201946
51828771,1371.8648439665992
70179002,1109.5360045456787
38115411,1673.273969273634
40317565,2225.8951404195113
21110207,1454.3397725559876
84762082,1483.9229147307585
48690899,1848.6547863599162
76594160,1572.890758439336
54192522,2371.1786410914815
72813893,2281.3792917852234
21004583,1413.5127479630498
64817154,2009.2002980325892
42706195,1431.5889286620568
48103074,1552.7507544784557
21878260,2136.665610230005
36272220,914.7755525067962
13817497,1553.8807612205155
41737305,2035.7169666996142
45517239,1735.4910472469255
89500514,2396.1585895922994
35952974,1202.120261866499
79180368,1695.9844914623504
49972479,1986.469901430336
16468436,870.4407843867466
66415757,1859.3130387071683
60737619,1694.77917475477
61065232,1457.747617547386
40172654,1236.0624861154063
89609665,1850.5151562311953
23952725,957.779560669796
72896307,1775.8932205846672
43835334,2995.763485719699
15170417,1007.2159794705944
67479665,1204.6914078602856
33361674,1504.5956281574945
44130617,1283.5056062652232
51579953,2134.034515911832
75908580,2211.871156910698
55554604,1719.5593530351296
78855633,2173.0535612018816
16657542,1708.7444558138511
54732615,1782.65024523893
61746292,1950.5144792847632
57869356,840.9018007426238
29926611,1412.1734426149524
75275045,2995.4910995161163
47886535,1655.9692872907078
44918482,1447.4402724219538
78968246,1770.9943495174373
54136456,1699.9480616839353
90807736,2245.1925831999697
60276696,1681.3416367237614
82048962,783.4808173794888
92669446,1730.4305197714564
48680297,2157.581906572692
20902349,2490.3676635382153
56991657,1944.350010484614
47839152,1503.2225406449882
78844128,900.7403833528385
13384224,1450.8615465445998
46213331,1819.092228798652
34116626,1030.9668395531626
13884884,2958.498840043144
86060261,2174.1615307702
33698474,1380.2333503721268
65729973,1241.7160622894128
10671871,1469.309834515722
35704807,1577.3753601086603
55231783,1660.586542112068
62208192,1764.5413422058468
67563103,1776.91572544558
72548470,2313.6647439276258
35725437,1729.9283284553842
91119982,1753.4719321544178
58303560,1961.0434841614524
48430844,2083.3176680399583
17825416,2498.472379984959
97821966,1873.907455935984
76538437,2519.1443607659926
46855429,1285.987756065557
70135617,1970.9299641997093
68330883,1103.5990123960325
82205109,1693.0225348888237
47743752,1876.6291823212387
55059767,1178.620788430108
88243398,2590.696157353377
44699350,3066.1396741951257
35330178,1504.704283142175
25203468,1386.79836678392
40479165,848.2081103434537
10947997,946.5766985361911
76351104,1621.513224148488
11445786,1715.2060343571438
49470754,1365.4185065919526
25466549,1845.58179201657
68081302,1296.1771078327322
66965573,1791.4178012093664
91230160,1947.0134725171465
44322697,1333.005555445373
17542284,2215.242507324852
43035885,1499.298262203199
73926094,1021.8918605925292
64948505,1560.2556331838034
78950808,1212.4246039425661
38422125,1235.4845422205397
70854487,1885.4623798823282
96303461,1900.927543676881
46698218,1748.756933066959
42918073,1624.1980613566748
60976113,1416.2638450642753
80414616,1438.6172922268738
11919826,1654.1531184306534
78548658,877.9219158480237
21857739,1431.1524017649256
29877271,1944.4931261348897
12698388,1835.5492617816385
11871707,2522.210782774832
80819542,1367.558507037537
95941128,1506.4410132686205
15401105,3615.4228833270336
32754426,1517.1846983486832
69235267,1012.7493651734071
71590075,1887.8205869238375
93562904,1633.885235164616
48418506,931.6750059412127
91190923,1465.2899634584514
33120061,1128.9300309438631
79992717,1497.6485188491165
57263719,1895.595575583528
97902872,1575.423603929511
11659952,1310.9210986370615
19463140,1712.8046814061
32523829,1608.5221718328462
91862885,1723.9622882250808
72799092,1977.6426240625678
53477503,1544.245515359462
66993460,1814.0314940298758
13665562,1371.5715627210495
80709687,1490.8269903195999
40330962,1768.2525861179533
42684844,1629.5923429958855
27675885,1998.6434409504516
38250322,1445.939074900023
63478776,1447.1183010541183
62285686,1707.1681692499706
97553472,2056.9859503270027
64732641,1705.97819282684
10341748,873.9388059246187
34930451,1512.7528636085278
53726168,1466.0104612793052
69426758,1210.842852464313
90029637,1173.6543306212577
94611401,2338.045525070626
31394855,1539.7351980977955
36645175,1545.167013704561
56281801,1196.331146900301
12148162,1694.2763422279293
18771087,2068.193813675689
15509457,1439.6944563177617
58811830,1394.4864694562327
73003066,1901.4742518526746
34190353,1484.5447090885652
70731913,1141.7976521061332
55320872,1984.3778595073654
41886703,1916.352563301069
16884593,1360.6832562726254
90415325,3026.4477219619894
28408198,2278.9673497188414
65914001,1553.443153892357
75122895,2191.318502548908
80177938,1512.173337453317
37984269,1480.8823428082849
81491790,1908.104732577568
37294085,1524.3004848161695
23335477,1198.1376744471304
74996570,1413.270011327476
11602841,1498.1039826154918
70152712,1759.209772504841
37504288,1366.0288016061272
76619689,1166.8877587267204
95075447,1631.8317655245485
62779399,1781.8733538817335
66278648,2537.9131830605797
18002070,1666.7441504782273
94135062,1239.2562058399562
74396322,1268.4772826829476
97169764,1845.4147718581617
84630384,2079.299037471794
46052909,1162.1637484846806
60213474,1778.4979854769285
33797784,1997.1303579580826
59759309,1721.1765110624356
47001738,1656.3500553540202
76899861,2566.3915735957025
54444766,959.7885596021151
26850612,1510.028771810124
22468145,1377.7853072538142
39243645,1316.51519232841
35759583,793.9347362847053
92468992,1658.0869186091913
68717112,1288.9650746199043
47344834,1279.6198082408764
52115284,3062.0322737081265
21042322,792.7911245582807
79258805,1618.7340793520414
51304748,1668.1945298608807
23253686,1891.7179935030622
43275074,1485.423783230769
81602713,1727.629240976382
60924053,1408.2867206420578
50363853,1751.1816138055804
28412591,959.99682105475
65145713,3235.9849155229467
47077663,2006.5139632529388
58136966,1353.6085125960713
67034290,1253.1152026008479
72057747,1773.8241146244695
78034116,1256.5109056607707
99365155,1713.4989961844158
56151729,1672.349212328337
68997667,2203.452831199316
46532370,956.3422537078566
43276809,1790.8706848145753
70460118,2429.6999140502594
66150334,1505.9885466781188
92614050,1520.6402115060193
69313526,1493.9180374129035
70949373,1913.2252249977892
98595102,1521.2800630479917
57731071,1127.5327633197098
58855043,1431.5139985673889
45456441,1896.5238423539581
39733268,1305.489563271524
71064725,1439.3101676202125
29668017,1679.0634840147834
94555207,2126.3609682061046
60811404,1761.6404087656924
53154973,1529.5127208665913
79534885,1607.0687630428597
82049293,1838.555506877787
19578533,1130.7368272156912
66374977,2225.6544202001073
16850211,2088.93205425784
98217866,1469.562362772268
33773989,1415.133211813816
14998381,2415.0795883963583
92421507,1177.9536217782688
66591282,1116.3427918041941
27243576,1708.7002277037611
58962954,2122.961833468381
62891715,1074.7736597323687
40256776,1382.619807246648
92014626,1619.510865918362
68868046,2148.831542450217
47811896,2056.336888455914
86438296,2022.1042228607514
10421272,1538.2398755154945
56519274,2093.175111296283
84854339,1862.667225766587
95049673,1770.9817156912177
65578696,2691.894130924357
85747970,1332.0345665786879
69874974,1015.6261486573158
34594425,3156.759407156373
14874183,1901.1926903275782
91643227,1440.358589749555
94998930,2789.777884761559
25184219,1820.1328584958171
78637662,1329.1267007556366
40102355,1903.1371756795684
33004293,1663.5349776122937
85498300,1817.4662644618743
37721019,1611.9328699960583
78482421,1536.7221818262808
81912650,1423.2856518803294
86410146,1669.403269586398
69095320,1115.8301583338032
56569332,1449.0252772525664
97340317,2747.424011706914
37533494,1223.581129981448
55430447,997.294029044001
45610406,1199.9268055635835
64085140,1813.656076699046
81416250,1514.8005732023837
70034683,1970.6874484268496
40315264,1990.419996901078
73160601,1506.7092079723689
54677638,1927.5013342395964
90571590,1944.73531118755
84772888,1780.8497037812722
90285847,1784.556930486853
80203339,1717.7841305336804
73536003,1149.5296266053433
56021479,1115.0971845397971
10526589,2331.033189629021
23648848,1749.800764410634
27805990,1599.9372992785034
46740683,1885.7892023352856
66243364,1458.851814314441
88626421,904.4060778374724
81009655,1814.6918274011591
47576712,2934.461753094185
73803450,1138.5564539302766
47427075,1036.3138044055117
72540520,1717.0707849823862
55407503,1958.8308759138467
49275948,2527.1609125634996
74312584,1715.3159203850219
84174297,2688.1851520583978
96261162,2295.605166502213
22879870,1774.9955749086341
13933179,1743.6205578744707
20116066,1337.7883321644085
38689361,1295.806556729145
63156536,1686.2225157274806
95340838,1755.1786282148892
75352375,957.9276044970115
48265534,1742.8570028730544
74912030,1092.0229422422053
70071430,1668.9554193008767
87025516,1650.242631397736
52784904,1347.6732613878376
96281041,1880.3974270532472
60302206,1821.5611224366612
88862209,2221.882711829408
66359731,2108.8965276698696
56582999,2397.3724542731984
78391067,1589.249186870784
84566381,1713.2948992762742
15548328,1295.9189349133753
49432086,2030.6681969901847
49054075,1804.5600818810792
71689174,2040.7697083987428
64196832,926.2111478247054
85965917,1789.4190369592586
30935690,1345.0043362496522
55460540,966.3499696329623
89457485,840.0063998574594
10188743,1395.2171678329303
58823191,1131.3346644181477
20643935,2120.0202574930795
40325735,1840.2224537028646
91136520,2031.5313273003876
32259671,1846.9628179393778
26400774,1181.0048837276931
28057887,1193.903895907909
82844555,1225.496228526943
51111773,2253.9976084623777
42987529,1830.1127014837818
62978911,1324.8763353615018
11881525,1245.3728918389497
86857890,1576.1442375521517
79797628,1537.8061902401387
80357222,1663.07837931893
35431033,1723.3268401407443
99201502,2345.096666601264
90452446,2390.2994919417442
18670977,2686.1861696843966
66979442,2156.1860058023794
93738605,1439.6540515636148
29213200,2103.4295787397996
31107212,1856.5557302825673
91594833,993.4527049847561
82943336,1226.5410962559993
68443662,2500.7023620049167
93641230,2164.2502945930914
50244475,1469.1461926231552
87626955,2095.856141613895
51387553,1330.0286909752883
71504785,1309.1209056882583
58768482,1656.4612820016446
47301702,1862.826325506591
46285200,1731.9653833902858
27113638,1812.7757568494367
63361835,1187.0167306507503
42709073,1083.510593141984
87920715,1095.124983217792
59996173,1919.8485698370464
97865712,1214.6918242654208
76462362,3087.395553178909
38643308,1877.494505163087
62694540,1846.4974722490615
62141335,1323.4269062369035
34503041,1518.5891337609653
11311229,1056.5460674797134
51623206,1697.75200621484
28560163,1740.2178645960546
94388349,2043.2145795890178
86256710,2386.511387568948
61215694,1699.1472894997173
80946911,1755.5294127309896
35537651,2382.4311675346344
66755381,2411.6573370043807
73455092,1178.7271001839947
34041393,1605.5236135941095
30484078,1797.4179377182911
62329986,1701.189778994082
62897188,1362.4956699763288
51881772,2172.0644264084867
94211751,1212.3243254525137
61613645,1316.3788975539562
71479652,1900.2985691853535
85310501,1540.9948685492125
23110318,1681.7215865607852
82884759,2117.392292097825
51095836,1662.2194172490126
52772048,1250.1081671283655
17245854,1299.288722661414
96708865,2349.1483725676435
67276218,1646.240325777253
89528454,1195.9201095725643
73044839,1423.0103976144721
92820854,2148.6241790520376
81415527,2262.594418730402
54704500,1428.834988987427
62696690,2193.637051995766
43848311,1704.5750486461882
30447397,1173.801237951085
96343937,1352.5511015951256
19151468,1481.2169358897636
75047192,1366.852769860454
29891460,1544.6123228248014
47625277,1488.1111054491398
57930980,1467.9759723525124
48354539,3238.355215666868
27628114,3414.0760572843596
32690361,737.811155553386
93744019,1209.4770246468008
99861438,1523.2746509846666
30181088,1046.4497236079578
31181640,1932.0590104930948
44766788,1397.0774776585702
65594080,1318.272752294052
22508377,2227.4098521393253
97181173,1652.3041981393358
17420303,1677.2667771423955
67800143,873.3716187976756
33454469,1725.5079840879666
30418520,1708.6424864519745
89752463,1185.409976630023
55142148,1889.3264072243528
20848293,2388.596499702781
12617495,1322.107974580404
20378275,1703.5697066987905
37172337,2068.4076931137806
21839038,1190.9879216236868
66993155,1478.5524824026581
41249770,1192.9740035284078
80181790,1833.8706550196075
36248478,1348.6316656321692
99097401,1427.042287896978
16998435,1096.6179789071282
28345246,2176.678273322626
97230601,2273.0892759333783
67442292,1726.320437126995
54477624,2733.5038909950813
22866548,2642.699751258026
86504569,1647.8841155937225
81257074,1440.6112863437588
53101206,1320.4282488677043
77626907,1844.1236404113931
15402267,1205.1650310654527
66190974,1529.9228403655322
85276459,1949.2798029531648
61882567,2367.7386330193394
67503548,1597.5951928548775
80801220,1399.03734788208
45827465,1704.5389813583956
13145303,1560.511304113666
92842662,2198.6285120736984
73150077,1770.5789337405004
10904048,1037.1667340922354
89655386,1671.7323397667842
91827598,1350.9337558362504
36736446,1339.90966227171
73791907,1253.5534909776989
93237533,1159.2572880687514
29020722,1782.332640199857
31344857,1142.9002867257925
67961594,1166.5900929652867
82896045,1355.9722958588854
79782925,2019.2958520286352
65627534,1695.436007006455
51055429,1943.2101378986863
24073352,1394.1705963939446
63468697,1686.9631182297646
69815836,1295.3431386849222
94658489,997.6794275091663
89803063,2620.635819475903
41826065,1648.1359942296624
95957321,2750.752835959539
72164672,877.2952580124877
88171071,1037.8869654913588
47273090,1583.89291770155
19574799,1177.143696891024
74042503,1396.8048064467068
73199665,1910.4531576094528
32553552,1881.0849134454425
99007181,1490.6300094484902
86459252,1800.984231382135
33160158,1397.7641206710584
89403244,1878.254553231947
83607429,1927.9589747884988
54979491,2033.2646532798735
34711897,2349.384752300681
76049090,2348.8534111645286
38209438,2596.263983194229
43607471,1390.2368584326862
37603490,2930.9437397433558
28133465,1569.2830917775264
66543688,2168.974894857155
13310180,1392.9030355713721
70639698,1345.9870451927166
31227382,1653.6809871000833
27953042,2037.7482376575965
62042217,1330.5611985307303
91860613,1366.7236003009853
55497701,2912.20693000578
20529003,1416.1959737423203
95270433,1592.1383422756971
99713042,1551.685197409123
78850782,1525.263006817983
57339822,1133.6841671271518
89910926,1775.4321512209797
22738331,1618.846572489593
29399410,1608.7229074748436
48960030,1544.1480348163002
23209349,1910.598378139584
40869262,2820.1381604556673
13469481,1518.946115505982
37901584,1330.7656811063716
15827667,2032.5254969651457
36279211,1251.3693459166093
60254169,1445.1379311498797
15666676,2097.272153670562
83527323,1359.0852545835492
38323312,1589.0400959412748
16145827,2248.7636456483583
25816799,1893.9288102741455
31540608,1095.674328827517
78332853,3734.933274758413
50241601,980.0860539123435
59793938,1946.1527911484006
99765396,1538.5381078344926
22142241,1873.0529006064983
28238312,1087.7812634019972
56677251,1714.8570671516288
79286536,1996.273164155034
20049898,2641.1446431625454
79883465,2195.4763377086792
64419086,1269.9598011813703
35428504,2215.164897587104
83636473,1688.050766542378
91911110,1371.9237542274386
94747885,1403.9754843328303
77052407,1753.88281564802
89274668,1361.8454177379158
65429257,1529.5632793721575
18949424,859.0358626605506
78354959,932.592608710826
38613499,1924.6161863124903
99410878,1903.7946373921347
17066881,1643.1466435818274
84559340,1859.845185171409
45796615,1684.2388568454037
18650747,2210.3292105138926
87098836,1689.2451261347783
18956602,1760.2591726136638
49896714,3301.5744776823676
51066559,1148.4045314478294
72393934,1484.736102709048
63389143,1139.6221545795313
35204339,1484.9482443925933
51345357,1309.1699575914495
46322354,1661.0005146180806
33951394,1670.543441123406
41031096,1147.0316780788803
42228451,2932.7765934343056
41161057,1058.721832970437
98892524,1535.685115934093
19811103,1453.6689800918361
65448488,1536.664186630516
32428376,2968.816988025053
85323274,970.9268758315341
92258087,1570.6563014726146
79217297,1594.6592319474182
11989719,1641.308515500099
28471365,1368.2718698737478
34542074,1644.9531185585763
29164293,1705.0150127324264
84304086,2100.552814255408
31817572,777.9518044437891
77771839,1281.2317965930679
14239440,1267.9174384622622
46882099,2185.2776366062167
38983396,1429.948306844346
31683463,1631.30881908238
78092716,2029.1922133709845
42013895,1576.3460912062462
65197071,802.0950206234116
64495960,1431.0013515486628
68745703,1440.1127355637154
51390927,2069.725463176469
94850983,1625.6350482456182
24328415,1311.2385388371956
85572847,2125.2119514676374
42303463,1588.2474648824673
48215084,1114.0938394398154
35427122,1698.4201527719763
62307341,1861.349529652862
63212299,2004.5041139170346
97856687,1663.1758706521907
35540248,1988.4478214043793
41303810,3524.8347335006047
72749855,1768.55110889212
21620577,1330.0236732779092
33846878,2956.241664591371
72596574,1832.209133637104
85230815,1233.2562259215933
72103187,1347.6321904598838
39368813,1659.432985014919
77055150,2108.024216283211
61280124,1743.033292771677
88442406,1514.9368674299853
34283144,805.0648972050841
20283328,1158.8244909130885
15081148,1511.8191279700225
30803223,2290.332626165066
95977285,3346.2076780163575
73578397,1187.3055339825687
23548274,1425.8753994036708
70020229,1861.411958854671
13657037,1762.4238858206663
62209540,1048.338497191405
69122837,2005.8689843678146
56882140,1461.3475834461951
31090970,984.3506262514561
18895583,1474.296491098341
56220075,1804.586115236759
81883128,1327.9825889418114
85178304,1227.528982298252
44572294,781.3207994672202
69139777,2497.325909550388
77682175,1747.5073685731006
98697835,1377.7648519553338
82862062,1599.927710043941
63154444,2064.22541998978
36052607,1946.0143583722515
80221636,967.3119603792177
14612606,1099.7993081561435
22793087,1752.3404295656123
27221763,1971.3529737285573
85356281,2631.5244165874165
72870330,1356.9083718742538
21631750,1406.8660228973354
65662420,1532.965577851538
94704718,1699.33931490778
68031612,1656.3426106727375
23780065,1136.5646669282044
76854946,1117.5779209178866
65320814,1763.6505813148592
98544588,1593.1112343960258
66236365,1267.1492480425088
33614608,1837.7716694928895
41538321,1282.4180033572359
52604597,1401.0480385540386
51929168,1066.7007926667882
34989178,1423.3272925353683
17968995,2354.797093752778
17104507,1709.5337597756973
31799006,1153.4473717270319
80534303,1665.4469983276317
39486975,1562.0426780719124
70473933,1414.718689694847
39315812,1642.7701342922853
32664756,1944.7917096684719
40582877,1536.993265203481
14853484,1512.5142778923469
72018275,2081.3265725403644
85501233,1727.091392014192
62857702,1208.3557177855027
37589957,1331.1138892098654
75861106,1259.5701749692175
82048801,1956.8207193900148
41226392,2439.616790548499
43191623,1030.9978546744007
98896014,3004.5389550505324
39009427,1127.3423397056301
67635937,1987.1192163065384
93989030,1685.3188466284282
58213050,1211.817435329591
39089500,1673.2999417859705
48099206,1574.0990371359678
65115683,1569.6783507773193
19072238,934.3102464235933
50691779,1609.8026472141494
74240054,1599.5782369489236
57606331,1460.0702168132311
50124096,1665.7359659114993
50596395,2120.057135568475
96230340,1535.2203759279766
73626141,2030.833463305969
12420303,1320.8207626481606
64008469,1957.4070936004298
44066450,1980.4680795973716
27734466,958.6227311449009
30219489,1198.907209926533
43296487,1411.0170425448043
22060633,1890.1423424022319
23197881,1514.5746497273249
65499520,2167.70601851519
42012431,1326.1059371963713
42076492,1660.0477795983707
92931745,1657.614056992641
47924563,2136.0708485847135
17036042,1676.5184376129894
79903869,1012.2661231138952
27876581,1257.7079989778858
10911722,1996.6860036563419
21207465,2548.350214332805
90406241,2312.0293316176535
92048586,1845.1259559926948
72112785,2122.1011133831107
10881048,1663.9160072085494
71511312,1462.7463871349046
42854203,2048.1101627761786
23271785,1819.6170545501602
92261360,1539.737082587623
14679655,964.9615810563496
90532154,1468.8352453430261
32402071,1330.4085893187903
90864060,1506.8457584706068
27274358,1114.3622740219678
26334631,1772.652163158985
39224642,2100.019670320089
19272671,1834.8269948606976
77841869,1175.0992484908345
27204546,2168.169125244652
12405459,1281.0832348252663
23265034,1784.4719034879272
97633242,1431.0340543525624
15746059,1429.402356037108
91462754,1874.1868576029103
71359730,2388.5078613494443
61463575,1234.8655447091526
66429439,1312.1932961858736
63351764,1066.1837544707146
96265907,2630.6113354896365
87085441,1475.591843586713
53920662,1567.27164151063
67679919,1729.1303936613617
96779897,2522.487583653034
27837717,1612.9504512817962
37035368,1798.1313545250275
26123523,1543.2145655676113
79652243,1551.709024038383
91451403,2290.684942831183
29758902,982.1386635629842
47019965,1889.9330127551307
14375753,1573.7087934813394
85119076,2263.4299937420824
58032446,1566.239208392279
58129049,1668.3333941504375
89574518,1370.120482747947
61206117,1950.2688226100042
30554474,1091.6550685111536
65452020,1873.5391276216214
97089415,1860.285502874298
75395475,1580.0915638657875
58881030,1734.9707943683607
49402947,2845.214926330282
68947111,1784.1360379084708
48259609,1703.5110511260748
46561397,1543.7429664571782
99687364,1969.8443761411008
91051315,2449.8074956467444
88446486,2008.1271014304689
57583992,1819.448880559137
50054814,2150.3792600478378
42048168,1492.5110668378693
49480319,1510.5034778936626
72653841,1863.8584756899306
93923592,971.6943905179292
60863343,1478.5287249624128
64544903,1193.2533366328846
13683649,1535.9147344042017
35441685,1543.3065033139924
52702103,1148.5088366347322
33316809,1392.5022266910612
99319395,2168.3545000920194
42958811,2385.432302380798
79034999,1519.716468630759
76692806,1217.9886158838312
12247918,1718.3568648514872
82872484,1674.0859560562849
74712172,1802.4946180567697
40198101,2185.346176655101
21709825,1614.4131054803902
56134477,1557.5699944165062
64741940,2019.7649559742897
20094279,1627.2117531407519
86415472,1343.938470304316
71923505,2325.9973560931453
86463105,1680.027252720261
27182144,2359.9199112334663
78605487,1302.6665934965536
61339703,2529.482787397562
19457777,1577.413461497679
14282521,1568.3760070344508
53055745,1550.0837604179906
64045100,1180.904711103672
67336212,1623.9292239571603
30110453,1816.0085260909307
84766140,1320.7428374492558
37132913,755.7860600720691
37337576,1742.7655418166357
81785280,1359.9550216112311
33749639,1432.5281763433613
65293655,1676.2922346203445
99472212,1128.0804831067453
78611736,1500.5268906687927
34109955,2080.505886903461
85732620,1559.025036723545
22271257,1905.0352103364658
17111467,2665.84431124359
87529909,1398.742620920691
80109140,1985.4624394582415
74139761,1743.6392546157824
46468468,1264.0639946244328
11871024,1793.1802357332938
38948416,1302.0603544926582
79710564,1558.7738788160602
76775271,1529.3309794978586
39022631,1224.565536557823
90991831,1897.1380965929018
89162323,1910.1885272983623
23588134,1514.5717469982396
97925196,2898.8157715264647
73394555,1134.4813266386057
81939394,1031.3315959156405
34503849,1876.9959183937565
97624284,2934.8593811705505
83688015,1719.558938441563
26753007,1152.7075939049798
87953339,1714.3003564784485
63187534,1404.6310472840835
67816850,1042.9310924678853
58193423,1393.6570602744005
63256520,1508.5446652543453
14482256,1192.1382924192928
70047018,1281.7615902429038
25694473,1358.6660943405766
18876734,1304.461410385314
24815106,1454.910660754134
32093953,1203.9107900466665
21672606,1962.9704174993828
51265019,1523.6604210361816
46633682,1395.3474641776968
99505720,1973.3172367882496
72684116,1798.2262153593772
73603518,2199.7002341679804
42812113,2092.1619129273936
91497924,2157.6275904491786
94645725,1503.861266956202
83011406,1048.9438574545607
40459671,1228.7104788058111
28128683,1497.9277280989274
89799485,1253.6608974053065
78077056,1303.1698642877543
60018274,1963.1069335555258
63035070,2951.8413972300914
50452662,1958.2208949583082
90748238,2216.461646621462
19626211,1405.4301969876453
76831160,1629.1059050569927
64430456,1267.6179856169467
21788725,1699.333384995751
62692428,1168.5101419606078
44601450,910.3316047817234
84918858,2266.9297495721394
60654538,1936.7815906024616
33549671,2567.5876962050843
96482407,1335.5969761172423
38139452,1619.787711971332
25148521,1520.2305364672486
39090111,991.7623028025753
37364225,1832.7616347125968
79808740,1634.3957158477733
54570288,1931.1804836360814
81519320,1517.8326820936463
61290981,2052.9516020218416
82595740,1467.2461703091492
99018938,1577.3739012432402
84429722,2206.0025350875635
70463415,679.2900051418239
13251670,1459.2068464139363
63915791,1869.3372027426333
37156544,1844.0380328642198
19087720,2241.592334067869
15777066,1583.4257107059248
88419707,911.921360209705
48515636,1524.373408712599
88810042,2174.003396330657
55078871,1573.3098352005823
82278966,2204.7350104887046
33265741,1298.026524999229
64678931,2059.856634275101
26504939,1361.9457651625698
64056925,1702.8876631646285
46046461,1470.0842887946235
47352478,1432.2576958813206
91442238,2078.7892220935173
89293921,2748.119869440778
12378808,1305.6018041593418
10153799,1967.040590183941
21954731,1023.8442533948137
76938502,1545.3841794057657
51632874,1634.8779902406438
56510091,1935.4273870579377
54773302,1625.736700226635
29181400,2362.886151762945
36937513,1381.0009768010927
75732466,2340.432974662976
53117846,2376.2154612203785
38538746,1771.3890358079814
27988038,1867.721012745376
48886162,1708.687498692608
24085686,1278.717381463451
57820012,1452.7114037001347
46878225,1037.1223651192593
20632751,1593.9932696358846
47775231,3018.771332121666
46789610,1721.9827581501493
72806360,2409.575935461012
21856002,1104.2276608852421
42319053,987.7226581823941
99630613,1120.6858472211268
61255494,1932.6416485292887
76945971,1333.9138626076167
40393163,1893.329529131227
81941837,2072.4146358094727
45930551,1338.4769859558646
24573538,1888.4666615465505
52994547,1733.1261059511153
28445231,1732.8972029806641
45643109,1936.000889346326
75887247,1255.6868687499527
46367713,1415.8475281322712
12575157,1742.8393851161638
85076068,3349.309050216695
84603623,1211.1111566397583
45514815,1525.0901790097773
52278951,1354.9533460502978
50360032,980.1287874497928
52896193,1481.6241500472145
91847198,2569.7850227270956
25179521,1499.4295340086733
92545328,1987.2231678368075
75231573,789.5160669875532
37926120,1801.037925051599
51096687,1770.7222959146497
62646217,1304.2733740286058
62619222,1814.985586481633
39457866,1444.8051795514152
47130686,1508.0560467563857
78763249,1257.118411741129
69618147,1938.6432755053254
64127746,972.216623672128
56593004,1733.4421133866817
97403924,1363.4408178930112
73948550,1346.8710378595474
11236514,1834.7937381600616
54389520,1217.2528137665593
76068841,1367.383407875255
59631248,2633.849814558731
34575405,1386.0039324807922
91359645,1475.5529572921741
14542871,1171.4609660824508
37836409,1334.7371778371169
99958710,1187.086465457596
50329848,1901.7818243841998
55825298,2139.3503570794724
43158591,2220.6965675838146
95022900,1228.7725516282642
11903900,1652.3995707991307
59905554,1242.1918390054655
33394781,1987.5102758022638
85262305,1842.3016790998556
18156267,1935.539785465468
77719072,1411.7265612744013
72353806,2032.8435985069364
61973490,1852.8223757399394
80257850,2234.4223760966815
27763246,2232.881939240622
28152447,1140.1180481203955
40447839,2148.568872808026
88401173,1436.1700924509314
77151749,1940.551571156555
76938434,1365.026618401555
14595997,1143.5912587835753
22245783,2298.911745640181
45164346,1457.3632847628671
44320199,2114.6349768725786
35470526,1528.5080630190537
83276172,1582.9968134475619
65081928,2306.459917010988
34774976,1220.8577943707808
10096416,1473.6103442362346
76574726,2666.92466685499
88509347,2009.23463804419
11304650,1498.9889496501164
26418453,2282.6014662419716
69643263,1478.26237501871
30241547,1270.3964482478173
89725513,2590.4843190990377
32289745,1916.839429262597
33888699,1368.1615857471395
67508421,1339.7827531191256
86446610,1467.3110302033585
71641515,2561.9072352085577
46243423,1697.0875657765616
86921194,1577.941259112933
15222892,1733.0655212241504
29435694,1622.294264088799
35795322,1953.0968205494141
39026338,2210.59874910018
27051431,2119.685904182682
91107111,2985.8290147840576
76674186,2322.907489983332
17932616,1353.4681976094453
86326117,1168.7061371098878
64151997,1818.946981673764
