customer_id,monthly_spend
20451981,1594.2299893341972
23251656,2134.613263862633
64082260,1909.1365812010802
82505923,1498.4460331618411
89981994,2092.6787820448412
64973937,1341.7957483824357
27610278,1999.1244206927902
35883083,1663.1237322136124
20490020,1882.731218249931
54517670,1415.8039499549839
94359232,1312.2620925421631
17326886,1990.0149250457466
86594167,1588.0724304972293
94873255,1544.1305243425306
62944765,1422.5572513298455
95482882,1559.790433001447
76963069,1615.677700906438
25112257,1554.7054409771124
69916855,2693.8810496899423
71088357,1655.2754506426006
50168897,1660.4495420369167
67403679,1420.4528066962362
55474643,1626.5450923060605
54852556,1922.4859703192512
63667529,1917.1783873377321
48025998,1289.9822869478608
93351324,2222.930870927419
18887996,1602.8517699435756
49568688,1489.17164295237
92911099,1702.8872313666038
11717924,1717.130044720757
62085471,1279.210105753337
78336143,1612.292979396017
13087851,1387.363007780562
33506258,1420.3538555632551
61356554,1617.1284776723433
11967368,1751.4101747937157
98374877,1407.8174645737495
76845536,1592.765250651365
59313599,1849.7039512863767
41041059,1545.5789625499708
22292838,1341.4744695615752
99892065,1987.3926408110694
78345355,1407.0567591568295
85986903,1679.4792910642695
27715035,1507.6232573213733
66099730,1625.1043192522288
75346786,2171.456790262522
22860710,1579.061213617961
65958654,1736.1120742707233
82607442,2152.7861968023235
43471475,1113.6506721518626
36465070,1795.5348908463895
21931749,1506.7762049592989
66815930,2316.8587286779884
44485157,1412.349328180556
78728059,1443.558035217846
89264710,1277.5840332862454
81874643,2120.12273181238
48603927,2007.668388199557
20257622,1563.2512801778034
88360790,1439.834357010557
79411556,1414.3881597354257
24819092,1900.7426053800773
74678656,1867.525258666221
22548045,1558.6546375318965
95827783,1851.982106874737
60019526,1993.6178024970234
82548254,1776.4035931504488
90453319,1548.8981187361803
15312091,1703.9365632950942
34786964,1272.1669420202322
46684232,1551.7315741275827
84597099,1475.858936088451
98134524,1566.0256411157523
18531043,2028.92610441942
14953383,1435.3038460895284
80944054,1836.4638070681542
34873753,1825.5049291300243
95577033,1752.8279816793108
50215436,1316.3028342614498
95347203,1320.418966536574
58614046,1660.1108403733149
40368791,1786.0265528981338
23316775,1523.6093840044591
23331513,1719.9252005650808
40038060,1801.3962693694793
22096579,1746.7706433705857
24978810,2024.7229266355496
65890694,1934.0874206873827
47906818,1692.5640207962458
38478694,1757.7245050631395
54797755,1663.9624237299693
44533278,2125.3203753774833
58182080,1513.5956187396282
67491014,1507.9639398927247
45798475,1903.585641654074
41586132,1691.7929399301936
22956540,2290.2820296038344
25367334,1827.6131958414094
70503250,1560.7717090558735
58307796,1350.1560927879657
59859757,1502.7803634004313
47787665,1458.150377560262
69610612,1810.5740717558847
66658967,1633.5426383414374
37962749,1333.6221945523937
87675902,1615.539495434457
61682179,1786.0827302152811
78073125,1306.7517607141942
73229345,1975.6657908582147
43171437,1452.8347126700473
69766997,1588.7252674108788
14939250,1308.24785091054
12328281,1433.302759021624
76560997,2790.194221819532
57569914,1649.6116954859585
20883894,1941.180921412281
22766188,1260.3019571312727
62905121,1290.9022187600076
36295477,1896.521112904298
55610529,1588.5992673195697
40366302,1719.9325233806742
18624954,1867.8760251243395
72668820,1944.7543354289598
23817472,1186.8269577988901
99830054,1794.0452612246584
63410560,1381.9073171897667
11811963,1487.052552273389
68778133,1600.1385479869787
61211015,1316.5669166660532
85223112,1909.8198658727406
17785980,1645.6598740465422
51523712,1572.5126012381438
88242319,1426.4517493745354
66674532,1523.6994062248402
76442132,1643.705160754555
84193848,1318.4545094751502
80878809,1334.939149589839
92088473,1503.9324595365447
18574912,1392.576098843328
82956926,2479.407824536018
57265640,1932.9892263609693
27961225,1571.7084935959228
65404075,1605.6866792819812
98698597,1387.6102583878007
63221757,2233.4030599183106
45396691,1879.8207636628547
95724535,1781.766956584953
98157590,1718.2866426013036
60909030,1288.0348113431098
20932142,1613.1133278662073
85604729,1302.4217470728054
25410553,1432.0491216922344
76477501,1847.288910928177
29459273,1639.4990079129175
71879657,1740.765652820962
67115179,1794.0404288021434
82348794,2104.85418371208
32880748,1563.2674929667428
36203607,1132.4537387647918
20891850,1570.902996690791
94570583,1609.794315302256
47560755,1700.4920790220995
39752876,1658.078572158603
68980243,1587.2691724757733
71143374,1467.0243998564492
89917748,1865.9387742443078
30461949,1676.9268113166413
67458886,1645.72067693765
44166816,1789.7680786472185
48218923,1625.2336351261738
83104523,1657.1353933665082
23739634,1654.8134848383138
45544123,1543.8950029984176
72316980,1984.8721918292747
24805396,1536.239252450421
85045576,1466.221336323127
21314164,1512.3382132558397
52842656,1071.9690401649827
12382139,1930.233387388634
88152347,1552.3265756353967
49270171,1466.8312774953731
20221404,1462.4700951107213
25851974,1340.9882376017815
95701680,1693.587772061983
83739665,1639.3229366066962
61996348,1614.9190723943507
12797236,1510.1257686333963
25554853,1566.2790235207626
72618187,2026.6963977596204
77583489,1400.0895430311498
79450582,1293.5802408057643
84595636,1509.5332334204306
89981949,1660.205750509726
69424476,1631.8838788237454
55064308,2387.5424831478085
82956266,1775.4515238740355
60185159,1993.9957317755182
80612747,1515.800015426713
41303090,1262.2569877988635
13517787,1786.456918672672
34078093,1750.5363676083377
69030112,1722.6584924113126
61791328,1681.1013827551647
51789245,1518.291429133893
88068699,2471.475372981784
33399367,1927.1280385323728
79597553,1665.5369144888455
70695101,1461.2899214561744
98169962,1230.0361905507039
89251190,1901.183074039595
53044281,1829.4189510626086
73528670,2063.449633856553
14751149,1672.0182469459319
61490053,1523.640192552984
51385275,1791.5806540990834
41764194,1591.8507773971094
96598282,2107.511320434215
96823449,2212.2587335716025
30931247,1866.830005218665
60872668,1309.270858152628
97835669,2315.3287596603595
36785828,2202.6952462972995
25812131,1826.322204719042
38410800,1848.794848960754
33023072,2291.7226791663697
48250594,1578.3172808723857
94891015,1467.8740743098892
65307671,2074.0845493844868
99621779,1877.4361835745801
83959755,1334.9466797316675
64535310,1418.6819019617903
30594968,1538.2534096662516
10263960,1639.4002525982028
60876075,2007.4329998989824
12217583,1514.4424700452118
29989580,1320.5832835884073
31184452,1652.0563607097295
16182148,1528.389331407169
74700470,1665.3573755300508
53084609,1613.5918320790975
36052930,1648.5628853925425
86583512,1329.6235744964051
10930793,1709.131654074676
74179918,1841.6785218226955
89853445,1300.3439599307924
75258370,1542.1719452530922
93197004,1428.9805655813295
16551408,1943.9827986876408
36115326,1636.0223773082205
47243451,1678.0133241821438
90773939,1554.5947851322499
30735291,1969.2255168705194
66891211,1450.9845118088117
77142249,1527.4639053472993
24530798,1405.9080940731767
78204046,1727.1120944036238
60230110,2068.2877999627735
13017302,1667.8909780006945
21044447,1476.787345334527
28976655,1649.3698942643894
52214813,1813.6186124804012
61575366,1527.964650100212
23125986,1369.7385371492503
11614855,1461.4850824104306
68090330,1454.8072132978755
31241329,1741.9372432589137
21561157,1690.1895298712905
61917300,1973.1258175154549
82147824,2324.5091296023684
91513421,1452.6941984906232
30753790,1657.641433664631
33700064,1721.217450399522
86773406,1793.1424735102953
41719197,1698.1224135308548
67399596,1462.3866195942944
37696535,1504.3644617520024
15791208,1444.7955949160528
24348676,1462.9048800974072
24480974,1661.1260603408434
49440078,1713.5999171306298
48242779,1328.8861177411734
13405947,1685.3468345893527
34531671,1956.047777459458
63652222,1532.1618648630736
97745210,1509.33468828743
48557187,1281.6274808893797
79801016,1616.7188215195233
93409518,1808.0341569606153
48891463,1596.0521302563768
41134793,1590.6044084835328
76776302,1609.1964834273956
89505130,1437.591196706976
46129267,1707.9071955542556
57862630,1640.2527668320151
32227094,1569.6741209260165
72887559,1820.4732084347702
97826236,1692.3329337707205
40250768,1878.4359130885982
56765848,1307.4649850422436
11244823,2760.295187961199
40189321,1870.5565623372563
68120430,1418.6585463956483
64917610,1832.8721642568273
79290200,1911.5562930897568
13110537,1389.7058538387528
56816135,1551.8029613436045
27525357,2300.3559163879136
71914367,1724.039315786167
23989491,1596.4717132011403
86436168,1650.4828911287238
63499286,1705.0903893861337
18619374,1511.8139742538885
52222614,1606.2386949937256
75467866,1480.165392482658
28926111,1823.6561660235698
98661834,2366.9520262023952
73087852,1632.2151406421826
48887326,1435.9089621930882
87383314,1599.4244899508853
88682579,1494.2410182228175
12617324,2286.889857822466
49224165,1294.2291687761399
69951588,1747.2561276876925
11713703,1715.6560259038583
59435002,1449.46732230853
61153563,1439.0976880613619
57206499,1825.7940946844412
89140242,1607.8374184375073
95100771,2100.094361579834
32638417,1462.9273989284882
61625712,2000.3450928617003
61250133,2123.5454097322904
17952873,2005.4692630385337
14513813,1432.1380140830372
57500282,1670.519284000226
51340284,1578.1519973435636
35897956,1615.4307871999677
21856280,1484.2689479218784
36786275,1650.7537273710586
99178725,1487.1007170007229
48955886,1954.2720071781127
51811678,1827.1320371006123
81930210,1455.7666250557065
49161318,1688.9138406528418
24723720,1730.9604055348898
14950936,1988.1753363709602
54638593,1812.9973309070167
98115682,1617.5922806454205
10533857,1694.2259765406536
87478097,1703.0568646942081
60429975,1527.835683853505
38969729,1667.1856509404454
64656132,1913.5258726791194
86963086,1443.894612419719
17268859,1535.3692449463595
72142121,2104.451509761232
91574809,1487.2832371358247
54272037,1840.0251289542541
16058661,1563.941806377308
74133244,1635.6879298008828
14281752,2380.187439270625
46666867,1624.0056095442294
75686584,1760.24628954462
25546684,1404.2564654614464
80619174,1555.2656726928055
61749604,1690.3577849539952
38248391,1266.0301203434406
16877088,1349.2435837987728
99140321,1852.1954647227265
15975231,2248.8048039898185
40531945,1542.6875684462352
71708672,1435.3277345514819
85030779,1792.0248950314228
61117487,1597.1083022946789
42638536,1834.7446487847528
82326061,1333.5949896027412
17028661,1224.0447871212
26048783,1853.0403082967796
34262255,2197.01683968578
14326462,1809.1315033241451
93816989,1948.926607307671
23690395,1957.829526956981
94999262,1845.8164905609217
81971277,1558.5286870503714
90562416,1265.45310260915
95799765,1753.6357667212853
89244724,1668.5399191607748
83879641,2461.7697314964516
96424387,1508.5046944446265
51051501,1558.0236351263222
29249441,1536.3997222805942
62893412,1206.1637582020867
61417835,2125.679220973424
62755928,1820.571221422457
66501572,1736.6529280912512
76084740,1800.1260059849612
27624326,1708.2522672697432
86757966,1608.231913355147
92455037,1240.5327664044812
67852942,1505.1904563913145
30696098,1602.3054906572622
44792329,1251.140604541004
10390388,1342.566054749854
17826936,1545.7258554291159
71880941,1649.293548943866
98184673,2215.5054598477964
60002125,1894.7352479889153
34664804,1864.0618653816834
37594595,1524.6977912039413
42980815,1761.6661073785447
25819880,1427.728669738563
16484408,2287.4895140676217
91766904,1398.5005326273788
82866803,1377.7095730986625
82424284,1375.249013939897
72903422,1446.67475238996
11480750,1581.9127071910461
96983867,1249.3897487843712
41426492,1663.9036392359662
24002286,2227.028367443506
18056145,1689.0822049068659
72362977,1353.6464201624583
15977163,1445.6755101347399
51036186,1312.1771838969903
34918337,1670.7881225050899
20599813,1496.3802876783916
19900890,1414.4187625654788
27971378,1636.320794518463
50965403,2535.4455973086897
49026734,1273.1716860889273
14192253,2128.5586398264286
76817070,1711.5050595817524
41164681,1327.049542880584
94312885,1626.2491719465575
38527851,1564.1879064048128
88279496,1649.4497193281402
15498361,1736.60680439089
17691622,1615.8460773159877
43719564,1728.1579953495063
27861137,1527.3595231861975
20308452,1763.7995507009634
97996598,1892.2313431486702
93656677,1396.5157298963493
20464937,1858.0299936536683
25195757,1334.3664775337188
95231592,2163.572851382663
96604510,1296.448312858778
12888073,1930.7801008754693
99408984,1654.9699179258794
65238591,1379.9793406714473
24114707,1255.3994550817647
70796256,1293.7970435929328
64703869,2678.078511288997
35203752,1488.6011884363018
47453323,1888.7717442318155
12385313,1404.6444791838976
54441418,1532.8633482569148
83549825,1627.3692901797185
20370209,1748.0752848010377
68357218,1625.1590258928195
62743829,1513.619060119472
20331898,2065.706663302319
43934228,1543.317018589453
47620709,2638.5786100745154
75355275,1630.4521685340237
63446649,1569.7673753207127
89051919,1472.590689611493
92954904,1481.3779195874426
64731800,1389.5500931415504
27945685,1882.5541966159783
98412215,1319.5234755654665
19535502,2018.5199616338439
66516822,1537.6070774161115
45373292,1294.013912177714
34711249,1416.1540636753853
48370651,1620.8425910337637
71354510,1540.904865897937
56728847,1312.3444195531054
40004525,1569.9253491910783
94648945,1620.305447039672
62756732,1722.3206066042392
80428237,1674.4698648001136
64878556,2022.2672591982653
30597278,1514.901916072881
40357660,2320.827777544381
98010210,1345.7760509305238
43275959,1931.0223445843387
67938712,1606.2439019020594
50506973,1753.675577214044
27421159,1371.482674591133
51123211,2231.2332660242096
51887530,1370.832289015228
68372581,1542.790434317898
31184062,1507.1426566335292
55543655,1420.876381239222
71805162,1515.4242911010444
98612541,1543.0097505145866
67235486,1413.5280274852769
35490134,2025.329418169788
74647441,1697.2433047083348
73962817,2201.000826575905
95192638,1374.7200658960192
96803902,1532.1944455773616
97635826,1575.2374655643107
34428942,1536.8017677507623
86699979,1639.9354368968156
79766437,2133.72891327144
55732878,1526.3525512526433
20035702,2377.943824682846
54997853,1886.336341416477
91776457,1622.3087522557967
13967606,1539.3044520141557
88365927,2075.0340321923704
92907413,1594.5572452539516
89771364,1494.970316226639
75648081,1630.9658169828049
97365061,1769.7569889574015
29587137,1703.5719022388123
22019813,1777.333709278643
29469529,1522.8221822228388
66670735,1900.0951335026102
84380411,1724.1797005632154
17040729,1595.1780901822515
25307807,1657.3521663215927
33962361,1474.2464918863404
67969299,1720.5035708053751
38562471,2116.0702778027926
33114742,1816.38764764593
54307298,1738.0037660265955
20058700,3072.601829972614
33779532,1444.5303652868574
88110162,1204.2914152842739
36112292,1986.668127631788
38475061,1779.0883199582922
92644264,1775.3654743572179
92355731,2159.016509522481
75478249,1943.7526999725444
23875741,1487.6501782140103
88793850,2043.973630542106
14142195,2119.3638493474386
67422773,1748.8329157242576
36705498,2042.7078044518742
62072834,1619.2465278771786
33337577,1878.152239475025
14298054,1624.5494885192381
96998725,1276.6565798170752
70579244,1561.350917114754
26844678,2055.6639620019932
97441250,1213.863097242444
49239286,1458.547373199707
19469855,1360.1748799046904
82552850,1741.4791137378215
60170958,2008.9660735479092
28237826,1754.6386096619879
84208342,2015.8505379918415
28295140,1680.1849506059057
38477827,1287.4906027154118
54941872,1561.7338284483951
15450767,1731.4253360663038
93656934,2073.082292222608
54273142,1874.2344870449338
63648675,1628.5459054642913
31875954,1476.900825917526
60881802,1801.9147987594781
17233443,1608.832052760766
28953932,1649.6596740967457
64958348,1677.492307532743
27038940,1958.3973822203814
25667330,1612.914772073277
89200812,1887.7852120921716
63109620,1682.219612939112
34692595,1688.2667867849602
45554823,1597.2847303490034
50487516,1590.7375699408997
37970303,1695.8036409873455
20944145,1958.2874670430658
54232510,1814.415900294206
58289637,1727.0561555289949
70295882,1227.933759776944
11855847,1721.735777493374
26640485,1670.4024142996716
92806514,2077.8065478875023
43703605,1629.7625006969974
75507937,1426.838213922021
21361381,1596.3518870078744
73615273,1679.5012218517986
92437179,1657.5738830572877
57813173,1464.4212558449735
99373127,1301.1659208927
95805212,2046.9009499842045
61946147,1593.2080436392089
24903202,1702.7922181921024
88268253,1634.144734166947
45270713,1517.702212366315
67013519,2036.4762292765415
64480094,1909.450850344602
18481385,1693.4860623717384
69314375,1704.4471531585232
58464172,1361.389041311241
57844179,1576.0012314108608
65371057,2056.2821813805285
22749627,1274.0948734749636
64747851,1929.066410884524
35545690,2001.9372229782819
91575937,1457.0322235643746
11663787,1730.1748130374688
59570536,2527.193641910805
53724418,1984.3959066283785
78572661,1332.3294617607407
38544041,1187.4122042981335
27091356,1551.175017323261
20013110,1575.6405687118556
11862841,1444.5251261274525
54926458,1419.4234199022299
72702715,2714.619994634205
65477001,1532.9753190699687
99407693,1448.6544525395077
15192014,1688.1660664461958
87232785,1562.7707378453915
76412402,1514.384176434442
49393943,1712.4908092148023
53853124,1633.9538260948248
17486636,1522.3609866452248
64895733,1861.3123213052959
64938150,1396.6649091425247
62321885,1980.0566284889064
14616504,1520.941482718813
53996148,1407.4180996386774
17209399,1232.6466844607885
25102335,2148.7606095618744
54515012,2226.8331115786277
80596244,1697.7718404756827
54217244,1462.1650098282212
29133774,1812.2491151209701
60727794,1692.6717344364383
55160698,2135.922469884524
18231141,1785.0159441414396
91091163,1760.6413690117963
52747750,1377.6458541962998
97932301,1801.9854366547168
77391969,1626.7473453108296
64274314,1470.2573297521033
82861922,2107.319709804593
95155142,1451.3053316804396
57522876,1566.041446027972
46054634,1471.4076121879677
32006732,1867.9375414997714
62808198,1291.565309158878
60875435,1707.607777260502
15688688,1581.8567322379001
13559129,1747.5057130506552
25489744,1538.8832284693249
55669591,1241.3647658154714
10763911,1335.5081179103875
15579269,1447.4764515419656
18433265,1464.8129357780913
72131946,1365.4966025771273
50106249,1803.522563798489
21363716,1609.0543077114096
80090384,1904.58367689717
37971475,1788.7252821774784
31314120,1697.1404434947897
73683678,2053.609586678371
29703095,1637.8420121070126
87144591,1550.6477964707149
44689207,1292.070233457574
42450190,2102.4620142447047
92653218,1394.9937183996208
67727493,1904.0527459132852
55742747,2059.092038399398
96941026,1845.5095483918012
89824134,1220.2494583802325
19822449,1443.8834278627305
18676315,1729.8901697889273
17316044,1363.0413320920745
81559769,1450.8917602290742
98912158,1488.7772954949544
67772871,1288.6549686947471
65921862,2027.9289670251856
12636566,1529.2221872488808
88608909,1651.5029405229538
43902318,1557.1027117252904
59512038,2007.3171991151587
77976362,1658.7133429450907
57092914,1991.8352656739557
47412567,1687.651842445488
17145991,1763.6673078139981
56270450,1921.9998245683382
47467383,1606.987414742719
10449714,1238.6372991366711
43156511,1389.5110128703711
71377851,1669.6773947820002
54093810,1785.747512094482
78096026,1743.0327960012708
57320154,1627.6668312010918
45383520,1293.4058564357872
38351707,1784.7994400742884
70796190,2001.9964262069543
29977177,1501.4084757030844
97584339,1651.5360645180087
47886559,1409.3477078553008
45622137,1277.883856541996
21500277,1437.702280284531
47647928,1667.1816502983297
54496344,1260.1993406177157
44268785,2280.059165540497
75946241,1520.2081978609242
30459191,1544.0506809149242
15840319,2052.6697620207915
72588739,1664.2817814995278
73017157,1348.689933475837
25420365,1474.6665483887239
55377863,1736.6553066728234
51370964,1762.7534028098332
48905468,1678.9146719031442
83191846,1605.7274799852848
59334183,1968.3595441457294
94009638,1848.8440988313778
41721760,2066.8346005548033
35401283,1646.4506638507353
69685525,1438.141162641608
84271975,1476.9591370205826
95753616,1814.0505087046342
32526219,1624.0567163559185
64532934,1336.7361026133192
76031822,1336.4456783221324
52468855,1670.2859318498713
21028902,1795.5072608297573
34108713,1742.7356090702308
84943048,1276.3161233579995
84439701,2336.8784720035446
16539498,3476.1807688784875
24537949,1394.3225554999378
19537971,1656.882434544261
72069403,1317.206844261914
84333546,1991.8464964655623
11868598,1630.026433984369
72165230,1739.8643990795513
86606477,2262.269469844818
85432562,1466.254467403091
53853013,1675.173599985133
87319378,1464.6485958134936
32466967,1616.7176663650262
80519195,1450.622236836913
12289146,1482.2303515353697
17893529,1324.9450220430874
76217556,1379.512093322334
27323024,2222.9403875046673
86557861,1700.8017535664521
37601873,1552.7469433949693
43146250,1480.2940934609808
51498335,2346.7068039075284
46939189,1744.5921246668
36620181,2104.734144565081
59890806,1735.8325452306376
19160668,1497.8587286331672
94555827,1512.2386419175875
73451577,1363.2981942645097
83828090,1781.722849783011
92021594,1445.6535598657656
15822386,1411.9158767066083
57405310,1390.8102230309232
22671359,1453.7848354129537
68101436,1544.1571380758382
66910009,1690.1596153821095
55778706,2139.6078946696925
75120697,1699.9487826864092
12885545,1590.8316636197292
28604372,1346.2765500436367
97297156,1229.8040408509862
18964928,1781.3068058648576
61244754,1346.7266209685022
45178470,1464.207512808822
65250669,1294.8592141702889
75566313,1839.578483758873
25053248,1693.0636362624814
71082761,1929.091247477811
25210276,1414.9896204675933
39718089,1758.186830717818
51364178,1671.6019843824179
31211994,1538.8487181946603
71509945,2048.7085231342808
98330029,1851.736624896456
22456435,1270.1857074596949
56912862,2004.2140370724326
41548833,1416.2369915314468
34760776,1999.500989790163
54015943,2451.214979872897
75943554,1571.8898729413795
61847706,1579.8064655120097
79766441,1851.3895010952467
29099073,1543.501587086681
92971983,1747.9877652327327
77042656,1362.1370540479243
41355522,1528.8350702166017
37905258,1440.234166879518
62845536,1425.3927550257547
70252689,1352.0078874593303
69012389,1445.9663386680081
55230723,2040.4811725789666
36148733,1604.45195947681
11166306,2321.919023231102
86661349,1945.8669824156786
39933083,1425.8496132734074
91301497,1336.4322585268346
84697954,1705.904505204482
16890490,1265.170586504777
46638869,1378.9606590703079
44149767,1431.0050895404156
18897403,1799.7591085458685
77411533,1621.5528301613645
62885631,1856.0322815731054
34219564,1374.6968049610578
69042251,2257.2665766042055
24137005,1585.429659496354
66305720,1631.3401757173103
17619455,1861.0966724197422
63065642,1738.6965464069713
43970026,1455.6575652207532
78870428,1434.1899678483667
72114631,1740.4283737471208
84664219,1320.8025589115537
25739422,1638.2944720761936
54038039,1927.366575669862
55081531,1714.8307907971102
45672847,1694.40354234803
29734641,1406.136942569162
63805244,1720.4002915901635
82782411,1669.3426338343354
64705797,1476.2001251958254
59326862,1327.7232694159673
48549098,2582.853863836126
39570097,1561.502195628716
98000370,1718.1015337212898
63674921,2068.3543725656536
16674336,1783.4743897987646
77063987,1496.5442427400556
67143015,2305.6107483201395
10570033,1965.0081245272631
47185088,1491.442934279512
63757190,1331.2555321712036
43453041,1335.84487074722
17890447,2129.4836242361444
34735493,1456.7570596825226
40580820,1462.5504643141555
84776860,1696.281296549449
34883247,2148.118014783611
75437035,2489.2361574942042
63198281,1460.4054138279384
33289878,2362.7768798408906
42222441,1646.8086228327668
53518898,1611.2737817101709
77756377,1452.2423980983112
66266331,1437.1274815527659
75207542,1804.4573784511952
65741993,1820.2830728887982
30452290,1526.197135991928
30341625,1489.9427946028159
10196118,1541.4714963724932
39997400,1655.7067160763283
42764498,1668.1033842621835
93568775,1569.1350808250038
60138513,1567.519259904955
95863174,1309.9478361076892
92194956,1962.331275775249
34979379,1528.9012833069798
71517927,2490.5270383403913
80092401,1140.3871968226586
29853468,1498.7521161151842
95595164,2094.2293263229767
47277321,1585.7688701606799
95111852,1544.066073461653
49309773,1630.6958963311938
52060622,1369.045937500256
18920892,1564.6784453392775
95549548,1414.6113497848644
28343921,1296.255753125128
24575136,1374.6972044156028
51405326,1780.2977513881951
88024456,1508.48767377529
61475538,1511.0361956699142
86032798,1640.7763670489824
99829874,1552.5146199328838
96251785,1820.4174753097623
11235918,1528.6799059322097
41084979,1627.119859775002
31949326,1494.4162237043101
88425482,1518.7267825808563
41724063,1266.7943244058752
24244868,1487.1955783040205
96443454,1380.713305261081
83159015,1424.9359207762484
24632345,1384.4297100217789
44153806,1701.5372236734609
93580629,1504.2588532341429
53277959,1458.1647291333709
99759183,2292.9863251513216
55252816,2018.6121065651657
41285175,1673.940213923572
73261084,2441.850683363469
99347555,1494.835332280248
70567494,1691.6723491250625
76764787,1147.7971343256265
14328685,1655.5486635275097
66866287,1834.770960085068
49679159,1526.6674291885647
58671247,1629.0300293388188
20236719,1773.3300244392312
34585357,1529.3937886823974
45051453,1504.1088209515879
51786574,1220.1098682811958
79731887,1524.7754384332359
54354970,1697.5858076915138
77833826,1647.2733002453074
80242735,1453.6844619361439
79336488,1754.7985202143352
51121070,3211.007674156982
15930057,1482.1904903657116
84864986,1839.9791327411372
97820091,1631.166936259705
76206876,1343.4775834005538
34508398,1748.4225351650189
15581330,1620.2601990892745
24272114,3724.5667403294874
45684128,1462.4812262849318
53910689,1624.503896761095
89611963,1437.556375657687
19439294,1453.9201072934918
44476677,1264.336840480397
72816714,1871.8298399015787
74817899,2200.942773188222
24462605,1612.7939276273946
62629343,1355.3110259940702
60387272,1594.1627130505365
60976677,1308.9346725481219
25938630,1437.1617841157931
89171283,1781.7921730266678
23407854,1694.4385572468173
84390020,1675.1449790706693
10131944,1670.738731387452
61185673,1331.7165784145757
76507951,1760.0876856488744
92456997,1459.7028818748458
27091498,1658.9397779099124
22015405,1535.950973542814
64048811,1513.045913159858
59963315,1523.4352083207457
99392827,2001.067896232879
52435285,1952.6730938575938
68018936,1651.7486269299156
92985874,1806.0911651002891
19827012,1405.7529397035025
32076309,1690.3838934109442
74459345,1845.2350560592922
59329650,1552.396079559979
70105673,2047.5155282938877
47359337,1317.6038216859697
27991858,1436.3159967047309
36755663,1482.07614307095
94560591,1592.6110440825487
47944050,1342.0185531498842
49561372,1805.6229543787992
96160989,1422.8365002987794
67474261,1841.4509604067523
71965824,1504.9903759049705
13777105,1452.0119238959312
64739771,1732.0559445788997
57691432,1372.289183098374
21801740,1638.5670963099838
74352185,2104.516629835077
91521650,1965.7763887948956
64797772,1602.7499225386362
48820263,1576.326345394829
14791909,2081.325331180171
82868024,1926.9481167321378
97971853,1438.5261984678461
75654232,2806.4554438682862
30725718,2505.0526474378194
83442812,1464.3199706726969
62376431,1514.6334008403721
45295601,1429.198134242909
44038407,1989.8193114615772
74138589,1753.106642260927
78812422,1769.7351586503812
57253455,1929.210512129236
10109432,1888.0725128116978
70492234,1586.6951255604297
16499768,1463.9879715267086
29721809,1839.3049695277657
99970795,1847.8890256753677
38494075,1634.572896052667
13300921,1371.711865759532
18255583,2033.4797138239217
76957329,1933.4564135313876
83103502,2219.387495600893
24570014,1893.576601667469
19318542,1446.1704595085316
70614169,1484.0709818447608
68374888,1331.704742898267
10546051,1337.995964667935
82817153,1725.0190731006273
26190736,1947.8973529059317
26227414,1586.8120170782215
55825692,1882.4070639373604
65550483,1644.1091029901625
14872097,1574.0897981161404
32405281,1767.7625621895013
37055817,1363.1420880512615
42617798,1660.5749997769676
30684771,1532.501469597892
21842298,1660.4059256641635
44215525,2003.2998087114076
54734331,1507.5462106486373
77244965,1592.8330390895062
31618537,1915.7021273065773
10912371,1633.8833068142096
25284273,1500.3975832871622
63793006,1738.7817911624024
40346903,1913.9702487343684
14281423,1544.8058380148927
10329833,1703.767925218699
58147868,1390.2458604921803
62215262,1488.0531410004135
11535494,1797.5455136232688
55289261,1482.3585937938278
93054393,2757.6067642707812
15613905,1384.3640815169924
52346993,2307.8463678234057
31426410,1553.4733179633072
11924915,1327.403411535643
83461539,1581.2621914025228
68351051,1909.0950882405698
23144760,1250.0530747604432
97049626,1909.4802698370488
94895031,1457.4687282924265
14702382,1587.5200613259935
22232789,1834.697925471408
14653500,1806.185340919188
45931554,1269.8264197893852
39099976,1557.07427334363
65803003,1970.3949600424833
56391701,1575.9894014330728
92222330,1783.6064267166632
93455198,1534.28998079636
52410336,1444.3771013368669
82423675,1648.1615713785134
25925356,1971.5438680496493
88622240,1507.9061599544116
37830382,1957.1904583838157
97198420,1668.031170840171
21477504,1461.78505136336
84142976,1204.0775911899098
96401209,1794.077680127684
18047299,1760.2712649461107
25908320,1855.3193394077518
69709013,1759.4559158773598
63707451,1316.5790230419411
68674616,1704.4636414582071
41246291,2031.0531765586995
93099265,1698.9418033785275
44969882,1749.8723082202796
94840571,1409.553868393002
24428966,1423.4217327381741
73406276,1640.8562959340745
74093567,1713.673729444214
55445678,1117.2796171820282
56770356,1951.9730353916982
20116401,2116.0337755521878
23989432,1228.5426042628296
77573883,1499.6903281128857
30955534,1697.9217390962283
46007298,1557.5333731959975
60038151,1823.5773267820493
16169663,1624.089783323803
40454664,2073.033293470414
62049127,2268.055290422757
19821119,1520.3209027556377
56611586,1780.3754906935992
55267084,1429.3124954551345
55813034,1665.1603515208544
23867957,1336.4589940820645
90096160,1406.783882754393
32751852,1490.4847604679037
21394047,1798.8856807132142
80032862,1469.2879309507193
22418983,1798.602940739738
52802197,1839.4625377320097
48673505,1415.6729163954096
14195685,1306.044546377246
22205138,1614.617826036662
96628154,1688.681050098051
44734813,1497.7949406728892
55802873,1692.616812410529
41368275,1256.3236381357287
67686446,1605.9977479601566
97989934,1807.1838304497762
65686117,1438.4265539624353
45591525,1668.5388099924521
14884094,1787.2406514777567
60291749,1970.9486956808869
46418453,1734.0242733074554
30133967,1965.0972311441935
30307611,1217.4424442710517
76539721,1606.7808018114983
93325285,1638.2121287967632
69825909,1609.425245370296
10220197,1400.8447775879927
34178403,1909.9975230870166
67327944,1549.0345926047935
58361366,1560.3724810648882
35080838,1824.8178327444477
24415695,1829.8364985718556
30354080,1812.566388621439
24117628,1688.573613667307
62628994,1393.1310535916869
51012198,1636.3746826152249
68125143,1573.639769931378
94485707,1700.4155729580498
40172711,1726.3778594189312
17647583,1851.194333626629
94790367,1441.3715784431738
18254706,1502.5012240911424
65733568,1288.6417192731792
58357649,1565.6490535844023
42289495,1641.4615376852298
15020288,1588.558095774261
31419590,1620.9955726703433
37233713,1694.2974331410833
26330225,1895.25123326759
73976501,1487.9104231583128
90642644,1399.5932958435308
63791881,2401.9628144575527
40102213,1562.202752617396
60203926,1361.0265701073395
36257216,1265.9056961052993
24119768,1695.6903572185383
30403208,1585.158525275664
39737862,2793.870315102301
41150683,1615.8941264200378
99351268,1821.7761181291867
62692262,1606.0686238827361
72711178,1667.8046274353194
10083097,1684.934589651722
65370298,1832.01642965123
84388395,1537.5461965504865
52114454,2190.9636469238158
74646950,1547.342886252873
72720701,1419.8860408014295
45732529,2087.968436179256
10509116,1921.714807592966
36154567,1764.9258560416083
46124383,1535.4485347573243
27866730,1806.2510118172402
62320931,1594.3433000258217
78979954,1463.3546904337695
52531638,1926.2366404540915
70662494,1478.5319903912011
88174413,2205.491590080593
21513664,1321.1803722921263
26546743,1770.2916794677435
89094189,1443.1866176578496
34006202,1370.3690335619326
44458405,1588.3138805725825
46102741,1839.8930863348874
80947937,1741.1005054228758
73456376,1716.6035945396845
27640503,1377.4167411829362
66469621,1393.5365777398267
35504694,1610.758403015582
24815317,1344.8879646533344
58171289,1340.7730087479406
18612790,1394.5168226070816
63428669,1224.115981637853
57949817,1981.7327012429002
72876573,1898.4959338782533
96193736,1934.6316680679693
57932688,1867.552612446875
61617398,1693.7492416990049
57513357,1706.4649036317069
46336493,1665.6044212217403
56173102,1549.3622411259275
22210971,1487.3263806381738
27397907,1870.4320815257413
94750459,1932.591025477995
23197778,1779.0140878240243
62692781,1775.439240222955
94164438,1497.1606504468584
19395402,1571.9686674954557
94219712,1447.2192199380302
33491568,1695.2924298989026
67632603,1340.3200443579296
19852962,1977.5598088496954
73405784,2051.5786523183415
88192699,1807.0928414114242
29867417,1430.9347158675364
84909546,1843.8419903308966
52598919,1830.8647318975004
86077350,1452.8044208012084
43929538,1855.399508872085
89992133,1391.0742823699075
33643157,1576.3097926747603
40190924,1630.139387739363
97098808,1644.2982218959094
87635513,1558.5427760962727
16478169,1408.6757940992306
79498204,1692.8035563140397
62568791,2215.120508179379
36457296,1468.0662653794498
29599077,1503.5417136782694
22644116,1665.1554464119884
69419691,1382.5256776466836
21970018,1739.0304778398965
31666748,1609.3236736347897
84691804,1581.5060502433741
19277545,1366.7328813475792
78443496,2092.6540837594757
92759112,1537.7275390553489
49629913,1649.7113879320718
14874574,1642.9720772430428
61108399,1828.8703265947347
53618559,1547.91177521161
46977752,1721.9939780499926
87695599,1743.3128579115823
68430793,1861.9050760291027
11606038,1528.083191559058
52469720,1404.2895457896527
91726930,1990.4763706547267
14558288,1677.5004300307808
98640275,1743.9383057060188
82918511,1725.389077638937
32992592,1486.3009101454938
36930879,1875.1677804501323
73360172,1506.4197342519667
22281491,1869.6850185025696
33813436,1343.2194646181727
49300946,1806.8309739552483
56371129,1808.4409068395453
83899433,1693.3025199619692
25827679,1504.562462940572
16631062,1601.1620624420655
86793673,1663.3587689364942
99689707,2212.9094670358127
69776211,1478.6650565553277
55892015,1346.9171438622038
19716865,1608.383563200634
46860460,1710.682877068125
66143638,1598.9745309149641
46241046,1928.939995861043
47497471,1536.9263911847277
38256243,1734.8070984791489
90078699,1607.981160215493
66607961,1753.1675630221168
15632043,1589.2753810182141
81498334,2108.815978557955
82443801,1495.7735759049965
88411591,1325.51355489846
18221799,1358.7527082642694
30242976,1404.5661798448302
66494245,1692.4350187111725
49287510,1557.2977805020887
83370642,1750.7510468890005
92348451,1458.9013538050783
55790147,1440.11529381184
49423398,1748.5940755212832
39715763,1725.5277244192637
46440335,1667.1403043292655
78128236,1586.582763202214
63409672,1362.5798022225147
98873842,1442.3367359971896
34782044,1202.3645348915618
70391546,1863.7806227610831
76956234,1673.7754609307021
41544516,1356.44240210697
42550648,1573.1729168915115
98465226,1588.7366404456511
30886863,1781.9948292012134
84535276,1856.41808725252
54301788,1277.7367047476368
78637034,2742.661387342814
61387156,1722.9952034247021
71715096,1480.2207731967362
47859897,1548.0972093380701
59800013,1842.091629315103
95293248,1770.0860110193348
11553772,1268.6693231444053
91107127,1398.1665358348278
66825939,1328.4991474865537
33598864,1950.0156594552925
18818037,1129.2851762905493
86800656,1507.9327626906354
45209421,1683.6528772359782
99712718,1439.0885239937531
80320840,2449.488135555999
24591401,1550.3730272197056
90294177,1305.2369651263057
14404076,2301.116302007691
60829113,1641.8923134174256
22529505,1548.571556746959
59566170,2046.791919005393
40149323,1325.3833929913937
40382936,1753.9642964481684
99300537,1819.7028244552737
44631793,1585.1181620797734
49450050,1782.98989658128
62395628,1437.663573709418
30879014,1659.833666359858
85524688,1503.2030583168541
87381496,1811.3111064380203
66258576,1765.7573155297014
71415255,1603.8438580589075
45179604,2038.5640744319564
82676573,1711.3370168373026
14654038,2370.6273473525416
57261303,2093.05107762308
69037727,1758.582038320263
78583522,1587.1232784674935
49703078,1465.1867088553788
78525136,1701.4904488451573
86407509,1438.6748567634068
33024193,1592.9841726726067
38535158,1493.3001916627081
84179400,1637.2937988575177
24680896,1675.1054607558522
42024082,1581.339019068324
31137878,1423.791441481888
92689780,1627.54910710625
93487228,1906.9849896657477
27421195,2143.342621561128
27611928,1476.9977035779752
25261420,1716.15391166602
46864780,1557.7561467797152
51909487,1930.5704315722803
37913958,1569.3807605366487
74334619,1614.760485613181
24422548,2076.7228293522394
58508595,1885.0371005879283
25087154,1460.6454946915176
76806766,1808.3968359130638
27262464,1238.7483180747975
73422693,1776.9411560106503
58175270,2306.6582184626486
76648743,1477.129885896919
36026120,1674.5279143499286
87485989,1851.561895059033
88798255,1580.0891787712837
85293030,2142.3093068625853
87029422,1459.6847175602825
72679949,2464.657445583748
25871017,1849.2071791946128
61396744,1597.1430017643647
63197784,1671.4634723018642
49632353,2136.8976078114138
65625596,1551.1226758668772
86795596,1297.671363035529
81433856,1428.1646426355783
87476873,1468.3368384915145
98147948,1331.66053892493
99212421,1563.4684891265094
78236394,1643.3198774179812
60511137,1677.6768728262125
37030090,1987.1957695183485
47227545,1687.7710411243784
38980163,2197.2760224235108
33290320,1595.5891747801818
57735630,2259.6435933925177
37888473,1577.705553807646
54251453,1551.2162575151733
85556127,2216.435544797164
26903779,1770.9897296420645
91692809,1769.6881814221986
32446203,1758.3278478493833
34350235,1758.5907287714533
28532174,1364.6477486899848
59869496,1319.5892709563611
37887202,1581.5749715441123
54799254,1512.1897423353544
44298051,1954.3255704161195
89901990,1516.5243811455086
73292166,1455.9558099505564
21775362,1527.3551136502301
36884233,1600.9880580256352
66353025,1365.216233260544
19481125,1166.7825261327744
95336492,1560.247934825685
32400462,1552.02039984906
28975228,1433.5093513533427
11320585,2028.9308454829345
32162156,1366.7588809770375
88724326,3042.735313223733
67650053,2116.5679121031962
21038175,1587.5323981295344
64836379,1463.5460627628436
60827779,1910.8150397065856
88997264,1395.3529215427047
44622902,1305.0427480515916
85670106,1771.7654743720584
38945693,1717.0658413512194
69337730,1592.35628599943
22890345,1320.5590908963816
93106331,1546.6092584586602
56257607,1745.58720087685
42845025,1796.0180171026514
10678470,1643.8581919176709
35975743,1872.8019375826527
44298756,1511.984132743517
66670226,1502.9809736823647
37883517,1954.1891850420302
62831558,1596.0170813543994
25294874,1668.8109078774291
34601413,1467.1928736990944
61300626,1336.9263827629015
63694211,1586.9767464654865
70308634,1849.1666427634682
92846964,1761.8445687946478
32093061,1816.8199457559701
68496425,1544.394922622412
36724576,1671.5507265314952
18988842,2025.935509488237
44304522,2362.449695268623
91192236,1586.3410180879334
27105876,1556.080430948909
89869414,1507.9274024735666
45877010,2629.519810395038
24146001,1522.5570686465524
23395701,1377.031827634315
38974456,1534.631473567773
57842607,1511.6817073337509
51687346,1646.8322000605506
99288080,1407.4750309255005
58963406,1715.6932083224606
29443260,2269.839606603541
62626422,1686.7763533606153
57515098,1574.8326438067938
61739694,1372.1325605197935
27459512,1618.191443496251
84889146,1442.4352559638107
58681841,1395.2839738888836
63593417,2089.7377329154147
33073018,1355.9346735607216
18775917,1523.4851996358177
38962045,2083.3263353802427
67933426,1368.5701802034512
54603681,1505.8271852570113
83399485,1494.0957094948408
64199110,1721.8494227634435
82415208,1572.2936162809297
87961803,1495.0048416447294
44853010,1742.0564624570725
59952980,1728.9765858138858
88562279,1324.4068733342901
55858413,1290.5148531681248
61198975,1469.9234508077227
37448315,1757.3218902096016
19525923,1412.5550328882453
35026025,1440.653189566881
37029910,1520.4594721480898
65651564,1292.1140894364135
76546746,1432.1636046561086
78805012,1314.7962521004397
73332787,1449.7748214232643
45937289,1445.6492850543893
99048249,1274.9192021402016
29475704,1630.9023034094237
93694996,1245.1539269277114
18159173,1381.6680677793317
50435273,1264.3703322056576
56812269,1542.9431103796098
10385151,1410.91851832094
74541267,1801.3702262170666
16719195,1442.7385171451613
48754743,1939.4558092360653
18188655,1952.0410999405142
32063627,1781.9069534866146
95749552,1547.0236220635456
95191424,2034.8171857999118
79363744,1375.5268397066566
47169927,1696.6912493907619
77108983,1525.3705600582027
44823862,1670.4518337611978
81122519,2022.6784901124995
18168723,1278.8919350397398
59737458,1530.5758535547398
12477444,1876.2751798006373
89609832,2280.714688062908
50913652,1486.0570879813706
42856249,1588.3080554188646
62711409,2179.2790079662545
67374114,1749.793993978045
26708384,2111.2996294621635
57463109,1798.0390762644372
64273952,1667.9337421114528
56304545,1784.0542450084529
82795140,1889.1789167655106
14007213,1388.6214636738432
54415843,1633.5341208499924
54590957,1325.3481740957136
67350145,1621.5466112428683
74993313,1889.0704691242543
62432527,1617.651313243963
33713363,1470.4195838127976
80390114,1912.3717962709381
12723951,1565.057553561293
71416124,1815.0191421102095
72440899,1903.9918563940832
60115717,1803.0152277295288
26317947,1152.5160252499961
35504199,1753.9052541977521
30187539,1494.3308722261959
55346293,1649.6128095941792
90516502,1403.7582066255059
72045347,1946.5938445479778
79850408,2588.206369395246
20443404,1258.344278733433
84501791,1434.9078957852366
73999320,1975.7474505877071
98913461,1478.6983114148875
37225199,1339.049600806691
16193655,1442.8202384380609
72620298,1603.9795851553963
64188152,1698.9790171572179
67784083,2080.560323843115
90552658,1525.1281008884594
80748000,1369.5386283711948
38083778,1615.0171630773866
65525497,1852.6440284307266
19381953,1815.5477271169302
65723090,1669.765007539515
76151738,1696.6342236513372
48225827,2417.5297472161283
27357384,2006.9719357413978
72090603,1818.0733570370437
13739096,1644.4322846092155
42442381,1895.6238982871607
57561155,2101.477367759739
35942827,2060.9194568623143
89196128,2010.5261964393792
90585757,1617.1955158743926
28123361,2140.125180119545
54892166,1474.117468032217
34399967,1642.3291311724977
36429013,1631.45974846018
87308981,1392.3061451103276
99529719,1419.714430115454
22093311,1417.3457742724236
81263538,1808.2714307080157
71338939,1783.472656922773
26758105,1830.6238516265657
97028969,1640.0289577912902
64463656,1468.1881633518813
56099433,1662.6185364888765
85325718,2797.9566413605335
44166454,1368.5602272989574
36489810,1827.2989994725306
33207901,1606.968669278968
27978007,1559.9053770580797
81479630,1343.0483720296636
51537650,1734.4311794507717
45619520,1186.9683732108192
38111175,1695.3601357489513
52128949,1629.0621938716276
25404819,2089.1178120821414
76230938,1492.5064148293063
35633669,1284.7881921068329
17486296,1544.2397769359318
26823352,1432.1585776640081
24234066,1618.7762203254058
69609466,1996.4988716536393
44500625,1558.97885745435
25810885,1793.1214925836762
47095933,1503.5124351163067
29996746,1319.1492982842224
26824387,1579.3673280859655
22560248,1743.225771838755
67043419,1273.6734238834906
56128877,1587.646460810711
78532613,1405.2849843091383
63334626,1464.7823084505592
41942475,1775.1439498167201
71572581,1688.7289401292692
31224917,2132.34238363007
52061385,1841.3227211985889
85648776,1455.1599952595468
89601046,1518.7583616454672
16315474,1488.8940754393004
90885644,1632.2532648497454
69988016,1945.1772312520145
55363982,1874.1767563474891
15084841,1293.3052810967079
85269120,1640.3390884650069
31531393,1610.9511544166107
65511292,1662.7218232692376
76207920,2737.104694007061
25765261,1413.8026318802038
99628783,2347.0878433739827
29123949,1371.3316053511614
84071477,2259.223188827563
55408575,1492.4996088904284
18563235,1910.0747650498947
32862824,1453.1919666516617
87247913,1561.3400720189047
70811397,1597.6794757285859
79135010,1455.0658373316544
95532555,1555.3899014753285
91619153,1941.3661020652487
85185899,1385.9903187980956
45503458,1632.534696334311
40572975,1747.6206996754738
89004010,1545.2519640115743
34562042,1442.0872150715918
63463440,2155.0333931290324
64460362,1484.2857491017865
67250925,1446.1015503064832
14939721,1723.7405057405683
35310686,1412.2592011461975
71187848,1291.8404812352535
61524357,1491.9599907861977
36782194,1579.6144000414645
89842273,1494.3609254492526
20614858,1611.5283022539152
68048266,1756.5863837559455
62462117,1579.7582190380356
72115510,1912.8021712132145
14057421,1483.0460256231806
99878320,1547.358252016149
68934495,1514.5072385739372
63897425,1707.5611697659363
30823846,1762.4374742493012
45856506,1563.8795057473953
36318458,1566.3298405993366
54709816,1678.1869530850631
58956301,2768.5556097739436
61193977,1859.8083203560495
94916864,1765.8193789196118
95563649,1364.3463493052786
11808364,1401.1507776219682
53108582,2044.398002404757
37502181,1446.814391456628
37996385,1348.427784061761
53563779,1649.0198542142982
62612706,1537.4735725157057
33233317,1634.924235651246
39285196,2011.051397885123
12469660,1711.5094493882318
10086272,1430.1807784803468
61556619,1535.8708252669492
44239580,1928.3851395154113
37303458,1966.164566043312
69742763,1552.0660914985428
79252407,1338.549938273112
55035288,1984.232593954026
22573833,1502.262366413398
73616028,1677.944025865304
72379751,1507.6332157506217
63515051,1700.9067709821236
43605274,1496.8701282711165
94526159,1715.8998183438025
87017405,1765.7923499548247
27785122,1400.329820008253
88986010,1640.2925159053466
83705830,2165.2543002568505
19294754,1439.2576054384447
10016581,1603.2956119133992
98337631,1670.9102773187599
96284977,1664.021094362452
85120493,1847.6635711935523
76912038,1772.7387112209335
38273802,1581.1292991846283
31373003,1445.4394816884064
16311364,1603.298872875974
81773825,1251.4288392585497
85451822,1682.6049434439774
83837897,1687.3923356933337
79840167,1716.3715176210164
10053165,1935.7241126812928
66085962,1410.6414113725195
74446354,1549.2670749539825
71248291,1502.6284181400551
13527988,1724.2308872632016
59655162,1588.712756546035
81270080,1480.705191837778
25459024,1381.1278512510844
57124820,2113.9695751291756
38744724,1479.1076181405185
14672828,1259.0389538721136
86208199,1602.084628769755
60804234,2568.4650903056427
26637959,1419.7972499856019
84505191,1396.7559883227402
34949195,1874.6515043060556
18236230,1734.9587254343608
83633670,1779.2959107678334
38795738,1614.5461269405741
57060441,1994.2889266578088
63193750,2202.478659087221
16584196,2116.488570872333
97470867,1616.6086848390028
57117308,1332.7715424504086
28539736,1675.499255416229
42854708,2262.2320908602806
74612987,1485.5462720061307
18574187,1758.129982972277
82554201,1756.6641803800044
63502035,1859.053652482507
91862663,2346.778015571278
92211122,1631.605843292247
31056808,1458.542247467215
16943964,1600.9187033807664
32863651,1557.971834873341
68176876,1652.5893338013695
49131404,1425.8867820247335
70277995,1310.4446204521319
35494136,2469.899789803597
81234980,1521.749444638771
38613978,1860.1135118096552
58078556,1341.4569872545717
44540392,2188.4027673157375
54581831,1786.956942872367
27711464,1535.8925451947664
34639609,1306.2668336833895
61465981,1427.902454872405
97434739,1575.2879993948393
11115465,2131.153518092292
73204702,1828.1133270679723
43122014,1860.0200160925924
82465915,1682.9715428762147
70336402,2251.5668054747885
66860305,1447.1344599926076
41500458,1285.5763902484694
92919391,1835.9465812180817
99618084,1491.4822847221951
86909460,3240.188851451715
17337355,1746.3806346048984
42353664,1613.5610445759214
21765685,1592.5524988692173
89088918,1560.1579254624546
35899962,2272.010321810638
68684318,1550.835815754354
18484780,1412.3474978103125
87388388,1162.871099637655
90094211,1870.179825695771
16804039,2061.6970133486434
91010086,1964.9210693619898
99469868,1490.8197212641219
37545302,1564.4718510559517
71878464,1512.6918966982425
21183040,1635.7664610749023
35304073,1261.3256469017706
50348670,1965.944184772351
34230931,1669.261324303701
48867425,1344.5985644740595
35018884,1750.265570982847
82792644,3118.6239738297027
55638604,1595.3072898164442
45618589,1676.308503493467
94996859,1520.0148888184483
59711138,1478.8595305260299
20008628,1349.7643917460277
74210201,1504.9500340211607
71592370,1666.050894326173
91112168,1497.623803680984
86979588,1627.895982101356
77491019,1776.8629908269456
82906889,1795.117046505356
47215201,1896.8415427554853
74482354,2148.1947695103227
85248466,2060.158140522528
48081067,1923.2202525863768
15387364,1805.8870796200636
49479914,1820.984994309484
67144063,2159.4483526186514
21546784,1901.2298712023155
33690767,1378.0632151014029
33115846,1234.1756278701828
61562965,1571.8498818343871
39809818,2146.4647111663576
68123009,1506.1196335737145
51851996,1846.6771002426292
14592737,1594.389646235902
53703850,1495.649876839165
32305458,1959.623051925774
15802272,1284.5605756820555
36113397,1566.8241600848849
10490484,1452.8061668837083
60733954,1311.8521840838537
99162691,1439.2648134004073
93098807,1472.49069962252
40838545,1527.2999465852372
11051825,2161.00092196899
82908690,1119.0216405544047
71787511,1624.0899880073327
72823966,1720.2402137909296
12980060,1812.8887216707035
96086415,1393.8877330047812
23697274,1679.537473896411
51614059,1453.720457793778
78779574,1609.9650873877745
95241308,1761.8502157496212
17643222,1560.5803310050244
93263316,1334.2156461897964
37302631,1454.150238585507
87271886,1921.3292234985395
55736876,1970.9396305164776
51594702,1692.182108829411
83945766,1298.856855075354
79078313,1337.1889114484677
31277810,1657.3519621653984
74965419,1596.376141295508
12557472,1668.469011693516
61610958,1413.7602434403932
87565891,2049.5668332764985
69835471,2045.097874335492
50409416,1622.9898312329397
77449547,1856.1521204320786
97554546,2268.0375722588824
15981479,1870.0022302833825
19522006,2033.6797760786387
27996044,1410.3088049736143
41161764,1790.0200228171184
20740770,1692.7498810382224
70042803,1627.6296977588609
52210690,1611.2571016311003
81657059,1725.3209198715238
67733763,1936.1033970058966
19453777,1557.0322846036772
76648543,1408.5554791381676
38569009,1319.9103728782636
24713941,1602.4872294522013
89660454,2179.0616339777207
85740410,1760.510244302332
86257801,1200.6016841279047
86873805,1421.9927618354038
33399735,1624.2058110950172
37535534,1641.7763274727517
27667456,1444.3790991727326
61581329,1988.3366615700972
51263630,1388.3075584895637
52033053,1903.0708484017396
90888218,1575.7496321628807
12546179,2193.909474454438
83093814,1665.5973480345353
46297699,1628.1297228641508
97044400,1835.1953479130927
31763919,1536.3486070442705
16008849,1412.9797679720816
51084945,1584.217359086971
59957604,1492.1315115721782
18780994,1680.1568997407999
87997537,1619.7518111422548
45685391,1706.246253618871
44441149,1407.7705129994797
14178311,1715.288064957314
43522500,1460.2695727827838
91025767,1852.096997981465
92328854,1842.8132332683742
53582398,2163.3514598622305
79088536,1526.048254257321
46193764,1488.489566692175
84800487,1520.632368585531
58906346,1789.4687802926803
16384425,1794.1740466848398
31314423,1438.8716003246927
78713693,1563.4808596200378
59579059,2099.399394318716
51309878,1674.7845019172455
18367921,1829.1847495640923
17963218,1994.518571376781
63773516,1355.5406479431142
43820904,1328.924926430906
61844633,1921.0711216595655
97433520,1897.9064610302662
67890378,1654.5584036975738
84770654,1860.8943278857214
56388014,1727.4882522025048
48498606,1435.1356886933363
96139568,1312.1012171643808
23184000,1485.9971131559012
82435682,1885.4360212349093
84725417,1295.7807697368896
80398008,1490.3783809878535
21408816,1475.8903552717404
40561414,1430.6958599298903
47526789,1709.7643384034816
34202671,2006.576602681476
47410501,1227.66523939681
18437030,1523.879081016215
89947527,2201.3183108507565
48179652,1448.32473217929
43574355,1493.1897701973576
93441626,1580.5693228642542
49833156,1303.0008259122435
27436801,1769.4020393654862
43212239,1527.1918071385044
57781002,1549.2521325318137
80452756,1527.3985504897612
69547198,2340.2448434380312
92282402,1608.9703869491316
60080700,1556.2057542838402
77220496,1553.365583037029
54095090,1435.7305134945145
28159066,1412.207106990611
76298460,2086.4006124804973
57334293,1805.1650701777128
51349452,1759.8175549522164
57825954,1489.5545199340086
75566691,1725.4508770491911
21994482,1747.3993361466923
15472109,1363.4675809146438
74524636,1895.91670031217
50954892,1591.1689038753454
72834699,1847.8410719597296
62999750,1637.1843198368772
33123268,2620.608668560616
66540114,1880.736337958961
54002928,1431.1962594569798
55085304,1317.5757849065374
22151066,1594.295459302979
65334729,1831.4169582205932
30865724,1340.9345582889462
90388666,1555.528205280161
55605064,1866.3419870604469
69408128,1821.3266158855145
99473168,1764.8865352135722
75818797,1470.2550405683276
62565025,1501.7233189051067
75143116,1583.3805889279297
47696923,1826.7792321600805
19416750,1645.5654240067795
22855194,2042.3502955317574
67192782,2168.293191925989
87517475,1928.8276787778022
56350089,1832.3220186447713
34134972,1849.2566655993705
60576347,1728.5978708927712
26319072,1712.8308548613006
88893111,1590.4295340671424
68033382,1831.8483701143564
94035885,1573.1936768926196
81187160,1831.347140909066
28315736,1504.1961394934297
22692256,1584.993466613417
37267592,1381.7298512105876
91150814,1929.2676022575743
26431305,1670.239017206419
87910232,1976.208041083844
41955248,1356.0665134222497
69743430,1797.7434825114665
46703259,1946.7297440139512
31441294,1789.3280428812925
52540774,1804.8137499532843
86506186,2154.884815457727
59584539,1610.7880563142662
97314977,1729.916934198027
96666615,1504.0110235233587
79683457,1400.5311183135063
82209443,1772.9757377037347
28258830,1784.8258485751628
42067661,1663.1833050351981
66297804,1569.7877982354285
16941404,1620.0076067911482
75005309,1397.5031436009094
24570745,1762.8429841929067
86113362,1848.6465350927738
17047985,1757.534312046125
65773050,1511.2993637718757
58445540,1687.6435911522576
48523637,1533.3444614327834
95993557,1495.6982410370413
88761628,1745.280522915195
35281082,1752.0444674903479
63427827,2538.923008383107
38736916,1609.4705216669681
86580197,1340.5229341918712
23112535,2078.6015202000103
70370352,1503.1217712012847
27855625,1323.8228377454736
60833031,1422.8945942833366
23047956,1721.8918169259375
87351286,1641.9724434102357
75886001,1659.463700338703
66301086,1662.5051508064835
60935733,1935.7966547157946
98414359,1830.6711150447666
93169508,1999.5466791051665
77985316,1633.5985777782269
22647726,2077.0291241098166
39865459,2465.586226731725
81994206,1229.7137467283042
62822262,1550.1590175071688
85331429,1836.462045606434
75110630,1583.8766846455053
51138756,1543.4299035729653
83491442,3900.8895339860837
67891583,1494.2972817581679
65475315,2473.4686149388763
37180335,1763.5941806395012
53617145,1416.105681092422
66644091,1310.7860717178842
85685863,1639.28794975483
67756317,1812.9218412096168
47286828,1512.2097240034004
30798257,1412.1012012858764
55429056,1669.7112667027047
48423935,1395.8499951678318
70215654,1214.6546461201262
84995114,1284.170628122402
34191374,1422.1417029484421
94424055,2432.6160625712373
35266032,1419.0003332340757
10282778,2208.318296243977
74509894,1497.970291682749
62379565,1430.120995683184
69295266,1629.5923500076692
19487319,1703.1772410981994
80523155,1500.046372141253
76258438,2155.169380756129
15381648,1713.513877555638
76313330,1383.9143218915333
67909709,1643.1820446615736
94172578,1575.6246222516554
73730320,1681.5736946224833
93164433,1231.4373730229938
47160388,1463.272923743962
39990609,1599.5535953910487
64566990,1756.2528284781804
91126842,1490.8268884130848
52824809,1874.3415519862929
57254599,1474.8124422363082
38718331,1899.215559299993
86095545,1695.4119651062647
47117496,1836.8988219742012
38398092,2226.8459606892065
35904079,1610.6399165382525
90919237,1705.1320791206288
56102015,1516.484191485785
71540566,1542.589627520628
10011577,1401.8403271126704
84723499,1809.2495114146188
12437858,1629.6696637669245
55600884,1290.9145607280075
14903844,1612.137844313709
79656066,1501.2067333371858
22833793,1479.6461370433865
52725368,1804.0196361638414
69338616,1586.8861054417846
69512258,1648.7570520770334
96249786,1435.4921933609417
93289839,1704.655885783407
89525161,1663.125454566172
25602400,1361.9955092844748
82687645,1480.406920200345
86466057,2058.8898984413154
31039064,1504.9496022045864
38126410,2556.3280787640233
98941268,1582.1903164976125
98887377,1522.1795802284241
19069593,1497.972112057969
48991500,1827.0019395563932
81340729,1834.5813740181957
17755803,1103.0334280455302
28332754,1772.8647774428737
48710415,1817.735118402785
13552122,1724.2722551088027
67175252,1474.913200824194
81401006,1840.0700479712868
87569420,1514.5597386624706
68775804,1866.5174932197226
51303767,1690.4446099124677
36907350,2092.396641042967
11852044,1391.5584044736238
57122012,1770.6276232071168
42764646,1533.857484741597
23299341,1419.424504285227
99527596,1447.1917903475107
97393585,1341.7371973146073
43578412,2694.6493516255114
98294611,1725.9787495229828
30924809,1711.7633186286296
88121507,1697.4694703142363
81094653,1997.2775496076524
83948197,1568.0190816721713
53707208,1675.9000517205855
72598207,1645.3917390059892
96325015,1575.2555746633623
32527392,1699.9672334342943
13367283,1475.988543510517
70926441,1874.337230385731
14507496,2293.973211207406
84516945,1862.571419793945
17478153,1426.1572641120986
83347951,1408.3647936914035
42507501,1863.567925337323
54322410,1679.2756067230762
51129418,1702.9884773780304
92284337,1214.484461168348
56191305,1713.068926483901
69717201,1380.6527272385842
77803958,1838.775531438933
30868541,1638.949892051186
21948362,2109.269917016002
64597726,1319.3290838266073
24753315,1871.0121448668765
83137150,1567.9621895564096
87115344,1740.943987983356
99984175,1637.6273414651791
78503238,1767.901755487391
56241324,1219.739555301442
44979606,1511.3023005804664
73782771,1564.366160390678
83259646,1459.3623461058062
83615385,1513.7714294246698
84238097,1588.8603418803461
90104229,1477.5644378313932
47165230,1940.8848898240208
90052115,1462.7021176818828
29318397,1621.118625147933
66821977,1548.1603705328373
74914365,1608.8800250286029
21821045,1583.246550052198
78077361,1559.5677953601823
11290483,1772.556860127024
18150280,1923.067657145095
97190006,1685.5059395981546
23716973,1917.7166988070337
22402268,1881.6042709492112
22495547,1348.9666503834335
62732805,1552.9879906691253
35149813,1640.5462322563149
45074208,1458.2545908104166
16930048,1831.7701565882767
37034316,1229.5444501823208
41257506,1309.4502572756817
37119194,3009.3822385957574
67834562,1893.162478066904
34524417,1502.6731280981828
65917034,1423.8428992149154
89187031,1395.613449734568
38918236,1823.4207488626294
15343670,1738.9005994149845
14075655,1713.8823822514178
38174910,1250.9702746428277
58723158,1383.1675240562618
60249533,1744.6838575014199
97281245,2188.243807866387
72949298,2130.1811464729262
15101045,1807.9189612590176
28123842,1833.144808664676
79777819,1996.3015093346578
49207880,1626.6942705158447
80546483,1699.3639825971454
64032695,1511.9887802285605
13192282,1471.5349672089558
77309020,1785.515955838594
61977302,1449.896973377927
97344057,2052.765598514935
30586194,1821.2238848028019
56677229,1500.1961329117607
22130117,1506.9486436354014
40261245,1937.5120179813307
30166032,1624.529815021963
77089984,1822.4368134524461
26878900,1429.0670707256113
61371436,1576.5144275801485
42742062,1630.8006615758716
95339974,1697.610142699881
56107946,1277.5125660964827
75011328,1623.6653795624782
72662754,1494.3245962964409
72203106,1269.1611059762029
70496852,2035.6870480635398
13201993,1591.0274335522624
78164844,2089.2734472606626
59342403,1821.431190844345
94540895,1720.7028281837554
46539631,1426.8211046382216
72239923,2279.6124634231164
87927143,1934.3787383697452
58112642,1492.1766434867932
46348606,1381.4157069482753
41028863,1587.6119244384522
24368370,1610.8552793102815
29933781,1753.293201458606
82791847,1531.0454750130493
96015529,1360.5643576060615
54561874,2302.3663450400054
53184693,1589.760311548061
76671373,2290.772739795705
63611357,1690.0528280980236
80706420,2478.4790881410763
55017743,1588.289163932792
80689892,2161.1241613426478
84469446,1516.9706478287503
23226721,2127.933073518546
85084580,1828.228394799949
80669002,1892.178064140743
65745002,1669.2160700754223
89007400,1609.1214549099432
29824422,1915.0915896936167
35775431,1629.6403313787087
14074630,1445.1455438871365
72325201,1926.9681601262114
23874500,1626.8444849698226
37300173,1296.1265930495213
33493494,2090.0828631124477
30229764,2251.762230151723
43966954,1796.1770547983976
27845488,1562.7017997147977
37461765,1728.006482719214
54994083,1810.2440200647873
73747516,1754.1123670281493
41276058,1469.4137637646968
55912598,1767.6331366100558
60686267,1792.2380824711654
32726148,1661.599883609625
99279088,1674.6748498147122
28728541,1824.5382636114193
13858737,1752.7695142287928
21895570,1467.0071957551097
76323759,1675.4870352158568
79038940,1596.0403549649939
29272847,1357.525201713725
98713132,1520.2077219797065
92394953,1468.2785304065405
96580365,1605.0829753343512
44481344,1339.9759334686905
16420037,1971.304677882708
93921984,1428.5446065506944
26481610,1766.081846965294
36292815,1427.8803266306866
77806189,1474.7683569331825
75958945,1565.5290094201155
65456150,1491.069934570253
80743824,1846.878826811282
49966934,2101.455899135604
86026791,1763.68248671138
85816309,1400.9576728014042
15568874,2345.3520179734687
99556884,1364.3471899184592
27514144,1856.3358668753606
33950340,1861.4892015069058
90674412,2302.549923620296
31688776,1914.4299406304867
58380703,1425.5813403944874
59666638,1429.1319181342767
28858647,1947.2103082721546
96281488,1699.1516679338395
81757957,1553.5563580570522
15387606,1776.6262000331164
95978588,1364.0320106587476
38876766,1782.5497297112245
97177476,1813.4713023057122
56304916,1599.1982851747712
94447504,1478.5298978898231
12858830,1960.4131488604478
29325031,1503.1468962556742
45137864,1784.1720148298632
40574206,1937.760897371142
14671172,1927.2940708955075
79393183,1593.0286788859892
73490914,1388.3607067309333
74160460,1230.3800090340656
44164617,1440.2280643688218
82646950,1744.2183006202165
13359174,1793.697579818211
75134927,1650.2883355138654
36042465,1598.1402146480216
83839627,1786.5162674236078
23668396,2212.775807080915
75299261,1666.4758373005725
41480775,1980.9649276566688
33690039,1779.9885293514199
22503085,1619.507725215359
37466667,1719.943913513686
14321282,1588.4309383448583
71351933,1921.5470093257525
87081502,1755.3119193663817
65472553,1768.383582295947
99213360,1345.0346866266448
10832464,1577.04722421859
51819797,1850.9909985029722
75955259,2011.0394115109625
88647663,1424.7549969636038
48629803,1382.1338466359964
83286245,1477.0216225522868
88766577,1357.6916243841986
92941012,1810.1070014475479
77129657,1872.8058747466207
98212477,1569.5011775149867
47578988,1611.3847193979516
50209960,1465.7299287436242
34219777,1987.0340869918605
79439231,1400.136643356056
73635146,1376.0912240527884
64910994,1624.7924387602104
53834693,1441.914968411812
11363592,2161.124490824017
10873772,1795.0825602024684
87767702,2097.3889106458832
23454749,1678.9775866221494
58196808,1843.7748068445449
68491285,1568.8808000560073
92242279,2020.224138315855
33507598,1454.7409746890978
31155680,1443.58771217225
69782815,1726.0505871737719
99510246,1503.426900994959
76945883,1414.5955871329888
17094345,1630.6401376057813
46337525,2091.4282311635466
28488983,1723.4501963752518
16761031,2691.791573518153
79032271,1414.1037999913126
62295468,1315.4765506067117
34239247,1605.308294461475
13382072,1534.2442249803269
22594211,1547.6235625970203
57247913,1631.2923182994655
91685716,1452.8607089886625
17466502,1458.9043342958714
33964749,1659.6303462224732
51427608,1466.1163552579085
24310192,1482.958289664703
31116680,1341.0873856253636
11417356,2037.0614966313676
62762079,1436.7392488176583
42671255,1893.9223945745155
96926020,1744.3028673529736
50275050,1837.0051527508595
39760605,2169.1598008584406
74898826,2207.7907265002696
72916922,1570.6796255306203
15943032,1527.098509804475
74582816,1418.4119689426996
59875250,1771.4291412350035
80790659,1617.6251265655071
19888418,1449.0185002019061
31588130,1577.3780036249443
66158465,2037.1326495807689
18800645,1458.6339068364557
64505218,1576.3289258144312
56056799,1372.2821160997241
10374837,1908.4349080294637
41300143,2420.208255935183
78621253,1481.1089465660452
11141195,1765.4356164941587
33865847,1869.4423357658154
90610974,1417.4976467308559
98930552,1200.8550169187279
12727530,1960.971024190172
52930535,1534.992820044705
93753865,1818.7426035935107
70595210,1526.516743613666
86025280,1246.85477553786
78663509,1601.4140584809911
21322626,1525.5323737010053
38172344,2005.1232680238622
12467923,1287.8527536825113
59832255,2984.8548221892243
60019461,1926.1126739541069
36274445,1502.088637854651
35417851,1556.4849121579527
24997453,2690.2246944961425
83094532,2587.278434506793
90174488,1399.6858827613971
71319002,1773.468381550593
29621396,1717.4926139373392
10011880,1750.431093054886
17190126,1404.1322125950267
70424510,1846.453694362196
11417531,1479.8136534626801
27554957,1651.8646172611984
13689480,1376.417060040614
69613512,1360.7284316244306
74318773,1707.5427210230946
45221034,1420.7126383775492
12200305,1707.4888107117945
29052499,1586.3005796251396
91168920,1711.9225249227666
99587330,1276.1812567512306
85493546,1842.6505653291395
36510260,1384.6059394340052
40370308,1698.0159823825616
89123563,1401.706562381372
68894033,1284.3850125308913
73938236,1722.6867278091997
25242707,1670.623919263119
87339346,2014.5516042482182
34182148,1462.2443959122959
55488547,1345.626292883575
58799207,1587.3318113851396
99415472,1544.8815010700937
50374353,1377.4402636111195
44632960,1430.3592760190788
46918499,1899.1687785417012
61219752,1671.2687227519737
57928854,1598.98467774172
22536598,1663.5276424853828
69936903,1481.148996858605
69696012,1750.2696177973119
75807455,1522.6310456738722
31557332,2046.1728304605572
98503124,1854.5981843533204
45347570,2091.937269066
91321804,1627.95921851411
56392111,1633.9097014304753
86308272,1389.1611547304465
64596791,1590.2445996826366
80652734,1896.1691468211393
15067372,1543.0452089213952
19485124,2011.7536279231426
14453004,1494.629702163937
26285533,1817.5875804315453
92838656,1361.7524483330042
37408293,1624.3166958070165
44619550,1633.7707382859167
12229798,1683.8602095895528
19471907,1534.2785905625817
79387412,1690.4881051522966
62896852,1320.7133133032428
45934349,1767.7867951739038
16860511,1874.7307093486795
43506983,1754.9515009200404
70740306,1403.2974978593672
92814410,1767.6816986795943
42104710,1673.3951503216413
23656647,1479.7726314053523
16622582,1488.8302752622922
91730318,1390.081004569677
71502047,1343.8020646061789
62198081,2210.825110242834
35586426,1573.900845634371
73159054,1547.3540811435307
72932579,1410.2398405560948
15860553,1627.287250460146
76499202,1356.656495532341
49147306,1943.4933562159922
66173222,1700.4896086059946
36048465,1697.3368156532522
58226162,1520.1004549604008
75348253,1714.706341003981
29406516,1785.9840979906514
30120831,1413.1711684128945
88886135,1405.2686939878197
90716300,1491.0569491024114
12118186,1865.7314383367454
39388114,1636.420745920321
43348151,1439.9419686152605
70648988,1774.5233517089616
89828759,1635.4178983704091
25774436,2195.1788841955895
56166234,1858.176384567764
46207048,1376.2297126234594
24260337,1429.8734050660128
43372122,1789.275210545372
99211792,1468.5145687382121
72425048,1169.6896602608322
58848576,1583.0321356200411
69451066,1488.6413910180072
46571746,1732.2569188768314
35037281,1456.2748336391244
85573733,1931.1470923146908
85004009,1330.5697447100308
98713147,1652.4455763619933
99574842,1483.694250992507
56403873,1827.303202781422
79242881,1822.9843034547896
58458582,1303.9429066360697
68482067,1391.983568535649
16690135,1890.3860763958698
15173091,1754.8023315025775
61448444,1823.7269920716078
69237042,1303.7697843715985
85145895,1249.2203490567
22701271,2071.3747983272506
39148372,1587.039079967099
94500108,1421.049341666068
68415143,1346.869818280972
40595467,1847.2277791522968
53076141,2001.1114531974465
73641861,1419.6174791939698
48605668,1970.2652666323395
69923530,1904.3063439216062
49319680,2106.7634755830863
45928049,1654.1003504176217
73814109,1317.5939740849658
61386764,1598.1456683992506
67209776,1469.9731017708932
10596331,1685.626153673766
14387887,2361.258185310213
66568548,1571.5930808572512
59240082,1755.9865193222065
35040177,1498.9405215326383
99480365,1962.8366838267502
68333386,1327.7142227730092
95572882,1523.4212648186835
38132096,2041.9992966065472
76955826,1609.934175537594
17729676,1421.248989457155
42211142,1649.157334478261
20158681,1453.5828034084652
79393152,1606.9964595198715
39911125,1332.8096522561664
88836366,1313.9392578879333
20409154,1620.2908053157055
15026679,1644.1933268441246
42131515,3767.4502865716386
54650905,1716.5415308865681
26838390,1562.5531042374462
65068346,1711.3839442742158
92979933,1597.9372711730016
95452518,1904.8355985615153
38822689,1875.0185597650732
46355252,1801.3249959913608
12444224,1529.5750735291915
42979270,1528.1098859075978
77573762,1841.7029160861937
14826829,1976.9533830914577
28709839,1802.0168847928849
18829646,1611.5413002755413
96568537,2334.430068781864
56829547,1652.649102776612
93979772,1290.3664735228374
17626588,1516.119333464916
34011504,1300.9852026230174
52636134,1864.2860529844852
91687348,2065.0283137027886
36508418,1715.120205244498
82621948,1644.586002583231
89318730,2341.428876177177
98717167,1437.1888676089156
26278873,1789.8107052979456
56823412,1286.7638714367215
75609163,2290.28164239553
90104725,1504.990328368204
75874553,1723.1737904312479
48469293,1480.1329360963632
70313722,1450.3952825416193
48269879,1861.6944333869737
30338233,1624.2632477019401
32779513,1988.8471218260872
75548478,1737.419221216229
38561257,1489.8719451969164
10945373,1620.4388176682216
15756944,1602.7964617391513
46940446,1339.829710494189
24659465,1748.239422149423
88948806,1605.8836455983578
34164402,1598.228653441123
79477391,1783.4669070519772
15537006,1774.8260583690671
88911942,1480.244021750132
96378293,2021.1904513252782
76422231,1659.9976974581284
12309843,1378.924433613239
96239148,1725.8414672324452
86466781,1778.585441634419
49050128,1563.1183550299481
14724818,2252.228983432725
56683970,1474.3855702412088
98393974,1645.5706212496768
84824034,1975.4766108465644
92573067,1689.7924263673533
73226546,1510.6073858966633
61358064,1588.191375701653
59398688,1364.829905660651
14969480,1638.8357779867742
80588045,1576.1195001412102
95597071,1512.1200977569467
54836005,1559.0980640472708
23220441,1859.3010949751656
59018993,1950.3865947243041
68425900,1809.9455180400098
96400633,1574.8305784264774
32664783,2085.3375056882755
37951383,1833.9554454931824
42701020,1637.202400739719
23132709,1942.3983187418069
36039638,1778.9658291942617
14728562,1485.4650936990718
62765095,1618.9334092323825
90518206,1498.9985389231033
99330676,1557.2841481334253
54002963,1751.2812199276152
80024301,1612.9884452257788
83450392,2004.9419587940856
80827964,1362.5704283177447
22623823,1777.7975573815925
85154401,1645.7351699199778
92409200,1561.6954801115132
37461274,1708.2166947804255
39412052,1903.9998305254533
99188219,1886.29271050541
10533163,1755.1704372711042
16576946,1651.7911976545022
10571061,1679.0220216590483
11502784,1652.2630221936474
10627022,1571.6979781641362
66112731,1788.316439103127
12271580,1394.123938487743
19300863,1524.2663913724416
42301466,1677.19199249883
93227392,1368.1461520160456
13989390,1584.2576120998467
83189444,1916.9539919818974
88982820,1950.3749750493603
86309809,1880.6406533787444
93812427,1731.5546781285582
79351177,1542.9549104532198
73882065,2145.8119974993306
85331771,1596.7303738831138
33746879,1860.3851563050282
90357052,1333.2605528775655
42998447,2000.6756376270316
42297649,1863.5721719490334
74232297,1584.745324323296
68234963,1561.1725186181304
79955240,1499.4801583878564
33685499,1620.76222714797
74031111,2001.0316474757813
81527691,1911.4283008015575
25578339,1918.3601121551933
36826714,1864.8504842300822
66720469,1659.9014010887909
58271754,1413.3739747930285
79175453,1870.7066578859526
91006186,1337.6920051058817
75399510,1710.674591339709
65438642,1666.5387402667482
72193555,1312.404843563664
52661224,1473.3715315917527
40274658,1586.1947312913717
63582038,2470.5861848620534
95316180,2902.7716463088846
31722576,1551.3363259273278
51439680,1728.9552108161336
92864642,1667.039247873818
24588628,1688.873005951869
62383426,1852.240317007089
91245064,1726.321548335735
61715372,1784.3957918949463
65148106,1860.3549420453503
91441992,1277.5528574898574
49274969,1462.8497425788514
33917232,1254.1946839098882
83235081,2005.3549439749627
40753215,1375.6709833469
70796627,1771.77025376856
73931614,1487.1567786816372
56857736,2464.9152089864347
54064504,1457.8477677743685
20389019,1638.139521020927
57574601,2150.4810957069576
16478279,1467.2851722982173
68356151,1830.5839551540976
99711808,1723.1320402539784
98284968,1488.5160173107197
30598390,1539.1436270334568
55132880,1554.0141546724858
34163532,1269.0586908116313
40857770,1803.8115904727251
79839486,1746.7788902765064
78134573,1513.5829628745369
96251286,1552.360880205654
46606815,1975.2286982424255
53204628,1509.8164883410577
39264189,1515.3576624204143
66917873,2579.112502570525
75228206,1494.6248603278386
57466748,1829.415469328682
75500440,2044.982149175478
88152254,1761.2665772479518
88711927,1882.8945926569445
71935730,2257.0254464634654
11714210,1374.6127160609965
99304127,1996.917734909423
79629484,1549.730132551926
64599027,1644.8915899035817
71633685,1440.970427760574
14342958,1639.0628772604573
27958253,1440.485028879803
61174518,1283.6536115506224
74916891,1837.0141700776032
72753968,1445.9319007763295
36262662,1641.6140123883638
60917615,1659.4898072450349
99306721,1699.1450215971324
53075886,1714.2482280526488
73928511,1539.6116344261968
19965325,1567.5478630621594
54826574,1336.2967834356634
64209168,1840.714473468245
34147586,1731.6967938591956
98269123,2784.208765670238
97467622,2095.220182769078
85814087,1523.084448218132
72333580,2247.2388402232873
30873738,1489.046142411206
10331403,1514.7463072226776
35344119,1823.67392559051
35769080,2295.3097808822504
21575135,1360.5965448657341
75304823,1491.182333780655
23401574,1563.0260853121488
83090193,2006.4103941741225
86996430,1378.0188040673281
99751646,1613.4163327824506
23591049,1695.8018385332218
81709576,1702.6860022643286
82444468,2190.0560551094563
38288153,1531.405911410445
87446209,1972.7463128940958
12079734,1733.4999817458731
25058080,1747.5687288678623
89691662,2269.4793720903863
13150938,1640.6946662723633
36020495,1999.2778986595456
54923182,1316.4593380868537
28841079,1562.154952639162
41392965,1693.9402700769822
17119564,1373.2050556911306
57430704,1770.7327878924302
36272284,1682.442918388871
91925114,1411.2320968828687
74412922,2036.0173245771482
65743046,1913.997574850016
48653211,1479.7544417581328
36332370,1556.0588469528213
85424579,1765.4124795391217
95090269,1575.5300120109941
95971802,1372.4201276661336
86256336,1413.4844562558492
31156844,1387.6179548774323
37688219,1850.4131031475506
82437324,1649.931391701478
21950676,1532.9211211402853
54094553,1542.095178371937
74374536,2467.670478337581
61738687,1672.8200997170331
19277250,1562.7904279548402
84311990,1656.256059737869
94274494,1779.31503792885
89122239,2325.855285354669
97119289,1805.2819202396724
29959537,1519.4246867983184
22777840,1744.7074521150084
39391011,1537.3708936296582
15127918,1642.080866554826
47251761,1207.9388415145759
20023773,1639.2104223309702
96682736,1822.1667426129782
12309412,1502.4815513443073
11517944,1567.2925984120177
59425514,1721.4428729794706
28854961,1573.2006114102903
63750719,2243.006334447303
69531684,1509.1765727377028
73516640,1464.6452190332084
92500346,1977.905058701523
66124065,2003.7597360064651
28886163,1501.8589071983113
19680706,1994.1934884865939
83673598,1262.135770257803
85519237,1408.6952770256337
37110854,1414.5887027779117
96010780,1431.3386873716502
51391268,1268.436683560052
17655078,1532.651195508002
26863121,1569.0259093957766
30839269,2344.2111771799828
22418770,1509.9244877820163
88029081,1960.6424564888323
27689636,1984.5030813420046
58431423,1537.0571551948638
43802347,2503.343980827917
83961382,1498.3173741720937
27938336,1833.2115777529461
35978100,1626.0170212560756
89319775,1502.838265366663
30362974,1921.8586607606942
93105032,1866.35512089373
20314268,1439.1278948735064
34550012,1713.328683703738
28077484,1595.5139069981062
64656384,1503.6057723164606
48022436,1747.3607902244912
40507726,1515.6491479336228
10314144,1539.6857428166973
81012787,1604.7669661682414
45672873,2230.5404925497605
25759428,1366.4339725980308
13512722,1291.0584713466023
96070498,1745.0035706821816
21352279,1575.6776222713681
54205490,1682.556652123981
44645119,2196.226026270505
37332321,1889.4918891697641
54601842,1406.627967559062
60801709,1651.0292925812773
28903523,1544.0944050461746
79159760,1749.431236829799
20416757,1373.720638587843
38432201,1558.0545664729818
60739859,1946.7262533336127
89931987,1736.276968614652
60999736,1953.6272911988929
43182602,1554.9311842774382
89739478,1626.8442276958046
50450523,1634.5213882590965
73950928,1879.7407166750218
12330781,1345.5013036173348
50236542,1635.791408154608
34912503,1338.411856067479
25536468,1507.4292772891768
63776599,1782.26970943896
56389530,1835.0885105851512
60881312,1361.0053416977375
94656046,2301.1246455304545
84143693,1586.4585501945326
60768240,2092.021886027244
60458308,1776.2879115664682
53948557,1765.2872710245952
11612817,1361.6344589038076
71889062,1595.3260896583859
77172079,2095.2054945497725
34222625,1936.7918049234895
69965828,1681.8027182108005
94714430,1960.4338281864016
71961534,1819.0765321986653
32936108,1831.6831183568283
18431618,1210.5920551522604
13548537,1709.9132515961176
86674079,1403.6586334811814
21748194,1594.025476532122
40124541,1775.016108598318
33347811,1589.0073461258476
92929218,1639.128410330091
72190892,1362.5528721079343
66963455,1394.6861287123359
96157867,1669.3115443441156
15254705,1807.6440487810419
89064766,1538.0865139207594
85305349,1659.1437314366876
58781934,1297.9959249752549
42553797,1417.6723055638258
18721533,1376.0902556201938
58244383,1875.3075986119686
13696896,1911.8220790400628
65894339,1385.9575175648704
61098619,2015.851448234727
26018756,2136.59753744942
59479424,1622.596017809304
81738781,1626.903540231231
91106215,1721.1799941746867
71223563,1442.6500142425539
95945745,1576.1330025457462
91424061,1556.8265854087838
67135880,1983.9972712749209
15528553,1533.7324506299533
33657705,1387.6323677293549
62553289,1844.7909724700082
60993054,1623.2545579701978
42800613,1529.9664547363504
17769800,2147.1615782644703
21401202,1744.1354151200783
52155473,1900.1875037899351
93304650,1525.4600373493204
51407728,1327.9849591513248
89543732,1669.5744650895836
43419947,1326.776025209885
41488699,1322.5252403227475
60974422,1722.2953062208392
65352047,1570.7762488571366
37012905,1730.180133990306
14787203,1555.6396283509205
29417973,1682.6685175756343
19835446,1718.6020763369547
43255500,1492.0042896084462
28812691,1701.354999102017
18722953,1478.3856391348772
93227004,1982.29554800489
35371569,1607.9462177763655
12076594,2440.0979336999126
17330331,1693.3036656106183
70946197,2204.4428405357503
44132847,1785.2236543053814
77445263,2244.0266494380994
56880921,1588.5887421687346
11480304,1894.107621570411
44407005,1581.8678319643316
57603851,1139.119541707793
36951093,2032.126382150948
18651476,1450.461126321252
28758403,1480.7880490784555
29842235,1507.6698703252057
80915194,1220.4589964215058
87361082,1752.2144705367282
67711479,1773.2815714543249
96493355,1369.238492891604
60783295,1923.0814658280021
56178874,1804.6164078496734
36921713,1751.091189006805
48581624,1333.1574524354016
75576141,1424.0457431665916
20755403,1474.632371488503
52097748,1392.7556076357635
30927924,1336.1720594206724
52924618,1527.7069632505613
23083091,1163.0149031034928
10593933,1487.3930089249272
14984647,1456.2164593751486
50764768,1659.7474859482988
42909851,1399.1690938416914
47962891,1825.7927858462385
24155862,1840.642769409857
96222874,1349.4513699353033
76243625,2137.5294368045315
83785580,1227.1083457722439
68046684,1597.9718843540766
35026518,1648.1214554006144
21144795,2199.585710302619
42304823,2061.3913947697874
32449171,1704.8314514280212
67804951,1733.4815493105552
80988109,1420.4813104564312
31562948,1765.9789317821724
80571715,1399.2278934584992
91879270,1754.1063936960818
80331872,1744.5771175245266
39788137,1734.8442815610958
78186126,1672.1969705602382
34300076,1400.6929573847751
70710711,1481.9220749010017
19520201,1722.4780562057647
75968232,1327.3636015152392
62441830,1449.751024307913
87704160,1399.4319238969401
38039509,1434.0832893350494
87299257,1629.599433286831
34604480,1981.972013870906
93559487,1486.5960328312744
35225951,1422.640518187606
80500038,1323.9030915982469
88587318,1338.703439926027
72460444,1645.4745572550696
28502361,1722.0609276382668
91781888,1486.1958566563062
83528344,1335.5335595144352
15266445,1690.6895433499544
83532377,1458.1303750433965
74780110,1988.1219666220509
88664511,1650.779497287204
81767501,1550.4468848584197
41015579,1771.2867362755978
19338404,1208.893973137897
14667759,1571.2289465082154
66260119,1679.7448392196834
20542479,1564.070098422334
54097170,1810.431245647945
35669653,2000.08001775265
94127563,1565.7629783805664
81488029,1397.1987269043755
93329952,1393.2816550405323
57217043,1636.3993869295462
65522547,1714.1500712198283
73695068,2401.9100241647475
13539769,1513.5261185499019
44056017,1686.181211844836
46617581,1395.0030034526687
68464888,1783.1178951071058
45303083,1400.7186565736108
86984156,1470.0065065236176
56630529,1239.3760528872979
78254395,1830.7676364420026
30913049,1740.2382215107857
82688614,1388.2590087549875
88893045,1463.2534935445747
94639808,1658.9961558819514
52742143,1866.1236934029837
64260968,1608.3393045242185
76546956,1837.1675870707973
83523035,1972.1694317438628
11013053,1600.1303111960929
44130994,1876.5578097827838
53796074,1839.2428407878108
35498168,1769.401807484121
63562445,1450.673933799567
42365113,1608.4406521604412
54613679,1346.9344232635597
69835682,1399.7091455634902
40747675,1510.0383019280591
37071709,1643.9094839015272
11644754,1681.1777525667196
29456046,2544.044882318066
63575365,1656.3299621781985
62030210,2349.1131750252252
84640048,1599.782223709248
61377846,1942.4949687627013
72441550,1329.2630623441012
11270022,1685.0050770906573
70261792,1664.9337111285552
52404988,1647.2620152293844
84003906,1371.2861982270613
31204633,1433.5934534301084
75242666,1853.6124177945162
49434528,1838.6260405930955
42863318,1859.7104662778147
47571305,2411.7847601829635
66490879,1605.8990139381342
82396141,1469.9499882874602
96803616,1455.9081472698188
10584088,1778.9752877782512
41994657,1754.9402228918536
87186973,1708.939770171082
71213873,1993.5786107351034
49764305,1966.7380174486716
43725149,1725.1829074331433
83812129,1477.4860282579177
63290164,1572.6500935066454
79318573,2566.585775447781
10844028,1675.9581715382606
19798231,1576.8373207592674
97056407,1488.8039854516853
32215003,2172.4883366527697
94765090,1321.292517205312
47235057,1206.4443414138211
94429036,2102.422456899151
19267342,1355.8370682490868
79884507,1917.0143164406913
68548734,1726.585555966621
64679483,1696.5413881816485
99761027,1476.1545709083596
77538039,1976.9673933558643
28035639,1933.9174934941555
66579510,1359.8359646616066
50333547,1595.8159202526633
30957545,1426.2692303811973
87343589,1641.6537461392786
45470859,1690.0112888867327
57383256,1724.4069905777724
62753404,1522.3450058251235
65906932,1695.6618385755364
54060112,1467.0345923217328
88317327,1558.4936788253062
46875481,1684.3555304907034
86614127,1685.0881145234343
91675434,1417.7617471155556
83895227,1296.6415391247683
86365373,1691.8245998343573
19948626,1355.7986969381134
79630167,1690.0985077105672
89106944,1589.8239689191498
46083057,1458.2365349430759
96150610,1619.5572725691297
35015883,1258.7205135958418
69747407,2087.6552179621804
55538576,1900.3955439859815
97411049,1555.8803545527203
11519556,1734.7450999719208
81677533,1709.2301172830716
60065328,1234.7758509575249
91824420,1830.1947561272775
72549395,1758.009198672992
75208950,1391.957746664878
54258616,1946.6423298241893
28371507,1402.3059486649845
33800661,1787.5057570971867
94718676,1272.2941644007865
98426094,1393.1333972299437
41019343,1512.870146784446
55953203,1770.2351578840457
97258831,2016.5541265957024
12406914,1450.7105290957197
54260975,1457.6495740333046
17839314,1877.1168226890206
59228162,2260.7434781781603
53104947,1782.806006629678
13405871,1281.2819223782974
30540873,1302.086083384161
10681459,1777.665739643554
88488173,1582.9588421951235
11138134,1418.108800281682
55965946,1736.6497794760064
21024415,1527.738912103825
98633407,1498.6201122518216
17665044,1582.0806744755369
52365929,1773.9917111613615
45919010,1737.6072045877204
29159751,1453.5444645824648
25938815,1433.488459540245
31864619,1541.3887063559732
84907440,1907.13812148882
55408023,1902.6227554862162
97513676,1699.8143260269662
71808636,1883.514027973014
37329985,1532.7575324187262
66719590,1586.0354135363336
19832352,1361.1759365463934
63673893,1649.98924478125
54185196,3404.1772178631672
66171184,1509.2891920491495
15702584,1707.486804289161
26362681,2109.0256875638097
15300602,1391.0307032426742
54091216,1928.2417134504349
41649165,1700.3581490183665
17221791,1596.071579162165
60925601,2249.71354021729
98579259,1285.0077779477033
84327985,1691.2749146045292
42373455,2868.1622902810504
51759034,2436.89315424663
57369993,1712.8663473753334
86174456,2193.7651984166123
40095064,1425.8197327634546
36904267,1436.3984892098563
95653857,1942.6250702568038
91047161,1298.072173134791
24858933,1786.1325572529413
43668504,1674.7472331512795
64688863,4107.04056911238
19394328,1710.928289191741
90928544,1484.4235629261766
54501975,2167.2779013587565
55816692,1504.471287708641
54235055,1862.1113594432568
54802075,1783.7773770662172
44582261,1575.748460693609
30580440,1476.8423737692733
53586985,1600.2496861649497
45293131,1599.393669168369
61623792,1641.7078243259014
12664255,1890.908074092228
99282552,1720.2568522413706
57422029,1519.8267521732762
95049365,1707.5429896312687
44630924,1487.7073422442052
59932513,1843.1597974293888
79864196,1751.0934905021531
38025450,1568.60585490124
43187524,1739.3623235342045
85710350,1666.1222938157707
39439329,1605.8505078128046
11767243,1419.3329822683538
40729807,1380.6163159073026
95837440,2044.1296684574834
62785546,1554.1924689579425
18032525,2796.259608899726
78515248,1522.8699846715256
64000264,1784.6006908120796
70932637,1637.501225241647
56631286,1252.2732618965777
82611641,1867.1823968861634
14610215,2311.647716643596
65282606,1856.243882461578
31080502,1256.59633099627
66137109,1907.478477199519
55286917,1448.21823903023
19462876,1419.185346115224
37235871,1955.6382638229643
53584009,1377.8259520791078
99377565,1503.5705097036066
82994298,1920.5242657898104
64250472,1621.1530962853753
61269314,1651.1602115530793
26299312,1532.7793915090213
97300018,2004.0376337885357
74523665,1239.8517529623277
19970243,2344.381560723328
14406104,1731.694126045101
87865772,1888.0773289059239
12224440,1542.843426882199
62628011,1662.8569383812915
30735313,1360.4363960984115
12214322,1548.8576910133997
80943078,1488.2247549528427
89421265,1744.7116735286186
72762674,1633.970438922114
55920835,1843.9812444408483
95456446,2228.4785373352133
96630600,1458.760571270065
20077759,1751.7201067815436
77066065,1479.1275386176742
47856776,1912.0438384068632
31685937,1672.5937971691092
41522098,1738.1583083109954
30032101,1523.9732980958815
91606427,2084.826950351877
22900349,1610.9303872265655
43552678,1985.7427081402536
38881909,1329.3174617280818
77508029,1463.8654173747404
95128506,1900.487518883391
64627729,1570.28680885129
56744301,1694.2451896853174
59338251,2271.7866398423075
19662574,1365.8803653493974
92971829,1503.7864801615262
18409584,1528.4035599873146
71760159,1577.4035067484467
43660858,1462.2845617882722
77997629,1721.523977824537
33928732,1671.2418984753947
68629875,1716.6399239771129
48480450,2232.586744903221
54283664,1456.1624592194682
65942293,1717.6751753643534
95573502,1639.804407731026
45086632,1510.7721774718368
23012000,1416.8283430470465
45395839,1548.8277692086183
15432712,1539.7434579122887
72298046,1397.6588856192955
84408769,1458.9376854100926
25246226,1468.2685357632822
20056705,1567.2052220365879
67856036,1821.0678260160284
56138985,1761.124693457056
89984541,1347.7785991057372
34860961,1690.8989813263397
55067089,1891.5200507665543
63717753,1722.7845445599169
89165138,1707.8730667089283
22336894,1603.7193301113746
23089519,1424.7861946978214
74572156,1602.2574134817887
96120368,2002.142330081187
70734227,1466.195039732352
43842124,1605.4545870895943
98567604,1584.7605713386606
54538757,1903.9535492547564
40105171,2096.050451121066
12135438,1560.5213411919826
73738446,1334.3940529993038
62385208,1376.5388058332187
56062641,1597.2774682461375
60234485,1600.991999311112
37490148,1553.0125074096907
73644773,1594.9221389825373
25147876,1926.4149602998843
98738159,1816.8293607202909
36202424,1577.8970241241243
90053455,1260.4537581623802
34861961,1534.91393864058
40235987,1329.1824434374691
25289802,1510.9801761044928
72831408,2040.3948922451737
62725172,1508.2166758905655
20547868,1965.6183012144904
43821417,1866.2163270478593
39911650,1624.5775724265209
76282034,1588.9802627464994
93532589,1849.7132363448422
71389546,1859.943877992136
26491098,1622.9644211799366
63364173,1376.8990514180648
74256814,1504.3197652717786
35509595,2073.3622806362355
18139863,1816.1099298913696
68577776,1890.6848844289548
29522715,1458.4302337187873
77706518,2358.6628201715876
14006179,1592.1702517736874
92579248,1555.6351723741786
59229974,1870.3606891854054
62295609,1934.7878208794787
84259414,1606.6864900896426
47815936,1569.9496594691038
81563963,1468.8872473863107
13005852,1513.1355377930495
62738558,1845.2062244722729
57070759,1658.7772598717706
99600292,2068.088644157518
94306787,1935.0334374475608
95225104,1920.8169659979108
55330216,1927.5554121472135
36532262,1667.9354869149172
46565446,1576.8997361649074
49087723,1734.3324962116924
59534453,1717.150217962065
48055811,2174.500548755749
88400730,1861.8104012152294
99040799,1182.6858261748325
54783545,1570.0979102411277
51521420,1507.810562423788
62125112,1677.020368298813
41533842,1318.3481670853391
37548888,1554.7114581249878
15800993,1361.1318444724532
72777210,1502.8137799608414
27213732,1283.8502913535378
86541928,1403.7096731779163
24899277,1725.310631724779
87153365,1483.9842013203233
29377093,1363.5578972391158
17126249,1344.0901029621964
83735200,1652.1811422770684
75294081,1711.4479726923166
50305812,1355.0045958567505
80598326,1407.3477845919488
73085224,1635.0352364962794
36011967,1728.5376326598957
27344122,1396.0708474617563
65167661,1841.433787439474
22697886,1846.6984437628191
79772982,1366.1523853936822
75656583,1698.5827461061574
28706133,1812.529763791917
94307664,1586.0631253621707
79181014,1862.7938647375065
64940514,1569.1333402138082
42076518,1571.8698666100076
38290514,1849.4857972509349
12647465,1462.7663092554217
51615379,1778.454866579489
58583551,1979.832605210926
89324282,1818.9995450391805
53391853,1895.5120959568749
22488467,1907.921383136573
77912827,2009.528378399321
92699296,1495.4721362661257
98391080,1464.0293345172176
25085429,2027.1292958839151
58232338,1391.0493917992937
40856740,2108.611817500044
86463099,1903.4568792089224
30661871,1706.596665449765
43294411,1621.3037315432173
95379944,1487.355381324057
10473693,1743.3122396451843
60542399,1663.95113058974
52521598,1576.6128342047275
78214020,1403.9640504845518
42119756,1675.146864592126
74645008,1727.0514173150457
68736704,1774.5322135973129
13851365,1872.313562349132
10956933,1760.8439216409129
76588396,1673.1962556998967
48664414,2173.4364450831226
75409758,1239.536454564241
60867152,1608.7079118712054
49408128,2223.125048400441
32398201,1442.5844652954231
33820657,1657.987886387806
99096183,2007.219102930666
71729207,1428.6946640609306
13424233,2304.2650047599745
69313487,1506.3679637257628
51427900,1501.2003787842154
20461232,1893.6495327113469
63893951,1539.8264409577691
93871936,1589.8596622423845
63699477,1604.549825822568
96362629,1629.0843180952672
53928117,1132.054459882896
41164553,1162.3773755303528
36908648,1792.9181619531396
29666927,1827.931545817412
11938394,1994.751087311669
52496134,1742.9628857886476
32481667,1559.4261846476202
61487441,1689.5996853611332
78992007,1571.3312416316267
52895411,1328.075800022234
58726779,2942.7794001510765
20458217,1819.7048299563257
60265538,1296.8921524203881
48479448,1449.107399979037
72404425,1571.4742472136102
91400370,1682.4157405243366
56260955,1631.8591142160979
65491665,1644.0024466867656
11663385,1473.596816883794
18615500,1498.4815103771966
87935522,1362.2386116575844
58889457,1849.3485821563766
19169471,1759.2200906399335
66133962,1673.9629181729588
66731452,1720.5586126874764
39410896,1687.36123299416
54940054,1501.5884698790126
10662394,1730.1649020884581
80972130,1265.50573990381
45235634,1978.2706076680197
32971413,1242.4388582553581
79283360,1626.9400545120814
67055260,1629.0476281922324
56118755,1295.0918147185146
29230461,1994.7790682370721
37178907,2185.899200640967
80400106,1882.0353598170348
67091284,1916.5501518089557
54160936,1779.0002031821052
26849200,1056.5782375938684
49585462,1382.872963388855
29429374,1543.0264167068447
95616903,1704.6317663440468
40605040,1843.6310262601294
77364221,1432.5374863720149
63366619,1734.7177276942139
82932107,1945.9752052337205
11504000,1676.6720417466674
66338948,1701.5156948737983
17704772,1916.819027097827
70406271,1383.1464969956387
78457345,2249.603567663349
47160363,1573.5041741443451
76792443,1478.9570592647601
76133904,2176.2469782897188
30534387,2161.2775089843763
27949452,1980.2343365961262
98920505,1501.8825886252102
79101538,1916.9964496012935
41201623,2359.481559995368
16952322,1713.9693475078684
97020909,1800.9639793515232
76043497,1737.2349914076283
34495964,1591.3829945901437
68971691,1221.5144071582863
68553106,1457.1510011318442
90311747,1477.9318282101776
89361909,1791.3209957965237
20406930,1930.822365722429
38933836,1539.4897449350647
38377549,2084.4710152864245
23346090,1998.418726418539
12625694,1202.7776405754034
57311677,1733.7354166098721
53924641,2315.882829150788
36865701,1401.2082153848671
22626294,1625.1785410999382
94697405,1574.6495463510719
89675917,1433.216046321557
28055737,1985.17385697304
17371555,1673.1349141018645
31452123,1683.3236278418567
39910354,2072.28854378453
16661684,1612.42188819647
11696365,2071.6568919114775
13890760,1280.0950534854749
23308655,1446.3198093578799
58265470,1764.4279718851894
23915393,1334.5176344117895
47202387,1449.0425542989447
63170132,1592.6491411896466
85663208,1745.1314039166484
11731667,1624.6513579523355
96387342,1469.8076253635252
56912577,1311.8071979679003
96546739,1669.27837666761
56118135,2884.234117981513
65848480,1648.5181087087838
29524312,1368.567495217187
61207733,1874.1761002172411
95068416,1550.9220509179747
93730714,2869.068346958281
58209441,1498.7887403082261
77468100,1672.18092679042
94556768,1647.6807392181493
66214153,1582.2537773430006
63178801,1380.3684554229728
47025809,1701.4463802219364
17223815,2238.578663458985
26808769,1360.8092231392336
25114626,2026.1257049577391
33184251,1945.5784471561576
38562723,1387.8387801476724
19383477,1900.2568544590683
81390291,1717.298688482466
20998216,2025.743933009456
95233875,1237.8751565765563
36756234,1681.5931091970176
80596646,1397.93035802417
92304937,1644.6745059637883
37613954,1594.69767108753
58590718,1666.2417537939848
53992915,1465.445535964479
54005253,1400.0062813664858
68781482,1448.5863510017084
70720914,1968.2038303353795
29283338,1727.162103413427
71373910,1507.1789310418596
82737999,1335.0065335976406
38789318,1495.8556489242505
50526394,1512.7193584220904
24047944,1321.5616237987242
56710540,1762.4018186006072
18038779,1434.5334552888096
87817642,1566.1335237351122
54364617,1681.4955615733327
49277751,1391.472557861371
50647092,1249.147354390416
74938295,1280.1899871043606
94151619,1694.5748227869274
14146499,1745.8753102467538
44114070,2183.605413514967
71013634,2254.5005793842347
92727921,1733.3751034169509
23408005,1758.3687996322421
55353418,1898.5252011008736
42627732,1302.9708534848176
52380113,1824.2249223917324
76380932,1480.7350918412033
85051446,1193.4586209369086
13441812,1494.4709298957937
75634466,1452.7196975118798
77418032,1514.6281569498071
26069913,2082.93014048273
56951161,1527.731664594985
65568116,1892.012895200067
61527594,1808.9545417024408
17428821,1526.2726399606508
23710142,1446.1149322987565
95218141,2215.642295673028
64929695,2168.456267289053
16991389,1571.1001079905664
28240625,1542.789044819413
27547150,1768.388813416133
66381811,3166.563632278153
33749942,1321.1169503759434
35190059,1821.2510775373512
63026525,1360.3431802602495
52393671,1880.8802110449917
32813270,1517.0412312224714
49072955,1878.7144850040281
39300176,1293.632153778564
46915044,1910.7326803448475
59260240,1422.5097493402952
12697027,1328.2024742347498
52828733,1349.8419983585104
73335938,1415.5812679465735
55961268,1370.433706346498
13325471,1588.6573916625455
29398613,1370.180802237442
27052291,1213.076214941162
15955952,1670.0694444301719
23271818,1684.8052517501449
99724134,1654.5346259378719
24071058,1842.9236235677088
31560904,1386.572167485156
65419988,1665.5145295291738
15085530,1460.3232395548819
19942722,1491.9201723428441
13275930,1503.7659600894938
22982323,2114.4274977662717
36522599,2082.836070012011
82021909,1573.6967352083482
68645790,2013.6795486869216
54788650,1806.6581370043687
42678082,1863.9581714435842
60925510,1428.2963495580937
88286089,1674.5209210886399
58263484,1486.5039930616472
65619117,1298.140652616497
38104250,1772.0170832114325
13756583,1300.9653792897416
60053914,1585.1931916811052
64871810,1562.6868104296052
58457956,2032.9002906732092
46159970,1626.6220182635145
68250229,2134.954174432304
47390028,1624.4371502941613
32969075,1855.7912301066272
53581810,1537.2206939429946
79530731,1853.5686063609826
24487509,1787.5610150769605
69933962,1618.2481236954097
65663302,2179.097455693569
12423653,1455.4227590045552
58871872,1469.8051891877528
58171151,1492.2448596710046
30617224,1404.75108565415
69106909,1305.3330166319781
13212070,1517.574255641165
68351771,1811.9448888182972
87624917,1859.9961250566869
11970895,1634.8320997590422
44431758,1846.4659300102587
16633955,1555.289694698652
42590404,2517.833002869549
86953915,1646.4678946012314
15250738,1563.9191365685897
44832140,1615.0349590011601
73698594,1569.7240143938898
42128660,1640.5939753590064
79549553,1296.938789645259
71619272,1517.3562406474734
42016649,1219.284849288204
61877206,1582.9370570523427
56572912,1904.178611274462
71598751,1638.0214477118732
34544077,1651.0243487410928
28672236,1462.4891872101693
68689312,1913.7699033521592
20267244,1955.0412806574707
68781454,1498.4091672544623
27270801,1632.1015703125822
37219515,1542.0568255757134
12011866,2047.652090815733
98392715,1386.9572004333413
87201351,1423.8375518488804
14908777,1476.7882872983678
34723195,1644.3538209094834
27339925,1479.268559843934
65420496,1473.5584567480503
40933008,2039.7792073190808
47440503,1462.2819197501756
94970875,1942.3432196764043
91029594,1735.5369002974269
65336637,1782.6328321780309
82023374,1507.5473523176836
11380763,1698.19490929208
99699540,1219.1270066025074
52649545,1522.0264801606004
46299510,1747.8216181463147
71452565,1377.5484961127343
67641699,1765.5780636459122
12714684,1690.208328513351
60016742,1616.0712604031203
53641525,1673.0050546862524
43542290,1684.711041537318
32126954,1473.9737515946597
38213318,1464.0426872855528
19971849,1363.02939423903
69256669,1288.5957694693443
23756854,1872.4989838603392
62908704,1459.0138800669708
32399173,1707.4062055185175
39238887,1995.7198384403011
94428578,1447.650860718112
52458139,1401.0884689896484
80574227,1358.1504810052725
90487261,2149.010323966208
31852005,1635.5278399185488
24086418,1351.554402013277
82209864,1884.1403029380635
29014855,2138.107505945947
56782601,2247.1286054511665
24702075,1975.7606273612607
74660449,1734.819537840705
40117654,1446.270070252021
60385260,2416.3844768694908
35958980,1617.1948465993162
69458629,1817.374217625245
92886159,1343.3985006180965
97734269,1911.0786028494317
19053695,1742.9943800546653
22371112,1772.5818007829296
49183639,1596.485778415223
53526975,1752.5712635713708
26290335,1868.7534197987502
13359830,1555.5215043026801
39340686,1576.3512999844845
85521089,1901.9532549631192
26704193,1483.8726271922362
86626423,2064.735107583555
80675333,1952.7039996461244
38369741,1365.5544817523505
10428306,1623.8341864056624
18197840,1700.3972828620608
78586780,1398.3344789508644
40311310,1560.898141235641
51507375,1733.7314472432242
10857110,1961.806644005305
88736789,1213.0058433376228
10823128,1424.7058831595677
75933085,1601.372133878846
87766438,2355.0711824694854
64406530,1501.9672411996532
33833037,1827.8395756352297
51715740,1513.1052516138104
59611801,1523.7916498937507
74340374,1544.5134599671464
55507333,1843.6518296787335
10416536,1517.6926800929323
43556040,1825.2507206230916
63137873,1738.4812519558286
70387789,1731.2207862929918
29408506,1489.1410719759244
38244388,2145.3118443057324
26541311,1337.7935004133215
21032019,2107.7236436677467
95710332,1919.2354592464642
80660421,1486.2989219823405
81086775,2421.0964053089056
14692465,1560.6497308269206
35590067,1819.6294208551492
37534494,1484.4420776765855
46669694,1564.1796139297792
68379291,1818.5436991834097
28943151,1649.0544737544517
85214973,1608.2829115227453
49160221,1567.5519408648183
57027484,1625.0877123544053
79515834,1625.849478088578
48903593,1446.210077436291
49944843,2118.6262644293765
15919205,1377.588714901388
89043859,1876.5476389131327
22557888,1445.9429550741922
45588391,1715.1131559347764
67323319,1653.69119537644
67813677,1688.1513007881751
94570366,1461.2171040369672
99333664,1333.6628118643425
62452475,1915.262080891442
27164888,2578.721090823303
13777597,1912.8062841333492
58863729,1812.0944446462927
75372835,1565.6491619731462
46531922,1929.4654028692216
22638297,1895.1403369683928
43377425,1531.0854387335526
45061752,1484.2128964954577
87232001,1163.7257546442493
99721166,1800.428483172654
63930988,1584.4454661696084
67323116,1508.4000796904206
90199043,1388.2332519256456
16025812,1567.2221552885082
90192151,1574.6818421382882
85194090,2328.4298812748702
82716623,1213.8385712070717
70041588,1643.5419891789606
10909503,1465.2776641912524
38910820,1754.3280696514275
67605038,1754.4098505069433
22421268,1663.4781289965083
12483701,1553.0339024288824
99756084,1709.056727350652
72806047,1273.3392265643015
82569264,1754.5816678602678
85085562,1944.710239188725
51688242,1606.2708722432733
67031304,1941.8093241937067
67620733,1854.2214499242775
15399183,1560.271606596458
83228475,1501.9866800176048
59551778,1737.1869848433291
58024179,1362.0553359744758
67130514,1675.4406382214324
36292117,2463.0099529227446
40708056,1427.6611888345371
16154757,1705.5312333192478
56077131,1569.1251982923625
24589481,2316.855334558738
73507348,1266.146176191585
98283340,1517.1368704446452
78682956,2044.2658251554044
48031966,1401.223746429319
54069937,1634.097520117746
12509398,1528.1000006659315
55254106,1433.0912695808581
99797445,1874.8713295585871
46298966,1523.1180737159286
97439691,1939.24483749685
77392495,1730.504798169199
20307174,1571.1482182376617
99295729,1611.5272455504762
13479279,1497.636562045241
57906842,1938.0972460728478
11957267,1535.7318938071096
46011088,1730.5468260274022
40051988,1544.6913488642008
76565808,2015.0711915695156
38007540,1933.263952860983
79111798,1873.806469880168
44170417,1594.6205137282784
81747003,1401.9037374569475
10689207,1514.8917482659929
68762949,1720.0665765527203
41533253,1947.857879990066
72624609,1416.7818513748132
95729378,1373.511352609881
63404247,1507.8795246639972
66851416,1433.6300176593998
52878792,1683.2801486920323
69816189,1403.7674897544966
93215948,1513.8406859822044
82196067,1580.9344330081562
65951347,1761.8050595282064
28150709,1472.2469034945645
26445964,1333.4865847559943
59886188,1649.738985333314
47858132,1407.0985071025439
10617528,1738.241009462038
26555436,1498.243073393816
75176293,4379.089707528569
15592659,1682.1261856862627
17002563,1434.5966322293484
65418918,1624.2622193499321
50328250,1591.1904156942057
29587649,1624.1485030518243
58771361,1968.4032018315456
11138502,2038.451758923988
87806628,1881.7875436917566
92541302,1466.2317362794656
20045193,1635.6056235984677
53943287,1481.8825035975412
72973012,1432.830757607565
98243897,1930.6986689402502
50425980,1436.5616656729658
53891279,2095.284024638104
12653293,2044.9240051691224
79516817,1294.5034409087255
57736550,1594.9159128475003
68504332,1800.263723305077
51418176,1994.5747994591227
52844688,1471.2278166424373
14924228,1533.526109083972
17385055,1571.1587120873173
48584675,1552.5866842169894
84113591,1976.065576959304
24176804,2089.3312011429716
42578288,1452.4864087444944
22976178,1509.0729137397338
59427067,1736.2671495165623
62214101,1616.2529343074618
31095835,2390.830428410114
61084952,1894.39201573241
24538640,1879.53179642187
17397516,1805.474010553232
53588939,1329.4909764000904
64801503,1568.057678766856
22306102,2040.511421481637
73464976,1557.9021386188722
25265317,1476.9427400400089
67321055,1554.9089429590374
52652991,1418.2827914148957
77364707,3430.8090373213636
28941979,1533.6547717796045
74248679,1608.9747492926235
67415672,1818.0814583260078
80048641,1460.261113578343
42348096,1588.1211241877456
76460518,1649.4244133620628
34956566,1556.2555115839414
77002192,1991.8476722514865
88577445,1345.1277152658934
38297974,1305.0250517844079
97975641,1783.5739260486407
15692698,1352.7385137206008
83507949,1606.2461252410624
91740530,1658.4248507760694
37895673,1382.5537421594145
19139820,1833.2628862022277
89742287,1586.8774806342465
63175133,2345.222105248872
52867973,1545.2665504906568
16690451,1449.344859242166
37055011,1666.864681736886
17248647,1951.8090720409148
17328412,1631.744362029014
63923102,1442.7835036301324
34421040,1341.2721659582862
99940233,1700.4675641598913
45814646,1950.2281888045666
58613984,1802.3198529911174
31285738,1458.4498450612205
35071743,1541.7832328401594
52223959,1678.634983738102
61904367,1303.3884915274484
31525138,1692.4443825661294
73171290,1400.2211853694907
44582195,1406.593886765405
90109527,1314.8318860714808
26952082,1403.5064065609556
53620380,1310.3574968398173
94287883,1384.683545447265
77186365,1589.1476662639182
33864808,1402.8416241045759
70959138,1804.9700732748386
52099246,1768.6973615400548
22249291,1664.9531482569212
48803280,1603.016760828067
89982531,1528.2703425519408
64289923,1607.812238072709
22000557,1341.0587192495566
26219747,1863.272470012965
31130738,2077.226813860113
32445244,1602.9434661412622
75236281,2533.1567389761285
13587715,1498.2490792687838
52514750,1743.8534806694604
90786271,1290.9698231338093
15005065,1597.734587952627
20097518,1402.9187284604845
50625868,1421.3419634657544
84412981,1775.6924154873423
92773944,1681.924064359419
25312123,1453.1223136442952
70396417,1709.072482802504
54865863,2326.483776998449
35803808,1304.565852325569
59597265,1397.4152973487376
93311848,2237.3925150981586
32340446,1307.9639152966108
96794801,1405.799880734801
40380864,1669.8876530239554
82007689,1830.9976564737358
84851707,1727.543104500154
83174692,1467.3874303014227
59083400,1902.1007529536355
17580169,1399.253191091361
18219500,1608.6824775083496
87811781,1820.967639035858
14088369,1688.7888490968942
67659430,1842.1779893885287
42456496,1804.9956414859953
87353322,1463.3217642124296
13917344,1453.2840584775945
19886405,1599.0132122227433
77800166,2051.2981635849233
77068569,1505.6608760133315
88362858,1456.8302634796876
71241476,2362.2888874589626
24814654,1607.861873989302
46691706,2442.0376815940617
79162545,1696.2702419974478
42908985,2138.2409739322893
74936566,1381.7763675591168
19620916,2054.6099559512204
54347722,1605.5569493241417
90271799,1738.2620299145117
25414359,1478.8854382013099
35809369,1980.2022495841502
57731323,1912.6732899074611
37887687,2076.103039434286
76623206,1286.8049862950152
69954876,1749.1615823123327
78180146,1548.6198385155844
90681578,1633.0755753163269
41794614,1394.203256621809
83295852,1862.8028229310564
31156145,2108.414730552923
62711916,2020.8613749730137
74676618,1581.8062128866495
43248708,1660.6056052452936
69180825,1562.0170677495573
75624999,1622.5899180849203
37667208,1180.5696424523344
77810578,1529.1021145562781
47115768,2244.92113532819
81589304,1705.8017420967171
74472711,1689.7683332887755
82711188,1966.0821652430604
55272778,1825.5996054374752
98229885,1527.9135644082203
70058028,1663.8099924721653
90729377,2194.174345802012
13401279,1325.1486158343823
85519612,1979.0905114596326
17006769,1387.6612305226172
99888523,2153.0047720740126
22354297,1429.7799072266848
43508583,1974.5740714120643
96795828,1553.8409901311318
96608998,1509.7917952121234
67452091,1659.7210427158209
40571985,1382.707973830777
15232782,1498.0969177408367
86789043,1372.2714103763967
14046478,1862.5467118265015
45515801,1783.145686147109
26318506,1384.6981091807875
34584473,1637.5310845929914
15369631,1864.199080596799
26479383,1393.931681345191
81346470,1619.1303155612163
83197984,1723.5270128527
70331904,1514.5592977042738
78907246,1725.1117065914818
42709019,1541.506609662708
97184353,1474.1035971685844
35589537,1406.5727326683477
83942112,1449.4322532886401
58293013,2104.7842411877964
78567689,1679.9981162875276
88610012,1709.5094804467437
68628621,1657.7247178058874
51584806,1603.6747193749718
29419986,1408.9975037980544
21476578,1564.686143089252
77370060,1574.0023464132537
33607448,2198.7204331191006
47890072,1513.6235721174771
11234362,1279.2319467006225
70681971,1486.146822845882
45196219,1742.8948477495048
58136807,1224.9803581694146
21383428,1633.8778675673236
38088367,1414.8763615387797
57071133,1349.6333577224173
83834449,1623.0305451229901
72194210,1714.5736285990577
14582584,1366.0391004307028
16017322,1499.6854047248737
18598541,1245.6299263233018
82812670,1357.4312476874725
53563234,2399.7881020143222
63779141,1362.7318967864576
70854456,1700.344659451573
83535660,1527.0514788631363
51099419,1318.357971261509
30503407,1436.0652354498948
90802363,1481.6748504088873
84057874,1411.6923960090635
93637941,1350.9028023423573
33888588,1506.4208852881147
78183407,2365.103465145774
88497510,1781.846631155008
88829918,1658.5412995672318
72639649,1617.5228603219537
15627595,1290.2012745752243
68832460,1743.3378950454005
31734310,1455.0479826126248
69212161,1697.7514239312166
62980146,2109.2455641993583
69972227,1347.7752938307233
53162285,1937.9387572006315
10963473,1391.7893187541267
65276908,1541.6865058517988
72611634,1940.7868303501978
81292347,1447.3001855611926
34705944,1536.7592351546689
54322977,1499.8743163796614
27155431,1536.228210953267
61373056,1376.5896209283767
64530093,1942.8043394528336
44187538,1685.4358485323858
29110806,1744.8200442789457
34026881,1775.228611936979
67734035,1700.2228587512143
90355788,1621.3843165662374
76930932,1443.9713806985364
31194080,2370.2443044725815
26948420,1653.3738952180179
60117998,1737.460402951051
23540580,1744.938821131297
29255361,1349.506185830607
47322059,1717.453662424183
50570727,2188.5209112798966
71874386,1612.9634311561715
27325447,1370.9886809803313
92986477,2202.8682551117454
27856293,1281.2943128463082
55159001,1807.9582599255746
88660196,1955.7850981417703
82148252,2042.9930343018455
15421314,1415.7731596422332
27620141,1288.4453097558398
12348320,1762.5329286380797
84344897,1597.4358372582622
10950855,1558.2448507123893
44290434,1573.1697381283689
84843689,1247.8490396909694
85814690,1717.8267250637643
60406086,1998.5686083121193
35395832,1867.1293823127119
54621645,1502.3029146735364
29154162,1654.0028905703653
40230589,1301.9453979758578
46902130,2106.7609991524887
70579622,1648.3834908444037
86272378,1551.3336315413044
12294631,1938.6842036564735
29412564,1382.899642010611
88089176,1909.7077426853043
91193188,1554.1744448629427
36523137,1537.7375262354838
54050884,1378.080555038241
19187985,1774.587519707165
91884750,1560.2831829342608
77985469,1357.2001552633294
19362736,1288.9964397477006
37641826,1221.3565628611343
17997673,1480.9423166179279
12296621,1329.3641488436551
94210085,1825.1508529660075
84475360,1545.0511661025505
44450631,2283.2067779461804
96917819,1509.4785310637758
76581579,1519.4037378815012
16376842,1775.6548857243515
20378565,2000.474739172952
67149501,1330.1053419134985
74149592,1786.2340509203748
55437574,1601.0789537726482
86258875,1228.9396937438933
25154125,1834.0573145936764
64289878,1569.66218884157
59484061,2470.2918935515854
39600891,1532.2268279684356
40907835,1406.9265434755355
47183606,1579.903737284668
71132260,1460.2307771273247
19424487,1806.2599701519205
35720925,1281.9634539203344
74210516,1816.2116146019869
53089641,1387.6003505268195
27778699,1839.351569406864
73489375,2316.7894911442927
46042524,1739.732556603024
59554727,1780.7745769373141
31273971,1524.5236852133569
31543147,1459.046112750276
74490349,2313.7091378612713
65190591,1632.2353236526715
21122660,1408.2550881738555
54597323,1612.0813538836055
77569150,1471.2475472103583
68093533,1734.624840010013
87099884,1316.0116029436745
64825958,1306.647692649181
27545112,1783.9057390816831
87791632,1950.388292118425
93384265,1931.1300448024126
64047299,1726.525938066991
23357980,1745.95019187081
88585802,1560.4362905486078
26754357,1935.6036089745185
99964380,1926.603918914519
63611208,1326.5615001626143
10618556,1641.0390313724852
12155276,1620.1326994101062
56528554,1869.2937250120392
72203638,1990.0311315358274
48174886,1700.7748774846982
25749233,1759.5660257202578
11912269,1628.6907052140414
14181748,1510.616917506535
77013810,2150.760861800523
59885886,1986.3074507609813
92982194,1778.687077226657
88065861,1377.3860648129958
14857189,1874.3466259260426
60358916,1727.6905303749709
72265262,1560.1712716905804
20471623,1654.5357503625785
88951362,1480.1524316121033
22364003,1926.487825423826
85137999,1658.9840381937058
84176549,1809.0975856962016
25849299,1164.9301141773446
21233903,1521.0071788099094
95963515,1642.7404049872848
47630408,1918.4032702263175
38763223,2146.6973221115486
34812513,1341.750743335987
77372953,1643.5306118748724
74724495,1490.7830436659801
34162435,1522.469524970732
60046268,2387.8524866339203
19475755,1325.3712455156426
89620481,1727.8291573006127
26981207,2459.1291323036266
13918048,1396.895401041711
36590125,1780.9204979326762
78119113,1588.5806057085201
43245514,1629.0433515050302
88082339,1844.964098405594
62738760,1225.0800660627906
55254407,1863.217524686497
85112378,1934.2487118461438
40490983,1274.4279913897044
44048989,1505.3453369779802
15551565,1381.2779453750225
27681538,1383.9799442970063
98232104,1579.378651075251
14018289,1439.7964512371486
82522150,2105.15466865655
65483357,1498.073252051006
94158408,1298.9546859987684
50266167,2241.510429367705
28805175,1692.576654721574
93929668,1268.888109607998
15540290,1921.0724518325026
98661090,1383.350262544054
50074109,1541.817141925379
85017115,1824.7954198423222
99914220,1449.1123687361812
76334714,1473.6238225158256
38140938,1440.069184082777
93933852,1367.4005113007913
13190892,1685.2693848306767
67747085,3053.4213964001456
96389355,1471.2147962113834
42380180,1265.2661843888893
55522772,1208.2395380641317
18839853,1482.9045843622687
93030803,1390.2017638827638
19574384,1417.659702737475
17501488,1717.3469291769852
92757638,1316.2430594890911
47546392,1515.9938404349987
56569095,1524.6605220198933
34392418,2047.3139861087352
49367171,1760.1998714138845
37669142,1451.347931865413
33580264,1894.7039583709225
52617381,1657.9871975577382
13011861,1740.3934684724131
97498208,1798.435735485262
53388262,1482.3377861761028
63018369,1683.4001902191828
59266953,1943.0524517736908
33256210,1611.4908409894504
26585585,1442.5564851186782
43342989,2322.916262230655
81962175,1550.0613322979598
54752385,1377.0297887691424
12906623,1651.493287709935
12144505,1565.9820486393373
47329191,1859.7781902815966
35302686,1455.9689009145504
29541158,1306.5951533362222
80447228,1666.8102122975881
56399590,1995.1103937266107
44327442,1311.6035508728635
65756284,2094.8946890163975
13967851,2138.07071058913
33766889,1823.2531842545197
70886578,1485.3510988084217
85448456,1430.251083561634
24208719,1479.564757408149
72059158,1718.4874541138272
30666083,1475.2456430140867
45090209,2149.3387632009735
79520644,1605.8257151135479
41015799,1741.9597046899287
22610356,1479.3219576184226
46940244,1514.633192301527
21443863,1960.541515396962
63769088,2153.887156942198
32298027,2088.9292277002105
26046152,1592.6274238813942
60326272,1825.508959418262
24693880,1490.6066569408886
18317166,1565.6935190535542
64265688,1823.5777040540772
27910854,1660.043568407684
56810750,1892.2023714627182
97007881,1554.8148972192876
90317702,2228.4738392864438
81231529,1463.0284673016556
85899649,1692.8927706655165
92087175,1531.3726735525022
24070483,1686.9329407605064
87629146,1469.95772645714
11101794,1255.6597994692534
67889079,2389.8551177970776
25576186,1734.687871534206
67657245,1531.3453287847171
74992266,1666.7947974320193
83091668,2059.916071132685
41547362,1709.5008597672306
75141878,2023.9505393559002
11562295,1384.589962904207
23748006,1460.1070170329072
89825179,1413.6838481216528
46505766,2304.3159676602236
36098274,1673.376495562261
61326956,1468.3039016050436
69020339,1354.3869318931322
35844282,1644.0146648666428
86014291,1656.5925363668414
72500654,1605.5385128765865
11567986,1670.3825597099526
95910506,1430.6974723876037
73565600,1473.8730584578645
83729347,3308.8531937873204
39689433,1353.0934954699237
26513864,1803.2689627365016
20449852,1655.452521063224
10382065,1600.9516368971479
61096786,1379.754107590402
40823824,1592.223146441049
95687753,1721.7352491464717
88043962,2073.317000679058
43192291,1525.952740973377
18631499,1856.0071505748883
27194752,2392.0854907076955
48023684,1857.57976280637
76180232,1937.485225840751
99345059,1550.6274035866484
46554999,1755.8700543817968
57537267,1528.9351776728474
72087202,1365.441491034485
60008708,1690.8750254905701
13534295,1668.856542095207
90971189,1524.146925552668
55662480,1682.4421935083576
81189360,2007.4215252333208
49401774,1732.3590652310745
12131946,1668.8323056591773
78732926,1575.3258190979723
38392538,1830.972886869186
64273801,1734.3823585501482
62858255,2102.3927446220887
13288053,1867.4311954247353
80940080,1552.0696067225358
73197703,2271.1435646820073
88918806,1669.520917805849
45088467,1701.2392149820755
42105313,2371.2115770458313
51515302,1895.8159116124882
85071892,1460.716062286751
23401512,1780.6756306889815
70514922,1649.6342531150406
53367560,1676.8807050794521
30799466,1401.0077653364183
87442307,1554.1228587411902
84081332,1561.6508764312287
87505658,1568.8145393238678
10151086,1621.1109062290373
19254776,2096.74134721848
38019521,1366.205687996568
40151098,1361.0211092310615
75965212,1827.6481396021102
38667600,1602.0731473561116
55646285,1486.8502179893753
35548301,1601.2385776365477
18737005,1854.809423559034
76771390,1614.9362027250772
23778594,2038.2203750602362
63739797,1293.8982951330022
40559434,1887.2415184092079
15970404,1565.2040547459762
41963393,1205.5772497881449
36850376,1622.955306212626
30703622,1573.4908239698918
53681130,1477.243891058228
52524172,2330.7149813302685
78986568,1606.6533792964353
60868659,1390.935083471241
55970571,1514.2423518803744
69603000,1444.670997251808
24475423,1633.4742459490365
30105284,1423.9298138855556
42638975,2278.706017493302
54205765,1789.9825651173314
77026950,2198.5198341345986
55738198,2493.1655804535076
49309757,2366.785021414167
52256145,1412.2024417363034
14972722,1616.4855101669277
47613103,1422.1068370568337
31244414,1978.1371984092896
67669646,1704.0185930599166
85221335,1594.588010896335
29598209,1694.176961663699
64960038,1674.016257848033
36072721,1644.661667429477
48855526,1540.0826948917615
40290168,1903.3312562815518
84094689,1484.5155495489407
64780070,1410.2146685503105
62238032,1503.1184721018246
44102009,1917.0207962221143
13443938,1632.622165966684
27288438,1426.9389359764384
26505769,2093.531412370453
62425735,1951.6335911698402
41742405,1619.2659530580358
35508108,1845.4923198210654
67267851,1712.4330366410065
65786198,1922.286143937961
69652252,1469.9991921667734
78338794,1684.0834986922825
98205508,1757.1745586909824
90079134,2136.585096642089
89240929,1639.2873178281934
59365630,1630.4474367615237
16423455,1559.5638838324383
30410578,1539.7279384492938
41943183,1757.7742839224861
17181615,1354.850028846897
31537031,1683.5186288699695
55634963,1369.1526190856885
14790401,1592.5332375122114
49470022,1828.03198922
68137744,1761.9273528075519
10800640,1845.4428272759558
82878129,1405.909037894322
98099360,1456.0129485748068
36414556,2238.660830883047
74858657,1637.947891070948
41406039,1573.6832889658936
67297495,1548.2837882377057
98019387,1657.8863578253004
17133275,1447.88875032724
44434588,1580.2382359268981
23385843,1993.387990012359
51805988,2052.349635160377
65443150,1638.5270013466647
77624321,1569.9112836307283
80056192,1388.146952836317
92008819,1417.4155263237055
78973038,1350.5296430697474
36356168,1457.61910937281
23051465,1725.213237811699
18225590,1620.307077768339
30705007,1653.3082938156222
51916309,1623.6477105955667
49014177,2141.99308146615
46939883,2203.388639741037
27552020,1632.3471827913722
76064439,1480.7238752560465
42732794,1537.0820928626626
78185687,1482.891864179819
37150067,1804.648055679917
60216204,1821.6629803584024
67861895,1733.1996659542262
82668831,1648.4919843387581
26865256,1448.6029790570774
20296005,1551.4220992070238
91164112,1513.4689620550203
48751412,1327.9218838618403
92672083,2086.4286455086617
66451503,1900.1028755693183
79223008,1413.2778741575848
86295795,1417.3904777954986
12188395,1425.731389398393
33148873,1467.5477429589537
18236078,1632.3518165289333
53763750,1682.5519298149031
90278346,1356.1706353533218
23921552,1331.8797537966827
60806947,1866.5015068582
87988487,1728.0379228263746
33594333,1519.8396636937982
51767697,1654.8965246043622
76176593,2179.4529409299976
20106678,2053.5756248245902
89323122,1811.2676196931893
15084276,1498.2421955226928
46737280,1735.8071158514977
27725859,1334.2176315749039
47502584,2007.275655941183
89375361,2642.0313622706717
54279167,1400.0741537557335
62834953,1480.7562695171468
51358955,1773.4952533675091
43105700,1380.3547561858768
71610282,1559.2821148741039
79952909,1772.861738030425
86913278,1433.3113565247695
72344233,1343.076785199349
41143291,1454.77335357801
47312733,1534.8085583701336
73376655,1791.3483648146903
44219943,1504.3737058387198
18665144,1952.0353145824579
38016360,2025.3958369630254
50277432,1879.6332549282763
14668690,1564.3298113209414
44041678,1568.1700519425897
68597599,1437.216590613161
55600173,1676.0946333712884
78109218,1851.8841734242988
43432402,1492.1984579327648
57793276,1987.3868992044365
82143513,1446.2893583960822
13373907,1924.0880946968987
78336625,1798.2014273612206
51821030,1545.8768507137866
57620512,1579.0106068228386
94840760,1373.6586304477567
71866671,1392.361468960219
12967437,2561.143001949941
94620585,1423.435190150955
45148967,1919.0769501644231
28096166,1900.476730863796
76948857,1723.4425479449915
44584760,1916.4511412487802
36577484,1715.2786558810008
63103602,2220.7767054835713
15647671,1537.6989735682
86020607,1407.8281536724323
80235014,1700.5492510235795
40496834,1258.324628821819
98549441,1565.6491329184057
71915619,1661.8766209189507
27813348,1730.2639229643742
48090735,1620.355440970561
91818207,1918.9315317130183
12597429,1633.710221066258
99318296,1937.4647496829525
38085169,1572.0246466952851
38823071,1809.8613006408202
61630311,1562.0182546366632
78195551,1361.351538620339
88131419,1879.8692952818506
18300026,1594.1847465806777
99585455,1713.7316446892287
51530595,2058.141711567133
94166971,1349.980219931352
13633057,2533.446056579053
68298368,1452.0962623661749
69215865,1684.2953287776209
30064972,1545.3077780055896
96997224,1407.516831711157
45138943,1453.2085707751269
21749235,1636.484745879586
62856234,2683.930556779079
23982292,1777.6059312749608
17686144,1653.8674600217164
57256437,1515.1258003875741
85469927,1577.7022139910218
14451732,2165.938478787779
85268432,1353.7545248668605
64602955,1184.9866743203702
74101500,1405.1155786008671
80083521,1282.1908575974253
11433359,1556.5116776255518
99198713,1446.0856998949628
12281135,1586.9154988448936
60094475,1784.7355656601621
18817746,1505.2489077227935
80803307,1721.3155841933524
50415370,1771.514454585976
65098425,1589.3284457962457
52785060,1953.403049092752
76797423,1577.262357202811
57752962,2269.487552363781
30340212,1548.939836118597
17309152,1522.9643106357344
29046975,1648.6013102827064
58339630,1664.6967553447873
38269849,1324.3496495324462
65498444,1613.3636530476856
56278811,1344.424594732724
65904109,1385.7567710736698
34436387,1655.4586960775216
83162633,1521.3220414681143
41922575,1595.7928540937078
67606284,1603.2170445669708
74148614,1462.7395186178358
31898202,1540.2432429637797
12816787,1472.0602411809787
73390625,2482.308003451504
44602780,1347.0718417983135
59497966,1713.3014942506022
33304284,1654.045605577801
70931726,1594.8052729494411
44381487,1478.7242123654244
55483533,1950.6249425335452
41096987,1702.617806538304
60844342,1892.2306539037797
46382270,1460.166156165295
41975761,1533.0503029334568
20086347,1365.5761947892386
82572177,1614.3781768322774
27871083,1693.3952269530548
47060550,1383.9219779009143
44062914,2183.78176820746
29352791,1953.1917543727325
42368060,1466.4293366681334
83186065,1472.4145734113154
86750602,1478.1306933042135
18043718,1597.6847495371842
85319365,1575.1045442326326
93521329,1920.4932579576414
68774400,1530.0006324114677
27686846,1619.840628922638
73144512,1860.968850106858
47707941,1522.7949541114756
91947483,1544.2206638104026
54467473,1465.914348113898
25827075,1628.9566726587225
99472188,1645.4451053208188
29814538,1934.0233880661192
98588385,1315.795500215771
15032563,2322.801511679766
73738020,1640.6432974475115
11480212,1621.9163200722603
75221745,1512.6110886415865
19968090,1555.1531434138396
70404205,1869.1024526562348
68659791,1458.0961259445583
33092757,1630.5261422652738
78193594,1778.986430896296
98198145,1687.3920296336548
99767011,1556.5566705232982
56688046,1727.4138535081813
66475382,1383.6988365223788
75692782,1826.4866232966576
26808729,1367.7153364022697
32171695,1398.053291281035
88456703,2108.6710291398826
20999557,1541.268649257054
28934979,1719.2421350794064
37107836,1353.1171617045684
50278467,1552.4012516126268
61940174,1682.6553099057305
17559774,1932.3598843512864
21430086,1628.8804122574934
10776426,1292.0679120902323
98097088,1945.642840508277
43113087,1377.245305448532
12862019,2025.0026817097878
44592366,1174.5811598082514
96886172,2027.7707294441445
96480201,1426.5114038220088
85983502,1784.3644252352415
23038927,1425.8800833386465
53573032,1392.500545515195
34553934,1866.4688795052764
51249487,1679.0395348987172
85349173,1487.4831905147232
40895869,1700.99309448826
99256510,1894.2057979892627
76469230,2082.053089137581
18165718,1970.7127826837543
96264289,1305.471123071289
20452221,1876.339420665178
15739031,1415.2336757969063
75157790,1816.5438718735434
28901434,2105.8792597529937
98941473,1700.500460516252
84489512,1650.831219488615
11168890,1587.610852174644
45041073,2325.3760151507086
85582491,1456.913677273098
14863106,1802.6505956355986
53607444,1245.5283963307302
39640829,1462.8305327989779
83896205,1753.829800544639
66887097,1465.0035611969688
54562627,1643.1670740324048
60923346,1963.7126457515662
85626709,1425.5666298538224
11687354,1268.6886433960062
99055900,1624.1582580204797
94176139,1763.2237150860196
65142810,1630.8149929737367
21025866,1645.3493529436353
86231352,1774.1416475411268
94223565,1456.654114530724
53094412,1415.764449949887
16579300,1466.7091732817466
68788821,1929.716751895402
22347006,1486.1411561488087
89447420,2102.0474880730326
92132840,1655.9040598856238
61120099,1778.2341203585072
66390529,1952.7721323785302
36752526,1734.2906145494887
28673093,1685.114721114136
60187719,1374.0473401259762
47937195,1722.5215056674913
18528428,1967.4075006819996
72855294,1895.045904088467
77314174,1761.6339857536398
74208091,1312.9751886711163
25265856,1505.017421467057
43541187,1945.1866103176346
22027673,3160.0737426732467
39533389,1687.2996739676698
28548263,1623.2090366105817
78891989,1577.728627635812
68562696,1719.331002756134
45297826,1803.4900737472883
14532340,1532.7941581517205
42487332,1715.8011785157628
79497837,1579.9163265623802
48787566,1655.4198160748451
43024895,1988.5844134014212
54043001,2236.25293002114
18517095,1896.2083423732295
42190640,1565.7696780141907
81702926,2139.3686356962
20584669,1555.590723022746
48104361,1275.429227335438
95781341,1776.524549448037
42595500,1694.32824739919
34081689,1851.0755821113214
18465181,1294.1563468608554
87028165,1617.3554360542328
25157413,1752.0064591492783
33500861,1624.9601500615165
22501784,1602.8029419650877
90954690,1319.6075218214137
12079890,1381.5145916890483
24560931,1456.2691614597377
57180097,1744.4795213065263
53805689,1647.223248419632
54653374,2132.1812299912685
79714919,1773.7406126431704
52629831,1250.3524371905257
30315883,1503.8979437118176
55900800,1622.7424646398017
62528560,2261.836773681236
17439043,1541.395039655507
64302335,1627.453267398071
53498595,1606.2798327150508
92248005,2346.7591567353547
65132848,1690.3445016478133
54712644,1237.1676175521875
26501578,1725.2623085770865
57973578,1837.0600465317884
64849387,1886.6375798551485
38331875,1398.968536011623
84564845,1560.5745720461134
34335614,1617.2037690187872
18851658,1666.6966407677255
10997678,1421.5233663055612
40768250,1534.46550028774
47646719,1447.4389360157886
92937467,1594.732250422681
61661397,1537.7341579697918
48317061,1574.8137999485516
97216589,1510.7307805179303
39977323,1584.3520310447684
46445975,1290.9060480423382
94283551,1550.9809620309622
49677766,1517.2047685454352
85991335,1712.6277437981457
23059563,1588.2892641714038
98641777,1438.1711720710364
62115510,1472.3826009103714
63322573,1394.1430417476392
88463974,1885.896677023504
29063398,1881.3563953710525
94756964,1740.9058168094011
84286445,1375.9384465631201
86644899,1402.705363176962
58366829,2270.3824595650995
87935193,1771.3336812262812
65710078,1504.5633055134042
55211028,1362.2082312116943
20090342,1831.1407448921511
17885846,1900.7320410071336
87917108,1577.007373278989
35243872,2272.8317559488532
78681572,1733.1172648864092
36496663,1931.0418470495588
88567292,1758.988400201193
90883683,1600.3312069830754
77163639,1399.0894575495831
70680981,1466.1021185656023
72230973,1758.4081983823442
13786940,1481.6491768725296
56650323,1922.5755869530706
67337097,1933.4589266627524
65297160,1276.6129506301831
23393351,1677.5298283476654
43711949,1963.4385676995632
45998905,1319.682828538691
94413146,1571.1297482267685
30684529,1546.680320054647
28147355,1737.3556467980331
14737001,1695.7394052263837
55758535,1687.1363501559101
95914131,1510.8585412752627
95400320,1732.5428992049563
29157079,1606.4567956250512
34838551,2150.7182356567964
79573538,1891.8692354845264
53853858,1542.3651004143458
46958037,1366.820164606062
40355076,1958.840364298926
79162800,1402.4613095165712
61449541,1345.325119723675
68870249,1430.391943585273
13256146,2039.8246024402365
23687793,1852.2918714443636
49330994,1566.298617814215
47955268,1745.5368556843803
24572229,1663.969024297831
85493065,1679.4544089704468
95994562,1785.5117310849444
86822089,1445.6376937354282
38878729,1419.3937006753295
83459912,2619.663507625597
40295244,1892.0421924511322
95702507,1346.7180174988512
97865744,1775.1194745232879
81724417,1334.8961787618168
22296895,1446.4886342523373
25100739,1715.0891465292555
11994578,1443.1931544733457
43823713,2316.4010419029837
57595389,2357.689387234015
37162594,1677.015464571331
51432674,1939.1707794692925
96977947,1290.6937297983716
69353041,1620.6705725507195
97471377,1517.9937040120683
78888703,1465.6021165010452
58472902,2599.220436004034
77647159,2040.0135921366648
63649430,1394.69278268416
11295973,1921.531479990043
11886952,1887.374965477558
31115337,1965.5208121868227
53945582,1478.7242985033902
73391100,1399.3186065660427
16170017,1488.253494900566
96391937,2253.5844814767934
49663888,1438.4701166287985
37966282,2046.4750806689158
91789209,1544.1278456706955
47228126,1599.2508737909357
26588476,1533.0767521854054
87591569,1308.7393121026284
15315145,1808.8429252187045
70198893,2052.9003964052017
61666968,1540.9094601619709
22175686,1369.7666679705485
63396595,2088.5714820139106
18727617,1518.213759220948
19777468,1721.2226745763412
30527873,1655.19840121363
95114158,1497.6507625697484
41739701,1569.6157073890029
11369670,1844.446946119938
74973026,1457.459533995368
73622781,1394.8921870894342
52281834,1472.3179768586892
16897176,1707.1750572458018
63339672,1701.5189744933798
94319057,1532.24311763175
89357552,1699.1529131158293
24886317,1884.0367845991775
59666869,1275.1554122063233
72430983,1340.7319360783088
85345596,1633.3834152215413
24218852,1501.698771798696
82044920,1794.0712385685192
28204462,2078.1900768474766
25544623,1645.544112872112
98645538,1368.342026721833
35786181,1654.6621624133768
56759514,1914.027456159418
94979414,1485.4247851240025
52508190,1948.5042736886821
49317061,1750.956173629655
76293520,1712.7606741595152
67067662,1453.9408339093322
11847526,1618.0415664908653
14139283,1632.0331828013761
35602964,1317.5371464772497
61092334,2042.8842058362661
69270579,1450.5347565231452
47517321,1486.3032021988865
10542988,1850.2191690435268
66912082,2685.874547864689
42445139,1787.0202968220703
73053729,1571.6125791038266
96699423,1550.147882842623
18843679,1467.6068301892237
86433075,1624.7537656434895
26883104,1593.4934194280256
19601132,1969.3576228530803
37017650,1625.3407620129144
83138933,1560.0211653178221
73247661,1596.8339805559417
59307450,1842.2062676738803
31131827,1649.3388026099385
69966233,1603.8172379785126
40243877,2065.944548095646
41951589,1576.518732442975
36031262,1604.1405749084252
42623413,1716.9141550969732
67891203,1500.8500070137272
51970188,1414.6705396623106
24213498,1655.7011195657674
96242069,1620.9958846822972
41943430,1739.3026440646302
89189267,1442.854265314296
19898345,1846.9753463117593
60572858,1342.0392788652916
34988552,2042.205662738167
91110384,1613.7995279941329
75957507,1425.705644784109
64422949,1508.1833855778973
93823627,1434.1061910344265
93745711,2116.306248192078
17782008,1562.7704962445869
40016743,1632.8228230461325
78676337,2189.3503059993054
96591242,1711.4306808222343
83545822,1580.8606564353338
89501773,1394.1073928332212
19293886,1599.0715134676677
58534753,1524.7900033831886
56198063,1397.425134870073
60777659,1499.961062261215
65431978,1565.7374391725798
94604898,1966.7451333912047
76197738,1875.2293265351605
81980523,1489.571310342503
41676275,1458.292365452814
36497965,1832.719993607476
23177824,1736.7556512343267
85192608,1423.6479795238163
30289672,1644.7606559137323
98138275,1732.7464938697221
57817320,1544.4355806313185
42234307,1529.0988627593686
35893634,1632.4534019158039
18195993,1969.0877750542713
98403244,1870.296195315126
63004294,1432.8383453363745
54567579,1640.5164357345898
91568379,1816.7387149200772
82476880,1628.4620368103324
55652262,1280.2721928293095
20373341,1604.062846351854
58632297,1291.3010915402174
24786934,1808.0964296650063
43722745,2159.971338198432
87508719,1356.720849902851
80752603,1479.6691712673107
16698668,1758.357764044578
78798734,1400.7756159573587
18461999,1853.6476987654562
81299277,1580.434013428111
91417891,1567.354485718144
25190830,1596.2931924835743
73164327,1501.6587429960116
92759943,2131.313543743533
18785269,1434.431567992178
67717385,1918.6618937976784
68136920,2424.4667221632944
77810360,1752.1402006299159
62012820,1539.8039071145556
55983128,1375.8212441618175
28119370,1511.2425378745675
34978717,1458.6038546536001
52374215,1359.7969619229705
66651771,1498.8807619690565
49306420,2144.509415617167
57524470,1681.7413493891265
50884173,1660.475327243425
41477733,1584.9487037564616
14875840,1576.6964786787587
11186021,1545.7904043004137
36355598,1589.0471096390884
54557949,1626.6576445831472
69426516,1378.1840559696648
92092667,1450.3999723354289
52668902,1663.8455736096137
63561915,1481.5857250123906
11154750,1760.5688671768291
48765039,1726.6395145261326
91136342,1797.13678179706
41265217,1859.3232869490976
25331950,2386.7656702124787
59339185,1787.1626968952958
59925803,1529.617258858296
15169957,1506.955973907611
14437249,1850.5857294360912
98971521,2058.6221360897466
26418410,1904.0419989950083
85892267,1499.8785670834145
29358885,1292.287387749731
90069301,1949.860653964047
11408026,2293.677420141592
77952900,1922.429875039069
83752708,2308.9769318116187
15243872,1941.7854386168724
20649757,1780.222375383247
94157069,1358.4627384255696
80138291,1844.1202187437502
79658232,2055.990241209679
20876663,1490.8185367601316
66248879,1266.2636561045733
98196787,1925.6743756563299
11070217,1812.7941733706402
54123194,1538.9428577978583
86862821,2468.960443214057
40252559,1865.4379261509657
60519623,1613.0046666022163
11098932,1460.061380264274
77544004,1937.591148823319
43855714,1408.052176738655
57112829,1559.7043834901751
69104738,1424.2984211704204
51426009,1415.5681946273342
96759585,2046.3919208191417
61695552,1382.443638846608
29335973,1624.2688729565664
86711404,1417.5636833461253
96132003,1460.7638072340908
71930157,1660.8229054966537
24207989,1516.7165230400472
81239737,1530.483799632409
19246532,1458.2795743596675
12541440,1430.1948655694011
10876544,1574.744812007542
11012723,1830.8382477432467
38854043,1426.9117359416293
78679072,1724.4981680088028
39567200,1835.9224586326611
59107952,1613.3272386989952
79981461,1899.467409371302
16385065,1200.5596078421513
42418677,2062.947301247681
26750207,1943.4098694575428
92430939,1819.6544681570908
22967094,1765.519487265703
40195159,1719.0290916912704
72466218,1367.3672357389546
34482136,1351.9460989204952
13940540,1660.1606278366526
22725269,1517.092245439803
78995555,1512.931847816656
73638726,2179.0748955096706
64722395,1190.2407393066387
89563722,1770.5571003319947
32568591,2351.234155567061
45801232,1743.2860467524058
20301291,1601.920100452589
40244043,1464.7408342261217
64129406,1649.4032920607679
72297320,2252.897854449902
13456518,1857.3260359120711
27325248,1841.8055935646235
33468754,1682.2205179610023
60910395,1814.6125377442056
32681832,1802.3851382812188
21428869,1324.4719561525922
86653666,2153.3809241767067
32786522,2182.5855154506853
64027869,1803.8690250908264
34126567,1805.8324082429415
42278394,1537.1843936102207
95376056,2251.229820290254
99562015,1240.1365271193795
15133980,1464.8958809217668
54026308,1380.08773855838
76441994,1352.1930902004267
94110128,1557.8387878204917
20201258,1427.7848817140525
84604326,1564.3439696453947
27309117,2013.0335881371827
85307886,1435.365555837299
68918906,1748.3946352304943
16328223,2259.2648492683747
18599779,1658.5008527181392
54032168,1223.0103772815648
56206271,1625.8237580865657
20991939,1586.928239444002
78007881,1860.3847716240593
43136632,1609.16322209168
26961880,1764.8975454953932
59246484,2764.4922717754534
97485255,1697.1394585793498
21548886,1598.4193565717298
41405520,1836.824928202214
17265204,1826.2893527388992
57594370,1406.8682520282207
86204456,1501.4494170226574
47896500,1527.309955380794
49072175,1606.2046388023198
57819104,1792.5252465881524
38029807,1829.7009964134538
72219430,1376.2805951709347
51835434,1803.3118194385881
40820294,1237.6653959127298
39676991,1917.092836165244
47329975,1646.8751512904103
40515929,1345.9829741024944
49496398,1656.6120743387808
79829278,3181.891204243756
25676253,1559.259274121992
83511561,1617.6277988400916
97282391,1421.243153055064
48159381,1712.4021371387137
26133617,1533.8326971775941
14830790,1796.4027660121894
38458641,1793.6408412862836
92902816,1652.5968989026403
67366474,2092.84431755664
12931119,1267.6998325556497
29119450,1320.2285435478354
69182586,1654.3430328299087
95601790,2399.071659805869
37235321,1620.5179466866934
18453791,1956.1267319092965
73959998,1822.6725122519558
85145437,1844.850506873378
20490331,1609.2295908998046
40505076,1620.2419131044317
39895736,1873.6531527368466
36927127,1513.7061731334536
68104733,1541.7993324682811
65498526,1519.7991515486804
29077796,1227.2978215829526
12700500,2182.1904450692164
23234787,1287.468908674033
32248328,2083.959836442493
47710917,1269.238807289928
53904169,1627.0732455766438
41795394,1788.684417582812
81931808,1771.4964091701927
89546300,1478.2210852419025
81512800,1665.128359430228
74490322,1445.7313312472193
77716971,2168.3089015960486
76509280,1635.6086984442672
86774198,1569.3007280793356
63795592,2260.869956480924
15728342,2028.749832846725
97525554,1476.977417905857
81201227,1662.6509817080662
98995752,1651.3546427039803
88336972,1819.4920218021787
56577963,1941.0118538545885
73375002,1520.7919228700835
92846400,1667.6421204572334
63160455,2335.9040110304786
31277941,1769.7883410998322
44244750,1477.4616956692093
46198195,1453.2447234351562
92939641,1513.8322402491974
97399227,1402.660874632767
32829265,1536.2239310062023
73813213,2021.670755539662
71142772,1997.8030610371652
26186456,1508.2074026698024
86118507,1861.6272746139045
91253288,1801.3444092083203
16739260,1545.404529035657
97712970,1497.4003308835383
33709101,2009.907467105616
97473173,1891.737218895455
84445365,1490.3869792799933
33683407,2128.5493524635694
55156833,2708.9753995474966
39198647,1941.766779353197
84859914,1800.6902545804437
42321053,1400.7350926492231
26496602,1647.508823747394
87373088,1579.4133353477873
18576200,1409.413682997424
30304669,1735.3874136076977
97043852,1554.360837545313
65885111,1999.847201907435
67235670,1885.2661041406996
70791484,1357.1221305778968
80687580,1876.0603022600199
15865255,1966.515428985806
50517128,1835.3777602515315
72791395,1536.8107597482506
43267986,2420.4869327466504
93567577,1292.7992561943765
15107743,1278.9512454610808
50225644,1632.0129792556406
50174181,1708.0743684589029
41401409,1643.5069632752522
80395755,1396.9863930910085
58616743,1823.6781990155368
62863764,1500.0099782714392
54033467,1875.671693851969
36905471,1661.2152935305528
68728934,1625.0560954627308
11399296,1612.3553703455257
42319589,1421.0883176302737
71193471,1434.2642289317466
67728154,2042.0938160009487
99252537,1597.3545359163177
69554397,1510.2990036268225
57406844,1602.4072162310001
17460622,1522.6237153061793
29136908,1717.5940984561691
88836387,1308.0005921843913
56749521,1666.6954461779017
42038296,1402.7182153798294
27575312,1716.720511970039
27787635,1599.8120418661335
22639453,1753.4531562790319
95074248,1747.6573577475979
62398547,1368.2621063925242
48210895,2073.110968337125
87163679,1654.476812909567
84638479,1730.0105893498312
74277222,1605.2123186720198
47124707,2055.416636777215
29597912,1585.0987023608475
73217471,1981.8920799675586
54203733,1372.1775160752911
86493934,1509.4204341105226
50925419,2342.864809184657
36161210,1538.122396085964
18638157,1761.7780221268285
95763224,1859.869982222115
92017449,1797.9445324836574
30955049,1752.3789501272104
88464978,1485.6548351925396
81709003,1572.6224235332581
94640782,1459.0768909047626
28684873,1708.9223301762418
82032258,1780.0432592376735
81929396,1510.372080423696
69137949,1701.6168234599243
58556748,1359.3035015975888
83494716,1859.0780366930776
51219421,2103.6903028541765
20118968,1447.266272458587
56424305,1278.6408108758264
91040440,1953.4692987911217
82249910,1792.8554959376538
65005094,2183.018053582379
14333847,1659.9552047706834
79940622,1774.7380455961006
36407377,1606.6134352192469
16485177,1950.2803305371995
19967320,1644.654431803651
86757224,1555.3197249036737
47859734,1428.0120121826524
15329881,2321.3786134220745
38097629,1897.2882894891586
63914375,1572.4798240803316
68107359,1586.3923436819464
30898448,1759.77810585192
62098958,1334.8958325633741
82555231,1596.6730507714187
74537472,1455.9136262113661
53883476,1578.8790007081582
87349008,1505.2396807912469
60387770,1877.3378975816013
76029782,2036.7405744611656
17330605,1676.2537761985466
73592240,1345.354177289948
46762043,2126.870879197245
35726404,1687.6531406183726
19188826,1598.54964553554
69934099,1562.3069077766993
98236292,1373.395848639692
66601351,3266.098693211383
24082367,1511.76722891474
86399833,1657.0830473887975
29406161,1869.0015780115957
77568118,1548.8166123199217
68454220,1332.097022805103
20326815,1757.791772371978
96392075,1624.0194564113508
43846930,1319.8922442692935
64059970,1729.5975383597242
59660323,1248.1595521493969
30664289,1715.6004246289035
80504110,1619.4070113343814
69214158,1202.4380679821134
37153701,1546.719384580853
94463524,1529.4255144502224
27069908,1702.9450625097065
19881454,1658.786187319241
62073736,1497.0455190145783
81301863,1335.7415699895512
84692821,2830.485494736078
18061173,1444.9522574923665
20396165,1161.8957007252718
90290263,1342.3237385677423
53205197,1831.9676450183763
71639333,2935.6104725809173
26581527,1673.842941493613
88753189,1425.967474779522
12152481,1390.2887336120548
66369748,1769.9432156957141
31086360,1650.3870904848152
68141078,1786.5711717714453
87072389,1624.0484181021864
97229380,1749.1512790851639
14239930,1788.1059248392025
47067735,1724.3244009837458
23013670,1550.9123835828434
91166617,1681.8850102724914
46464430,2415.4619083732196
48307993,1687.5315635860652
65322743,1574.7428691505781
50086685,1449.751385104998
65335801,1506.6957913665447
83887090,1294.5266466236774
79333390,2272.80544140233
84490520,1613.787841813907
90753494,2097.540842502447
17091898,1922.3102472367955
94064213,1434.1004605686794
76172003,1678.1946915544065
36639874,2236.190129771588
93190659,2131.565535077657
77671761,1469.4718727613863
64459243,1469.383214692749
92415904,1357.6870161928805
22451687,1918.5887582987173
99098676,1396.9838375255138
96250656,1437.9623927506418
43637666,1683.3597528214616
87755511,1608.8312360163247
39642098,1483.971254011331
29533984,1427.4691675394458
57860445,1338.0755582482657
33335103,1546.6266605890241
40928352,1729.8278360383238
66938624,1882.7565776065915
97908221,1880.866728434274
32317269,1542.5123401561425
56374872,1522.474620385881
56164704,1972.0451839999446
16557670,1898.7065987922015
57350487,2151.966007472024
73640189,1660.5899694647276
28886856,1200.3994783226692
66838952,1348.9287244243178
73125445,2441.0107709486183
89817544,1522.661658877638
69175507,1410.699680438437
93099722,1636.5629480741345
42498618,1326.5707848820412
58133975,1277.5935151205447
50823382,1543.1749261571217
82720881,2463.0860079151926
47566077,1696.5640169684418
77236358,1986.3534870916303
24977235,1769.6839932839873
82212369,1611.9753678010782
61416619,1842.2028269932894
14011629,1352.947796580834
47820649,1798.0554142666306
87027470,1346.5908577930923
84406467,1340.97705826809
18483336,1576.9915636474352
11745857,1462.0637555130272
72009137,1708.7453882930088
21373342,1875.5999994660965
50764118,1754.2383187488547
17876513,2121.8670735261717
21573530,2091.240391324803
62535056,1847.5350419052486
52924658,1951.095589965892
59116751,1755.387735088852
96464552,1569.002349830898
41877592,1413.8937461733913
27556664,1341.2450956985315
82049392,1469.1913366371941
21890177,2284.3709916030675
84019657,1782.144331245277
70836939,1559.5638838324383
73269246,1609.8437125820394
65430516,1961.9275740009732
15552867,1694.0252820860105
16632045,1899.6695825737168
58510236,1648.2100658044924
94607287,1599.8690174931107
16582909,1418.6212359196936
91254889,1844.0975712486404
52951693,1434.3958195251944
42015762,1878.2010454664878
39537878,1673.8109818459056
75334066,1949.6909820036576
15509168,1904.6090713366832
21848464,1630.461515881128
15512926,2291.0175760060747
19852776,1422.05697460387
98991290,1411.1433039217623
67867067,1508.9297024051004
75069265,2096.252349578476
33163007,1469.6739051164109
72461037,1615.5150236830596
79368575,2031.720870159204
19283832,1804.4378119934065
74686369,1240.268868692379
42431987,1450.2424761335324
49107046,1421.302414754408
21631633,1634.8532535784798
57757752,1365.4012784203508
64260092,1904.59478079705
23733208,1999.276991635429
81359267,1810.6237772893867
78964700,1395.2636087092555
33821569,1810.6247117500184
52189182,1711.2584430609627
67362415,1635.7467020301433
32252347,1336.4719091372128
42461075,1378.0547941917716
42564953,1762.8394305518852
53441096,1517.1138887724842
28942045,1350.6626003642555
92173510,1682.720723707045
37939234,1567.2080719555875
83072941,2361.5848391703075
72001493,2042.866573975679
88722560,1635.4307651961883
24458695,2030.4781358481262
34236973,1863.731295711568
63527431,2078.4025527340195
35020078,1623.6003775217719
96240931,2159.016509522481
96449025,1484.2527488962583
73324268,1297.7370055866618
20943504,1221.8335559536472
65163807,1529.8249943200121
65735235,2020.5256169834142
34006121,1923.6805428885737
11206259,2305.3703010175695
21142225,1480.180014184964
43933688,1691.012022363121
20195114,1591.1486869730313
18089453,2050.5645204282578
87927482,2653.4052230211073
72119177,1830.1478339983043
68722653,1496.1577826508544
99012228,1435.4327579950464
95191404,1700.8752707854242
68494900,1473.8846702178525
11789848,1604.0390031599122
51367435,1390.749450340429
83199690,1777.100359487746
44222449,1790.640685516641
97059152,1659.9874333809848
21321783,1641.4882499382902
89238156,1613.7573347903058
75658495,1721.7694419116865
80514422,1537.2122560534049
80098101,1759.863695847393
57507250,1481.4958176901114
82869937,1593.7754212671853
64737683,1906.918215465973
64663030,1444.1175371317165
22362250,1488.9883772958501
51054867,1209.664498491683
60302181,1716.3537303495948
89897892,1490.0541095067993
99745406,1811.3563539502109
52137793,1547.3581793205155
94617943,1837.2570728291464
92402481,1955.9524215270283
29177060,1400.3196534475003
96789879,1579.663632233116
16733828,1373.1307038943398
69997197,1599.9103846732985
80009529,1771.3731050992053
70971147,1774.9144688670376
89268742,1634.4434677354036
81559172,1873.3348361771386
19799436,1762.2898974048462
96316683,1765.182586676951
16202604,2503.7656943292413
99234264,1619.3929549791853
89790861,1492.20724248603
80624261,1420.9168048748527
98327008,1398.653243047735
43114030,1684.310654174245
38992659,1211.9230882606917
26185292,1693.853057640141
84958392,2061.7621797785855
63532044,1489.282407428978
72780852,1557.1260196598985
63755363,1742.240389291274
63435369,1692.1584778427975
49085103,1498.770150091291
39826465,1597.9227103897751
89335030,1606.7478712145285
92393797,1373.397563546235
36385689,1765.8728927303198
14218024,1921.790476591562
43067447,2162.780025625837
11821155,1856.7205976333805
96671043,1548.3816333623229
64977532,1443.5487774180335
51923648,1865.3608184734255
52082499,1830.5675880613067
58693008,1351.1730453827383
77432555,1824.2068340597657
11692478,2681.873833997166
88536020,1451.2651762791047
13996971,1499.075415298456
92291100,1626.2420453658074
77799089,1855.8501918422342
46970679,1373.6417344037532
96819382,1574.5714319564652
25751312,2250.239838347751
89990705,1700.713315940703
52038068,1515.7560155343758
32344173,2903.6616982490905
33993191,1761.400709992981
52279123,1845.2519693358468
18496274,1426.1489783236004
89490563,1846.5910183526046
17329696,1814.7931582048827
16967446,1914.7338512076522
80888202,1868.5056606218182
14661504,1587.759589343906
19604443,1866.793156669491
37821572,1815.6753773687553
88831769,1527.9533106341773
32405077,1392.8857204972314
52763362,1593.2469743528413
75573252,1619.1500941118336
54781465,1559.123057605117
22599480,1992.8160738240902
93311234,1540.3982075973424
69925053,1328.9332194988676
12598333,1484.9138601192867
94909106,1869.883583168859
86019408,1960.2212880822933
96477826,1385.3989427244505
47575439,1491.798524896858
44219472,1399.9517615819893
14808414,1849.9107720230168
51535602,1505.0433578305817
85960705,1783.967016260696
52391461,1263.3520284108731
81172596,1483.3188301924558
11351493,1405.3724512322108
72733290,1399.0776604341122
74877854,1906.6743290309582
27680792,1802.4428299403019
44946524,1535.0661740179796
23475779,1746.907581341365
48465422,1492.5073399788303
52076835,1455.037977059022
44646564,1644.3044287514956
87277346,1593.4765997423106
47973044,1452.5240568912325
75500097,2348.702212427611
36145678,1864.0877779588013
85625020,1391.5825372639126
97404967,1480.149049033407
11411712,1790.3253022942015
80164594,1583.5339582414038
30555374,1541.1226159069483
93243676,1941.060252725273
12801610,1198.595519125135
58651288,1645.166742455438
52409464,1943.916819628288
26481577,1769.082395343753
99557550,1641.5896590718264
92346786,1710.4122945760307
33277389,1305.9796195966978
78792921,1510.9098761726002
89378277,1776.4371060690953
82856305,1501.6418328782463
30767488,1334.3593688529645
36397903,1623.2292179256078
64870928,1478.4631980121608
11575457,2422.4284147323533
39041845,1441.271931372109
92898654,1814.9761901533543
16929732,1686.8156798720297
33334714,1712.716112576067
12221534,1441.4976028683236
73945645,1498.7932311964487
68971550,1749.1825376619247
75565371,2122.9930626513196
59677619,1403.4170693156034
93539814,1816.2925194218915
24106217,1515.2767666661912
55020351,1740.5814829338915
15672017,1238.4774622393475
10841847,1694.6539837336088
86946687,1707.2819370146067
99799054,1680.52562513074
81128474,1232.3376218367885
80366080,1381.1675414442138
10218336,1775.966470620203
72351128,1727.1283565772517
56132260,1773.040637975631
99301338,2180.8946158865006
84453738,1345.098810852984
58188871,2072.1249206875364
81971342,2547.8748851640767
94124547,1318.0288014210691
32266038,1622.7243766852164
71760843,1602.3465032904112
77203995,1664.247396458715
84611651,1664.3317577464118
76627771,1978.594027636346
12653847,1326.8678040538828
43336328,1776.796788863453
91500607,1959.4752610922376
68213549,1440.8558679721011
35549327,1654.2578957475462
80808916,1744.264284351543
17110481,1698.6006016414622
99587119,1389.299747288226
92334856,2211.7809361562186
53359226,1509.3459699691412
80618402,2272.0549102615514
41703808,1529.376008341549
19195409,1280.3468437005254
76941149,1716.7809247789012
97584818,1732.602733667905
56683377,1564.6215605514417
67011320,1394.0849077199262
15480221,1683.7637991619406
68081328,1796.3425723673843
55487684,2994.9706823595197
74199206,1940.2395780779327
90165063,1548.852989073621
36193583,1696.47435504594
10917950,1231.731581240978
92870312,1654.7106967066438
72030717,1886.3531028971486
17113758,2088.285110749999
89153386,1443.3546493224321
45809568,1403.8849095531323
30803532,1767.9174710579907
41936053,1625.9214471165446
14429173,1225.7743548125056
86629786,1902.1357594446558
60024688,1270.701214590904
75100924,1738.0897475617264
19587468,1210.7310820943917
88088850,1844.617794967254
14339658,1329.9788449021903
93643220,1947.302168704599
61257147,2013.046272417856
47372664,1571.5093123716176
72551157,1334.5529272387864
70006271,1548.4123719331517
66160499,1886.2478082112218
14115358,1572.9679615557018
24138292,1681.0287573087505
81649352,1591.446611248619
86450554,1367.6876205547212
43772724,1817.1293936931736
76147600,1527.4624473462575
37814705,1507.0402306080152
79438450,1462.7130928076717
30374304,1860.2053497877296
54234194,1363.395947110548
94516994,1335.1364392307307
15639119,2134.6031305841957
98234744,1936.2054261957276
84292967,1595.3918402105576
14583946,1652.7148665023574
74680521,1568.1156530053386
10214287,1600.50914555881
43877051,1396.9264175805426
28904050,1760.264259365805
62063260,2006.3301122970156
50651267,1743.7617401765278
76093719,1575.539787239228
42788012,1626.5200933064489
64271564,1898.3703082619288
36033563,1546.5497006674354
32364760,1741.1408049636414
82718318,1752.9653213462423
42781597,1517.4999382196488
63047151,1645.3501905140452
54331908,1539.7374704437275
88556646,1373.807643935295
80038856,1664.9231209102873
62561061,1677.31163325017
65834717,1766.9485997424506
80358828,1532.880585969963
35099840,1916.3232599801336
50872993,1613.2800713735605
80223193,1887.0186832621746
28448374,1834.8990688826339
92231676,1635.0983331103523
65717894,1604.1675736286659
86298764,1388.7771549688673
76299579,1580.3257197026114
15449921,1556.9872211210666
44677435,1808.4626380053858
75188492,2037.5252114944155
99785392,1590.870263668594
27084775,1433.194554446626
34483861,1575.5714113418455
44135541,1923.202233691581
85537076,1419.083919354144
32577802,1472.3687353419987
58632323,1332.6798371060206
65794441,1457.8419503944579
91626972,1541.0562758375759
80568466,1678.0876019311672
19317452,1605.1378220709075
19462773,1561.8867793147192
16861573,1729.365872663541
61543398,1564.8452665425493
67189144,1551.096593064598
46184090,1806.2870003960086
14969625,1422.6280515050962
12339000,1324.5328057757724
87651999,1812.8658402191838
48444572,1734.7769358854446
43026767,1610.9677629513644
25666315,2189.128842986479
85141494,1603.8215943494165
10196732,1463.1451158144807
89772932,1540.344071412607
76197106,1657.9201202906256
35668637,1559.7664875047474
47789451,1269.1004688096596
11772481,2268.6293820203036
92352486,1842.8573497037546
74959731,1347.6734434828627
24006644,1407.229331022348
70184471,1530.4983338521356
63616459,1733.7587871052028
65420176,1493.8159298016624
52778454,2065.877855143744
20334394,1858.1775644193801
29566160,1524.0072943704495
41218910,1851.159546475792
57645530,1666.8532896470501
32753016,1622.6826085273913
53485349,1696.1193172547203
99359057,1980.7782506051733
50033107,1763.675261567053
21562381,1697.165095499335
77828671,2143.375910882246
59082786,1646.7958956106422
99756703,1724.913352547164
62477883,1569.2072751344479
62194095,1753.3295427912274
77240295,1627.7346348290894
78173906,1522.2114388339007
51850860,2329.968443261945
36247163,1612.8502053163356
80372868,1521.9374827694076
55810884,1616.0741206750172
39425335,1435.4458700994655
64769998,1714.4909992802532
74184119,1838.225767177364
30910517,3091.0681235267775
82036794,1459.8601435339658
27288556,1668.4070393666748
73750248,1281.7315885223363
93836103,1770.5592783075278
21006367,1346.3592612173047
93898545,1270.5245845503048
94582565,1713.094974128033
13137522,1375.1991541220234
31604761,1252.656604585296
60718232,1385.4748867539445
22356430,1812.6654285687414
39386475,1985.9388786525587
16350350,1416.9970921036315
70755780,1639.0852349757463
55920671,1802.4683687543322
30409198,1389.50978888742
12366994,1942.8398387578086
99624161,1485.9809670568582
27085439,1411.0037559649647
26222780,1681.6535297107048
13513100,1679.275349789799
83619693,1864.4886183700326
65230131,1852.8636617400837
74197231,1589.7475030162084
16535315,1519.4147129333205
49313519,1860.871034797917
54192335,1554.297024591994
80736897,1800.906827720709
99406225,1934.8687614222065
67818530,2362.323782618956
84284655,1544.7862559614096
30897932,1424.392617476975
32254189,1419.0732541974915
31849680,1901.1977754300565
41359333,1915.584372322572
66456629,1870.03497027942
68729486,1579.0331840355022
40630348,1669.5041467254553
93988333,1510.5481643491107
47811524,1490.2030508765042
98617237,1808.811639327793
20362387,1595.7300439482415
84645660,1620.2619877540117
16861971,1959.0185499698375
34588999,1820.9191070344234
53427517,1274.3234712030112
42513475,1537.7515820997291
57705547,1781.8483147216868
49742880,1401.5906534735916
66920323,1299.0891836655992
12354776,1933.694918855087
25840613,1481.407120735455
45114259,1445.573451590375
49079923,1251.2039803811408
63116367,1661.62030821785
63802912,2163.504883363971
48974796,1590.3439475942923
30061599,1436.0952385771582
68578654,1411.6519515363195
54173227,1479.3651564863471
96680380,2294.420292051541
23868064,1451.312094247943
51824090,1769.375057758319
34839733,1350.6864484672185
80054187,1897.7955269906333
12685572,1582.424286770811
41567061,1908.1759739670783
94877842,1686.0302668198212
58492968,1517.4807003477479
71326484,1374.542892192103
70920278,1854.7772020205778
54663137,1614.0633137892034
32126460,1661.6044086597929
54874790,1701.15341197406
13538436,1662.669609017331
30100038,1424.145909384685
80017866,1699.3528732303091
64347455,2118.6360326909275
13683069,2029.3749498072102
48039428,1836.3538619228366
99567150,2116.990225008709
85509215,1478.4035334837752
60668698,2417.9386644457327
12191456,1677.293664844191
77765786,1667.6078012535258
12528361,1547.190508849181
58442957,1280.7481443194179
54303594,1200.5724481111374
27681147,1640.4014082490683
69098569,1496.9027983990725
95221316,1760.4804174981405
40109548,1613.8215017242446
55576313,1640.6652205632322
53153958,1585.848436341649
21200840,1626.1294707308198
50894265,1877.0028587639183
23626838,2275.930926597649
12418418,2046.3794523102813
22706358,1655.9306665216363
45395670,1873.8099495218203
87327017,1279.557999210745
13017114,2394.868938379208
32271547,1305.7492024830026
74538679,1951.5560831058174
39506103,1359.904683675595
46816166,1729.0128165464832
66503105,1463.9822122987957
65579176,1820.2656889972463
40074247,1717.709540749899
91310031,1744.7803853677285
77444410,1375.4089521427006
69955281,1650.5400600690903
67331105,1315.711448904568
45643632,1529.5714153766037
73282363,1333.8202113640855
13642505,1482.4920083330012
68901430,1798.26774736282
89906679,2110.1162707807557
52711886,1461.099181149374
79575331,1281.6022157861214
92616283,1669.7851381823532
30763055,1298.3107320180343
16611953,1873.5762952877408
33070179,1425.4213099930835
80347205,2206.1651862087474
83995335,2095.3938891549724
14535805,1978.0792183063486
84879838,1662.0349446078467
11864901,1740.197864381099
14658965,1493.5454746854352
24293507,1632.7516625332541
70453525,2055.286907704527
87798104,1356.2427864052693
19197193,1862.4628761521521
28284548,1506.798117311105
86044842,1606.900457548113
23057275,1294.5721839316966
27985337,2165.035454625801
22587547,1693.9832833110695
12855508,1745.5308162446847
64337495,1801.7269768072647
86712331,1993.0183299094604
61189156,1248.185577576068
91594873,1374.1251863137288
54835971,1351.5894343901223
44370830,1366.8789036503179
23684803,1660.7628741880228
92481929,1609.633936975323
35638424,1487.5865233680934
25657749,1627.0191561352938
39381975,1635.7754292033944
72999107,1699.9073310534764
25818586,1662.9909545718617
58036789,1837.9709344276694
94320377,1855.3035421330662
47110506,1665.8335376408365
66399362,1731.1877295392203
68909982,1711.9763049661901
16073310,1297.8916754251964
43288405,1318.2360367434555
71579560,1422.7680988141387
16507355,1764.2985722052836
48802207,1441.8463003713662
89915294,1763.2442769851104
97679852,1845.1820372454706
29217698,1714.9712092586356
27435911,2117.375429946467
78879242,2049.4407542811077
27175130,2202.6746467613134
29020135,1423.1393601975576
78626569,1520.8777592644285
71067812,1777.843472414326
96690513,1758.285291058628
95531962,1834.256573413698
98356800,1679.6120274801326
86104439,1178.9079867822993
55595900,1760.1837278481823
75208610,1529.7933553834625
15300209,1842.6158796236564
61949363,1122.7769975529768
65881085,1663.036342772097
66803690,1552.6964410095784
71508510,1575.2154363407165
77429269,1653.3846392515081
70868754,2001.381646823807
93223292,1676.2999788178822
70378280,1470.788396581882
72142932,1541.0130944906962
88911193,1407.1219412444125
89761834,1724.3521424348712
36836619,1558.150458333332
53134062,1429.9509607131088
98828461,2136.180778301064
55370391,2068.0728960627166
69978664,1926.475961750577
48824111,1481.4364830186028
11383415,1657.0484424887566
89041808,1361.9467670183603
31864759,1631.418741511267
85436725,1482.2850527064988
12287678,1779.4544554027052
54577919,1480.4979328894767
69095778,1707.8163578405517
86755087,1586.7417912263477
87570494,1343.5159199946336
42971075,1947.8596107102733
19251821,1292.7249748765319
40154766,1711.9298172593265
86599495,1716.876985722745
88331508,1745.951629571923
70254717,1498.943155941299
32105523,1431.499750727408
42241465,1541.798421378793
66334048,1635.7343788697842
56657286,1525.9190889275255
99489082,1654.3665237031184
89634976,1637.0462509028455
22529712,1623.03624179989
93452559,1466.03682595662
75276107,1964.856929794457
57620607,1449.7272826260667
11822194,2111.290025372718
85101585,1660.188728537249
73640715,1429.572882655261
18114714,1608.9994429610072
62352450,1703.0817324039417
88096618,1634.6775100796808
76855836,1482.4985210609307
76968795,1835.3677430371963
19089688,1639.0630583748218
93669020,2016.3770029021048
32221954,1365.27047303702
80149491,1598.444818885679
90863370,1964.3149748659985
18955449,2035.7747301596887
46106075,1397.4430849088844
64362412,1353.183134764008
13228942,1231.1737748111127
18238798,1574.3623252187529
17197174,1511.3452835903602
56883307,1508.4065828924677
43838074,1422.027394593854
94366977,1680.6301273236807
51114116,1701.0661722598832
91929625,1739.0762693785553
72617691,1774.7934096574932
18081983,1440.7978690092511
41430371,1421.2920179420364
18768333,1783.181953674091
97670981,1359.7077409526862
33138884,1524.4949297732815
54769750,1626.0137171936394
89191521,1320.985257694834
68771611,1314.330796848938
69658524,1566.1029887061827
72361657,2437.984652245873
56548670,1515.2053090871134
78323750,1703.849680881099
30772189,1491.9965584559347
48525110,1539.2398137112998
86995869,1745.2506999361326
17626486,1525.76020632659
25200634,1568.7649531981328
42675735,1477.577685809341
65493081,1799.6656313732017
93613666,1982.8842442620899
70416961,2043.0667767305338
29938065,2228.8284966733863
49578380,2123.8826788213546
98870679,2548.3062520987296
69931311,1800.212603709914
53406287,1358.8327660145978
84279248,1488.6105060293144
95721664,1255.5942264113269
86560148,1517.508578092492
54643141,1613.3193039156492
87296829,1890.1987238121592
44687814,1976.9139969796338
17812890,1650.7344802256168
55517272,1888.7275876267404
83984617,1700.190611849434
50681051,1388.997668026975
74119296,1360.136315145427
67223450,1799.3580659270224
77287132,2054.0516963451155
36264517,1478.511971140448
42898261,2143.871536670178
62830950,1864.8576765430237
34861949,1562.4679425723448
73511243,1583.324306477249
21486168,1382.9603746943405
99309538,1306.2317220018183
42037617,1663.6957583409376
54746843,1282.8197880387534
47539615,1599.2029004112621
84768747,1767.8007796937368
72954519,1786.2032574870575
86653160,1522.547818336777
24350012,1775.862599112906
44330162,1456.6595908497286
40410889,2298.3002819991243
14017526,1671.6169079157116
18494070,2445.4588324714678
47916307,2005.551296719527
39725498,1753.8303625314766
54156054,1340.9258471537169
49589662,1553.847873811752
87793535,1237.14449061906
25123851,1538.9952725815979
55319133,1527.8391716026206
35955058,1398.2991659772672
15784980,1563.4946299585022
63967490,1629.3333191607226
84366303,1662.5238255762335
32211409,1684.2860846672859
27475512,2481.545054424015
98385904,1637.1055870943453
74274926,1414.1080493083596
26137274,1655.6464616823503
35706395,1367.8907658010778
25432073,1647.9058050320007
56493804,1808.6074032607635
21783642,1632.4199324172587
24274717,1482.6784636572409
93363592,1252.7243120925602
50359798,1141.4583748759833
76057356,1940.7740587082096
34577569,1744.359926537031
13432670,1318.119199454441
36150614,1462.7768390189353
95883486,1498.3068602298144
17035345,1701.5779660765302
48987823,1601.6831847612318
18853302,1968.2634436419542
70059479,2406.1567712754504
35830006,1858.1730178668372
83058209,1444.8036178340672
52239160,1461.3560899739005
24939237,1403.6820453048235
48271879,1644.0879204385153
58898302,1368.3508502327738
97505252,1695.4457956845015
52580265,1913.7916658672043
59859756,1693.0638275794433
59531100,1921.2392829999799
82820692,1569.8916113198125
73015543,1520.224761384831
50663543,2405.2490908940617
61349439,1575.2734617558974
82745505,1596.342520284798
91058293,1415.856173179962
17937997,2022.4563795497786
48025378,1953.2004387847837
21558049,1512.0341769017973
51468147,2222.8057860883537
87943582,1479.4379782097224
72989675,1525.553028592196
10828659,1460.224346055128
78868242,2037.0699718683043
63610417,2655.5878601173636
13037947,1763.092579692964
63051485,1627.0906699397708
42637767,1727.056166665665
66029975,1729.4719782508437
41368516,1245.544937926701
75570412,1936.7981720037737
58832659,1980.9753146467524
20746324,1913.7630671984255
41047714,2412.184791653739
41430458,1296.8754255292833
69198371,1489.9678910272103
46430156,1620.9354291856187
42120705,1774.242852417794
67695943,1624.9633065025696
10655846,1523.5809907297103
56387239,1883.2103679970896
73136827,1281.514972785309
66107772,1839.795563396944
41597595,1855.2076059891133
27035754,1652.5662262017818
94233303,1443.0418487200834
72371862,1467.410261001371
47858586,1378.512100841664
50074731,2613.1893758088254
15840349,1228.0265527549493
27527024,1661.1886908028596
51445447,1278.159002316493
83042677,1579.684473554294
17433657,1485.9684859337224
83477453,1968.7225170381207
58980418,1741.6471367929853
49038207,1670.8588928787656
35105997,1329.6592030375555
88328473,1813.5611977123067
49929992,1823.7100623851766
12057690,1705.3445117587564
22485986,2402.1375729420524
18944255,1721.4137151328616
94296460,1799.059592825189
15325948,1686.8061977944703
80036637,1640.0201263967783
63707416,1819.1813827011845
33357067,1676.33224002471
76260292,1962.1449601751303
88542794,1501.371468534051
36624049,1559.366153921529
85370002,1525.4549064305977
70947321,1482.4442605633906
86215831,1294.116172867314
71799918,1422.6524171478445
70779429,1445.5083950787243
28177790,1547.0066902950796
33416701,1829.688800533923
32210074,2482.655780041775
91177225,2132.510808045424
62230096,1449.5779043673895
27830922,1533.6645255277729
20292159,1664.701459224569
72135125,1345.304973314467
41060839,1943.938872668706
14610723,1384.7820416557447
40291165,1931.5142208682485
76063806,1821.4337877321548
21250419,1751.1125782621418
67512417,3403.494540104053
33443292,1546.347109259337
33660955,1403.7185070597557
33504001,1455.5868255869682
59014872,1484.4994619706147
48423806,1839.8884937461073
81227220,1341.149067780118
97904600,1877.398533081571
80141558,1776.2237812795345
13290868,1457.6229368878933
12913192,1654.9411047769195
94144440,1532.802292789832
53033174,1802.2375569110304
93735706,1571.0241276380618
59909555,1914.0142159912352
99555121,1534.0246815842363
13256013,1565.8414697356473
93540353,1623.4520272335576
97837539,1450.2816731177359
35669129,1791.7707957378634
50012137,1762.9550008408487
68173579,1633.6128777134336
59440623,1625.2253474139509
48714672,1803.4571999466086
86973367,1506.5280709630358
28395212,2051.532983672137
50017530,2140.6648835480396
48045601,1675.6581152676554
60427063,1870.3928625892183
49061177,1538.1125362899531
42896715,1440.4934090268011
97451418,1694.4702654724756
53456411,1386.408419303625
99184358,1496.9570403070682
91879007,1435.6107850799856
76424273,1750.7905895178824
19529774,1682.4020479583155
60604201,1727.7492366892386
96265561,1344.1184176326456
84388943,1438.5512825768471
22143961,1339.4845549590168
14880373,1582.9951295298124
98124884,1223.716397476936
23434755,1523.421385970317
36626131,1370.8012284728552
86172967,1785.4922463843336
89507826,2135.483997589854
51984404,1391.3053749919695
21328430,1523.0918830264775
46133239,1709.5236138715893
87118588,1633.9846895846065
72466804,1769.03404215668
90243251,1785.6326974648882
31491219,1819.1824182254982
83702289,2323.245694178432
78369132,1292.970407456668
12074272,1530.614059007387
77297832,1720.6352632793473
91732264,1495.4485308928906
51116865,2167.117294670731
81826443,1719.5403553073268
26192585,1472.7653708164341
72261842,1487.0548817573897
40619619,2301.4773192134526
89999631,1455.6816264650356
10490133,1501.2943618265558
90054183,1427.4453686450483
62212383,1455.768714563922
19863611,1416.4009590722956
51025893,1467.864174682691
83280839,1642.1161540115272
53701664,1907.9629191205431
70474564,1755.3689025551814
52730115,1661.604218971422
28945671,1473.630315425738
76905104,2099.2976235585065
60340609,1517.4069643178684
14262244,1481.9988603600036
86114877,1196.5900313496895
24582504,1726.8092621976366
77544375,1342.9160206550923
18212637,1714.7387724035727
31107635,1387.8688274174033
73185236,1904.8920273177662
73413665,1421.2173387466382
31204532,1753.3668593522948
16646519,1536.1464851821725
59819313,1771.4848857355282
58041963,1707.966976344682
73177607,1808.896327554262
65489959,2165.824604111313
53892134,1814.3749914782218
14638825,1612.860053389675
61652212,1822.0608103958173
69208062,1348.8177015785297
98205776,2185.41431265966
91953270,1914.4423817407107
95708788,1484.662083563045
71079776,1520.6221099888796
10948901,1252.295027899685
79084173,1666.1132614179455
41410746,1554.6964934085042
50927968,1973.1880008832102
99511873,2356.2246583323777
87562260,1625.7033515889477
48098997,1954.2508224742362
77592143,1989.0587844258384
50298301,1510.648164795011
95160336,1384.2246632928063
13581567,1506.4167830353767
76106706,2408.9352745845
53880590,1743.4525195815318
50270200,1674.0513562194549
13098948,2184.0779066420664
81835258,1941.3775024381596
14238786,1500.2132383402034
65288499,1947.5375739932545
29149871,1563.203620285187
39551396,1576.9694570708982
77375335,1585.0940733473662
14384374,1329.6814829715026
63368293,1633.36926156087
25141477,1918.691849933159
37822276,1642.4279003586903
62473299,1533.3485545888354
90467887,1237.1783168445345
62270028,2002.5568273402148
62101686,1652.7741406862385
51642126,2828.5722034037644
50281814,1198.3561180789343
34969698,1618.5726162377819
46962155,1883.5087593912488
17638609,1590.473307988993
59977095,1611.0849157757189
75196820,1429.0127802434529
65141041,2178.176388976218
65986306,1604.2321221464229
99818911,2089.7964867234195
38328534,2326.3015245781226
31204739,2005.8159595793038
53082885,1707.6118816250453
76244528,1619.3761476534419
46394887,1944.1399303901471
65939511,1621.31538758886
96048217,2079.3856645797
60425489,1635.5587520640113
69419323,2159.0881561774077
15008203,1314.7095092945874
70058997,1283.5156818740384
44067940,1565.3051862822613
47031542,1470.8362541564604
28929546,1478.3590244572913
34548603,1392.1110464716864
36515676,1364.9712222904548
42765717,1754.2106321505437
60296558,1778.6521333103503
84332226,1572.763014755035
76539663,2156.0543176153897
73504572,2645.6586743394955
64646486,1705.03026253315
28262602,1481.9520093160158
74447096,1576.309720927632
23247586,1609.2062082426626
99044390,1583.1586869270725
66743385,1875.962722412969
62841747,1676.7596987151915
98271312,1869.556644600901
54969068,1694.5611866545394
49548078,1484.5930154230984
47147429,1912.2161745617595
46113098,1473.4487334269493
52623517,1478.8637712319212
43618531,2075.7156680164226
54174309,1394.1886575573674
21908078,1780.1690208852567
56753065,1520.228430145842
22723502,1469.850307691034
88620530,1480.5848413581348
38560702,1497.023514062674
66126723,1388.2075053820092
24731893,2249.248320770849
19472558,1686.2189094685866
44766250,1595.1954474208678
75919229,2093.346588544127
27459467,1463.8069341145306
85529275,1618.3708450156714
88503537,1765.3390731091156
66147417,1729.4306502880459
53916103,1398.1603675028325
65299077,1921.595675982602
82070950,1613.8196757683145
69058105,1743.4374219897045
89985793,1485.6034776016143
38430174,1524.5459365668987
24884771,1423.3829017601533
37414962,1485.2336733958175
35739187,1388.250738369475
52492779,1538.4155932167025
70409358,1662.494750558433
38452011,1666.9755124376004
43879270,1455.165940073927
70351120,2095.5919364375823
47671157,1595.0989393281714
60667365,1572.071462846433
85223481,2217.1480961120697
83739939,1526.2821753733383
36389934,1823.6162214645142
84194560,1997.0355783400591
66937745,1892.2271830615466
82520946,1493.0137088795766
52339932,1530.506745320616
19641281,2080.094308190485
69795343,1418.4269756116796
99135350,1728.5705908273803
27549583,2093.332811631195
94476832,1364.8879376363413
58221865,1478.4189095716415
25319395,1891.3941711205903
74970303,2234.211480889039
10305170,1324.1676483443987
82291258,1117.6074886028446
81383048,1961.2649645376318
79987158,1588.9960508911913
13533229,1928.8740262072834
40426833,1999.7792199104028
79077516,1322.0097647131777
49738320,1498.3852352412284
51126693,1990.016806186752
52635836,1446.8658084155627
46715477,1630.9564671836513
82258908,2126.5515513806317
56878285,1524.68496671757
19130210,1407.7907569824129
92849186,1903.7410948248976
24338810,1881.5023086885762
24758650,1681.3032020629016
70913184,1481.685342369922
37987399,1959.086340090367
74913796,1608.0780397557726
17667485,1442.056523143174
64222955,1489.077323152862
96958008,1775.1532512601345
10416049,1681.570816070921
60398901,1440.607937390581
24738469,1527.5311087144519
50592747,1749.5084128859871
96289055,1493.9508478102914
38420705,1694.5845196878875
93968498,1697.8730841794818
79579077,1576.182643698081
66828068,1490.584497893845
96166759,1672.6285987953966
32805078,1836.592296203603
96021280,1523.3325847049057
73914137,1784.64996403015
38819078,1692.3793317574618
26837951,1298.298388436232
86644106,1380.0399395457678
55183461,1689.9511327601797
52422099,1377.1378848781355
83190904,1630.262864611759
80939883,1658.549392545824
12388368,1436.4966837612947
15537990,1561.7212322732435
52619092,1743.9711204075631
14251589,2126.0602766217053
78390765,1750.6222872898136
43497859,1677.6379698616706
18381852,1415.1480325685934
53390528,1686.147460678444
32023086,1414.831645778698
55881129,2036.5411644309468
56955427,1865.264944029262
78797526,1433.6866588225923
81441605,1582.006134018591
49418138,1488.2646456870639
16343356,1808.884349376298
50953620,1275.978433526423
80530984,1620.1308008564674
92363214,1343.5530844708155
11505021,1582.7003638576105
10464949,1420.1552734993195
40174242,1776.2028809140213
46922794,1265.9704123877714
31165878,1628.935220184908
92160351,1773.8251183768236
97225599,1450.0458658702123
57289385,1571.1555575165785
10490505,1379.5472648232444
40593414,2052.181950307533
69535718,2099.3154344718523
29927353,1551.0097185906213
65834728,1506.5830695089255
77297694,1536.0248395756726
20453767,1532.1419736441624
38742201,1310.1413530601815
44178016,2882.87275427035
26155961,1618.6544674811548
85037563,1545.9269387044383
13481675,1850.5601917316699
32710978,1729.34628474036
42008191,1361.1239811910561
13117186,1376.3751908506313
32427009,1285.2339234282908
77926757,2032.9733869983863
11233435,2774.536706207349
16522541,1466.7995171367795
63770815,2030.341506589338
77164558,1869.715527642108
74405387,2169.167559617412
74698287,1772.48404363327
90725998,1640.9011721205673
24204802,1358.0060226019727
89034765,1268.9305421242047
34875172,1242.5512952024583
74411316,2265.491334078354
81157871,1649.8380895774085
44232316,1614.0996466396593
48083558,1370.053206764856
75280463,2891.9360776836
11329117,1822.4148906825599
67082756,1578.1760813131227
11237434,1412.2442121524628
69921139,1735.4276828424418
68448780,1460.4011988444054
77761059,1514.9506360027656
29006434,1804.620552153216
30190038,2148.4633235757383
28376932,1402.8422463063494
39355382,1350.4245013470843
42494595,1507.9532246009576
16756651,1781.9306107045943
78115658,1357.8131667408488
27261411,1990.6629535003233
71919180,1568.910323056761
99090920,1452.2843100536934
64351618,1769.161570254047
88658759,1733.6137469275995
14195927,1722.4837836227582
63820196,1712.279214799966
23866225,1869.2889374859415
50484100,1732.050477631518
98406048,1591.5547050007915
64139858,1822.3834669713508
93302980,1674.828374404695
62155483,1820.701783846325
69791340,2032.6720123708412
19631546,1624.0329210514672
26192431,1421.2455309963534
68268852,1461.4445641351315
14862183,1243.9771903334022
50141937,1588.1083718277368
85256282,1765.894743983412
11027564,1390.857463252433
51577553,1462.9032634386474
77132573,1457.3594648062747
55254268,2267.6590360975097
25529214,1614.1047137381404
89287048,1179.1639755241092
23253967,1830.8121483521609
22644692,2631.5306983498576
32245140,1482.342265722117
82072504,1854.256389791082
34678460,1541.2026252448293
55373081,1353.5788652837578
12138481,1540.4507323649605
23632970,1476.7154747099426
44285474,1245.338372227797
88075177,1837.0598321150128
13117787,1514.55102641876
14797111,1308.6223744911701
28697695,1696.6229381905448
34748486,1780.0783871398971
30506810,1313.83673425271
57410372,2118.014106845035
28776122,1581.7726027453652
18346451,1781.4252871478116
29932007,1691.4382932550702
82654800,2098.416712806706
67038086,1890.6106401307231
95282943,1898.5296636732423
90723621,1655.2437581816193
37760202,1928.6462010982466
97077656,2264.7629067948255
67823833,1728.8987013552664
25222231,1799.3449341084554
63451552,1451.6667913663862
66552053,1409.6033884932217
83488554,1329.4415342443729
24886655,1380.0285979777332
83798512,1185.8122471181648
46152763,1518.5554459972136
96015866,1586.659098601196
51731151,1371.8689089818106
34899750,1233.9296661129683
55529926,1530.4845029627213
95405536,1807.931984179119
29288544,1831.2353549198556
50076589,1451.0292662322533
37886285,1472.2049849256427
69818934,2238.3123241665917
13957412,1321.575334801096
27493225,1802.6479065514104
81186892,1674.5067991728658
72734336,1400.1729401367859
20148129,2928.453759677068
23391747,1742.1413380320955
45833590,1395.1836200074638
85777842,2576.3300019790177
92975129,2170.7112466999242
33382289,2104.645233053818
95953281,1250.3463934827148
60074802,1726.4466229221237
23912733,1785.9368497488233
31346779,1328.0324326161806
25605125,1483.155202137184
96288207,1754.3933171358694
44535745,1839.901469499421
16008313,1757.097665369589
91365542,1642.7419195523948
67385764,1833.2032898311845
31465116,1734.4916403126351
99474816,1473.5712510667818
26141909,1786.5956999251985
72548314,1562.4560192919155
39043955,1767.293667086276
55963655,1413.6016729704236
54632315,1479.2223755459133
48726285,2165.010701065743
76251227,1485.9602267799748
83562410,1656.9243272897152
93775374,1866.649869653894
21446329,1652.8813088767276
37345001,1508.5288776687923
49628614,1556.7013138559635
35767914,1944.9028021593792
10876536,1393.1318408007533
47339936,1612.9361094028336
89347542,1337.0378757726653
22457603,1744.5718347768768
77199929,1550.4286875135201
46378399,1933.8383697850077
70602262,1860.799089421759
54666534,1848.0524247695812
56421405,1821.1812162727704
97652177,2096.9671217946534
15442637,1500.0150836433572
92360497,1656.0750779304753
16847908,1988.3819063262872
14220385,1272.4928650542292
25905603,1383.7152177207909
58331647,1700.1364625810936
22292196,1682.3681112875659
37237832,1620.26777165758
33009500,1451.4485718820295
12533428,1442.6753139931313
46939545,1703.3193546722691
41868505,1728.0876290365677
75616535,1994.913306056808
73878512,2124.4414454554553
67270933,1376.4872673904313
98281662,1578.396824998457
66553316,1666.62422925596
34303551,1518.4978942320372
82645628,1658.776156033879
57257821,2024.9956732888763
21288888,1759.0515177744946
85963653,1427.1293950426139
47876249,1549.3698546261855
21439489,1274.2937675077987
52566254,1651.9855650031059
57084214,1421.9351547842678
16925768,1482.0090645637501
32782035,1773.0146561183326
31791186,1485.8104090349366
62797819,1725.2741911088524
35384978,1206.7264667002696
21945105,1741.6096798449692
81557774,1808.4621343852764
85407739,1854.520585395202
86085126,1752.6226920143852
95296354,1428.5948204651856
90881439,1904.2133176871432
30757344,1659.1872452402015
48457713,1869.5545640662463
89571542,1336.9866872259531
94067050,1432.3527753340425
48271561,1533.8921664623526
69357732,1588.0793959578461
86325273,1717.9469687945982
18152649,1561.4817426323823
33899410,1787.6585004525662
22781669,1655.2970788466407
17283281,1319.4452949659656
51785872,1408.8101344997992
33104833,1926.958372481009
91682435,1554.7153223511361
70713314,1624.63576353871
13110268,1399.903151003521
34642793,1416.837530308189
41694899,1460.7539120326346
86278349,1489.8016713671016
11717089,1699.8021795953503
59185456,1649.0556107412242
59344396,1235.6521276655574
89922228,1606.3971490742092
62027210,2382.3576572177926
98523447,1876.138309717031
77330146,1886.5271517456117
78386939,1737.5328022936396
66831282,1860.521930327489
17596778,1586.1368302848402
72290481,1348.804065239391
31606355,1379.0674967081306
72940683,1819.1652161035613
24736121,1662.2683015268897
47814214,1883.7309544934685
39410982,1849.7059595945864
44151940,1668.2765032073667
65594908,1361.4859014716376
79125454,1214.8719447020935
50322107,1305.1993552500617
76200003,1910.6747360072097
85059302,1511.046091060008
95450721,1722.9616345699947
93253826,1641.6138198343851
19723778,1920.7518927815613
35980406,1477.8806521828944
67285479,1579.9414886796885
68864075,1390.6711799195464
37422791,1962.2599993457934
73798025,1389.7339185821577
97232135,1944.6750790739172
50064513,1449.3285814156782
75638682,1289.8859515486988
41937405,1351.857675029384
18443662,1759.751815797284
68899727,1624.204637571463
18388313,1797.0080020822709
69521945,1910.1178958439166
31596715,1830.7148807527215
78472605,1691.047957255106
12713963,1479.3466865208482
46768823,1629.8335806278587
27538097,1403.5383173537925
89955366,1726.621178904569
94081889,1194.5554612628848
65214899,1704.4740595820665
95205973,1703.860833695549
83140994,1511.875119969291
69014391,1438.76239498262
66919280,1964.1382515155847
86299194,1721.294272130122
14394397,1236.7527060308696
88465251,1735.352362361448
82447513,2606.4298083608983
90676745,1215.8283006742267
61229086,1441.4678862966778
30557316,1371.7770861645877
48578361,1377.7489000042383
29085329,1717.2133830101477
99539415,2338.111301113603
33750162,1702.4011407200455
51880900,1344.2380519286287
81942693,1771.471967925007
44828087,1722.0455029290292
80752087,1743.184151751382
99218652,2334.736798081848
37433425,1570.821987803942
39115683,1778.5126305618742
26601986,1787.582294315855
50469308,1670.4095521593533
69872975,1417.6696027270655
18483245,1868.671284904982
12588982,1623.1460799388371
79454705,1631.3329473873157
76523232,1338.8176330813021
96131595,1655.9654137675147
99680250,1276.5634870328922
82622915,1303.3398838107641
11290284,1960.705385186314
80057162,1362.58738966811
72165316,1955.016543148212
79751433,1393.512977108119
33215554,2125.212657153868
42852506,2043.74811864413
56093872,1325.6180054706442
64167041,1799.7045485075926
83380458,2243.221245359591
32651438,1544.2800114865552
38364846,1662.889842604776
74621857,1534.1572170565319
62748794,1818.0092051004074
71435421,1647.8113947037318
76163868,1708.8230366492933
14677956,1629.3897492786602
48283664,1685.266239756968
93787027,1556.452446614711
75353617,1532.3391932067439
44130726,1226.0311315846084
75634285,1802.0798964568598
27969925,1323.9981528164362
34662422,1323.6113924153465
46428766,1564.8886536268756
40279741,1426.4242166241802
58991338,1796.5173874820991
52295288,1937.3037275168165
25429358,1507.8426920228455
91223525,1682.4428431810989
80429592,1423.128079938738
36010937,1304.8147871142608
61652867,1764.1894755542703
34655678,1612.186609567124
32281319,1443.4507220177516
74717544,1421.6022011287878
81780208,1668.9659973200166
74117270,2075.05587225155
94663011,1568.0082361502427
18715534,1775.8535308737028
89926226,1659.7783962583462
31441075,1666.6771527651715
85656066,2166.2565929309762
63154501,1315.8951153396983
56954947,2412.6647552723616
35193891,1849.9857411510718
68045567,1704.3403506664683
75523548,2210.933480137532
80044768,1417.2314957073174
80565568,1503.7926752791536
58680458,1521.2594763038526
93434632,1549.3251207142293
38164915,1793.0830518057976
39561694,2047.7760266149262
23940974,2018.225634104004
66689621,1860.9258350068328
91586014,1882.068118774135
68610549,1362.717074591857
44648566,1846.9046161160225
68443861,1993.9034305530884
95300751,1455.4820929115313
74650313,1812.602747516898
78190939,1631.5388586950542
79583687,1416.5074992869627
78744133,1734.581578238303
19424377,1370.5347020627714
74426958,1758.1308821042321
30714675,1536.7372136705253
20297631,2013.8433579803848
62326689,1969.5891053978005
72851226,1673.9966826795594
94924877,1845.1264726597017
39912297,1507.0353513555408
50554145,1580.306533156188
51964385,1662.827353796314
91524053,2060.5911288444067
67059408,1435.21871763454
13707505,2170.5125136707516
96336923,1431.5821703886286
18937921,2004.775178697569
23247466,1659.3221452494183
20718626,1488.3915408014796
62001591,1904.8162752638252
32183930,1644.6254276995737
29520078,2871.9617596644393
20246948,1221.0529846408738
12865925,1435.1908870273287
75414040,2196.8965801289455
29805887,1865.4037839338139
91828173,1605.9497514002674
92911827,1512.043550355177
21259879,2216.5359969518067
27730704,1687.290830374042
10805384,1583.8529105480695
28772124,1615.1139175246085
67895243,2344.6191333544057
70282510,1499.775972878095
76926492,1421.0121883786003
56029416,2362.248374707382
42166025,1920.2054477965776
88855559,1521.8704780098406
71679738,1633.3464418869505
95011645,1725.3831328309832
23391388,1260.9331668086247
97276431,1544.215462352883
78499453,1542.7955224751372
50845143,1258.7588462665176
63593365,1918.2386888010308
44645094,1569.7005160356607
92805008,1737.0575303940436
95966284,1497.2382653102545
86968525,1837.883851819487
35459557,2506.7482166179516
16959595,1790.5478951160017
66852864,1658.9750655876082
64976874,1315.745320620934
90803282,1596.3086788512544
32597480,1815.398047704324
22525205,1371.931341788766
18357388,1412.3337480745943
55224009,1712.2281713942373
12066751,1329.5238601907868
51600054,1830.256202095664
33097870,1703.5751624885256
44165189,1464.530178593598
92174554,1595.0115014555117
75685484,1769.5536430056743
79648156,1409.3300131636133
34473914,1456.2112729402427
42069298,1358.3901633439837
24749467,1859.5094347684703
37024144,2013.452048706178
53463208,1483.655757519651
61035399,1289.662393662715
92975059,1437.2690957886955
16258293,1659.7578531824254
80353068,1260.5061626660301
69637564,1572.9804489105368
60889557,1608.5972724739681
45682120,1771.5391815954447
62566155,1481.8537861829557
86829598,1366.3144918925432
77516810,1639.8969489001413
32602883,1371.448101061482
99658649,1440.1092421915214
98115366,1895.0126835370895
40551984,1627.5470092320338
89171680,1375.9383938047008
78104461,1554.5830062356908
80805720,1739.9767711978877
44701781,1572.011573943786
32357693,1291.5147102480619
16257080,2057.196177251992
63758432,1384.6612338829505
86560064,2034.707185689037
76704426,1799.5417692306662
29021087,1462.451356347902
30903210,2177.5992784702103
59650055,1901.0803819959167
16537007,1845.9987021476566
44043751,1378.3464050237535
93550246,1504.0341480740938
74795536,2117.6099122216456
36252893,1685.6193469007185
60712266,2031.0810368124032
54795015,1558.6946424511125
59038432,1370.024926501085
53101267,1202.9123571735336
96137757,1969.9412460664682
61894184,1942.8588577482085
56980533,1563.070069918076
40911725,1426.7046052870257
78253728,1385.1564959181037
46517280,1485.3268065350126
98578100,1498.4428797020066
92998542,1455.5668096906807
85778453,1847.1921222118924
67897199,1787.7609298122122
37385434,1627.6214536662399
29978687,1396.505209323639
63462293,1494.177420832961
82610119,1776.8420862175146
11195863,1636.4094522865528
22813157,1403.5633519034316
16061850,1429.4153676881192
25000757,2092.763623290339
23839386,1581.8576623363015
62901003,1747.9210426639681
85332734,2417.0239069921136
41185457,2372.836875058548
32349244,1842.9016443118335
75213525,1948.786995431919
24267861,1692.2257201210218
80759464,2086.4572801717286
38052934,1565.2705400253824
36983078,1874.5462320893616
48438532,1757.9142390383574
98811621,1673.6261704656272
41602835,1476.23589874793
79191702,1432.9150571281707
91526426,1492.429394148997
12436955,1787.8524914390487
35460655,1518.554218778874
24893618,1876.7964868907432
12318894,1512.1252811886118
75385870,1621.8332278395897
24016887,1884.0731174705859
93798376,1555.7050781120813
10041197,1979.2041827287903
44196192,1389.8430517409215
34259961,1620.2024310217093
79360399,1826.1986697445684
90648365,1635.1120754502485
32784142,1740.4696976703392
88014206,1826.5974929436243
47541115,1492.8665580050242
81087277,1621.2549349091612
99414879,1481.6150536839489
96312378,1491.6150691690125
45292998,1802.215018477609
62464969,1696.907598408701
89056154,1566.5812407667643
43815757,1437.0525734977275
36326737,1583.558556497943
66733240,1455.606040558609
82154113,1513.4957425652854
75774127,1369.394150258331
99633023,1846.0342877953601
54243966,2185.004899536243
21507777,1568.156486609925
89526022,1206.1841470708923
35342783,1601.1022961906672
75576574,1459.349331827482
86207238,1711.9918059728066
11999604,1782.1709194730636
64241630,1446.2259886926101
49681885,1670.4428251445204
20476163,2003.3517344247548
82534020,1523.6054663312675
80449403,1478.1700935999017
91978419,1440.8673516661606
13134274,1465.2081056812679
30921031,1382.476194241505
35948510,1519.4023267771943
37862013,1593.1437862113753
74364264,1701.839192483009
73089121,1866.203603966322
71120219,1647.0128342004293
81357330,1779.235555323175
86696339,1777.237087382624
32694372,1806.572679038042
86397240,2230.0745204400137
75410743,1804.718289804727
54107967,1603.7755342392375
53182244,1146.2197319950951
84949062,1605.2192111924362
17578514,1326.5056710365886
66553240,1339.002254734484
78244783,1614.6365538660334
85750494,1423.7462055062522
26835204,1419.1041394403394
25568634,1380.796064482211
62833472,2398.7975597984987
89441409,2194.6693561863526
30957350,1784.1069502240352
83492659,1644.8767812257254
14123667,1782.297698996516
81332426,1471.216634047292
75963486,1398.074338634573
97473965,1599.2444607387408
52550411,1255.2440291192086
38852859,1347.5600073843057
86945814,1422.7510310798166
99213841,1874.358925405682
93296884,1676.846247813326
74681265,1573.4361693786034
67628381,1475.0788967816677
53194004,1778.460488931921
79129949,1287.8984437663935
21417992,1841.639968172777
65584374,2009.7360520948089
83994457,2527.0765021901443
79552394,1714.562506574988
14169455,3855.054270151815
11006346,1474.4836370490912
55920445,1376.9654555139016
42183979,1458.0636068293313
27236753,1804.5772546193723
38623845,1332.643501207293
56539617,1812.1045314973057
89514584,1435.704065791626
55800655,1765.420155285179
95341263,1488.7538485423609
90170967,1606.6573798596512
25603899,1511.4971956677166
80752063,1427.4162932114557
74272993,1629.645503843684
83204984,1700.8482512697335
56041749,1904.1653477342504
99929710,1298.237986911639
24093076,1517.879672094306
76171771,1772.14955429338
87313105,1728.8091869209936
13150529,1498.032125502001
85314779,1484.0361773505606
23218937,1738.5905139411475
15797769,1385.7656130234088
18451890,1617.2214347321758
23712138,1347.2395495818605
40201741,1571.3630838728493
74044702,1696.961708026519
91758728,1508.6459411650303
41605529,1303.911689684847
30345669,1691.9165574956035
72490311,1691.1817013090722
11341429,1676.9593337090848
86562367,1806.35704141099
65741146,1969.1473200633309
28059650,1633.3059267299775
36854120,1510.6390629693883
70514815,1458.2748520648436
28991223,1884.485897637125
34210782,1655.173428938964
97420540,1785.558963351326
53582966,1482.9708057222936
25471995,1761.4327944496124
40521306,1592.9749282267423
18442744,1408.6525065198275
86475933,1505.8711234274792
35156621,1524.2248295263541
92398280,1374.6636809763745
64419847,1350.8888780521754
27879667,1788.4288795116986
33454324,1913.390952077402
78234554,1368.3958974070686
37295459,1301.6232044566984
76464828,1813.3318226859699
89898019,1674.1502650613302
94459827,1956.0609975591078
30672049,1705.9110843709973
93226295,1483.6986175399575
66733496,1769.894952285692
24799537,1542.1082831633864
30909458,1555.4107229927242
20815913,1704.602137035195
77231006,1653.3517876672333
63770561,1606.3102707949224
61281100,1787.5776652569193
25443496,1645.4148500058861
90941407,1734.4326996655957
85217471,1841.3688244022883
11330523,1610.9000822459213
60135515,1811.9197284254044
96537329,1661.6731548159432
89713236,1737.0597206480593
87856838,1651.0209074104278
68427758,1961.9603747537494
35697471,1500.6378529877788
30758105,1464.2769920518122
66828597,1513.3321094704127
64179941,2193.684959013023
57531913,1385.4470294078424
82276369,1542.2339398714453
33117908,1828.852888230753
23807930,2102.607329827387
58313771,1628.0383219209339
86361973,1289.1228239901002
54136725,1422.6129364034357
80609057,1660.1234316754185
23386046,1504.297012417046
88923790,1656.1160265219962
50739054,1764.9677332274248
85701835,1848.7440938410418
11164690,2077.2940083269423
60686704,1613.147069138181
56500955,1700.0939395266744
92377094,1350.2217890460458
27377686,1397.5439176819384
14820376,1548.099759537831
24454653,1691.936767268831
49068691,1327.5452509489367
68870887,1310.19003013623
40404763,1518.0760230276928
53993271,1718.2733399513627
76624283,1677.1336730332055
84681113,1357.5258424329609
39182711,1332.8380170700832
99418549,1682.9869825419698
54009403,1463.7460658145865
15732665,1912.801644751236
21105712,2045.08785135186
76841454,1566.8694043584458
77456803,1421.2690110454953
94681649,1377.9917873463685
42127705,1718.727626245859
86327920,1867.1114672269755
49706768,1866.8582590970655
47210863,1894.663925397728
98862874,1548.6831303017652
80625113,1707.4927767630793
13147967,1793.6112978130527
79644262,1717.0847867945024
40821766,1419.8932806875507
38964351,1393.6430197500736
80037468,1523.7415957928604
10709528,1649.0394407764072
14006566,1751.8377977961431
84355937,1500.4519576054113
68139676,1611.2926938727633
51613745,1858.258528928248
77042505,2063.997758472999
35307179,2200.8797698731923
43137990,1662.570649125191
60366178,1762.8041646956763
28449137,1426.808843454492
54714633,1353.0837714596332
86469326,1657.1410584686364
81392986,1515.4268115717384
94816275,1626.88655740969
20992851,1977.802110418271
33220037,1835.6984661812146
52922027,1945.560008277264
70522751,1688.4167950447645
35179027,1497.1548409309446
11006610,1541.696040059007
97027045,1651.3759840889327
60842426,1257.2112847158348
37962781,1535.6606865357885
57446778,1422.8226450916775
46803142,2151.4868509178177
96412152,1735.775061915448
41948607,1778.7326155072878
30401183,1689.207774714425
82446721,1617.8554051048939
98640166,1822.3786351522178
16426411,1414.9395899400806
40919986,1602.1232810513786
34959842,2073.157274883136
76545890,2216.8973908314
38671669,1745.8460038346238
74577885,1432.438706690023
77894868,1689.7432849287688
44132106,1724.2831342740537
13303745,1584.0461450225532
82202428,1681.832973013207
69359286,1299.7177132441368
49249118,1672.7704690009489
65186472,1534.1328203005048
86728284,1245.3473232833373
89113200,1484.6848056004683
64085288,1383.491102795795
83095293,1593.5453852542976
55834975,1526.1083517007241
12408851,1548.518659311769
45102161,1604.5956674438714
21425066,1298.2992063180463
49253416,1379.808220838543
91720337,1471.4946465493217
38125202,1440.0016187767721
76716879,1635.406733630489
75093314,1449.4070262723244
94720863,1724.638521699788
69306868,1289.0178570092469
78783123,1712.1313299357564
31503266,1562.1190027007908
51221256,1775.3533607398626
36978860,1754.273109525817
77102844,1694.001329239428
85218856,1738.9585145138958
64674000,1763.1349166849725
71928536,1656.5907637998346
71632516,1614.841026534285
44645677,1628.6668549108792
27089889,2111.593142540769
85001254,1243.4764335484444
80789294,1698.3728525055624
94921905,1483.8858965375416
87557595,2118.5694662087985
27812172,1332.7747508190928
70326518,1776.1705807008616
76820242,1517.1055585222264
37798149,1674.6555112720268
95689974,1498.7394997273748
86698149,1478.0082040067978
82332389,1517.4127054501446
38769988,1487.2430387004183
62104171,1745.6522422460669
20008764,1476.0743200825577
88250848,1389.3070481913958
99989436,1630.8158437745415
20654244,1786.9498157306598
63645129,1659.7950844054583
66237213,1686.2407981355066
89366030,1870.3765550475528
43885604,2037.012167087208
20777495,1563.4668525863617
17630232,1613.6478099694054
41034819,1290.4195093888854
30863558,1416.5431121592173
30990096,1517.8440499545097
14528263,1572.649290778593
38046616,1512.7000373965245
21720690,1805.585318674904
41971276,1289.6441986477532
81966182,1623.2155314769436
81876034,1510.4536100652106
23233042,1409.3288533810346
59959368,1653.9786430582706
25429816,1411.3013344859198
40884180,1641.6827386071036
88955672,1265.9075329968998
43077536,1972.7201930383005
22541133,1726.392173837227
98515757,2147.8079794146806
96170890,1426.7963683501114
33994765,1610.8739886618425
91089578,1493.7002665810871
38840418,1712.205008665243
92439017,1221.9772989102917
30192634,1568.834389670488
30769461,1873.0913293105368
80205723,1474.7109133865276
55131937,1291.6865923744847
29185681,1864.9633019156013
80773149,1554.348063102281
84757256,1520.0115981404904
81505232,1599.7505632885625
57555020,1410.2236223125612
70106520,1494.1696234135275
43240131,1581.4119651855228
57158414,2461.0244624681372
63966023,1818.333448777536
46075950,1871.7789032660462
47516649,2024.0047298562067
57203804,1597.3070490779803
99285503,1416.3908118892682
23511969,1845.6453028382512
78376646,1680.8116144476583
48884000,1231.1355639464136
98727752,1520.729575982083
82907215,1670.400132423629
72719170,1600.0453975917305
39149918,1827.5365613648883
85435767,1606.8065914350648
54111802,1883.091450674861
92599919,1516.173040468944
24226064,1310.3819239463191
96829833,2683.1688329802764
27301621,1475.3405028447196
15887246,1305.0908378850647
51726302,1491.2772187446578
51260265,1762.707591359749
45934883,1327.857082830202
97289930,1384.5756208015493
42847093,1553.6000653293036
13695159,1610.9845540442197
21664737,1436.3375580696602
72162540,1975.6867351872631
45972276,2030.396534555896
71222059,1529.026354139968
18901787,1356.0287905374198
64794868,1524.565468379325
96040179,1448.7191791588925
43891507,1908.4788377458144
94649367,1282.3104706029299
85490151,1515.1804288276207
51948440,1965.0135470941877
44237958,1698.4898971677646
97658202,1323.8057162802909
77699657,1625.132770052206
23252427,1508.3955111795242
10697423,1443.455972320212
99095154,1812.9140688867549
86344123,1396.3994517368558
32740825,1964.77532406408
39699187,1381.7245439003107
79334316,1707.7315407467295
13862142,1786.170774464794
95022546,1619.9482512697348
85671131,1647.1534589709233
13946093,1605.6758868055729
71911642,1679.1423758930723
74557358,1509.6354879923704
76424216,1739.7064742610276
60569056,1201.6333712264545
21429356,1543.749986726109
37147011,1688.6264684781067
22363795,1473.4675191903566
22711721,2250.8374804075165
32781826,1560.4554223196653
79919377,1453.3886380473386
95950869,1398.481837737401
67975454,1379.7700511712253
61846310,1987.5555405323469
47190136,1633.8382925697788
72140487,1563.2541873520047
33356353,1658.8776370233088
57558815,1679.4678054332462
85765913,1383.1007510330517
67405346,1521.9789944947147
47178751,1535.8577752365304
92743619,1398.7853505317303
67809997,1640.9918926707246
95649734,2146.5287018098843
35761786,1731.2007694482832
20333506,1470.627998150572
39856656,1313.7283548704295
80659941,2036.3126073046276
72539676,1447.2538303048814
34808508,1503.8833673993072
18684795,1815.5231753444937
60926773,1500.6466184046249
25343604,1410.2788380187342
85280076,1332.0739034395137
51516725,1548.8157024951595
54359603,1948.1405260762047
65763192,1807.6883442863232
53926540,1565.997088568881
77237054,1704.7561254812051
75498756,2482.299616842957
99166662,2125.592328709684
72410551,1294.758481105651
82923327,1422.3219863994857
46066488,1439.3905419235957
33059137,1663.8773674654356
51480279,1918.8185710269672
19373977,1376.137516601589
90715980,1413.2314910916443
56492794,2024.0522306407659
46037369,1299.121829264141
22743995,1352.9658227796817
42553042,1553.8523073692381
36975311,1851.9242085513204
75351486,1678.3408424112145
30981897,1387.0021088120548
35580501,1554.7441581685657
40483549,1640.8569899556983
64819235,1797.0755367237552
26688957,1382.048504034879
94904538,1327.5704719656642
46754012,1554.3862736345957
36796857,1634.3374233934924
28461943,1749.831374890251
14026453,1767.4967013557448
69053024,1899.8048110612008
32733126,1857.48184829291
40931025,1698.6490872090264
19427950,1469.2777147146076
84597120,1537.021065481412
18811334,1507.7304650877356
78324699,1606.7109089866444
77953974,1433.7855354839842
27862041,1537.830419842224
37247191,1550.1187930952997
25562317,1754.8541206972484
73172608,2398.73008279232
33104896,1511.6046977270337
82319650,1419.818899883894
21799452,1613.4807512299067
64888946,1633.4569698687992
97264595,1570.356206882475
10429454,1657.1487517545395
61575325,1333.6734945632538
56897257,1531.4406718837297
37059519,1962.210603353592
52110520,2023.4965362806538
81197632,1429.4216297273088
78041929,1741.7568262888965
62481600,1731.57291831396
79068390,2003.8441613021907
35652591,1790.9390358707085
39694436,2808.985843249102
95898355,1486.8846931189528
80006639,2111.6421621342174
53958546,1443.5181341755717
58986255,1613.075441412346
35034634,2191.4740313824796
21845497,1967.2379147303036
40578913,1426.4928285464878
52684708,1728.9815119200578
89834641,1316.0165612969479
65511611,1602.191264603431
65731676,1709.8639848156865
83770991,1447.1475215035607
56280602,1599.2584428308592
44140498,1664.4267500725741
52748496,2468.650620730984
76136540,1468.4804177745295
35483441,1550.6521356301107
25193108,1682.9865661015367
27434478,2034.4170052055647
84357441,1476.5735065982667
70840263,1611.3813463768402
45633382,1658.0617243421932
68317032,1819.6352970037715
73465107,1650.3653205657106
24929921,1826.5233147804488
87300428,1512.2471462984954
69871020,1903.730166553732
23755175,1455.7462797137487
91971062,2205.9970310595418
74483617,1517.822017832325
89642342,1491.8579561014994
33276861,2139.7365826575087
18861332,1493.729279939243
77211245,1453.8707686060352
52041127,1252.9893475106448
95864050,1598.212997387638
82528777,2033.228685750993
62702832,2123.4910606535254
24146181,2134.0125471705537
90263367,1273.1723894588629
47033948,1893.5805584571197
97856612,1790.848819246954
73014333,1472.0247725962336
46731094,1675.3355484723947
15781171,1387.4540719504396
51156245,1579.434414369577
85958922,1453.1326686506488
52550761,1380.129881895331
15567593,1582.7384254567992
50279318,1480.6784129325347
88796422,1657.416689922017
66724358,1572.3397438939885
51443999,1554.5403471378293
32661637,1311.2955024557193
12999579,2158.997037922565
32460111,2087.9551861937443
70354263,1588.7730017976032
99768418,1376.4343048930446
93597400,1851.0322112922197
42968448,1692.0243140010607
11447851,1356.333756150721
76146411,1927.5207299962176
86917958,1774.387008901945
57526187,1461.7025392019889
71062405,1458.5376688629142
72847399,1718.3234419474911
54891075,2205.8233182404183
89841901,1515.878608066893
90056417,1598.937712531832
77892346,1814.4414538634594
31627402,1370.9762630985626
78864638,1849.4199179535926
16022883,2131.9263040816472
21980955,1645.9935240124676
98291218,2205.039879959807
37406677,1520.477400068687
73253470,1802.6364723059096
80239984,1484.3306227106946
60323265,1646.0263795602757
93655248,1952.291540833702
58796215,1534.9801090131252
94203496,1439.400761149605
89472702,1614.6933845141316
29142290,1718.1113827181396
71021568,1419.6267657229123
69197364,2138.390902892251
67499939,1565.3043168635036
51780875,1432.5150797647098
46941857,1768.5083325702121
57911836,1579.2618952815976
38559875,1486.1493071182774
81398050,1309.1993645022173
75334315,1820.9662392964497
59308610,1857.954369039007
16247087,1943.4574528833632
43247285,1673.949961478423
45215633,1508.8828558745515
40481058,1709.157732768775
40365284,1939.580124137963
92836079,1458.4443568941726
70303716,1538.8516278085656
81749724,2230.7103862511876
41853820,2104.293872739162
81440480,1732.23366896322
84996580,1553.5316669850888
35919442,1241.4302750650884
19046260,1625.3876974271832
90423631,2126.116265933697
92961031,1897.0465597785596
89855372,1452.630543555544
77816576,1711.1991528314877
12194715,1673.6154063639399
20115124,1698.2758938885736
73703358,1751.344608704959
89792966,1948.4383330800044
43706254,1520.391890174198
70266281,1471.753829063179
78529732,1268.1164923942463
31638825,1638.9085738635201
58167471,1610.4787842905075
93767960,1611.4200525661965
55879589,1918.7576923734423
67388602,1596.2386590653884
86008328,1359.887556539609
53844650,1603.0527935482505
86660948,2072.243424375345
39941650,1501.98071497125
44395757,2537.717446853125
81989533,1812.6544196282641
46504700,2012.3395762397424
39402032,1965.0262915914677
85919943,1642.829764329326
80733130,1935.5715416570285
25189661,1327.217018890611
14623666,1440.1730373493494
70848155,2034.906260438753
68571484,1545.158828078375
51228995,1549.0115099063103
49683485,1443.079374696663
56036763,1356.4420073048386
32459332,1568.037063114052
10860915,1710.0008079653328
43696664,1324.4470461393387
87941364,1854.630500642481
76183083,1366.2864185109731
20966309,1496.373939349632
37699108,1633.6430717348228
55952526,1247.9037278186065
15616438,1457.9910831249506
86514240,1409.0550070355296
92945955,1503.6344657391137
63145934,1490.610607742391
58853662,1403.9656615414633
79304271,1597.451036448433
24276255,1460.637001495111
43245413,1685.1027644811752
59024690,2103.747007251783
13551336,1733.0463486407766
44848614,1807.3306158696023
61087377,1560.8278483265528
11885900,1493.8161632136482
92535927,1425.5821712982768
21708152,1567.5614109360968
45352808,2083.754061028645
75624156,1421.0970446625236
32001265,1564.3300467162007
20413825,1624.1170036280769
40305802,1611.2061880997937
61861688,1404.6310476344975
33441351,1754.7926274859217
30365812,1986.7409239272733
43625038,1708.5727749192158
40659534,1742.025272990978
72885406,1536.7048931544564
55817366,1322.91401978722
78604997,1519.693052690604
14364198,1397.1221911584068
70814486,2809.645600889822
71030650,1516.2571818573122
93257457,1917.565471518986
65515227,1496.9207903572585
23048185,1433.1659420275357
64021401,1753.3614639307368
81601136,1655.6274923526275
60464050,1620.027070161599
62126832,1500.0463492937924
76122802,1710.4640183122478
68619547,1508.1687878108326
69931017,1671.584095103115
52039321,1429.3371623807086
96748453,1446.4622553859062
40650345,1416.2622456473866
94190496,1667.476128470614
40034795,1490.6785412928084
16725203,1473.3261026323719
37869032,2376.5564291339415
87784983,1342.9287812165562
67445694,1300.5594344181295
44138052,1565.4352824859513
56359862,1685.1022617421115
27113776,1971.63400594009
73853459,1911.0128955237958
76284169,2346.4201650490822
42581373,1484.951769946452
74617250,1408.106666415177
29606632,2271.7997667071686
22328059,1853.4102818592448
94596005,1936.8390150304183
73640300,1533.335991697913
52511016,1570.7559110640657
63643579,1408.007883220586
73979691,1684.6177715641861
76806109,1577.7698455983982
67084872,1463.3849339611793
94616960,1537.422913880623
44018639,1584.7699685946368
10369424,1792.2354580912056
19417264,1906.296870635883
77137301,1724.00361933244
33598935,1801.0028581676256
81379316,1801.9372330082488
67627945,1459.6912163427864
74067952,1643.817790859637
54161507,1333.7569091165465
55930611,1570.241576542743
64919315,1504.8202815793627
92109871,1938.1149945414384
88653847,1557.2850800271128
50331596,2007.352339445934
68139580,1481.020820213878
80241693,2120.15279003638
74034028,1591.4827515820482
22712040,1642.7486169419212
18212521,1471.5296787029677
60434302,1774.7207282262416
45427525,1148.2699672652466
95853311,1718.1721999087729
70857259,2005.0132249097123
81477083,1733.2376362683044
27723524,1423.8925616373194
25206032,1604.0444857067762
12102381,2079.0108452802215
72428170,1613.032672809959
27672042,1547.1579212907313
77000429,1707.15297380455
95589605,2051.3111302672014
44647376,1639.525706782965
21338536,1253.9572184422743
13820529,1585.9559628840996
24568041,1976.1371237333276
90117191,2034.1042147498597
45800664,1321.1766650036282
13557339,1700.0705656989633
19087413,2245.2636069400596
11616417,1806.0652758697067
22015830,1358.4582191556058
42617304,1257.7721260996846
72598754,1510.8374660796896
34839793,1640.2327008485136
77660297,1534.187154121493
13706769,2439.3000787937517
71694094,1956.516697446341
26712974,1745.8462362690216
11161484,1694.549965095341
92404281,1324.7448229105064
29267516,1546.9078741976743
44574998,1632.3870954074803
66291057,1387.5867268730526
13701175,1591.0777419136095
24177160,2088.448325646027
81405301,1422.3463378976728
11589439,1380.0067481503163
17537269,1305.6625479043564
98168887,1570.9379998713775
57508409,1245.4819673205373
83408387,2298.6356887332477
43301435,1767.9020065488442
49258344,2295.5836287843185
98631322,1587.4235117094038
69659096,1299.3691055136576
99106028,1282.415323670775
37856658,1633.0960892471142
42881579,1413.4546759537154
77859891,2049.723565220562
81041727,1523.276001937066
47217829,2160.759465422314
53083229,1251.112878203211
79619006,1799.735290709852
87897995,1415.3632962142644
17964917,1295.6724535335695
80568888,1339.305592342494
43042929,1425.8975484467223
62796073,1831.4821655438047
61083401,1352.456020619269
14141477,1583.0014814032966
68306110,1832.3087949886703
43708354,1687.941728101171
73883907,2912.908302501607
75966104,1813.2868332342068
55672599,1445.6180849042912
14917596,1720.830928862643
65294870,1852.314350547822
14049454,1556.23762879834
93295381,1857.8398438730974
27730907,1814.1944732354216
52543486,1544.7159092033405
79427440,1469.9042177022652
46627987,1742.750488551148
63096372,1937.8335555327724
21047227,1637.7234342578497
94588817,1713.7261688335445
82925355,1334.488728435959
20239710,1342.7247019084768
66560522,1398.407269372319
34394729,1731.831025873097
74199492,1658.4706986948688
59577067,1337.898634471807
69919638,1338.0718805474849
46718033,1743.4477816774051
84917912,2138.8414405552576
31599665,1614.2740798372774
39056365,1570.6689615064515
48895978,1466.3162642720401
47094246,1688.3078635260508
19549587,1397.1422811392617
18563899,1739.131457343307
81642903,1521.7829933065448
12095543,1568.8816519071147
67140026,2308.5090379538515
11054636,1780.6363186336803
21698635,1299.0586916443337
23623849,1827.534126269789
71392936,1303.4828362317855
83425325,1616.2413916739008
14553390,1498.2519455528252
70274030,1421.2341591832765
19402442,1323.0650303501516
11041677,2259.2812260436394
77513563,1480.8667044948425
87335721,2054.128226203906
17466406,1794.674296450697
11267365,1268.329954781927
89144675,1572.2163064700885
89338457,1806.094705193391
87803439,2112.897596247869
20104582,2011.674885362439
95781089,1536.2063787628308
66358482,2235.2987921501153
62863016,1614.325499987746
92557337,1675.2054346862321
10876766,1726.2957745679744
70473205,1803.8564100586252
87569671,1214.592589777828
61139578,2477.714697403675
53121878,1465.4733949708316
15430462,2420.767399858406
67332796,1419.1933211710002
75641163,1692.1655725434891
23552924,1565.5329324314923
56332291,1343.6123020568155
83472051,1541.4950077565713
73213649,1333.9432746815771
47802315,1728.6071695159064
42459098,1484.1325079870662
59654537,2217.590405278439
49312825,2250.3205965881207
80983900,1750.3033265601532
58178507,1211.1890335190405
50382416,1542.0758739024454
66073034,1538.0567305708507
43848284,1665.2799944853066
85092410,1770.7466849833618
22321014,2545.912992093896
31162245,1438.9542325192565
26802981,1400.195299633089
89737386,2071.9003831371
22704344,1476.4967660773066
56000373,1635.7316277549482
96310766,1462.3739915316755
70324095,1607.0237300878882
86441629,1561.2470277034695
12514793,1510.2379078531608
89583392,1333.773084410173
36498032,2263.4836594324706
22072881,1501.4416688546294
23992589,1437.8650427564653
25380807,1286.3536397821138
30026993,1708.1901774999967
65742850,1397.0092569071016
33236806,1344.2334217640685
64518820,1847.6427073774946
42371713,1545.388780561525
47924596,1563.456423490341
55469978,1400.3830019058857
29356220,1603.5734192212908
98913649,1341.765716446709
22201860,1905.844198310798
17005574,1474.7578461693197
61767605,1507.5099797205187
63003964,1169.3251248363526
52904792,1341.4891059293016
87014699,1756.0557672977618
60476269,1722.1929636629682
23374773,1656.7786362464026
12887652,1472.7833984056995
11366466,1872.489378840721
62053080,1562.01985997269
21354279,1927.4878400296932
58635346,1511.7855164844218
57475663,1724.5671559340537
44627129,1620.256130806485
29419543,1320.8515256949252
47538164,2175.284684065021
19854086,1494.0153225520285
63381374,1480.7239905277434
55348437,2111.0331524576986
80254443,2477.83969017208
23105559,1435.4345374635163
25129271,1902.3153386880388
40257293,1765.7420579782079
63509506,1497.1004184213296
45432136,1403.1888401553852
19785631,1597.960138233757
22859019,1842.4360326061494
36147504,1404.8189142807548
54449509,1290.9145541709404
81205631,1701.7378574826494
98103632,1702.7489061224655
32691265,1697.8584474156887
72768344,1782.906886573511
51890279,1580.533534980291
48043615,1530.7400375418754
25374441,1370.476780422639
59962384,1388.6016474819114
28910995,1737.7939343824403
13141234,1590.6365169384032
50747063,1342.175986957369
55252279,1544.870102889489
52007426,1431.967649018638
30847276,1552.340874392944
62106368,1630.2061355928338
60214573,1608.6599606946706
40002314,1537.3571069679963
32428356,1668.1895432823687
53658343,2381.839075631665
29161839,2049.460537020586
46396012,1392.5043652928514
62360708,1847.056509605945
43297939,1752.120920397429
12562149,2001.170080604415
36028116,1428.704815238201
87330286,1545.6316408682442
88119407,1820.3504339765386
26750897,2121.2953855620162
49969361,1389.1198044162695
97204974,1703.1184837788371
99702598,1639.6963947215377
52763802,1877.7356145051708
68901809,1777.0282750076155
39208673,1816.2679029991746
54033485,1399.2617757870635
54497531,1280.011249740621
53990991,1710.057402097333
84489537,1590.194833762302
35670801,1884.33565180075
78791350,1597.2878693584285
20845184,1189.169483756947
13555027,1604.1424116931628
37646059,1380.0370880846538
76127874,1223.2048872280943
92134461,1308.0625858046812
35770374,1526.6692150112974
71020209,1447.4670475514731
34171582,1648.6381921408095
50654248,1420.7762484493696
42458567,1894.3749291461163
19190057,1313.7962753783834
54080489,1569.3261719251034
68542535,1655.6839199880044
45210646,1958.1033600372764
59714270,1684.3145603373466
88185676,1338.5087120483852
71490260,1623.9224395152416
30639393,1543.8233059362378
82576353,1680.9970910387156
24335906,2435.794333119379
21049647,1959.243023781969
13781432,1642.958522255398
86079138,1474.858774605061
40000990,1512.7358699105716
73775201,1881.9775346607282
35148701,2070.8085403528935
81596880,1707.307970401473
94320273,1694.4253915570096
36438421,1770.7440783470465
53057217,1528.343704817851
25248077,1729.7480334000527
73038169,1691.6561769610369
73258090,1646.632086073246
87336796,1551.8142259992433
78963426,1832.1941901876983
12232405,1391.3079981537207
86811261,2308.883192482339
43165541,1410.7226463347433
83018865,1260.592556819953
37762842,1434.759467826216
65591705,2108.6487352632603
67890361,1409.58851507826
94753186,1675.1642334530898
93051402,1354.077649769122
18623638,1502.6986836309936
35256497,1338.264845178897
79246585,1621.1161947092926
23762226,1694.7976523600817
67287814,1783.6159811343146
78864148,1881.3532168024574
30658878,1455.5814718977147
97960066,1532.167804737154
19914732,2420.397859488583
23619037,1793.2361546771801
27095793,1662.728342476934
83667300,1550.26722234788
76686009,1843.5252083773194
79911388,1418.185983903014
36038618,1809.7471748410965
91489166,1575.3284472418472
64088644,1781.6504499430087
10087238,1615.502765619293
68403788,1461.210980878308
95817054,1837.9851294665618
57182933,1709.9104206326506
83941537,1800.246448896725
86909159,1654.7286032984637
45478492,1717.32720383675
84142111,1730.3231337099596
45223652,2013.5381128307654
15651868,1681.7153433738247
48952352,1579.9666352965046
53380245,1685.7145332382233
56211427,1466.0895421327584
66961588,1579.1429562465773
38567012,1422.9808951748284
74938615,1521.879143499918
81147200,2206.472945425753
74772897,1624.926007726859
80316029,1670.1549187177825
76791795,1534.624437191451
95549661,1676.5897037575837
91524955,1674.2951676668613
93849275,2019.4320084949409
61885188,1856.0018382828534
17120455,1940.4699771399044
71403569,1993.862374258481
57944962,2047.7962641970546
72483844,1465.0987890809586
45141218,1580.0478017886255
47525065,1576.1633105093413
24379765,1745.142740958694
91215387,1820.9494202257515
39945150,1671.8797284738166
25481926,1564.2095899575504
72167432,1821.5470277471268
15652519,1468.1014945806576
58079379,1230.0429862988333
81779274,1506.1831251042397
11313638,1643.2415861117454
82915596,2012.6922298098186
12551058,1484.0430720928975
69374139,2048.4476091281313
27490970,1473.1061032751816
28663701,1744.6011687905261
51901697,1891.9677297989554
19964529,1696.51302633371
14203976,1402.344650335754
86724526,1451.9905313266377
46513661,2570.959818764226
42464585,1494.937256034462
14360059,1354.1883178395997
72181637,1871.2831488352817
78956787,1359.309852496018
30264496,1283.97795367913
77227528,1365.4598181808362
50534372,1680.1243741503013
12187853,1722.7825221505366
97814800,1692.0652006423672
49704538,1671.6947843950798
31844965,2581.83039190015
89449307,1446.5311795415746
72286626,1865.017727883042
90641879,1592.349029048429
39977212,1712.2981726485443
56406335,1566.1430593728178
46671061,1596.2095995334905
21883230,1889.1772552819345
57754484,1483.166114348364
96138639,1563.7558734104896
48581654,1784.4271919869118
15477564,1717.443710605476
18367532,2483.7293778483017
57040971,1393.2539767832357
24677280,1683.3656725690332
38279741,1405.4885979685214
39630161,1612.4139122064828
94354941,1420.5845901285693
73739305,1397.6836139162308
36839896,1652.2801700276227
60950133,1520.912388329383
34560824,1461.0951285774895
89848060,1852.9458866775199
21727334,1791.5503806401496
96402755,1614.7125856678
99203156,1474.3232576516468
69252455,1892.004529617172
86645439,2607.2820477719297
83677892,1436.7286896220876
22897635,1273.693707643012
45288708,1776.6457932836395
59969436,1371.9865770847518
94774349,1464.8580410066565
16886474,1493.1751349224824
44198009,2187.1727766159174
64700341,1362.3680218195093
64505698,1706.6378188611764
77323444,1591.7406163033775
27706778,1519.2227794024484
59628829,1730.4053087809293
55365465,1715.4839294343224
69970571,1790.440534521357
94271260,1502.2953679638183
52700573,1544.470883637471
45014443,1757.499332641704
71021280,2393.5329258219926
51886091,1502.1958822924585
91170937,2082.2637048568085
92081846,1967.045865737723
95719079,1679.4544089704468
12428005,1470.0160156158238
38292857,1334.320507798797
75786036,1520.6494816863815
76868352,1578.9845528259239
61787836,1687.201553841044
92993294,1498.8089900291086
23885591,1717.5848314765437
40800066,2023.0682025879557
56146741,1895.0621883001706
49447892,1527.253383653784
52965378,1390.3184892891186
93685952,1531.962944698297
89649731,1421.8748979301463
47102704,2563.1082884066627
52908918,1782.6922553022548
77943419,1664.7682449370564
92500699,2004.4622521841754
51420779,2038.2576513375893
72830394,1560.3931771879224
72781023,2011.2976755106276
16161212,1462.7023187863288
73724856,2264.910576370954
76991618,1263.1449890932379
95797758,2096.6588127577734
82786703,1808.0714530466207
77183119,1933.7491081937496
56026782,1294.9994373631118
16589083,1706.4055968108173
47749953,1448.6550540345263
27187508,1666.3989839596493
51723171,1942.9429497544536
56627258,1620.1360152491736
75635227,1645.8148778020845
57547046,1809.022530904408
36631973,1535.4300283090593
17463415,1917.0103801545747
26674861,1263.8691399926315
56995341,1385.6238393990627
26126144,1132.2615556820126
58450363,1982.3431430357286
89312269,1269.936026396451
16817991,1525.4288093670139
84965319,1696.7385913564387
43319013,1433.2888139210286
44400321,1479.2859172838973
80024230,1742.7895291294271
74521218,1895.584947096107
44832141,1650.460573427092
70162625,2438.9872333473913
43589357,1739.1638355712917
14100726,1959.2948734486022
36520084,1654.6338124679748
98999098,1513.194155715841
14148442,1473.4970048727178
90033275,1866.407684986007
19819492,1308.0914351797
94929441,1889.8138306140427
64769677,1728.3862921445384
80605119,1580.3606303732174
61896581,1296.5288634150365
25053770,1509.3262894906538
74893395,1538.965395445754
53560531,1401.9799466976742
89710260,1557.419229754779
93875018,1313.552310884507
64766158,2090.78848721271
54305179,1808.0599496755885
30403292,1614.3650887583249
60767564,1303.0234195890796
35303188,1167.801513233734
21177257,1797.4063602476338
15350431,1492.2691249258419
19112314,1444.3958471539502
10078818,1793.1773638742993
23150338,1419.8289479249822
47635759,1440.4858929109007
30605686,2025.8951768565664
29709781,1858.8881928083476
13735642,1349.144047772759
99020214,1765.0700200288368
28873624,1876.6965198847092
70890497,1547.0340024446095
99675492,1221.5265650017918
62216584,1367.3330932377248
84668724,1636.9621451677222
88738488,2012.574990013789
35683009,1371.91938056341
72816721,1545.394528868593
19163259,1404.3668983919267
51202613,1617.12854005034
56056704,1487.926237863882
49879334,1449.0521661845917
16786843,1542.2555410409182
47533115,1741.6899983395936
22109413,1509.3230072277418
85518746,1290.9573726775245
93362991,1522.7092073947426
16124077,1500.879099223845
76182432,1285.1381312259498
26790843,1569.4383004027097
89672220,1820.319131633439
12756298,1530.7729485722673
16926806,1903.2357848634417
14000956,1479.562192972412
36806959,1549.9574339461117
87017954,1866.534817442416
43944283,1744.0377104701643
44101724,1343.8193233267746
67316534,1498.8863377905648
88490548,1729.8798257883789
88665651,1881.2343882968405
83830852,2339.1156462837944
35512699,1491.754716650412
49228670,1781.8103958097856
47172196,1409.2524667521634
86195285,1834.083022587009
61100752,1750.7620271547228
23609539,1566.3524005273953
95881788,1425.7489616614612
44925764,1656.0041115917768
83971268,2245.001648238874
17370699,1475.377750990769
76384877,1596.811768239148
93972349,1861.1468515890256
64752973,1704.0395217480973
22747583,1895.645431764797
38304968,1969.7346353144144
10235307,1561.1427966035353
25779125,1659.7642517278414
12843653,1331.2656640081855
78094768,1739.8524355681525
10635284,1803.9832339463087
13687234,1324.706573924577
53936042,2159.2983588095317
82732686,1272.1368654521077
96543781,1502.9022780339915
82228529,1245.8867105045338
12775154,1554.2566977442104
55255907,1531.9809505896258
32916130,1621.5978968028382
18504284,2251.6518879826554
65825890,1719.4670882161406
33391713,1213.0979779912514
93331533,1620.3983673036637
89345152,1712.347786635121
46576484,2149.61583333573
33320733,1679.0475445561478
10724817,2085.379909607971
41244276,1405.0175029678126
39841607,1205.1206458164418
59463885,1594.8636778866041
61317492,2495.7760426578798
33725830,1480.3038404675922
15316450,2041.9327625445917
53318939,1459.4285389863346
82300735,1501.8886843614505
44927585,1724.6858408069904
80951510,1662.9010693178836
51421456,1855.1337438283128
67936055,1985.5303026338604
48065777,1521.909898741565
56103730,1988.3453568069222
40566531,2094.1139078672027
61129612,1379.2048524253714
72015593,1322.678704795714
73826407,1585.8721628753083
88021730,1358.034551228939
85653819,1460.1532274984602
45194339,1506.1766930481972
91086895,1541.4230524739003
51919540,1686.6632891211525
23157322,1956.5382757853486
51628095,2945.9691105046722
96537190,1329.668425066568
53402735,1445.885072312882
36360155,2155.042139644516
37694507,1667.3496889430905
83593533,1464.7104919736157
24284452,1790.8614022769139
21000889,1830.5420760053257
18518898,1497.3389805080915
11533995,2025.1488482196444
91728492,1951.4801390784228
32889326,1307.109112353602
16392740,1305.0736920998982
93954664,1498.1053748252234
40527969,1682.9120187770966
13359501,1391.9569026802092
54613106,1483.6516516255451
89494294,1817.5179653989385
43243456,1603.8760960678121
49320975,1696.589233274566
66824387,1800.7382197868203
13395531,1603.904332991297
84702746,1307.3180219130534
46376987,1783.1664076982659
16949551,1423.2066362568899
76113598,1425.7401826082012
88051686,1926.3058351996021
21575972,1625.265070819688
25797068,1544.883338082218
46519671,1586.2053059539098
62958708,1369.1713550604993
41163598,1482.7890327153557
90108134,1577.0750364661662
40305514,1220.441063852394
28323820,1621.9700060278428
36148206,1281.975748210129
41903222,1498.516528535311
34111269,1732.6193405664746
22460898,1430.1382828599453
87095926,1856.3859582245807
99063606,1236.6506952748603
41090287,1959.7270340423195
76553835,1874.516698788058
40520930,1871.0360306334803
72499276,1619.0479247350172
40722377,1658.8151673453735
23596828,1402.5814957891746
94118199,1409.265325225258
54177823,2207.6726063721935
32744353,2117.5256397993408
83540534,1626.4839958458253
60135160,1538.3394967389424
32215997,1345.2016737619197
60591783,1530.0531753778573
75534413,1567.5889068980814
74381587,1752.4200553968706
83928867,1409.660895970318
31779925,1993.6532177752285
71389415,1910.922557778453
36657020,1508.4744822735279
52833217,1354.078157915079
43206206,1331.6217929797128
21701449,1637.6587894575607
38073031,1274.63262735866
34369333,2239.60393921823
92620587,1374.8602057906335
11512547,1686.3214614583924
81501365,1629.6024877355455
91014044,2054.0181211598365
90225400,1654.235799382877
77353219,3105.6928127792344
55291546,2232.7891580804735
22923482,1447.8767110774722
14288303,1500.4008581981818
55909136,1487.261656017109
41957261,1724.341556061174
17675131,1871.1230295670039
13490253,1627.3327108244912
79023756,1490.7777522231813
98393510,1186.2455743923492
36169986,1500.0864311012806
98879925,1645.1055899356768
64713126,1682.296013702941
54807445,1711.6994364750283
76751871,1677.6502496046521
98441518,2028.2774447873462
54149693,1476.342478408647
42794612,1781.1571267769575
76036112,2065.5024979789696
14657728,1632.945413713432
73292737,1948.3048554310578
37897222,1634.8598941497944
24707301,1479.9632233252762
54570938,1687.1345507153173
47969890,1570.913976405504
86391847,1684.595858415013
43251995,1813.123615547472
61789630,1943.7458540683974
12601759,1329.3000542758396
86045386,2164.123951091539
67870680,1481.6216486325038
92603070,1607.3407236550452
45118743,1859.2767470708693
40352166,1580.6982829677802
96817260,1753.4827592865463
70031890,1347.6564470283458
18280163,1661.9890503793115
84418154,1174.1247041764136
50657043,1350.8133910451245
24196657,1459.418686302357
30339428,1612.9246922818609
97021401,1704.2205222872396
35926246,1912.572392123516
78296017,1638.6170619802213
91378970,2094.3872140281082
80348783,1413.410158053203
90424864,1639.7240887654248
65449342,1697.6555164197655
50552285,1970.0911260461896
96371635,1892.7273347563919
72833770,1546.9411483752342
94834332,1626.7968971106025
34291304,1807.5333754863175
61020465,1775.973348050751
58556746,1601.6753847318591
39138083,1725.2661460032416
25334186,2284.582504357855
34764813,1661.8643552200535
37404139,1432.568847188477
44171473,1648.9794654966684
32137098,1537.1825135360782
72644851,1959.9538595741835
57301182,1299.9502924675232
68777856,1438.850280300063
46687209,1534.9339538165043
69167315,1451.9724649558068
82057134,1683.686352428449
28611499,1328.3163546662715
73817431,1833.620953041195
66885663,1924.4439703443713
81244724,1290.8552673349984
17815149,1812.7086017720337
76792976,1469.7426008048487
32232188,1641.1250876080237
32884692,1496.8354930839025
51904668,1765.64162874629
54177086,1530.585394427875
79785130,2159.016509522481
24791309,1576.8917300993228
79748184,1338.397626727111
71076766,1586.554623966967
91713473,2362.3543716708127
21889636,1958.4783238657085
88684450,1296.7218586912907
13868166,1472.07562560519
72609306,2296.0608459430896
40230821,1446.0853397214867
65326864,1626.0411584129338
47873334,2188.8364908900985
38502225,1564.0161277959896
78086792,2083.175476130441
19000370,1783.1506227367947
18794356,1709.3602547865814
15695931,1400.0274994781423
69820899,1705.5732000157093
42730808,1500.369477528897
55693372,2178.793327024241
39793167,1676.3159766548617
42174587,1202.5522154521664
17562701,1647.1415135781133
75887228,1728.110642277629
86381737,2064.630244933147
50478816,1670.7135404425042
59640073,1531.9620537677774
76678970,1770.7057598271413
23159711,1635.9399635465911
74146213,1532.004776255914
73679527,1549.4774184644684
83678670,1519.5787312514517
82153168,1961.4816560928323
81585077,1510.5498589813456
51172809,2080.6248625693506
93348209,1621.7770804333145
40526730,2068.2857694593167
35477741,1492.1007387914283
26904107,1703.5639639810029
98083773,1375.3749213842614
62394914,1681.8807289038152
38403298,1373.380720429172
19395977,1875.3893562682124
28561023,1386.0144126584853
45885910,1864.5652627917364
95086890,1274.7984370638299
19776574,1599.467359826585
60586201,1625.4728895771168
89147481,1297.9269281619067
47209892,1392.3746970525528
47476854,1766.5495648870944
60953282,1419.2139023862203
72001460,1364.6882663529573
22546493,1780.3998329510032
48912589,1897.1858719465092
37241017,1687.8859241340087
40152795,2228.049901583213
45771924,2473.242017505918
70307319,1763.0859086731616
42825484,1461.1814068321667
32535623,1852.0287528797915
54789245,1631.045908508235
72682970,1572.9234027990692
51218700,1890.867383391049
16039328,1612.8524305001254
44678506,1930.387949816252
59530373,2189.4931440885885
81467001,1370.5980187451632
50258434,1749.6703996588008
27681355,1532.3629498524374
69431073,1845.1706995836084
93968709,2075.455011710637
56478207,2126.481156872303
19466001,1956.2745427622845
45204787,1881.2673100087197
44120969,1209.4252667763685
11347094,1817.2725254137542
33817003,1515.7042700320355
84812841,1939.882173394021
82947487,1658.476121846704
22317982,1612.8395904222277
95086863,1951.570028953049
73084974,1377.3368256614415
96665202,1701.3289609472108
52954565,1752.968893902119
22781049,2114.957182901843
39742164,1790.0216626426097
20712973,1481.4262214139712
76124953,1922.6918336732874
53726970,1876.336819163912
30895251,1702.6730317892077
87940348,1598.806889214066
95321478,1846.662953974446
41613207,1506.9615486594034
64780104,1349.4547643651279
72574405,1599.9795461381448
87909513,1830.9675050552507
80918662,2120.7470387056574
50842195,1840.0967019912487
37167999,1365.045232978842
56430683,1708.007984939563
62519911,1667.7423418638443
29251792,1938.1602927092374
85925973,1593.9393105517474
34644536,1464.6058934172017
39276706,1361.4071427412905
81892516,2142.0248446925116
30222761,1951.1285330404871
10422044,1660.916319057611
28074362,2086.5811232968786
64967123,1632.652105650382
38282963,1631.58600960742
76769818,1232.5948101052022
81835353,1389.5465903397985
34737343,1591.0323994892085
51032996,1497.1977370677914
32565254,1593.2813031007893
51764743,1705.7925988554628
92831396,1808.3550913071206
84077215,1694.3153186339514
77480283,1204.3890765735146
52724196,1321.5624893030251
78039908,1602.5003435011147
46605850,1879.8714811955713
61041851,1720.488545267884
10551671,1481.4510105555369
84956232,1709.4604104159466
93609795,1660.6289390391403
63261476,2442.6383814264254
78773692,1763.9916173890028
41527728,1433.1535905591393
86838609,1534.4708602052697
46835475,1535.9645111296595
23285553,1409.628821330077
83082562,1757.5892750820801
33889237,1613.4277140686265
46836989,2051.038913456702
42683388,1500.3216418781967
15212938,2400.496971265152
63857629,1622.4735231621737
71736760,1284.9519838974875
41166882,1618.0863791206377
88287708,1647.594610740882
68218612,1586.08502584067
34505104,1540.3698528326702
50756606,1840.0176366556095
40004505,1659.623333139608
89798576,1675.0994665076907
43860123,1470.8732732047956
93655218,1826.8464004273474
71051446,1681.9099099190387
93380848,1862.7945126988757
27980449,1304.2452948506627
57084880,1363.969937063286
46438239,1535.6622619927348
30942515,1496.925406320201
19590564,1716.9970388977515
83623165,1395.4959573924175
76716085,1987.4115424659765
60666996,1528.6655895473536
78361983,2163.956174283122
72701952,1662.622202230095
74922910,1715.3688808563359
63759907,1460.603660493417
68856134,1796.523494018726
79795778,1387.3479341874843
97178936,1246.192697064375
56185778,1642.4782614222522
48290079,1511.2382602177363
29392023,2057.319525763942
54780943,1305.7611087335024
97751068,1407.4051368167995
69746506,1577.7923575060015
55371174,1955.9677003650506
67781652,1482.1989245984992
78245291,1580.5286847637217
64158812,1503.4605982500077
60974365,1597.551898185017
12800790,1459.024514870389
96154030,1383.0293281405511
98482327,1543.2949917619114
17464700,1442.7285487427537
56270967,1489.9921354117473
46584495,1702.9354438106238
72785702,1293.3553687857413
41281460,1340.8882968350529
80424496,2142.8121657147526
18835766,1747.8275935798497
87502261,1527.5120559247418
96135205,1433.0097696385633
26258289,2959.1578932797
75302604,2002.8980741726768
98645752,1642.2505563881205
58643859,1846.1332351408043
90141148,1675.0978615691786
52181895,1600.336668577608
16710404,1510.8608755161774
26056734,1681.8177707181517
39602380,1830.5063921209642
66983144,1413.7198348050176
52507579,1299.9794657458501
97432890,1456.6569253179734
85547503,1485.1986648005445
63906202,1386.3895419917808
84599750,1833.1305796810548
84325254,1428.5186019250007
39975048,1601.8628646426412
81574706,2513.155976894617
30468791,1657.5283886467325
97533812,1622.9786695967055
18711694,1319.1647813969832
51787778,1925.1171457311113
61409887,1842.136127360734
22014620,1449.849410762463
38836545,1707.2332059316086
87391833,1329.9008066440106
69117778,1264.524532287225
68122788,1549.463505054235
51241051,1412.5575809381994
87186215,1580.8209840024522
84468326,1598.6317058934205
86410473,1420.095134296969
56236242,1857.4936695921463
59626902,1644.3361227680662
66112801,2509.5005074580877
84626603,1542.1880582060244
68630773,1413.7813219363675
33563434,1606.149123711371
52975992,2006.2439642771583
26817104,1885.445610558629
19501484,1516.727062434194
62595745,1530.3487522037242
41563117,1583.7852096696913
52796320,1593.5790252450183
21489695,1687.35931192545
56658010,1714.0412189178319
91048109,1604.8248753017992
68814610,1736.5820295593537
47089966,1374.3834046686234
79261064,1839.5320113702471
43267298,1790.1030004705342
35491922,3226.775127614137
91103900,1476.0061209068642
81885878,1502.325880071676
10004659,1545.5713503949796
49810234,1364.5762657336409
65062190,1726.4762570484763
57566037,1667.9589714721344
55754004,1997.4902108025724
99179360,1930.0090837490443
67491962,1597.6520044864571
55660033,1816.6879051851556
96584547,1459.8188222239905
36088377,1506.696134996163
97242422,1536.8392823798588
12109366,1357.0736116629419
57248099,1553.0777813020427
46843789,2345.842610753555
15574311,1309.2603305093214
39119987,1643.0329301513007
95964371,1573.6720929189485
93965777,1417.1670537987804
32720737,2000.3246604419041
38011636,1540.4362194794057
28738450,1330.9637975374912
82845868,1812.4264757996666
92357814,1489.9323555564251
94273774,1915.6317244624247
86770972,1892.3708623252894
95965665,1313.3343980170944
80658412,1578.923938887449
11188732,1425.91327266072
78466957,1975.025416368724
77853776,1912.7829900677993
81589793,1323.0455744999338
49765777,2130.982624061323
88579415,1825.0056132942009
65011154,1662.2395830221967
32352609,1409.9467540824128
25644810,1549.86982926005
36867135,1444.4641855291413
88848522,1617.5683251459955
54293859,1413.8684846062474
33019527,1446.6890130696163
46924492,1470.4581205548236
19488750,1428.2493195550019
94594464,1466.6771437135708
73247876,1771.247368563388
71373451,1538.3539872151646
27655514,1545.703427441766
94112335,1483.5429796438032
79135715,1415.6682662930893
69231521,1523.2778998494869
11994136,1418.7764575736499
27288623,1449.3061081229744
88123955,1199.366754682383
10000265,1478.2730078772263
79772833,1758.6629890053182
93882232,2521.878736893198
32109681,1467.8811359098183
65404136,1724.1659216152882
33831079,1407.9457428483245
71847266,1255.8302829915565
81003839,1415.7574135914545
19285579,1658.2195370847587
51911514,2058.4463169848555
55539434,1729.7149323122658
44536751,1529.9336120071268
70028057,1476.9866056580756
86860126,1603.848143342325
64254454,2048.7283870654796
98284782,1495.1811556076582
34610652,2093.578151421105
75568847,1846.4545130597867
65674652,1618.8345371539997
55019276,1680.7600511167054
55592552,1295.6718155235762
94267636,1542.714473118821
69222634,1496.0067290528302
85591369,1676.309914788899
43835656,1702.4512875422554
87803052,2038.8256097453195
26232040,1417.5309519209252
91061668,1749.4151123629576
30001734,1561.2304214377425
64074995,2074.5020026390266
98892450,2442.9364550257123
30473837,1547.3412781226323
95158643,1843.6318799189241
42377220,2006.943600465019
64814717,1706.196984294272
30148862,1734.958893388336
62010302,1637.2774867896578
99477712,1553.4248773857869
70875105,1447.3922398043508
20465640,1481.1199358149418
27850961,1621.364568189676
44835254,1471.759229001812
37634561,1607.7604272577553
46702648,1757.3988104265734
86839823,1446.6372779538176
67985741,1439.7314275877743
27791703,1388.7367940010922
27289673,1645.884873437514
47043760,1984.1375830463062
54808934,1920.2733660377555
98155995,1607.2548303888918
69341643,1776.5743680635483
19401682,1754.0234145502948
97496254,1473.7578726090458
26009392,1400.6072589849396
76357312,1397.7201296839248
60644292,1579.4815357689888
92095667,1294.1890146856867
16021125,1571.3098972321516
52662306,1540.0472066834234
22527415,1684.4973596885704
11178457,1394.8032433674025
19452873,1621.968058833496
89463603,1717.2557148228211
55778959,2031.8722612391916
45079947,1863.7229949653563
71913651,1588.2327496389885
26030335,1931.9718295224227
18887144,1437.428228796258
67192573,1538.3044494526748
93955593,1689.4174300308323
51025425,2209.473910392945
59882564,1632.821905475006
39586553,1931.5134627439572
10235871,2261.5419634057407
44636319,1672.043181352581
37290007,1882.9065500010665
14108687,1427.1838272724244
34932666,1422.57458671503
80941617,1346.053424541582
54682782,1651.0474267377824
89652985,1741.1642331129565
13137515,1773.8705429448348
69623259,1300.188052466051
58672181,1785.8688874148281
19145583,1669.3061731512485
15756823,1769.5991402711347
48404289,2050.7157967844482
81082424,1595.4639952792793
73224913,1977.118148435487
75845341,1923.0975933286509
98474913,1526.8474168254622
41962691,1244.7548393733175
48961741,1621.38961917561
87593653,1417.776691438376
84917993,1425.4610258795974
24081947,1472.0132949425674
54462462,1714.9966301970503
51963469,1778.779810191246
94467679,1387.0807558751303
31642363,1818.1412890383785
66097711,1761.515058250548
12884742,1571.260565972205
94999391,1659.3466540685947
44605879,1404.6904789226774
35787017,1730.2289526624838
45450960,1490.731377797152
95291199,1542.7314396582597
96016558,1611.7118946770438
84566828,2031.5631902745417
47412693,1521.5636622848037
49029700,1822.2194359629066
60010012,1593.4842152450021
75883768,1233.7360811039457
26202342,1296.2110919681522
42317663,1341.1731014294514
81534336,1339.8217347546497
89007837,1812.4370101138068
55830410,1309.1244067669697
42889086,1305.5906982555011
81610198,1659.744679898472
17452253,1268.14918488209
71203731,1891.6523849812143
80449971,1504.1302541546863
69429731,1814.0062803158587
54605956,1731.2372496092826
34299688,1462.5942154308407
87819668,1453.6994351826263
35995429,1636.506155795752
79395935,1640.9781718406098
77309412,1454.430585921011
43863935,1973.001612169513
25184246,1685.340982700279
36615071,1368.2098422023778
38474717,2033.6523401860627
93825316,1658.1232692776557
33683398,1522.152976095215
69346242,1654.9443531438599
59095929,2193.751779009459
87118088,1621.6429701194072
45924958,1412.5160677393878
78591323,1934.0813870800357
37759814,1436.0558902492912
79378632,1628.8722207770809
74799649,1896.3529531684992
53222755,1701.0490317501237
36749663,1887.483190937679
48476133,1379.0157237987105
49028666,1585.052571257819
74177764,1660.4060083744087
14771208,1247.4802964588066
53613430,1228.071933124952
58749152,1444.4724989522647
32751897,1539.5439275533101
26470651,1675.8193544048388
35002941,2080.5633614052376
18541890,1250.650921668722
57596711,1268.513398454447
24072464,1914.730182398809
31435093,2353.7533606094903
30602585,1760.6405433873388
75360000,1569.8793215648016
46273615,2054.1608873335763
95181699,1320.3079303225409
91310621,1661.9736844409072
82017783,1423.3348028561097
70908643,1297.3906594071786
15861638,2089.4451702803344
50835625,1347.4196429650829
28964861,1712.7058214144713
29864397,1528.1966510970167
12057084,1836.6431953222452
28334945,1719.2385664898109
60084019,1667.2342347166184
63996133,1349.7026590594487
24215888,1830.8518917756896
73974645,1756.296881996578
75072747,1399.0119452432473
45633768,1809.514231270909
35646913,1679.4544089704468
53661067,1409.9788002017604
78907585,1654.1000444140627
76922109,1647.214053976998
62248680,1814.6729670103812
73320273,1486.8188453873536
22179940,1726.5412477797524
26991418,1390.687312271479
21855522,1627.4593287244566
55265808,1649.5372049371922
58224140,1872.603327362547
19913819,1448.8239413030628
90275479,1550.401136945401
97988475,1693.668444593435
83636674,1682.4692118904247
19875524,1867.891833068814
90421480,1615.8803738873162
81793670,1907.1909459941812
85521270,1902.2705354719665
97359529,1663.9568063621757
91814930,1461.582617258322
39016297,1714.7433582932877
94156929,1588.2797832480865
45023538,1642.145734676153
58269517,1467.9405795254736
35694304,1666.1410453701178
64951262,1518.466466211827
95920942,1790.859848691924
41847450,1574.669151975545
15255858,1321.813787392761
95924527,1646.2705261205915
12518283,2005.2711579039355
99811369,1436.4866327276447
59569343,1546.2193403888893
47206769,1409.1880065249268
51079651,1827.7486176160007
23194465,1774.6285324226749
83356805,2097.9914319094123
26586384,1569.3093192279823
55548495,1311.1825526490538
86324071,1569.057964701102
75101749,1652.6961502812246
16463144,1429.3952023881614
19396787,1465.6841707666729
33279246,1958.091018171527
49233593,1569.3999139692996
48210075,1772.4939034082024
55054820,1765.6133397038336
96257897,1397.845175776748
51430742,1901.714728469525
83437485,1551.4119265636052
50578351,1820.0300904347569
97275251,1617.0492506113596
16222585,1183.3365579906351
39525336,1910.7473099212855
78481250,1749.0027713179538
90967247,1604.1271041900063
84855982,1695.6432326746044
57782649,1728.1966411942321
77997002,1577.2013650253225
36215630,1501.1685628923817
95580912,1530.0652881408607
59034107,1467.4596360329313
74775777,2479.2297796710936
39971311,1245.73917022502
89020638,1317.5807500960564
51169286,1345.6326169131207
99644215,1856.1747981423853
90744203,1660.2438457878477
96320211,2075.262769876289
36465697,1684.5337063864722
86214609,2001.983042041187
81033519,1676.90695959857
61860616,1340.2010806227818
11758072,1386.3806510912336
72796099,1378.3000750034964
12154166,1750.1790144532404
48588483,1296.474832805214
75800458,2016.7891577445746
27360889,1914.3516368589728
84455620,2138.07117184478
94594944,1477.4379631406666
73063439,1753.7173205159465
81513909,1766.2861943222665
76078349,2139.5129231168557
18738053,1770.3692458234884
29574045,1761.9020015853405
80540560,1615.7656343224337
25751173,1447.6022601053567
26008933,1844.7595267717693
99638568,1543.9453061140532
16106243,1815.714465702728
46712863,1651.2639132114396
62434322,1511.7822395624219
41483187,1650.3079825544069
56776930,2140.8654568689044
79612305,1494.6571250595039
64780825,1867.4434027156417
45536007,1494.3721750591294
46661025,1742.392304919459
77061678,1458.8267440654204
60393588,1846.5775059378097
63346660,1611.6328365376867
27845955,1351.372171538093
55504400,2008.8519408238697
29005367,1300.0031867714788
22069246,1278.9792888198767
84008491,1622.6799976133623
17133631,1225.179106380332
84832150,1458.6713660596129
45723864,1547.624850492767
43493787,1211.278454726621
66097518,1407.4909936604345
70168465,1587.6921302544727
94063743,1321.1546803552046
14576418,1447.0609307896445
67277120,1443.0631275245837
94345958,1947.9820309983797
30685847,1570.1160663574576
85948230,1691.2954847042083
89817663,1559.2659114619041
32957921,1670.3537314439334
46701128,1621.600937361472
70035645,1618.0612917795222
60395047,1654.0833200372065
88839252,1714.0043964509703
84131490,1552.3972339908091
75586325,1739.23020002577
80103534,1625.8524820402356
43032685,1582.6212806501753
15972126,1315.3787074463432
41404247,1709.5863173751172
38893753,1300.9665949259559
73633779,2002.1470544200174
35904393,1561.765793477617
24714022,1730.821144908922
19048345,1644.8079347543985
47004008,1593.644651178828
94742593,1573.0943904833548
75269823,1371.36522233734
25552669,1471.927112927234
51828771,1373.554188352783
70179002,1419.3760035882483
38115411,1797.0268160248934
40317565,1803.2663834240889
21110207,1385.892734028396
84762082,1586.0082229912061
48690899,1683.7211831356863
76594160,1280.0974971474725
54192522,1738.8936836423336
72813893,2439.9427365284355
21004583,1517.0919338574938
64817154,1452.6872179345844
42706195,1351.9374265184617
48103074,1682.8642588837488
21878260,1436.2973833678254
36272220,1613.9200444078883
13817497,1330.3965665553421
41737305,1862.330725797613
45517239,1625.9053455481564
89500514,2554.445598611257
35952974,1354.0266599153977
79180368,1815.8411537150507
49972479,1604.6326505434413
16468436,1830.2870692630793
66415757,1270.6262713089634
60737619,1479.017340885059
61065232,1818.3104202668642
40172654,1386.1202494842894
89609665,1518.626789684444
23952725,1682.8057397009661
72896307,1958.2340090058274
43835334,2635.3606479677555
15170417,1635.4426762567607
67479665,1677.0301211326573
33361674,1739.7164943802206
44130617,1432.8718342652173
51579953,1372.6247876824864
75908580,1956.7965757203613
55554604,1489.2034355581684
78855633,1436.0827823444324
16657542,1543.1374605327478
54732615,1592.0648592011396
61746292,1995.0249744160742
57869356,1303.160249774819
29926611,1255.1017224792502
75275045,2899.1025375997788
47886535,1477.871498567134
44918482,1699.3453652211433
78968246,1583.043938718996
54136456,1446.970453929232
90807736,2075.55708023219
60276696,1588.9345347134622
82048962,1541.1393067437652
92669446,1395.284424867991
48680297,1702.5662838816163
20902349,2541.0511380289217
56991657,1274.6923109245045
47839152,1646.6895020301101
78844128,1729.0261795213207
13384224,1580.6153513818454
46213331,1849.5317537896422
34116626,1458.645322532909
13884884,2578.2334831967155
86060261,1477.285825373255
33698474,1398.0887829488179
65729973,1728.8725970105288
10671871,1881.1346248469881
35704807,1533.6895347632787
55231783,1479.2891929205891
62208192,1811.7760365505062
67563103,2038.71276008042
72548470,1724.5848794029507
35725437,1494.7658565246802
91119982,1508.687286470504
58303560,2371.7044087037975
48430844,1602.95538674193
17825416,1711.0319599531088
97821966,1706.2601875340654
76538437,1722.4181906936794
46855429,1245.3951684314566
70135617,1840.8376759530245
68330883,1412.581116540263
82205109,1531.4133488608911
47743752,1929.93341694992
55059767,1711.6927804738232
88243398,2328.590970929212
44699350,2495.9091805043927
35330178,1425.1141700217938
25203468,1605.3261460217907
40479165,1332.3362347194643
10947997,1471.6286494490798
76351104,1212.957968783034
11445786,1413.4512568765817
49470754,1412.4918100218786
25466549,1555.7296754167432
68081302,1563.5716147920357
66965573,1366.586996919164
91230160,1498.6377975304506
44322697,1329.020644683435
17542284,2193.745766800991
43035885,1859.9124308569085
73926094,1297.5725211245774
64948505,1512.178287301964
78950808,1395.614742878596
38422125,1291.1455853546076
70854487,1939.9355661610782
96303461,1881.8918253383179
46698218,1755.9396554983707
42918073,1879.8865866116882
60976113,1739.8353738017772
80414616,1228.1873170080626
11919826,1961.1346098105178
78548658,1475.0687056741745
21857739,1987.7435443796594
29877271,1275.67426255388
12698388,1698.1926670968912
11871707,1991.0157438063284
80819542,1475.169922924622
95941128,1911.1527457167767
15401105,1922.707466416612
32754426,1471.309912413736
69235267,1480.484446807627
71590075,2051.3603613089285
93562904,1657.0839134376931
48418506,1337.3852619068387
91190923,1601.0274091838664
33120061,1790.4897690632765
79992717,2082.9137860054443
57263719,1981.975685755629
97902872,1511.2115819249834
11659952,1461.7761110077297
19463140,1469.1948975605346
32523829,1856.7031795092455
91862885,1487.5240104306154
72799092,1345.3492583641903
53477503,1539.6211659395224
66993460,1532.7302855585044
13665562,1943.0879186676211
80709687,1518.9925029410742
40330962,1730.0748776799305
42684844,1617.4457823997316
27675885,1544.592731927208
38250322,1629.724475528395
63478776,1354.930408461063
62285686,1562.518744978182
97553472,1859.3269107884694
64732641,1542.004093397234
10341748,1661.7053584476605
34930451,1293.5087882635964
53726168,1636.4488785559427
69426758,1314.6852841201319
90029637,1697.757665042038
94611401,1518.4591779311174
31394855,1683.3978278283446
36645175,1975.9380827431721
56281801,1584.549683633846
12148162,1595.7612766204645
18771087,1668.433432290845
15509457,1751.4342361850718
58811830,1897.5209709516382
73003066,2150.108161782569
34190353,1423.6974215956034
70731913,1502.786651410701
55320872,2101.36232369319
41886703,1825.0534934776535
16884593,1738.8466683972265
90415325,2447.815026209745
28408198,1927.2018518549467
65914001,1562.5800287968602
75122895,1757.26343267757
80177938,1433.1132460535475
37984269,1312.4341748123813
81491790,1736.3208513650995
37294085,1306.5362189813045
23335477,1647.066417740027
74996570,1640.4104408736098
11602841,1567.1814905844726
70152712,1811.0863889192635
37504288,1473.3029687766473
76619689,1394.1281768268898
95075447,1666.249235000719
62779399,1729.726395117756
66278648,1650.3471284587358
18002070,1652.2760818441523
94135062,1413.8671556539998
74396322,1690.7257983697718
97169764,1568.3116223370773
84630384,1792.861000091823
46052909,1492.3287485798674
60213474,1369.7870148964437
33797784,1238.9541430017402
59759309,1988.4934917003225
47001738,1722.8963189315423
76899861,1971.4824597962831
54444766,1724.3239217595587
26850612,1679.4030524313764
22468145,1944.239440191403
39243645,1631.8446845788114
35759583,1408.1462169754307
92468992,1589.6987668687161
68717112,1722.4997636018625
47344834,1296.8669227718676
52115284,2313.6920690211828
21042322,1603.159378012516
79258805,1792.3739393328026
51304748,1795.7678367856695
23253686,1275.9698908934909
43275074,1668.2119622719524
81602713,1771.6705475741371
60924053,1672.9168974238196
50363853,1277.658187536067
28412591,1399.6429768298378
65145713,2472.114029732762
47077663,2071.9334221903455
58136966,1770.8031547333742
67034290,1517.6299427312024
72057747,1741.2955717375103
78034116,1529.9738262582268
99365155,1685.2221065805606
56151729,1634.4012594828253
68997667,1558.838771042549
46532370,1339.1992628910261
43276809,1503.3737474552374
70460118,1882.0313101754762
66150334,1485.7635305540414
92614050,1596.3524566669635
69313526,1618.5965332976834
70949373,2000.9955965267598
98595102,1425.728507301092
57731071,1422.8282183503136
58855043,1772.1326752706193
45456441,1801.3457187469762
39733268,1714.416545533864
71064725,1962.735056130824
29668017,1836.5409952858288
94555207,1749.9189713698865
60811404,1565.8106669480444
53154973,1645.0177197896835
79534885,1872.46046874203
82049293,1446.0541066045007
19578533,1654.955313737957
66374977,1632.1669218317334
16850211,1640.556352905536
98217866,1250.424497945042
33773989,1257.0503491112459
14998381,2113.01803580382
92421507,1743.97270155728
66591282,1527.312516723366
27243576,1560.789554744025
58962954,1915.3308562927093
62891715,1420.8691902639532
40256776,1563.7542334963903
92014626,1583.6244852312782
68868046,1881.9977329215033
47811896,1809.7909168990057
86438296,1542.539456636674
10421272,1492.2225950361053
56519274,1920.9675355213642
84854339,1910.4855869996165
95049673,1968.3739333985482
65578696,2079.9255204358155
85747970,1440.7147218470895
69874974,1353.142779325496
34594425,2586.6197396965117
14874183,1927.6634789123934
91643227,1321.23587534974
94998930,1987.6684341184389
25184219,1422.1608505670017
78637662,1663.7545258688253
40102355,1744.28379305788
33004293,1576.0278006949072
85498300,1703.1803811863556
37721019,1328.182629153169
78482421,1327.0300031248942
81912650,1596.9738113538915
86410146,1543.4911690664323
69095320,1682.9986363614582
56569332,1529.9667734524267
97340317,2012.4937166556851
37533494,1587.8311531297131
55430447,1603.4937192411055
45610406,1185.2899796553047
64085140,1394.543467967032
81416250,1564.9460231676921
70034683,1489.122223424561
40315264,2008.468504169753
73160601,1886.3975401445307
54677638,1567.4763882635616
90571590,1935.5512433680217
84772888,1522.5170769946558
90285847,1666.7369418651274
80203339,1867.8439420107452
73536003,1702.736664784198
56021479,1354.2803306997066
10526589,1651.0063594803812
23648848,1548.4531662156505
27805990,1791.1535246942035
46740683,1641.007073439954
66243364,1915.3049527135736
88626421,1519.4916874450357
81009655,1740.1275117809164
47576712,2383.3677991628338
73803450,1504.7922996883744
47427075,1602.9626615636867
72540520,1657.25228155676
55407503,2102.9303636927207
49275948,1686.4927021436563
74312584,1434.206796587923
84174297,2380.721107207176
96261162,1877.4440873930046
22879870,2061.7807724410986
13933179,1382.1054447726638
20116066,1309.2467024803152
38689361,1671.8483042659018
63156536,2005.6975128891725
95340838,1674.359440485125
75352375,1483.9867929166878
48265534,1614.6410372257258
74912030,1347.7292285196438
70071430,1555.5278202387572
87025516,1397.3638750744303
52784904,1465.3134812346116
96281041,2181.8720746175572
60302206,1504.8791886948686
88862209,2060.2827241689483
66359731,1473.2688482024282
56582999,1436.1768684612337
78391067,1454.2741631670199
84566381,1454.480026783701
15548328,1594.250960927954
49432086,1796.5529588135473
49054075,1654.2055262878298
71689174,1439.797529081532
64196832,1511.1266296724273
85965917,1702.0937967164054
30935690,1553.9045201521992
55460540,1512.3066789272093
89457485,1743.71104209399
10188743,1489.8363548586012
58823191,1140.9064230965323
20643935,2088.6999080084734
40325735,1412.519281107222
91136520,1593.2550899388464
32259671,1611.6861070119157
26400774,1168.5750686374845
28057887,1414.1299709158577
82844555,1341.4114536510367
51111773,1875.3815753419658
42987529,1632.0485971686826
62978911,1161.7993066215831
11881525,1433.4641622638014
86857890,1725.829573546758
79797628,1366.3945336811285
80357222,1468.3656731413685
35431033,1620.2197736169398
99201502,2171.510442246675
90452446,1587.7932733510197
18670977,2291.258718500607
66979442,1370.1218040414665
93738605,2096.2841644560704
29213200,1430.1802328056633
31107212,1530.832379103481
91594833,1431.879170506639
82943336,1715.1473740497886
68443662,2003.2088057950916
93641230,1963.252552344883
50244475,2008.8247225763405
87626955,2041.2457349720003
51387553,1826.2815604091059
71504785,1567.218534351486
58768482,1601.8467371431348
47301702,1238.5185598777948
46285200,1456.9290241663953
27113638,2006.3687218460052
63361835,1238.7524629011905
42709073,1598.8306143064167
87920715,1398.278022341547
59996173,2130.8978188819024
97865712,1507.2645908720742
76462362,1875.7259813211613
38643308,1895.2157425575606
62694540,1345.0021558212345
62141335,1701.2592049899804
34503041,1655.9131915372504
11311229,1594.2334480201316
51623206,1989.5392904650867
28560163,1779.919228094677
94388349,1887.9942222788961
86256710,1786.0436171778272
61215694,1579.9525451349639
80946911,1644.7140287401216
35537651,1929.728648664885
66755381,1734.4608018087092
73455092,1374.1988101142767
34041393,1666.2265295167524
30484078,2043.174910320489
62329986,1889.6324055292657
62897188,1510.9611892845378
51881772,1732.381636530678
94211751,1581.24619312219
61613645,1472.56418037947
71479652,1441.608611867307
85310501,1478.577050087543
23110318,1700.7089588936738
82884759,1920.8715157219867
51095836,1865.206682113178
52772048,1651.1180384799752
17245854,1661.4392011095047
96708865,1788.296207852483
67276218,1628.999067178441
89528454,1291.4775272171764
73044839,1647.5624954823072
92820854,1671.3319475010612
81415527,2190.5747701623222
54704500,1364.7470461390087
62696690,1909.994070932772
43848311,1596.2475966724649
30447397,1210.6716245558396
96343937,1466.6634211318742
19151468,1506.250350116226
75047192,1222.6633312740928
29891460,1433.6223749357866
47625277,1631.5362483610265
57930980,1425.816357146476
48354539,2134.8404756008767
27628114,2441.4995841180043
32690361,1382.2379097508028
93744019,1574.0124134394641
99861438,1732.5804483801912
30181088,1266.7863124030398
31181640,1522.616024901679
44766788,1488.951944757351
65594080,1566.2373472274714
22508377,1973.1318408658553
97181173,1915.7445187996864
17420303,1511.8720451490688
67800143,1347.7442293215493
33454469,1674.7528374941392
30418520,1550.9849219720627
89752463,1668.7556743040693
55142148,1625.9211073174583
20848293,1922.6401113436975
12617495,1437.3121088381793
20378275,1393.6477522231341
37172337,1783.4355394865786
21839038,1347.2144847890838
66993155,1630.8770632740825
41249770,1477.9134439596771
80181790,1405.614946355202
36248478,1430.3857361403298
99097401,1500.739276991984
16998435,1450.3651341337504
28345246,1981.8599937504423
97230601,1983.264777189703
67442292,1609.3180563603862
54477624,2016.4808466093768
22866548,1778.897963734614
86504569,1293.172401348133
81257074,1509.5555933632381
53101206,1387.1899962010414
77626907,2088.628542626471
15402267,1727.6503090415904
66190974,1508.235378952698
85276459,1716.8260161098372
61882567,1801.341810454247
67503548,2076.4970066713277
80801220,1791.9233272045185
45827465,1532.0632079560737
13145303,1503.0508692077515
92842662,1933.5994281842122
73150077,2330.786248379354
10904048,1517.3616356251894
89655386,1855.2802146113236
91827598,1585.303928648401
36736446,1873.294736244435
73791907,1369.5381294496979
93237533,1571.6928099609852
29020722,1836.416648715775
31344857,1361.1094840756018
67961594,1564.4958080756392
82896045,1368.3186804476536
79782925,1759.8223363522425
65627534,1932.681453311865
51055429,1287.6106015124753
24073352,1485.8133349407456
63468697,1930.5333924262402
69815836,1271.4507598889168
94658489,1334.107258465774
89803063,2301.958235047314
41826065,2123.959570316784
95957321,2267.5086890048233
72164672,1922.4426541980774
88171071,1621.5865093435725
47273090,1288.1217682274853
19574799,1589.240128478068
74042503,1506.9949496947402
73199665,1780.9929814170407
32553552,1546.408020722981
99007181,1710.8108469118674
86459252,1427.6403920583796
33160158,1455.7227107770655
89403244,1894.6335150081545
83607429,2313.2132765089627
54979491,2161.2466865360693
34711897,1926.855794449116
76049090,1963.5094481209799
38209438,1945.1918242894292
43607471,1598.3492114151975
37603490,2356.9500487673113
28133465,1246.8785603787057
66543688,1574.3996403035364
13310180,1365.709415179077
70639698,1400.6074919400392
31227382,1878.0245963305824
27953042,1803.5109720550959
62042217,1403.6740849580274
91860613,1420.2076225240037
55497701,2904.5096671434294
20529003,1363.7262908559403
95270433,1543.0893909433573
99713042,2204.7211174681943
78850782,2018.7240273605485
57339822,1182.546610313521
89910926,1681.4685053614312
22738331,1783.26965489479
29399410,1898.558084025471
48960030,1619.7546061646729
23209349,1446.3030668859215
40869262,2106.5511560334758
13469481,1423.2611452207327
37901584,1332.5124111934854
15827667,1658.320296561112
36279211,1740.2610544373388
60254169,1567.6398049443646
15666676,1854.7914110625754
83527323,1650.4057606922252
38323312,1222.4698444057408
16145827,1498.5585069828344
25816799,1831.868001132934
31540608,1571.551541761968
78332853,3075.2242161022177
50241601,1470.3178391053166
59793938,1632.1016593450286
99765396,1587.8631474851152
22142241,1750.1631509848737
28238312,1607.5153848868106
56677251,1303.5828503312198
79286536,2019.8875139635197
20049898,2660.1296236247426
79883465,1862.907041652973
64419086,1822.332481346764
35428504,1706.6865177392226
83636473,1840.1515728886707
91911110,1519.8020765439157
94747885,2042.839502156346
77052407,1610.8754830473615
89274668,1764.7098616148846
65429257,1559.0707960282234
18949424,1346.723798455003
78354959,1545.3196761449065
38613499,1705.9699102379982
99410878,1467.2506881252816
17066881,1346.4361995578406
84559340,1376.7154688916983
45796615,1444.4153938430352
18650747,1979.096886124301
87098836,2056.3760726120645
18956602,1550.9863959441464
49896714,2838.6843806481875
51066559,1407.1635474685518
72393934,1382.3071005897352
63389143,1429.5993458305811
35204339,1488.1873925730167
51345357,1612.5774843246497
46322354,1641.9459271349567
33951394,1824.4653835706006
41031096,1382.184053632124
42228451,1929.4930776869178
41161057,1538.5323459386948
98892524,1839.3580655040662
19811103,1801.415158235409
65448488,1514.4216887964778
32428376,2347.5979325095095
85323274,1431.878865565284
92258087,1217.5824732225049
79217297,1874.1528464575997
11989719,1589.6793261216083
28471365,1375.0238712987862
34542074,2099.718126617102
29164293,1880.6347696120501
84304086,2163.845385314832
31817572,1585.9561208817634
77771839,1689.297034991316
14239440,1663.0614065043264
46882099,1837.1523354708293
38983396,1514.1180775099401
31683463,1806.7068254712758
78092716,1424.587819990791
42013895,1570.7846357453075
65197071,1597.5643052295168
64495960,1384.3388291021108
68745703,2237.1842783451248
51390927,1599.6003663937838
94850983,1902.9345491330243
24328415,1782.740333288636
85572847,1773.0338323501478
42303463,1409.444345546011
48215084,1573.658020985123
35427122,1489.9822986302079
62307341,1738.890923232656
63212299,1704.6457580317226
97856687,1453.3993319003082
35540248,1727.2059041068462
41303810,2108.706931960355
72749855,1644.5110654389794
21620577,2093.5143258539347
33846878,1696.8318372780388
72596574,1684.5697246177551
85230815,1634.4722516466409
72103187,1468.292309925598
39368813,1973.125029776757
77055150,1695.998772506614
61280124,1865.7957068360345
88442406,2044.8819988358098
34283144,1409.6461191775165
20283328,1475.3155613395288
15081148,1948.9566365413614
30803223,1817.6291563185957
95977285,2424.4723742825918
73578397,1539.1267237773025
23548274,1339.6192904579902
70020229,1442.446911062995
13657037,1636.1346587834416
62209540,1409.6349759786226
69122837,2052.7443205760646
56882140,1566.034109821084
31090970,1501.3983654665815
18895583,1655.5210811168447
56220075,1956.138037245119
81883128,1425.4423042527703
85178304,1391.306000757271
44572294,1967.9437665935143
69139777,2118.3671386825954
77682175,1357.7225415381752
98697835,1456.349192464995
82862062,1364.812408808661
63154444,1628.9134329195315
36052607,1440.1008869239536
80221636,1434.643284185034
14612606,1797.730838951024
22793087,1513.149940322552
27221763,2252.5317868321
85356281,2070.810639860398
72870330,1739.3611315872827
21631750,1674.013037903882
65662420,2014.580680803276
94704718,1592.4483430135688
68031612,2003.6833077187732
23780065,1604.8931357328122
76854946,1393.0441368037289
65320814,1628.0366977261995
98544588,1970.0695789555211
66236365,1585.171633048881
33614608,1778.9715973874304
41538321,1468.1525889363443
52604597,1982.946507160794
51929168,1376.0299598089068
34989178,1843.7486506072898
17968995,1856.3255944455784
17104507,1559.8919073767656
31799006,1508.3385690962514
80534303,1584.1414295714417
39486975,1729.926015236221
70473933,1393.0704726123786
39315812,1374.3097989548428
32664756,1971.4718008849738
40582877,2000.607019263419
14853484,1821.725739232684
72018275,2104.7833520536124
85501233,1478.2168937401207
62857702,1641.8350013645752
37589957,1374.9306610401707
75861106,1481.6530138567161
82048801,1646.474923982773
41226392,1609.0364614363775
43191623,1604.1512320931506
98896014,2218.6168598436125
39009427,1230.5964897395343
67635937,1870.6349993410292
93989030,1538.8913747535541
58213050,1330.2997415784105
39089500,1555.8587419516973
48099206,1483.6078552726276
65115683,1785.0125620425392
19072238,1315.4499454923543
50691779,1682.2291741649337
74240054,1667.3750313376281
57606331,1808.8827015926308
50124096,1653.4088142895264
50596395,1690.4524858443824
96230340,1638.7428062319377
73626141,2650.8810075454485
12420303,1377.8391858737066
64008469,1750.3033770665836
44066450,1868.4797036260925
27734466,1435.5595178267336
30219489,1427.5680601549666
43296487,1607.8912540837769
22060633,1412.802301348022
23197881,1690.4885311389469
65499520,1633.533740241536
42012431,1743.1275882389448
42076492,1871.2295375479123
92931745,1522.9017276371221
47924563,1758.052802093854
17036042,1496.3593159836705
79903869,1467.8385319337547
27876581,1510.9654675643603
10911722,1747.0249511164668
21207465,2356.0878905072805
90406241,1369.7182274411307
92048586,1898.1580889668585
72112785,1952.2024975673098
10881048,1842.5476556776669
71511312,1289.5090373197238
42854203,1732.7806835765173
23271785,1562.8499572395488
92261360,2238.734416934455
14679655,1611.5120306696144
90532154,1775.8362282712455
32402071,1730.293887543037
90864060,1507.3192823509983
27274358,1741.1656524083996
26334631,1632.8127965219371
39224642,1726.5799099612545
19272671,1905.7454334865488
77841869,1553.514959417912
27204546,1797.4963542978837
12405459,1926.4893689467558
23265034,1783.3666152267626
97633242,1530.5798943175419
15746059,1321.164697811692
91462754,1489.7737313053399
71359730,1868.0742219403467
61463575,1502.1285291645227
66429439,1670.3445501304434
63351764,1487.3197020049308
96265907,1980.0619002507667
87085441,1595.5729881017278
53920662,1473.6529212973983
67679919,1925.612639383302
96779897,2305.6187841948995
27837717,1869.8285371413676
37035368,1651.3367331619172
26123523,1442.7108017450187
79652243,1710.5868457045165
91451403,1607.322569503342
29758902,1508.8672950633656
47019965,2570.2381582821336
14375753,1557.3653872723203
85119076,1284.0073483601454
58032446,1759.5573468215525
58129049,1680.487538301825
89574518,1424.0913772784331
61206117,1875.9433344909658
30554474,1288.9167254443826
65452020,1839.0427417850972
97089415,1979.3617156706496
75395475,1857.0762576459585
58881030,1487.4455421475845
49402947,2088.4300315053224
68947111,1388.8742684344713
48259609,1440.1703808023242
46561397,1428.949564965333
99687364,1697.072214063783
91051315,1623.0240351547707
88446486,1671.1138792699358
57583992,1987.6523698435992
50054814,1820.6673901178017
42048168,1482.2685966609201
49480319,1640.8636852685913
72653841,1802.609159415637
93923592,1508.059911374818
60863343,1517.6638723136684
64544903,1574.5761152981183
13683649,1548.7337893008485
35441685,1653.944243941371
52702103,1487.8337041311609
33316809,1496.3895979132612
99319395,1810.3787725067332
42958811,2186.084525906691
79034999,1624.7555509583935
76692806,1443.8110289390156
12247918,1936.9205128745355
82872484,1219.1182385485388
74712172,1477.8918734916397
40198101,1903.0453816391318
21709825,1801.3236874130198
56134477,1908.7640838114203
64741940,1418.0776867947961
20094279,1439.2701207400357
86415472,1412.646450303901
71923505,1900.3823382627932
86463105,1659.0577809918686
27182144,1715.7413446961157
78605487,1753.667252361828
61339703,1679.8788677492628
19457777,1610.4162315491005
14282521,1550.4545454211363
53055745,1675.3621628366975
64045100,1433.379418522637
67336212,1508.595317916685
30110453,1826.809861480366
84766140,1727.3443312787492
37132913,1542.0218419430892
37337576,1906.1701521517143
81785280,1611.047019294808
33749639,1550.5901945064907
65293655,1809.746787508238
99472212,1277.46388347415
78611736,1561.4332400172302
34109955,1805.68698124303
85732620,1756.6159651797375
22271257,1718.2981207896494
17111467,2806.71737636118
87529909,1533.2499876536735
80109140,1612.8673265288985
74139761,1755.2671073766717
46468468,1636.9879749676759
11871024,1786.9433620143918
38948416,1458.1398332155632
79710564,1758.9020123379757
76775271,1419.7039341407035
39022631,1855.5928951186581
90991831,2259.265442587378
89162323,1365.7721633125273
23588134,1927.979001808365
97925196,1982.2509665401112
73394555,1536.6335538593548
81939394,1579.7074608551943
34503849,1432.5719510600345
97624284,2049.4583872279063
83688015,1593.9819078442076
26753007,1643.6836652380673
87953339,1871.1769372735166
63187534,2017.8407073944531
67816850,1443.1850351251894
58193423,1274.0646441325941
63256520,1547.1949648513867
14482256,1397.8438652862735
70047018,1712.1450422214878
25694473,1361.3039120895019
18876734,1358.473225833438
24815106,1478.7467213065252
32093953,1492.9571287741792
21672606,1745.3362682767026
51265019,1280.7534031216658
46633682,1652.0036830463189
99505720,1485.8160384762425
72684116,1752.8056085828089
73603518,1758.4198804412397
42812113,1672.2551096507068
91497924,1522.5699645171555
94645725,1663.315108380688
83011406,1463.4411762275354
40459671,1619.2770410095195
28128683,2134.452547059925
89799485,1379.5753819136473
78077056,1724.005710127553
60018274,2171.255044194746
63035070,2004.2421176123592
50452662,1845.4801297912102
90748238,2425.6208738095957
19626211,1552.5036892501269
76831160,1593.6781801277982
64430456,1859.4524227510697
21788725,2170.2111909435007
62692428,1423.8051605990697
44601450,1271.6842123576153
84918858,1594.92162640038
60654538,2216.6759238797054
33549671,1667.6811215259738
96482407,1629.9855196100211
38139452,1863.409956488094
25148521,1599.5368145396483
39090111,1817.4924580778738
37364225,1722.7525103976232
79808740,1893.982067578786
54570288,1615.485583334229
81519320,1431.1312092701291
61290981,1344.8187845737334
82595740,1651.0838078910938
99018938,1732.8607440187059
84429722,1772.8101128334306
70463415,1747.5215733719788
13251670,1458.0390253263602
63915791,2148.993208083145
37156544,1523.6310476810465
19087720,1752.498324911945
15777066,1537.7436664846714
88419707,1395.7730413493032
48515636,1532.7164782673863
88810042,2237.2231401008967
55078871,1802.0697204567093
82278966,1576.6557939610523
33265741,1781.491171294599
64678931,1690.5332366212424
26504939,1814.5526276850471
64056925,1479.181788545403
46046461,1778.745828085772
47352478,1304.0889976686433
91442238,1620.3668237882898
89293921,2169.462459533326
12378808,1954.631539253985
10153799,2116.431973370977
21954731,1329.8006032364053
76938502,1397.2457530948536
51632874,2008.1726000068927
56510091,1882.0213090409632
54773302,1731.663170011094
29181400,1868.0768602079552
36937513,1568.5235252792813
75732466,1582.9285284132798
53117846,2535.5558794241997
38538746,1645.9991651267142
27988038,1887.183209902512
48886162,1588.7324673528612
24085686,1349.1060060676368
57820012,1172.867420297681
46878225,1315.862792445811
20632751,1643.6644882419828
47775231,2483.4479242936814
46789610,1704.5993207405902
72806360,1782.479750677046
21856002,1510.8324106012124
42319053,1619.8917661708374
99630613,1786.6985636058466
61255494,1350.2667406112246
76945971,1634.3975763946542
40393163,1637.0048458832548
81941837,1938.7997392368432
45930551,1521.7006902452008
24573538,1304.1884861031783
52994547,1415.9959673310202
28445231,2387.3019721545506
45643109,1473.8436001213615
75887247,1768.2354543486806
46367713,1674.8050924811012
12575157,1432.1335623217578
85076068,2346.8366776406847
84603623,1397.7654632186222
45514815,2038.8394497620625
52278951,1554.321204528056
50360032,1255.0989740769596
52896193,1583.6125738391256
91847198,1503.4209824559848
25179521,1429.9386618871529
92545328,1779.153542492977
75231573,1436.039599313862
37926120,1733.484158426083
51096687,1481.1766901326378
62646217,2127.260447898704
62619222,1701.528108151637
39457866,1357.204792645489
47130686,1757.9453819991124
78763249,1270.371811813532
69618147,1744.1114619365449
64127746,1499.0781416508003
56593004,1558.2846514574965
97403924,1560.4805526662917
73948550,1736.4386465780217
11236514,1351.765661793371
54389520,1520.2197942321984
76068841,1752.70209842651
59631248,1841.5263670340562
34575405,1607.642477245555
91359645,1866.5030643557652
14542871,1398.4792334581105
37836409,1572.9870935395313
99958710,1565.2464602646937
50329848,1404.9137536048847
55825298,1555.6184561802427
43158591,2026.5679182656097
95022900,1485.1975047725782
11903900,1421.585881178731
59905554,1573.6420400233346
33394781,1838.6614174057843
85262305,1827.2855782030115
18156267,2141.684917286408
77719072,1575.9937597836335
72353806,1637.8579152755067
61973490,1669.3824761567298
80257850,1844.0559685332512
27763246,1884.2722009124318
28152447,1556.332431241343
40447839,2090.329539804649
88401173,1632.5013771399329
77151749,1691.471342429895
76938434,1824.6805125286041
14595997,1392.4577669055345
22245783,1949.6162492370884
45164346,1303.0350528295455
44320199,1579.5353729909336
35470526,1767.0678121487076
83276172,1672.566339967329
65081928,1842.589353133479
34774976,1627.8356664420724
10096416,1511.3572372808344
76574726,1595.9208825023488
88509347,1876.2109300429818
11304650,1731.0540416831395
26418453,1708.8761930644914
69643263,1767.8710811821604
30241547,1397.7442248961759
89725513,2083.2469018935726
32289745,1707.7852882823126
33888699,1702.5445403747522
67508421,1461.3516431309215
86446610,1487.3877047828985
71641515,1874.5739286613139
46243423,1464.4098881968894
86921194,1230.2329471634016
15222892,1586.449146573592
29435694,1105.5163716639959
35795322,1612.3083408986527
39026338,2243.1657286953696
27051431,1646.941457526754
91107111,1634.361228546786
76674186,1989.804988765324
17932616,1643.953960804295
86326117,1700.181011037118
64151997,1628.783822893078
