customer_id,monthly_spend
20451981,1830.3864097036485
23251656,2695.199883939554
64082260,1449.0751755646786
82505923,1953.950169840372
89981994,1462.9694966177967
64973937,1230.5797688648897
27610278,2072.0746279799646
35883083,1274.801558882731
20490020,1661.3243227500454
54517670,1302.4514954257497
94359232,1717.4670633663586
17326886,2549.128752963184
86594167,1746.214740521931
94873255,1545.7621792015436
62944765,2450.0430887014672
95482882,1266.3291103632985
76963069,1387.5615508250685
25112257,1536.7576063521378
69916855,3028.1727638256198
71088357,1336.331167275663
50168897,1235.0061940885714
67403679,1623.2093170172318
55474643,1145.1855435923292
54852556,1484.3788910811154
63667529,1710.667085383552
48025998,550.0685479091493
93351324,2107.4283613195244
18887996,1608.3411941264562
49568688,1572.5934750775514
92911099,1700.0814140143773
11717924,1411.6204042924385
62085471,1681.2238536276932
78336143,2122.4769657285856
13087851,1325.6916121938723
33506258,1147.0155632615545
61356554,1992.782541678851
11967368,1196.9618032482904
98374877,1570.6476008232676
76845536,2062.780334253665
59313599,1177.7557795854323
41041059,1658.560096841511
22292838,1527.4176268972142
99892065,1544.8815646893977
78345355,1038.7617685724692
85986903,2788.7802403549667
27715035,1697.5086811663
66099730,1526.6785406276554
75346786,2130.7178790945804
22860710,1722.7012900836166
65958654,1445.4560829816648
82607442,2307.709683562186
43471475,1598.939899588608
36465070,1195.4093803150452
21931749,1520.889389706699
66815930,2734.475756259661
44485157,1030.0990223018912
78728059,1677.2958282708444
89264710,1361.6918992319518
81874643,1679.8302496130675
48603927,2339.0132549936134
20257622,1132.9239509597746
88360790,2248.158323623486
79411556,1610.4976945588326
24819092,1371.9241388105888
74678656,2387.8885225222
22548045,873.3481657241567
95827783,2500.0772210959585
60019526,2463.1867187755147
82548254,1573.0113089095373
90453319,1583.1283670235164
15312091,2188.369408978398
34786964,1223.3825527898912
46684232,1144.0474697549873
84597099,1754.969109384776
98134524,1214.9546574466476
18531043,1597.7179903298922
14953383,1565.4655780945484
80944054,2186.046487765084
34873753,1383.8969215359505
95577033,1635.2607051460097
50215436,994.801464822798
95347203,1685.9591077855205
58614046,2192.3355213189166
40368791,2144.2991320201127
23316775,1838.1494448161388
23331513,2401.2655272964857
40038060,1458.5758578830705
22096579,1267.8817159904586
24978810,1599.4273089189928
65890694,3219.241522616711
47906818,2068.434190466348
38478694,1232.8329608386846
54797755,1141.990265348702
44533278,1385.2266790409403
58182080,2156.511175878758
67491014,1760.471887758595
45798475,1743.952943536841
41586132,1588.6727319033391
22956540,2828.076936990604
25367334,1982.5759957601
70503250,1202.549302818599
58307796,1048.4594126811712
59859757,1222.2293503703268
47787665,1308.738599441986
69610612,2287.4280631791735
66658967,1497.7673992612067
37962749,1260.191515041646
87675902,2013.206327824999
61682179,1514.5988880175537
78073125,1077.8863427009692
73229345,1717.8477853967245
43171437,1821.529200201547
69766997,1855.283892257939
14939250,1385.131571298299
12328281,1406.031531029992
76560997,3467.643964891783
57569914,1655.9963096151055
20883894,1657.5434021613098
22766188,1551.9647796940812
62905121,1407.7287530201181
36295477,974.4489423831827
55610529,1275.64692070461
40366302,1195.4826481164384
18624954,2114.5150206788862
72668820,2829.1077745010202
23817472,1576.2784616584065
99830054,1614.1491734195129
63410560,1058.520379710867
11811963,1509.8524837216487
68778133,1878.7322464322604
61211015,1059.5239227174743
85223112,1673.417384027258
17785980,1757.140018966523
51523712,1450.1512368682654
88242319,1535.4500776298266
66674532,2211.7355255810285
76442132,1803.612764046437
84193848,1292.3706805335758
80878809,1265.732740345444
92088473,1115.6795289394329
18574912,849.6308123613347
82956926,2503.6162316929144
57265640,1704.1867451356693
27961225,1032.0677453308722
65404075,1342.6747305882982
98698597,1017.739866415091
63221757,2585.4943501560097
45396691,2256.9937377412602
95724535,1141.4291445892288
98157590,2260.8925503861606
60909030,1566.4846259725944
20932142,1599.806898472099
85604729,1267.0270584263726
25410553,1210.6813059377682
76477501,1749.9203459076048
29459273,1923.8082177571596
71879657,947.3739093020994
67115179,2107.5144661181766
82348794,2171.260359061764
32880748,1386.568016437605
36203607,1556.4033122671551
20891850,1316.0020131704302
94570583,1149.7695286836051
47560755,1463.7414029288818
39752876,3367.525675107726
68980243,1740.096467646462
71143374,1228.5016534623571
89917748,1845.3280811622444
30461949,1424.4891035375977
67458886,1053.6887744809549
44166816,1125.9356029945486
48218923,1830.1363302614245
83104523,1335.0438836448698
23739634,1840.1209094182225
45544123,1740.094540411021
72316980,1850.9518909616581
24805396,1202.0204220869805
85045576,1917.857260343782
21314164,1781.748718321831
52842656,1166.0463882799436
12382139,1824.69746657727
88152347,1414.7711922670323
49270171,1925.5099689401302
20221404,1307.0143159520755
25851974,1387.6051835673145
95701680,2223.0327759260704
83739665,867.2616548574205
61996348,1582.8692493857352
12797236,1833.1093268671634
25554853,1254.5443478467685
72618187,2311.4740400215483
77583489,1562.041663917399
79450582,689.9986876704903
84595636,1654.8701587464918
89981949,1277.7858948540759
69424476,1549.9770086699866
55064308,2342.372042469384
82956266,1629.203741647049
60185159,2290.564991166998
80612747,1799.4081290391257
41303090,1470.1097839034353
13517787,1966.685013663527
34078093,1594.9360207627258
69030112,1706.8883906329086
61791328,1737.372624005199
51789245,1232.7192327588114
88068699,2590.913857578037
33399367,1330.7676318269434
79597553,887.853102653531
70695101,1587.7154317777229
98169962,923.9434676279637
89251190,1730.532536566321
53044281,1971.7921544309527
73528670,2852.2771530630685
14751149,1721.106561976377
61490053,1610.706276208569
51385275,1519.4287246887006
41764194,2509.1173228136613
96598282,2206.4666744115325
96823449,1288.7060302598532
30931247,2126.5763793218894
60872668,1277.9621592989279
97835669,3151.141869105148
36785828,3272.8952891808362
25812131,1503.516367544595
38410800,1870.6856933711003
33023072,2101.251200578867
48250594,1727.7395292603444
94891015,1258.362862048846
65307671,1198.6978165468201
99621779,1941.6718497428426
83959755,1208.4810653121037
64535310,1378.0680075890282
30594968,1664.5026327163043
10263960,1364.7054318579487
60876075,1935.6173440587434
12217583,1861.2276876677813
29989580,1189.663176395406
31184452,2043.476888362985
16182148,1552.9329750006207
74700470,1805.8046440476123
53084609,1115.4052038965353
36052930,1392.4306171868634
86583512,942.4310232356587
10930793,1903.2372615030492
74179918,1012.7050719350821
89853445,1241.4615789009947
75258370,1247.2551065508244
93197004,1745.9136641959035
16551408,2218.890578073989
36115326,1914.425956088498
47243451,1665.0648072548368
90773939,2744.7776863055997
30735291,2324.2296141028496
66891211,1048.4450266548497
77142249,1172.3682152832926
24530798,938.8976644141122
78204046,1369.2382888989025
60230110,2158.1668444088623
13017302,1990.0268562068948
21044447,1489.6860350539898
28976655,1684.897541681578
52214813,1753.3215509315896
61575366,2081.5761174635654
23125986,1111.8590220190697
11614855,1344.6332736013817
68090330,1744.9109965057257
31241329,1912.7409114530346
21561157,1410.344951546561
61917300,1756.135964817305
82147824,2772.2556460263336
91513421,1270.2268576303786
30753790,1574.1400643225118
33700064,1274.6439825234538
86773406,1256.786866784144
41719197,1398.58605793358
67399596,1243.8668379898998
37696535,1192.601146189134
15791208,1413.2297551679837
24348676,1169.7318397280667
24480974,1800.1815769194602
49440078,1323.5667709918896
48242779,873.8773564363355
13405947,2586.1959925997235
34531671,2084.6102865082194
63652222,1377.0961063265038
97745210,1555.7881683241023
48557187,1311.3641929355451
79801016,1323.989807664126
93409518,2142.0272474589115
48891463,986.5254111381638
41134793,2353.5097914034964
76776302,1729.7453743483068
89505130,1402.7749272359742
46129267,1428.1594140200882
57862630,1123.3238292721544
32227094,1130.4742068193432
72887559,1680.8428157463072
97826236,1129.0265426921303
40250768,1790.6931525964146
56765848,1142.1980799452729
11244823,2494.7584423672793
40189321,1662.2767432451387
68120430,920.6532266975169
64917610,2170.690475488054
79290200,1151.1804813211575
13110537,1570.8190945842337
56816135,1178.1545967331085
27525357,2842.77161564582
71914367,1747.924302414937
23989491,1152.1169411487715
86436168,1982.6954638556067
63499286,1596.2090935533952
18619374,1807.5761502907642
52222614,1368.4825359283377
75467866,1492.2042119911036
28926111,2244.1675898200674
98661834,2979.78482437168
73087852,1448.282937369985
48887326,2083.209235181145
87383314,1730.8635705089137
88682579,1863.828383822161
12617324,2639.678810242831
49224165,1415.8756109614872
69951588,1857.856708813799
11713703,2018.2959995183348
59435002,1752.4631696814338
61153563,1524.8499433850084
57206499,2766.270406190265
89140242,1580.4673468694598
95100771,2408.2395476271495
32638417,1057.9073985183368
61625712,1193.8765521096664
61250133,1845.2131460082742
17952873,1466.5775128157263
14513813,1386.6914447179238
57500282,1385.8558478770888
51340284,1430.6984653196928
35897956,1443.1655383081418
21856280,1720.789682148023
36786275,1377.4725051800065
99178725,1457.619770793711
48955886,1828.7346750512224
51811678,1358.2862260775632
81930210,1676.321398683614
49161318,1620.4547406817132
24723720,2180.5006886001474
14950936,2428.154195755777
54638593,929.6474976647921
98115682,1592.62385898363
10533857,2295.420144526548
87478097,1489.4287638108233
60429975,2027.6046323327193
38969729,1648.157718569947
64656132,1581.5931395418595
86963086,1505.1242914352752
17268859,1414.6343434528155
72142121,1766.240076036774
91574809,1584.4582267642281
54272037,1794.5892508172346
16058661,2017.426277855617
74133244,1073.6555790499594
14281752,1483.7370576482017
46666867,1084.1333656867405
75686584,1532.385527449466
25546684,1357.6267929990724
80619174,1578.366173068058
61749604,1475.3874832313234
38248391,1085.019191552028
16877088,1164.6947451562082
99140321,2144.1212722800683
15975231,2857.162294439901
40531945,1608.5965060768415
71708672,909.9054806697183
85030779,1832.4592314130102
61117487,1206.4468365034743
42638536,1875.8702155089497
82326061,1259.3587224466578
17028661,1133.349067592195
26048783,2213.687085335419
34262255,2149.1163321662084
14326462,2041.2795932138797
93816989,1448.3260247753128
23690395,1636.8462626567818
94999262,1541.91662664685
81971277,1403.8410937896576
90562416,1482.5276945370906
95799765,2402.0037681901463
89244724,1868.6810032875949
83879641,3029.528925284967
96424387,1720.387583056546
51051501,1264.086539046364
29249441,1637.1962275981552
62893412,1298.7705275364424
61417835,2204.589455103033
62755928,1542.9189496258944
66501572,2394.208555295079
76084740,2689.466866175545
27624326,1866.5355681602255
86757966,1586.6362717252007
92455037,1138.6090917382928
67852942,1964.1755201500473
30696098,957.0557093201985
44792329,1136.339847694846
10390388,1485.4007797795557
17826936,1825.3371878557775
71880941,1496.7273935528601
98184673,2239.9512367595244
60002125,1351.5959658838262
34664804,1166.123838548081
37594595,990.6406652885343
42980815,1853.6081883307693
25819880,1617.629684634505
16484408,2069.5660326028906
91766904,1338.9060800450736
82866803,1518.4325152309507
82424284,1528.6737678259578
72903422,1562.3682848034682
11480750,1883.0036430840953
96983867,1806.2519649013561
41426492,1349.5255806117896
24002286,2251.153626322632
18056145,2135.628259474141
72362977,1099.5413953101179
15977163,1871.111026682839
51036186,1392.5061251600507
34918337,1956.2810899000872
20599813,2073.8407306051286
19900890,1655.5538344455276
27971378,2287.6308929242155
50965403,1593.5951574760225
49026734,1122.8070466217598
14192253,2562.641987662366
76817070,2373.0023855541795
41164681,1362.0624273049436
94312885,1714.6934207937015
38527851,1077.5497457980812
88279496,1876.7000347721107
15498361,1526.6608996634468
17691622,2720.7618269588456
43719564,1299.7363440793029
27861137,1292.0009850049162
20308452,1450.2664766331648
97996598,2197.32557568651
93656677,1068.379463674615
20464937,2306.583693028208
25195757,1486.8300251955882
95231592,2015.0053166258658
96604510,1168.9674452720283
12888073,1262.3265639108035
99408984,2038.4265479102519
65238591,1476.2553451431968
24114707,1446.1416958451764
70796256,1221.406170234027
64703869,3422.906803714206
35203752,1554.978173342344
47453323,1011.8888395849115
12385313,1361.1226608808704
54441418,1384.6992890345923
83549825,1152.857569623518
20370209,2493.5143292208627
68357218,820.5852211194974
62743829,1618.7829677878124
20331898,2179.5895541072323
43934228,1601.5074643201865
47620709,2498.3763589746795
75355275,1490.2371427169737
63446649,1801.3007281485402
89051919,890.4567374946729
92954904,1665.3839313885296
64731800,1517.8655548967042
27945685,1929.0842080497707
98412215,1232.111738395527
19535502,2087.4023643510986
66516822,1690.184322497402
45373292,1191.2647300493506
34711249,1381.348250667035
48370651,1800.3216324034495
71354510,1498.8490699598224
56728847,1011.2345364646649
40004525,2357.106834586664
94648945,1610.0117692386593
62756732,1345.6790590713492
80428237,1628.9442368097016
64878556,1736.7331133576758
30597278,1532.3160781595914
40357660,1698.736291194523
98010210,1515.6790847338782
43275959,2036.868121733683
67938712,1412.5668560583238
50506973,2233.199867989996
27421159,1352.7658131174328
51123211,2571.4493847537733
51887530,1259.9535610538321
68372581,2083.711263593648
31184062,1640.5425714174341
55543655,1892.4019712556983
71805162,1856.094680515263
98612541,1553.4521212535722
67235486,1337.6742132637828
35490134,1700.3665474870036
74647441,1384.7527514679898
73962817,1424.982452304164
95192638,1242.0879479304015
96803902,1508.3328559803883
97635826,1195.3828933134712
34428942,1853.8102837070874
86699979,1845.337794077929
79766437,1959.9072052775546
55732878,1691.120965283846
20035702,2904.0383939250273
54997853,1953.8950981206103
91776457,1416.8242119340348
13967606,1515.6008236214807
88365927,3084.7157497568755
92907413,1105.057583152999
89771364,1714.2214489802413
75648081,1401.7971589236977
97365061,1212.5862501992453
29587137,2182.5109116888416
22019813,1379.3235700362868
29469529,1731.0541926940925
66670735,2116.2809075810515
84380411,1826.6782297585944
17040729,1872.325858520814
25307807,1852.6463949158103
33962361,1261.0890479726418
67969299,2183.714597031399
38562471,2332.31053985328
33114742,1853.5801137425647
54307298,1133.8929434303104
20058700,3450.5683946837644
33779532,1994.3659472550962
88110162,1197.2174610911957
36112292,1419.5875486713812
38475061,1752.9930824166872
92644264,1658.8060377974732
92355731,2113.507224589973
75478249,1761.3429787544758
23875741,987.0210974645869
88793850,2226.9328532035283
14142195,2445.062304446866
67422773,1997.0369812832355
36705498,2137.274626536039
62072834,1723.631877855301
33337577,2119.757258631224
14298054,1920.4895227397305
96998725,1227.3407495367692
70579244,1682.775354459067
26844678,1959.6655457069858
97441250,1423.9829564642562
49239286,1707.4009988939372
19469855,1145.6158306351367
82552850,973.7825773276411
60170958,2651.529740940864
28237826,1898.4021461686896
84208342,1784.5863374555388
28295140,1965.4619533368302
38477827,1511.6184254151124
54941872,1289.1627607077628
15450767,1634.7875071688707
93656934,2069.7480795879837
54273142,1373.7137655718363
63648675,1145.0269353312394
31875954,2092.652583060221
60881802,1860.801419273879
17233443,1484.277097811779
28953932,1488.226802005257
64958348,1540.35579896206
27038940,1393.0328733530466
25667330,1358.2495305224631
89200812,1481.5653949690754
63109620,1201.6172432512205
34692595,2149.7990524164015
45554823,1315.7246093919741
50487516,2168.1314651180023
37970303,1848.8678086983193
20944145,1596.6179122981148
54232510,2321.69483500579
58289637,1457.599755842492
70295882,1042.3778911542486
11855847,1358.6576604138954
26640485,1494.493656240154
92806514,1774.8311177739363
43703605,2299.5854954614474
75507937,1565.1552638070061
21361381,1455.156104117336
73615273,2345.1709570862263
92437179,1647.2288362503975
57813173,1415.9782522226506
99373127,1134.6511784124798
95805212,2425.0293984972845
61946147,1490.7409703357264
24903202,1385.6424722593783
88268253,1382.9349232600596
45270713,1357.7930830921334
67013519,1780.5293138839422
64480094,1264.0569032808228
18481385,2265.1152409862148
69314375,1356.563407494672
58464172,1953.694864262834
57844179,1598.1159134576385
65371057,1480.1310050855448
22749627,1334.126356617655
64747851,2311.2704870848024
35545690,1874.8678380717806
91575937,1546.9398419396452
11663787,1481.0866516585443
59570536,2982.4591958240594
53724418,1558.2714580586257
78572661,1362.3472990553666
38544041,1835.829592366418
27091356,1955.0936466917733
20013110,1133.8702781326936
11862841,918.2338128028069
54926458,1535.9836514222466
72702715,2778.545851690331
65477001,1341.1116582761497
99407693,1407.6849405495775
15192014,1763.9381520912832
87232785,1746.8628657025024
76412402,1510.6970170159184
49393943,2214.2405750395633
53853124,1201.6717207367453
17486636,2495.3095959279526
64895733,2639.0639026445265
64938150,1341.8676091562772
62321885,2099.7538893320466
14616504,1432.9540081585499
53996148,2034.7093536805064
17209399,2028.8607854517759
25102335,2039.0602238697106
54515012,2433.785993226695
80596244,1335.8052279156973
54217244,1309.611582328462
29133774,1411.158505811371
60727794,1725.3852972492293
55160698,2416.093604476878
18231141,1876.2138317476167
91091163,2186.1447571510625
52747750,1778.4610407281373
97932301,1854.9804969213626
77391969,1573.1238413691863
64274314,2242.6681335702037
82861922,1320.546711199198
95155142,1467.3672314306334
57522876,1069.4957329094984
46054634,1409.1889986591398
32006732,1637.5025327103824
62808198,1129.5014673431253
60875435,1683.5770416764901
15688688,2110.3590313171926
13559129,2097.0283838193177
25489744,2914.0323482850245
55669591,1206.1733612090281
10763911,1306.3625249050926
15579269,971.0421493502517
18433265,1796.7299753304203
72131946,1030.4792670163722
50106249,3338.204120603009
21363716,1194.2413483414755
80090384,1975.7057700961975
37971475,1308.4918949055882
31314120,1634.839186921733
73683678,2001.1035315111249
29703095,1597.3541872213098
87144591,2196.236585593377
44689207,1344.808462693314
42450190,3282.3706374068074
92653218,1696.541726610104
67727493,1751.669244261525
55742747,1818.5939488436402
96941026,1090.8056332289473
89824134,1358.0286707107323
19822449,1251.5474875598406
18676315,1246.3770257522842
17316044,1112.9089654556262
81559769,1132.9121768330035
98912158,1229.098495405751
67772871,1810.1654793058376
65921862,1689.46624377244
12636566,1272.3624888935346
88608909,2111.398725269922
43902318,901.4542452376646
59512038,2118.619755531937
77976362,1498.594621433852
57092914,1777.7688972058843
47412567,1586.004650520449
17145991,2842.4441507193087
56270450,2858.8713085234394
47467383,1554.4158255323407
10449714,1804.5685719541566
43156511,1772.4891646432714
71377851,1805.9374516943008
54093810,1685.0208530462712
78096026,1422.1736057884666
57320154,1058.92724905874
45383520,1090.2181457585696
38351707,1622.960369618759
70796190,2719.6744988371665
29977177,1654.4669658850228
97584339,1477.7954290089742
47886559,1138.993445513801
45622137,1559.454561768028
21500277,1259.5117965469294
47647928,2284.2438107623966
54496344,1466.393358689757
44268785,1739.2703634476493
75946241,1397.6194953039374
30459191,1263.3891959042078
15840319,2211.864205696909
72588739,1663.4524582617237
73017157,802.8313927256677
25420365,1612.629647572705
55377863,1735.5094312576155
51370964,1589.6087051490997
48905468,1587.6336571793695
83191846,1646.0538749586183
59334183,1648.5074070817975
94009638,2234.606523240941
41721760,2423.195577095182
35401283,2207.900442008268
69685525,1350.2506579054782
84271975,1503.9754080702894
95753616,1192.504643366557
32526219,1008.2360705921285
64532934,1112.2562024087915
76031822,1649.664700371374
52468855,2139.0478768178964
21028902,2354.541374265758
34108713,1511.8404807241443
84943048,1196.6022849296899
84439701,1788.670641980148
16539498,4436.271431936095
24537949,1441.5882735289808
19537971,2304.0627767245087
72069403,1352.040636392751
84333546,2359.4125368988257
11868598,1924.744285514123
72165230,2094.9911065381493
86606477,2941.601419455933
85432562,1898.7564152050388
53853013,1966.556170152631
87319378,1578.973329489204
32466967,1291.1906150379305
80519195,879.2313536569246
12289146,1430.4552647339615
17893529,1635.0821140496416
76217556,1371.6880975937831
27323024,1625.6647738265297
86557861,1642.3218264829138
37601873,1810.467456679518
43146250,1255.2719671758373
51498335,1588.4516166524777
46939189,2188.157501209814
36620181,2945.7307695444724
59890806,1617.5138892075092
19160668,1282.5680177176257
94555827,1509.9253143248907
73451577,1579.825059047017
83828090,1410.360154023028
92021594,993.4847511079079
15822386,1506.2606634267902
57405310,1196.5932876762663
22671359,1023.005931818923
68101436,1178.3470895087175
66910009,1510.8480074184365
55778706,1882.135642043756
75120697,1575.1910883000958
12885545,1532.7206902990608
28604372,2090.1700325731395
97297156,1295.7500069952432
18964928,1466.8217361552233
61244754,1600.8088219735905
45178470,1505.719897279931
65250669,1330.8482444413492
75566313,1594.4664956558945
25053248,1732.601333262128
71082761,3109.3926983660035
25210276,1539.5248444861688
39718089,1891.9381255806634
51364178,1771.2070762578674
31211994,1551.5750366958173
71509945,2236.148335572192
98330029,1224.5809247023624
22456435,1409.5108969522414
56912862,2173.344419008111
41548833,791.9354997398433
34760776,1557.3409469434073
54015943,2351.0765123007377
75943554,2341.9345594801002
61847706,1384.4809840996033
79766441,1444.2988676237992
29099073,760.6580416807577
92971983,2289.0340660494167
77042656,1301.0451838936194
41355522,1293.9978918853499
37905258,1432.0217589159222
62845536,1111.5516928573466
70252689,2477.129798207631
69012389,985.1934978622938
55230723,1271.3126977755994
36148733,1490.2537150521205
11166306,1583.9285394332992
86661349,2284.930058976837
39933083,1427.9661375041796
91301497,1421.9329557870944
84697954,1286.4866457948513
16890490,1339.6886814194488
46638869,1145.0691726544837
44149767,1641.755341174741
18897403,1682.7904118655672
77411533,1130.732509068213
62885631,1925.7221198758266
34219564,1774.637714024671
69042251,1243.4498353868219
24137005,1182.1722570629126
66305720,1007.8782777250728
17619455,2157.097963211708
63065642,1513.8636756010696
43970026,1996.0487577951733
78870428,1795.7998576988123
72114631,939.9568703373068
84664219,1741.4056615752088
25739422,1437.9907644831965
54038039,1999.6183586460158
55081531,1502.4710794577106
45672847,1605.5273407834227
29734641,1528.2677067704456
63805244,1274.255503459142
82782411,1821.9026286854184
64705797,1419.1856428964454
59326862,1426.2094150093574
48549098,3074.4901197987774
39570097,1252.774281777352
98000370,1353.0630353944239
63674921,1877.4667095267655
16674336,1694.0692885982828
77063987,1556.9249517565408
67143015,2408.8171213230235
10570033,1543.3177968219306
47185088,1230.2057075789971
63757190,1474.3782991817166
43453041,1489.1039617595852
17890447,1975.5511710639619
34735493,1050.9783996396486
40580820,1237.2452426137208
84776860,1782.7324496487624
34883247,2228.8821795734366
75437035,1514.782833553164
63198281,1410.8769654834578
33289878,1856.7146644553743
42222441,1594.9368463955984
53518898,1334.5509448486073
77756377,1972.9966730678204
66266331,1557.2876771614276
75207542,2181.037992011287
65741993,1216.885103563069
30452290,1059.389838472048
30341625,1514.3755472767837
10196118,1321.5576095312151
39997400,1606.437371589031
42764498,2733.045514600035
93568775,1111.6181972066315
60138513,1293.2030064034404
95863174,1607.0514865309306
92194956,1590.501798968321
34979379,1665.1078564293275
71517927,3030.507732574766
80092401,1053.5001143649165
29853468,1079.3321967328272
95595164,2482.7685831712047
47277321,2444.544535042625
95111852,1027.6316444624554
49309773,1566.4011325693732
52060622,1311.7715968361263
18920892,1252.8212110351526
95549548,1714.920704002924
28343921,1686.7433703642846
24575136,1314.3675051326065
51405326,1487.874567643512
88024456,1663.6341582245211
61475538,1986.655050791341
86032798,1938.8892199054474
99829874,2074.8394100353453
96251785,1284.031052578536
11235918,2194.038623816347
41084979,1688.5091603957694
31949326,1405.9829944685346
88425482,1173.805168020865
41724063,1360.5796367730911
24244868,1829.0378159446323
96443454,1649.3395572700836
83159015,1636.1009207677762
24632345,1506.7435695191068
44153806,1524.4566969270643
93580629,1096.6326759554556
53277959,1419.5914705583084
99759183,2517.8559203484956
55252816,2690.8853619743854
41285175,1544.433932583231
73261084,3031.39532269504
99347555,1968.8111058464906
70567494,1158.918334599227
76764787,1253.8463388152302
14328685,1840.033079432118
66866287,1247.9929969723505
49679159,2083.8414905839913
58671247,1712.5382983456855
20236719,1162.5227376406995
34585357,1351.0204527381388
45051453,1204.159228166107
51786574,1652.500872982147
79731887,1284.54304366565
54354970,1515.4709973293755
77833826,1411.0946051026772
80242735,1224.7278746486204
79336488,3424.342755070495
51121070,4259.92388861439
15930057,2159.088513533955
84864986,1827.836650666878
97820091,2018.0429523760324
76206876,1461.3673290816478
34508398,1242.8891238578515
15581330,1692.4809830929764
24272114,4533.812433784009
45684128,1366.2975341512135
53910689,1648.5377992802817
89611963,1992.8076341738245
19439294,1474.3230068196558
44476677,1345.3187616823825
72816714,1694.880721432624
74817899,1863.7813683780419
24462605,1512.9820879527945
62629343,1128.8780701397686
60387272,1402.6271874612412
60976677,1979.029988344845
25938630,1958.3727656005863
89171283,1591.4544126761273
23407854,1227.158678885683
84390020,1235.8362913800845
10131944,1646.0375638394078
61185673,1324.0974201088707
76507951,2293.117429094872
92456997,1484.72083799767
27091498,1531.8279158831435
22015405,1526.6759848199215
64048811,1255.2507052952385
59963315,1825.7417457488675
99392827,2073.85847731223
52435285,1216.201733267112
68018936,1321.318306654064
92985874,819.3613959834996
19827012,1267.6912611684716
32076309,1218.8632951146355
74459345,2282.492915464324
59329650,1730.9682269431132
70105673,1431.2012568352247
47359337,1446.1593944298295
27991858,1470.4000677438173
36755663,1622.6214732304595
94560591,1958.279374924516
47944050,1470.901749594045
49561372,1911.3955207624438
96160989,1221.642038924402
67474261,1632.9479424032365
71965824,1825.5464957257589
13777105,1921.2817491968758
64739771,1453.0761553782704
57691432,1557.807305655511
21801740,2123.7155188195134
74352185,2070.9738852627693
91521650,2139.8709588528563
64797772,1810.8660599103482
48820263,607.6853418941952
14791909,2278.4619273084722
82868024,2469.0548799802887
97971853,1631.250434918744
75654232,3164.6559012441576
30725718,3491.9612354598394
83442812,1806.1997238253693
62376431,1892.5612884731204
45295601,937.9820659474449
44038407,1566.9883677108535
74138589,1650.4286129707573
78812422,800.41132238096
57253455,2253.5727608653997
10109432,1412.210320667062
70492234,2050.544647523966
16499768,1357.492310031237
29721809,1680.8678238235232
99970795,2005.929785859771
38494075,1839.812478025508
13300921,1094.4433889340924
18255583,2613.1892564993013
76957329,1588.865572751964
83103502,2282.826316215605
24570014,1413.6962768936578
19318542,1875.6501716033495
70614169,1413.2168041847247
68374888,1320.557491167728
10546051,1454.8305599286757
82817153,1183.6293500701254
26190736,1423.846156700854
26227414,1266.723810401574
55825692,2163.764441270298
65550483,2010.9573784094969
14872097,2269.6708695168145
32405281,2285.689068874582
37055817,1392.6398799477101
42617798,1607.494845491738
30684771,1472.4512407178497
21842298,1858.1917663099819
44215525,1563.6774012212695
54734331,1510.7082688633936
77244965,1358.9347967605265
31618537,1816.2312672618339
10912371,1998.5955118415534
25284273,1336.6721720938483
63793006,1534.3756176790687
40346903,1221.369404448277
14281423,1312.0327719458116
10329833,1480.7512872807579
58147868,1604.0967394428692
62215262,1264.826207594824
11535494,1573.344532662458
55289261,1798.3673194724363
93054393,3324.3303829431998
15613905,1360.6963386391892
52346993,2763.9448556020043
31426410,2084.117522430751
11924915,1345.2067510952947
83461539,2024.3737796547687
68351051,2338.550083609451
23144760,1409.2450639791657
97049626,1637.00660390896
94895031,1236.2284281482587
14702382,1500.0179896732163
22232789,1490.3160282407714
14653500,989.8618280759335
45931554,1101.9925230633946
39099976,1543.2841452104901
65803003,1451.2474038199234
56391701,2310.754245168835
92222330,2281.764724015318
93455198,1348.976268353536
52410336,1094.4041678846959
82423675,1311.242435731492
25925356,2678.82600699863
88622240,1106.557439683411
37830382,2920.6651293835607
97198420,2010.444616236327
21477504,1306.4684768078062
84142976,1788.592161670673
96401209,1373.2631800239321
18047299,1823.9020577356878
25908320,1715.3727142292462
69709013,1454.4370380837734
63707451,1500.4641484429928
68674616,1702.005644646624
41246291,1626.2331090431232
93099265,1680.8932523346748
44969882,1512.0571452117993
94840571,1772.9239405665173
24428966,1653.777043730949
73406276,1855.8334527202524
74093567,916.9269603623319
55445678,1448.1160905275938
56770356,1705.2933660451522
20116401,2203.6296276426815
23989432,1164.5514927835393
77573883,1758.279581505971
30955534,2036.8484015296763
46007298,1283.8965359694832
60038151,1405.4097474232685
16169663,1620.9156757911276
40454664,2067.390290347427
62049127,2205.3744056124524
19821119,1433.0109751822313
56611586,1540.1215585392
55267084,1228.2270766700683
55813034,1908.477417660781
23867957,973.0818330707681
90096160,1312.1858092006555
32751852,1571.4808771123471
21394047,1215.4553270813994
80032862,1368.5903189432527
22418983,1463.1335075570512
52802197,1191.2409169955247
48673505,1246.353081749756
14195685,1146.0129594289501
22205138,1626.9843831067665
96628154,1475.0153892755714
44734813,1316.3915020732193
55802873,1689.78224683022
41368275,1643.6932689657524
67686446,1154.5624059380657
97989934,2398.917611720443
65686117,1096.9587346541812
45591525,1761.8652628602435
14884094,1458.960546044366
60291749,1374.6382493634924
46418453,1536.684284560094
30133967,1897.908137653417
30307611,1533.2886446141697
76539721,1653.143029770006
93325285,1043.2931312541707
69825909,2073.4214171817375
10220197,850.6372198430263
34178403,2604.752210803699
67327944,1446.3295618835432
58361366,924.9869950713295
35080838,1224.9020377844972
24415695,1546.1897627197584
30354080,1737.3876747935917
24117628,1817.3276431743832
62628994,1230.5544932985865
51012198,1349.293652454336
68125143,1611.4952950970367
94485707,1689.7168278733677
40172711,1601.1480766234233
17647583,1890.9724003988151
94790367,2094.079368268237
18254706,1391.7419878795467
65733568,1531.623174656697
58357649,1380.7532411304041
42289495,1722.454319097947
15020288,1782.0210181101377
31419590,1473.7916428272842
37233713,1313.1288968072822
26330225,1529.3101959125734
73976501,1685.0713824348038
90642644,1099.8402106500073
63791881,2392.834931570311
40102213,1627.6224451425355
60203926,1430.6050830434351
36257216,1236.6895125572835
24119768,1906.6888472074822
30403208,1730.311650695154
39737862,3438.842078704956
41150683,2296.2186272627137
99351268,2021.975432198292
62692262,1925.9328048918185
72711178,1483.3800806569357
10083097,1522.519221245649
65370298,1639.1492856759894
84388395,1238.3679538705044
52114454,3180.878412555647
74646950,1599.9212808242908
72720701,1391.2610848406364
45732529,1669.838375056355
10509116,1976.2665554811836
36154567,2121.836761363517
46124383,1818.091560947469
27866730,1945.0689827339636
62320931,2114.606909973925
78979954,1480.5669277695736
52531638,2415.6169608582513
70662494,2241.3845805236965
88174413,2325.88770642111
21513664,1144.5347935310258
26546743,1895.721247886317
89094189,1990.5008739171117
34006202,1182.9871928072826
44458405,1336.9357648624139
46102741,1989.8354622100012
80947937,2416.2395441390845
73456376,1214.432536695702
27640503,1284.8737861696661
66469621,1800.6482252708277
35504694,1550.731366550308
24815317,1136.807465278524
58171289,1655.237694992383
18612790,1986.7705543917468
63428669,1767.6756916667453
57949817,2440.465552423595
72876573,1472.1801547585976
96193736,3065.802246572059
57932688,1790.1496621033416
61617398,1753.018881843678
57513357,2095.2660004165796
46336493,1367.54251172931
56173102,1439.7334326804007
22210971,1430.8553084222842
27397907,1301.2748057996912
94750459,2359.087818147681
23197778,1544.9625970141792
62692781,2508.135304998431
94164438,1810.449929529633
19395402,1540.3767115005157
94219712,1677.2463788245516
33491568,1289.1290453170122
67632603,1399.3680964723867
19852962,1966.8582893759044
73405784,1755.4393636224215
88192699,1458.4267891809152
29867417,840.5030926758692
84909546,1568.1650122555063
52598919,3407.788518414503
86077350,1158.9013811737657
43929538,1719.0273069136497
89992133,1541.1305301935581
33643157,1337.4605845932156
40190924,1475.0166212030683
97098808,1938.1110690599426
87635513,1623.2715092918834
16478169,2168.4783075727505
79498204,1971.4170270845796
62568791,2465.1831285719236
36457296,1481.583908981303
29599077,1483.6625022615776
22644116,1935.627951753945
69419691,1342.0522430705068
21970018,1686.386257392885
31666748,1450.9897723433999
84691804,1828.223492939069
19277545,1647.1889348486525
78443496,1130.201961074429
92759112,1380.356577298798
49629913,1636.6939944826863
14874574,1123.3239408212632
61108399,1479.2972679093682
53618559,1473.023189102315
46977752,1491.5258905754042
87695599,2187.524011010556
68430793,2263.3697046289094
11606038,1574.9956355485092
52469720,1046.5448763940785
91726930,1546.622028897697
14558288,1564.9643943132623
98640275,1460.113045763721
82918511,1256.2661337088052
32992592,991.3194833057073
36930879,1648.4242547242516
73360172,1506.1079807925144
22281491,2674.6243310847667
33813436,1516.3814468803284
49300946,1903.0392227932734
56371129,1790.271044623668
83899433,1793.0951017422653
25827679,1802.2770681548825
16631062,1500.5360270875403
86793673,1938.2783126028346
99689707,3122.291089329725
69776211,1334.620646264679
55892015,1189.9492581730844
19716865,1818.0959231232644
46860460,2434.7772788286684
66143638,1428.3761322686767
46241046,1927.4125593223107
47497471,1721.3403687311181
38256243,2436.813541340035
90078699,2241.8852596488377
66607961,1745.9889772540807
15632043,2243.060918530823
81498334,1672.069868170608
82443801,1410.468637754527
88411591,1285.0090511365356
18221799,1450.3160765509563
30242976,1561.1432693856675
66494245,1942.8494409777768
49287510,1152.8014090975626
83370642,1104.4437069725407
92348451,1174.7362687641241
55790147,1788.443229779767
49423398,1825.9725968746702
39715763,1460.2193256547498
46440335,2017.5246577592247
78128236,1260.5406534640638
63409672,2282.7284016528733
98873842,1237.4837755424485
34782044,1802.2666260374049
70391546,2072.1789957025335
76956234,1541.3794666888386
41544516,1328.6078750512504
42550648,1137.4012659270415
98465226,928.2518117193068
30886863,1372.7995599552846
84535276,3281.954298403848
54301788,1333.0177287445176
78637034,2786.554154856257
61387156,2290.8197549238635
71715096,967.3573554987319
47859897,1244.1524733122972
59800013,2011.2784325166524
95293248,1470.5845925376113
11553772,1977.6956335048435
91107127,1435.3855633403384
66825939,879.1731277041715
33598864,2268.886423190168
18818037,1736.4111409740692
86800656,1886.7386889487682
45209421,1291.7189120818557
99712718,1296.545336396779
80320840,2027.4469722996248
24591401,1226.1749570182371
90294177,1632.6365452355778
14404076,1298.2407681675143
60829113,1782.3465769633551
22529505,1792.7301419287337
59566170,1690.459872268842
40149323,1390.5101716176353
40382936,1406.9654991280524
99300537,2210.6695456787374
44631793,1100.479175907775
49450050,1511.6191627913263
62395628,1524.9802436355026
30879014,1232.757051718826
85524688,1515.9366333565138
87381496,2236.214257549877
66258576,2636.293375614792
71415255,1794.4022112540858
45179604,1735.2566309522579
82676573,1917.6449093244591
14654038,2099.815261177239
57261303,1834.9431594061436
69037727,1892.6492964290408
78583522,1013.6818871713542
49703078,1181.5452929619923
78525136,1200.9869724878265
86407509,1806.6181579238914
33024193,1479.7117653283083
38535158,1669.525720819817
84179400,2077.2782367753457
24680896,1233.6608061512682
42024082,1712.0061086452492
31137878,1245.282183813306
92689780,1496.423026013661
93487228,1460.093457921603
27421195,2812.4689525942285
27611928,2338.593280729571
25261420,1720.3992531760214
46864780,1817.4406356020622
51909487,2110.263706368581
37913958,1502.355298445329
74334619,1743.9810919985628
24422548,1883.3593358841056
58508595,1369.125400086375
25087154,1735.1945928540572
76806766,1415.8501660978197
27262464,1276.839055741761
73422693,1420.125489085051
58175270,2626.1516313108436
76648743,1744.487593563451
36026120,1276.3719684056443
87485989,1981.1750948044273
88798255,1289.323757291785
85293030,3997.015426521799
87029422,1333.3973295177093
72679949,2261.8751586206154
25871017,1077.9467175124864
61396744,1435.8992545890635
63197784,2135.0573299642447
49632353,2346.694669405732
65625596,1305.2548852944242
86795596,1220.9780915965289
81433856,1080.8517677296709
87476873,1418.1173026773374
98147948,1179.7148799521187
99212421,2360.340112199303
78236394,2135.201994560825
60511137,1819.9022986752373
37030090,2018.1685268450424
47227545,1720.509663361086
38980163,1582.7182106323119
33290320,1444.6347463769594
57735630,2602.6134807736403
37888473,953.1173566732024
54251453,1313.7374973151325
85556127,1611.7178061092116
26903779,1962.4906017902574
91692809,2400.657931075484
32446203,1851.7421191801172
34350235,1907.6335538695687
28532174,1618.2983154059411
59869496,1331.6898160684013
37887202,1871.5587775461913
54799254,900.5090065954327
44298051,1475.8540367190615
89901990,1375.531111867034
73292166,1780.0535705129516
21775362,2206.7568395905864
36884233,1642.916361994092
66353025,1906.7807362146561
19481125,1466.959441950586
95336492,1225.2780320425375
32400462,1616.9965933473923
28975228,1663.2091431446854
11320585,2200.0261452263794
32162156,1325.8804276321625
88724326,3661.987946316773
67650053,1797.9896506845882
21038175,1489.6398194226604
64836379,1472.8112396668992
60827779,1538.3925309833537
88997264,2043.7759663450138
44622902,1431.3159859080538
85670106,1522.8829508779293
38945693,1379.0791258752652
69337730,1444.0972032211093
22890345,1906.9048506955933
93106331,1980.4126800625663
56257607,2404.4453876394396
42845025,1746.2046546177796
10678470,1489.8388648551968
35975743,1778.8684230714796
44298756,1567.5215566283487
66670226,1552.6710739448433
37883517,2462.713396884198
62831558,1192.0278308494449
25294874,1831.577863622762
34601413,2059.5369704986947
61300626,1863.6632590703764
63694211,1446.4500125011398
70308634,1853.0016275863659
92846964,1682.3147348573957
32093061,2127.6290144317622
68496425,1210.7126688777175
36724576,1682.6580313888123
18988842,1920.3809618929695
44304522,2089.9316142681537
91192236,1379.3056238896872
27105876,1508.6857445436829
89869414,1024.2642936161483
45877010,1824.1792003160215
24146001,1121.2025505847666
23395701,1426.7881171720028
38974456,1530.7233047579668
57842607,1291.2143080714484
51687346,1624.3457137557364
99288080,1464.0539564607548
58963406,2041.3928761217994
29443260,2029.2593264700497
62626422,1544.5508000102825
57515098,1804.0794527877515
61739694,1388.311878534947
27459512,2163.379758546925
84889146,1402.48787050841
58681841,913.3608564738139
63593417,2355.070257995403
33073018,1426.5674511279399
18775917,1743.313533236803
38962045,1888.3979589302755
67933426,1413.4983764545045
54603681,1641.2420714544785
83399485,1355.8022649647687
64199110,1787.4994894939332
82415208,1584.2729410152797
87961803,1875.742692328836
44853010,1601.043656239523
59952980,1638.4384017139157
88562279,1102.566385392032
55858413,1497.3452225573787
61198975,1536.972169739405
37448315,1692.8905682106208
19525923,1343.6142236823393
35026025,1812.8445914159452
37029910,2349.312052136617
65651564,980.3479777029162
76546746,729.2078777205902
78805012,1553.5956790545038
73332787,1226.3938335463579
45937289,1662.2002965854479
99048249,1233.7782336680827
29475704,1287.2364578335955
93694996,1392.9051616379477
18159173,1768.8682222768102
50435273,1265.7483110081625
56812269,1634.0859752343179
10385151,1619.8197005570034
74541267,1901.7773833898864
16719195,1366.1541079607275
48754743,1425.4950262697803
18188655,2105.677147143707
32063627,1898.9235439838224
95749552,1664.5710797275801
95191424,2317.0730115982547
79363744,1191.9144127158856
47169927,1437.875827019605
77108983,1281.6727783181764
44823862,1079.195828156263
81122519,2822.810657724146
18168723,1348.1343435712583
59737458,1614.4339760892663
12477444,1545.3372875182536
89609832,2063.852600622146
50913652,1403.9064121023487
42856249,1218.850533559548
62711409,2266.3796799471625
67374114,1631.0991953386788
26708384,1802.681500895173
57463109,2126.9925257940968
64273952,1248.1549949772987
56304545,1824.8994550229934
82795140,1806.9221962436604
14007213,1747.2589254839631
54415843,1627.5409721484689
54590957,1954.0663555984693
67350145,1451.1384823908982
74993313,1318.8552910969458
62432527,2010.211984207635
33713363,1803.3670656828701
80390114,2876.743206844934
12723951,1782.1695646622695
71416124,1317.5348304398658
72440899,1528.294886843437
60115717,2860.8496817865657
26317947,1393.2779519288256
35504199,1239.971173178311
30187539,1544.744237020425
55346293,2387.206033736315
90516502,1214.8879563649768
72045347,1991.284897434183
79850408,2334.128672888085
20443404,863.2401403538814
84501791,1533.3287297837207
73999320,1531.6572886125236
98913461,1353.085388528574
37225199,1134.9014586071294
16193655,1821.3300511151679
72620298,1435.221160890756
64188152,1369.6171631916661
67784083,1969.484941759587
90552658,1667.7167470769734
80748000,1070.6970244906734
38083778,1844.0827271757478
65525497,2123.8962180249023
19381953,1337.0962655243598
65723090,1707.0410634719472
76151738,1956.7233806612617
48225827,2952.3985491060166
27357384,1563.860305220545
72090603,1685.5443276627761
13739096,1660.4161784139012
42442381,1602.015329778053
57561155,2194.184621314367
35942827,3085.854928711066
89196128,1588.1382685083968
90585757,1456.7853787738939
28123361,2157.568650759419
54892166,1167.0072805077084
34399967,1256.4207752383259
36429013,1673.5749797352346
87308981,1254.571219714045
99529719,1520.6082688121332
22093311,2380.5885853712057
81263538,1699.7022159445355
71338939,1529.5924963198784
26758105,1426.6746584220564
97028969,1527.1279232680868
64463656,1559.9242879309095
56099433,1842.1570817617906
85325718,3533.0254728657765
44166454,1754.437693765037
36489810,2221.9939296924977
33207901,991.0228189234364
27978007,1707.9308254437872
81479630,1269.595682410047
51537650,2205.2817745146067
45619520,1487.55381833829
38111175,1658.3501869930665
52128949,1208.8463009092036
25404819,1760.3435248814874
76230938,1902.7523815280767
35633669,1882.126738775663
17486296,1676.4206351997645
26823352,1010.0918359262298
24234066,1770.6105764475458
69609466,2117.835907556889
44500625,1842.5234857758987
25810885,2247.829894088217
47095933,1430.888450234875
29996746,1690.8371937363972
26824387,973.6578958412796
22560248,1841.6999137989671
67043419,1452.8375479061406
56128877,1678.2472525537219
78532613,1416.0919767916537
63334626,1590.3466563017992
41942475,1394.1732270642312
71572581,1202.8889933654573
31224917,2525.965451208419
52061385,1451.1856259343845
85648776,1190.0518578392432
89601046,1032.994064897148
16315474,1648.672163399506
90885644,1410.4965944051416
69988016,1711.122517904725
55363982,2835.243397008915
15084841,1225.4841194908065
85269120,2154.2289901441814
31531393,1074.7102866085797
65511292,1953.0034768331054
76207920,2716.4864635658896
25765261,979.6573821736222
99628783,2100.774287651823
29123949,1540.3933208930068
84071477,2874.241460708959
55408575,941.193559869696
18563235,2009.912810042971
32862824,1339.7655580345784
87247913,1422.812058714349
70811397,1325.6022992821315
79135010,773.0394868128095
95532555,1872.3474945360927
91619153,1835.3068805632463
85185899,2350.055530148106
45503458,2017.1306615379567
40572975,1452.6741214297542
89004010,1687.5946482870645
34562042,982.5369355166044
63463440,2355.860557105979
64460362,917.2846222714334
67250925,1455.1007574377682
14939721,2785.1224067741946
35310686,1538.805343629369
71187848,855.7030389779351
61524357,1120.8740227783685
36782194,1411.163103324255
89842273,1135.531196063251
20614858,1559.2114646257826
68048266,1208.793086231532
62462117,1317.509903482625
72115510,2624.8624372758595
14057421,1146.9429796445625
99878320,1696.283228559597
68934495,1746.5514022481423
63897425,1477.2026665184756
30823846,1613.5067838480866
45856506,2153.9299362709125
36318458,1845.8175305032635
54709816,2112.9927910178294
58956301,3208.018696592411
61193977,2020.2370827845145
94916864,2094.940139818388
95563649,1487.0083596319178
11808364,1402.7059976112994
53108582,2279.1538707173836
37502181,1159.1800336397828
37996385,1244.4984648175696
53563779,1322.6384181776054
62612706,1054.1238850453697
33233317,1027.3139923971307
39285196,2608.3714339641124
12469660,1457.7267769061905
10086272,1934.9057995318296
61556619,1012.6036080249035
44239580,1865.6158674320282
37303458,1798.5251075507094
69742763,1430.6673426392692
79252407,1503.8794720378853
55035288,2979.9240456304215
22573833,980.1532212515508
73616028,1908.6490819697988
72379751,1438.651091956934
63515051,1327.942166550439
43605274,1230.0822127260403
94526159,1832.5783853822177
87017405,1860.6795469718495
27785122,1380.3012064043705
88986010,1486.0206352748105
83705830,2798.9645454805072
19294754,1410.3699813985552
10016581,1869.3717787486687
98337631,1807.4933513727358
96284977,1681.8490678542362
85120493,2106.56750820633
76912038,1749.009091821453
38273802,1546.5016911235623
31373003,1405.2568780677525
16311364,1515.431026182812
81773825,1366.2803529339221
85451822,1809.534289311107
83837897,2287.070946085777
79840167,1314.8263766711914
10053165,1629.3760243867973
66085962,1571.8780429147278
74446354,2729.4470156549537
71248291,1315.11023296417
13527988,2351.5217237349725
59655162,1423.1312247363117
81270080,1067.3610204769627
25459024,1787.0552317358033
57124820,2319.514350044549
38744724,1549.2834881303295
14672828,1836.5158857707943
86208199,1305.9510922351226
60804234,2087.54988214621
26637959,1381.7930011294677
84505191,1815.2024860230895
34949195,1745.989727166781
18236230,1798.3934242935482
83633670,1907.2869458324828
38795738,1004.2185033912774
57060441,2123.7934021631722
63193750,2891.4661929174376
16584196,3245.520987934111
97470867,2183.4974616673708
57117308,802.0149410932306
28539736,1447.6307822815004
42854708,2703.5580864851886
74612987,945.3584859516437
18574187,1136.734140390269
82554201,1991.6818317869345
63502035,1661.2865475791903
91862663,2927.0648180193257
92211122,1738.9262112118795
31056808,1562.2908549891822
16943964,1390.7414007768548
32863651,943.4629615077921
68176876,1398.3046117969968
49131404,1065.2113810742185
70277995,1354.5876465257895
35494136,3284.2721755841953
81234980,1819.5154528310786
38613978,1911.012206916652
58078556,1567.9778729169009
44540392,2715.0401388021032
54581831,1335.1103371203083
27711464,1206.3078939745692
34639609,1561.2043936913476
61465981,1352.047276332604
97434739,1976.6676108366385
11115465,3050.3619336293063
73204702,1910.1323581982635
43122014,1675.9383540728766
82465915,842.0809096995075
70336402,2474.5007923073804
66860305,1685.8636699413953
41500458,1778.624619367842
92919391,2372.911025398553
99618084,1435.825675219648
86909460,3450.5843565523896
17337355,2401.0565057261356
42353664,1084.0330072330337
21765685,2005.2356229971497
89088918,1210.6693430387247
35899962,3603.5582237791536
68684318,2089.6056448586037
18484780,1313.715603811539
87388388,1625.748870537665
90094211,1655.2507995028582
16804039,2259.1955155268856
91010086,1468.9917565534972
99469868,1629.1890141611163
37545302,1784.9426400228438
71878464,1674.443705562025
21183040,1934.025810081956
35304073,1864.019492486759
50348670,2131.4496155840156
34230931,1220.7170757073068
48867425,1632.462104698981
35018884,1359.1301958387419
82792644,2933.9718466540894
55638604,1676.480143084779
45618589,1700.8374606740504
94996859,1182.409452181694
59711138,1300.8640678070776
20008628,899.8772283916261
74210201,1790.8500274983846
71592370,1697.9570601680248
91112168,1718.9462924725187
86979588,1845.7712328655562
77491019,1713.1609445959198
82906889,1548.2103845771055
47215201,2125.952654798088
74482354,2369.5455063908316
85248466,1401.4911412903093
48081067,1914.9592062200707
15387364,1376.89494575845
49479914,1530.2873058049393
67144063,2475.413086608723
21546784,1845.3353748983488
33690767,1358.0219591447537
33115846,503.6255249723738
61562965,2049.4860005825053
39809818,1896.166861536295
68123009,2458.266802793315
51851996,1935.1613935354599
14592737,1309.4675778316798
53703850,1652.534573733463
32305458,1974.6752640575044
15802272,1066.4008687106796
36113397,1543.1683835108192
10490484,1942.4929538078813
60733954,1749.4875098707464
99162691,1117.2301224273413
93098807,1255.756085404174
40838545,1693.5116472009806
11051825,1933.6523821456756
82908690,1529.1328008356088
71787511,1654.558109235534
72823966,1530.8114362972547
12980060,1780.0113487866006
96086415,1525.849738055714
23697274,2034.4600118067224
51614059,1838.811427189979
78779574,1662.664878762085
95241308,2747.2837424782942
17643222,2702.6103113197228
93263316,1703.614518391441
37302631,1258.7492718141314
87271886,2067.5965928112614
55736876,1810.607185258008
51594702,1899.6669385273642
83945766,1107.214284495768
79078313,1273.3013734883973
31277810,1510.6362478369847
74965419,1868.2510858360577
12557472,1375.112333865236
61610958,1537.8033330032517
87565891,2816.00333462838
69835471,1603.9717238394164
50409416,1369.1139386220605
77449547,2028.8494373119415
97554546,1201.789555402554
15981479,1566.7674646686953
19522006,1809.1427344516342
27996044,1630.2325082194757
41161764,1731.9762386617235
20740770,1540.2591444507834
70042803,1638.6283608588362
52210690,1265.693112858752
81657059,1263.0433825481725
67733763,2344.278086636869
19453777,1436.823064890519
76648543,1742.142691001467
38569009,990.8058004660095
24713941,1227.0656190431794
89660454,2323.763699412269
85740410,1577.420816678052
86257801,1432.4196977537933
86873805,1604.397028048675
33399735,1767.4914860276326
37535534,1281.0016939356015
27667456,1506.3377836114041
61581329,2255.472318631187
51263630,1080.9676498667027
52033053,1451.7263208795623
90888218,1373.7969250130182
12546179,1865.1879212061585
83093814,1481.8785693502432
46297699,1303.0118419669159
97044400,1988.334203486874
31763919,1329.8308219806609
16008849,699.7627173608298
51084945,1018.1472980589795
59957604,1583.8358596389803
18780994,1319.4072651587037
87997537,1464.1950222736696
45685391,1708.2557224951931
44441149,1433.4824054186424
14178311,2095.021825504867
43522500,2244.540777458627
91025767,1565.121344682376
92328854,1637.1333092949371
53582398,3043.7670379128426
79088536,1202.3285642068809
46193764,1250.775816326376
84800487,2252.5811705355254
58906346,1874.3150768898618
16384425,2228.798063746267
31314423,1664.7171127049512
78713693,1299.5672427134623
59579059,2781.3958023782334
51309878,1597.4254512423788
18367921,2864.8042138466813
17963218,1320.5903248183336
63773516,1716.8829213450313
43820904,885.8247110355218
61844633,1541.3358135959775
97433520,1932.155632693458
67890378,1351.6481798913305
84770654,2017.9679717327795
56388014,1057.7430270282025
48498606,1320.7423261810025
96139568,1281.5626944156088
23184000,1765.7429260782487
82435682,3194.3057376703746
84725417,1208.2554992941987
80398008,1293.0350117151852
21408816,1923.034288906656
40561414,974.7935788130167
47526789,1726.3892268703823
34202671,1593.099740314037
47410501,1559.7297343761418
18437030,2030.5506399564658
89947527,2057.9828991104905
48179652,1134.0778657926926
43574355,1266.2327707588338
93441626,1369.201555093742
49833156,1126.6281520157365
27436801,2189.5971508919692
43212239,1697.200209694614
57781002,1901.8270783940584
80452756,1801.1355949929202
69547198,2302.166447215186
92282402,2555.2392765513846
60080700,1853.8040907101108
77220496,1218.932452872801
54095090,1860.1343316215662
28159066,1142.4590319450556
76298460,2016.3094307373192
57334293,1705.4585911620145
51349452,2647.4185836076235
57825954,1371.2380391462837
75566691,1404.6247320525765
21994482,1631.9622009752118
15472109,938.0572640186108
74524636,2238.464159131739
50954892,1651.698514377808
72834699,1733.3667301224136
62999750,1434.7609348353596
33123268,3500.953251833517
66540114,1403.4977692952864
54002928,1346.3840696070563
55085304,1478.5734285434437
22151066,1573.2179615221962
65334729,2375.2003303923675
30865724,1266.8488525674215
90388666,1332.0515131823654
55605064,1350.0325582457986
69408128,2371.6670493963197
99473168,1842.9437861391962
75818797,997.7860241376114
62565025,1645.8266164621814
75143116,1471.3590523424964
47696923,1848.3413868636833
19416750,1655.9537416388944
22855194,1990.4499418523187
67192782,2119.8123406876143
87517475,1566.4986765229798
56350089,1746.2110745311552
34134972,1751.5704518015839
60576347,1967.6233515973054
26319072,1350.929408327989
88893111,1293.4842213864897
68033382,1944.1381253167322
94035885,1331.679234136141
81187160,1596.2890648515224
28315736,1382.1968958471414
22692256,897.3386921991704
37267592,1213.1489276250945
91150814,1731.954684969693
26431305,997.2750879304957
87910232,2682.8759640737544
41955248,1560.1113793080162
69743430,2417.755662217912
46703259,1630.242193979073
31441294,1516.6984933944527
52540774,2122.0041682340043
86506186,1600.3241024256786
59584539,1339.85695986267
97314977,1757.5766713409962
96666615,1534.817585301832
79683457,1708.2397566004252
82209443,1607.1961520726502
28258830,1673.9308008042883
42067661,1802.7483702903407
66297804,1102.102355124632
16941404,1252.515422518928
75005309,1438.0834409509064
24570745,1885.026851729303
86113362,1908.29763937304
17047985,2185.4165053291426
65773050,1549.7070697118725
58445540,1311.328304761925
48523637,2035.1343427100387
95993557,1764.575950411172
88761628,2770.5016945632697
35281082,1678.2448080958811
63427827,3318.289310864472
38736916,1453.269120630659
86580197,1757.0437898163516
23112535,2769.9107483897033
70370352,1933.9692055158791
27855625,859.1341287065509
60833031,2148.044527609046
23047956,1416.5467479755116
87351286,1564.8610352684352
75886001,1116.4454888775247
66301086,1767.8947047388554
60935733,1226.7847098137952
98414359,1758.9850385295038
93169508,1618.8395410747123
77985316,1307.4877631929185
22647726,2452.273166638736
39865459,2580.499925113866
81994206,1399.9170328042192
62822262,2011.5540014706198
85331429,2814.6338769893
75110630,1185.9275448888195
51138756,1894.3481337540577
83491442,4569.900431400569
67891583,1354.8499741692297
65475315,2756.784133738925
37180335,3109.6768728066336
53617145,1747.291420847194
66644091,1347.7285173064633
85685863,1415.0127441135737
67756317,1584.1114543652398
47286828,1303.1522516801317
30798257,1793.49829502723
55429056,1456.5455036624553
48423935,1387.8977819935455
70215654,1574.637068025793
84995114,1681.6003321081434
34191374,1207.152384557985
94424055,3026.1793886304727
35266032,1097.6374545381257
10282778,1997.190574675206
74509894,1519.0885237911964
62379565,1583.148533658023
69295266,1202.2758507253418
19487319,702.2729735217583
80523155,1748.275796828373
76258438,2635.613100767965
15381648,1488.8733172017626
76313330,1442.5257183982596
67909709,1400.9919273120775
94172578,1432.1468707518816
73730320,1345.2045518152283
93164433,1325.2566968399506
47160388,1141.18508088864
39990609,1820.329866741922
64566990,1620.4980555473255
91126842,2326.1805369519216
52824809,1590.910523145459
57254599,1544.775558797499
38718331,1249.2377874957117
86095545,1454.6669991280414
47117496,2417.3874471160525
38398092,2004.9776064304315
35904079,983.4174663512767
90919237,1284.9380249470523
56102015,1215.5328804153585
71540566,1408.2100447157427
10011577,1445.5045519924352
84723499,1884.1030917128892
12437858,1394.0168925752396
55600884,1337.549080364919
14903844,2113.1856782294917
79656066,1401.33978544157
22833793,1227.4299071462733
52725368,1559.5840035678489
69338616,1947.3185412521236
69512258,1533.0213506859675
96249786,892.725621033225
93289839,1548.1292524743112
89525161,1843.9123516650154
25602400,1573.3211620843638
82687645,1583.6743241544045
86466057,1732.9381137708976
31039064,993.0636654907881
38126410,2367.5957180479913
98941268,1957.145170000894
98887377,2240.9561207036963
19069593,1392.7583810808826
48991500,1305.654650958586
81340729,1247.1092055061117
17755803,1384.8642808632192
28332754,1241.9637279877884
48710415,1644.4923252525005
13552122,1884.8104739983296
67175252,1920.1017187737539
81401006,2411.7245790551856
87569420,1494.1384834328403
68775804,1785.7071240124462
51303767,2218.9762599822952
36907350,1329.0618896388114
11852044,1238.2839379871477
57122012,2022.227013865763
42764646,1449.3015819337515
23299341,1247.634455268809
99527596,1605.183147487106
97393585,1319.168397221427
43578412,2413.5438020590414
98294611,1742.7016613618405
30924809,2040.9445421615005
88121507,1993.4562413499339
81094653,1821.364321605737
83948197,1848.275931765296
53707208,1543.7472263689547
72598207,1901.4846812089213
96325015,1364.1815820217437
32527392,1183.3497941193648
13367283,1583.828357747911
70926441,2036.8370051305806
14507496,2936.57382350269
84516945,1541.7941776295713
17478153,1335.109273910551
83347951,1217.1041407098705
42507501,2674.3666533062874
54322410,1387.4027419552392
51129418,1926.8628806141123
92284337,1121.2811544699669
56191305,1176.219556931752
69717201,1354.8297954785794
77803958,1677.3755987864488
30868541,1026.48183413827
21948362,2212.9793666726378
64597726,1443.5239012210632
24753315,1366.568032166348
83137150,1100.587097144823
87115344,1689.3452505837013
99984175,1718.4790625786138
78503238,1581.4148507333343
56241324,1996.8022109941141
44979606,1250.8491636409276
73782771,1787.5339680299626
83259646,1567.4506339308641
83615385,1332.7719652720812
84238097,1382.0392604001977
90104229,1812.0579958124424
47165230,2196.505036177247
90052115,1154.8380198164427
29318397,1845.8753549880714
66821977,1795.9002293000733
74914365,2847.5365536924974
21821045,1583.8387769928397
78077361,1242.878955949453
11290483,1713.0256003669313
18150280,1577.184230288862
97190006,1389.9684132982038
23716973,1638.4284551425242
22402268,1897.279456402518
22495547,1485.6789993698721
62732805,1362.1118546243713
35149813,1057.712712783833
45074208,1543.6538117096766
16930048,978.3146669214195
37034316,1315.6998182005718
41257506,1209.2845735877363
37119194,2770.127924887134
67834562,980.986308970983
34524417,1921.2654944182739
65917034,1454.543174416483
89187031,1382.404921041617
38918236,1764.328065968797
15343670,1564.2579699467044
14075655,1387.2329223902982
38174910,1920.965434854587
58723158,874.613710762411
60249533,1743.2065347717157
97281245,3572.2790278214816
72949298,2792.4054649401937
15101045,1302.2962429643987
28123842,1423.4310215610074
79777819,2667.410299612813
49207880,1683.088174899113
80546483,1709.3894726727865
64032695,1562.9805270902211
13192282,1410.8732931777924
77309020,1711.442114558402
61977302,1692.3806901753546
97344057,1769.2857375788305
30586194,1410.7600469748895
56677229,1446.0417303749296
22130117,1207.3063199456471
40261245,1888.4459803709963
30166032,1729.9775323093243
77089984,2163.8097693666123
26878900,1340.0387729806293
61371436,2041.7567814771746
42742062,1777.3308714708357
95339974,2479.1537993043794
56107946,1708.1105530918396
75011328,1559.6474724135444
72662754,1296.1054217300382
72203106,1060.7295705067784
70496852,1617.9037374331378
13201993,1544.5035021493065
78164844,2226.8297116023327
59342403,1525.379819496274
94540895,1998.4318765247103
46539631,1537.4690746465426
72239923,3100.864472699086
87927143,1511.4337296269275
58112642,2057.7382810225645
46348606,1083.08699799345
41028863,1551.249602547438
24368370,1367.1344541235667
29933781,2399.047298780953
82791847,1585.0358547734872
96015529,943.8039300456012
54561874,1429.2572384150287
53184693,1019.9716385322342
76671373,2340.1487961079047
63611357,2078.542470994415
80706420,4064.122041339355
55017743,1957.1545352121059
80689892,1691.6562870839991
84469446,1634.186011272373
23226721,1633.5732390751364
85084580,1603.2053247633853
80669002,2209.745127782984
65745002,1725.604743941624
89007400,1520.435260372882
29824422,1848.6270228616368
35775431,1515.0703971802063
14074630,1240.6696993313014
72325201,1404.0355998244693
23874500,1609.1714291892447
37300173,1598.893987763909
33493494,1862.3436030927257
30229764,2674.3457519046374
43966954,2058.970575258189
27845488,1659.7855118734756
37461765,1990.637990462187
54994083,1958.2331876445692
73747516,1677.3270009527675
41276058,1148.3589426876672
55912598,1375.4773993993135
60686267,2239.1225323295675
32726148,1692.2278716067754
99279088,1289.8267242906747
28728541,1575.7405219572433
13858737,1562.9938499607342
21895570,1878.6953222703817
76323759,1685.1055483457721
79038940,1105.8810295984883
29272847,1364.1524138643333
98713132,1484.8160841792396
92394953,1725.492503455366
96580365,976.3487878200513
44481344,1265.7112756181846
16420037,2214.533780151369
93921984,1635.6350803215337
26481610,2353.8291109520314
36292815,1503.618919659062
77806189,1974.3297550053546
75958945,1348.843605988117
65456150,1582.7920141992126
80743824,2341.9614999163573
49966934,2285.9746051467005
86026791,1355.5485243758783
85816309,1104.268046973628
15568874,1913.6488425025932
99556884,1703.9166655198103
27514144,1681.9125593548927
33950340,1625.9185604220002
90674412,2841.8382600315563
31688776,2095.851716222356
58380703,1364.0084673655087
59666638,2085.7022364406143
28858647,1748.1191373961665
96281488,1404.0178195766061
81757957,1735.813661354552
15387606,3148.9615587729
95978588,1096.4834119318668
38876766,1572.9060168157916
97177476,1538.521369379837
56304916,2133.8443304342563
94447504,1491.6925167101392
12858830,2132.326923896077
29325031,1739.4765928010318
45137864,1300.632425562108
40574206,1715.546354185568
14671172,1204.458571062899
79393183,2252.2833233609917
73490914,1178.1793128952033
74160460,1421.8004652328855
44164617,1113.9046780231745
82646950,1926.4843202939683
13359174,2363.9036701733703
75134927,1122.0162552436582
36042465,1295.8458287533479
83839627,1982.1701861017268
23668396,1746.2323133456844
75299261,2302.2100729273943
41480775,2106.5767476536143
33690039,1918.0481508521614
22503085,1450.3589782020751
37466667,1275.4558238994018
14321282,1412.6928385623341
71351933,1724.6538748039745
87081502,1139.6923097496747
65472553,1445.4164515232185
99213360,1808.1939272043812
10832464,1291.6157514301858
51819797,1908.628898429014
75955259,1910.7139672909375
88647663,1654.4593624965737
48629803,1456.1748286379434
83286245,1974.8332328011395
88766577,1308.238022449764
92941012,1667.4955616377692
77129657,1879.0452549868892
98212477,1494.277393998808
47578988,1269.596724003227
50209960,1553.417590235941
34219777,1595.6315005758258
79439231,1297.9646035818823
73635146,1889.5848999514958
64910994,1705.1457126288124
53834693,1034.5971649784935
11363592,1894.9403582031757
10873772,2894.3658776212415
87767702,1939.0704999454238
23454749,1424.5427749597466
58196808,1482.7087730565304
68491285,1674.433848134172
92242279,2900.4402814188547
33507598,1643.8013620949114
31155680,1709.9335380313441
69782815,1329.070105994452
99510246,1721.6358964815468
76945883,931.4136238357225
17094345,2018.924896665146
46337525,2055.1140192708394
28488983,1154.9346861810843
16761031,2792.4922400182954
79032271,1177.9901585335963
62295468,1119.8738817788603
34239247,1974.5452556544572
13382072,1500.8076521075363
22594211,1833.802976516405
57247913,1240.9344014726928
91685716,1503.389473386525
17466502,2038.9141543933815
33964749,1753.2895900207973
51427608,1028.2904977441062
24310192,1151.3397507558134
31116680,1608.953205937905
11417356,1915.96368608515
62762079,1451.3878686640476
42671255,2009.119025920612
96926020,1716.9210701540371
50275050,1827.326205692228
39760605,1596.8969875439122
74898826,3046.0961470279526
72916922,1392.0845747199107
15943032,1309.8174387487059
74582816,1810.8128711573875
59875250,1970.6318620454906
80790659,981.3866943220434
19888418,756.5088231616314
31588130,941.147522543499
66158465,2069.030872340586
18800645,1685.3687336334342
64505218,1467.5100729820215
56056799,1378.2382905569427
10374837,2095.684428663177
41300143,2449.0097552993343
78621253,1328.0772740821399
11141195,1587.9691949980465
33865847,2511.0242720731385
90610974,1103.3952973403352
98930552,1647.5817932711382
12727530,2230.3428822970354
52930535,1543.5392249533375
93753865,891.5601183341139
70595210,1699.948952931544
86025280,785.5817179206692
78663509,1679.9096829437067
21322626,1426.9191862147034
38172344,2081.520915250061
12467923,1848.0900219720263
59832255,3451.265474176771
60019461,1766.5922672594702
36274445,1279.8862000227225
35417851,1407.3794080890475
24997453,3136.1951706063883
83094532,2757.4738668355308
90174488,1630.65484594337
71319002,1174.364833896333
29621396,1423.6931579978857
10011880,1505.9152471847103
17190126,1335.4556046449054
70424510,1632.364202876833
11417531,1259.2738695742526
27554957,1667.5611275299982
13689480,1178.4979310422957
69613512,1543.8895018285039
74318773,1866.3454448242394
45221034,1689.101032781195
12200305,1411.4255907327786
29052499,1898.0647319451396
91168920,1879.700346412384
99587330,1078.5876185813443
85493546,1474.348063301068
36510260,1623.3398900661582
40370308,1995.0873845283486
89123563,1501.1781151302177
68894033,1399.716051770399
73938236,1940.9091615930101
25242707,1288.9287054157926
87339346,2223.486507481824
34182148,1176.7715679570879
55488547,1453.1325090942282
58799207,1418.4810699642721
99415472,1437.1209126679864
50374353,1824.2984227562354
44632960,1205.1997961431812
46918499,1973.4667410513014
61219752,890.2443866891133
57928854,1368.6603767954666
22536598,1288.2358618261537
69936903,1405.3491960576746
69696012,1241.4822598868134
75807455,1366.7867173026136
31557332,2250.643970481047
98503124,1077.205291730612
45347570,1622.37837825051
91321804,1705.4351290555273
56392111,1793.7492125023023
86308272,1021.050979014278
64596791,2130.0326016269914
80652734,1862.260659155535
15067372,1817.4058876530673
19485124,1491.7237236520075
14453004,1163.8886380527797
26285533,2372.980653960472
92838656,1523.7365883275938
37408293,1629.7442407040662
44619550,2102.9707517394822
12229798,1395.3652052969962
19471907,1324.6753127284633
79387412,1152.3274288807982
62896852,1733.073051445167
45934349,2280.3333531309117
16860511,1740.9653029905444
43506983,1518.0814399842957
70740306,2112.9167461218026
92814410,1386.2529143251252
42104710,1773.9594863982056
23656647,1311.6213874339494
16622582,1673.6035921553027
91730318,1450.5309702713735
71502047,1653.149152933033
62198081,2725.6417666040784
35586426,1525.4125779968067
73159054,1269.2079140141173
72932579,1392.0962044960977
15860553,1686.2934376542548
76499202,1308.303881326501
49147306,1209.587370452814
66173222,1443.5306913267875
36048465,1750.785512889422
58226162,1679.298798988615
75348253,1366.8252174668542
29406516,1573.3795526062595
30120831,1379.5627761793357
88886135,1505.1263173070818
90716300,991.6453610329607
12118186,1593.5081396569387
39388114,1564.1860788776207
43348151,1426.2873347020218
70648988,1560.580704693566
89828759,1460.2699942384336
25774436,2271.211008858376
56166234,1253.7191242094393
46207048,1330.4748389582837
24260337,1608.945377358681
43372122,1382.9407153388709
99211792,1456.6215128959373
72425048,940.6333615897236
58848576,1561.9360482145403
69451066,1061.8997310450811
46571746,1955.7863424131624
35037281,1281.103983279344
85573733,1367.8270764774088
85004009,982.528868674657
98713147,1815.1450371162152
99574842,1216.5788079375327
56403873,1065.0997450431869
79242881,1755.2840689260868
58458582,1198.796561557587
68482067,1216.0368040053372
16690135,1944.4261984959082
15173091,2205.043586695226
61448444,1613.1338571291767
69237042,1174.392321513737
85145895,1081.3960239437938
22701271,2634.1176711272255
39148372,1313.7788913487889
94500108,1596.898724215504
68415143,1287.5850016589472
40595467,1983.895455684997
53076141,1655.2436876664067
73641861,1039.8633530828229
48605668,1546.3079229367092
69923530,2137.5309331490394
49319680,2023.7458711332556
45928049,1788.2267522848365
73814109,1243.60460237965
61386764,1626.317923727919
67209776,1401.6056205973364
10596331,1454.2503208146413
14387887,1637.4764115416735
66568548,1604.200564623776
59240082,1630.8890782646017
35040177,1678.730765366438
99480365,1461.7499387499458
68333386,1283.836477779545
95572882,2014.3142127081542
38132096,1673.8080025481686
76955826,1824.2026551348558
17729676,1949.7693883818663
42211142,1330.0183597905939
20158681,2689.7497641465
79393152,1385.6962023298506
39911125,1438.650856297595
88836366,1786.0604267036135
20409154,1734.8776169673438
15026679,1569.720461158188
42131515,5100.589546266268
54650905,1527.5527503928759
26838390,1437.9542633214917
65068346,1292.8306128540216
92979933,1652.0706303771256
95452518,2448.77084643605
38822689,2151.317256970716
46355252,1943.0565389294654
12444224,1941.1944841464722
42979270,1364.048311193582
77573762,2401.8992365125596
14826829,1697.860814307422
28709839,1864.2097306917806
18829646,1779.441244887227
96568537,2041.8918875505155
56829547,1626.8332764454492
93979772,1870.4261661477326
17626588,1583.8731877921107
34011504,1677.7039238134605
52636134,2125.361452145812
91687348,2077.6282202375096
36508418,1729.1601707806312
82621948,1230.196697945561
89318730,2564.3014820974786
98717167,2117.882896041988
26278873,2222.4904683396794
56823412,904.3596209838737
75609163,3766.1530713250468
90104725,1758.4021998845378
75874553,1828.4813800353465
48469293,1811.6504984018818
70313722,1768.0072697936348
48269879,1527.0419723874859
30338233,1933.3725318077577
32779513,2172.2838985948774
75548478,1449.4821602655304
38561257,1915.6401371218076
10945373,989.3284619348171
15756944,1475.991839608215
46940446,799.8993195672352
24659465,1369.0948312962714
88948806,1659.896844140744
34164402,1447.6928969688665
79477391,1995.0572171765295
15537006,1776.121978999678
88911942,2042.2721787357655
96378293,1487.5794957911446
76422231,1634.3197785431062
12309843,1195.777617335434
96239148,1377.7764822320344
86466781,1628.1373390471515
49050128,1821.1716304679885
14724818,2431.2412177028355
56683970,1703.8869855492223
98393974,1363.653665026798
84824034,2337.9356095407475
92573067,1534.2585202644768
73226546,1854.982662973296
61358064,1238.6961158096628
59398688,1912.3115645253913
14969480,887.8623008896714
80588045,1626.7329420503359
95597071,856.8858599869196
54836005,1322.1143293003884
23220441,1834.6726773173475
59018993,1828.6783179246047
68425900,3004.7289064007027
96400633,1488.3620401739324
32664783,1298.1104636700065
37951383,1369.6149146740902
42701020,2164.6387201849902
23132709,2022.2134960077012
36039638,1580.5385721771477
14728562,1611.3737131480907
62765095,1696.6049440191405
90518206,1719.5662689083013
99330676,1543.1879979588707
54002963,1851.9149892034843
80024301,1186.3663055410975
83450392,1312.934062445336
80827964,1267.231679165252
22623823,1449.3943654464158
85154401,1342.2218794982666
92409200,917.7018661046839
37461274,1670.4085356877315
39412052,1877.760459665224
99188219,1152.2009739689422
10533163,2370.33915668674
16576946,1330.6140876053719
10571061,1779.0407401832902
11502784,1123.39421992721
10627022,1074.110450841069
66112731,1626.2145045581074
12271580,1434.5953155817165
19300863,1727.0610818065477
42301466,1362.35279910177
93227392,1631.3773710759888
13989390,1427.7686730884052
83189444,1574.4448426331132
88982820,2096.6756388308936
86309809,2562.69891725139
93812427,1364.468349224377
79351177,1708.2611248877154
73882065,1658.0982238240642
85331771,1580.7772375974882
33746879,1488.1663715131515
90357052,1536.4386496579853
42998447,1925.9068638995147
42297649,2383.3522066877376
74232297,1522.5489485775338
68234963,2156.6915186504666
79955240,1254.8713791428397
33685499,1500.0610847266
74031111,2307.4619883141504
81527691,1929.3724038337473
25578339,1349.2945947810604
36826714,1267.288987614876
66720469,1327.498974549733
58271754,1181.8358356522467
79175453,1683.817298431466
91006186,1227.0151397733205
75399510,2141.167929447808
65438642,2458.4606806175675
72193555,1243.678610705703
52661224,1711.2058741546396
40274658,1922.5077564829178
63582038,2872.0711106909425
95316180,2400.3819034744774
31722576,1527.592853703485
51439680,1809.1908053057566
92864642,1601.6314848638701
24588628,1596.3105649618217
62383426,1399.3241167895058
91245064,2414.7984458398178
61715372,1721.7342494887662
65148106,2275.3512250646177
91441992,1297.1228559756553
49274969,1724.2976169774117
33917232,1515.6568901068142
83235081,1963.447493100506
40753215,1748.6467508232886
70796627,1306.8242430436067
73931614,1096.7811440231367
56857736,2630.9061153834473
54064504,2036.0073264433718
20389019,1171.1100744189098
57574601,2546.231356975332
16478279,1413.7419852582889
68356151,1862.4913124338445
99711808,1936.4432357285814
98284968,1531.2649590688704
30598390,2083.828040099339
55132880,1881.144195530469
34163532,1478.8999039168343
40857770,2225.559620705582
79839486,1200.1717874153048
78134573,1949.2996183608147
96251286,1707.9693583053127
46606815,1773.5197658887164
53204628,1118.7487356610102
39264189,1543.6017595909589
66917873,3722.4781722592343
75228206,1681.661549139438
57466748,1814.3975107196295
75500440,2069.309120247359
88152254,1634.3594816156142
88711927,1513.3712470164646
71935730,3068.517951311356
11714210,1125.0319368441756
99304127,1530.6886277413432
79629484,1593.4616979416328
64599027,1208.758829070877
71633685,1651.2996264673454
14342958,1732.9088155676995
27958253,1747.2058888264014
61174518,1425.965542323368
74916891,1595.4768950502466
72753968,1504.1571394760329
36262662,1729.2915828692198
60917615,1438.2952023705102
99306721,2322.35618001612
53075886,1420.6783845603204
73928511,1673.6588333163575
19965325,1207.8540811746675
54826574,1693.1302568006465
64209168,2596.739580586371
34147586,1430.2688785449661
98269123,4085.2513800295796
97467622,1761.9341706509824
85814087,1497.650635364774
72333580,3161.9126782018984
30873738,1380.644936424783
10331403,1394.957586776377
35344119,1780.0840908182536
35769080,2614.9878596915696
21575135,1502.4619424776502
75304823,1380.9621602964676
23401574,1118.4897757913436
83090193,1647.9059315876298
86996430,821.8843137684989
99751646,1260.9353285788002
23591049,1797.159683713423
81709576,1356.0936760850996
82444468,1948.7584352845847
38288153,1983.7455239503893
87446209,2677.6198282568594
12079734,2336.579813262624
25058080,1718.790766249814
89691662,2451.363626164114
13150938,1858.7380919187206
36020495,2017.6864904156464
54923182,1671.797840710408
28841079,1270.589434487839
41392965,1107.971412505029
17119564,1674.4276294825158
57430704,1512.3444203357953
36272284,1593.0418584063757
91925114,1262.4504744744029
74412922,1908.522193188554
65743046,1640.995342038684
48653211,1502.8094145976559
36332370,2290.799560859084
85424579,1846.8895474811586
95090269,1119.0540180954074
95971802,1011.6909107947222
86256336,1361.713545746257
31156844,854.6462118595624
37688219,2601.5986439027306
82437324,1498.4886678684759
21950676,1724.0983467846445
54094553,1470.0144104310355
74374536,3544.180992832228
61738687,1990.3411361693634
19277250,1620.22236944276
84311990,1980.150729101692
94274494,1792.4401641004504
89122239,2807.9117177410208
97119289,1215.1136105689877
29959537,1394.440084258359
22777840,4124.96368007451
39391011,1430.6994721424762
15127918,2121.0578679859877
47251761,1324.9515403889511
20023773,893.5297989555766
96682736,1278.1748690085387
12309412,1715.7210068439324
11517944,1436.1323067771434
59425514,1342.9049015686126
28854961,1443.7953258506284
63750719,2083.5107096156626
69531684,1377.2705304444821
73516640,1502.8080588501082
92500346,2411.642137000629
66124065,1719.5845792349198
28886163,1390.2999987007988
19680706,2046.7195309612698
83673598,967.5438184296163
85519237,1504.5665199914974
37110854,1561.2830977145136
96010780,2028.5441871384496
51391268,1202.0556011259655
17655078,1609.9936030417657
26863121,1163.3175755296365
30839269,2292.5315577841093
22418770,1024.1914967210284
88029081,2247.1584849730275
27689636,2481.080880706383
58431423,1665.1645182108803
43802347,2744.426241571418
83961382,1117.5572146366892
27938336,1304.8488249485263
35978100,963.2788287707174
89319775,1433.9728045607683
30362974,1326.3318196113096
93105032,2379.1156337413277
20314268,1341.0804670392654
34550012,1463.4835469014304
28077484,1649.3893999150694
64656384,1445.578067080921
48022436,1524.8505193200947
40507726,1792.3148742428516
10314144,1333.7846874414108
81012787,2068.433284751044
45672873,1673.4262277897785
25759428,1632.1934131178648
13512722,1272.8580215488878
96070498,1451.195631362749
21352279,1383.765224224545
54205490,1567.4835226448342
44645119,2645.6193987865645
37332321,1338.223962888851
54601842,1533.1082012354134
60801709,1441.7257223704828
28903523,1726.8065134188137
79159760,1598.8324345749793
20416757,1170.8559179075992
38432201,1281.0490399933713
60739859,1972.1150681875035
89931987,1706.449885253216
60999736,1787.6138744922869
43182602,1352.9042484855233
89739478,908.3781859029518
50450523,2025.1877545048699
73950928,1446.775674503171
12330781,1104.4497255352837
50236542,1708.5823322766933
34912503,1403.6236070362954
25536468,1607.9150614269402
63776599,1249.4730251765066
56389530,2322.112230530474
60881312,1174.5216512357674
94656046,2567.245297251227
84143693,1473.6589478346916
60768240,1769.9157139475524
60458308,2227.4582906866967
53948557,2080.2420220424756
11612817,929.8350627652168
71889062,1296.2159865501476
77172079,2130.24569055506
34222625,1839.4230041095263
69965828,1242.9233099974995
94714430,1594.2310429875117
71961534,2025.1392177489295
32936108,2064.9946634736125
18431618,1284.0185189980493
13548537,1021.7026298729802
86674079,1410.1510407725561
21748194,1858.7292963734299
40124541,2412.486566086553
33347811,1555.4108823636502
92929218,1557.768957597732
72190892,1430.4299477860618
66963455,1553.2753971824786
96157867,1041.4981838395163
15254705,1611.2508534629198
89064766,1762.9158241404557
85305349,1387.7789234533682
58781934,1433.0946992198888
42553797,1122.2547314582466
18721533,1356.3104098209787
58244383,1836.8010408185241
13696896,2200.146922918778
65894339,1701.4063922163577
61098619,2662.4091360268653
26018756,2225.5207657472615
59479424,1684.2074294308661
81738781,1717.0150208446157
91106215,1324.6035631158004
71223563,1192.4010909692227
95945745,1523.24339961861
91424061,1336.0548711796334
67135880,2487.0223012356605
15528553,1625.65693133459
33657705,1487.2166842785396
62553289,1553.7029256820072
60993054,1015.8849663941814
42800613,1359.4124720841053
17769800,2597.6284709061615
21401202,1496.0100080108823
52155473,1192.258721600823
93304650,1389.0813953329505
51407728,1483.8031036650352
89543732,2106.223289142439
43419947,1825.4503110219441
41488699,1449.659997246534
60974422,1630.2396891865797
65352047,1192.324986728757
37012905,1107.3799688590818
14787203,1621.1573513703909
29417973,1524.5081480527006
19835446,1922.5083104402472
43255500,1017.5483800419499
28812691,1490.9700936793922
18722953,1334.906401442748
93227004,1739.050561059107
35371569,1724.1367829896305
12076594,2185.2917727069575
17330331,1830.4719895701692
70946197,2254.191870374254
44132847,1637.6445089431982
77445263,1975.6530708719613
56880921,1509.819983489159
11480304,2622.117340010018
44407005,1934.4600863614658
57603851,1387.0135514031333
36951093,1608.7838395199633
18651476,1098.824423645668
28758403,1955.758192810319
29842235,1432.9020803796482
80915194,1343.5047863940315
87361082,1844.7581771976318
67711479,1273.6588897510594
96493355,1423.7997498722218
60783295,2248.009960361619
56178874,1298.5793730075043
36921713,2393.0632975169146
48581624,1398.6835678545579
75576141,1305.0252228441557
20755403,1049.0979458553347
52097748,1672.8239977719752
30927924,1173.5977919340373
52924618,1605.065936923332
23083091,2209.0917250352486
10593933,1657.1983986145196
14984647,1768.6820588448022
50764768,1231.2919574254072
42909851,792.3797194741072
47962891,2124.8402618197338
24155862,2096.4911834713857
96222874,1301.2013689990033
76243625,1765.5388845925609
83785580,1737.797345046003
68046684,1545.421796644278
35026518,1614.0270958351684
21144795,2320.0022376085535
42304823,1737.3508237002493
32449171,1778.3640288362876
67804951,1487.1918841708411
80988109,1287.472366371856
31562948,1351.914669561825
80571715,991.6083900602761
91879270,1116.5186398829212
80331872,1945.6630403663853
39788137,1901.6121260833247
78186126,1673.6997489071136
34300076,1627.076393498287
70710711,1450.24945606665
19520201,1983.8066400400878
75968232,1386.4444029086937
62441830,1515.9271025572411
87704160,1749.7957496681627
38039509,1896.6193396295103
87299257,2440.83131030222
34604480,1502.1882409361885
93559487,1544.0840347254093
35225951,1461.67775974451
80500038,1719.2917394078288
88587318,1375.685240871566
72460444,1668.6386515806992
28502361,1827.7802127222085
91781888,1924.811690322987
83528344,1482.3607331895141
15266445,1700.0751184399746
83532377,1206.8915099133899
74780110,1829.4159302317528
88664511,1422.6531637149849
81767501,1407.9680516064138
41015579,1806.5924593607238
19338404,1757.1841299029736
14667759,1948.672491659429
66260119,1508.3190076958738
20542479,1671.7390867028043
54097170,2715.8780857138413
35669653,1945.3345478661283
94127563,1257.2449835043212
81488029,1894.5601660232485
93329952,2325.5740759985615
57217043,2015.1614884583275
65522547,1545.6538780407752
73695068,1655.2132644464657
13539769,1323.106390483877
44056017,1551.0028634545358
46617581,1466.006056831453
68464888,1686.8050257627283
45303083,1292.4885287999427
86984156,1537.719026059179
56630529,1307.3965840768444
78254395,1112.8522379971967
30913049,2015.5810468279403
82688614,1386.1907884075217
88893045,1376.3341884665867
94639808,1743.0263118975633
52742143,1548.5789081547018
64260968,1554.0475261252595
76546956,1880.7610611042558
83523035,2341.633556778207
11013053,1949.5409733001197
44130994,2044.6697534215605
53796074,1332.883461706554
35498168,1891.0909015334582
63562445,1219.038244921899
42365113,1668.2719165294368
54613679,1388.5764119488842
69835682,1086.8524900107473
40747675,1226.9554033155575
37071709,1380.2013990853598
11644754,2511.081610629259
29456046,3476.373474817757
63575365,1141.6829707499016
62030210,3003.348449293644
84640048,2195.749052308664
61377846,2242.6712586098292
72441550,1543.9428599005116
11270022,1587.1333018971945
70261792,1799.4472885882742
52404988,1546.8541296763633
84003906,1909.5790350755021
31204633,1139.2361082072748
75242666,1904.7496245945347
49434528,1681.0641686082975
42863318,1614.1311573738221
47571305,2388.5704114789405
66490879,1292.860156336124
82396141,2454.0135804013253
96803616,809.4117046710318
10584088,1476.5588542720116
41994657,1802.966999342
87186973,1970.5845882854646
71213873,2382.2882463866754
49764305,1580.8573241211218
43725149,1173.2761534940496
83812129,1679.5509339989528
63290164,1591.131123860532
79318573,2958.551333749277
10844028,1951.9051574451028
19798231,1262.906261251528
97056407,1215.2126425412034
32215003,1698.0257147948776
94765090,1376.942772117389
47235057,1768.6203124688548
94429036,1834.1049274617428
19267342,1395.8154726816085
79884507,1529.017899888592
68548734,1642.20519895172
64679483,981.0082507816094
99761027,1386.715384628719
77538039,1681.3548963589972
28035639,1709.7450238402039
66579510,1543.7334292703713
50333547,1294.9706802408818
30957545,1767.5598842776367
87343589,1335.2772883591997
45470859,1835.7530728258512
57383256,1123.0877549694567
62753404,2610.5888472953297
65906932,1737.157446934237
54060112,1689.4348443146296
88317327,1188.0144296471976
46875481,1464.667563903296
86614127,1267.0844536144589
91675434,1787.3025040355174
83895227,1263.232409510922
86365373,1828.1127158598322
19948626,1345.33429372976
79630167,1498.5601674005193
89106944,1251.1514945446554
46083057,1713.2187628746983
96150610,1443.5587685831301
35015883,1611.7262423973116
69747407,2041.6360374201536
55538576,1410.930861952639
97411049,1660.803805665526
11519556,850.4264349806571
81677533,1317.4707797750814
60065328,1039.2195148458325
91824420,2247.3845400398563
72549395,1597.4584203319862
75208950,1288.3917374111088
54258616,2321.448210200461
28371507,1508.859972375958
33800661,1696.4187737230102
94718676,1112.6261129615336
98426094,1964.403293012045
41019343,1885.2937028700585
55953203,1843.6026047742662
97258831,2128.2758069654765
12406914,1394.7828934229947
54260975,1227.9747595644008
17839314,1724.713347783454
59228162,2189.4557493817497
53104947,1641.4164867814256
13405871,1581.8248186640265
30540873,1814.7225334225357
10681459,1571.0653402618998
88488173,1681.4690097680266
11138134,1459.2716121828946
55965946,1771.3118069134866
21024415,2421.529105326314
98633407,1259.7590251475515
17665044,1810.5069278817211
52365929,1364.4277873127348
45919010,1394.2694165088442
29159751,1715.0780641749454
25938815,1450.7068279987675
31864619,1620.549813084051
84907440,1747.9085697342286
55408023,2094.95351665663
97513676,1178.706859883576
71808636,1687.3134260067936
37329985,1475.1612177170568
66719590,2141.9133701449477
19832352,1207.587208205576
63673893,2076.422116554923
54185196,4083.302347555749
66171184,1299.6320157090272
15702584,1496.1999045195778
26362681,1377.202823078856
15300602,821.9537416284003
54091216,1857.727004719535
41649165,1508.3660790120869
17221791,1457.084664735921
60925601,2086.492099060721
98579259,1819.1224059344715
84327985,1427.8093603326201
42373455,2999.802386575444
51759034,3584.987389838768
57369993,1328.1881617044526
86174456,1877.8850757494208
40095064,1279.6134730907165
36904267,1185.5110613822349
95653857,1486.3772279754692
91047161,1303.9227541344242
24858933,1278.2292826157857
43668504,1548.2555352609293
64688863,4178.760376725193
19394328,1614.4647450429509
90928544,1905.92597749678
54501975,2960.0186805743715
55816692,1475.950993008174
54235055,1500.1769626011933
54802075,1846.5101530307627
44582261,1468.0038156648156
30580440,1342.1326022696785
53586985,1555.9126887021146
45293131,1814.6528866129584
61623792,2101.1129342287672
12664255,4362.94928013515
99282552,1685.5816724406754
57422029,1569.245580741873
95049365,1658.6833767629373
44630924,1700.1993695764888
59932513,2813.886603862372
79864196,2804.4472115652766
38025450,1160.5402690550131
43187524,1696.1105340407337
85710350,1961.2122448379805
39439329,2435.6135523332077
11767243,2068.777987783046
40729807,990.1463892088522
95837440,1947.147926829308
62785546,1527.433159991701
18032525,3223.2828357223743
78515248,1110.1067966850635
64000264,1636.3373891505485
70932637,1384.5335364214288
56631286,1451.6263179394455
82611641,1587.5866929811693
14610215,3081.1203225074332
65282606,1942.8024599891514
31080502,1430.9956256571445
66137109,2231.1604958748508
55286917,1573.7075520451303
19462876,1296.6070186235013
37235871,2255.6276997639557
53584009,1338.6369262137862
99377565,2163.992424298239
82994298,1765.6097075802386
64250472,1619.1303706264482
61269314,1063.9346814716396
26299312,1462.1348060687449
97300018,2145.060913703349
74523665,1448.1435627710448
19970243,1762.833707341804
14406104,1391.5524552169607
87865772,1368.2731532573248
12224440,1020.5398144037515
62628011,1640.4202934863577
30735313,1538.6792814953283
12214322,1560.7159684604223
80943078,1113.6759677444877
89421265,1801.5767017778053
72762674,2182.7779406189743
55920835,1384.826805543643
95456446,2229.6823673472295
96630600,1665.5789673152537
20077759,1547.2661394612473
77066065,1592.5626588887433
47856776,2383.63507718169
31685937,1409.8308628599623
41522098,1469.380458555589
30032101,1407.9367542912676
91606427,2820.1079827951035
22900349,1939.2635191371362
43552678,2466.38623661583
38881909,1646.3044251465546
77508029,1599.9920623003104
95128506,1963.5109503383526
64627729,1147.4278321490056
56744301,1184.561464928237
59338251,2390.1668665246457
19662574,1301.6797398928502
92971829,1568.2482757260714
18409584,1698.47704669845
71760159,2213.476521398474
43660858,1803.5524217900554
77997629,1862.3257700440404
33928732,1200.3387092697194
68629875,1301.9166169901248
48480450,2408.7742490377523
54283664,1563.8050682483185
65942293,1874.9807284877288
95573502,1437.5242100854857
45086632,1230.6873724335367
23012000,1741.48225528895
45395839,1601.9589331583832
15432712,1261.1952787137402
72298046,1801.6564231783618
84408769,1759.1962158483918
25246226,1341.7494041557127
20056705,1877.4646297140732
67856036,1674.9248765394545
56138985,2043.8583828542533
89984541,1378.4045415891508
34860961,2415.879920028056
55067089,1775.7928954018073
63717753,1874.3150128556824
89165138,1476.8746197883738
22336894,1698.6067374956324
23089519,1431.2153442934639
74572156,1060.3241182715597
96120368,2609.8422472336647
70734227,1983.040360573438
43842124,2041.6945807628867
98567604,1501.037471926966
54538757,1802.0615946062887
40105171,2235.565437476969
12135438,1592.4147057110492
73738446,1406.6931626033445
62385208,894.7288631819732
56062641,1954.3216517646524
60234485,1086.6244524604067
37490148,1123.612770063988
73644773,1527.5972431810862
25147876,2220.866676272588
98738159,1695.2864784432786
36202424,1463.341394329365
90053455,1713.6049910005709
34861961,1654.2686075340262
40235987,1580.0212834678725
25289802,763.3980383334398
72831408,1970.2072191867826
62725172,1619.9310456914213
20547868,1733.99012012023
43821417,1435.890529102956
39911650,1700.9932510331198
76282034,1429.625843284621
93532589,1406.9107744167673
71389546,2042.293085181369
26491098,1384.868157165771
63364173,1168.2292294358292
74256814,1109.0498095542162
35509595,1886.1752262427196
18139863,1934.9558833867347
68577776,2024.0962240113035
29522715,1605.7811639090116
77706518,1905.4162120544343
14006179,1449.308996519733
92579248,1842.9868636973213
59229974,2068.1572621066757
62295609,2360.480183149748
84259414,1767.6124183731467
47815936,1158.9173088631737
81563963,1095.6224878742082
13005852,1537.2033474298964
62738558,1801.9806564324863
57070759,1144.6209955674844
99600292,1994.3986291839885
94306787,2018.8815955396738
95225104,1998.527717973068
55330216,1559.6776526202575
36532262,1726.1264175997119
46565446,1739.7659896366276
49087723,1420.9322101775138
59534453,1487.3907537026396
48055811,2551.732776902211
88400730,1898.0811332161154
99040799,1335.093404033905
54783545,2065.4438338507357
51521420,2365.7536069247935
62125112,873.8865397548408
41533842,1406.3565723837376
37548888,1635.4485360316837
15800993,1207.2540422554468
72777210,1671.4038117039265
27213732,881.3778167590749
86541928,1399.2666793509545
24899277,2466.775310893952
87153365,1383.2798032995502
29377093,1976.533941973711
17126249,1741.8489837051454
83735200,1908.5103847138735
75294081,2126.105942770935
50305812,1158.1549005459606
80598326,1418.6733493154934
73085224,2240.9465476243863
36011967,1885.0450053155027
27344122,1399.303235275187
65167661,2181.358929447714
22697886,1309.6738200365708
79772982,1325.8641430830826
75656583,1120.2580805731186
28706133,1295.0748046973617
94307664,1529.2093683873088
79181014,2221.7180995315407
64940514,1430.8162496003868
42076518,1502.311806013371
38290514,1251.0550090850268
12647465,1109.2953284606353
51615379,2114.2149039899896
58583551,1854.9245195610438
89324282,1976.849731445833
53391853,1592.7300214921938
22488467,2051.6301851977046
77912827,2207.7117043061075
92699296,1831.869771958147
98391080,1414.713930212552
25085429,1229.9883102271795
58232338,1813.177479359177
40856740,3354.1062536022246
86463099,1483.906304175255
30661871,1430.298657650296
43294411,1602.1144311334258
95379944,1914.25651020474
10473693,1783.9421349668921
60542399,1887.921285338435
52521598,1738.0975572425618
78214020,1210.7502005692024
42119756,1062.4134448202562
74645008,1288.6269948470742
68736704,1554.0198703907668
13851365,2033.4874953370518
10956933,1782.4240642397274
76588396,1525.4922905830244
48664414,2104.9277839853767
75409758,1575.0804641235086
60867152,1304.390345261947
49408128,2079.2073868348316
32398201,1376.86321121584
33820657,1305.9911008402264
99096183,1467.396322948303
71729207,1488.882831610916
13424233,3243.5282704095202
69313487,1286.6614103652087
51427900,1386.2539257895262
20461232,1844.9182470450742
63893951,1234.6482658438285
93871936,1218.8796397843141
63699477,1731.5522035665626
96362629,1505.3136894027652
53928117,1161.470480983195
41164553,1180.8822914810091
36908648,1742.1406158864704
29666927,1876.524487999068
11938394,2139.977489051129
52496134,1951.7187725976703
32481667,1943.418882504587
61487441,1474.7710357577898
78992007,1356.3290040117233
52895411,1455.2018526458785
58726779,3380.0706154467007
20458217,2533.3330523891395
60265538,1750.6561860004192
48479448,1169.3661758495648
72404425,2094.421409657489
91400370,1011.2045043907683
56260955,1541.6232424445943
65491665,1734.7785697204677
11663385,1225.6473799523028
18615500,1071.9713245741102
87935522,1346.7221639114257
58889457,1930.5969949474188
19169471,1922.8096883357387
66133962,1888.9173874617218
66731452,2079.7890213123533
39410896,1556.859714290172
54940054,1392.0811339532731
10662394,1389.8205468228064
80972130,707.8894086383985
45235634,2186.588434096545
32971413,1004.3635937320907
79283360,1210.4522191109772
67055260,1118.1229826311426
56118755,1667.5939612507673
29230461,1497.6947380893369
37178907,2176.0552904777737
80400106,1613.8091497910752
67091284,1466.1703341829532
54160936,1473.8129829398576
26849200,1681.755786293766
49585462,1284.4271843018212
29429374,1488.1899558515981
95616903,1732.911531351063
40605040,1544.065788711561
77364221,1330.0609194837123
63366619,2156.2391858414453
82932107,1533.1059691064752
11504000,2042.050435287399
66338948,1659.6208496079719
17704772,1710.28419315073
70406271,1475.8882473401245
78457345,1534.5986743758901
47160363,2259.363265296819
76792443,1196.2939165832345
76133904,2765.4109923296205
30534387,2292.6421261278
27949452,2370.709925360702
98920505,1628.5904012288138
79101538,2346.501281724354
41201623,2581.2111919420995
16952322,1581.6669861296377
97020909,1791.9265321442274
76043497,2113.321708557381
34495964,908.7339317327984
68971691,1398.2658816023777
68553106,1493.3837730936282
90311747,1503.3292307763058
89361909,1684.3298655989856
20406930,2455.912869052783
38933836,1209.8677098441744
38377549,2632.069133885602
23346090,2408.640680499323
12625694,1290.6401542119788
57311677,880.8360039223996
53924641,2782.627055826487
36865701,1368.5945114916162
22626294,1395.9970172543044
94697405,1714.9727331803604
89675917,1439.3634271974793
28055737,1575.2444471722495
17371555,959.1847680879183
31452123,2242.9631481679676
39910354,1571.2969822478371
16661684,1123.4690220182836
11696365,2016.0836023723718
13890760,1528.8747600726422
23308655,1635.8727655622586
58265470,1685.759450778731
23915393,1664.8617273700586
47202387,1656.3399629541584
63170132,1526.578312667768
85663208,1871.8143958278285
11731667,1264.8832084247638
96387342,1143.7229722990717
56912577,1379.5250941784805
96546739,1562.1943401932745
56118135,2962.791992361065
65848480,1355.7090910939269
29524312,2083.1937587264947
61207733,1711.51395890884
95068416,1507.7027980210526
93730714,2952.306176626683
58209441,1647.6895689838489
77468100,1288.456648400066
94556768,1385.1928548218234
66214153,1263.370679565948
63178801,1223.1726119751218
47025809,1840.0034395539294
17223815,2501.3558862036966
26808769,1521.8554353826892
25114626,2740.3989261056936
33184251,1253.7359704661515
38562723,1843.6696421383303
19383477,1327.3318899984379
81390291,1620.7620010509766
20998216,2866.3874766163162
95233875,2119.1299253246075
36756234,1525.1475440700146
80596646,1645.4601250155652
92304937,1601.3211684757448
37613954,1197.4394294243261
58590718,1801.0174908360054
53992915,1160.0894988979915
54005253,805.5757771287709
68781482,1342.9669796827775
70720914,1432.337183582557
29283338,1246.4924701820162
71373910,1973.5413574101472
82737999,1096.9903313442696
38789318,1753.7470964054341
50526394,857.4200946762165
24047944,1548.9468740716566
56710540,1267.0041125288183
18038779,1576.2542462556783
87817642,1763.38826355674
54364617,2039.8903050153426
49277751,1312.585360861154
50647092,1264.4909255235507
74938295,1396.2241222337548
94151619,1554.8030129756353
14146499,1038.0544119154536
44114070,1841.5194180725373
71013634,2022.7235288440818
92727921,1064.3235468144321
23408005,1789.4084257415434
55353418,1944.6439287364165
42627732,1054.8054242266244
52380113,1821.8630218675166
76380932,2261.107018372783
85051446,979.6098914278168
13441812,1179.2773926176824
75634466,1905.0870601417673
77418032,1534.7265961853477
26069913,1951.1993340387774
56951161,1214.8528249267072
65568116,1506.020569612769
61527594,1478.0672449907076
17428821,1587.0025078926312
23710142,697.4245926012671
95218141,2545.213678268554
64929695,2179.8868679658335
16991389,2208.486330613485
28240625,1334.0711150367536
27547150,2627.981866734639
66381811,2749.97019244603
33749942,1381.194903331145
35190059,1435.4376765690743
63026525,1165.8370031703512
52393671,1711.2886431939269
32813270,1774.4300971726768
49072955,1330.2313526005607
39300176,1783.3362775191686
46915044,1692.3373484103997
59260240,1381.738467542861
12697027,1265.0265905028573
52828733,1245.1102613474293
73335938,1450.8212622550673
55961268,894.5803564660241
13325471,1443.5764396665293
29398613,1192.4689953983298
27052291,1510.0076924077262
15955952,1543.298421208598
23271818,1804.8411841246884
99724134,1536.5126252685147
24071058,1408.1992370910727
31560904,2131.5599880804825
65419988,1480.979026174704
15085530,1161.3449110344272
19942722,1862.7138113706812
13275930,1290.106085007724
22982323,1974.9619985447364
36522599,1735.2790562505575
82021909,1442.4630691523435
68645790,2862.0933028578725
54788650,1728.3268276884837
42678082,1981.8421804839484
60925510,1256.8571608933346
88286089,1308.2439489314104
58263484,1630.0264645300085
65619117,954.8942366418762
38104250,1689.4130777072312
13756583,1798.109035841429
60053914,1275.4552262665734
64871810,1706.1128767516102
58457956,1827.0765730253138
46159970,1582.3447260888015
68250229,2363.1569489554786
47390028,1423.7236179538288
32969075,864.245642565131
53581810,1612.3315330152493
79530731,2018.1936719924472
24487509,1829.2423555620753
69933962,1424.7863620304609
65663302,1454.1132546819824
12423653,2017.738769845519
58871872,2078.9971684605825
58171151,1485.8335577324046
30617224,999.8843831976847
69106909,1677.8638949579795
13212070,1408.1188316472542
68351771,934.5915895128443
87624917,2195.2757176553005
11970895,1843.0786050688098
44431758,1599.5599379748694
16633955,1289.1744000805047
42590404,2214.5211337215314
86953915,2095.655027797051
15250738,1686.2672085790082
44832140,864.9266384456852
73698594,1420.763013823495
42128660,2050.315824844711
79549553,948.1583123964127
71619272,1614.761563201393
42016649,1111.9307130368486
61877206,1021.5265160182862
56572912,2915.2136795977876
71598751,1236.7028080614825
34544077,2336.28453194873
28672236,1351.841154683716
68689312,2646.5194980424767
20267244,1803.3647991834948
68781454,1356.1659519596294
27270801,2251.9938073464186
37219515,1755.64233790284
12011866,2343.3785696642008
98392715,1304.9007576042134
87201351,966.4821688477077
14908777,1152.122992308064
34723195,1980.1235488182476
27339925,2312.4952497558775
65420496,1475.4401212918533
40933008,1552.3206909296812
47440503,1119.2058289920164
94970875,1226.7735647580525
91029594,1842.4603315224465
65336637,2366.147094593355
82023374,2177.262926870502
11380763,1558.924305321527
99699540,1287.4654748718594
52649545,1289.7851491596555
46299510,1504.3236832418952
71452565,1047.6407154968597
67641699,1017.771388414659
12714684,1472.8709976148857
60016742,1103.0976951023101
53641525,1383.674083504626
43542290,2323.3121217947073
32126954,1653.9282108453683
38213318,1518.937462276546
19971849,1519.1353997932774
69256669,1508.0704792372278
23756854,2224.1276769460887
62908704,1295.2118022671093
32399173,1651.6039550258436
39238887,2346.4556641338454
94428578,2110.3974682646885
52458139,1524.069488120583
80574227,1296.0586737956835
90487261,1766.3323953442198
31852005,1183.6217717704221
24086418,1139.1907477065165
82209864,1221.3072695582757
29014855,1077.9158654655298
56782601,1994.7821082581565
24702075,1362.9655826592389
74660449,3065.959566709257
40117654,1384.231785793877
60385260,2566.662571723332
35958980,1740.6330356810945
69458629,1967.8605662214684
92886159,1475.0924805040397
97734269,2485.0070998377128
19053695,1820.0040412023561
22371112,1953.5318419831915
49183639,1581.127984236936
53526975,1398.5029064905143
26290335,2195.7518276360584
13359830,1386.5241098035606
39340686,1546.7834134678683
85521089,2002.6070280631968
26704193,1824.8904722075201
86626423,1830.1839551309174
80675333,2094.5492063805887
38369741,905.8213135238697
10428306,1736.921762513798
18197840,1073.8929875573908
78586780,1591.6145933600187
40311310,1786.4718763619367
51507375,1423.3996584017195
10857110,1910.0425429059983
88736789,1617.7625534206468
10823128,1226.0572072723417
75933085,1707.9281123578799
87766438,2324.626218010693
64406530,1410.6238258705164
33833037,1658.3612616053647
51715740,1416.1402800244637
59611801,1789.973677777622
74340374,1496.5787288162264
55507333,2098.9058138151267
10416536,1787.682358076021
43556040,1652.6275517165489
63137873,1939.4679700428017
70387789,1846.442779461091
29408506,1115.2554010519993
38244388,1585.5690343519857
26541311,1101.1786010457627
21032019,2121.9769908932703
95710332,1753.9896275914705
80660421,1439.5724400838485
81086775,1683.6698444087363
14692465,1632.3989143585402
35590067,1920.4791209936068
37534494,1033.1302480352074
46669694,1258.422490586757
68379291,1655.783378604055
28943151,1556.4124992388608
85214973,1759.3101545755935
49160221,1150.5554393772056
57027484,2370.299366635076
79515834,1803.5348650706044
48903593,1536.538676888988
49944843,2125.358035792714
15919205,1063.325209328012
89043859,1193.058710392631
22557888,1646.9446517425615
45588391,1671.7500808671027
67323319,1413.1079382593348
67813677,1978.7354552279708
94570366,1821.3620208331777
99333664,1430.2914999521145
62452475,1546.0333453716387
27164888,2107.2248290906623
13777597,2709.8462376433654
58863729,1277.228148643853
75372835,1418.9990860758783
46531922,1389.6878860664483
22638297,1507.1913059656918
43377425,1456.3010271252074
45061752,1570.7291722034627
87232001,1138.8303036412135
99721166,1404.9730320481472
63930988,1546.206096122447
67323116,1579.6655345429015
90199043,1045.8231330815515
16025812,3197.2020789714115
90192151,1692.7059064170248
85194090,2853.681974968807
82716623,1908.0158931114875
70041588,1166.3245674594868
10909503,1416.2548035772859
38910820,1971.8339464565408
67605038,1767.3329986858294
22421268,2046.7739312841895
12483701,1489.9470429679577
99756084,1696.902564411785
72806047,1418.2891218109335
82569264,1617.3570132922887
85085562,2299.7312586939365
51688242,1447.5082948294566
67031304,1619.2172811846588
67620733,1607.444504072954
15399183,1502.85559255028
83228475,1853.6925160997062
59551778,2228.2968700083225
58024179,1296.910498877081
67130514,2579.7918664075587
36292117,3333.0140175440597
40708056,1957.816829529101
16154757,1769.203503585125
56077131,2105.2658312462318
24589481,2056.765093379195
73507348,1133.9690294576235
98283340,1960.8234840933137
78682956,1737.9558053405653
48031966,2133.193187911174
54069937,1301.0776166886553
12509398,2250.6262343553744
55254106,1336.0164003756972
99797445,1775.4746609993033
46298966,1894.3384438835062
97439691,2529.792712105086
77392495,1000.318370361872
20307174,2034.3761627508134
99295729,1458.1628327470166
13479279,1821.8484233942963
57906842,1560.612259256904
11957267,914.1743754248375
46011088,1399.136187726179
40051988,1839.1379009414372
76565808,2082.04095481909
38007540,1996.2571887910917
79111798,1241.5406253641086
44170417,1161.196494686542
81747003,1486.9819325509502
10689207,1529.4846402423525
68762949,1295.3135970937467
41533253,2176.420971621635
72624609,1158.1858554644812
95729378,1414.7008495022862
63404247,1884.2352269478138
66851416,1547.8581959885043
52878792,1339.102343325727
69816189,886.1791586371298
93215948,1316.45258819423
82196067,1755.7746925826045
65951347,1353.287250733785
28150709,1406.3175000279327
26445964,1142.2376641410615
59886188,1366.1872517278998
47858132,1238.0422148981975
10617528,1477.4101620749045
26555436,2574.3067041790996
75176293,4972.783951946862
15592659,1512.8136316133787
17002563,2000.7280175868711
65418918,1566.7988443837185
50328250,1602.2411051457823
29587649,1466.5838673725145
58771361,2486.7626044357708
11138502,1412.2786856544903
87806628,1607.7114818309967
92541302,1371.5513576994229
20045193,1374.5477138894887
53943287,1384.246161384235
72973012,1801.9889461053642
98243897,1592.9879709966788
50425980,1116.1432315152
53891279,1784.9642431649236
12653293,1312.0716835741068
79516817,1590.8653584370197
57736550,2022.0968036114434
68504332,1101.9813510391164
51418176,1915.3270362097524
52844688,1606.2234232002495
14924228,1447.300054863341
17385055,1755.3179680878795
48584675,1810.0145451874546
84113591,2136.6718287621798
24176804,2062.955006242329
42578288,961.7193802719171
22976178,1935.5407697510136
59427067,2312.6885182722895
62214101,1580.3123293414988
31095835,2310.8775067025376
61084952,1989.5213467312467
24538640,1327.077790128044
17397516,2040.0222816457367
53588939,1129.859776038942
64801503,1319.895380168953
22306102,1468.325668327486
73464976,1497.5834990016265
25265317,1055.5482362384262
67321055,1768.4443218460085
52652991,1373.142103733021
77364707,3746.944798078265
28941979,1178.420732501353
74248679,1372.5092866215343
67415672,1015.997593338637
80048641,1830.6104867413624
42348096,1638.1577827422718
76460518,1083.671050466506
34956566,1659.1648684837794
77002192,1653.5726067225044
88577445,780.0734426074184
38297974,1133.6785069818022
97975641,2088.2307160804085
15692698,1701.3239152897668
83507949,1510.2096120474025
91740530,1619.1562422035454
37895673,1309.7844198951368
19139820,1915.6759719618894
89742287,1163.2788672660608
63175133,1805.3054720536313
52867973,1705.4530417523777
16690451,1251.7509053847766
37055011,1705.2096113392915
17248647,1515.1991074209748
17328412,2100.0681847049204
63923102,1614.698818358487
34421040,1615.7205469346416
99940233,1747.0112364292047
45814646,1653.7164854545347
58613984,1208.2181304838034
31285738,1311.8121498981527
35071743,1587.1769735659514
52223959,1520.0988540455442
61904367,1182.761755362153
31525138,1526.5028206731436
73171290,1306.7830154290384
44582195,1430.0359518823857
90109527,1428.2909165272933
26952082,1311.389524486217
53620380,1395.8767063871771
94287883,1117.2453817756798
77186365,1680.597633048246
33864808,1610.8594708804478
70959138,1936.2940682252681
52099246,2161.752005794224
22249291,2043.477363879726
48803280,1324.2685012612378
89982531,2097.8604363486184
64289923,1235.8513439716626
22000557,1424.348128194949
26219747,1229.308254752973
31130738,2290.196358540675
32445244,1197.9123389515244
75236281,3203.5979300853596
13587715,1359.4088123210877
52514750,1245.9030515430215
90786271,1867.9809943452535
15005065,2303.3177495444843
20097518,1133.533641222141
50625868,2027.5946004260363
84412981,1583.9661818888821
92773944,1948.119888621139
25312123,947.4206969472349
70396417,1841.8864023310095
54865863,2479.7128413143155
35803808,837.812359968907
59597265,858.3788638408624
93311848,2391.20396108342
32340446,1737.2050131599392
96794801,1538.3228430142763
40380864,1394.8456112131073
82007689,1777.9375380954846
84851707,2334.710112907984
83174692,1902.4600913288668
59083400,1884.098719939668
17580169,1255.2457977043296
18219500,1383.4500845347402
87811781,1764.078319293302
14088369,1091.6258455118466
67659430,2265.6648969474145
42456496,2171.6349488631326
87353322,1649.67288435475
13917344,1127.3739180565444
19886405,1478.9269027847845
77800166,2207.4423250111167
77068569,1814.678982371855
88362858,1564.4333032836755
71241476,2532.436519340463
24814654,1310.407647782693
46691706,2709.4216393856273
79162545,2149.785933925182
42908985,1771.6111482141935
74936566,928.6806227372936
19620916,1966.4337763876188
54347722,1504.5991098731579
90271799,1519.0595090256745
25414359,1344.631038313632
35809369,2729.0772420075446
57731323,2378.693982819226
37887687,2259.6902306235647
76623206,1511.8487279860249
69954876,2412.777223646375
78180146,1855.530911122991
90681578,1508.7175024430667
41794614,1440.5009694313967
83295852,1833.4961987290328
31156145,2639.4718527553464
62711916,2219.7997601130746
74676618,1532.5964480968075
43248708,1825.5929027261095
69180825,1523.3487306242416
75624999,837.015616301443
37667208,1159.6729793867282
77810578,1402.6676078021478
47115768,1772.9780925715588
81589304,1389.7087383797186
74472711,1423.823250421258
82711188,2082.072016946358
55272778,1946.1458467892896
98229885,1262.777534039909
70058028,1904.8048204656036
90729377,1776.8690318314043
13401279,1231.5453257403044
85519612,2500.363782885322
17006769,1598.8588201060074
99888523,1400.2006029842935
22354297,2367.879369769473
43508583,2021.1845622535147
96795828,1447.690329722486
96608998,1978.068809787744
67452091,1399.6006294934784
40571985,1593.2929249768802
15232782,1590.5887143092725
86789043,946.7120779582935
14046478,1716.4294076084373
45515801,1417.1792869583926
26318506,1715.2068776863275
34584473,1248.9782515162078
15369631,1979.0316154576137
26479383,1235.6695546195917
81346470,1028.470056351615
83197984,2075.81846873098
70331904,1086.4444236349675
78907246,1773.6901069751616
42709019,1855.1044680006676
97184353,887.6020638788909
35589537,885.9890528710027
83942112,1382.6153173649743
58293013,2221.86856251309
78567689,850.4023663614444
88610012,1904.4646061984554
68628621,1778.1428674843119
51584806,1156.997371992572
29419986,1242.2552284340413
21476578,2071.291120503877
77370060,1547.0502005154758
33607448,2585.992674750112
47890072,1398.3447234004448
11234362,1207.0788527714492
70681971,1064.5471462218484
45196219,2066.049895051828
58136807,1524.8873828594822
21383428,1976.6494124654498
38088367,1645.180463992302
57071133,1398.7119624466245
83834449,1798.607104177954
72194210,1290.6568268227948
14582584,1437.592397847047
16017322,1536.8982464984172
18598541,1248.8201955991647
82812670,1452.645341364633
53563234,2803.9867383900737
63779141,1683.8239646506306
70854456,1748.4887083804108
83535660,928.8440736873883
51099419,928.8622873942406
30503407,1408.674450408308
90802363,1209.4169732444648
84057874,1249.0368595994541
93637941,1404.176744701748
33888588,1244.8112934969888
78183407,1601.1015829122648
88497510,1686.8577012555165
88829918,1571.5994562653805
72639649,1718.6178526299695
15627595,1769.8338474475224
68832460,2690.5874685775825
31734310,1024.5018750510967
69212161,1901.1141956198767
62980146,1307.1217127504378
69972227,1809.320166891607
53162285,1075.8414126560756
10963473,1753.7336083946996
65276908,1282.4667711238187
72611634,1463.214179224501
81292347,1583.2519083873879
34705944,1312.9908857162175
54322977,1426.6079685175616
27155431,1337.118428352611
61373056,1545.7589032298133
64530093,1933.529245885181
44187538,2619.1459401332013
29110806,1207.6427317181845
34026881,1617.4486156731095
67734035,1691.337319192623
90355788,2003.164696939015
76930932,1361.186018032298
31194080,1394.8032406903706
26948420,1494.4320858660312
60117998,1436.6647357079432
23540580,1876.3657896233226
29255361,1723.429230245729
47322059,1364.203355886047
50570727,1755.3884458184425
71874386,1217.667915415983
27325447,1204.793755098493
92986477,2457.340316539206
27856293,1654.062724307578
55159001,1586.1033562652296
88660196,1656.1887719218341
82148252,2262.397412619601
15421314,1774.7152876210805
27620141,1455.3877981557034
12348320,2863.08079714932
84344897,2273.9398435028015
10950855,1787.7479276896986
44290434,1597.0672873615056
84843689,1367.8668361965472
85814690,1234.5067975244826
60406086,1052.3640013234008
35395832,1881.5494553623437
54621645,1485.1311842558086
29154162,1545.4959591417824
40230589,1028.0699140514187
46902130,2345.8363705601573
70579622,1884.957453049705
86272378,1452.748506075859
12294631,1764.2729742007973
29412564,1289.673588699461
88089176,2211.1262021970288
91193188,1513.2508994343195
36523137,1332.419083186943
54050884,1800.1591364853857
19187985,983.8188734795831
91884750,466.67054910943557
77985469,1080.7169177987637
19362736,1297.0913548585643
37641826,1240.8473390997808
17997673,1576.1767160893087
12296621,1425.8557101735755
94210085,1424.2478975721476
84475360,1672.2471588070239
44450631,2589.8159305845015
96917819,1742.0846366371577
76581579,1564.084130879506
16376842,1049.6287033540743
20378565,1882.2166319268524
67149501,1300.085818682719
74149592,1578.4280045468604
55437574,1192.228331412469
86258875,1180.9827640582382
25154125,1537.1108777222332
64289878,1303.2099082726659
59484061,3635.8706816363388
39600891,2031.497617924482
40907835,1239.463222005252
47183606,1435.126501688512
71132260,2203.5034817811234
19424487,1959.0301348798462
35720925,1490.3515822547654
74210516,2527.1283234599027
53089641,1641.1606834091394
27778699,2418.5377140417445
73489375,2835.010253892461
46042524,1063.0859629717995
59554727,1690.696880402968
31273971,1590.4313611389405
31543147,1158.3287498745533
74490349,1468.040750238616
65190591,1111.6270972925754
21122660,1647.757830622033
54597323,1981.4942475148225
77569150,1220.419321270516
68093533,1338.2129459670239
87099884,997.517494812551
64825958,1065.854530643022
27545112,1453.4637600490134
87791632,1476.3340162907348
93384265,1972.8361291928613
64047299,1109.2888677816516
23357980,1467.524904829658
88585802,1506.142919417664
26754357,1929.2443387341862
99964380,2564.6919764062477
63611208,1009.6550694170019
10618556,1075.5957418385815
12155276,1441.493472868187
56528554,1624.615062230378
72203638,2433.6615247207355
48174886,1901.1342085658368
25749233,1956.6370963699685
11912269,1285.97752448804
14181748,2175.6996585061597
77013810,1847.3416776289607
59885886,1479.5549718993423
92982194,2458.4792796879224
88065861,1616.0875621151067
14857189,1802.13365407317
60358916,2066.4206030732503
72265262,1520.1553655035514
20471623,1658.3523315618702
88951362,1406.4411746683222
22364003,1712.825750593812
85137999,1814.2138056507715
84176549,1766.9837992571215
25849299,1395.2989751655778
21233903,1626.5175308183498
95963515,1519.1987807361384
47630408,1685.2948996185914
38763223,1225.2845988092631
34812513,2151.5473638726166
77372953,1112.2275300416743
74724495,1876.711240499263
34162435,1789.4043250921172
60046268,3102.373920934778
19475755,1473.2692563520686
89620481,1207.7157468597536
26981207,2309.6196408376686
13918048,1312.664426353482
36590125,1482.4735174940001
78119113,1012.7520858084572
43245514,1691.333320629904
88082339,923.3944471014556
62738760,1471.3750054518005
55254407,2773.0320584730766
85112378,1528.1051873570432
40490983,1220.996531528247
44048989,1596.3578363982388
15551565,1592.2150698756632
27681538,1300.3545013011342
98232104,1218.9041229551049
14018289,1473.5425943620166
82522150,2676.9902269093227
65483357,1175.7980499500297
94158408,1612.9052623078717
50266167,1888.6529718041975
28805175,2004.4753401476491
93929668,1119.5818175364002
15540290,1638.514327360803
98661090,1559.2579787799584
50074109,1683.5449989259093
85017115,1489.2614884163124
99914220,2213.52971507947
76334714,1528.0591017720697
38140938,1557.51972615266
93933852,1157.1812644132006
13190892,1611.7933259069662
67747085,4394.318409763475
96389355,1811.4578593340239
42380180,1308.0814617463955
55522772,1521.6354132997658
18839853,1577.3079674468718
93030803,1619.9633640543493
19574384,1599.943693979592
17501488,1481.4416923711062
92757638,1105.0945922358203
47546392,1679.338895721171
56569095,1861.3562891430627
34392418,1753.7485596500671
49367171,1832.6788592478545
37669142,1396.9755255674002
33580264,2127.4400441238386
52617381,1537.9039809559208
13011861,1516.8308923533152
97498208,2175.466278545679
53388262,1611.8041427678186
63018369,1638.7074621724807
59266953,2241.0091871981645
33256210,1512.4293482669186
26585585,1492.5598721408455
43342989,6982.608233774225
81962175,2476.294605923621
54752385,1535.2467720981804
12906623,1084.4478069479476
12144505,2429.399188825742
47329191,1450.0828025217147
35302686,1600.1773550052685
29541158,1487.9990373946273
80447228,1515.9025009845727
56399590,1671.5841927625672
44327442,1552.7668466046075
65756284,2407.2455572896797
13967851,2468.1469816740855
33766889,2386.078940070686
70886578,1355.275866388415
85448456,1603.8786255995658
24208719,1442.1520418074194
72059158,2030.0829686054506
30666083,1459.4317828904723
45090209,2174.2637367808393
79520644,1965.6473662372327
41015799,1647.9937552212325
22610356,1042.0383691161667
46940244,1207.8044385890971
21443863,1215.6340742861523
63769088,2224.5230383312964
32298027,1405.3567711290275
26046152,2060.6987379312573
60326272,1346.5485965243479
24693880,1745.8746682384206
18317166,1955.3113259717036
64265688,2336.0898486526257
27910854,1219.6786970957403
56810750,2316.356955051135
97007881,1320.9009162262514
90317702,2715.60933761788
81231529,1569.817623649743
85899649,1508.6965821278518
92087175,1336.2156757480564
24070483,1586.69630394816
87629146,1092.2731420426057
11101794,1436.602406577823
67889079,1613.9589901147344
25576186,1593.6596979067074
67657245,1796.1846346952757
74992266,1538.781170894628
83091668,1476.8699880538766
41547362,1290.3956510426924
75141878,2993.3916174020437
11562295,1005.561073911237
23748006,1543.0035395376885
89825179,1374.346970702447
46505766,2860.4125146389733
36098274,2087.195013108891
61326956,2088.7779523822296
69020339,1457.164842049714
35844282,905.0802561649068
86014291,1751.1677170934092
72500654,1392.3839527925363
11567986,829.304847091097
95910506,1044.5835918255107
73565600,1840.3263780031768
83729347,3540.9554002066293
39689433,1159.7330430893742
26513864,1192.5198916214968
20449852,1415.7746618901758
10382065,1630.6413672497765
61096786,1166.0053070988308
40823824,1614.801794871599
95687753,1133.34362131249
88043962,2006.1154781017287
43192291,1688.4066132024136
18631499,1548.1908840742244
27194752,2482.32979633958
48023684,2592.212311363962
76180232,2061.547268582505
99345059,1595.7667192565063
46554999,1388.5231935002837
57537267,1328.4083073216614
72087202,1369.5644453502202
60008708,1362.782571683047
13534295,1378.3256268228
90971189,1830.8978747366061
55662480,945.662997097215
81189360,1561.2179653304177
49401774,1753.2951966883934
12131946,1714.3843806361647
78732926,1906.4834584945463
38392538,2241.547847710383
64273801,1519.8706547609547
62858255,2604.7839471458615
13288053,1627.0164990298633
80940080,1010.5842497855583
73197703,2326.665841148531
88918806,1620.8976895079338
45088467,2215.0678283810566
42105313,2100.9593260470647
51515302,1544.0499783262253
85071892,1298.240051901006
23401512,1297.06509195285
70514922,1354.057900258139
53367560,1711.8231929512394
30799466,1175.786270294921
87442307,1508.5182342242317
84081332,1655.8905280278182
87505658,1039.9431506660567
10151086,2003.0454745632046
19254776,2257.0123813545865
38019521,1307.8250017086984
40151098,1848.003260928527
75965212,2258.416239257574
38667600,1254.4536258697678
55646285,1477.9019416588683
35548301,1305.772678810253
18737005,2363.76109071808
76771390,1662.7731367630547
23778594,2623.078916412367
63739797,1286.1018689672233
40559434,1857.356883715632
15970404,1372.2512033628143
41963393,1599.1517385174748
36850376,1696.9503379235541
30703622,1188.3199541801835
53681130,1572.939507659771
52524172,2854.998295154224
78986568,1754.4776969766258
60868659,1728.0396420244458
55970571,1322.9661556817346
69603000,1237.773573341172
24475423,1103.0183750922192
30105284,1206.964709749519
42638975,2586.33062294951
54205765,2364.748582391824
77026950,2216.7621561554743
55738198,3314.9130201545217
49309757,1690.93678195015
52256145,1733.1027213073307
14972722,1452.3447180401408
47613103,887.1041883197851
31244414,1780.5063344617045
67669646,1802.6552876718565
85221335,1546.1582311319655
29598209,1441.900205715888
64960038,1615.8583450053227
36072721,1955.9598358455703
48855526,2167.900375932376
40290168,1445.4661340288787
84094689,1832.4741174777132
64780070,1447.5303540003677
62238032,1447.9304159540702
44102009,1923.869229299753
13443938,1434.7543850057323
27288438,1213.315629483421
26505769,2076.480728140403
62425735,1908.8376319706522
41742405,1918.2134312437502
35508108,1531.9325884666728
67267851,1515.487710183333
65786198,2150.3167920178585
69652252,1479.6032558792092
78338794,1874.8717633711658
98205508,2985.537502040488
90079134,1830.467087078723
89240929,2452.668289619647
59365630,1233.4131548234661
16423455,1529.2694158112347
30410578,1307.3080406577553
41943183,1916.1970362893549
17181615,1335.0741254517393
31537031,1619.6982547925327
55634963,1403.2910487414233
14790401,1736.7473108703791
49470022,1391.3101233424547
68137744,1916.0542555283196
10800640,1271.3664875650031
82878129,1372.9264301137543
98099360,1882.367714517062
36414556,1921.3750460856545
74858657,1105.062829431387
41406039,1414.6751889409554
67297495,1271.5941850642034
98019387,1774.9475238401267
17133275,1468.395439679885
44434588,1170.4137650978416
23385843,1720.7316828984985
51805988,1644.322510694884
65443150,1753.3036048856075
77624321,1443.928217856375
80056192,1491.4731558720619
92008819,1547.91716646308
78973038,1012.9246177834614
36356168,1693.2360919581347
23051465,1386.2176890198357
18225590,1626.9922135735899
30705007,1511.8770137980225
51916309,1587.2132218906702
49014177,2061.0906201019184
46939883,1575.2840835336171
27552020,1330.5137824496712
76064439,1123.4743065511334
42732794,1876.2285587031683
78185687,1049.8933140136385
37150067,1396.6567133855183
60216204,1446.0726155870486
67861895,1907.3245673825584
82668831,1180.7219628788857
26865256,1387.7083990313715
20296005,1569.716276166113
91164112,1511.2920900131867
48751412,1619.5328199195815
92672083,1814.4777812027783
66451503,2078.054721816761
79223008,1371.9991878764254
86295795,1293.0057981577418
12188395,1158.9674092183461
33148873,1167.7917136722242
18236078,1764.25483748473
53763750,1231.5068807272285
90278346,1690.7683286841475
23921552,1479.2313905238932
60806947,2512.0999496187696
87988487,1190.347395715241
33594333,1396.300834629963
51767697,1564.194184353623
76176593,1659.3941044391236
20106678,1775.8782573392227
89323122,1266.989433677186
15084276,1819.3448347305043
46737280,2015.7526632308823
27725859,1211.6249246915263
47502584,1551.1623847174983
89375361,2404.4956867833653
54279167,1599.9201417675592
62834953,1152.4994267887153
51358955,1654.7474356045875
43105700,1505.7086272238485
71610282,1323.662431343322
79952909,1930.55030811414
86913278,1276.1584604660761
72344233,1946.3797379193752
41143291,1180.764897403146
47312733,1510.3019562676404
73376655,1570.8477914151943
44219943,1071.8385376597603
18665144,1410.7610809917212
38016360,1753.8695779910104
50277432,1445.0544278327793
14668690,1285.5175573046304
44041678,1824.3764337249231
68597599,955.762710233536
55600173,1726.1412824755903
78109218,2652.625614241829
43432402,2005.1812027415651
57793276,1777.8024473094122
82143513,1753.291905817714
13373907,2647.02144896996
78336625,2351.0223633636547
51821030,1921.3897816661647
57620512,1031.5886867884728
94840760,1548.8638390797112
71866671,1693.7783841113119
12967437,2930.068065204977
94620585,1446.0809479816198
45148967,2136.407833068972
28096166,1352.0334164665142
76948857,1551.248888716119
44584760,1214.1225870076012
36577484,1970.5189738021222
63103602,2795.615639180012
15647671,1817.466617977454
86020607,1956.0996509895533
80235014,1454.9443651859806
40496834,1171.9039595679028
98549441,1732.6242729305973
71915619,1749.1776820618975
27813348,1855.797216197202
48090735,1572.5818739235078
91818207,1899.8663181359757
12597429,1326.920332979867
99318296,2307.0210091319045
38085169,2551.400223493544
38823071,2016.9497030012278
61630311,1906.8217845006202
78195551,1917.5788011260877
88131419,1437.2769572024038
18300026,1435.3221414959157
99585455,2021.5716153974286
51530595,2051.302366483494
94166971,1405.9561604772957
13633057,3487.9286243076194
68298368,1249.8689818009698
69215865,1815.1854943787123
30064972,2114.930068459491
96997224,1607.9406663984976
45138943,1177.5416856176164
21749235,2167.063633184086
62856234,3341.9450594997925
23982292,972.8505824433583
17686144,2281.6340030607903
57256437,1936.9534757486122
85469927,1505.6794325668563
14451732,2199.9642381915105
85268432,1510.5009045395973
64602955,1276.5593453334877
74101500,648.3181551621216
80083521,1481.5933440739016
11433359,2482.0086435090943
99198713,1250.5717166443376
12281135,1319.6625909667848
60094475,1401.6112222512086
18817746,1380.3907885673466
80803307,1964.1804525795294
50415370,1427.5416223395234
65098425,1653.2432538478047
52785060,1328.0249902991684
76797423,1467.2654366108948
57752962,2271.1155347440135
30340212,1553.7707864989873
17309152,2544.139121918447
29046975,1808.4924832161323
58339630,1733.3230654954536
38269849,1038.5792012785648
65498444,1447.3931852645926
56278811,967.6881762501341
65904109,1237.102115500696
34436387,2085.314535961578
83162633,1665.4414276460534
41922575,1377.6075636353542
67606284,1437.7314522623217
74148614,1428.5648373208362
31898202,1516.9901949285593
12816787,1891.6167849522622
73390625,4636.731171335985
44602780,1620.716072420389
59497966,2326.9025139621576
33304284,1520.2826410397959
70931726,1545.423361888572
44381487,1353.7722293094582
55483533,1613.7137999794004
41096987,3087.7174481519587
60844342,2750.2282196835527
46382270,1133.089967921867
41975761,1379.2823966523022
20086347,1200.047777947794
82572177,1644.0089861818326
27871083,1144.1236357811972
47060550,1692.5614675493753
44062914,2081.5697230848173
29352791,2668.8622583618726
42368060,1433.3737634236215
83186065,1688.1228641326868
86750602,1893.88971455059
18043718,1201.4684296715795
85319365,1391.8346218513534
93521329,1307.4749549512446
68774400,1665.637447368674
27686846,1592.4021135205433
73144512,2496.942665857038
47707941,1426.1841579169163
91947483,1439.8174659318852
54467473,1816.833066294257
25827075,1389.273111482157
99472188,1575.822863052029
29814538,1881.9450701798353
98588385,1305.4553284424178
15032563,2375.952329900532
73738020,1910.6569990498615
11480212,2436.6655080386154
75221745,1642.181006082068
19968090,1570.516469448514
70404205,1398.0346410619868
68659791,1717.8356372901342
33092757,1017.8318400434052
78193594,1983.7875569586545
98198145,2332.0836893279197
99767011,1687.8435583395255
56688046,1591.585033599562
66475382,1149.0312166477265
75692782,1910.9794120486774
26808729,1607.3505477323292
32171695,1520.9259103282106
88456703,1520.5204658076605
20999557,1467.3651323511758
28934979,1366.461847154477
37107836,1535.0677643867718
50278467,1535.2122771856393
61940174,1387.0239639994609
17559774,1558.9636320785723
21430086,1975.6523672766698
10776426,1378.2108397459313
98097088,1713.4871712700822
43113087,1260.4932571379934
12862019,2478.2782907266824
44592366,1179.2267332586096
96886172,1522.43467698537
96480201,1058.8890691911329
85983502,1531.7031792663743
23038927,1023.9742556689678
53573032,1868.3216378300776
34553934,1496.532203029863
51249487,1550.9958659986557
85349173,1522.601728902149
40895869,1245.7512334665032
99256510,2139.5234548458707
76469230,1309.7368054851647
18165718,1974.1073691221623
96264289,1445.0381872436317
20452221,2256.5453757997057
15739031,1332.1968228070014
75157790,1562.8085420153493
28901434,2387.2661858928127
98941473,1389.0574134430396
84489512,1236.4618415842156
11168890,2063.748517386919
45041073,2007.3279711338512
85582491,1532.808222842667
14863106,1604.094040930113
53607444,1296.137334863505
39640829,951.7826910213192
83896205,1284.7139802906024
66887097,2105.424700119422
54562627,2220.028365387884
60923346,1801.2710531195712
85626709,1384.7197732300522
11687354,1306.5667081589584
99055900,1278.826781307569
94176139,2057.724387848009
65142810,1344.483440997864
21025866,1500.599589550251
86231352,1559.0770725628593
94223565,880.8587394238249
53094412,1748.700924925001
16579300,1850.5837680975878
68788821,1578.2786381953547
22347006,1350.24866264549
89447420,1630.1750913150274
92132840,1702.2575782300603
61120099,1504.5967781800732
66390529,1727.060367968377
36752526,1883.942996019291
28673093,2528.21840132818
60187719,1330.7239122872581
47937195,1052.9955544013094
18528428,1765.100326683066
72855294,2199.8282133487874
77314174,1240.6910621024178
74208091,1408.480574793763
25265856,1128.4244886210247
43541187,1910.7137546512408
22027673,3968.8416954063296
39533389,1524.598676555053
28548263,1686.6145119107887
78891989,1499.5003331247653
68562696,1720.7711343671017
45297826,1928.0931417429024
14532340,1679.3842455826027
42487332,1213.4999300790098
79497837,1053.6008262322866
48787566,1497.9093018011001
43024895,1257.0933466295032
54043001,3194.542430949451
18517095,1118.346691107616
42190640,1619.0997400430263
81702926,1682.0841395307762
20584669,1287.8949044093713
48104361,1348.6584021951742
95781341,1951.7522559779989
42595500,1337.0209630635786
34081689,1340.7595690144371
18465181,1588.1845337784741
87028165,1159.6066481985793
25157413,1540.2948589896948
33500861,1688.0117774491994
22501784,1894.1736911826263
90954690,1566.7214247871134
12079890,1176.1009620200878
24560931,1508.8500841106872
57180097,1648.0513066281376
53805689,1256.293286165099
54653374,2148.532203270838
79714919,1651.0020469474232
52629831,1103.1795314400865
30315883,2163.142034039985
55900800,1568.8851256002388
62528560,2670.5653466710687
17439043,1975.7048525641044
64302335,2267.340855726471
53498595,1432.879549078247
92248005,3353.327166040391
65132848,2011.029306144604
54712644,802.1932889174286
26501578,1153.1198126118952
57973578,1670.8999375717876
64849387,2128.0817024082016
38331875,2222.5742730727316
84564845,1363.8303967029933
34335614,1584.7295862552708
18851658,998.0404198256462
10997678,1312.1739042826202
40768250,1250.3870459489567
47646719,1338.6160147158278
92937467,2098.974667291792
61661397,1691.5033253808333
48317061,1261.6595291300766
97216589,1549.99412403111
39977323,1424.3040135685874
46445975,738.3975207526465
94283551,2062.610861164248
49677766,1329.9498748670737
85991335,2142.287646093232
23059563,1734.6351813719182
98641777,1459.23048808329
62115510,1118.7831488968907
63322573,2158.123922469036
88463974,1547.380910349589
29063398,2265.4193597246426
94756964,1618.3731171250015
84286445,1420.6597334097964
86644899,1504.9001729210695
58366829,3097.3972850218206
87935193,1891.5298841997178
65710078,1186.445158723091
55211028,1043.434228528856
20090342,2236.215157276683
17885846,1741.7427652609429
87917108,1511.172011854287
35243872,2177.460860459045
78681572,1471.4423572287026
36496663,2661.4676845848526
88567292,2657.4974574054086
90883683,1623.5545620550622
77163639,1782.511523702214
70680981,1688.9096161049777
72230973,1414.04224350012
13786940,1706.1830377937897
56650323,2105.6698052524434
67337097,2081.8870274977808
65297160,1287.9457353592875
23393351,1073.0505134410282
43711949,1937.615069670676
45998905,1817.5632680027968
94413146,2183.4695999737996
30684529,1448.6295290817027
28147355,1609.8287885371715
14737001,1589.1959761182034
55758535,2701.7873874698817
95914131,1700.75477220398
95400320,1282.7479256758786
29157079,1465.960000126105
34838551,1259.1646290978888
79573538,1990.1932779427852
53853858,1314.6405581926294
46958037,1958.3132515391133
40355076,1355.340899074398
79162800,2059.411254720005
61449541,1614.1233076287008
68870249,1008.0804492036905
13256146,1942.1452635880316
23687793,997.0729191425967
49330994,1855.994491820132
47955268,1681.1984787459296
24572229,1111.5282181419275
85493065,1489.3644904840257
95994562,928.5483309781597
86822089,1353.609924563481
38878729,1277.7710603514297
83459912,2895.7861828955197
40295244,1381.3504837692963
95702507,1972.4827634070732
97865744,2178.089269502713
81724417,1406.5481628400796
22296895,1432.0250770398366
25100739,1549.3207436381629
11994578,1311.2274482707533
43823713,1613.0838752034854
57595389,2757.3304739584305
37162594,1764.3230419047984
51432674,2409.7142546541104
96977947,1890.22395906606
69353041,1450.049489473005
97471377,1000.6364928434609
78888703,1214.4104930672252
58472902,2474.747700901947
77647159,2227.0875035672407
63649430,1484.9586409382207
11295973,1640.96665013469
11886952,2279.860411227879
31115337,2154.909135503363
53945582,1560.884773228477
73391100,1421.2281115255312
16170017,1245.8558923532175
96391937,1445.9454039972652
49663888,1535.3655245640398
37966282,2140.9882838733256
91789209,1501.1236429310704
47228126,1473.5712984937716
26588476,946.4452668890964
87591569,1583.1953783998165
15315145,1725.3705749791911
70198893,2224.833830809266
61666968,1921.5478865494854
22175686,974.8727967409992
63396595,2138.7604875865477
18727617,1749.42824488239
19777468,1353.6519844890227
30527873,1342.9454104831432
95114158,1139.6221948903617
41739701,1346.2246683850958
11369670,1203.736684129649
74973026,1397.170924440437
73622781,1702.1644299490847
52281834,1332.537846945859
16897176,1814.5261476833573
63339672,2039.290828655478
94319057,1906.111824667257
89357552,2158.4238785033276
24886317,1431.1752363915089
59666869,1299.416858619871
72430983,1739.6795391371995
85345596,1464.918236149474
24218852,1364.5367553465046
82044920,1780.4816166340256
28204462,1407.1464772923332
25544623,1770.631758160933
98645538,1815.0811045995172
35786181,1271.7909426164806
56759514,1440.5451641526217
94979414,1381.748966388976
52508190,2150.150523892342
49317061,1747.0920983860913
76293520,1643.795574146476
67067662,1799.998481226649
11847526,1760.463423575119
14139283,853.4840510002751
35602964,1835.7459430600738
61092334,2429.8942743758944
69270579,1004.0716210766295
47517321,1872.9351198482582
10542988,1564.26615522169
66912082,3022.290118088881
42445139,2030.5821714265217
73053729,1258.002195524696
96699423,1266.2886619451392
18843679,1885.6795868382526
86433075,1528.9645124689482
26883104,1349.8688457362052
19601132,2140.770408115848
37017650,1386.1505004631854
83138933,1526.9460463172923
73247661,1570.0857763186004
59307450,1883.3337135075858
31131827,1356.9055498365908
69966233,1744.2435745420687
40243877,2399.440564224741
41951589,1675.1594897080286
36031262,1728.8471101721643
42623413,1913.3113630127873
67891203,1964.3212540280078
51970188,1713.4007997343097
24213498,1430.0348022346695
96242069,1930.8563699191718
41943430,1774.8591969402025
89189267,1151.0714919224586
19898345,1020.7656353203406
60572858,1420.2665067598987
34988552,2487.3808610414653
91110384,1584.8860169495915
75957507,2105.0748649180264
64422949,1400.9370313464308
93823627,886.3536439799958
93745711,2060.492113665759
17782008,1187.1866731360733
40016743,832.614581755741
78676337,1938.1728051404039
96591242,1632.9686084794014
83545822,1304.4096435601887
89501773,1052.269994258918
19293886,1610.9484930833432
58534753,1617.4829239262822
56198063,1453.9372482842882
60777659,1744.239148144578
65431978,1281.0415831394102
94604898,1725.7487333496836
76197738,2216.7087578638802
81980523,1742.0267466290384
41676275,1388.9690630639354
36497965,1657.9449055560085
23177824,2054.074934457446
85192608,1193.3069553367586
30289672,1607.8717367063948
98138275,2378.832350589855
57817320,1147.5970720196556
42234307,1551.199132444074
35893634,1177.5029303567317
18195993,2120.4761775831134
98403244,3331.2991903491948
63004294,1426.7308803529738
54567579,1837.3474070082418
91568379,2663.7827758473804
82476880,1295.4700534477456
55652262,1225.8857409063148
20373341,1345.7560908933376
58632297,2044.71848985626
24786934,2500.4808951306445
43722745,1687.4555651758458
87508719,2333.4061338301694
80752603,909.3099834845472
16698668,2208.224750278049
78798734,1550.6045655229243
18461999,2312.2294277595765
81299277,1637.5551425870422
91417891,1551.8754138467436
25190830,1871.180897027206
73164327,1044.5789108982078
92759943,2364.0180899876336
18785269,895.424748118972
67717385,1718.7758408900938
68136920,1893.6308385124971
77810360,1601.4503089491484
62012820,1678.6530828529637
55983128,1500.6521025729357
28119370,2183.4390797549413
34978717,1437.7002183441002
52374215,1274.171329189858
66651771,955.9566737841287
49306420,1864.5368187832062
57524470,1934.0332256823392
50884173,2044.8191523470095
41477733,1651.3870499569593
14875840,1786.814819503467
11186021,1222.751110711739
36355598,2381.911554257463
54557949,1827.419458246427
69426516,1607.5562890518554
92092667,1942.044344159578
52668902,1339.1136804751595
63561915,1185.87825834387
11154750,1865.682165478213
48765039,1266.4267810993506
91136342,1534.0161162520421
41265217,1470.2333449742712
25331950,1347.7361919858183
59339185,1694.2240640602745
59925803,1127.1115157135937
15169957,1382.8420197568964
14437249,1671.34610642002
98971521,1722.5871283272306
26418410,1554.0680292165841
85892267,1922.750115221473
29358885,1133.424189225646
90069301,1722.3733886145635
11408026,2130.220864789483
77952900,2828.323472965137
83752708,2006.0795210027773
15243872,1526.9593170160256
20649757,1236.5170730469088
94157069,1038.322056991447
80138291,2403.258512058908
79658232,2402.2435243166465
20876663,1487.856861943717
66248879,1711.2433662182316
98196787,1647.875939592061
11070217,1134.7942077230389
54123194,2134.808433280792
86862821,2828.7249088901253
40252559,1571.5031286866956
60519623,1113.6037174349758
11098932,1584.7038346392862
77544004,1862.0735240686765
43855714,1639.106323214762
57112829,1525.6264153592617
69104738,1319.3177297187667
51426009,1554.9962175104831
96759585,1414.2977516165547
61695552,1489.0265186900367
29335973,1314.9461806513605
86711404,1852.300991174995
96132003,1390.5125525538997
71930157,1340.4836830411455
24207989,1064.9269172148224
81239737,1146.2082035962137
19246532,811.666046545009
12541440,1262.5860886498124
10876544,1909.0679221587977
11012723,1661.1638079195052
38854043,1166.741533761872
78679072,1599.7571288673905
39567200,1691.5432170477013
59107952,1555.804713295744
79981461,2061.394858097924
16385065,1693.7036848448079
42418677,1662.1852921561315
26750207,1439.6309241844513
92430939,1737.1233335246316
22967094,1347.917879953238
40195159,1577.833510542055
72466218,955.7570083620924
34482136,2429.611313660023
13940540,1579.0739929366716
22725269,1818.0845392467115
78995555,1546.876543777482
73638726,3085.8623673584993
64722395,1486.1024741576414
89563722,1451.4058132823004
32568591,1866.7514314706357
45801232,1770.12862662614
20301291,2139.8817481208225
40244043,1680.3562331384408
64129406,1377.3506976739786
72297320,2178.4021503389167
13456518,2030.5689051416384
27325248,1325.0183858990943
33468754,1792.0481190740356
60910395,1564.326637330757
32681832,1775.7315949722383
21428869,1653.790507051358
86653666,1967.9357824620845
32786522,1120.6380238285294
64027869,1365.5002568975544
34126567,1573.423418810334
42278394,1849.2980750419188
95376056,2331.673677793978
99562015,1260.7220580663882
15133980,1481.7277622920062
54026308,1149.7897938634987
76441994,1473.4382537607316
94110128,1849.7256343689442
20201258,1749.763788021414
84604326,1835.7053550243406
27309117,927.1969002884766
85307886,997.1413318227997
68918906,1600.9781481095984
16328223,4120.878250599875
18599779,1690.1663110891018
54032168,2009.0584972874444
56206271,1718.3325432665758
20991939,1306.6875282011035
78007881,1235.9421954388424
43136632,2068.4921396369673
26961880,1843.3645216891468
59246484,3068.044454293649
97485255,1220.4000566767625
21548886,1369.8727282126422
41405520,1630.1055968195321
17265204,1377.6798554632055
57594370,1363.2483498177735
86204456,1550.3347133942377
47896500,1377.5888095702066
49072175,1679.5044165659008
57819104,2682.93059842737
38029807,1546.7288596097808
72219430,1456.8211425679374
51835434,1531.369378554444
40820294,1134.8423771417497
39676991,1558.6286259379115
47329975,1491.1875468731853
40515929,1341.9409369963419
49496398,1189.050242660478
79829278,3014.4436673405553
25676253,1803.947552065343
83511561,1862.4268823928103
97282391,1337.716508461838
48159381,1678.1335965056296
26133617,1148.8297160575896
14830790,1389.1203647950344
38458641,2071.322391515977
92902816,1397.505668568577
67366474,2192.8662109695606
12931119,1765.976976713676
29119450,1621.2410153393996
69182586,1723.2075838477654
95601790,2038.395097775005
37235321,1819.4480734925176
18453791,2232.450242988605
73959998,2415.6348145764214
85145437,2253.791824169102
20490331,1648.8290787397937
40505076,1368.4782893149259
39895736,1705.2996921076206
36927127,1614.4383282681106
68104733,1783.240529087154
65498526,1648.6815681160099
29077796,862.0429736040263
12700500,1765.0219460475141
23234787,2154.0496924205913
32248328,1688.1964624977688
47710917,1015.7205958514044
53904169,1605.4935959918728
41795394,2263.003220543192
81931808,1719.1539220695051
89546300,1898.7558444843546
81512800,1152.9727626933827
74490322,1021.5530988917596
77716971,2438.9115853437775
76509280,1600.378672221043
86774198,1366.1940540981702
63795592,2723.1494415582306
15728342,2627.5125841597405
97525554,1435.9283786755843
81201227,2068.7858438084363
98995752,1090.8703980925568
88336972,2759.4715522281053
56577963,1645.0899124628247
73375002,1501.8882717710342
92846400,1699.1095982855381
63160455,2806.8026265799654
31277941,2206.7389143136875
44244750,1461.6170398416693
46198195,1125.8993574864826
92939641,1191.0844927200656
97399227,1052.0410677497218
32829265,1483.4830328962278
73813213,2816.32962608503
71142772,2137.9884257017698
26186456,1363.6830705006337
86118507,1494.71211632252
91253288,1605.4917092255173
16739260,1890.8792731756603
97712970,1624.6417868609944
33709101,1813.6948433850018
97473173,1092.3277820526657
84445365,1784.6881212055962
33683407,1523.7974543197188
55156833,3153.622166083873
39198647,1280.2029810519919
84859914,2494.7936044770336
42321053,1136.9850049926424
26496602,1727.527624692736
87373088,1222.4530235671114
18576200,1822.5757727226974
30304669,1274.0917240417327
97043852,2378.055698137673
65885111,1785.8142308392428
67235670,1901.3719772801178
70791484,1358.5039760067195
80687580,1748.6210812807471
15865255,1871.2725114565653
50517128,2229.3090339604164
72791395,2009.304197812357
43267986,2871.927554159473
93567577,1269.6723210965338
15107743,1217.1973173258089
50225644,937.7518104532704
50174181,1402.6246817425802
41401409,1151.1834855188565
80395755,1576.327270597628
58616743,1506.7844741429417
62863764,1751.1693970637107
54033467,1290.2604491616246
36905471,1905.623769991962
68728934,1380.457867424036
11399296,1988.425423260962
42319589,1170.0434108604736
71193471,1297.377364511982
67728154,1269.305552541549
99252537,1697.2721566966009
69554397,1678.1334011128947
57406844,1530.1332228460274
17460622,889.0073062847584
29136908,1868.5098307326439
88836387,1175.203832452685
56749521,1396.026118157481
42038296,1492.8719666891382
27575312,2113.902746295132
27787635,1622.4810623347196
22639453,1618.1238190116917
95074248,2639.9803110514354
62398547,1486.1985969951402
48210895,1771.8622508338958
87163679,1738.13776593635
84638479,1494.3898228036471
74277222,1286.073965546524
47124707,2436.7214063586603
29597912,1733.3313576732182
73217471,3305.6617329491546
54203733,1409.1845160361295
86493934,1501.3262460204835
50925419,2313.306752957961
36161210,1594.9290530564472
18638157,1467.1727808705434
95763224,1835.9328715919398
92017449,1316.2150280356182
30955049,2057.598790994025
88464978,1623.4390887831632
81709003,1219.8707010929663
94640782,1167.7850003973992
28684873,1381.7140889894679
82032258,1843.108912651945
81929396,1090.053180800476
69137949,1982.52359978179
58556748,910.8879332308811
83494716,2654.074939367523
51219421,2005.5628128833637
20118968,1115.0431443468708
56424305,1791.3757944662984
91040440,2488.8613653528537
82249910,1763.8408953293354
65005094,1904.4871708966434
14333847,1384.7052675190012
79940622,1981.8496138589892
36407377,1418.9090523374489
16485177,764.3027652571827
19967320,1142.3366384994931
86757224,1142.7706072617643
47859734,774.1095579424502
15329881,2415.5679597759517
38097629,1807.3391594526313
63914375,1360.4917167689887
68107359,1072.8698256974776
30898448,1965.5832832722092
62098958,1101.5948847672646
82555231,1512.070905759065
74537472,1481.301428746438
53883476,1291.642788287428
87349008,2655.5598203375203
60387770,1470.1837523364545
76029782,1733.2928902228102
17330605,1658.1871937840924
73592240,1860.996000947111
46762043,2213.774294925281
35726404,1800.7136249923283
19188826,1833.9006026573898
69934099,1192.5678814229977
98236292,1616.3386419181174
66601351,3366.557793563121
24082367,1485.6328743745346
86399833,1603.792861821551
29406161,1837.9340102210865
77568118,1488.410082601696
68454220,1741.4684099530105
20326815,1777.8007861567057
96392075,2104.9959969422134
43846930,1412.5549038453978
64059970,1786.088306570284
59660323,1465.596940784967
30664289,1386.4288995811185
80504110,1595.943832959354
69214158,1498.7140771290651
37153701,1817.5442374406514
94463524,1723.7455012700689
27069908,1582.8245889516995
19881454,1962.1420997305809
62073736,1667.1732308190385
81301863,1626.152330578648
84692821,2150.004913630242
18061173,1226.0472192790894
20396165,1577.1413990067304
90290263,1590.7573942086449
53205197,1534.0748868836715
71639333,3031.7828438338643
26581527,1636.4389807229863
88753189,1677.5240456288245
12152481,2456.6010421272777
66369748,1671.2705346735065
31086360,1533.0256673217361
68141078,1346.0529519551353
87072389,1808.3118065560147
97229380,1374.9970340012064
14239930,1146.517434076246
47067735,1821.5754165009669
23013670,1189.0835513641691
91166617,1504.8045460867208
46464430,1728.1371021902685
48307993,1277.3615015086737
65322743,2477.664034987539
50086685,1650.5422266326364
65335801,998.8296562411304
83887090,1829.6199350500094
79333390,1630.2230775682997
84490520,1630.43815003649
90753494,3560.3321785051767
17091898,2620.844664173477
94064213,764.8272607534652
76172003,2253.8458911399116
36639874,1454.7969142357224
93190659,1812.3974515244208
77671761,1097.6256844224824
64459243,1733.0986487442233
92415904,1465.3112145184436
22451687,1486.8055282883556
99098676,1878.3955925287119
96250656,1902.3931613613265
43637666,1573.446788982826
87755511,1761.658713994224
39642098,1457.3905478079362
29533984,2002.6007242213407
57860445,1488.1326051286494
33335103,1555.7653752707454
40928352,1334.7734176670963
66938624,1895.621218739756
97908221,1320.1483765105622
32317269,1255.2017712171355
56374872,1221.0253641979784
56164704,2542.1323592172453
16557670,1456.055393710672
57350487,2133.6631718012113
73640189,1165.3142197520497
28886856,1815.787313947403
66838952,1117.4994837240922
73125445,2762.277613864295
89817544,1532.4088986959446
69175507,1347.2234923138226
93099722,1794.7293663887074
42498618,859.7545969352259
58133975,1400.3196671015126
50823382,1506.4497425801633
82720881,2357.2767844630657
47566077,2450.877606580696
77236358,1937.5692821618977
24977235,2557.1837121834
82212369,2697.524580269776
61416619,1630.9529626098767
14011629,1168.4357953736371
47820649,1180.4144507830708
87027470,1300.9740337252108
84406467,784.7666956368386
18483336,1789.02491024875
11745857,951.4682424560469
72009137,2055.83129533221
21373342,1401.9485678355456
50764118,1447.5326962734066
17876513,2986.4623722534975
21573530,2584.20547433187
62535056,2283.4177235525417
52924658,1483.0400668581528
59116751,1610.9635410218846
96464552,1568.2234824207142
41877592,1849.3839741583577
27556664,1177.6696972776247
82049392,1578.3642660048288
21890177,2243.498531574353
84019657,1202.5624235690286
70836939,1233.8190697777202
73269246,1280.6249532167699
65430516,2001.2237356647624
15552867,2033.1176287769604
16632045,1558.4611949826685
58510236,2055.718951640626
94607287,1236.062405109863
16582909,1158.068781806338
91254889,2353.4399100252435
52951693,1507.661502875815
42015762,2223.270322414161
39537878,1348.3032513296982
75334066,2233.1867075224286
15509168,1772.0911308090017
21848464,1214.724747871536
15512926,1691.5612305000502
19852776,1346.9099866070453
98991290,1567.1947361055993
67867067,1621.232388487649
75069265,2381.3317314927035
33163007,1006.4001330469106
72461037,1336.584078953427
79368575,2140.8357906699616
19283832,1563.8704866648811
74686369,1000.4801141982408
42431987,1030.364052995748
49107046,1809.3301031527524
21631633,1467.2574414289056
57757752,1321.30668658214
64260092,1921.3994851477926
23733208,2152.5911351876252
81359267,1772.8301289920637
78964700,1553.5743239011242
33821569,1760.2214749426284
52189182,1155.7533285140412
67362415,2087.4396913647556
32252347,1620.1530989114876
42461075,1400.1215174810961
42564953,1895.7532644298128
53441096,1412.135342128367
28942045,1352.4121381793607
92173510,1628.8847155805756
37939234,1949.1234302704227
83072941,3036.949858914106
72001493,1936.9054561998748
88722560,1063.7392388733679
24458695,1877.8889196159575
34236973,826.9229567650752
63527431,2507.9374471376414
35020078,1712.9732789216364
96240931,2613.251507525183
96449025,1136.5284960894985
73324268,1117.870254137039
20943504,1690.8114838790225
65163807,1098.3219134590981
65735235,1362.4261554219077
34006121,3148.2061053577527
11206259,2222.167457655995
21142225,1733.0268484277458
43933688,1532.605648668701
20195114,1352.5006198478245
18089453,1813.7324983336284
87927482,2970.1848728387836
72119177,1293.7641250366592
68722653,1450.9871721308523
99012228,1718.890210807818
95191404,1449.3681262265152
68494900,1220.278144814757
11789848,1580.1453834101812
51367435,1754.503826782671
83199690,1274.8140528005774
44222449,1304.0697947841536
97059152,1358.3305604652235
21321783,1275.269020867173
89238156,1489.3831483455863
75658495,1406.338202289333
80514422,1007.7266187070227
80098101,2165.689792433322
57507250,1936.709677285401
82869937,1477.6656737844664
64737683,2655.469391792825
64663030,1225.2314764660525
22362250,928.8650761953625
51054867,1207.3990601476032
60302181,1787.0247633423228
89897892,1939.9569247424072
99745406,1722.7758828061692
52137793,1676.9753676866424
94617943,1840.6873035427618
92402481,1723.6599070959905
29177060,1673.3612582151989
96789879,1971.594354120622
16733828,1494.5672885734846
69997197,1817.5750588030544
80009529,1349.0743626703197
70971147,2235.994299833405
89268742,1677.350749105698
81559172,1733.6762636926715
19799436,1665.3651165936415
96316683,1610.1644243577543
16202604,3086.9848656327586
99234264,1481.515693491062
89790861,1501.0720458860803
80624261,1410.8200626779924
98327008,1561.241411256206
43114030,1863.2103407769832
38992659,1124.4389777321926
26185292,1712.9304657681505
84958392,4211.100572464333
63532044,2138.1638076951735
72780852,1453.9964651231232
63755363,1941.3244142081246
63435369,2281.0783674434906
49085103,1300.0864936451546
39826465,1397.338988378713
89335030,1093.448158153743
92393797,1936.5776209017324
36385689,1095.2729539775041
14218024,1111.5410493371965
43067447,2594.8292633163765
11821155,1891.652366871311
96671043,1284.6894086531888
64977532,1873.7478622404171
51923648,1681.7021677556054
52082499,1696.343049854055
58693008,1232.044362036445
77432555,2160.124326043944
11692478,2718.1407615302287
88536020,1426.311943945735
13996971,1559.3101961182251
92291100,1729.9920042403985
77799089,2546.9438737995265
46970679,1293.395343041691
96819382,1984.686989363942
25751312,2354.032038772999
89990705,1054.6280031031094
52038068,1660.8766154145933
32344173,3821.680169992467
33993191,1519.9955863617085
52279123,2294.995862182152
18496274,852.9518621759393
89490563,1635.076421619234
17329696,1961.2198920078993
16967446,1588.4642697767172
80888202,1115.3719548103586
14661504,2069.7738284233264
19604443,1726.9943811445005
37821572,1062.375644463189
88831769,1604.6645180228172
32405077,1854.9224570747265
52763362,1361.2284551511998
75573252,1597.7174837216842
54781465,2233.4091170631073
22599480,1900.4051813291906
93311234,1104.6345051781757
69925053,1371.70371128823
12598333,1857.5902406071461
94909106,2056.3479915304056
86019408,2597.1746101926055
96477826,1469.8950838860555
47575439,1983.4552791905548
44219472,1350.7213535501185
14808414,1815.5258469225907
51535602,1319.049210784736
85960705,1487.4570417522511
52391461,1522.1978548444908
81172596,2604.739231059285
11351493,1740.6838285392614
72733290,1099.9993902914562
74877854,1596.8705183005545
27680792,1248.064802682228
44946524,1945.612894184149
23475779,1798.99554647997
48465422,1164.2076910869014
52076835,1359.033641054278
44646564,1512.8272822178965
87277346,1323.379075947745
47973044,1630.2676553839426
75500097,3542.831399849789
36145678,923.8418177043797
85625020,1501.625683825228
97404967,1471.4739757452596
11411712,2225.45548826368
80164594,1148.21173505028
30555374,1049.6467370467883
93243676,1655.4940008803671
12801610,1093.113673732221
58651288,1073.993174273459
52409464,2264.8963176483007
26481577,1926.6507988218366
99557550,1058.3543448634684
92346786,1079.787668978471
33277389,1157.8778199318995
78792921,1537.6427758824977
89378277,1701.255121156589
82856305,1663.4221450681243
30767488,1621.2793938436976
36397903,1306.6806966676218
64870928,681.0671383157244
11575457,3320.1483540881145
39041845,1349.515297991037
92898654,1792.2589370662788
16929732,1527.7029981701683
33334714,1196.9216333265333
12221534,1868.6019045466269
73945645,1414.7265094834402
68971550,1465.8786917426323
75565371,1982.469530285667
59677619,1328.2407921228935
93539814,2133.2051159794887
24106217,1521.3231558195696
55020351,1418.991297915341
15672017,1553.9194540366373
10841847,1340.038327162015
86946687,1207.1825360946536
99799054,1804.1738251903662
81128474,876.061041781923
80366080,1282.2479544286227
10218336,1284.2068982597848
72351128,1447.1583751326968
56132260,1534.1362408603145
99301338,2854.960720763493
84453738,1396.440525018476
58188871,1793.213468998727
81971342,2811.8138962790877
94124547,1447.0747139370283
32266038,1628.968491110658
71760843,1479.6843479027984
77203995,1552.2570837288501
84611651,1485.9582455455375
76627771,2048.399228617011
12653847,1636.6942927131156
43336328,1675.1265933048712
91500607,1642.2518869423186
68213549,1470.139121129805
35549327,882.7460457309109
80808916,1459.3305465721862
17110481,1512.9752689242773
99587119,1095.9595638074793
92334856,2784.6861097387628
53359226,1496.3671308966666
80618402,2907.1788025863466
41703808,1902.3611803427211
19195409,975.669342736659
76941149,1697.4470211568482
97584818,1447.0791476510583
56683377,1554.347524535228
67011320,2044.126502420957
15480221,1758.5479720112653
68081328,2342.0854654002255
55487684,3444.383990609165
74199206,2713.4834067999195
90165063,1809.7914169554072
36193583,1786.9848286213833
10917950,1373.6484016635945
92870312,2117.0257407324384
72030717,1938.774590914194
17113758,3536.150139584268
89153386,1418.20103039844
45809568,1762.607531702245
30803532,1592.37634399289
41936053,1675.1464817680499
14429173,1658.0894630691578
86629786,1683.6925137467724
60024688,1711.2446388478666
75100924,1831.7364582528146
19587468,1280.919802847308
88088850,1460.0884409793427
14339658,1237.9755923834048
93643220,1442.2598922253633
61257147,1876.9290290852352
47372664,1794.4851125774578
72551157,1400.5463141565456
70006271,1673.0519603883258
66160499,998.6264226798421
14115358,1300.747697187794
24138292,1910.7161457809034
81649352,1610.858182606829
86450554,1416.4825425695608
43772724,1649.0500011196843
76147600,1740.316081899484
37814705,1815.885430623792
79438450,1845.4998559516357
30374304,1426.9971066330381
54234194,1220.6347586995164
94516994,1769.3497195784985
15639119,1851.2109735525953
98234744,3099.3400040669944
84292967,1295.5475865241804
14583946,2052.186666084089
74680521,1422.686980703714
10214287,1959.8246577458417
43877051,1392.0453287166024
28904050,1424.7302080633667
62063260,2000.334225758361
50651267,1761.4409508928213
76093719,1504.3645259317097
42788012,1415.9602828282805
64271564,2796.018568443126
36033563,2161.986261753716
32364760,1594.1649213298012
82718318,2290.0237711287423
42781597,1485.1826039856774
63047151,1257.8925296504542
54331908,1703.5961528185082
88556646,1174.6580767498258
80038856,1657.5379324937549
62561061,1393.6309727184878
65834717,1323.3015414039946
80358828,1795.5674823694967
35099840,1985.7503461538802
50872993,1433.1865073650597
80223193,1888.495386773279
28448374,1622.9350683023406
92231676,1639.2689740846488
65717894,1649.0922407137862
86298764,1491.162248926191
76299579,986.9378379443275
15449921,1329.125024771373
44677435,1485.647141707081
75188492,1568.3297180965096
99785392,1568.1021863825515
27084775,1316.5510536932045
34483861,1457.8092867189646
44135541,1857.5061407981332
85537076,1372.2587026308447
32577802,2151.0673036885514
58632323,1686.480641699159
65794441,1463.6247609598852
91626972,1456.4318822347052
80568466,1346.729950465631
19317452,1279.5151729105944
19462773,1107.0696405348062
16861573,2043.4868046367183
61543398,1314.444982519062
67189144,1740.9789457762613
46184090,1113.472822137617
14969625,1074.3952755224452
12339000,1208.9033799433262
87651999,1218.970838823502
48444572,1628.1624596415152
43026767,1136.4683443195079
25666315,2061.602530952587
85141494,1967.5167527351389
10196732,1416.9839374817172
89772932,1121.4088721932605
76197106,1500.4246180615035
35668637,1002.3172662997366
47789451,1291.1026614776083
11772481,2367.336201958292
92352486,2048.770878047287
74959731,1358.7003535739675
24006644,1232.9004068138906
70184471,2169.7105225553655
63616459,1865.3362211933518
65420176,1411.8974361720902
52778454,2903.4598287892054
20334394,2397.613815492799
29566160,1984.468590063518
41218910,2090.620972331324
57645530,1079.0459177381604
32753016,2374.349747992353
53485349,1465.1988067924829
99359057,1430.897501547782
50033107,1367.446602642659
21562381,1913.6861058700165
77828671,2488.4622331166806
59082786,1434.6038884038092
99756703,1121.3832476868092
62477883,1138.113212882483
62194095,1813.2597532075213
77240295,1603.011424504737
78173906,1482.4011408911356
51850860,2421.552667175108
36247163,2392.9310856250772
80372868,1342.5370337796794
55810884,1380.1128799125277
39425335,1238.05408658546
64769998,1536.3964811856756
74184119,1794.3694796846785
30910517,3242.7105478083336
82036794,2125.4767343767544
27288556,1505.5376461789983
73750248,1226.28928860647
93836103,2133.271248548231
21006367,1508.8016788252323
93898545,1322.9927347224211
94582565,2092.8132012538263
13137522,1196.1609370851793
31604761,1646.258890331016
60718232,1297.536942619038
22356430,1212.2402878339044
39386475,2807.240224314545
16350350,1565.5568601312955
70755780,1654.3240791985572
55920671,2349.7698356621668
30409198,1447.5290119299025
12366994,3364.3024169547757
99624161,1818.148354018863
27085439,1856.2950985839868
26222780,1335.4519648365322
13513100,2112.7016469226173
83619693,924.2126229547786
65230131,949.3878552371974
74197231,1464.764097265097
16535315,1300.009386466657
49313519,1541.1909418425719
54192335,1515.1164418866617
80736897,1769.342401851169
99406225,1847.0322346323392
67818530,2891.6029040669905
84284655,1344.7014519398494
30897932,1335.87024780111
32254189,1441.35769584567
31849680,1765.835524061029
41359333,2233.6676066183604
66456629,2535.0084313596235
68729486,1664.597139294344
40630348,1669.2548423901465
93988333,1726.7611301969478
47811524,1048.0422968003245
98617237,1591.526337285766
20362387,1178.4701881777712
84645660,1067.986356460419
16861971,1639.9169544908134
34588999,1472.7262809990877
53427517,1125.397838683833
42513475,1967.2350908457613
57705547,1677.7529950203248
49742880,1780.0346711521647
66920323,1719.42027003934
12354776,1353.1519724633174
25840613,1577.4115454578184
45114259,1975.6486463376666
49079923,1679.4847914796098
63116367,1066.508433310212
63802912,2030.6242304516088
48974796,1380.5844139596447
30061599,1003.6794982140651
68578654,2079.1547801203105
54173227,1512.462641694171
96680380,2147.2859597407587
23868064,1415.1050240810282
51824090,1677.8767696394902
34839733,1284.3068915721738
80054187,1914.273967631123
12685572,1645.4733875768968
41567061,2432.2528653209633
94877842,1125.9523477423068
58492968,1062.560770501468
71326484,1069.1170382488676
70920278,1894.2495947705986
54663137,1730.8763137563003
32126460,2026.6831072866696
54874790,1812.1357787125435
13538436,1479.3500070145556
30100038,832.597414934938
80017866,1080.0417240847755
64347455,2679.9015973018295
13683069,1812.724831829061
48039428,2402.4319453898024
99567150,1574.37463931602
85509215,1042.369688482119
60668698,2086.5135064004257
12191456,1994.4949008561518
77765786,1553.607196367311
12528361,1166.3883345412037
58442957,1121.365439298751
54303594,1011.6672234627326
27681147,1440.8104576195499
69098569,1263.137150357939
95221316,1973.526767593316
40109548,1678.928793954675
55576313,1118.3662782367046
53153958,1553.8688057941877
21200840,1661.4753501528546
50894265,1050.1757947872686
23626838,3506.4987721345406
12418418,2112.790354458802
22706358,1697.471160928653
45395670,1264.989122197756
87327017,1344.4808585228122
13017114,2049.286787483578
32271547,2099.4909166009384
74538679,2051.5935553272284
39506103,1569.2196276962227
46816166,1424.48665399412
66503105,1881.5134468407928
65579176,1920.8566229534192
40074247,1676.7273880278508
91310031,1509.956582985098
77444410,1855.146812934541
69955281,1667.767071434479
67331105,1832.9098665740985
45643632,1708.299565797943
73282363,1371.5160963474907
13642505,1345.0802045596524
68901430,1722.1368250005648
89906679,2033.7051690917633
52711886,1153.6966091224176
79575331,1434.4854099728677
92616283,1417.1510040354285
30763055,1237.5630894038522
16611953,1568.8893975499564
33070179,1512.9389786915324
80347205,1618.977565602371
83995335,1764.6600202003349
14535805,2429.396372113325
84879838,1571.8916194695712
11864901,1417.1785667821066
14658965,1177.6817023409342
24293507,1246.6752018295283
70453525,1615.7093832286762
87798104,1280.8278200987038
19197193,1610.7062941053944
28284548,1803.0401566850069
86044842,1663.409461826308
23057275,1752.7391846495323
27985337,2280.7368698346245
22587547,1215.7167342297828
12855508,2862.993323130838
64337495,2236.8910614897945
86712331,2293.7011278851865
61189156,1335.868543718405
91594873,1600.7274579137666
54835971,1975.8734204353277
44370830,880.7837769637961
23684803,1464.7995403087389
92481929,1856.531446010557
35638424,1749.8203832607874
25657749,969.9524054904621
39381975,1495.2926090848496
72999107,1757.0890472507267
25818586,2065.3612877645855
58036789,1980.7143176366014
94320377,1594.9410595766146
47110506,2255.700091331657
66399362,1879.430533348005
68909982,1642.0358583604848
16073310,1504.1486997282457
43288405,1137.9955732614021
71579560,1748.8755765441504
16507355,3298.979786715604
48802207,1322.842119039442
89915294,1730.832442560854
97679852,2239.128359210913
29217698,1913.5154715742715
27435911,2873.573541013206
78879242,2041.978856898645
27175130,1551.6661415762687
29020135,1112.2850112532321
78626569,1209.3624580200146
71067812,1354.4661538224495
96690513,1569.3162318227621
95531962,1782.374986113335
98356800,1163.664594511938
86104439,1130.2288771111805
55595900,2425.6038480369198
75208610,2015.3245127223554
15300209,2049.5836836372596
61949363,1249.109603501822
65881085,1627.7213790885025
66803690,972.7328929692309
71508510,1759.6881903989586
77429269,1313.9649962959338
70868754,2600.323129884754
93223292,1905.7021306823563
70378280,1440.437956172185
72142932,1312.741447130611
88911193,1171.1935494256145
89761834,1710.185815293978
36836619,1652.9126252888204
53134062,1494.3658719128696
98828461,1783.8810984814106
55370391,2352.802035555026
69978664,1434.3348541049531
48824111,1428.8582766733527
11383415,1512.924887565636
89041808,1905.6573874297703
31864759,1707.5859553219043
85436725,1496.6628483314664
12287678,2710.6921963657333
54577919,1652.6903144867201
69095778,1569.6625829886352
86755087,1495.6738036530535
87570494,1574.2342360079508
42971075,1621.5856017137705
19251821,997.5358650173935
40154766,1202.6953796041626
86599495,1710.38294781535
88331508,2246.3054651374227
70254717,1414.9976483407777
32105523,1563.16423740952
42241465,1189.0677302503427
66334048,1456.8326598627737
56657286,1200.0981950313712
99489082,1636.19824663828
89634976,1718.6590556732926
22529712,2103.602524009341
93452559,2099.064976410932
75276107,2491.304105222225
57620607,1262.089503721531
11822194,2317.896361414401
85101585,1742.2817181448356
73640715,1886.6189467879453
18114714,1301.8610738251548
62352450,1431.3876106605342
88096618,1965.0391568451553
76855836,1352.6033569970878
76968795,1934.7281703201202
19089688,1512.00244836158
93669020,1141.163298461506
32221954,746.1818791249277
80149491,1341.479798237077
90863370,1433.7798228053948
18955449,1822.6343884237983
46106075,1326.8514301976445
64362412,1339.3862760771021
13228942,1252.3036879204099
18238798,913.3701830749978
17197174,1442.7493853678263
56883307,1507.9838882318293
43838074,1550.878217837377
94366977,982.3537979525233
51114116,1646.5157787698774
91929625,1762.8599343410465
72617691,2533.3567584648026
18081983,1466.787579133963
41430371,1225.3931757592043
18768333,1425.1989836316654
97670981,1585.5668756524376
33138884,1864.7071884891868
54769750,1691.0477582009596
89191521,1668.0794127535667
68771611,1422.2069065497833
69658524,1555.9664506369159
72361657,2456.21442373909
56548670,1114.5316233934761
78323750,1603.215682398366
30772189,796.461303385746
48525110,2046.843636213358
86995869,1493.2149101210446
17626486,1740.9903123550068
25200634,1399.0627030766452
42675735,1276.4198401940569
65493081,1640.9383520282502
93613666,2183.1089838209587
70416961,2524.6242580081343
29938065,1581.5042264103215
49578380,2758.4628632392446
98870679,3926.5801880076224
69931311,1984.3679034363954
53406287,1367.3674287186732
84279248,786.7366371882657
95721664,2025.0253667274987
86560148,1401.363823724009
54643141,1401.523364551133
87296829,1727.9351729836396
44687814,2434.6184851621356
17812890,1559.6871461420105
55517272,1559.465017602714
83984617,1389.4074534131337
50681051,931.5443097541249
74119296,1508.9452593680019
67223450,2178.9006975877346
77287132,2526.664765176628
36264517,1702.1628176622605
42898261,2870.7493313261657
62830950,1690.180292994815
34861949,1255.887412177449
73511243,1327.866931260926
21486168,1939.6791007884092
99309538,2221.1582238319247
42037617,1449.631178748512
54746843,1157.5033465348756
47539615,1912.700042657962
84768747,2217.7600331776794
72954519,1637.3537903077593
86653160,1124.1067451932413
24350012,1291.8576902333682
44330162,1423.1246461206574
40410889,3004.468278804112
14017526,1231.1633572350627
18494070,2502.4928867142153
47916307,1896.0339910198445
39725498,1757.5137959541778
54156054,1584.144405535049
49589662,1764.1537506037876
87793535,1907.9460175442118
25123851,1944.0591602367779
55319133,2077.470716208686
35955058,2290.40692691786
15784980,1636.7961126550965
63967490,1613.327545858877
84366303,1618.5586138136
32211409,2152.785534770306
27475512,1548.9383877070702
98385904,1348.1013292256152
74274926,2335.8969671290533
26137274,1991.3390467698928
35706395,1768.604002346697
25432073,1073.7726717130763
56493804,1321.934282208949
21783642,1843.4928583158305
24274717,868.7954222837669
93363592,1067.075479422735
50359798,1337.1846582699327
76057356,2086.198462545023
34577569,2472.461304144724
13432670,1584.2102843218852
36150614,2023.8518856746837
95883486,1929.079046261991
17035345,1865.2081874288724
48987823,1414.1445563238233
18853302,1579.9329184587764
70059479,2265.010116105954
35830006,1924.5471884909723
83058209,1510.4262259578957
52239160,1415.157976675931
24939237,895.3392841244015
48271879,2373.5204059299376
58898302,1501.923026471702
97505252,1541.350387840401
52580265,1371.736159280557
59859756,1904.0730108217697
59531100,2012.7505730532735
82820692,1756.505590029551
73015543,793.7784090852266
50663543,2265.467674258347
61349439,1668.3827082169264
82745505,1910.0102687844094
91058293,1218.3904636297984
17937997,1821.8905344996474
48025378,1479.8184678038556
21558049,1517.3338082616883
51468147,1805.2367473795002
87943582,1077.4373681239956
72989675,1090.2291904429837
10828659,1443.7674949455065
78868242,1476.374116244527
63610417,3268.3130771662964
13037947,1297.0510506210726
63051485,1693.529689496402
42637767,1407.4158934325808
66029975,2441.2823567348796
41368516,974.0857831609942
75570412,2102.6745501428336
58832659,1378.25423269591
20746324,1770.9019431180343
41047714,2125.3882019509633
41430458,1720.5647837353538
69198371,924.8409519007656
46430156,1517.20086877629
42120705,1154.0873998013979
67695943,1299.2991711836034
10655846,1543.5907420177086
56387239,1562.9241941544385
73136827,1340.897437950825
66107772,1940.3477280385273
41597595,1228.0631600277618
27035754,1594.1220134802204
94233303,1401.5655870914845
72371862,1553.7261591822012
47858586,1808.576716620281
50074731,3327.381461144981
15840349,1592.036318038588
27527024,1529.4428629584877
51445447,1365.5354848698382
83042677,1329.8937545065942
17433657,1456.464031579889
83477453,2008.7313368632595
58980418,1610.9293230805824
49038207,1969.1916758197997
35105997,1315.076695030707
88328473,1947.100603091268
49929992,1955.8875522369485
12057690,1836.2310655952606
22485986,2030.3061212511845
18944255,2381.1923584428023
94296460,1488.5140685331226
15325948,1730.944226594973
80036637,1626.3303212569874
63707416,1561.10372707262
33357067,1896.1662778670623
76260292,2077.6768432933823
88542794,1798.1312760688231
36624049,1284.178376228283
85370002,1523.563709446865
70947321,1521.1016155905409
86215831,1175.968299204341
71799918,1572.648597698238
70779429,1741.8982033342324
28177790,1197.5239319823104
33416701,1691.707972302375
32210074,2561.9194164837572
91177225,2170.232246931419
62230096,1645.1744926213053
27830922,1308.7273602228054
20292159,1656.6119785898131
72135125,1293.6855203214623
41060839,1764.1598811669235
14610723,1459.4906940040732
40291165,1771.5801984086972
76063806,1815.4965331145302
21250419,1848.0998329999807
67512417,3342.345230111083
33443292,1517.9365641949935
33660955,1305.6527819050343
33504001,1412.9736509847899
59014872,1309.2756035009645
48423806,1312.3102822150977
81227220,1279.3616050820763
97904600,2089.3165593061376
80141558,1642.1082762522344
13290868,1513.3671333914788
12913192,1331.6268652749225
94144440,1487.8485058188758
53033174,1854.0817086804964
93735706,1512.1167240188563
59909555,2353.3591042884773
99555121,1516.7227524106318
13256013,1361.4844025458406
93540353,1185.3542723914259
97837539,1031.069315931687
35669129,1585.5311931122105
50012137,1533.495157280123
68173579,1542.1158448640203
59440623,1281.6881978269553
48714672,3327.480074537548
86973367,1421.8646705418555
28395212,2135.979674760446
50017530,1794.6590550877067
48045601,3003.1073618827786
60427063,2735.777881775401
49061177,1656.3131059788877
42896715,1407.1750994676054
97451418,1909.4636006552932
53456411,1172.2316230627232
99184358,1132.0256935525008
91879007,1434.6784029165472
76424273,1320.4856726815763
19529774,2354.481840623642
60604201,1261.6815140068577
96265561,1608.575425591009
84388943,1818.6556904168976
22143961,1793.3823736020092
14880373,1570.0050210693016
98124884,1279.725573615249
23434755,1100.700368854118
36626131,1377.4864875283479
86172967,1692.2630583501
89507826,2352.365179512914
51984404,1115.16340718516
21328430,1650.563921252158
46133239,1335.23773214761
87118588,1389.4117215411839
72466804,1403.0161749639512
90243251,2245.2719335455345
31491219,1866.1983810201896
83702289,2016.7062307448502
78369132,1357.3711208768884
12074272,1339.941973533557
77297832,1751.6425622537517
91732264,1717.2583219773703
51116865,2008.1163950498033
81826443,1879.4619899442023
26192585,1529.0454326327624
72261842,1413.4160013851088
40619619,3228.7399230946085
89999631,1042.1958058204627
10490133,1548.4131579202458
90054183,1074.9171490494155
62212383,2220.9238368254955
19863611,1760.3386339848898
51025893,1267.465152331393
83280839,1060.4219057548678
53701664,2177.4762111903983
70474564,1777.9649027117132
52730115,1563.7377573430138
28945671,1384.330146359539
76905104,2154.428125870657
60340609,1496.850513984813
14262244,1326.9431684705198
86114877,1811.8497263623651
24582504,1667.1207686338432
77544375,1347.4316101011002
18212637,1589.3003002531273
31107635,1210.8877067229814
73185236,1123.9167732586711
73413665,705.2563361422516
31204532,1749.0353428720446
16646519,1264.5000761008723
59819313,1377.1774978379497
58041963,1540.2754413539608
73177607,1505.5603870675661
65489959,1897.2774882550882
53892134,1862.1194108724976
14638825,1782.464214575426
61652212,2262.2655479131495
69208062,978.7514877904421
98205776,2993.1549591873795
91953270,1671.9294263741629
95708788,1254.1768200709705
71079776,2012.5297809919573
10948901,1362.6292281870424
79084173,1298.5612835217476
41410746,1398.9748034209272
50927968,2250.6424620669222
99511873,2209.4218352570338
87562260,1425.3899325658185
48098997,1640.204045364047
77592143,1702.7750637676763
50298301,1283.4332466834385
95160336,1265.6629413111605
13581567,1167.4786414189257
76106706,2531.804955439746
53880590,1704.7628392883562
50270200,1903.2825339563888
13098948,2351.0324234111563
81835258,1242.3175363939292
14238786,1551.2992782329827
65288499,2207.340056687335
29149871,1775.069503615818
39551396,1604.4834922951936
77375335,2104.1101198711963
14384374,1409.8985011925263
63368293,1749.6994609691362
25141477,1960.9697673623941
37822276,1384.3257201706458
62473299,1799.3773372374162
90467887,1757.880669861433
62270028,1798.896417704165
62101686,1450.7149940584488
51642126,2942.1685974023057
50281814,1848.592047225311
34969698,2146.3817783689983
46962155,1915.9312051586307
17638609,1986.5974169294254
59977095,1033.5344129540454
75196820,2138.3072772714654
65141041,1553.2231750628298
65986306,1965.9549156194007
99818911,1782.2592885240547
38328534,2174.2661021916138
31204739,1453.2976201790252
53082885,1259.4714882775315
76244528,1280.8959337156894
46394887,2335.3917655244304
65939511,1646.2987389097316
96048217,1208.8134907542758
60425489,1298.6439364444332
69419323,1760.6364621851683
15008203,1711.813210840701
70058997,928.0527423397126
44067940,1969.2514223585272
47031542,1686.6751593974982
28929546,1760.486857890744
34548603,2114.1214135210225
36515676,1213.5972167071538
42765717,1551.3905752231594
60296558,1777.59197515844
84332226,1648.5496093798215
76539663,1883.9815024007987
73504572,2480.3025078553756
64646486,1830.6549589875444
28262602,1576.549253148827
74447096,1560.5057571795633
23247586,1337.4093653221387
99044390,1411.6673974702767
66743385,1600.813038592845
62841747,2405.8566174675393
98271312,1479.7955109441084
54969068,1806.0216164361968
49548078,1774.8389314150922
47147429,2070.189378717398
46113098,1448.4980040771695
52623517,1651.4294570483821
43618531,1879.3801106895517
54174309,1036.8908215755912
21908078,1559.1227698284042
56753065,1391.7181784279019
22723502,2842.920968678578
88620530,1062.1602543607871
38560702,949.2287579727085
66126723,1192.8320896534292
24731893,2530.8520772232473
19472558,1373.6472420552886
44766250,1346.4102278224407
75919229,1462.604202859987
27459467,1742.0401271598553
85529275,1232.915988949858
88503537,1337.614367089326
66147417,1557.2548495997976
53916103,1604.4059879747551
65299077,2183.9793926285793
82070950,1136.23057507533
69058105,1273.3149622545932
89985793,1818.7928426810877
38430174,1677.1509260986686
24884771,1220.1553672539815
37414962,1860.4843132151088
35739187,1300.8049041504958
52492779,1869.6382473155006
70409358,1810.778906893993
38452011,1511.6457655484212
43879270,1086.2851895532408
70351120,1610.649659348715
47671157,869.7141436911593
60667365,1394.0175270644563
85223481,3327.787979784449
83739939,1740.1970462697034
36389934,1493.1628868127682
84194560,1416.5968505312248
66937745,1825.0296352019543
82520946,1653.3294450902442
52339932,1171.4013937305892
19641281,2062.641049744595
69795343,1903.8478498511952
99135350,2773.1630182945237
27549583,2114.8566899803595
94476832,1259.824183234214
58221865,1902.7537009033651
25319395,1977.9933562513406
74970303,1439.4801378019126
10305170,1107.776986703173
82291258,971.8912050407985
81383048,2236.0534543813606
79987158,1286.083629499156
13533229,2037.7343386314847
40426833,1840.617140081638
79077516,1432.3577148498907
49738320,1416.1185598339252
51126693,1890.8320828500616
52635836,1831.4091780598546
46715477,1558.33519632904
82258908,1840.1061004265139
56878285,1813.6026489220615
19130210,1665.403080633738
92849186,1807.729860089383
24338810,1836.3369464258708
24758650,2245.604084807596
70913184,1881.4979741961424
37987399,1356.9117707858547
74913796,1277.193807801471
17667485,1613.5530604086964
64222955,1144.081861252217
96958008,1589.407335297322
10416049,1758.72565926188
60398901,1087.51803015037
24738469,1726.9215612137784
50592747,1903.5607401034367
96289055,1049.916309944284
38420705,1294.6526496085548
93968498,2298.9664856939976
79579077,1007.8140520904917
66828068,1738.2430376511686
96166759,1786.7475389790013
32805078,1337.8418983811694
96021280,1579.4274936312115
73914137,1271.9666113614014
38819078,1541.444820425745
26837951,1293.44497395516
86644106,1501.288314845235
55183461,704.5795371400034
52422099,1003.191101781547
83190904,1569.7601015458217
80939883,2036.4311386038212
12388368,1381.4971809563558
15537990,1303.2193556141303
52619092,1722.7340988331603
14251589,1968.8840620592828
78390765,1493.3501861492452
43497859,1960.1845206830415
18381852,1610.8450038460178
53390528,1251.863708078929
32023086,2060.099126800186
55881129,2113.8149358488663
56955427,1845.8573904834573
78797526,1264.656045611386
81441605,1939.740606514712
49418138,2497.424712531138
16343356,1670.8198825366248
50953620,1048.1973279001509
80530984,1560.5063782009981
92363214,1335.3045204748419
11505021,1069.3946907991167
10464949,1916.3181034868649
40174242,1289.7541589153973
46922794,1171.5526603470314
31165878,1710.974363308254
92160351,1754.6339990666565
97225599,1399.4401281297762
57289385,800.0661691633989
10490505,1373.3045746583125
40593414,1478.1843109900349
69535718,2153.0832378067066
29927353,1324.0589423624137
65834728,1374.4898241057203
77297694,1200.5206889297529
20453767,2087.1192914375497
38742201,1947.5700917742895
44178016,3340.112659911976
26155961,1361.1434849440518
85037563,1460.9604946370978
13481675,2199.854032422416
32710978,1932.8738473281358
42008191,1513.0658042298576
13117186,1460.5216981513822
32427009,1479.1759439860339
77926757,1623.8081733519805
11233435,2084.424904657006
16522541,1385.5876745988523
63770815,1975.4057962907043
77164558,1414.3552753091974
74405387,2246.9100312736614
74698287,1436.2274398054847
90725998,1752.4374495802806
24204802,846.2520826908577
89034765,1906.5492654154932
34875172,1413.086554328919
74411316,2466.128049661451
81157871,1075.4981665056393
44232316,1855.9184651173045
48083558,1783.4193847668805
75280463,2450.309017730027
11329117,1887.0616930252406
67082756,1462.3598449577894
11237434,1211.8338097559738
69921139,1317.7541543914442
68448780,926.3451331467716
77761059,1580.8427432543726
29006434,1581.926883244242
30190038,1669.4065306808138
28376932,1796.2696543813413
39355382,1395.1739215108537
42494595,1660.8848666019726
16756651,1403.7732208345938
78115658,1509.6401506254801
27261411,1859.5591745660804
71919180,1769.6311636733817
99090920,1557.9656647908253
64351618,1845.3880965566893
88658759,1224.048163905338
14195927,1670.9866720922546
63820196,2015.9544219552427
23866225,1745.3486438569626
50484100,2093.1061963480256
98406048,2064.8560471086
64139858,1608.7710187729717
93302980,1489.997467015515
62155483,1866.2702482052762
69791340,1811.566345309289
19631546,1197.8547267912707
26192431,1901.1305748604098
68268852,1189.4696189726885
14862183,962.3351720681777
50141937,1279.4828495351567
85256282,1218.0857678671612
11027564,1772.5710265539797
51577553,1711.5368256719787
77132573,1999.8747536290698
55254268,2765.5140122724456
25529214,1427.8361826415746
89287048,1344.3184074011767
23253967,1291.1470412967126
22644692,3444.6840848269576
32245140,1311.6886706193236
82072504,1521.037235634176
34678460,1350.4319006304872
55373081,1628.2127362513077
12138481,1559.268423487261
23632970,1786.1083691024066
44285474,1203.20163253429
88075177,2091.936540239567
13117787,1568.4260057461115
14797111,1473.5763456530065
28697695,2079.1118090645327
34748486,1624.5594334683162
30506810,1443.7221793800106
57410372,2071.4439292257607
28776122,1150.834145654602
18346451,1623.3858055919961
29932007,1491.6214178598016
82654800,2127.9650504517163
67038086,2165.349806001374
95282943,2024.517775715167
90723621,1517.7182713481584
37760202,1670.3609679248123
97077656,1566.2110169304747
67823833,1082.395411316329
25222231,1789.7222137017047
63451552,2306.5874785947844
66552053,1816.8154945462636
83488554,1490.3550249560951
24886655,1795.7422701616947
83798512,1169.3732315567802
46152763,1077.119541600758
96015866,2506.7781309118564
51731151,880.5883566409155
34899750,1773.7740402931768
55529926,1379.89532365886
95405536,1281.9344012932593
29288544,1438.3453386238969
50076589,1408.1630642284103
37886285,1437.3733416991424
69818934,1798.6430374600732
13957412,1380.8114728768346
27493225,1988.098341212187
81186892,2103.7543731866813
72734336,1027.2565216835637
20148129,3768.8475700701456
23391747,1058.742491839862
45833590,1176.6780149512238
85777842,2655.498667120927
92975129,2237.546179928914
33382289,2567.9463770254033
95953281,1447.9257769414269
60074802,1936.8158082412415
23912733,2210.540039452281
31346779,1508.421037829809
25605125,1570.170258882854
96288207,758.3161496126432
44535745,1555.8776693451516
16008313,1620.882999747325
91365542,1270.3164818291962
67385764,1039.8817232528163
31465116,1771.9495583767018
99474816,1365.1630977645698
26141909,1539.2042751786682
72548314,1686.4937679265126
39043955,2166.823881466391
55963655,1317.0486815943539
54632315,1786.1119640956697
48726285,2082.834234211628
76251227,1813.9992341727418
83562410,1383.8408493816805
93775374,1588.4893413665823
21446329,1514.854561821034
37345001,1542.3826810633786
49628614,1458.2147676648156
35767914,1654.2062199916093
10876536,1309.6315988463448
47339936,1216.3348655878722
89347542,1856.7764958096434
22457603,1826.130085662889
77199929,1444.5489913406743
46378399,1631.8443853328702
70602262,1526.669560447406
54666534,1761.6160607686725
56421405,1630.5628216803116
97652177,1654.7799947641481
15442637,1499.8010529495448
92360497,1739.628868257672
16847908,1750.7365267172006
14220385,795.0394945376707
25905603,1255.858429029487
58331647,1181.5844970095975
22292196,1823.3662353050322
37237832,1266.02434918428
33009500,1042.409925639046
12533428,1449.2707948178315
46939545,1829.4557112903854
41868505,2383.906645144479
75616535,1825.3140746423164
73878512,1485.6020432008597
67270933,912.2547306878618
98281662,1182.4283902989525
66553316,1213.9063822363348
34303551,1638.0472408035278
82645628,1119.9470485479724
57257821,1870.3975251900522
21288888,1779.5727305756225
85963653,1295.8905219331302
47876249,1104.087263652683
21439489,1195.9881854628204
52566254,2304.5023165217867
57084214,1001.5168396501967
16925768,1311.1624330065483
32782035,1788.781205899225
31791186,1179.7588084916047
62797819,1738.5639205884763
35384978,1361.2063376022818
21945105,2041.9836244054582
81557774,2183.9304801738845
85407739,1412.7385250424932
86085126,2045.7554469532874
95296354,1452.77493561841
90881439,1605.904540228143
30757344,1842.0619363529702
48457713,1497.0211662490406
89571542,1554.7497457849342
94067050,1314.697471764032
48271561,1536.8961041453056
69357732,1356.4698087053562
86325273,1174.9698840738783
18152649,1548.4976022855606
33899410,1787.3545678160262
22781669,1530.8891978847969
17283281,1164.0983404156912
51785872,1490.823784326368
33104833,1980.9314759020542
91682435,1317.503669968249
70713314,1575.8295679762998
13110268,1109.459634935964
34642793,1359.9869356223141
41694899,2316.6577121314226
86278349,1005.3837628920293
11717089,1166.0220726121574
59185456,1240.0132692256072
59344396,994.6121377583239
89922228,1670.7920558566316
62027210,2166.643039796632
98523447,2361.0755890108276
77330146,1971.0457956481043
78386939,1745.1604985505055
66831282,2032.1459362584887
17596778,1489.4515713918747
72290481,1227.900368401134
31606355,1222.5330851841718
72940683,1280.3257455777343
24736121,1286.6674770642855
47814214,1768.2249720648583
39410982,2458.468437981202
44151940,1649.1793409538304
65594908,1375.0322004344168
79125454,1195.73351988579
50322107,1464.8587560450032
76200003,2435.0241018114393
85059302,1027.720342008535
95450721,1750.172026322469
93253826,2054.3359052435935
19723778,1097.1178621438914
35980406,1479.714132626844
67285479,1329.0628879375463
68864075,1637.391738824393
37422791,2163.176975244572
73798025,2216.002907683155
97232135,1575.5082643931523
50064513,1489.1045931434203
75638682,1182.0685633742874
41937405,1576.2092272489824
18443662,1524.7329154515535
68899727,1928.133343331556
18388313,1807.2840428949653
69521945,1398.6327518253142
31596715,2465.600676324606
78472605,1744.6036725232298
12713963,960.9992854530412
46768823,1327.892344619442
27538097,1165.353671767402
89955366,1663.6444613929955
94081889,1234.981271467787
65214899,1366.3593173046163
95205973,1980.977940233676
83140994,1558.1556321918758
69014391,1825.6809393518975
66919280,1326.7836634674607
86299194,1766.8694880754338
14394397,1464.1738965710854
88465251,1936.9599603401055
82447513,2598.878332985705
90676745,1350.015497498467
61229086,1430.2609308469946
30557316,1124.3480784099083
48578361,1745.8618594903523
29085329,1725.4480338146038
99539415,2708.3880582603415
33750162,1555.6309945527526
51880900,1805.6289207285795
81942693,1446.0883478220649
44828087,1371.0917589659698
80752087,1388.9530013322428
99218652,2944.568640476277
37433425,1082.375948275161
39115683,1622.1708958690774
26601986,1379.4638519342166
50469308,1288.415010192639
69872975,1127.26848428735
18483245,2247.6374266237076
12588982,1404.2653817229584
79454705,1072.6013597254928
76523232,1272.4748762233255
96131595,2022.5120608585933
99680250,1386.8002066913957
82622915,1433.2344211189802
11290284,2637.8678994569814
80057162,1557.6975776960921
72165316,2342.579103567028
79751433,1243.2635250030348
33215554,2884.3989019858714
42852506,1332.8509647932476
56093872,1379.0082096017495
64167041,1502.7852493664966
83380458,2053.850387222835
32651438,1408.658516218629
38364846,1504.0590713107172
74621857,944.9692513296558
62748794,1873.2665895624623
71435421,2080.9312240038585
76163868,1808.4368815165133
14677956,1000.8965577511416
48283664,1216.2876745069775
93787027,1350.5294560859309
75353617,1389.1795471221885
44130726,1762.7113444356567
75634285,1805.4912628699826
27969925,1509.8606698797366
34662422,1288.5212403404892
46428766,994.0472622571932
40279741,1764.14902256332
58991338,1727.37352661737
52295288,1219.1027395379551
25429358,1303.1331481757572
91223525,1526.38313974931
80429592,1447.2449757729999
36010937,1271.1699902082137
61652867,2110.527481869563
34655678,1298.4717337343493
32281319,1169.2450397792798
74717544,1041.7688146099736
81780208,1270.291407778355
74117270,2124.2720095433165
94663011,1760.7812448498482
18715534,1755.8004262601808
89926226,1473.2839820942468
31441075,1985.7002270541807
85656066,2360.216936475978
63154501,1485.661045993252
56954947,2172.3452377159565
35193891,1762.7971275107964
68045567,2158.6637049679907
75523548,1839.9649288929722
80044768,1348.4439683757903
80565568,1510.8144081557705
58680458,1305.6802285488006
93434632,1390.615472387227
38164915,2022.2306612566724
39561694,1669.9567425655944
23940974,1965.198420889494
66689621,1794.5332973544046
91586014,3016.3456470279893
68610549,1900.8870521187587
44648566,1706.3794223079406
68443861,2616.691651131222
95300751,1441.3333901072233
74650313,1466.6616177223884
78190939,1827.7385829185653
79583687,1453.8305928192804
78744133,1409.3334985716167
19424377,1076.3973597660417
74426958,2283.4237407844903
30714675,2075.0420896634173
20297631,2486.5155953183107
62326689,1791.355074051307
72851226,1988.6259551756502
94924877,1701.1331438744999
39912297,1999.688191404778
50554145,1063.514980737566
51964385,1213.5679208735355
91524053,3195.8636153154885
67059408,1034.9383326390493
13707505,1873.6685749617309
96336923,2311.9734384409753
18937921,1332.5577612112702
23247466,1952.7313269356855
20718626,1260.2515381173991
62001591,2713.6737356823596
32183930,1874.2889242251174
29520078,3485.1460743427992
20246948,1648.1592185737536
12865925,752.9420666113418
75414040,1672.0001011369668
29805887,1902.2058729447187
91828173,1431.5826045064612
92911827,1884.2911331161465
21259879,2195.558851386921
27730704,1094.4152429107285
10805384,2552.387374145992
28772124,1487.3325897920154
67895243,2197.41458130888
70282510,1848.063379072878
76926492,1404.2130989006728
56029416,2910.694529858169
42166025,2232.4938053659757
88855559,1547.0928182109544
71679738,1238.2662862209233
95011645,1217.604500436755
23391388,1378.4906529150041
97276431,2035.463489404343
78499453,1905.1463246445037
50845143,1596.6625670985588
63593365,1687.931428211813
44645094,1404.1829736978098
92805008,1487.7754978453122
95966284,949.0922829230187
86968525,2079.324909204774
35459557,2917.743696828598
16959595,1836.1888425212926
66852864,2284.158056722109
64976874,1247.2231971325305
90803282,1957.3451627708466
32597480,1375.583575723434
22525205,1340.223652521709
18357388,1562.7726031553143
55224009,1477.832952733891
12066751,1374.1231248499819
51600054,2379.0045783524574
33097870,1939.2822629191082
44165189,1775.8582418753329
92174554,1823.8146902188037
75685484,1800.9868840858842
79648156,1086.151487066269
34473914,2375.0609528932137
42069298,1129.0580606303115
24749467,1286.350926436529
37024144,1674.9579891765889
53463208,1535.074744453818
61035399,1267.2623643951315
92975059,1075.4377499151954
16258293,804.3074791969493
80353068,1145.2602582440916
69637564,1488.2704317886082
60889557,1729.284684601324
45682120,1527.892297463334
62566155,1589.273661998557
86829598,1272.0550529015707
77516810,1708.6780784135942
32602883,1560.8145382315486
99658649,1742.8746754197857
98115366,1602.4476700604466
40551984,2190.068024278397
89171680,1700.1671023528038
78104461,1358.9672850065294
80805720,1868.6242229535085
44701781,1344.1813093654705
32357693,1358.1605343914189
16257080,1936.364871898908
63758432,1562.3382982778521
86560064,1227.2001569455772
76704426,1448.0662193492947
29021087,1848.3029337640796
30903210,2302.4866148702304
59650055,2052.0709167127125
16537007,2406.218831337895
44043751,1377.6035301500542
93550246,1163.9338878968936
74795536,2058.999737689389
36252893,1674.690158796814
60712266,2225.3726401848035
54795015,1881.6155017899239
59038432,895.3627736802648
53101267,1300.7966406061096
96137757,2674.557423078343
61894184,2217.8297251377253
56980533,1410.4719668131286
40911725,1072.6982664622396
78253728,2086.4788293798797
46517280,1019.5320234165608
98578100,1690.6066095763522
92998542,1228.1551013918906
85778453,1471.6297765687689
67897199,1333.7960313727242
37385434,1426.9424731739548
29978687,1003.5378945896537
63462293,1758.9509032064204
82610119,1590.5241063157562
11195863,1783.7966929179918
22813157,1566.068571485494
16061850,1641.6460295163986
25000757,1364.393262131301
23839386,981.5955715082687
62901003,1909.791339355745
85332734,1892.788364397872
41185457,1945.982201438439
32349244,1418.2890706595106
75213525,1926.7928953673263
24267861,1193.495345804242
80759464,1828.420098929819
38052934,1506.37064702763
36983078,2382.7610160229706
48438532,1152.3829700883482
98811621,3044.6159848976868
41602835,1325.532664263247
79191702,1505.8878249385211
91526426,1420.1712648703951
12436955,1516.8296527928105
35460655,1013.5185763883667
24893618,1375.7446283983672
12318894,1084.5696788240123
75385870,1672.6092821001098
24016887,1764.2708268611937
93798376,1443.2392353745724
10041197,1962.7779848565467
44196192,1051.2193262014312
34259961,2002.7685269535277
79360399,1540.937106905564
90648365,1804.6163753247515
32784142,1264.156509907381
88014206,1780.7422675884031
47541115,1911.4534096961775
81087277,1464.5067553584715
99414879,1369.96803228889
96312378,2088.6238245860673
45292998,1805.4052951210413
62464969,1147.133378432759
89056154,1702.4880805277908
43815757,1265.8690301348615
36326737,1139.4388148432822
66733240,1170.977941588891
82154113,1115.5342927921085
75774127,1348.411876724149
99633023,1925.9011635946238
54243966,1566.8499264930456
21507777,1413.8262608286923
89526022,1252.4450293094328
35342783,1562.2903356684992
75576574,1711.8502228409702
86207238,1691.7526137392456
11999604,1231.640612253027
64241630,1215.9283245959668
49681885,1406.052556586782
20476163,2121.155066779095
82534020,1405.7987485383221
80449403,1420.5759298572084
91978419,1454.423217318798
13134274,1746.2468728680858
30921031,1193.8509489656674
35948510,1125.0301401386262
37862013,1074.6969423103867
74364264,1642.2194523628614
73089121,1644.555246999256
71120219,2102.125407453146
81357330,1655.4040612600559
86696339,1752.0282285790388
32694372,1200.1489037191686
86397240,2638.0045743462965
75410743,1703.7116769438212
54107967,1650.003687456995
53182244,1249.6775642423183
84949062,2264.2705578484843
17578514,1490.6131350842195
66553240,729.7136632873885
78244783,1128.5319579053044
85750494,1408.0136562186883
26835204,1369.3893514282886
25568634,1664.6317994351634
62833472,2185.7209783192366
89441409,1913.3048999891166
30957350,1005.4434789492971
83492659,1068.8431603615581
14123667,1494.7775786017182
81332426,1322.0268976565237
75963486,1388.5954421163729
97473965,1907.438222303611
52550411,1074.6559008220256
38852859,1074.670997990323
86945814,1767.7333714622182
99213841,1951.383709380882
93296884,1787.4352095885504
74681265,1321.2113924374437
67628381,1932.5490963674313
53194004,1943.02881320571
79129949,1336.813145740966
21417992,1517.2606637671329
65584374,2008.068831884448
83994457,2582.3780129474612
79552394,1273.751526581727
14169455,3603.4961701667344
11006346,1644.957713911695
55920445,948.7205826181482
42183979,1822.1785029878163
27236753,1972.9752641844648
38623845,1038.2702931852762
56539617,1477.6770166381564
89514584,1136.851989995522
55800655,1403.7883059946028
95341263,1547.3572860934887
90170967,1241.081993662158
25603899,1674.8973600113688
80752063,2244.894294057691
74272993,2139.777636941607
83204984,1407.0936921668967
56041749,2024.7843478603818
99929710,1519.6356936402076
24093076,1288.8010281647803
76171771,1595.7056579470325
87313105,1878.3923234762976
13150529,1866.8423005869397
85314779,2028.0864618585497
23218937,1608.9086624226723
15797769,1355.1892210284566
18451890,1245.327536563004
23712138,1351.9585636417141
40201741,1466.7279915669685
74044702,2063.4357359667015
91758728,1566.6767829387754
41605529,1581.6825979105045
30345669,1493.5958452309385
72490311,1493.7729951497372
11341429,1542.6046681499765
86562367,1543.8049941078677
65741146,2354.1346709040486
28059650,1624.6083624441317
36854120,1376.9754685527066
70514815,1543.8154298984646
28991223,1972.9724106932842
34210782,1822.1207603960195
97420540,1729.052300523403
53582966,1811.718226980384
25471995,1386.633062172312
40521306,1542.948940125902
18442744,1844.9607035446245
86475933,1906.7613067593015
35156621,1956.258097322621
92398280,1679.376098594786
64419847,1631.042907514892
27879667,1884.6294219002475
33454324,2086.4815589033064
78234554,1366.5445903433802
37295459,992.3312615443613
76464828,2158.439239501377
89898019,2564.7183626937763
94459827,1837.400385466488
30672049,1836.999504459669
93226295,2155.976461979574
66733496,1079.5366154911683
24799537,1758.452614581834
30909458,1370.3435830939854
20815913,1622.2670829023225
77231006,1088.691225895754
63770561,1312.6910057742325
61281100,2006.4179529629005
25443496,1026.5046472536906
90941407,1227.1163385255486
85217471,1901.3732755802343
11330523,1569.378663423811
60135515,1400.1374454490028
96537329,1628.7291964506562
89713236,1581.0872487457973
87856838,1924.0995582287685
68427758,2363.871453372431
35697471,1536.3245268606058
30758105,1853.3745366439068
66828597,1342.919852664891
64179941,2645.5164567608567
57531913,1670.8152778360925
82276369,1662.8703676405044
33117908,2223.749661062551
23807930,1761.3271459138628
58313771,1375.0496125508919
86361973,1480.0755594325199
54136725,1211.3958885160573
80609057,2033.2648713107124
23386046,705.1212628477848
88923790,1432.1313139054705
50739054,1485.2088127476243
85701835,2728.6286029093253
11164690,2179.0289033653503
60686704,1432.3219061692537
56500955,1308.8611458749467
92377094,1233.682511929715
27377686,1227.756736678512
14820376,1387.1050441796979
24454653,2031.676349979125
49068691,1510.4220342709805
68870887,1689.5251054413914
40404763,1618.5392706500086
53993271,1585.5036982950905
76624283,1543.1832539564064
84681113,1511.1708762172657
39182711,1394.7616268956758
99418549,1599.0181982272538
54009403,1059.550481823261
15732665,1358.0760423070617
21105712,1745.4963260686425
76841454,1198.9657207015493
77456803,1373.7950027339114
94681649,1835.8373434500872
42127705,810.2982084241867
86327920,2100.1693110915917
49706768,2297.32006926714
47210863,1910.2748292006618
98862874,1070.797760354248
80625113,1618.7219919228057
13147967,1437.6000158742281
79644262,2003.8798820449563
40821766,1215.9607508208526
38964351,1446.28571748968
80037468,1683.856812595489
10709528,1357.6682515787672
14006566,2767.19753856356
84355937,1177.9298009826587
68139676,2404.0055420202293
51613745,1503.4735495696405
77042505,1926.0717389364297
35307179,2345.3292954305
43137990,1396.616842315434
60366178,2057.875271652424
28449137,1708.3442498576194
54714633,1150.81755538701
86469326,1367.7606594737429
81392986,1914.4233420003447
94816275,1405.1497930344956
20992851,2226.5504490251437
33220037,1869.4585915481782
52922027,2141.573142905732
70522751,1884.7369489010327
35179027,1668.3084457878074
11006610,1375.3587232508655
97027045,1515.71701814107
60842426,1501.8468865544448
37962781,1678.4306673503095
57446778,1357.123281745447
46803142,1822.7077408333098
96412152,1396.7169522324784
41948607,1411.7971254815345
30401183,2401.6718432038156
82446721,1488.9174675908046
98640166,2386.2474370350224
16426411,1476.5380284176524
40919986,1957.1270344768952
34959842,1412.2580317332806
76545890,3265.142685811939
38671669,1877.5053340594209
74577885,1860.5094072768968
77894868,1544.033108847626
44132106,1304.199384518758
13303745,1114.0406609220752
82202428,1095.8433044026349
69359286,1724.4553184881584
49249118,1778.0043939679592
65186472,1913.3797838647101
86728284,1304.9197500665887
89113200,1778.1258965266222
64085288,1192.2163751813289
83095293,1745.593533178887
55834975,1767.3542453367859
12408851,1571.332913180517
45102161,1506.7047308941278
21425066,1263.0469265489296
49253416,934.4459924422972
91720337,1933.3829655833756
38125202,1493.9594698086619
76716879,1557.9942827797302
75093314,1068.5260808945839
94720863,1280.3766099814989
69306868,1433.339905971785
78783123,1785.7129941882854
31503266,1384.6238070860597
51221256,1332.4865299025405
36978860,2268.3406614422624
77102844,946.7496813566875
85218856,1571.4222770181573
64674000,1537.5216477653742
71928536,1518.5896543845222
71632516,1588.6394613007412
44645677,1609.2360629290358
27089889,1940.1460417956353
85001254,2031.8670965275833
80789294,1478.5578628568817
94921905,2236.235482738603
87557595,1661.7586943903227
27812172,1173.7925647327756
70326518,1787.974903748367
76820242,1347.4558755330984
37798149,1552.8792643284673
95689974,1439.6809148427124
86698149,1589.963868474872
82332389,1488.1611256897186
38769988,1130.39848684976
62104171,1397.63028474784
20008764,1329.3733447291224
88250848,1022.237922548497
99989436,1858.1042102702052
20654244,1493.6479220015904
63645129,1476.2751028414714
66237213,1260.0125486846584
89366030,1712.6054242304174
43885604,2808.8842969068783
20777495,1787.461319800828
17630232,1695.0833149321647
41034819,2068.844072753894
30863558,1537.8594148235693
30990096,1535.1958783270807
14528263,1110.0507968128197
38046616,1924.3122140657838
21720690,2098.482595149432
41971276,1346.8087150214467
81966182,1511.0799770896278
81876034,1246.792633190238
23233042,1235.6127971075166
59959368,2416.8518927768014
25429816,2149.6488237589933
40884180,1437.9335532339685
88955672,1537.3466363119358
43077536,1779.2993100957833
22541133,841.7070898677423
98515757,1953.3880596734125
96170890,1571.5005574173672
33994765,1288.5358300021983
91089578,1793.3062851600976
38840418,1750.6862980658739
92439017,1372.6633264791242
30192634,1666.6231075506366
30769461,1423.8728811881922
80205723,1416.7719234273088
55131937,1910.4619627063303
29185681,2953.0268539692593
80773149,1346.0501774384209
84757256,1269.8441578535121
81505232,1386.931360665615
57555020,937.0227169375336
70106520,1446.3299118183606
43240131,1703.9003975105763
57158414,3112.759416247234
63966023,2307.397481427615
46075950,2333.4308218787037
47516649,2121.699734251017
57203804,1628.1900797085257
99285503,1438.4714501005856
23511969,1111.699939879859
78376646,2102.1455287751483
48884000,1415.3635141489021
98727752,1259.6876538212548
82907215,1917.6181870667203
72719170,1461.7575794712034
39149918,1327.007185081042
85435767,1507.20934356698
54111802,2058.6031321012524
92599919,1309.5478192981736
24226064,1671.0998195791174
96829833,2218.500747543395
27301621,1328.631137721566
15887246,885.4771900740227
51726302,1073.1894402076737
51260265,1775.3855510093997
45934883,1575.6466580918686
97289930,1753.8732470327188
42847093,1199.0279037486166
13695159,1227.49979525304
21664737,1354.6788790602209
72162540,1381.7365926081154
45972276,2129.6230267220144
71222059,1656.9254767638029
18901787,1329.2799703825253
64794868,1453.9717767352279
96040179,1282.309111214004
43891507,2151.557260900428
94649367,1339.7837774508732
85490151,974.3122527314171
51948440,1100.946360360185
44237958,1044.7279760192978
97658202,1304.4419396125304
77699657,1140.3048586259692
23252427,1517.4402076284202
10697423,1422.2060666413156
99095154,1699.580314719542
86344123,1562.635237564098
32740825,3005.7040602639777
39699187,1553.8755994299856
79334316,1333.4629217326
13862142,2204.7949053972034
95022546,1315.0347730223755
85671131,1511.7449414901291
13946093,1323.6922123970062
71911642,1603.6271670335175
74557358,1652.3168304759693
76424216,1756.64319068055
60569056,1292.0161394120514
21429356,1623.340072536985
37147011,1187.548380160772
22363795,1066.8615115435518
22711721,1075.4205057168535
32781826,1605.8325991290208
79919377,1514.536715665231
95950869,1113.8918597437448
67975454,2049.762773553408
61846310,2019.855380585788
47190136,1480.702971246703
72140487,1733.0266921594261
33356353,1671.8946295092699
57558815,1579.7626909536125
85765913,1909.5710245371654
67405346,1339.3391866089335
47178751,967.7914026198755
92743619,1334.960665065532
67809997,1737.2924436010715
95649734,1614.988671048683
35761786,1679.9289881766829
20333506,1037.8658301737792
39856656,1810.58602560479
80659941,1970.6042212001776
72539676,1138.9248631368264
34808508,1517.407964536009
18684795,2093.041344188995
60926773,836.5178215245663
25343604,1555.9898532798425
85280076,1299.4291470245964
51516725,824.1862012392336
54359603,1849.7842939989935
65763192,1817.036076846087
53926540,1241.2653649318904
77237054,2379.80377794158
75498756,1720.8850370249197
99166662,1107.3668884775836
72410551,1236.0268827866635
82923327,1268.3942488884195
46066488,1483.061645087179
33059137,2080.26295288301
51480279,1306.22131900137
19373977,1356.7200414950662
90715980,1278.4902553280806
56492794,1330.5336492274205
46037369,1307.4168229825136
22743995,964.0472120718367
42553042,1333.0804848467044
36975311,2063.9804866260774
75351486,1204.3577183852935
30981897,1723.0292945736278
35580501,1880.9017747933553
40483549,1175.4850908748551
64819235,1534.727325848226
26688957,1569.4663575947877
94904538,1720.795311699746
46754012,1643.522674818339
36796857,1904.5240492708854
28461943,1868.8225294955098
14026453,1490.1456309031237
69053024,1716.387289227165
32733126,1852.3300807934097
40931025,1626.9542710112796
19427950,1651.9101572341392
84597120,1164.9463336965466
18811334,1314.1708151896191
78324699,1622.88356846471
77953974,1994.8050775885717
27862041,2341.7510369662364
37247191,1509.965093550111
25562317,1912.2236861847473
73172608,2407.495190105112
33104896,2173.111098240158
82319650,1770.7827797842835
21799452,1499.9204858396934
64888946,1863.390467902025
97264595,1897.9424895863897
10429454,1096.2107435206856
61575325,1233.9212878701014
56897257,1509.1052787439335
37059519,2446.7842275807348
52110520,2772.189199374788
81197632,1817.3794974676675
78041929,1487.5059678229618
62481600,2844.394963376416
79068390,1209.31252896888
35652591,1420.4341064202818
39694436,2320.38590838834
95898355,1689.086324738364
80006639,1926.8410153794305
53958546,1091.189978128114
58986255,1069.90728182405
35034634,2045.3311758906302
21845497,1902.616659069476
40578913,1384.6119913220668
52684708,668.7080134091516
89834641,1560.1729839445884
65511611,1108.9728046092507
65731676,1935.8081040508928
83770991,1521.0065911612658
56280602,1427.0904133497163
44140498,1709.1667133564745
52748496,1927.9089373533584
76136540,1349.860912355823
35483441,1211.7317936160225
25193108,1701.9527101326794
27434478,4131.189840217576
84357441,1749.64430373365
70840263,1626.6744805476897
45633382,1867.2273151379163
68317032,1907.8430292218727
73465107,1329.657564007867
24929921,2056.0254610783086
87300428,1944.8919298814376
69871020,1359.8663033969708
23755175,1272.8723755446952
91971062,2949.48277237644
74483617,1270.3629675338564
89642342,1357.1525017058684
33276861,2349.9787873859227
18861332,1391.308871089677
77211245,2045.8140959006118
52041127,981.6096890043167
95864050,1465.096951138809
82528777,1804.4475359191226
62702832,2885.5675418173455
24146181,2024.0505754475953
90263367,1620.0038169808824
47033948,1345.5614706449471
97856612,1818.2388741280586
73014333,1331.994826464617
46731094,1354.8986580140588
15781171,1387.1604406143074
51156245,1758.2179061229338
85958922,1046.093846422681
52550761,1212.7578751100677
15567593,1601.071635325187
50279318,1014.9811830844253
88796422,1088.1100749085638
66724358,1230.996563164193
51443999,1709.501071784493
32661637,1470.1662425457755
12999579,1339.4057092946978
32460111,2129.8068965411635
70354263,1690.1567662702214
99768418,1522.2536739368875
93597400,1748.3812379791946
42968448,1007.5103981552876
11447851,1590.0842446633947
76146411,1735.0666900662825
86917958,1790.0069361868
57526187,2035.9295747339738
71062405,1586.81816806626
72847399,1497.9733955222473
54891075,2182.1749809898256
89841901,1720.13841442869
90056417,1417.0058501070175
77892346,1146.8365431139728
31627402,1278.1811715406593
78864638,1390.264888253673
16022883,2723.8794350948156
21980955,1855.5497168270315
98291218,2219.4342459563177
37406677,1312.875245849737
73253470,1345.8891599257488
80239984,2223.0029209798167
60323265,2032.1165685407386
93655248,1242.3427215872707
58796215,750.9521029037578
94203496,1771.0842504960883
89472702,1551.9130180325662
29142290,2112.766447277962
71021568,1261.2958686944544
69197364,2222.2029800833716
67499939,1985.3537317531043
51780875,2100.824651602553
46941857,1567.1127700236461
57911836,1357.3289234687163
38559875,1826.877443991766
81398050,1735.0610217471342
75334315,2495.6065517364245
59308610,1367.069956714921
16247087,1861.9104771364139
43247285,1772.2131617431971
45215633,1826.7004242452738
40481058,1761.3364168871963
40365284,2656.057263448566
92836079,1602.7525293904491
70303716,1489.9386736277659
81749724,2894.426179411818
41853820,2023.3158608462845
81440480,1699.7075007274204
84996580,1805.5312325419577
35919442,1397.451761176445
19046260,1971.6419273931326
90423631,2106.341253788216
92961031,1961.7090085690734
89855372,1967.4961040879668
77816576,1933.889855483007
12194715,1437.1039873634852
20115124,1968.670140139148
73703358,1617.16064051584
89792966,1689.2148981283813
43706254,1467.5679095547355
70266281,1583.843761564634
78529732,1595.085232332944
31638825,2280.6316957891477
58167471,2001.892788427663
93767960,1846.1387827847734
55879589,2142.152475676274
67388602,1672.327601071664
86008328,1329.4006366559368
53844650,1304.9611211794718
86660948,1907.653932654024
39941650,1321.5601916881214
44395757,1787.670361224004
81989533,1458.0817667732326
46504700,1267.3471659804316
39402032,1210.2871182424965
85919943,1107.474004520598
80733130,2018.6835580459747
25189661,1534.5761939011381
14623666,1556.0850546459221
70848155,1672.8256276796326
68571484,1923.708944476834
51228995,1405.416342602515
49683485,1653.0007241486041
56036763,1518.335434020668
32459332,1779.8671769025716
10860915,1429.052929876119
43696664,1623.78036386587
87941364,1801.798780506315
76183083,1451.3840091691181
20966309,1816.756361753931
37699108,1639.085004607336
55952526,1176.9998919052503
15616438,1546.9906485786355
86514240,1747.7265028438771
92945955,2452.6824633403007
63145934,1828.4163116973455
58853662,1368.5050361913434
79304271,1405.206106029541
24276255,1555.309481769621
43245413,1587.310217791453
59024690,3083.244543577048
13551336,1858.403841741905
44848614,1627.4645354352026
61087377,2014.773172987293
11885900,1544.871388657184
92535927,1208.8118192843863
21708152,1644.8384210666834
45352808,1191.9218799833607
75624156,1398.286746473006
32001265,1289.145762963251
20413825,1411.2048287122548
40305802,1658.4201229803155
61861688,1248.1399702041062
33441351,1529.6001277872729
30365812,2026.5459984265517
43625038,1410.7045258612998
40659534,1270.7653855319802
72885406,1526.4362668344047
55817366,964.9714374800342
78604997,1081.913050674697
14364198,1427.9283627288182
70814486,2666.766656431145
71030650,1217.8880845052436
93257457,2222.0831375004223
65515227,1197.1036666522489
23048185,1575.7307811410142
64021401,1709.6797065750577
81601136,1295.6437675296563
60464050,1518.6745155212352
62126832,1312.619354591488
76122802,1468.2774668416973
68619547,1298.908594044657
69931017,1877.6600632380857
52039321,1371.299805602467
96748453,1452.4859148443738
40650345,2170.8110065518376
94190496,1330.597159263903
40034795,2014.244976213255
16725203,869.2510618253974
37869032,1998.7930864336731
87784983,1389.4236848682478
67445694,1331.4840589889504
44138052,2147.6987134994556
56359862,1982.7073553745734
27113776,1731.8501582016706
73853459,1309.2997828053026
76284169,2529.419393758312
42581373,1874.3704592535125
74617250,1201.5547456069235
29606632,1825.7387448616823
22328059,1606.7861811133916
94596005,2176.612992832521
73640300,1149.5926696586662
52511016,1480.1064859084856
63643579,741.277264916378
73979691,1895.9026928684968
76806109,1054.0860340254383
67084872,1409.6326492675048
94616960,1088.021410057477
44018639,1164.1624307249174
10369424,1936.927906711405
19417264,2419.2331202492082
77137301,1546.720117177934
33598935,2294.690227094689
81379316,1791.753613960644
67627945,1531.293321679958
74067952,1064.829012852477
54161507,1249.9952497074935
55930611,1351.593427121575
64919315,1948.7905672273812
92109871,1259.8355907427492
88653847,1390.4040103977406
50331596,2179.7950587343807
68139580,1315.2372185688907
80241693,2648.9992404601644
74034028,1872.4555187820229
22712040,1581.8540278707917
18212521,1451.2994558649061
60434302,1602.1814057248143
45427525,1185.7417336060175
95853311,1352.0259649410154
70857259,1795.2091065746938
81477083,2218.2279240926073
27723524,1950.5456696403382
25206032,1284.8548587623673
12102381,2425.3379498858235
72428170,1423.0393935844238
27672042,2217.93912554307
77000429,1767.3886324474702
95589605,2427.093100363189
44647376,1713.895361597049
21338536,1211.8381614550249
13820529,1626.442289237702
24568041,2269.6799453070466
90117191,1784.7606341101418
45800664,1588.4945535632833
13557339,1807.642078250007
19087413,2342.1263898733514
11616417,2205.6456970606846
22015830,1494.9076904845015
42617304,1204.714394918499
72598754,1493.8000373990144
34839793,1395.7007310778854
77660297,1442.693451466576
13706769,2761.390303928118
71694094,1836.2219031481484
26712974,1173.5144036580073
11161484,1429.9798332647335
92404281,1098.209777001018
29267516,1561.7688383074635
44574998,1555.547399696804
66291057,1071.7054867315017
13701175,1640.5221393203383
24177160,1877.811323491707
81405301,1339.4391573123673
11589439,973.5208144681928
17537269,1397.512597857313
98168887,1950.2181420709092
57508409,1927.7713782573253
83408387,3251.4102912195626
43301435,2188.181416058575
49258344,2433.6185206708747
98631322,1241.163773107044
69659096,1806.4489510219
99106028,1217.781269867228
37856658,1969.2027973091351
42881579,1153.0180433082473
77859891,2589.0796023272665
81041727,1109.6198406976469
47217829,2444.5042368547934
53083229,1545.7238248166539
79619006,2043.5985664524228
87897995,966.4601960111182
17964917,1140.7880038773108
80568888,1113.640005573357
43042929,1313.1327001109037
62796073,1932.655458211498
61083401,2157.2433290507474
14141477,1450.3874561904595
68306110,1786.7644621144052
43708354,1756.8109515076287
73883907,3981.523535860633
75966104,1866.4156143183882
55672599,1290.2681780952053
14917596,1632.392226144888
65294870,1855.7016656493454
14049454,1657.0275415869298
93295381,1623.7129152969667
27730907,1947.9561367747544
52543486,1595.215039460469
79427440,1414.420687155338
46627987,1925.3109250968787
63096372,2046.7148695122705
21047227,1509.4872181312282
94588817,1631.345512271045
82925355,1696.0864602059778
20239710,1439.987201517067
66560522,1352.7941506394025
34394729,2320.4868836253277
74199492,1462.4768252842002
59577067,1345.7262058563417
69919638,1365.219148609828
46718033,2188.9132311665144
84917912,1635.683132177637
31599665,1212.1337501343914
39056365,2649.8538615130656
48895978,1327.5838872063746
47094246,2043.9930125675814
19549587,1041.3351654415326
18563899,1852.7228302688804
81642903,1383.584630773656
12095543,1463.1895648801012
67140026,2227.1445172694353
11054636,2100.6123792138605
21698635,1905.2202196774383
23623849,1899.0145068704753
71392936,1661.9969509568473
83425325,1955.4040448476687
14553390,2282.152818412884
70274030,1147.8399664908945
19402442,1238.311250977817
11041677,2557.893725438668
77513563,1454.2671275856637
87335721,2964.1164398266733
17466406,1385.0984959548782
11267365,1655.6915734066351
89144675,2023.8992144721985
89338457,1351.0937389775474
87803439,2287.628339357986
20104582,3496.507686744784
95781089,1226.1356163244116
66358482,1322.5840965502575
62863016,2419.082917207773
92557337,2627.942279003445
10876766,1283.3086777101055
70473205,2312.4359838381183
87569671,886.4350809549259
61139578,2711.5676732670677
53121878,1604.7392512031824
15430462,3324.1034776548186
67332796,1253.3733024818987
75641163,1700.2498576458506
23552924,1435.0616660792955
56332291,1299.9539956102653
83472051,1638.140434456074
73213649,1485.7903448806942
47802315,1506.7771662160737
42459098,1398.4691179996057
59654537,1772.9733346703956
49312825,2006.3340225220027
80983900,1806.5550058298481
58178507,1323.9682641428244
50382416,1924.7660745696915
66073034,2043.6958878844785
43848284,1457.0799587447832
85092410,1551.6903794071225
22321014,2418.9241696597346
31162245,1392.6555994557598
26802981,1084.2209343381082
89737386,1805.1660719739932
22704344,1664.8008427100476
56000373,1850.623674266509
96310766,1163.3788589078656
70324095,1984.2912089865922
86441629,1326.5862099846427
12514793,1310.8739771280145
89583392,1663.3890386516337
36498032,2443.628507932839
22072881,1122.9886549542211
23992589,1039.0523471182917
25380807,1115.8866923891483
30026993,2414.615877770178
65742850,1468.0597182942672
33236806,890.3774962084984
64518820,2449.29064614301
42371713,1472.720662698268
47924596,1886.2271875810538
55469978,2049.0522301152027
29356220,1270.6372413382755
98913649,1122.014075960708
22201860,1876.4994917638635
17005574,1759.7697878320744
61767605,1825.7215637047652
63003964,1504.4478938199939
52904792,1847.595865314251
87014699,1748.8078192794596
60476269,1906.800884806058
23374773,2268.3640315385437
12887652,1749.5532143925864
11366466,2314.098268310496
62053080,1253.6580503433188
21354279,1332.4602267380042
58635346,2162.816375963996
57475663,1610.527116217664
44627129,1329.4388502967468
29419543,1574.06589043602
47538164,3804.6019219549603
19854086,1656.4900627845016
63381374,1661.626925665059
55348437,2074.398937257577
80254443,2135.832520439044
23105559,1619.5743978747173
25129271,1787.9167400376716
40257293,1733.4948401814231
63509506,1164.2109424161602
45432136,1624.2796555488635
19785631,1695.4403806781295
22859019,2692.972315228722
36147504,1362.1771983045112
54449509,1752.9531308627684
81205631,1656.2324522801155
98103632,1811.2928141280474
32691265,888.6432250128823
72768344,1443.3822146219336
51890279,755.6396797001829
48043615,1451.1567265645706
25374441,1320.5299508907367
59962384,769.083636119769
28910995,2327.768205464157
13141234,1567.6175184497438
50747063,1051.3709470675662
55252279,1424.4852195327073
52007426,2280.169745415174
30847276,1506.0585050001055
62106368,2243.4040978074495
60214573,1322.4831080500214
40002314,1715.591093565751
32428356,1669.2820694559327
53658343,2379.4615488213717
29161839,1720.7645534742508
46396012,1498.2665222867283
62360708,1883.175376956028
43297939,2068.4931695135583
12562149,2241.0291589644676
36028116,1723.940673662064
87330286,1763.1773856432771
88119407,1953.0320666077791
26750897,2437.409780171611
49969361,1482.4846263308639
97204974,875.7726817752144
99702598,1995.0115584548466
52763802,1622.9812964672672
68901809,1996.0367965578932
39208673,1425.313282542516
54033485,1904.7563379731373
54497531,1587.812655818615
53990991,1354.067767707086
84489537,1267.602752053632
35670801,1297.527321121605
78791350,1251.3536892083687
20845184,933.8640667903854
13555027,1707.6791810825487
37646059,1958.879786723664
76127874,1603.0552851701812
92134461,1597.9834214815653
35770374,1900.003150247856
71020209,1884.5933556407047
34171582,1610.5587064996491
50654248,1334.3068256235051
42458567,1528.9018272460778
19190057,1245.0806807089334
54080489,1238.3538282599689
68542535,1764.1395769519515
45210646,2011.5090289841871
59714270,1517.790765242048
88185676,1272.3318193228126
71490260,1382.63190888697
30639393,1205.0448455059195
82576353,1911.9316324184242
24335906,3506.0077167043755
21049647,1248.1828507356888
13781432,1298.7914445109984
86079138,1865.4408583202082
40000990,1619.311196911798
73775201,3091.5112165013065
35148701,1690.6746051117964
81596880,1335.2363651402372
94320273,1440.9384659149273
36438421,1796.7439603089156
53057217,1794.9526960412686
25248077,1286.0712181957988
73038169,1114.8115665751852
73258090,2359.373533031072
87336796,1584.5506354939644
78963426,1459.6423435529694
12232405,1671.897539710727
86811261,2125.846167745533
43165541,1103.643582044139
83018865,1904.3218506139683
37762842,1527.375078863253
65591705,1799.2809686619676
67890361,1265.2770004203219
94753186,1256.2512490917713
93051402,1436.6276522325795
18623638,1466.1428918129925
35256497,1400.8463949641045
79246585,2093.983857802655
23762226,1347.260204558989
67287814,2460.680581341272
78864148,2375.243409316321
30658878,2210.858919252375
97960066,1261.254273887056
19914732,2447.3813240319623
23619037,2150.6293532414047
27095793,1912.0263077524394
83667300,1255.557022013799
76686009,2228.4500921844638
79911388,1967.8090598655206
36038618,1649.9495942861972
91489166,1184.8371866809648
64088644,1727.8915486340352
10087238,1373.3516768409374
68403788,1403.9833985210057
95817054,2052.3398292145425
57182933,2174.654278135801
83941537,1653.2778099645313
86909159,1866.0198465817186
45478492,2705.383482584417
84142111,2498.4357755203905
45223652,1465.6884314494005
15651868,1809.765807813473
48952352,1200.397780656145
53380245,2205.1195001044084
56211427,1225.8559290673759
66961588,1184.8910059299074
38567012,1021.55061990692
74938615,1426.4681805578903
81147200,1690.8995872729363
74772897,1655.8625200063257
80316029,759.1953189654886
76791795,1980.3467931574155
95549661,1355.3252136797284
91524955,1916.855296597661
93849275,1778.6014765876812
61885188,1993.048947995457
17120455,1142.1835145102546
71403569,1956.1714571381356
57944962,1811.7821746333761
72483844,1715.8863163719525
45141218,1675.7368869469876
47525065,1335.0347043405568
24379765,1189.0517703646412
91215387,2135.1997772362106
39945150,1098.570562902064
25481926,1719.926495123869
72167432,1820.7458560993657
15652519,1104.6889987853735
58079379,1150.0447089867423
81779274,1762.0417297763067
11313638,1556.2134568717015
82915596,1646.0714579224957
12551058,1683.1575562673772
69374139,1784.0643784815827
27490970,1570.3535713470626
28663701,1376.2868807785846
51901697,2280.65076583742
19964529,1910.8505026371802
14203976,1936.464389367766
86724526,1627.8903082931295
46513661,2043.008698747064
42464585,1426.3054883060813
14360059,1375.1380217066155
72181637,2313.201683652227
78956787,1568.2173058435017
30264496,1239.9643888957353
77227528,1587.0698724032168
50534372,1506.0113961107213
12187853,1860.6745961373474
97814800,1550.9262748223978
49704538,1589.9764622396556
31844965,2442.509080725282
89449307,1115.367907492015
72286626,2119.244890156342
90641879,1741.106228390795
39977212,1934.1764329322696
56406335,1380.6148600027875
46671061,1924.7744746526976
21883230,1478.1003861654185
57754484,1124.7933714401938
96138639,1898.9374442991505
48581654,1832.276943506261
15477564,2262.4833051415226
18367532,2214.0448321860285
57040971,1033.3578859506918
24677280,1925.822092429698
38279741,1115.2939492235987
39630161,1738.8830959779762
94354941,2368.60403467529
73739305,1507.7990624912952
36839896,1737.0894716324667
60950133,1228.6895215272848
34560824,1275.7749983912781
89848060,1668.9361496416457
21727334,1796.459768877206
96402755,2765.324037687275
99203156,1438.4841648139936
69252455,1528.0783809747893
86645439,2929.3073635879887
83677892,1374.2237901094754
22897635,932.725467756703
45288708,1602.8837465912927
59969436,1755.1021179360393
94774349,1305.8736186510394
16886474,2064.723393021875
44198009,2836.3957764048955
64700341,1236.89727458936
64505698,1331.9057004421466
77323444,1494.3068788161645
27706778,1645.9658648360994
59628829,1271.7219270050034
55365465,2063.8382759307906
69970571,2391.852458143177
94271260,1508.68176084706
52700573,1726.915111450667
45014443,1857.3838308452748
71021280,1758.6535206291849
51886091,1650.5680083977893
91170937,1778.6928330398027
92081846,1718.9800954333712
95719079,1760.2441347042814
12428005,1284.4479629639588
38292857,1480.0402480907742
75786036,1741.4167134820598
76868352,1674.984573549921
61787836,1787.5542978978353
92993294,983.6105427585745
23885591,1258.9396502106322
40800066,1485.7358321797565
56146741,2107.4531826442626
49447892,1591.9084467772884
52965378,952.9438063539666
93685952,1349.5592076206942
89649731,951.3613976176198
47102704,3108.8241417354598
52908918,1721.4410169404582
77943419,1390.8475509548637
92500699,2223.3837835354593
51420779,1909.2496438039348
72830394,1452.9295105502945
72781023,2176.5912053147267
16161212,1124.877655997522
73724856,2208.3166890254174
76991618,1168.1588345331495
95797758,2207.172034365675
82786703,1011.2907102228423
77183119,1514.9331755094263
56026782,1182.9424453334143
16589083,1511.0149789977638
47749953,1443.591532517675
27187508,1587.3602719402347
51723171,1708.5410643578848
56627258,2022.649053358222
75635227,1188.1006551733092
57547046,1326.9155664711295
36631973,1970.9751920267372
17463415,2408.9710209799787
26674861,1284.8473159392581
56995341,999.5134200386816
26126144,1144.267432833064
58450363,2267.955095110733
89312269,1019.6565598547975
16817991,1310.1931853980018
84965319,1286.1939194690992
43319013,1812.861806621122
44400321,1177.8260383846628
80024230,1173.458704893016
74521218,1916.7188786509646
44832141,1601.6914084780306
70162625,2084.7330150942717
43589357,1803.626407141871
14100726,1408.0220568867085
36520084,1266.3735509219846
98999098,1083.247281836687
14148442,1574.8888192041152
90033275,1821.2739141123768
19819492,1035.3652836803267
94929441,1602.8477756882085
64769677,1378.1649973241153
80605119,1655.725807211134
61896581,1979.8228156541447
25053770,1594.6459045711429
74893395,1881.7981169625089
53560531,1353.8439236876836
89710260,1379.7694909824045
93875018,1449.9836767554493
64766158,2749.1120317570617
54305179,2085.6562665629253
30403292,1944.8498412297229
60767564,1971.55097196447
35303188,1481.1968170875862
21177257,1903.2078609557593
15350431,1898.2410008838438
19112314,1428.5207234926481
10078818,1758.6419157732832
23150338,1820.5179981264396
47635759,1843.631364338492
30605686,1301.3854487361855
29709781,1685.304091236343
13735642,1152.4105178061718
99020214,1415.9884122608255
28873624,1794.983138280012
70890497,1455.8114186400646
99675492,1462.2187592416767
62216584,1880.6057818071265
84668724,1026.2300082961954
88738488,1674.158813301938
35683009,1274.2096682400468
72816721,1608.2695257638986
19163259,1729.591336555148
51202613,1555.2407362761987
56056704,1005.0346253360708
49879334,983.1833196073355
16786843,1511.851396498004
47533115,1774.897116377835
22109413,1260.947473009565
85518746,1269.7132161721513
93362991,1496.7376486799492
16124077,2111.319022431222
76182432,1180.4279264256886
26790843,1480.817648274582
89672220,1800.5536534367664
12756298,1796.5927557479122
16926806,1360.4300999265986
14000956,1449.04478884442
36806959,1372.6926856220318
87017954,3397.721297743891
43944283,1721.2125930906582
44101724,1014.7755157401446
67316534,1206.556922302474
88490548,1340.475786812557
88665651,1859.2190091744621
83830852,2643.017655668934
35512699,1330.3911898556548
49228670,1637.2797821047416
47172196,960.6552209628186
86195285,2230.667002370861
61100752,1713.9137459679134
23609539,1497.517726596967
95881788,1677.3507254966837
44925764,1990.9493226921309
83971268,2568.3481747451174
17370699,1311.2426608112878
76384877,1424.5325260948807
93972349,1626.260644242105
64752973,1283.6581890931109
22747583,1354.3132103148455
38304968,2351.517944615031
10235307,1580.1786551102118
25779125,2204.5926971144204
12843653,1271.8592227715383
78094768,1529.6285441044124
10635284,2322.0315472097113
13687234,1460.5015267769654
53936042,2073.170170660132
82732686,1179.2767560436018
96543781,1924.2019109792666
82228529,1153.5292127875834
12775154,1593.4297886928623
55255907,1463.9450609780397
32916130,1333.1119176904544
18504284,3304.6031492550533
65825890,1798.507196950379
33391713,1542.8050108555612
93331533,1614.062098538026
89345152,1786.84076136933
46576484,2683.7073398917646
33320733,1276.1623870099834
10724817,2823.5929963457293
41244276,1993.6272258235438
39841607,1520.8716571871541
59463885,1843.9180993217692
61317492,3833.593189400293
33725830,960.6108588803999
15316450,1689.8445933564242
53318939,2003.1074939195194
82300735,2209.5257261808556
44927585,1430.077413183768
80951510,1749.335078686268
51421456,1961.4612411917185
67936055,1854.405047451591
48065777,991.816541239287
56103730,2342.3109750222993
40566531,2037.6545507708715
61129612,1760.8036573261747
72015593,1535.5628050666753
73826407,1250.9966603197884
88021730,1374.2915869508765
85653819,1475.1723784820233
45194339,1453.4598941213703
91086895,1420.4320945221755
51919540,1672.0344156672347
23157322,1548.1143098930077
51628095,1980.8039248498733
96537190,1812.180792833034
53402735,1432.4885972428015
36360155,1061.9859059135879
37694507,1833.312455518401
83593533,1575.9070304946401
24284452,1674.054692022107
21000889,1647.27330077318
18518898,1188.2117094309665
11533995,1757.0557547481917
91728492,2159.717370939103
32889326,1019.2874155693664
16392740,1426.1968302248458
93954664,1389.6200238861602
40527969,1660.074132969275
13359501,1400.0541976135066
54613106,1017.5595872943943
89494294,1830.7664568602904
43243456,1526.6565190811245
49320975,1835.7885771660724
66824387,2093.3311933091923
13395531,1358.5192653113133
84702746,1202.3013495368257
46376987,1770.7014493968188
16949551,1374.303261058869
76113598,1488.0774521322694
88051686,1476.6167273396181
21575972,1579.4616724500083
25797068,1161.5402279001664
46519671,1418.5877039240063
62958708,1586.487254906594
41163598,990.0644277153059
90108134,1486.205301641358
40305514,1640.0647032771587
28323820,1602.7038697910132
36148206,1201.3439834157468
41903222,1608.2686287247263
34111269,1690.911953998148
22460898,1881.6846418881903
87095926,2035.505453594977
99063606,1622.2011104875091
41090287,2731.847762363445
76553835,731.1986072980545
40520930,1833.7408524820105
72499276,1623.046840346364
40722377,1905.623018930097
23596828,1841.3763773940802
94118199,1265.8185807900884
54177823,1953.5327783043886
32744353,2506.0128876973577
83540534,929.29970680892
60135160,1934.497285833275
32215997,1121.8218959691355
60591783,1354.9208109025885
75534413,1283.9142602490163
74381587,1717.0542501252903
83928867,974.9467606813988
31779925,1551.5799365632306
71389415,2206.826356364389
36657020,1410.989615467394
52833217,1675.0497186469588
43206206,1282.0777017170803
21701449,2105.880548893583
38073031,1243.471325971166
34369333,3241.6909858234553
92620587,1762.4180585075517
11512547,1577.4272504538785
81501365,1324.5376019074206
91014044,2522.349607428964
90225400,1937.169529828846
77353219,3338.2881036051363
55291546,2100.1210896095536
22923482,1311.8421244826932
14288303,1257.7840233223071
55909136,1484.0329307612112
41957261,1211.7576117052247
17675131,1337.3944448509442
13490253,2055.6163829084944
79023756,1580.7402361195536
98393510,1095.2887187547713
36169986,1417.236982172898
98879925,1372.936726876846
64713126,1316.526495421894
54807445,1667.124717936901
76751871,1896.274406801669
98441518,2377.583419519477
54149693,1892.1958680136502
42794612,1359.8191086713598
76036112,2684.266872860864
14657728,1691.3358553061955
73292737,2553.2751588909705
37897222,1406.0898380123015
24707301,1681.4788986937074
54570938,1906.7117300623054
47969890,1065.6242575326307
86391847,1862.2247260036088
43251995,1363.5385962325836
61789630,3251.2843746462945
12601759,1396.7457189871275
86045386,1252.4089577553561
67870680,1609.3737293858676
92603070,1153.1306017393856
45118743,1381.4817875945791
40352166,1598.0116250478106
96817260,2307.3359000586074
70031890,831.8637312045006
18280163,1498.1159215592513
84418154,1449.9397291573105
50657043,1141.6583367618173
24196657,1775.276932130151
30339428,1518.4622233806492
97021401,1569.544664677467
35926246,1571.3036267284735
78296017,1849.3554551332113
91378970,1037.3565259963864
80348783,1511.7127356886756
90424864,2113.5656360912135
65449342,1270.4388259720617
50552285,1087.8995075787557
96371635,2246.4592923310774
72833770,1555.8520925853152
94834332,1080.969223444636
34291304,2351.9297510416336
61020465,1684.753037596569
58556746,1971.3002621929033
39138083,1760.2352769026127
25334186,2007.5590220133954
34764813,1923.9979865973962
37404139,1499.0480018014412
44171473,1389.4360488624704
32137098,1275.7829148076287
72644851,1450.1142271316708
57301182,1487.4488084956665
68777856,1561.218703912092
46687209,1152.517982346713
69167315,1408.0627882578754
82057134,1623.264957687424
28611499,1577.5683494580642
73817431,2100.2180586118893
66885663,1891.707746893894
81244724,1369.8045805501583
17815149,1726.6695969488585
76792976,1537.2850240292
32232188,1350.0079923771375
32884692,1496.1979889459824
51904668,2018.7853685205482
54177086,1505.5598751339714
79785130,1866.9661051059527
24791309,1135.0162409480968
79748184,1230.0419584572787
71076766,1621.1388105060437
91713473,2160.704072641704
21889636,2510.8259144153985
88684450,1551.702697318167
13868166,1107.6981577486083
72609306,2792.5299439847413
40230821,1028.3637168591888
65326864,1226.8759935157213
47873334,1784.0000158957464
38502225,1237.7384527511601
78086792,2152.6740176517515
19000370,2675.0490558503957
18794356,2033.9527661559396
15695931,1288.9135706741797
69820899,1142.8100817654702
42730808,1936.0937965125477
55693372,2334.5539452531643
39793167,2564.8126037794013
42174587,1097.8875771437022
17562701,1355.1903520171065
75887228,1354.7721572284477
86381737,1016.2514152858921
50478816,2116.5550229667924
59640073,1572.6826947476764
76678970,1434.841293476166
23159711,1393.369073208885
74146213,1383.975012598647
73679527,1394.5612538715816
83678670,1291.0954686845662
82153168,1660.476857067727
81585077,2063.153432981051
51172809,1655.741962879963
93348209,1241.0119649787187
40526730,2696.782348982664
35477741,1851.356792694112
26904107,1733.2413981492941
98083773,1413.139169547072
62394914,1613.542080381826
38403298,1569.9870555469731
19395977,1658.3141223555585
28561023,1304.6343908826198
45885910,1534.762052891676
95086890,1342.0284480056675
19776574,1252.2884791754411
60586201,2054.0680389830727
89147481,1756.1720835168114
47209892,1428.5972418713588
47476854,1587.3476098426306
60953282,1870.7385059320939
72001460,1600.609066670744
22546493,1786.4006066226912
48912589,1814.3911040090704
37241017,2259.7537885144907
40152795,2130.125783845509
45771924,2497.3320857915633
70307319,2401.6985001251155
42825484,1537.4950942828473
32535623,2522.277046402583
54789245,2242.59198608445
72682970,1976.554034786244
51218700,1858.5427990312753
16039328,1257.0438551343877
44678506,2805.679278865928
59530373,2605.076497352263
81467001,1330.3338055794002
50258434,2166.3271696372944
27681355,1508.8297524483698
69431073,1287.5757825895553
93968709,1813.0140794996555
56478207,2228.9013861960893
19466001,1925.90632772704
45204787,2338.4822360416542
44120969,1214.8519262050345
11347094,2418.89261319401
33817003,1338.6506420968367
84812841,3054.554457343637
82947487,2064.932063178881
22317982,1613.5621048993512
95086863,2354.6176303576326
73084974,1256.7947998430577
96665202,2208.85331487282
52954565,1399.3425657611242
22781049,1458.4163275113817
39742164,1630.305534818854
20712973,1312.6840649762094
76124953,1782.711085944325
53726970,1623.0047992183386
30895251,1633.6989614512584
87940348,1758.9588911271244
95321478,1515.7002828036352
41613207,1657.23122844798
64780104,1516.1894571698228
72574405,1810.5369584887292
87909513,1111.958345383283
80918662,2027.2237464749035
50842195,1255.4798183876874
37167999,1759.3050907358986
56430683,1509.2784824140335
62519911,1172.815913297629
29251792,1458.167274813418
85925973,1573.0536169648547
34644536,1210.8778971514625
39276706,1318.2351250397292
81892516,1946.0319319576781
30222761,1309.0907235964
10422044,2032.5718400143269
28074362,2444.3562307953875
64967123,2054.4808109595206
38282963,1410.932980890416
76769818,1518.3618567125309
81835353,1915.1099532960645
34737343,1497.3815302748776
51032996,1486.1053711390325
32565254,1690.5293148917135
51764743,1960.4104790133426
92831396,1900.1725719552849
84077215,1563.789912236865
77480283,1572.5480587041216
52724196,1009.9992013794274
78039908,1444.170570270763
46605850,2172.689919477276
61041851,913.2946292309649
10551671,1395.7391651181483
84956232,1604.396108287668
93609795,1083.679650236741
63261476,2250.3035771324626
78773692,1628.1859446168885
41527728,1172.0576893638474
86838609,1343.3621517676204
46835475,1482.8533181531725
23285553,1310.832117512433
83082562,1518.0582070406722
33889237,1655.966164401954
46836989,1996.5729864964517
42683388,1739.6456806937729
15212938,2596.2571979591203
63857629,1440.3546899658938
71736760,1423.8055076418334
41166882,1476.3439817060018
88287708,2096.705377696068
68218612,2148.904850794833
34505104,1549.8931052167193
50756606,1620.493907655277
40004505,1559.8607280240153
89798576,1586.110616195594
43860123,2408.842948697465
93655218,2129.7335308577362
71051446,1225.0010424116788
93380848,1181.2734151082873
27980449,1511.5044873589236
57084880,1631.2622610307626
46438239,1376.2541053716102
30942515,2545.2038443897054
19590564,1584.2854260652655
83623165,1360.7878689434508
76716085,1777.3341674652138
60666996,1912.5423382316037
78361983,2074.314044639019
72701952,1463.2700852064222
74922910,1361.8427574480972
63759907,1550.6837125284535
68856134,2117.037373470505
79795778,3396.4637349930435
97178936,1498.2013425792352
56185778,1292.989825217651
48290079,1283.6171531128537
29392023,2486.037338682577
54780943,1703.732902665187
97751068,1535.497026055348
69746506,1506.0247946148313
55371174,1763.3018426194678
67781652,1481.1745727110615
78245291,1620.7779466445377
64158812,2005.874243469663
60974365,816.8992460650535
12800790,2070.7454442037197
96154030,1676.2854603596024
98482327,1574.8576319333624
17464700,2102.084130428148
56270967,1748.6868652358567
46584495,2071.6712552668323
72785702,1404.4922922967894
41281460,1569.0734255628367
80424496,2536.27186646007
18835766,1839.4375723131116
87502261,1007.8970031667241
96135205,1996.7100869056494
26258289,2611.3936650630712
75302604,1461.8603958948095
98645752,1758.4728340960344
58643859,2002.704996328726
90141148,2010.1023333230871
52181895,1339.5717001117243
16710404,1579.6327337974897
26056734,1617.123404138667
39602380,2044.5748798447698
66983144,1717.9617667062566
52507579,1270.2657143752044
97432890,1484.5853904462515
85547503,2433.9322135421326
63906202,1622.35108293851
84599750,1688.6066373264443
84325254,1255.853748088564
39975048,1781.524292827836
81574706,3390.8327757912525
30468791,1333.095030730516
97533812,1405.8239993954046
18711694,2176.398468478536
51787778,1947.0039476398879
61409887,1823.3410699684794
22014620,1190.1197484744496
38836545,1383.1950636797694
87391833,1236.9820212002764
69117778,1338.0314610083688
68122788,1898.7458024004786
51241051,1621.4184126468663
87186215,2167.78330848109
84468326,1482.0990141618702
86410473,1721.4732660276522
56236242,1920.2919892452896
59626902,1289.4816610754945
66112801,2433.032508660175
84626603,1163.4639098021164
68630773,855.4474919631814
33563434,1169.3291848491194
52975992,2144.6910738087454
26817104,1802.4782117956247
19501484,1444.6835928266103
62595745,1665.2135342105123
41563117,1979.768284714057
52796320,1872.8049423973061
21489695,1804.2268560376149
56658010,1509.2459155322517
91048109,1366.7282930924368
68814610,1546.2869013644645
47089966,1731.937384709943
79261064,1974.0911986747305
43267298,1658.6288883364518
35491922,3888.374253409945
91103900,1729.7907804761214
81885878,1127.391285204339
10004659,1858.5189578139398
49810234,1342.498275275916
65062190,1629.2072103557014
57566037,1771.0149590777517
55754004,1513.1928024233905
99179360,1063.9120852021076
67491962,1642.4705614255477
55660033,1498.4417885697142
96584547,1615.8570759900817
36088377,2226.7575774445695
97242422,1051.3943165874844
12109366,937.7591935074654
57248099,1742.7805694046178
46843789,3380.5733340204856
15574311,924.5949098825956
39119987,1600.529351941002
95964371,1513.2640372815338
93965777,1395.110574064609
32720737,2042.583590584974
38011636,2296.4705089486706
28738450,1576.6488370933523
82845868,971.9383232679311
92357814,1523.7856207329291
94273774,1198.3709420238436
86770972,2130.7197879310743
95965665,1488.0951574348358
80658412,1231.710132371393
11188732,1096.1744491339182
78466957,1195.9123535467602
77853776,1525.964140627037
81589793,1358.47526282418
49765777,1700.054282612253
88579415,1380.5258055746697
65011154,1299.801874338648
32352609,1526.751459061117
25644810,1305.5439066069468
36867135,1752.6888123388005
88848522,1623.1576500427059
54293859,1712.0529105240635
33019527,1244.1377667383151
46924492,1170.345993071202
19488750,1426.6491851904698
94594464,1351.2147443523752
73247876,1613.7699648552527
71373451,1150.4873298816558
27655514,1514.2120592197618
94112335,1483.0521009677902
79135715,1266.689506278906
69231521,1442.8182295802746
11994136,1718.9072726813058
27288623,1618.455879996458
88123955,681.7234704938575
10000265,1247.6508047218354
79772833,1588.4914337081307
93882232,2584.915877372184
32109681,1198.8667881768347
65404136,1784.6159040166272
33831079,1081.6739023800942
71847266,1172.9388483220473
81003839,1114.6049442077347
19285579,1878.7413203913834
51911514,1956.7443884056688
55539434,1856.4872418798293
44536751,1160.9194971377144
70028057,2310.3384541322357
86860126,1877.6935764473667
64254454,1604.0923792123658
98284782,1884.2785127120585
34610652,1488.7037774611285
75568847,1592.0136783173946
65674652,1425.9055873076795
55019276,1468.1537740454858
55592552,1387.6745458697694
94267636,1402.3038151367907
69222634,1299.8266974341354
85591369,1042.2888734939663
43835656,1451.0808728570148
87803052,2317.51401809404
26232040,1560.5301248751857
91061668,2066.7498962495315
30001734,906.7134067499305
64074995,2407.134795030005
98892450,2160.551828397039
30473837,1303.9168847016492
95158643,2134.7472124927795
42377220,2106.692496712329
64814717,2033.1929540690453
30148862,1728.7667834309061
62010302,1771.4470035553609
99477712,1588.0300899128154
70875105,3183.6092321060432
20465640,1250.2864525170191
27850961,1063.7783965437375
44835254,730.7357783130849
37634561,1521.9127065633006
46702648,1963.702778339811
86839823,1387.360837935394
67985741,1225.1894452542192
27791703,1409.9530439388147
27289673,1398.5009385998799
47043760,1406.0733248013973
54808934,1947.9124047326807
98155995,1892.5889519472107
69341643,1862.0611739858368
19401682,1459.999595568692
97496254,1064.8285796755958
26009392,1324.11417713326
76357312,2139.7648055543846
60644292,1905.462064384648
92095667,1598.123603130539
16021125,1779.9375394081287
52662306,1384.2018428930535
22527415,1334.5365167655723
11178457,1779.470045882527
19452873,1051.5113489781722
89463603,1765.8783161548524
55778959,2650.0298594097594
45079947,1414.720722724486
71913651,1595.5651000218736
26030335,1664.8239314928717
18887144,1338.55426615791
67192573,1457.8762581169071
93955593,2352.9971674810567
51025425,2368.6205753689264
59882564,1363.301793070211
39586553,2182.942472218172
10235871,1910.3779676485456
44636319,1058.5154139892556
37290007,2417.3547087073703
14108687,1590.5649454150946
34932666,1232.678312941651
80941617,1398.15701811947
54682782,1597.2254057156078
89652985,1576.1748280595468
13137515,2507.446055339136
69623259,1553.3221313642207
58672181,1918.8546330956074
19145583,2317.8820398738694
15756823,2047.5687339910055
48404289,1606.3334720179025
81082424,1432.154352972221
73224913,2292.813515573097
75845341,2742.0427498292906
98474913,1705.5381012756861
41962691,1342.7282070451001
48961741,1960.2234388381437
87593653,1159.2486061688387
84917993,1040.4281031205462
24081947,1456.9538463391602
54462462,2267.8389549553326
51963469,2088.702709991839
94467679,1334.813666331241
31642363,1337.922956182434
66097711,1430.1458282641236
12884742,1455.3542821197643
94999391,1410.0714776450754
44605879,1715.1195543734195
35787017,1496.2630589103635
45450960,1454.0985354637578
95291199,1203.5741880372998
96016558,2112.614414444068
84566828,1666.2695588933982
47412693,1082.2745665925856
49029700,2256.5289247959363
60010012,1327.7645468120609
75883768,1398.0915599307993
26202342,1255.5547890308933
42317663,1485.6812807597496
81534336,1228.725619931973
89007837,2172.0776690558055
55830410,1460.0572745847874
42889086,1196.3608261182703
81610198,1456.0137699082572
17452253,1274.7910739420035
71203731,2442.6529378803993
80449971,1413.8546529969924
69429731,2105.309779709092
54605956,1895.2945841119404
34299688,1500.105613767797
87819668,1953.4531844150574
35995429,1242.3795475553852
79395935,741.515497237678
77309412,1597.88450718269
43863935,2078.090808923844
25184246,1553.8099951822144
36615071,1236.239453773949
38474717,2822.5593410914785
93825316,1083.2047533724674
33683398,1398.877057512281
69346242,1943.5773399014658
59095929,1990.4300070242327
87118088,1239.708006991324
45924958,1720.8484021331114
78591323,1628.3932535937338
37759814,1707.4562338809258
79378632,1730.018626114333
74799649,2344.954074270888
53222755,1619.4689471779539
36749663,2334.9937082699107
48476133,1988.3675526460734
49028666,1929.080009662151
74177764,2139.669248754845
14771208,1217.3480930381202
53613430,1399.8200880974496
58749152,1286.2311364674574
32751897,1700.5950880290568
26470651,1474.9087893914987
35002941,2315.826260065814
18541890,1316.3658108570512
57596711,1535.2148464260974
24072464,1224.4943594833103
31435093,1930.7506228805198
30602585,1625.810351489764
75360000,2208.8677650678464
46273615,1944.8264497789678
95181699,1411.5125391035228
91310621,1505.4085781203394
82017783,1403.6987759982685
70908643,1626.125725264158
15861638,1902.942055060334
50835625,1932.8278492612706
28964861,1029.878870450445
29864397,1240.1043667890797
12057084,1518.3476345535905
28334945,1848.9365228936178
60084019,1417.2293867648334
63996133,1140.2556045787042
24215888,1178.2172889975297
73974645,1325.3183514396128
75072747,1292.6681913459172
45633768,1620.050070825362
35646913,1609.758442251064
53661067,1571.9031887015897
78907585,1989.4981618738275
76922109,1793.1133793846684
62248680,1834.0831073390932
73320273,1681.9783639636207
22179940,1834.1645699723485
26991418,2092.5013942218184
21855522,1799.6132775329754
55265808,1843.6016903765012
58224140,2121.665049297273
19913819,1276.609333479449
90275479,1512.2546856427282
97988475,1774.7159296423258
83636674,1581.8774068881387
19875524,2829.629576402969
90421480,1413.7632911148428
81793670,1734.8012252638207
85521270,2061.1079648130726
97359529,1252.795373775104
91814930,1509.0610274749104
39016297,1637.097277609423
94156929,1790.553190888271
45023538,1632.1720051928687
58269517,1224.779540523104
35694304,1355.8580397216604
64951262,1333.5913200481332
95920942,1613.3808016160476
41847450,1473.4079864835146
15255858,1499.5011620314738
95924527,1397.5810560692205
12518283,1928.8614833389695
99811369,1344.3667787208235
59569343,1047.282379642493
47206769,1107.1275864273816
51079651,2459.635541234274
23194465,1815.9600627582888
83356805,1868.043445621562
26586384,1191.7709098875755
55548495,1237.433411492893
86324071,1602.946037335593
75101749,1798.0942770062616
16463144,1055.1039783519725
19396787,1392.5763494439686
33279246,1534.7849435367825
49233593,1865.6366756008092
48210075,940.9753597100721
55054820,1410.3106054944367
96257897,2680.0667466564537
51430742,1796.4243238615459
83437485,1711.869057912741
50578351,1871.6347083463
97275251,1787.141979915959
16222585,1496.2238722507193
39525336,2008.1313611302514
78481250,1954.3303464661735
90967247,1285.0727770955602
84855982,1548.3004433370018
57782649,2092.9599997419227
77997002,1440.476379670682
36215630,1768.8339705191809
95580912,1536.178840204374
59034107,1569.6689343192422
74775777,2234.323588587547
39971311,1482.5761904579895
89020638,1922.6201385382944
51169286,1691.1585056534943
99644215,2461.9933401216813
90744203,1600.080462137491
96320211,2233.8733496438795
36465697,1626.3190568293394
86214609,1885.8577515116012
81033519,1323.854099530594
61860616,987.3320204118988
11758072,1427.793718202145
72796099,1032.2166742677362
12154166,1145.67579397963
48588483,1474.2837156895566
75800458,2329.0105128026103
27360889,2380.0469449665316
84455620,2894.781628961232
94594944,1345.2424820039128
73063439,890.4013060934396
81513909,1578.4876559063928
76078349,1867.6601170786876
18738053,1383.3974198306164
29574045,1686.592837100222
80540560,1551.6202455665662
25751173,1390.246437313081
26008933,1450.842848468537
99638568,1503.726494244025
16106243,1790.4070758762548
46712863,1140.8399796473834
62434322,1768.346881965591
41483187,1448.6448688503501
56776930,2798.883809344634
79612305,1581.5978915126718
64780825,1801.3518612918233
45536007,1318.676337343447
46661025,1846.9531493082145
77061678,1228.1059161948485
60393588,1547.4119695651834
63346660,1066.5233804732597
27845955,1410.4753553109847
55504400,1511.4367767991903
29005367,1018.1483831478565
22069246,1041.9204855427288
84008491,1225.292148724487
17133631,1155.7473584331194
84832150,1219.087847014964
45723864,1732.6336758878153
43493787,1500.5023429874186
66097518,1342.2573038326602
70168465,1771.4559904081884
94063743,1118.9527075217388
14576418,1657.273079570675
67277120,1944.3423563284039
94345958,1892.8376132198725
30685847,1361.6513862085126
85948230,1609.8773114657981
89817663,1685.6944571251406
32957921,1899.7261433043686
46701128,1597.0405936087259
70035645,1133.9902978068997
60395047,1821.3954392614721
88839252,1627.9513394017663
84131490,1194.5625451864105
75586325,1515.0888064584
80103534,1305.1196896778317
43032685,1261.1018750725539
15972126,1578.8475921233594
41404247,2282.3262171099
38893753,1245.777278267046
73633779,1929.1877121714526
35904393,1026.552347133824
24714022,1991.9711025891643
19048345,1123.602776853451
47004008,1444.973282380692
94742593,1912.239602025939
75269823,1751.273129959296
25552669,1065.264964642452
51828771,1363.9082882510424
70179002,1160.4066513915177
38115411,1695.861875463576
40317565,2244.5447538329704
21110207,1487.6941222685348
84762082,1492.7212972588773
48690899,1880.8177990923675
76594160,1641.0511655007688
54192522,2378.666873090611
72813893,2324.1789107246473
21004583,1374.1996762902083
64817154,2354.485536860557
42706195,1476.7824535294872
48103074,1566.9813161064294
21878260,2073.761108094
36272220,969.3462672498043
13817497,1524.9675530923614
41737305,2032.2915605003077
45517239,1730.0743452702905
89500514,2233.442259228392
35952974,1166.666748093641
79180368,1640.5792708073118
49972479,1957.9356003102528
16468436,909.2206478269954
66415757,1787.779213712418
60737619,1629.1233483200203
61065232,1436.4748518689864
40172654,1321.8671929069478
89609665,1901.9231300463055
23952725,941.8243276924834
72896307,1808.4765111462345
43835334,3168.8903198896523
15170417,1034.9136659941003
67479665,1227.8936301466292
33361674,1475.5329674688417
44130617,1269.8808751827087
51579953,2146.8579966665397
75908580,2107.9187876162177
55554604,1690.1814503842088
78855633,2140.0347107858333
16657542,1672.5662275627847
54732615,1816.9530952241969
61746292,1897.002210869884
57869356,841.1193344040853
29926611,1436.8628781982989
75275045,2842.216474210047
47886535,1570.999859012227
44918482,1300.6105173623334
78968246,1781.742724569098
54136456,1666.0461188834627
90807736,2172.5981514344317
60276696,1663.9052766149775
82048962,821.4849645896269
92669446,1788.9091441562114
48680297,2053.5391723813873
20902349,2470.139930822803
56991657,1967.7434344143237
47839152,1584.0437594928878
78844128,891.6337056451608
13384224,1423.4240668421703
46213331,1837.6486946687642
34116626,1023.6823461119045
13884884,3115.179467363584
86060261,2222.6564246782646
33698474,1470.1921524873894
65729973,1239.9768916930584
10671871,1498.2085610696495
35704807,1615.2863548657667
55231783,1664.7292096762258
62208192,1784.348446375512
67563103,1690.0916677305943
72548470,2310.184348926091
35725437,1756.4045300858043
91119982,1708.5980390599977
58303560,1916.682688958853
48430844,2061.8743899547376
17825416,2426.7282037204473
97821966,1892.5843022767315
76538437,2586.4554454460376
46855429,1337.4738284274954
70135617,1951.2684178394788
68330883,1112.2145476011713
82205109,1692.3308714853547
47743752,1872.8314436687563
55059767,1164.0078609655568
88243398,2588.2598304495227
44699350,3357.1349414179203
35330178,1530.7942511906958
25203468,1392.285914852697
40479165,896.5056600348449
10947997,1097.9188481132146
76351104,1575.6583094548835
11445786,1707.5431197878597
49470754,1364.2051008577566
25466549,1737.5329063731915
68081302,1194.3501292831113
66965573,1754.3521801814186
91230160,1964.9948650608983
44322697,1325.8185562506958
17542284,2199.535951061676
43035885,1564.0785154312466
73926094,1136.0338083573656
64948505,1579.6115721404367
78950808,1227.8852716913666
38422125,1245.1357233100048
70854487,1956.133909471684
96303461,1903.9413703955518
46698218,1737.0215751951566
42918073,1652.4923434415202
60976113,1430.0185275361455
80414616,1447.7079371164084
11919826,1624.4075446931422
78548658,844.181701472002
21857739,1414.1567948665074
29877271,1883.51783312089
12698388,1893.5756431780012
11871707,2463.6069927324515
80819542,1370.0815077955192
95941128,1418.8669149849457
15401105,3726.1122536445687
32754426,1530.861090923291
69235267,1003.2086973066215
71590075,1978.5471287947105
93562904,1621.218276499653
48418506,1055.720303823053
91190923,1498.6748802715754
33120061,1184.188386008248
79992717,1389.7048508535436
57263719,1883.2660425298911
97902872,1598.5155622538027
11659952,1371.4138887790723
19463140,1759.3958567037425
32523829,1612.1877970580829
91862885,1714.9493323166478
72799092,1989.6294225199788
53477503,1567.152113700159
66993460,1742.5414108757927
13665562,1294.4515523167518
80709687,1562.0966630155774
40330962,1817.0926294827532
42684844,1568.5979827076035
27675885,1946.0963963963104
38250322,1449.2862971778259
63478776,1490.3138853339992
62285686,1830.3594588152807
97553472,2043.8270323707206
64732641,1664.9479332602068
10341748,811.6451386937044
34930451,1599.8569896954023
53726168,1467.9915722518108
69426758,1197.293943087463
90029637,1240.5950354190459
94611401,2312.3891186433807
31394855,1493.2462996506465
36645175,1569.444618282175
56281801,1210.8528032084698
12148162,1721.1833577474279
18771087,2007.658377828667
15509457,1541.108268284497
58811830,1450.4506493676329
73003066,1824.0762274071812
34190353,1467.096250410766
70731913,1167.6231255034213
55320872,1943.972256468064
41886703,1982.3404547135392
16884593,1258.203072433248
90415325,2973.0336029088926
28408198,2480.4469951582373
65914001,1632.6577858289706
75122895,2165.0472956444437
80177938,1551.0578810949864
37984269,1514.3005548034846
81491790,1867.0762945758177
37294085,1589.629740984119
23335477,1259.2457282453604
74996570,1407.3546645644362
11602841,1465.468505510674
70152712,1826.6039223477142
37504288,1386.021348165464
76619689,1171.8593554058793
95075447,1651.1450578946176
62779399,1778.3017506060467
66278648,2475.6952037997767
18002070,1613.2764013715987
94135062,1230.5571127750784
74396322,1263.5248994373703
97169764,1827.8601258604076
84630384,2098.9556079531585
46052909,1154.1132231744853
60213474,1786.0879235724053
33797784,1827.8948047390086
59759309,1676.8443669147096
47001738,1664.8730037015157
76899861,2658.6682733387834
54444766,1000.7217746953885
26850612,1506.0311719670744
22468145,1431.7183725701718
39243645,1342.5639427861759
35759583,816.5720974819544
92468992,1688.092621508814
68717112,1306.4468968012504
47344834,1216.8854095697518
52115284,3060.8132617934407
21042322,815.1838818509785
79258805,1642.5092680219525
51304748,1801.0823389727655
23253686,1825.9076001678663
43275074,1462.2689264315115
81602713,1717.9733815549675
60924053,1460.4944265140873
50363853,1827.417336638934
28412591,941.3964687030904
65145713,3159.004345690059
47077663,2021.688120354725
58136966,1389.2690531832682
67034290,1220.3368879722145
72057747,1690.9662700180593
78034116,1328.3412371374534
99365155,1718.6754468512725
56151729,1643.2428847736512
68997667,2110.5455999538362
46532370,992.8094055831746
43276809,1747.9610362172025
70460118,2673.552860405214
66150334,1543.8119131403034
92614050,1418.7266065140743
69313526,1460.8987939689202
70949373,1896.7493060891175
98595102,1514.7049669008206
57731071,1145.0657627941305
58855043,1459.6285635450834
45456441,1889.8806656712322
39733268,1286.9891532392153
71064725,1425.2807556758653
29668017,1692.7261451052655
94555207,2038.1436329133994
60811404,1668.8033069690446
53154973,1359.5142020925468
79534885,1565.7001271814045
82049293,1878.767868440613
19578533,1122.707583975995
66374977,2103.11517462789
16850211,2090.4008479468334
98217866,1461.1782331295988
33773989,1476.6701355157634
14998381,2378.709680443401
92421507,1238.3929018525073
66591282,1137.3327158218874
27243576,1664.3673112606134
58962954,2141.6391257321893
62891715,1020.9496357661719
40256776,1427.073528225923
92014626,1632.6159073645097
68868046,2144.02331407601
47811896,1977.793180270734
86438296,1991.239828009641
10421272,1569.9104888449783
56519274,2060.6339181204544
84854339,1896.639090165865
95049673,1780.1746023888136
65578696,2603.9787159615903
85747970,1238.3516322315365
69874974,1087.9464653227597
34594425,3116.0508964458927
14874183,1862.0399223557456
91643227,1462.3058278926344
94998930,2693.46707504794
25184219,1846.932260551286
78637662,1353.7831283447633
40102355,1877.47929507302
33004293,1622.1667443929907
85498300,1749.7460507023918
37721019,1607.849119090046
78482421,1430.4887563887448
81912650,1383.0113816040637
86410146,1622.2593301681268
69095320,1107.8695860533992
56569332,1428.7119213743792
97340317,2928.0934868730546
37533494,1253.7583247079083
55430447,1098.4442407096137
45610406,1290.2902522954496
64085140,1733.773584579615
81416250,1489.6003244418691
70034683,1766.948297676989
40315264,2029.9203452398383
73160601,1473.5005659715762
54677638,1855.9830668408972
90571590,2022.0987525176997
84772888,1739.131015602399
90285847,1800.3805582995144
80203339,1728.167375911663
73536003,1172.5705872549397
56021479,1085.9731619217969
10526589,2230.762903593438
23648848,1673.0028687634249
27805990,1672.6681848304115
46740683,1876.5544019947793
66243364,1420.3159152656485
88626421,880.3639873280896
81009655,1823.1470885441224
47576712,3392.704749842181
73803450,1142.6169536839957
47427075,1061.4840618201665
72540520,1688.5969590303926
55407503,1920.2907026096477
49275948,2742.6138614108277
74312584,1717.7087631289623
84174297,2624.903020887199
96261162,2375.2307469064153
22879870,1771.963610516113
13933179,1930.7678637712315
20116066,1277.1737222198258
38689361,1292.639675537073
63156536,1735.7802106488891
95340838,1793.6790629118946
75352375,1017.2203642325328
48265534,1690.0572234667295
74912030,1131.6503116630054
70071430,1726.556560889552
87025516,1675.9354570782577
52784904,1341.879452117921
96281041,1893.1049138273402
60302206,1852.8184797653432
88862209,2285.8300452321864
66359731,2060.9591656905154
56582999,2253.204695417337
78391067,1541.9025495915641
84566381,1703.6089655425035
15548328,1328.573185042813
49432086,1964.6388130016821
49054075,1804.1267671503454
71689174,1981.998172767037
64196832,899.8556372477844
85965917,1797.301450655793
30935690,1360.008857313697
55460540,971.9139238906655
89457485,920.3303239120913
10188743,1419.297988252948
58823191,1111.596983772376
20643935,1977.9318769859412
40325735,1772.8420366379507
91136520,2003.7540841406703
32259671,2026.6459403146496
26400774,1203.7461967794166
28057887,1271.8478995654702
82844555,1221.7277641597925
51111773,2253.270707121886
42987529,1797.2392428981877
62978911,1379.5013995690808
11881525,1288.2714504808334
86857890,1620.1020297903738
79797628,1509.09827302407
80357222,1672.0295041350123
35431033,1782.059042503563
99201502,2377.452708234153
90452446,2316.1919627813127
18670977,3025.3574741272605
66979442,2170.334534615654
93738605,1452.7562758238914
29213200,2123.582185482736
31107212,1879.6792040575458
91594833,998.9925682336591
82943336,1308.6240329288867
68443662,2504.982585826973
93641230,2241.90156517923
50244475,1406.3674420599227
87626955,2164.0840031488783
51387553,1404.3984556621433
71504785,1341.4362343918626
58768482,1664.8758800374703
47301702,1869.9876376745708
46285200,1753.2472218985502
27113638,1838.154716606417
63361835,1272.6091593868678
42709073,1130.9946703661785
87920715,1113.4147650718896
59996173,1932.0662796271874
97865712,1230.9490364511885
76462362,3030.955922704393
38643308,1803.0492796070585
62694540,1880.5801599942577
62141335,1311.6528252675635
34503041,1553.967808639063
11311229,1033.21835937422
51623206,1689.560246901283
28560163,1755.9259475657657
94388349,2019.020367896457
86256710,2319.034020349728
61215694,1655.7455090227156
80946911,1749.643131478407
35537651,2405.8416811782977
66755381,2397.9117007188484
73455092,1160.9764426173192
34041393,1593.2269888388787
30484078,1744.190303859686
62329986,1695.518812595635
62897188,1489.3011232874549
51881772,2101.3992941793454
94211751,1145.7600083676946
61613645,1247.5804952875003
71479652,1912.783512051393
85310501,1522.5330073271011
23110318,1703.6801762288815
82884759,2065.1383347351048
51095836,1689.4049792168287
52772048,1164.1326247063348
17245854,1397.5969861068268
96708865,2297.892109595595
67276218,1651.714659358462
89528454,1266.9028200024538
73044839,1548.7090928742775
92820854,2067.6701155820747
81415527,2201.768761061042
54704500,1481.5917804862672
62696690,2167.3230298443837
43848311,1694.4071057060014
30447397,1230.686822168076
96343937,1361.6183906604074
19151468,1478.425934520367
75047192,1393.0654015687846
29891460,1548.7801515548244
47625277,1551.0701200018543
57930980,1441.1793540841636
48354539,3224.77741538349
27628114,3552.9393438766238
32690361,756.4677223692636
93744019,1179.4351783508328
99861438,1474.9909003283133
30181088,998.9662676384056
31181640,1961.8253120866366
44766788,1434.6551304618115
65594080,1229.33103068107
22508377,2198.41797320637
97181173,1728.5152474795063
17420303,1649.2348932404527
67800143,833.7986551599128
33454469,1742.129310644309
30418520,1753.7483869966743
89752463,1216.1942624299165
55142148,1940.7363856641243
20848293,2323.0319023761417
12617495,1340.4967196897667
20378275,1666.7568039322923
37172337,2001.5173738573708
21839038,1245.96647873486
66993155,1450.6377868299708
41249770,1163.0249858247032
80181790,1716.7349655145904
36248478,1331.6336221745141
99097401,1468.7376272952654
16998435,1100.3798934270944
28345246,2235.430304439294
97230601,2525.378078811554
67442292,1770.2739546316557
54477624,3103.802759175927
22866548,2579.4552683950897
86504569,1697.7505155269748
81257074,1401.6415353343864
53101206,1337.3615915765554
77626907,1811.761581194421
15402267,1211.075921049216
66190974,1524.6375403817337
85276459,2024.9746531099659
61882567,2337.0651317299667
67503548,1591.7981568774435
80801220,1400.4909918300218
45827465,1714.8026097399293
13145303,1541.1823250965379
92842662,2280.328161211878
73150077,1722.2627123934062
10904048,1012.3593157471835
89655386,1663.5405460586444
91827598,1334.3738958044717
36736446,1319.6647881468393
73791907,1259.106360463931
93237533,1198.534270570446
29020722,1746.809781455547
31344857,1181.7690575918891
67961594,1235.4067625602695
82896045,1378.154039631593
79782925,1986.929782594608
65627534,1736.6623488039916
51055429,1725.7004785183994
24073352,1453.890596646851
63468697,1613.9571156529248
69815836,1270.6342741249864
94658489,978.5810333379491
89803063,2585.8006512320294
41826065,1561.387362850058
95957321,2841.4335102225427
72164672,844.9277529077212
88171071,1037.1081758371154
47273090,1499.8703404666148
19574799,1188.967289312701
74042503,1415.1407346600884
73199665,1931.2699838197695
32553552,1887.0934024853068
99007181,1431.8593489866462
86459252,1758.5364616816053
33160158,1374.8649352251869
89403244,1914.5485542179583
83607429,1900.32902845626
54979491,1941.5207930067602
34711897,2252.717330991532
76049090,2326.077594729231
38209438,2531.823502510393
43607471,1366.1292940292378
37603490,3030.735465692416
28133465,1599.31581521912
66543688,2138.577139474625
13310180,1399.0070888337464
70639698,1321.329101019634
31227382,1726.8355332183603
27953042,2080.3278037523337
62042217,1278.0067426210987
91860613,1337.77364338434
55497701,2888.4071882275693
20529003,1413.670731559431
95270433,1526.149164635686
99713042,1564.1496666702653
78850782,1472.6102989572234
57339822,1224.31961659976
89910926,1705.580226688318
22738331,1704.3266295102726
29399410,1549.464628997061
48960030,1536.0896346998895
23209349,1992.3285154943803
40869262,2751.395818284177
13469481,1572.954924719704
37901584,1295.7261196854727
15827667,2132.771905017766
36279211,1332.175335161393
60254169,1405.5457679658305
15666676,2026.7365210194428
83527323,1401.2365682204368
38323312,1608.9280889393085
16145827,2407.1587836773365
25816799,1978.0248363864152
31540608,1141.4342702723063
78332853,3932.524733737319
50241601,938.6475438353305
59793938,1994.9673818677627
99765396,1548.4631791840593
22142241,1892.5535219289661
28238312,1059.5786426725997
56677251,1785.6122147718531
79286536,1910.671912060804
20049898,2532.6731111570666
79883465,2222.6578794441007
64419086,1281.2139873996882
35428504,2207.6968941700998
83636473,1691.6862021029701
91911110,1415.68154792575
94747885,1430.8295801852637
77052407,1706.2167141998582
89274668,1348.827023798243
65429257,1481.0120395759673
18949424,864.9756942926055
78354959,996.9274907579569
38613499,1879.8680048495726
99410878,1917.4414545402226
17066881,1671.259763495826
84559340,1828.1214598042566
45796615,1700.6183274795178
18650747,2121.5745454692146
87098836,1637.0218860307493
18956602,1780.9511598406125
49896714,3119.4173523457985
51066559,1112.309049001722
72393934,1471.9624107062018
63389143,1192.077804356926
35204339,1500.9001137433845
51345357,1293.05323778116
46322354,1621.9976437739908
33951394,1732.4796261831925
41031096,1204.0971356242437
42228451,2880.7853618811505
41161057,1006.1590933590893
98892524,1545.7760568592087
19811103,1515.611731314209
65448488,1517.4966449331457
32428376,3076.8947093926836
85323274,1000.406649261752
92258087,1634.672355671275
79217297,1625.8931680177673
11989719,1631.907793844592
28471365,1398.6500709174563
34542074,1534.8081462745122
29164293,1559.3846801293953
84304086,2091.156777120601
31817572,762.4077594404805
77771839,1302.0447050861749
14239440,1331.394296948709
46882099,2149.353626323857
38983396,1473.3870435386968
31683463,1649.292001836666
78092716,2024.5772448471462
42013895,1641.180828948623
65197071,827.5681207297091
64495960,1391.1083669128707
68745703,1406.1715725166375
51390927,2098.028908676468
94850983,1565.2113161640552
24328415,1272.828657102328
85572847,2104.932599208392
42303463,1519.4385433653474
48215084,1139.2973503030032
35427122,1638.5419554241753
62307341,1936.1383293058614
63212299,2015.9439374914664
97856687,1591.147670417563
35540248,1905.5881149310092
41303810,3372.811165931583
72749855,1675.185046519337
21620577,1290.6995949401332
33846878,2858.0435081144815
72596574,1829.6960641638686
85230815,1205.4490401813548
72103187,1262.7908090296937
39368813,1716.460686297961
77055150,2044.4410200475172
61280124,1751.3912331018596
88442406,1601.4167282826763
34283144,898.687960447951
20283328,1156.8776817750681
15081148,1498.4089328909713
30803223,2323.2651997637404
95977285,3194.9752150395943
73578397,1188.5626457282995
23548274,1403.1015211305137
70020229,1929.0370637226154
13657037,1743.1773468727442
62209540,1112.6669825581475
69122837,2066.2833656422745
56882140,1453.5175317845374
31090970,1015.2462824496408
18895583,1525.539414101873
56220075,1746.7032854275171
81883128,1307.6099520401938
85178304,1260.0954249149222
44572294,757.1729368098631
69139777,2439.493337554866
77682175,1596.0594638224431
98697835,1300.1377531026912
82862062,1549.1709477097897
63154444,2192.7167899524784
36052607,1946.241091077366
80221636,953.2506370473155
14612606,1172.6832044464252
22793087,1753.3513898722917
27221763,1882.4631023050815
85356281,2866.0097848087994
72870330,1399.9414054633255
21631750,1253.2859973537006
65662420,1463.2321339044408
94704718,1632.6556644250006
68031612,1566.409252408284
23780065,1153.3433122436397
76854946,1149.6237267132335
65320814,1831.759254889353
98544588,1466.5939539599656
66236365,1313.1943234597709
33614608,1808.9704630490012
41538321,1325.2152263618673
52604597,1444.2983839278347
51929168,1078.8653342865673
34989178,1469.734888512155
17968995,2435.018392851982
17104507,1585.1996634393886
31799006,1162.558833260948
80534303,1658.6605848241659
39486975,1571.0332047287727
70473933,1402.0522104833199
39315812,1654.8111572313717
32664756,1868.2077408302987
40582877,1549.0869687521429
14853484,1577.0166193537696
72018275,1963.6869292652923
85501233,1781.946136522987
62857702,1223.3520271876885
37589957,1380.0258468155384
75861106,1185.6755610470423
82048801,1978.5493513643432
41226392,2348.4295768587776
43191623,1059.3068433958995
98896014,2875.354968434906
39009427,1130.978114081475
67635937,2090.1073097873787
93989030,1555.3612067569115
58213050,1239.781758343857
39089500,1686.838134488689
48099206,1553.7981868251015
65115683,1629.4549547342147
19072238,1057.8708321168638
50691779,1612.2908852939183
74240054,1701.735706824224
57606331,1499.1932399206098
50124096,1742.2155416491635
50596395,2037.0527734247676
96230340,1498.5546831173
73626141,1874.3893463809907
12420303,1404.236629655165
64008469,2023.9784688160091
44066450,1987.668624642319
27734466,1022.0521896900302
30219489,1243.8492228495118
43296487,1488.1737376988265
22060633,2002.058361975401
23197881,1497.4347250033195
65499520,2163.712654545059
42012431,1376.6005981668673
42076492,1565.4649432120398
92931745,1590.7030278989616
47924563,2078.4336307834824
17036042,1639.6322153072083
79903869,1026.7737105538222
27876581,1378.2638030790386
10911722,2040.8156730196388
21207465,2555.5857191144773
90406241,2315.209078269905
92048586,1856.5857372796254
72112785,2212.093510017099
10881048,1609.3999583178284
71511312,1395.2318922235409
42854203,2028.5058196207276
23271785,1752.7789227100443
92261360,1501.604674545872
14679655,981.7944206923515
90532154,1493.8706572427786
32402071,1305.4243026934607
90864060,1457.037879851142
27274358,1126.586502548318
26334631,1737.5924384463326
39224642,1977.8922215578732
19272671,1861.1738958747424
77841869,1248.4918383153718
27204546,2053.1115959835506
12405459,1351.8830938154872
23265034,1942.3308309343763
97633242,1453.193533199408
15746059,1401.527267606653
91462754,1934.1481742297306
71359730,2359.4895139187006
61463575,1143.877916153037
66429439,1339.8254759442364
63351764,1061.5192230260955
96265907,2712.446487665964
87085441,1468.023995693485
53920662,1585.869634843767
67679919,1710.7457966406726
96779897,2679.389814418079
27837717,1696.6523410219345
37035368,1829.3189043708514
26123523,1574.8011721184666
79652243,1608.309804363578
91451403,2293.871932786167
29758902,983.499138279488
47019965,1841.8369120568182
14375753,1610.492323701887
85119076,2295.3177417919464
58032446,1633.6594168692636
58129049,1673.6726628293875
89574518,1324.407694001254
61206117,2032.946744884125
30554474,1166.2821212938613
65452020,1867.5002067822993
97089415,1896.6695391406568
75395475,1598.492464800482
58881030,1674.4890154096404
49402947,2913.2248476103246
68947111,1857.6016502297118
48259609,1669.9799306873135
46561397,1552.1472950054247
99687364,2024.617677412072
91051315,2359.0119948647703
88446486,1929.0157365968855
57583992,1750.1909454438814
50054814,2163.9890163842433
42048168,1520.1730618658182
49480319,1537.8121572399714
72653841,1819.9089643009713
93923592,903.8060146638079
60863343,1569.107709273602
64544903,1240.9381831765086
13683649,1536.7948201342267
35441685,1570.3507491214107
52702103,1205.8577268699696
33316809,1348.0392289593713
99319395,2192.786176658946
42958811,2430.865756406305
79034999,1452.8227358578054
76692806,1167.1227440864418
12247918,1738.6477144949686
82872484,1765.294186074263
74712172,1820.11093975122
40198101,2218.4570849931356
21709825,1603.7211008905558
56134477,1543.9794196087862
64741940,2107.8365565873337
20094279,1653.9109893101356
86415472,1317.927335489138
71923505,2193.978407964392
86463105,1630.6045785605484
27182144,2312.621199216285
78605487,1342.259118336885
61339703,2466.9313426007297
19457777,1607.0789907987396
14282521,1640.119903030631
53055745,1598.3246695146756
64045100,1204.8713841034707
67336212,1669.0242137132173
30110453,1837.0249585579481
84766140,1282.1480538744179
37132913,750.720510085734
37337576,1624.4891896022068
81785280,1456.4124831297288
33749639,1466.4083262299039
65293655,1644.6873997823002
99472212,1088.825676630758
78611736,1535.2321412693182
34109955,2378.9929829676876
85732620,1552.8733589398266
22271257,1902.6424897768927
17111467,2880.5973324589195
87529909,1353.6318685122876
80109140,1986.5993016257196
74139761,1779.7200106989444
46468468,1341.632775205005
11871024,1866.333881192106
38948416,1277.315645887463
79710564,1630.8678350203472
76775271,1540.9190236787517
39022631,1278.8250555618922
90991831,1871.4826850290583
89162323,1787.3518566595765
23588134,1485.6222495447075
97925196,2984.735030206714
73394555,1163.5829126104422
81939394,1080.8125275393468
34503849,1888.000203191457
97624284,3046.024756288664
83688015,1706.8763938271752
26753007,1164.587493380519
87953339,1712.680700868177
63187534,1371.5259944042868
67816850,1054.9324048722592
58193423,1344.7182437983788
63256520,1412.394469752775
14482256,1197.1989998774923
70047018,1265.2397024547763
25694473,1386.9370952642191
18876734,1313.12283522257
24815106,1522.0243064038248
32093953,1240.578628411739
21672606,1928.1077454380993
51265019,1564.326896264384
46633682,1420.9280122081047
99505720,1931.4102608599244
72684116,1819.9438455308846
73603518,2154.712061644361
42812113,1952.5283532523815
91497924,2000.2477496869083
94645725,1475.6464641991383
83011406,1094.1694298217144
40459671,1263.6861502666466
28128683,1497.6242326717806
89799485,1216.995508998717
78077056,1394.8469322301319
60018274,1910.3671203967083
63035070,2904.8997513538648
50452662,1902.5513198612377
90748238,2275.75794896841
19626211,1413.595331539854
76831160,1644.8014622665073
64430456,1270.9760413774493
21788725,1639.867941331396
62692428,1182.1387812589617
44601450,899.7112112364413
84918858,2224.776300807642
60654538,1878.12946059778
33549671,2606.477837090574
96482407,1390.9366002575127
38139452,1600.6821733760087
25148521,1540.1507304938546
39090111,989.9965480853206
37364225,1843.2562370761984
79808740,1688.1337982259188
54570288,1919.820019543568
81519320,1525.3938697140602
61290981,2114.19315817063
82595740,1418.0682760019615
99018938,1576.1390798719233
84429722,2252.6586136848655
70463415,640.705019776023
13251670,1475.9880664607015
63915791,1833.5733818218987
37156544,1888.3217576737723
19087720,2238.333573583358
15777066,1599.5328833539838
88419707,896.25444662526
48515636,1510.0356571526881
88810042,2122.4438138962246
55078871,1615.9505384674444
82278966,2227.5728460492023
33265741,1248.6315317212973
64678931,2001.8348873021946
26504939,1275.6002246208868
64056925,1696.948020445281
46046461,1475.833120050744
47352478,1435.7465812420241
91442238,1912.3401394160621
89293921,2705.907564937228
12378808,1322.0553348699523
10153799,1965.8572545518562
21954731,1071.4021687092895
76938502,1553.4457656968782
51632874,1641.7802362464427
56510091,1906.952388252141
54773302,1552.874843224152
29181400,2358.176691627252
36937513,1393.8430016392547
75732466,2289.4320768864263
53117846,2485.4534858725115
38538746,1856.404783847226
27988038,1834.4958386497315
48886162,1695.1659884925266
24085686,1239.4654320761763
57820012,1464.526175170607
46878225,1101.2815862400746
20632751,1570.4297517067957
47775231,2905.809210558625
46789610,1712.701836993914
72806360,2440.7125161967733
21856002,1127.2463123999867
42319053,928.5729166223107
99630613,1073.5293566891003
61255494,2002.2224689352988
76945971,1386.705167652045
40393163,1870.743470470981
81941837,2032.7964558664744
45930551,1311.8438517931654
24573538,1810.3904052697062
52994547,1643.6109882392768
28445231,1649.3724904779824
45643109,2006.9106285224564
75887247,1264.130319770966
46367713,1446.0593415351934
12575157,1776.687497746356
85076068,3227.6141481897535
84603623,1147.461986929263
45514815,1367.4350078821983
52278951,1417.7597298452783
50360032,1017.659192332999
52896193,1603.057810561773
91847198,2943.1303167812757
25179521,1467.6567099638148
92545328,2037.9445188056984
75231573,810.520802172357
37926120,1828.4009452754378
51096687,1727.7703844341668
62646217,1264.1874960314078
62619222,1783.1482866907245
39457866,1428.5040958093086
47130686,1563.1509936586456
78763249,1276.8449542724115
69618147,1951.4109527171029
64127746,967.9056838716976
56593004,1779.2165300294466
97403924,1350.3622306308653
73948550,1341.900162993497
11236514,1804.4419241320747
54389520,1256.2452884759218
76068841,1330.9873330318571
59631248,2649.7420208447143
34575405,1425.633851060296
91359645,1400.757400955427
14542871,1126.7187626508812
37836409,1339.1932407024644
99958710,1188.3038108937185
50329848,1864.482364473805
55825298,2254.564639718932
43158591,2358.607201521749
95022900,1295.7631706033512
11903900,1582.0067367175293
59905554,1232.9899452290936
33394781,2028.5197122191116
85262305,1844.4446304810133
18156267,1855.4219646024815
77719072,1318.5596107475205
72353806,2027.2673996661247
61973490,1846.0384285331627
80257850,2261.573533031949
27763246,2282.414658964781
28152447,1122.9224437478715
40447839,2242.637186560618
88401173,1511.4302599283824
77151749,1819.9537057668124
76938434,1414.3799555511332
14595997,1102.3356813832222
22245783,2244.625976918101
45164346,1504.6723157821996
44320199,2115.594853922858
35470526,1538.4308517013128
83276172,1605.1748349677548
65081928,2271.396524885634
34774976,1259.101869523659
10096416,1501.5898498134366
76574726,2565.9539613711527
88509347,1942.3721627094067
11304650,1444.7146310525216
26418453,2257.889167475072
69643263,1510.6029208382606
30241547,1312.5490822185814
89725513,2609.317892173817
32289745,1922.966207887573
33888699,1347.0371383919608
67508421,1377.183337207689
86446610,1428.1267350006501
71641515,2565.52218727482
46243423,1708.4787235500148
86921194,1722.89149802506
15222892,1670.0962315252254
29435694,1582.3162414018288
35795322,1926.7885030957893
39026338,2168.06046432479
27051431,2127.823057772753
91107111,3048.465737606488
76674186,2266.1322584425047
17932616,1404.9334326170733
86326117,1184.748813568386
64151997,1827.187219749165
