customer_id,monthly_spend
20451981,1859.297847297999
23251656,2720.6983700853
64082260,1443.5419274912697
82505923,2051.3991000395013
89981994,1409.7225911650964
64973937,1282.0606112725673
27610278,2157.5544832866303
35883083,1234.268739067341
20490020,1679.380460590812
54517670,1329.5957658791876
94359232,1707.6862181434028
17326886,2520.3037203027047
86594167,1660.8031912459069
94873255,1589.1862981248457
62944765,2511.750514983986
95482882,1249.4136062906568
76963069,1394.3473734153927
25112257,1566.3872180972357
69916855,2999.0881616331885
71088357,1358.1004283780444
50168897,1251.156317854908
67403679,1553.377821027177
55474643,1159.908959752445
54852556,1454.7345256653216
63667529,1674.7728036490294
48025998,365.7845020169538
93351324,2109.6805050056373
18887996,1598.6225190163461
49568688,1620.0693397660802
92911099,1622.9142191247518
11717924,1368.9991840085165
62085471,1713.1219403139323
78336143,2148.014051099279
13087851,1244.1885426656597
33506258,1082.3038900630258
61356554,2014.4591676975274
11967368,1200.468651118842
98374877,1568.4890309565258
76845536,2085.3861841362755
59313599,1192.0864657566997
41041059,1615.8569824542828
22292838,1509.2898512895924
99892065,1586.6888688378078
78345355,1036.5436477236813
85986903,2751.804354702885
27715035,1652.326545107677
66099730,1504.1606015341433
75346786,2052.8226179578874
22860710,1755.2562257206441
65958654,1473.737335208546
82607442,2381.830194496974
43471475,1609.2932693627151
36465070,1192.30447359881
21931749,1517.6079808993547
66815930,2666.565820212074
44485157,974.6288910367505
78728059,1708.140231271042
89264710,1392.693115022618
81874643,1731.2797639769178
48603927,2362.5181331115105
20257622,1125.6012284659685
88360790,2244.26647401198
79411556,1620.9432866320458
24819092,1370.873895583138
74678656,2369.042992771727
22548045,858.3619423318858
95827783,2386.144783064439
60019526,2398.3443195522323
82548254,1608.9812601508863
90453319,1528.731446376091
15312091,2148.5309464029556
34786964,1234.7883821013088
46684232,1101.8613193464103
84597099,1751.6307880961122
98134524,1206.9423692189555
18531043,1591.692973007272
14953383,1537.0637419050106
80944054,2207.1199223023623
34873753,1444.2427311224876
95577033,1592.2899622861057
50215436,966.4046287357091
95347203,1626.6513044268577
58614046,2184.149400758442
40368791,2140.414182451595
23316775,1841.0321629641255
23331513,2520.668931973061
40038060,1393.9715816988908
22096579,1271.7650969676386
24978810,1695.1559923692992
65890694,3135.3327805015742
47906818,2102.015043915799
38478694,1262.1383058174918
54797755,1103.8205901291417
44533278,1368.516397699385
58182080,2141.946152344597
67491014,1742.3805363244255
45798475,1794.3281409188942
41586132,1571.215279515235
22956540,2734.9163894518692
25367334,1969.081713320566
70503250,1195.5752328366161
58307796,1040.621583859356
59859757,1234.244366150467
47787665,1351.7501778878081
69610612,2200.1406306417725
66658967,1574.9398976141006
37962749,1279.4477674553962
87675902,1989.7498653910927
61682179,1450.8551629099238
78073125,1101.507906123737
73229345,1747.5661533112464
43171437,1876.1572651344113
69766997,1825.5497882738428
14939250,1355.8932764609656
12328281,1458.0295916466362
76560997,3804.548117169893
57569914,1721.4954866091407
20883894,1641.3099823329962
22766188,1535.4999622229066
62905121,1398.9163048788068
36295477,1040.628569473385
55610529,1264.7432846214508
40366302,1168.7835119736983
18624954,2153.661269954524
72668820,2738.4077398815375
23817472,1627.9289196849465
99830054,1692.3224446078857
63410560,1069.4481918545446
11811963,1520.5124708533854
68778133,1849.4096954395886
61211015,1050.9551390567356
85223112,1649.9500555443915
17785980,1723.8877590114612
51523712,1386.8724301685709
88242319,1550.0986811724388
66674532,2213.647598747358
76442132,1806.8489728406353
84193848,1258.3147114951917
80878809,1211.4100975536767
92088473,1125.4778478761375
18574912,855.4793815918783
82956926,2463.6010840573845
57265640,1681.802651676037
27961225,1002.2014116872093
65404075,1418.904375574331
98698597,999.4023446385478
63221757,2698.0537188810495
45396691,2199.9337324577905
95724535,1177.9460173024868
98157590,2263.9499034145065
60909030,1543.7162769728848
20932142,1620.092950400927
85604729,1295.3455779668661
25410553,1234.265634464283
76477501,1809.2757177453427
29459273,1924.0497086638336
71879657,1001.3632829775282
67115179,2069.5300721575195
82348794,2210.0882137036497
32880748,1364.7136657085448
36203607,1494.3799984528123
20891850,1305.9401800313738
94570583,1227.545712804735
47560755,1469.1777215640968
39752876,3284.302909237979
68980243,1772.763824990175
71143374,1224.2210730907364
89917748,1945.7150958406783
30461949,1436.4858908700126
67458886,1075.6692766974456
44166816,1118.8217238855277
48218923,1862.5149826889824
83104523,1319.9959804492041
23739634,1804.8223058579067
45544123,1755.2808514446058
72316980,1875.2895267990557
24805396,1205.8061577253666
85045576,1851.7408287756937
21314164,1779.1450973758992
52842656,1102.9491717838469
12382139,1830.071421780056
88152347,1339.0679939337622
49270171,1928.789626214546
20221404,1285.6058921428128
25851974,1463.0303013261646
95701680,2296.360252191694
83739665,868.0250710247395
61996348,1578.7572298269374
12797236,1869.1605954535457
25554853,1291.769186604998
72618187,2276.0120979379826
77583489,1558.1026049741602
79450582,621.9090230784168
84595636,1610.4589988406776
89981949,1358.4662543191255
69424476,1531.827048043201
55064308,2199.5905610092714
82956266,1683.2555847341189
60185159,2260.4102803686606
80612747,1804.3200475780075
41303090,1442.7575539172785
13517787,1938.9579283114144
34078093,1580.8789461576557
69030112,1634.7381199533445
61791328,1721.9307765731976
51789245,1234.4955416127646
88068699,2629.0887061200524
33399367,1350.8370378116126
79597553,900.6324381277724
70695101,1572.6862443785865
98169962,930.6471794904427
89251190,1770.291687348031
53044281,1965.3732888188397
73528670,2814.3080496119524
14751149,1764.9058226436898
61490053,1590.9683946130476
51385275,1502.7069181671786
41764194,2552.843250089549
96598282,2245.2597792040374
96823449,1306.316002142469
30931247,2121.5869670074394
60872668,1276.6992815052035
97835669,3165.919939071421
36785828,3113.590675525283
25812131,1519.7053698979764
38410800,1935.3335476005082
33023072,2086.9998544728132
48250594,1787.1374148895861
94891015,1219.967927211173
65307671,1214.0534080923799
99621779,1956.841442835671
83959755,1264.1601806767578
64535310,1398.0316378004836
30594968,1628.8231714039725
10263960,1411.9781408385195
60876075,1867.9932847126065
12217583,1860.6698694070014
29989580,1149.1853239848663
31184452,2003.4782986408834
16182148,1586.135466723026
74700470,1790.5711731545227
53084609,1154.0311008256724
36052930,1403.467317099144
86583512,971.3669214444915
10930793,1850.2983862039137
74179918,1036.0973575114083
89853445,1172.0257811261308
75258370,1289.1110019629828
93197004,1715.929954912955
16551408,2254.101775132095
36115326,1917.9715592559553
47243451,1608.1739186551533
90773939,2796.574960272799
30735291,2190.2985328143222
66891211,1034.4557579856214
77142249,1202.6547188134282
24530798,920.9946198321393
78204046,1374.3053179573924
60230110,2162.551169841002
13017302,1971.45349909594
21044447,1508.9287281962047
28976655,1671.7871445567328
52214813,1732.8224022094862
61575366,2047.303732854374
23125986,1105.2656702999643
11614855,1284.1723359970144
68090330,1764.688270884044
31241329,1998.3112068494456
21561157,1312.5505296530341
61917300,1722.8949039504723
82147824,2778.211984276646
91513421,1326.9554114971486
30753790,1579.3788151905014
33700064,1329.6572567638939
86773406,1268.8709111857522
41719197,1510.0757145470463
67399596,1229.2231690503795
37696535,1177.9825189623596
15791208,1399.6188041000341
24348676,1180.096058958473
24480974,1794.232605983695
49440078,1423.9195474984147
48242779,938.9725109060421
13405947,2526.7008324198455
34531671,2169.393285564364
63652222,1430.4119258243272
97745210,1554.4099600140491
48557187,1315.3309006961922
79801016,1333.09043555523
93409518,2101.9534906325694
48891463,1013.8653383032663
41134793,2341.5731363842456
76776302,1773.205831104928
89505130,1342.9732196712514
46129267,1429.2880140056877
57862630,1140.28378764224
32227094,1121.2927051347242
72887559,1714.3637551833565
97826236,1168.6587198703055
40250768,1772.6470734565562
56765848,1109.5075938495854
11244823,2470.444833751092
40189321,1647.2020133170902
68120430,859.6469347840905
64917610,2209.3410021619284
79290200,1160.5042619554558
13110537,1579.3743795952298
56816135,1183.6606142003302
27525357,2806.8576336891306
71914367,1796.5442865102605
23989491,1184.210833469039
86436168,1983.5264702516874
63499286,1602.395987326047
18619374,1785.7902074251472
52222614,1415.702228371554
75467866,1578.5854846063173
28926111,2405.980911620163
98661834,2994.631916024609
73087852,1435.4212278717653
48887326,2101.797509801503
87383314,1791.761377727797
88682579,1815.8031824787333
12617324,2505.787979754275
49224165,1411.6257536136366
69951588,1879.9944364966623
11713703,2046.0067977474068
59435002,1808.017109172039
61153563,1538.8581956713044
57206499,2702.9812869570187
89140242,1571.3503242593986
95100771,2316.903908864092
32638417,1047.0423778845377
61625712,1209.113683769395
61250133,1878.8444845286058
17952873,1439.3869755941346
14513813,1390.8276998165018
57500282,1357.6714297549695
51340284,1470.3285911242906
35897956,1411.3417573389677
21856280,1733.9660461412318
36786275,1377.043203297058
99178725,1419.118560146829
48955886,1806.4116312414067
51811678,1378.9711677949872
81930210,1754.4051693521412
49161318,1661.7570651483445
24723720,2096.251804011728
14950936,2455.9284283804254
54638593,939.3470117519305
98115682,1618.2170050153418
10533857,2374.5572325454013
87478097,1496.653929388395
60429975,2164.2386410749314
38969729,1675.3570154922588
64656132,1537.1332144529445
86963086,1528.4558016217484
17268859,1457.0751895739113
72142121,1786.0688603364995
91574809,1571.6178598700465
54272037,1815.466590314486
16058661,2047.495618415975
74133244,1075.3030239297832
14281752,1516.844717734503
46666867,1070.479631532493
75686584,1583.3583291544667
25546684,1336.4843926903316
80619174,1606.0121854964
61749604,1474.3870571856232
38248391,1078.606035030031
16877088,1155.7803609779141
99140321,2217.2737742080935
15975231,2786.0760389686857
40531945,1562.2452532145612
71708672,895.7440183239725
85030779,1778.6756664463005
61117487,1285.3948651513037
42638536,1887.7487322690076
82326061,1260.0589078310447
17028661,1151.9271444749336
26048783,2225.9629657252594
34262255,2270.7481749245435
14326462,2018.304690681015
93816989,1463.964833009946
23690395,1628.8066777018337
94999262,1586.646160462073
81971277,1426.9369033669848
90562416,1491.8089507097225
95799765,2406.4254957367357
89244724,1920.0521435294936
83879641,3037.235068189653
96424387,1716.8035298446805
51051501,1292.3323551273531
29249441,1660.516996262934
62893412,1329.7598488277451
61417835,2246.3620027528555
62755928,1559.9974143452102
66501572,2449.315529816748
76084740,2697.1923267263605
27624326,1972.0410324822424
86757966,1572.96096689537
92455037,1074.6948125088234
67852942,1999.0906546332576
30696098,963.1533333673888
44792329,1132.712438799702
10390388,1525.7594601775127
17826936,1900.0031616939657
71880941,1500.0136812802848
98184673,2265.5981656779695
60002125,1364.9155983787462
34664804,1197.8447050939674
37594595,989.7233960521594
42980815,1851.3106393166092
25819880,1585.4453001861266
16484408,2039.2515873454395
91766904,1376.7000269845105
82866803,1507.612989725092
82424284,1532.52960513122
72903422,1620.5886249979444
11480750,1860.0999505964314
96983867,1765.7781266694658
41426492,1319.5493068598782
24002286,2211.546020057311
18056145,2103.4086956651954
72362977,1114.6260954763334
15977163,1783.824436939617
51036186,1366.543742990829
34918337,1958.3878752606201
20599813,2065.982930343082
19900890,1694.039138096007
27971378,2292.2807342077526
50965403,1634.6894858302708
49026734,1116.1095883912546
14192253,2491.4337050618697
76817070,2373.3987478874988
41164681,1378.1468960867046
94312885,1689.8167610666728
38527851,1102.0720139057912
88279496,1901.3330200961366
15498361,1525.9173954330602
17691622,2613.17455627023
43719564,1298.8929620873744
27861137,1258.8430389365965
20308452,1452.4190914302885
97996598,2158.7701017407367
93656677,1081.3323658013385
20464937,2291.239396598046
25195757,1553.465926212603
95231592,2021.747146302471
96604510,1145.7014619046092
12888073,1320.8944976517375
99408984,2007.4202077855407
65238591,1484.3692250963547
24114707,1382.7969062679877
70796256,1214.1839010716915
64703869,3490.8818742579806
35203752,1517.3938688330422
47453323,981.1978628283084
12385313,1363.026486990887
54441418,1362.8444512246467
83549825,1108.3446431642865
20370209,2472.2201356592855
68357218,792.8955423629347
62743829,1621.06897316463
20331898,2221.235719849913
43934228,1593.898379348557
47620709,2486.235355474363
75355275,1473.076079198457
63446649,1702.4965565270265
89051919,843.6456459357889
92954904,1657.7818755559417
64731800,1558.2017437396476
27945685,1920.1832708813151
98412215,1248.8395862038806
19535502,2044.1302862009702
66516822,1673.2290231867803
45373292,1189.2085390564055
34711249,1381.7036418259052
48370651,1808.2482214517152
71354510,1495.111762660443
56728847,1015.9633450787378
40004525,2295.920273482432
94648945,1562.2205475206313
62756732,1353.3632066381892
80428237,1641.706180721133
64878556,1707.2482923269697
30597278,1530.1183490148949
40357660,1721.758361195408
98010210,1529.1761745481417
43275959,1905.3626066229922
67938712,1500.9151506916444
50506973,2245.84152921875
27421159,1371.6263137830595
51123211,2543.310679706328
51887530,1246.1111773888363
68372581,2065.402899704675
31184062,1663.4742553362737
55543655,1888.98092099247
71805162,1893.5108715684803
98612541,1572.735962810199
67235486,1298.6831564054025
35490134,1698.526158214842
74647441,1384.972838689088
73962817,1420.9757665418745
95192638,1217.1698521393228
96803902,1453.9725598584075
97635826,1171.8152364894224
34428942,1762.3849317419993
86699979,1811.9359390568256
79766437,2013.3129414595478
55732878,1690.9313225779479
20035702,2951.119530641161
54997853,1915.1022174245197
91776457,1446.123937251801
13967606,1515.5978062096442
88365927,2972.5734826411235
92907413,1132.9953375612056
89771364,1719.197523248302
75648081,1430.5644851497495
97365061,1204.7016368439547
29587137,2207.044324165853
22019813,1382.4195513587692
29469529,1742.0402405633174
66670735,2091.090998232946
84380411,1925.495388104259
17040729,1846.9272880665067
25307807,1801.1553656296362
33962361,1250.7869216537342
67969299,2222.641246210256
38562471,2363.1521252619073
33114742,1850.2696621260338
54307298,1132.338147815269
20058700,3458.647568004373
33779532,2062.8958283980915
88110162,1202.3318895168732
36112292,1369.0542178025369
38475061,1789.1367908346078
92644264,1713.6628598080742
92355731,2123.0379289924686
75478249,1771.4786604692927
23875741,1006.6563297261664
88793850,2322.182984994451
14142195,2597.5663216307316
67422773,1999.4585466345038
36705498,2285.5096021251907
62072834,1728.182720892555
33337577,2164.382520328823
14298054,1920.722638641569
96998725,1226.762603983334
70579244,1720.368253639271
26844678,1961.0888123449602
97441250,1385.3507195664124
49239286,1719.9952671006629
19469855,1113.32980020988
82552850,958.5547382177126
60170958,2660.191113824813
28237826,1915.8468355978632
84208342,1808.1149553982386
28295140,1963.3566368833563
38477827,1482.9438880552957
54941872,1297.0022294895718
15450767,1637.1100998206887
93656934,2059.8669905467036
54273142,1412.0116820798896
63648675,1207.262211314492
31875954,2097.850333821615
60881802,1905.18875510519
17233443,1523.6295295899272
28953932,1462.7888863970495
64958348,1509.582988748167
27038940,1414.1203614923259
25667330,1347.8873880562696
89200812,1476.1121038174163
63109620,1209.1362081589873
34692595,2117.126647687888
45554823,1382.9697009017157
50487516,2157.2295319390364
37970303,1853.444674545292
20944145,1643.3892024121262
54232510,2398.2845320723345
58289637,1506.2663064698022
70295882,966.8429985334805
11855847,1424.961895338094
26640485,1509.109655845009
92806514,1764.4061821720454
43703605,2113.629783012787
75507937,1570.5542963101445
21361381,1498.9119918295505
73615273,2310.8089429084225
92437179,1649.3515446776473
57813173,1435.085351783627
99373127,1132.064517102475
95805212,2472.9747113992544
61946147,1542.3317567070756
24903202,1376.685762351407
88268253,1392.6663903472477
45270713,1355.252869197822
67013519,1878.7876003663628
64480094,1268.6184856279988
18481385,2248.587238974609
69314375,1338.996896628815
58464172,1937.6479662242132
57844179,1575.145744672785
65371057,1449.2354643590513
22749627,1370.4607662325734
64747851,2267.113408184648
35545690,1930.0536350979116
91575937,1532.0780143657535
11663787,1535.3826082171463
59570536,3025.231661157115
53724418,1600.125679485364
78572661,1311.8015495258244
38544041,1850.7942309433047
27091356,2037.058772981962
20013110,1137.8134841039782
11862841,903.8528553388774
54926458,1573.8796030167634
72702715,2770.289783909678
65477001,1358.8031851528406
99407693,1401.0538220562826
15192014,1814.006039254962
87232785,1796.6105956477888
76412402,1532.566434000568
49393943,2182.652173954055
53853124,1195.7845662105312
17486636,2584.2635330621742
64895733,2636.8717755759308
64938150,1241.1735214232845
62321885,2087.9989105044183
14616504,1480.874220730283
53996148,2019.8270857876066
17209399,1968.3873241214535
25102335,2020.9829192291916
54515012,2479.46643006415
80596244,1385.6368658339834
54217244,1308.1882998208257
29133774,1352.720878561906
60727794,1720.3584816241041
55160698,2383.130257735397
18231141,1861.0486835506701
91091163,2199.058430179067
52747750,1740.3847024725053
97932301,1870.9668590738884
77391969,1558.664900068323
64274314,2233.694296524472
82861922,1363.3431105287696
95155142,1470.1334364178833
57522876,1128.1821417196725
46054634,1422.8010669143268
32006732,1692.1881333083431
62808198,1116.77496596244
60875435,1667.499644838887
15688688,2048.774050887875
13559129,2119.890194813768
25489744,2918.3219001308635
55669591,1192.7005822776232
10763911,1342.941748240132
15579269,1013.4872767131566
18433265,1794.2292273552866
72131946,1066.2969013606753
50106249,3331.072875386022
21363716,1140.646751878374
80090384,1952.0463932512139
37971475,1263.4229943134906
31314120,1646.8019874987417
73683678,2054.100371117489
29703095,1650.638006106054
87144591,2213.7512170735213
44689207,1376.5907370923985
42450190,3341.3901366257073
92653218,1671.4520823267464
67727493,1738.2930031004478
55742747,1785.0668837513658
96941026,1144.8660343182323
89824134,1349.7414426605094
19822449,1309.1085395419527
18676315,1240.8116939389747
17316044,1125.0485996591358
81559769,1117.7278365559512
98912158,1158.838212224507
67772871,1840.4626054562902
65921862,1728.8593778577851
12636566,1266.162183801875
88608909,2112.7973351938936
43902318,926.7620461875957
59512038,2148.0518076924373
77976362,1480.3575390519668
57092914,1818.1955227245571
47412567,1603.3691104781901
17145991,2913.8950749519004
56270450,2901.5942265605895
47467383,1581.5698037444345
10449714,1746.1869917160575
43156511,1795.7476715672526
71377851,1741.2988752892584
54093810,1713.2818596340667
78096026,1480.024066831436
57320154,1020.0565923218115
45383520,1071.2308966482333
38351707,1626.9021061901135
70796190,2697.5879887234305
29977177,1695.5217228151544
97584339,1495.2512375855708
47886559,1140.4888395247367
45622137,1550.3311022688072
21500277,1238.9628415220516
47647928,2303.459623910481
54496344,1411.7369057421215
44268785,1770.9688131461317
75946241,1345.5672874500458
30459191,1290.831325448217
15840319,2095.403058500093
72588739,1721.6697805789881
73017157,857.477556876504
25420365,1649.4097171643436
55377863,1704.5770049388643
51370964,1551.6853148466066
48905468,1598.9131177940735
83191846,1705.9840347461616
59334183,1635.1317399783595
94009638,2219.7660333445842
41721760,2372.94549123917
35401283,2279.5717220583215
69685525,1328.3650316541925
84271975,1503.9622769182847
95753616,1197.6468400301906
32526219,1004.0615675934694
64532934,1115.1197896153813
76031822,1591.7489738941733
52468855,2225.8823629645312
21028902,2376.168863728879
34108713,1573.4131590642387
84943048,1142.7857528127004
84439701,1720.95524681464
16539498,4417.46843153181
24537949,1486.0945540471512
19537971,2267.1045401026117
72069403,1331.8648572189477
84333546,2221.084800091014
11868598,1848.2542186979592
72165230,2127.7496883973863
86606477,3082.742697449387
85432562,1910.4957310432885
53853013,1921.5142295627713
87319378,1552.4534453768451
32466967,1289.2970978024605
80519195,899.1823586710259
12289146,1357.9036045174187
17893529,1542.0346093141588
76217556,1388.3875442989192
27323024,1679.3712055085941
86557861,1584.7878629503218
37601873,1846.297591534374
43146250,1287.909736327995
51498335,1613.6815960542788
46939189,2077.939752703035
36620181,2796.226200187237
59890806,1689.2910463775327
19160668,1300.9789071209877
94555827,1502.1630582988737
73451577,1619.979521143217
83828090,1400.8236096538421
92021594,984.8293779407513
15822386,1507.3794640068238
57405310,1192.9423637219188
22671359,1032.9029686195022
68101436,1182.949316082373
66910009,1490.7329208139247
55778706,1901.7770745211499
75120697,1610.8656364245558
12885545,1498.9478879564676
28604372,2060.5691506353733
97297156,1221.8512239102763
18964928,1482.9851385754616
61244754,1614.868177490852
45178470,1511.4677781001146
65250669,1336.8695085369036
75566313,1663.632028848572
25053248,1729.9100841995148
71082761,3067.0556888488645
25210276,1541.3534680460969
39718089,1945.2259547860308
51364178,1794.7200645123382
31211994,1564.6058083986302
71509945,2172.7732183716325
98330029,1341.6244880336287
22456435,1391.6400688409165
56912862,2188.9862823920134
41548833,764.1263120232156
34760776,1546.223721027139
54015943,2370.9271085288938
75943554,2346.5356497982416
61847706,1349.7522147703323
79766441,1429.452755691694
29099073,749.8808393597606
92971983,2324.8045458479405
77042656,1297.4671430546507
41355522,1272.4773451327094
37905258,1438.4680480781458
62845536,1152.564205423973
70252689,2346.0030911174526
69012389,1054.1899307101082
55230723,1317.1792968425334
36148733,1511.4851600116892
11166306,1592.7585552534292
86661349,2351.2552980685837
39933083,1390.945238158073
91301497,1470.9563762597586
84697954,1311.65109933178
16890490,1299.0114547356238
46638869,1145.9566949012908
44149767,1635.873277740489
18897403,1672.073709375656
77411533,1148.6786440822043
62885631,1999.7866543507157
34219564,1731.5015775165048
69042251,1293.1620937209007
24137005,1149.231388713176
66305720,992.9439283665429
17619455,2140.5744684880087
63065642,1588.0267142901778
43970026,1989.1292332584858
78870428,1809.4465031886684
72114631,928.435286217675
84664219,1747.612394883508
25739422,1406.796742613301
54038039,1991.4976776171127
55081531,1510.0106071020405
45672847,1605.461615202816
29734641,1499.6767297114122
63805244,1188.8274763930174
82782411,1847.6857183533612
64705797,1414.8852371053838
59326862,1346.729960240087
48549098,3088.6126941928246
39570097,1279.4351848211677
98000370,1336.4138250347023
63674921,1886.0557669792952
16674336,1719.1634198746285
77063987,1538.2448258265117
67143015,2484.117982532886
10570033,1548.071523612858
47185088,1239.7874215515
63757190,1463.203940488277
43453041,1511.119766164885
17890447,1961.2121898999576
34735493,1072.100514838836
40580820,1247.9706870199752
84776860,1799.6098784838814
34883247,2233.826664631693
75437035,1480.2918964944834
63198281,1422.6050365474603
33289878,1920.34522296867
42222441,1588.1367476736377
53518898,1351.8736491982131
77756377,1957.840136423056
66266331,1585.7665613152383
75207542,2081.6193040952103
65741993,1252.7153302072022
30452290,1084.4676081261455
30341625,1520.7818720298867
10196118,1277.976463096922
39997400,1526.9840414387793
42764498,2690.4986780640675
93568775,1141.5757700419647
60138513,1313.3381276473713
95863174,1665.6556541694079
92194956,1565.9741306428593
34979379,1671.3152908384657
71517927,2994.2697782533583
80092401,1016.263451110442
29853468,1068.558898572231
95595164,2406.9286425846817
47277321,2471.9546342930303
95111852,1008.4578580013954
49309773,1602.4510317746426
52060622,1335.391595337959
18920892,1238.2348927999192
95549548,1722.7001098121466
28343921,1658.7544513568766
24575136,1362.4105214989324
51405326,1442.7055314907516
88024456,1663.3044612331514
61475538,1933.7531182352343
86032798,1973.00293614819
99829874,2021.9026863800036
96251785,1272.0053657147012
11235918,2027.6838207702697
41084979,1712.1675960547736
31949326,1410.9034624727656
88425482,1175.510761522577
41724063,1334.7796856461448
24244868,1776.8121401679705
96443454,1626.8342555371426
83159015,1603.2847535205033
24632345,1535.2485735496398
44153806,1516.533674982494
93580629,1086.588476124279
53277959,1448.0512781094305
99759183,2615.8343962429676
55252816,2733.1042258593643
41285175,1520.7006817110248
73261084,3109.432533957547
99347555,2127.5799675257504
70567494,1190.0763673272672
76764787,1226.1616905347014
14328685,1860.4652172269268
66866287,1236.7705713939358
49679159,2090.391822972282
58671247,1725.0702945507626
20236719,1228.6451315642587
34585357,1365.3170135706625
45051453,1201.0035774631895
51786574,1639.2158539916322
79731887,1283.074957035554
54354970,1505.754263134784
77833826,1409.718617658619
80242735,1297.3601778536527
79336488,3665.276422436828
51121070,4293.829184259467
15930057,2081.583738645081
84864986,1766.2264144996063
97820091,1967.5508304390273
76206876,1491.1833180576075
34508398,1206.8503873777627
15581330,1750.4867917458162
24272114,4606.09705722422
45684128,1341.898130065938
53910689,1612.1986133015296
89611963,2011.8220854161118
19439294,1413.6685530491875
44476677,1301.7913258540104
72816714,1653.792274087281
74817899,1856.4882223531768
24462605,1511.372080640437
62629343,1167.396489416385
60387272,1403.0845724095082
60976677,1934.9737656994039
25938630,1983.9520273715111
89171283,1585.3115640840542
23407854,1224.6805923701993
84390020,1211.1617362789311
10131944,1699.677769879265
61185673,1300.3111864985726
76507951,2383.2253710832233
92456997,1427.6261023440727
27091498,1501.3283906918202
22015405,1574.7772171631927
64048811,1242.5254447989344
59963315,1798.8675708049504
99392827,1996.8388796587644
52435285,1182.3152989606526
68018936,1284.1997671478944
92985874,880.2787460017781
19827012,1231.9025595984165
32076309,1236.4870535004832
74459345,2319.5067702682986
59329650,1734.4233606862676
70105673,1509.790489945809
47359337,1570.5449102297694
27991858,1468.4251406157562
36755663,1633.272272311987
94560591,1994.097512701529
47944050,1453.3515179104045
49561372,1884.3625039745377
96160989,1219.988040858901
67474261,1646.2716132130734
71965824,1885.4210413354779
13777105,1959.919005712654
64739771,1457.6604708420812
57691432,1535.9509427801943
21801740,2161.359718433054
74352185,2096.5674416633788
91521650,2130.1493041524345
64797772,1769.4767524279634
48820263,559.5104849545304
14791909,2187.868609614531
82868024,2426.092809371501
97971853,1569.9409960405824
75654232,3258.2670839412913
30725718,3487.984018766614
83442812,1842.148466843257
62376431,1920.6808075831057
45295601,909.8304223349107
44038407,1589.4552072696372
74138589,1661.3413280534342
78812422,824.860275951814
57253455,2384.476499230815
10109432,1407.8075288986217
70492234,2095.8397364323864
16499768,1371.6766503321483
29721809,1700.3861571858029
99970795,2068.0124861891686
38494075,1809.4713214327649
13300921,1047.4739167549103
18255583,2683.19075754882
76957329,1593.1731372775755
83103502,2243.9281249947066
24570014,1413.7065563268554
19318542,1862.4554140584778
70614169,1441.6667046479208
68374888,1264.52205228501
10546051,1444.9518683090428
82817153,1155.880541849115
26190736,1457.4689470863698
26227414,1294.5225185483812
55825692,2202.6070635479846
65550483,2016.445140106231
14872097,2267.468517271721
32405281,2276.3475150586437
37055817,1432.9461737055296
42617798,1588.6483749483414
30684771,1568.226590191161
21842298,1797.634622902111
44215525,1566.5795071384193
54734331,1456.7861317740694
77244965,1396.3945575733358
31618537,1808.3020758876942
10912371,2008.7774975948182
25284273,1347.9590130813526
63793006,1547.969782496243
40346903,1191.5181048548957
14281423,1309.0010299054154
10329833,1489.9009853354728
58147868,1597.6328429397831
62215262,1244.871321385506
11535494,1513.8829472420061
55289261,1832.7187867225527
93054393,3194.766835883237
15613905,1357.6552507737347
52346993,2723.0334820125295
31426410,2029.2231617533764
11924915,1347.0139684624257
83461539,1932.021368327848
68351051,2309.9865464859495
23144760,1448.4178889898835
97049626,1672.7044889164354
94895031,1201.3216379491303
14702382,1549.0643586229185
22232789,1460.989865177432
14653500,1015.7190127360655
45931554,1087.422568156704
39099976,1513.117560051875
65803003,1450.5649158542453
56391701,2346.981173432414
92222330,2368.2566681935873
93455198,1372.857515134551
52410336,1100.3023897830215
82423675,1354.409435685019
25925356,2634.60740245995
88622240,1136.088908715616
37830382,2828.104178611457
97198420,2031.2791940670852
21477504,1356.5181752383353
84142976,1803.788433752846
96401209,1488.7358382626633
18047299,1786.3732042964537
25908320,1682.8458006585013
69709013,1466.9411229046152
63707451,1500.486095576348
68674616,1796.21034658307
41246291,1614.071664899069
93099265,1643.3388743531852
44969882,1518.8489678428582
94840571,1827.969737108922
24428966,1645.7191667205882
73406276,1833.1530902255997
74093567,916.5152392251158
55445678,1437.6051899759977
56770356,1711.583370554992
20116401,2178.1812918371575
23989432,1191.7550578957878
77573883,1770.0214996599834
30955534,2039.461885641384
46007298,1297.1209788653237
60038151,1419.2869666441834
16169663,1653.495992951947
40454664,2021.2517392689665
62049127,2187.267023396668
19821119,1408.2335693016103
56611586,1566.180755598626
55267084,1252.427318016965
55813034,1872.1281690873038
23867957,937.1165846423835
90096160,1326.9752847339375
32751852,1535.6155167732816
21394047,1133.5366082171083
80032862,1363.8260349957714
22418983,1475.6063111270441
52802197,1160.5096183946594
48673505,1277.350917086345
14195685,1126.5753051464594
22205138,1604.6140212958778
96628154,1504.8721648820585
44734813,1343.9016492788357
55802873,1731.5110013204112
41368275,1603.5436694572368
67686446,1133.4938599742904
97989934,2275.095153264169
65686117,1103.8565452054222
45591525,1873.8363481048814
14884094,1464.605412901673
60291749,1391.090870948111
46418453,1504.213835637867
30133967,1917.6932830655721
30307611,1557.7889127683995
76539721,1694.0004286042513
93325285,1067.8477320812442
69825909,2119.942759270576
10220197,874.7900369934443
34178403,2616.134312384177
67327944,1471.3891893918797
58361366,919.3160302915421
35080838,1251.1749113531914
24415695,1544.500792057062
30354080,1624.8273759595916
24117628,1823.7229052917282
62628994,1232.0140462873678
51012198,1390.660348408852
68125143,1613.3096747743034
94485707,1698.6914510577926
40172711,1593.4084889358219
17647583,1855.607020593102
94790367,2109.99860581272
18254706,1450.6563598649975
65733568,1541.3040402831914
58357649,1400.3117422875287
42289495,1700.5179437330635
15020288,1819.4789629145052
31419590,1443.1265621620325
37233713,1299.6510706431384
26330225,1483.8813437472575
73976501,1686.7081233753113
90642644,1113.984558445216
63791881,2393.663543056012
40102213,1623.8518039747125
60203926,1440.1820042633478
36257216,1234.562573468641
24119768,1833.785500582137
30403208,1702.8280433252955
39737862,3532.0279992252476
41150683,2370.489200327286
99351268,2038.099640200993
62692262,1935.238833521084
72711178,1476.112755275914
10083097,1565.7800556819375
65370298,1671.9351536089991
84388395,1235.689364309845
52114454,2885.5278533030605
74646950,1593.9564228387364
72720701,1423.020609244259
45732529,1549.7227613243124
10509116,1901.365642724304
36154567,2147.499490141677
46124383,1861.8309265333028
27866730,1985.9228446632478
62320931,2077.2180522920075
78979954,1487.6689045138307
52531638,2325.630242926405
70662494,2282.415233415268
88174413,2331.2151725138715
21513664,1141.6758789198261
26546743,1895.8499537047503
89094189,1953.3101957794279
34006202,1164.7055891023906
44458405,1372.3997338458473
46102741,1970.7281099447082
80947937,2296.280086771801
73456376,1224.623714312247
27640503,1280.0038893289084
66469621,1757.110594336887
35504694,1579.1958504497095
24815317,1112.9661526693437
58171289,1665.9315607031158
18612790,1960.8600319632228
63428669,1813.8594399036097
57949817,2448.665001898188
72876573,1490.3817327139225
96193736,3172.81616607115
57932688,1849.270387530549
61617398,1817.3000448428397
57513357,2117.8183956291336
46336493,1395.4452501108601
56173102,1480.9104111357217
22210971,1403.8036162198619
27397907,1280.32612081555
94750459,2444.6596896743577
23197778,1490.6211111410225
62692781,2389.549583492299
94164438,1755.4559539518543
19395402,1571.1255309089388
94219712,1731.6031936701966
33491568,1280.4247727216082
67632603,1421.8263260087176
19852962,1918.5531998991996
73405784,1813.7666073713117
88192699,1466.069851306482
29867417,844.0313979089855
84909546,1575.7907833930287
52598919,3205.9033453607453
86077350,1145.4849079278918
43929538,1764.5850532922707
89992133,1536.2185811498175
33643157,1255.155061590232
40190924,1515.9694176977703
97098808,1889.628447359105
87635513,1624.6640823104983
16478169,2188.515918571576
79498204,2022.99194356232
62568791,2496.2110387502817
36457296,1519.6839478182094
29599077,1513.32410415425
22644116,1904.8760436824266
69419691,1360.002665216319
21970018,1668.7553627183247
31666748,1425.229905932185
84691804,1781.5166745110969
19277545,1661.9650612997339
78443496,1161.4360130903665
92759112,1371.1805696467982
49629913,1704.1737366473342
14874574,1163.610872903555
61108399,1487.9500213285569
53618559,1566.4091940548228
46977752,1475.7975549020896
87695599,2136.095945826412
68430793,2208.957055526394
11606038,1592.6743910835048
52469720,1008.0088306747563
91726930,1543.0197607081832
14558288,1581.1560230234502
98640275,1397.9202957050932
82918511,1290.9825009149563
32992592,966.4183798423181
36930879,1586.7666478402357
73360172,1446.7201671843784
22281491,2714.0353632076103
33813436,1541.776381172899
49300946,1866.2188322911868
56371129,1730.5909132913093
83899433,1787.3582546365367
25827679,1762.357076154927
16631062,1526.959771188244
86793673,1960.0017170698293
99689707,3140.0994154372643
69776211,1408.6698599178142
55892015,1162.2963309952002
19716865,1858.6243987659911
46860460,2288.2733623615036
66143638,1515.2097406574565
46241046,2025.2806441465023
47497471,1793.3304995826363
38256243,2310.257615573158
90078699,2175.843545568178
66607961,1770.1713804983974
15632043,2211.4153222555497
81498334,1709.9805825690157
82443801,1385.4581759291589
88411591,1307.047669929654
18221799,1351.4200211247703
30242976,1568.3542503276012
66494245,1957.1845429798539
49287510,1152.6688564629776
83370642,1088.995501676179
92348451,1158.9101306685088
55790147,1721.6883276893823
49423398,1865.1267808118455
39715763,1495.493109353906
46440335,2009.3850238430202
78128236,1264.361927635167
63409672,2219.099889982873
98873842,1230.3171817952466
34782044,1797.1208507717274
70391546,2087.0618640998255
76956234,1554.542831208781
41544516,1345.7628067100038
42550648,1145.3756047751147
98465226,910.8562444591248
30886863,1365.6785218569578
84535276,3331.769242013264
54301788,1322.7679372336324
78637034,2770.507874068269
61387156,2304.1587272416036
71715096,966.024474031217
47859897,1297.6119016853854
59800013,1996.1908096287218
95293248,1508.1941130058194
11553772,1935.1229957708742
91107127,1429.1103633740336
66825939,886.9192388948985
33598864,2239.301533000859
18818037,1736.584039744453
86800656,1868.952087104418
45209421,1293.2485484435447
99712718,1310.601115326724
80320840,2042.8738430995106
24591401,1314.3480799123454
90294177,1546.9346441419134
14404076,1250.2878444897249
60829113,1735.518030274133
22529505,1766.9709307220455
59566170,1684.6073902847622
40149323,1383.206423252548
40382936,1408.6172385896416
99300537,2286.620998676462
44631793,1157.890692294544
49450050,1661.2658672779978
62395628,1528.028520945927
30879014,1192.5859349775567
85524688,1550.6947451445596
87381496,2199.4993742886754
66258576,2487.3315867088622
71415255,1770.583936352257
45179604,1712.7132598305434
82676573,1904.84213350188
14654038,2127.7815920203957
57261303,1868.87004902694
69037727,1707.4288159442053
78583522,1044.6598592813205
49703078,1171.6698590702397
78525136,1281.628565128417
86407509,1775.0185059111461
33024193,1501.590662470908
38535158,1666.4965159721917
84179400,1982.3747871049131
24680896,1193.1832390448326
42024082,1696.6783457474603
31137878,1225.6354174750988
92689780,1514.9242949683194
93487228,1452.9847686896624
27421195,2753.340451438383
27611928,2321.1573100568594
25261420,1754.151016980172
46864780,1881.4585637863631
51909487,2174.075002260287
37913958,1524.9271746765698
74334619,1710.3210574505756
24422548,1826.1935630235566
58508595,1389.6743547666222
25087154,1718.1229794312933
76806766,1395.909311627292
27262464,1266.6853093795633
73422693,1417.8215247176277
58175270,2611.841107188181
76648743,1723.2109207735634
36026120,1262.255736111044
87485989,1885.0594166939031
88798255,1344.1463705689591
85293030,4010.5229629974033
87029422,1291.7172357750867
72679949,2218.328679917568
25871017,1081.442699940696
61396744,1442.6053681065546
63197784,2216.456561368659
49632353,2361.6766852503933
65625596,1329.7927412009685
86795596,1210.4762642092173
81433856,1038.6760955343761
87476873,1456.5850062003485
98147948,1200.0853649598832
99212421,2319.8485555167995
78236394,2128.4694103021648
60511137,1815.101042183823
37030090,2095.04839709155
47227545,1671.7759063717958
38980163,1554.9075983640482
33290320,1439.410680208517
57735630,2591.476616786365
37888473,963.1773861530933
54251453,1333.8091825025238
85556127,1580.2146899252532
26903779,1892.7024414257216
91692809,2391.4307620409472
32446203,1866.402017629787
34350235,1951.0523748278952
28532174,1579.3832906564041
59869496,1341.6469280579581
37887202,1901.7980220690001
54799254,959.2509897186901
44298051,1467.7565732923786
89901990,1388.3649155921078
73292166,1762.6137111925414
21775362,2279.586434815968
36884233,1655.412413871856
66353025,1927.0577751934686
19481125,1432.7878411946701
95336492,1161.6375855644233
32400462,1621.265381291314
28975228,1654.7863951974073
11320585,2145.587300298022
32162156,1317.4256688639637
88724326,3683.9764166001287
67650053,1830.1679118150323
21038175,1555.6544747173307
64836379,1522.4246804988893
60827779,1553.954058637185
88997264,1985.4127497182756
44622902,1446.5364287314878
85670106,1535.6635913071302
38945693,1402.980920904431
69337730,1516.7938872987686
22890345,1907.7242644070823
93106331,2006.6844308347752
56257607,2378.317406989292
42845025,1692.1225993283836
10678470,1497.0782783607715
35975743,1824.7707204638434
44298756,1588.1622525738662
66670226,1551.190304335584
37883517,2480.7995325077973
62831558,1207.611234805532
25294874,1852.6344552241897
34601413,1998.3186728792407
61300626,1851.159987677677
63694211,1458.5924581305774
70308634,1903.2869277082516
92846964,1652.4917317977117
32093061,2159.9758943666943
68496425,1235.4841425747736
36724576,1624.718391437653
18988842,1900.3807249764777
44304522,2110.7214317425055
91192236,1453.642753138023
27105876,1497.1657556185467
89869414,1034.5644009879304
45877010,1780.5602059367234
24146001,1039.4318318653145
23395701,1390.531185661235
38974456,1525.6626242267146
57842607,1263.3991796192715
51687346,1618.3767700525298
99288080,1466.1085432712102
58963406,2099.1205463815663
29443260,2055.6401161705344
62626422,1599.641683747911
57515098,1873.7012054067711
61739694,1425.044888302218
27459512,2055.2810918074774
84889146,1422.6008708008521
58681841,919.8498679669492
63593417,2310.669340720417
33073018,1427.6683157975087
18775917,1729.2149211490073
38962045,1890.4957281721852
67933426,1410.306099193728
54603681,1679.4474281415992
83399485,1400.0659852753738
64199110,1788.8172816684548
82415208,1587.1834056284688
87961803,1857.1062940349116
44853010,1577.3274396605102
59952980,1665.2661426432744
88562279,1088.7606563629815
55858413,1534.6830249229881
61198975,1598.7917351674398
37448315,1824.9914444713982
19525923,1322.2574715643668
35026025,1813.1125568649954
37029910,2333.1826959899604
65651564,964.2667246832337
76546746,710.6212108229251
78805012,1560.5469963534676
73332787,1222.0288900833377
45937289,1668.0031005769154
99048249,1253.1877813993008
29475704,1290.1596046045427
93694996,1330.9359576999234
18159173,1782.959294624028
50435273,1184.4769499284653
56812269,1654.468657742798
10385151,1618.9729477392373
74541267,1827.7263155911637
16719195,1348.2413427687422
48754743,1460.5179388205481
18188655,2166.016441259555
32063627,1873.2739680976865
95749552,1742.9256248613874
95191424,2367.264805905245
79363744,1198.032795615996
47169927,1506.9962960136877
77108983,1307.2468161528989
44823862,1059.5890792470962
81122519,2864.2150358351364
18168723,1309.6510324098022
59737458,1566.35257795109
12477444,1559.9929106347256
89609832,2098.596644900778
50913652,1457.3067015929576
42856249,1206.2779158119038
62711409,2260.4469239309988
67374114,1601.605858294848
26708384,1828.4937693371028
57463109,2070.857073578963
64273952,1221.512278164199
56304545,1872.7659738692867
82795140,1803.8167758019194
14007213,1773.4879417486575
54415843,1635.3817445733864
54590957,1878.1673613382843
67350145,1465.1362741193684
74993313,1416.0925402076632
62432527,1965.7826104484836
33713363,1791.263997837241
80390114,2867.849238978661
12723951,1815.4228258583469
71416124,1309.3588705864383
72440899,1522.004758169862
60115717,2842.0120232555755
26317947,1480.2677793236026
35504199,1302.7097366204994
30187539,1576.844042130391
55346293,2351.208730437959
90516502,1239.6352916403532
72045347,1973.6324120956358
79850408,2383.2584623581265
20443404,888.0157995146767
84501791,1497.5463495138913
73999320,1611.1855760248927
98913461,1313.2287461621538
37225199,1145.064822942352
16193655,1816.297471548989
72620298,1535.424825299721
64188152,1406.5219594653913
67784083,1994.2018538110524
90552658,1670.4883404399566
80748000,1062.7924588235244
38083778,1852.4607610997998
65525497,2245.090210192812
19381953,1333.2245785171833
65723090,1831.6648828678483
76151738,1827.1454075733045
48225827,2934.0331120442647
27357384,1588.467795437437
72090603,1678.0435167814464
13739096,1690.4319252588748
42442381,1651.895257455198
57561155,2144.141321172073
35942827,3111.917004571953
89196128,1608.360334124795
90585757,1435.4981852472276
28123361,2110.6203323204177
54892166,1138.3921404598918
34399967,1306.2363411717631
36429013,1637.6511399977012
87308981,1247.7214030222883
99529719,1546.8563229607073
22093311,2289.192739964934
81263538,1741.8957468371375
71338939,1467.7387083544265
26758105,1441.3392582194517
97028969,1534.5116235168125
64463656,1554.6635808099015
56099433,1837.7621659688389
85325718,3455.1442215356215
44166454,1728.8842302704536
36489810,2185.122378083058
33207901,974.8105288595775
27978007,1730.984465140292
81479630,1241.9733112021393
51537650,2219.241021151805
45619520,1474.121657812629
38111175,1675.4535018918534
52128949,1253.9341200097658
25404819,1865.2358952456764
76230938,1816.8704007200458
35633669,1817.331493333472
17486296,1659.2466268218943
26823352,946.7799496208094
24234066,1759.395577221994
69609466,2188.76505035196
44500625,1853.885889143546
25810885,2329.2484662710185
47095933,1392.9493930783156
29996746,1670.9706037535323
26824387,989.4251636298004
22560248,1817.9609985107345
67043419,1475.0393640524474
56128877,1664.8730616171936
78532613,1408.9314994904512
63334626,1585.4569411388704
41942475,1362.803324502563
71572581,1198.5069417035309
31224917,2555.704265045302
52061385,1430.3730586413897
85648776,1143.93901070743
89601046,1063.8941376490238
16315474,1628.3978687078436
90885644,1448.4525617226425
69988016,1661.8419717973698
55363982,2796.9359096559137
15084841,1227.8641339175238
85269120,2140.9667337934807
31531393,1061.4702696365935
65511292,1987.6995919753078
76207920,2636.101421594145
25765261,984.5146281096106
99628783,2070.7117148736997
29123949,1548.7104073907794
84071477,2934.8080025114336
55408575,911.2520207699461
18563235,1987.5204687156759
32862824,1325.819492982244
87247913,1466.9598020723022
70811397,1388.884063803692
79135010,776.9380794782459
95532555,1821.223501767654
91619153,1886.2442609108884
85185899,2301.531659860786
45503458,2067.1949511089697
40572975,1474.8094495330377
89004010,1629.657691027812
34562042,966.0849362311276
63463440,2288.3468606111046
64460362,954.4011309098391
67250925,1410.9017836416667
14939721,2718.34269265394
35310686,1555.7714631577508
71187848,828.0971502686727
61524357,1061.7555736083577
36782194,1375.0984415539924
89842273,1137.8321646905115
20614858,1498.2606231134182
68048266,1229.6991707558839
62462117,1322.8844902661085
72115510,2651.9916425810848
14057421,1163.9047680396889
99878320,1666.9489103614742
68934495,1728.2658587076405
63897425,1445.933427884534
30823846,1650.6881463941638
45856506,2131.9186425589937
36318458,1810.8215832333296
54709816,2035.0889348638918
58956301,3119.334127207203
61193977,2018.2106185951964
94916864,2092.0497222750228
95563649,1531.9032231920382
11808364,1383.7680783784958
53108582,2258.651721222629
37502181,1067.6671322452112
37996385,1311.8253005660567
53563779,1388.6728648563665
62612706,997.9047570765753
33233317,1006.0655445956028
39285196,2610.884450201587
12469660,1540.9942877523592
10086272,1969.1111274608593
61556619,1022.0919281915795
44239580,1890.7039630984416
37303458,1762.227954159684
69742763,1482.9084325129086
79252407,1484.597270573463
55035288,2999.109364160501
22573833,1000.7340782875677
73616028,1945.0305211358318
72379751,1460.7313569386645
63515051,1344.7426834427843
43605274,1208.6937524319553
94526159,1782.945496020738
87017405,1921.6162552237295
27785122,1390.4077293839857
88986010,1464.3881325648365
83705830,2873.5530574312875
19294754,1413.8851583420153
10016581,1886.2901744062608
98337631,1784.7474124706478
96284977,1603.2241877916688
85120493,2128.365978513062
76912038,1785.9603928768447
38273802,1550.795535012915
31373003,1424.0628115633876
16311364,1503.462164915534
81773825,1338.1433276223363
85451822,1828.3882578169535
83837897,2251.7607445239273
79840167,1328.555036574429
10053165,1649.0380012595813
66085962,1520.0427050323294
74446354,2773.1620071847638
71248291,1249.3592430479462
13527988,2277.250223831789
59655162,1430.0187476527146
81270080,1140.786998160728
25459024,1873.6371796113942
57124820,2282.198045369688
38744724,1603.2969645603896
14672828,1784.581294576216
86208199,1288.128576607963
60804234,2146.278323392858
26637959,1385.8004654093197
84505191,1837.8103007287643
34949195,1774.8408750544634
18236230,1776.02875931362
83633670,1861.764481295001
38795738,1002.643897533388
57060441,2121.4551475664725
63193750,2729.3128018864
16584196,3143.236952685098
97470867,2134.774898529268
57117308,832.2606950041918
28539736,1510.7371501137636
42854708,2673.5165357818255
74612987,891.9573365156996
18574187,1188.662306880832
82554201,2031.9654222353595
63502035,1652.210121464228
91862663,3022.1503741903325
92211122,1756.454984726075
31056808,1598.0590328098212
16943964,1380.7915123989721
32863651,980.6586932781175
68176876,1508.978429846216
49131404,1090.9160359885384
70277995,1351.9172073659333
35494136,3246.0320248204125
81234980,1710.4424046484396
38613978,1873.3796168373322
58078556,1552.7872101051657
44540392,2631.3961706089626
54581831,1283.4438441181835
27711464,1255.853138631838
34639609,1551.2200840054513
61465981,1334.1985237376846
97434739,1916.201450837422
11115465,3098.723803374837
73204702,1871.5639027458778
43122014,1646.883996077785
82465915,800.6579973223693
70336402,2599.7830042389196
66860305,1668.094425854994
41500458,1692.7102508139872
92919391,2340.139656071366
99618084,1413.78352920303
86909460,3540.9842557909574
17337355,2412.0860280013076
42353664,1076.108232601201
21765685,2019.7735519002476
89088918,1247.9212842371235
35899962,3424.829194565213
68684318,2002.0326182756892
18484780,1299.8431867536494
87388388,1560.8426162793198
90094211,1670.1066734771143
16804039,2193.769285347355
91010086,1462.5545362833939
99469868,1640.709856277576
37545302,1786.0134890566899
71878464,1677.4957312499137
21183040,1954.7397580876666
35304073,1876.3484458476041
50348670,2084.092860620569
34230931,1223.6292536505293
48867425,1688.070282730967
35018884,1392.5738077175067
82792644,2853.0200123452455
55638604,1682.8050444008668
45618589,1685.654264925724
94996859,1151.9103585228515
59711138,1290.2313990419539
20008628,917.8275977070996
74210201,1811.478664666681
71592370,1747.4333933696785
91112168,1769.0155927563305
86979588,1854.1798810365249
77491019,1709.9139279775309
82906889,1550.7841508106123
47215201,2118.25171550401
74482354,2249.0215473423605
85248466,1358.8207663619273
48081067,1923.066488003572
15387364,1416.793615218288
49479914,1521.3043653186069
67144063,2532.483134662122
21546784,1867.518043445276
33690767,1309.1875076622314
33115846,476.14641962942943
61562965,2046.5175784624016
39809818,1854.3859615089298
68123009,2485.660121466878
51851996,2014.8664176576153
14592737,1294.005365771926
53703850,1636.852218460667
32305458,1980.9097345335695
15802272,1096.4968504310316
36113397,1577.8080138992782
10490484,1929.047431668828
60733954,1745.0536540296491
99162691,1185.5726683480905
93098807,1235.0793116958187
40838545,1719.6811450836628
11051825,1931.2059301571778
82908690,1594.8104286574955
71787511,1714.165922435633
72823966,1573.5012684754015
12980060,1803.9393474750705
96086415,1510.2289463380032
23697274,1985.8604007453553
51614059,1875.1261225196183
78779574,1639.1023117971201
95241308,2721.272138625846
17643222,2830.5594518652074
93263316,1742.2955490824204
37302631,1289.7151077811645
87271886,2083.3924912828934
55736876,1825.6736900822061
51594702,1890.163216431874
83945766,1104.4532902984881
79078313,1230.2407757079213
31277810,1506.4431868199645
74965419,1846.153298879733
12557472,1395.1430295532286
61610958,1495.2983447507584
87565891,2964.2681550179286
69835471,1613.0301782983547
50409416,1369.4135724701857
77449547,1972.8142741820109
97554546,1277.5085879706246
15981479,1623.9391552066302
19522006,1728.4936521578074
27996044,1617.898048832956
41161764,1721.6759242617816
20740770,1549.0404792554386
70042803,1615.2997379305302
52210690,1310.5487345296845
81657059,1332.0442137965088
67733763,2306.726287233481
19453777,1392.5745857557308
76648543,1738.1808907596505
38569009,992.0585505543307
24713941,1198.3745036409173
89660454,2255.232968891539
85740410,1563.0164606661133
86257801,1461.7836702825305
86873805,1605.6437663194013
33399735,1784.0531447243907
37535534,1285.5492639209133
27667456,1496.5790475359274
61581329,2305.8158840416063
51263630,1049.434032223587
52033053,1410.819260701974
90888218,1476.633703595915
12546179,1920.1403528213018
83093814,1493.8802384564954
46297699,1346.9114244224934
97044400,1976.416638136087
31763919,1352.4062335146407
16008849,720.022380988539
51084945,1032.8292208078726
59957604,1619.9673280977129
18780994,1342.163144203729
87997537,1469.012387281922
45685391,1706.594916848257
44441149,1426.95393061708
14178311,2057.092222255704
43522500,2182.9683990475855
91025767,1557.384486897408
92328854,1713.6231460577578
53582398,3086.673139053954
79088536,1236.6159297721395
46193764,1171.2264276696517
84800487,2205.7994779840637
58906346,1876.4927090469473
16384425,2128.71256648801
31314423,1636.1439672768834
78713693,1335.19156812668
59579059,2707.7181077636787
51309878,1618.6809097510175
18367921,2710.187384601916
17963218,1376.6733733594074
63773516,1754.8054245352084
43820904,876.2224626023394
61844633,1598.8075231101373
97433520,1895.243886701448
67890378,1348.1080236351418
84770654,1970.2155962151871
56388014,1058.4962812914205
48498606,1297.4107959803562
96139568,1273.985069770291
23184000,1790.865843977446
82435682,3078.4409490368516
84725417,1171.842623075176
80398008,1262.0854146683528
21408816,1922.9728564767531
40561414,980.341042783546
47526789,1763.1192386336058
34202671,1627.8626966366703
47410501,1506.369691860994
18437030,2066.5485248917694
89947527,2076.6927846505805
48179652,1147.4978066878784
43574355,1275.002870588235
93441626,1403.383172675494
49833156,1129.3683386338937
27436801,2146.1243531492646
43212239,1726.1609487677918
57781002,1936.4573195721275
80452756,1839.0127687632094
69547198,2172.6501472348145
92282402,2506.0973053708344
60080700,1833.8708936131175
77220496,1254.8464624647268
54095090,1869.1994587316844
28159066,1166.1269256192786
76298460,2026.6454923811216
57334293,1686.8993925989982
51349452,2648.801777549203
57825954,1381.043418246516
75566691,1404.8457494548074
21994482,1626.7653766420754
15472109,935.7202429188359
74524636,2220.1907390574743
50954892,1674.6414715068797
72834699,1661.6709855295242
62999750,1425.6134009706795
33123268,3658.5868060330013
66540114,1416.902597237327
54002928,1348.8254361455975
55085304,1516.546929345554
22151066,1590.8733774200748
65334729,2344.6757022728566
30865724,1254.6030930566037
90388666,1342.917592088186
55605064,1320.8401634823915
69408128,2389.5591488799496
99473168,1894.7643321517714
75818797,992.3756317027857
62565025,1634.2986604831838
75143116,1519.6631974283237
47696923,1835.1124977948764
19416750,1671.3211595640541
22855194,1943.456533079776
67192782,2135.7937181598236
87517475,1545.519845470685
56350089,1846.8012788693368
34134972,1793.735127044945
60576347,2003.0590218246205
26319072,1390.7908240013965
88893111,1294.1644848958365
68033382,1975.7068401525435
94035885,1342.538311295353
81187160,1607.799683068647
28315736,1348.7756383124572
22692256,878.543228133394
37267592,1250.5627780116474
91150814,1756.1652356966094
26431305,1040.1999396961855
87910232,2791.0391418967115
41955248,1505.3108408016712
69743430,2305.2473553793197
46703259,1617.3807022409324
31441294,1511.5950879211484
52540774,2057.2037294359875
86506186,1560.8904363331653
59584539,1327.519254738213
97314977,1719.3175500498369
96666615,1539.6690925128364
79683457,1695.3701342682373
82209443,1592.9086481876388
28258830,1721.5772805678155
42067661,1774.838309955868
66297804,1107.848785012976
16941404,1206.0573503145508
75005309,1479.1756667497582
24570745,1913.591236303131
86113362,1856.161292426399
17047985,2132.965570447614
65773050,1491.4398452961188
58445540,1268.3119816494964
48523637,2031.6677168942917
95993557,1677.978201035713
88761628,2724.393484190079
35281082,1765.5071554848828
63427827,3315.3553722356405
38736916,1425.0059338483334
86580197,1756.4356237512075
23112535,2759.9545273406516
70370352,1981.261886775593
27855625,834.3691121376133
60833031,2198.189962847537
23047956,1404.894965439707
87351286,1616.9272666398888
75886001,1145.4855617810979
66301086,1716.756255294742
60935733,1273.6907798698328
98414359,1826.3420073103903
93169508,1621.1380491940286
77985316,1334.5382749406974
22647726,2417.5941954247614
39865459,2562.6211375630032
81994206,1389.752582577903
62822262,2013.3677536732098
85331429,2811.3870579541917
75110630,1153.5398172167343
51138756,1993.3674960676747
83491442,4631.483919870648
67891583,1376.7405471917177
65475315,2746.434553983555
37180335,3096.3076360028585
53617145,1767.5798363372617
66644091,1324.4670735088553
85685863,1413.461384381272
67756317,1604.1010543874045
47286828,1304.455391535296
30798257,1768.4572337769669
55429056,1445.765494487435
48423935,1345.0601890382343
70215654,1538.0997480217304
84995114,1641.5625582352566
34191374,1109.2222787045723
94424055,2947.002517626248
35266032,1091.9036651763865
10282778,2031.0017499792427
74509894,1532.6803268858425
62379565,1553.428005231259
69295266,1153.55435574021
19487319,707.0883622641778
80523155,1777.4804545443862
76258438,2638.5879054656875
15381648,1525.9473182174247
76313330,1424.7442364831709
67909709,1406.635198621796
94172578,1442.4741269014908
73730320,1314.6174421647556
93164433,1341.9088198151353
47160388,1099.6257948929126
39990609,1767.5194918875766
64566990,1606.0180014837424
91126842,2351.168552211097
52824809,1643.1934365410727
57254599,1503.7188377645655
38718331,1255.1019743784238
86095545,1486.009022722914
47117496,2419.484132736571
38398092,2003.0354222695194
35904079,1007.1472065751137
90919237,1227.980308580726
56102015,1235.2913344251792
71540566,1406.9840549737407
10011577,1462.0700509261667
84723499,1920.3472378181996
12437858,1363.971943193143
55600884,1306.2453286777718
14903844,2145.883730703858
79656066,1390.9444884750787
22833793,1170.7841227457118
52725368,1609.037145628263
69338616,2004.6554783842644
69512258,1552.665588358039
96249786,894.7509263247277
93289839,1609.4547503027711
89525161,1865.8847109186545
25602400,1483.0276807901457
82687645,1656.3529059341568
86466057,1656.9376030079427
31039064,980.6221433683837
38126410,2428.931101533665
98941268,1981.9677559507195
98887377,2144.611773060588
19069593,1406.356171559912
48991500,1290.7592054998286
81340729,1252.5499841982555
17755803,1407.777815843124
28332754,1160.3655179479695
48710415,1614.7383121517992
13552122,1925.6564059283223
67175252,1842.6413283648
81401006,2294.830846713586
87569420,1518.9790953456588
68775804,1790.0200113703856
51303767,2267.2754553445147
36907350,1361.2879047195138
11852044,1248.9348418226834
57122012,1991.0564841583403
42764646,1480.8217262187923
23299341,1205.7258049928123
99527596,1626.4278905158149
97393585,1271.4602508606463
43578412,2342.8084363784988
98294611,1850.1770027798727
30924809,2055.6988303508247
88121507,1930.7909551724847
81094653,1786.7516971976295
83948197,1888.9292891732878
53707208,1530.6215546260705
72598207,1945.6320382090394
96325015,1354.0300219842948
32527392,1240.9961873970713
13367283,1595.4818906026187
70926441,2103.5320782554904
14507496,3133.5905443027655
84516945,1577.8774887397217
17478153,1372.0340233348286
83347951,1193.0479756949157
42507501,2583.5132355318
54322410,1368.443608458653
51129418,1907.3274221410861
92284337,1041.324007213715
56191305,1174.96568595067
69717201,1294.8006399549538
77803958,1681.5492316708376
30868541,995.3802313423961
21948362,2198.0058145595954
64597726,1433.3655251044938
24753315,1360.283523065957
83137150,1173.5953711087134
87115344,1690.9290659306187
99984175,1708.3508620286177
78503238,1610.6934527781673
56241324,2004.6655456050005
44979606,1217.7060001920545
73782771,1809.687774434255
83259646,1563.2527436739008
83615385,1329.2941597325378
84238097,1362.5964937546755
90104229,1809.4051466207713
47165230,2188.6697515850656
90052115,1110.1302266227221
29318397,1746.5215560528375
66821977,1851.99914288377
74914365,2893.47054140992
21821045,1560.3580210366367
78077361,1239.2351963917197
11290483,1590.4335439807226
18150280,1607.3897084224095
97190006,1317.0414352481057
23716973,1700.3477916913375
22402268,1918.2591342509354
22495547,1532.1967918741332
62732805,1334.797458570229
35149813,1030.2306808923995
45074208,1495.8621618444474
16930048,1027.5861476420653
37034316,1322.3921961694643
41257506,1165.1961277604523
37119194,2840.681344542918
67834562,955.0981660438407
34524417,1921.4775471739651
65917034,1417.1989333138818
89187031,1345.7548087171347
38918236,1759.8480152740042
15343670,1555.3658857970538
14075655,1345.3025351601607
38174910,1936.2043905600835
58723158,854.2055512575718
60249533,1720.3300565856127
97281245,3567.687546621892
72949298,2898.63301393646
15101045,1319.8403999254426
28123842,1425.7463612596348
79777819,2609.915834249753
49207880,1703.4695560013377
80546483,1670.7618828581535
64032695,1573.7070299862248
13192282,1412.3268246537586
77309020,1728.9495747206697
61977302,1689.5575590818444
97344057,1709.0435041914402
30586194,1459.4111831710952
56677229,1426.8693505482945
22130117,1266.7352966359404
40261245,1884.8135884518565
30166032,1731.2005857799863
77089984,2120.277594232885
26878900,1349.9238067979863
61371436,2024.265166665222
42742062,1787.1675558541617
95339974,2609.1064936310986
56107946,1686.0560888246234
75011328,1545.4236921111526
72662754,1333.6539152896623
72203106,1050.2454293023002
70496852,1688.685140137341
13201993,1566.6813319537182
78164844,2199.907047939136
59342403,1496.9531629682324
94540895,2044.6554217996236
46539631,1544.5307012596697
72239923,3091.1612252087893
87927143,1503.1802761569616
58112642,2086.799765153209
46348606,1108.9991713455809
41028863,1568.7125102629266
24368370,1406.8101928403864
29933781,2331.2604506350526
82791847,1610.895633555188
96015529,978.1526987640055
54561874,1442.843470591938
53184693,1047.7021590334261
76671373,2284.737118190313
63611357,2051.8328089852625
80706420,4306.704774065938
55017743,1952.5283647187148
80689892,1734.7770799170762
84469446,1617.5185685297893
23226721,1649.1903939617705
85084580,1544.890382047328
80669002,2199.5253580690487
65745002,1701.9444191451282
89007400,1542.89809343293
29824422,1891.828676033401
35775431,1550.1281893759985
14074630,1181.0323852472393
72325201,1405.1036300961243
23874500,1563.7340336172092
37300173,1616.4421863818984
33493494,1888.0873592522814
30229764,2660.2235629878705
43966954,1908.8578167940186
27845488,1545.6850056560945
37461765,1957.3857797973617
54994083,1998.1040478284876
73747516,1615.8156942078645
41276058,1193.151318048657
55912598,1420.811821389571
60686267,2113.4558875526554
32726148,1698.1765518073457
99279088,1341.081246344957
28728541,1611.8893209414007
13858737,1598.5358679973208
21895570,1877.4907042895245
76323759,1672.1272758088742
79038940,1133.5046396725547
29272847,1353.7103766153398
98713132,1529.3792783040053
92394953,1687.5041404020685
96580365,935.1025304969902
44481344,1244.7519619059967
16420037,2243.4413728382797
93921984,1575.3635644085984
26481610,2321.9203885374422
36292815,1491.3214797095975
77806189,1979.0629733290625
75958945,1324.529004214698
65456150,1565.3254068054007
80743824,2320.255104266049
49966934,2228.4057724688155
86026791,1368.0562243740583
85816309,1112.3176654079698
15568874,1916.6506023579177
99556884,1737.6196530670502
27514144,1706.938654702002
33950340,1632.5566738821608
90674412,2863.2908599172524
31688776,2033.3046192002569
58380703,1382.5317987745607
59666638,2120.872457985229
28858647,1748.8454372936487
96281488,1382.9631823932566
81757957,1827.0302065816545
15387606,3100.118548195981
95978588,1096.423374404911
38876766,1538.244988319634
97177476,1544.5713641440832
56304916,2225.5521431245816
94447504,1535.4340199474016
12858830,2056.4658319669693
29325031,1703.9474021984283
45137864,1291.8962644295939
40574206,1736.6842625484567
14671172,1148.9817137384487
79393183,2250.3285649009545
73490914,1222.5059585861845
74160460,1464.2879024096073
44164617,1080.5461724818836
82646950,1889.677065607083
13359174,2440.831306792941
75134927,1085.8269286719851
36042465,1325.6884707494178
83839627,1926.9153926764632
23668396,1776.9301043762741
75299261,2290.812869758988
41480775,2129.454819915248
33690039,1858.863436096319
22503085,1441.10871750836
37466667,1317.1893344390746
14321282,1455.7148759446611
71351933,1750.0111002685967
87081502,1105.3706400601427
65472553,1482.9506482917366
99213360,1777.590820362503
10832464,1359.6266485378408
51819797,1950.5682966961276
75955259,1918.1122776310865
88647663,1582.0424246237624
48629803,1462.8792995883334
83286245,1938.4513004406585
88766577,1216.1931113816095
92941012,1658.2187112287659
77129657,1840.8389603343594
98212477,1489.8072016376502
47578988,1276.2332191604999
50209960,1532.0240603801842
34219777,1618.51079019864
79439231,1285.1197070987785
73635146,1889.2456829856226
64910994,1708.4641458024673
53834693,1005.891146598928
11363592,1884.8812625496225
10873772,2998.814083609774
87767702,1947.8517862101469
23454749,1399.5668949377086
58196808,1475.022031155791
68491285,1633.2000068032805
92242279,2880.5417803002397
33507598,1702.495924605038
31155680,1719.0777646033648
69782815,1333.6031718031086
99510246,1646.6640096697486
76945883,939.3083616999779
17094345,2071.987286219342
46337525,2029.3479288799901
28488983,1183.6549581921192
16761031,2772.813434563145
79032271,1103.9197796886478
62295468,1100.728553931495
34239247,2024.476113622922
13382072,1558.1235314631651
22594211,1828.898746160793
57247913,1209.5065103440913
91685716,1510.326843235606
17466502,2011.7615283014916
33964749,1719.86381890304
51427608,970.7301212459761
24310192,1164.6892196517133
31116680,1534.8242471764422
11417356,1922.540250101912
62762079,1418.9905558161327
42671255,1975.0639000893134
96926020,1709.7732159516431
50275050,1771.7445768594011
39760605,1573.4799579784576
74898826,2983.773922842474
72916922,1376.818817703728
15943032,1329.405531547947
74582816,1848.7333488893557
59875250,1966.5632831618727
80790659,973.3468637757784
19888418,606.263931009082
31588130,998.1716919315179
66158465,2090.791135973931
18800645,1719.6805670620731
64505218,1475.5219363008528
56056799,1332.9283003108014
10374837,2159.5127879957918
41300143,2515.3153114543475
78621253,1325.4894404139677
11141195,1624.3983411305749
33865847,2467.5620503612995
90610974,1105.014457780841
98930552,1605.7647844392686
12727530,2203.9227643818435
52930535,1604.683023377175
93753865,889.6940827660261
70595210,1681.825876125245
86025280,739.8928424479936
78663509,1683.2166198865639
21322626,1414.7945325078279
38172344,2044.8633822713682
12467923,1871.9561449431214
59832255,3594.474361933792
60019461,1769.9287893937355
36274445,1302.2888319974113
35417851,1429.7644199721124
24997453,3280.6229217563864
83094532,2735.106637613028
90174488,1665.349552078707
71319002,1239.908437195997
29621396,1412.507887304166
10011880,1542.7774099537517
17190126,1298.442868111839
70424510,1597.9252505765942
11417531,1254.3868874721313
27554957,1650.1322234793263
13689480,1193.079348594532
69613512,1500.640186036722
74318773,1794.9727740268586
45221034,1675.8678148357542
12200305,1403.2057233387486
29052499,1942.681795971519
91168920,1863.803276889506
99587330,1039.5635421532893
85493546,1482.4186549473266
36510260,1532.4201909550782
40370308,2015.9817738109844
89123563,1516.0794210478562
68894033,1310.7432386790108
73938236,1897.3971071996377
25242707,1215.6336127870331
87339346,2222.7802270194834
34182148,1190.3394979374461
55488547,1429.8357801966567
58799207,1509.583613897766
99415472,1445.9102939501909
50374353,1719.9680391603606
44632960,1213.7627947808787
46918499,1934.8171255024263
61219752,865.3116489889528
57928854,1391.54494880721
22536598,1282.3597016121685
69936903,1395.01245492446
69696012,1276.8145449440221
75807455,1361.209285587357
31557332,2211.2510705943064
98503124,1085.9255742401535
45347570,1655.2155773607753
91321804,1770.8675054912635
56392111,1675.9814742304118
86308272,1063.1694607110778
64596791,2169.2574845976956
80652734,1884.1617960502879
15067372,1809.3543255524824
19485124,1564.3770239697078
14453004,1093.3297642450354
26285533,2345.9430876527485
92838656,1588.4952972275962
37408293,1633.051941373159
44619550,2128.326725425804
12229798,1357.0156371285477
19471907,1328.0423444272894
79387412,1151.5787788173818
62896852,1718.1958947328596
45934349,2270.0740500790216
16860511,1687.6700573801397
43506983,1564.8989059821608
70740306,2126.6677522407854
92814410,1364.6028231201087
42104710,1698.1490481678122
23656647,1259.0281820050748
16622582,1678.7752294778968
91730318,1482.4341485112507
71502047,1672.2183240364293
62198081,2609.0710729949083
35586426,1627.7919360532335
73159054,1242.5988832534993
72932579,1347.3364245789119
15860553,1675.883145807428
76499202,1318.1515346080178
49147306,1226.773326065547
66173222,1444.027687975273
36048465,1774.1103295014248
58226162,1700.96600686392
75348253,1396.7958772627192
29406516,1553.2421621654623
30120831,1359.989659330896
88886135,1538.9785846644406
90716300,1030.216091514297
12118186,1591.0174230755717
39388114,1629.628381686299
43348151,1383.8368673610012
70648988,1581.614179451572
89828759,1484.7336101744404
25774436,2322.1445911232117
56166234,1217.1003208424768
46207048,1338.1380566713754
24260337,1586.822552858326
43372122,1305.6041193520252
99211792,1401.550965433298
72425048,907.6555658805644
58848576,1517.3047943684667
69451066,1079.2799044657293
46571746,1861.7986237848515
35037281,1299.5361770836637
85573733,1381.2394779933145
85004009,992.2897939620939
98713147,1838.5388249707999
99574842,1238.287994067062
56403873,1101.9584908276947
79242881,1754.6370261000693
58458582,1133.4990757238165
68482067,1210.123189498939
16690135,1980.5353250401713
15173091,2240.9419555472155
61448444,1626.2730996404684
69237042,1154.9651450219294
85145895,1098.1220930191355
22701271,2617.4278967383766
39148372,1301.295908885384
94500108,1638.4904469342612
68415143,1318.092789392127
40595467,2006.346162026709
53076141,1653.523020704186
73641861,989.9405729956304
48605668,1631.4215991122855
69923530,2121.3690792389125
49319680,2012.9130500068593
45928049,1785.023081721636
73814109,1226.8216527031766
61386764,1573.5423841440304
67209776,1439.253646789246
10596331,1365.9650675193734
14387887,1724.8789251179517
66568548,1608.1036525661489
59240082,1636.892070546135
35040177,1689.5521078756917
99480365,1461.4239741861786
68333386,1239.7104502267655
95572882,1980.3382436670968
38132096,1772.2650006380118
76955826,1813.5108723207575
17729676,1987.998069192673
42211142,1374.1924632317775
20158681,2632.122200014866
79393152,1393.2985750340752
39911125,1444.1778195051425
88836366,1793.0668182673162
20409154,1703.520359808707
15026679,1654.3636546935977
42131515,5383.390910831446
54650905,1595.6567900126545
26838390,1413.6782389549755
65068346,1295.8408422924701
92979933,1664.3281031036615
95452518,2472.031365844705
38822689,2192.62589279624
46355252,1936.4233665703557
12444224,1957.8375606970428
42979270,1341.8746164614113
77573762,2351.4913370394474
14826829,1723.0515444398802
28709839,1942.236110006683
18829646,1822.4503568981245
96568537,2047.3601494175184
56829547,1719.5448696701844
93979772,1841.8363657310501
17626588,1575.447445577833
34011504,1662.8544062360536
52636134,2197.7815854815717
91687348,2056.61200817955
36508418,1710.659279453208
82621948,1275.0667085036716
89318730,2512.75857341964
98717167,2066.016601558981
26278873,2200.5081603520243
56823412,972.3784593992827
75609163,3707.0647856106293
90104725,1752.6513337164547
75874553,1850.5711206845574
48469293,1859.7231859862368
70313722,1776.6447914482453
48269879,1458.058065875274
30338233,1931.4843306355556
32779513,2192.6650857120503
75548478,1442.1077923351265
38561257,1874.7323177051078
10945373,1010.3639194460366
15756944,1457.8772377868106
46940446,802.6656416807174
24659465,1346.7694411462874
88948806,1661.0852680443606
34164402,1460.70499368487
79477391,1956.3667660057617
15537006,1763.9530775385035
88911942,2082.3111316956692
96378293,1498.7825053981176
76422231,1697.290641948639
12309843,1185.30395773349
96239148,1386.7703622116485
86466781,1657.0619943320419
49050128,1828.273122957031
14724818,2488.7594394179064
56683970,1682.8463460194278
98393974,1310.2861440466768
84824034,2324.0040082343417
92573067,1540.6155521620396
73226546,1884.5279494203307
61358064,1220.7677982997534
59398688,1867.8609467
14969480,880.6361023591018
80588045,1640.388666402554
95597071,830.0337381792034
54836005,1315.936496710507
23220441,1834.4721421626557
59018993,1853.4194265076205
68425900,3036.4033826957625
96400633,1476.165785432703
32664783,1339.6595578802544
37951383,1475.7109983202345
42701020,2200.733035926138
23132709,2044.0898852861412
36039638,1541.4523282898858
14728562,1644.9830890992407
62765095,1702.2463141846952
90518206,1759.4181107607862
99330676,1504.5088600766592
54002963,1824.9261704196902
80024301,1220.948093998204
83450392,1374.2677706316592
80827964,1253.9172039148912
22623823,1456.402471047711
85154401,1374.5107291831466
92409200,907.2121291967851
37461274,1693.9487531976813
39412052,1887.556386250447
99188219,1197.3632801866488
10533163,2380.6805446687495
16576946,1346.4345413975568
10571061,1769.8038118889258
11502784,1153.1435184555744
10627022,1097.4681850319482
66112731,1607.753383793161
12271580,1468.8490141488592
19300863,1800.6658935377561
42301466,1370.1637331966654
93227392,1550.551867481811
13989390,1419.0435798955243
83189444,1596.0496428021208
88982820,2133.820812217989
86309809,2571.706520078435
93812427,1342.503169837776
79351177,1739.3885400509519
73882065,1735.3891606273871
85331771,1596.803684600562
33746879,1480.845184272469
90357052,1498.7933743796498
42998447,1937.6996677302404
42297649,2347.3362757499112
74232297,1503.1327869127238
68234963,2287.39287490008
79955240,1191.051458859751
33685499,1496.5305496218036
74031111,2281.7784389154485
81527691,1852.193587209583
25578339,1527.9037214554573
36826714,1252.4695061747173
66720469,1304.4193739860284
58271754,1219.157522094188
79175453,1561.767204455425
91006186,1129.9787512551497
75399510,2173.290827121635
65438642,2484.0087774711888
72193555,1206.6306186600802
52661224,1700.0810310274949
40274658,1946.5287056868583
63582038,2887.2670450807027
95316180,2424.202234135652
31722576,1522.3128594115972
51439680,1806.0961268274693
92864642,1573.0168672178718
24588628,1619.4163066078424
62383426,1471.1126712201808
91245064,2377.9243866265797
61715372,1695.6467680494668
65148106,2283.1159091983673
91441992,1240.9464064022384
49274969,1688.2467476721947
33917232,1481.013999023922
83235081,1973.5070472315083
40753215,1667.3840240439743
70796627,1282.51732688018
73931614,1149.341678229117
56857736,2604.6199145858836
54064504,2140.7421491887308
20389019,1193.738801141074
57574601,2422.8565379912925
16478279,1395.8152732239237
68356151,1884.5634754942812
99711808,1862.0456230855846
98284968,1540.9817338717007
30598390,2120.9419134151017
55132880,1918.0861641941078
34163532,1424.3792526960028
40857770,2232.045528189289
79839486,1251.5311694125314
78134573,1953.4421142588417
96251286,1754.5487730797672
46606815,1760.6397319727284
53204628,1143.4231914586119
39264189,1569.6717275760475
66917873,3695.535447872012
75228206,1652.7459514138827
57466748,1869.7237702514046
75500440,2050.2478268109116
88152254,1610.7619245260387
88711927,1584.6229319017864
71935730,2997.9955580999385
11714210,1042.985229227163
99304127,1573.388993240722
79629484,1640.7846967215253
64599027,1228.8049773534694
71633685,1571.374290327198
14342958,1740.2788954089256
27958253,1777.7383150486037
61174518,1405.8314675444637
74916891,1574.3640156958763
72753968,1558.1131836273591
36262662,1760.1782550187777
60917615,1459.5922779117016
99306721,2309.8519634207305
53075886,1403.056189736181
73928511,1730.8530347233702
19965325,1200.4955547199777
54826574,1679.345859764647
64209168,2606.2023011332117
34147586,1363.4521935098792
98269123,4136.570239823055
97467622,1719.2547926904338
85814087,1423.5450532231557
72333580,3192.9797179031534
30873738,1333.6555518723035
10331403,1411.1753268919385
35344119,1728.1616369080605
35769080,2558.920853836528
21575135,1534.9044293121701
75304823,1408.4718642270552
23401574,1134.9875307737439
83090193,1732.622593056824
86996430,822.1615243565503
99751646,1257.864545788686
23591049,1773.9841186502388
81709576,1388.6812987402382
82444468,1846.347104096389
38288153,1985.430235466331
87446209,2472.5376447876242
12079734,2318.4798011676585
25058080,1650.575127355181
89691662,2573.3789556981783
13150938,1887.9158414785768
36020495,1979.8476147529464
54923182,1685.0977502713351
28841079,1339.7234325563873
41392965,1105.9159688882999
17119564,1679.1116317706724
57430704,1514.5653526413003
36272284,1581.5338837191064
91925114,1333.1817770350478
74412922,1955.500107398539
65743046,1558.8236088883295
48653211,1452.292705388665
36332370,2380.362074554842
85424579,1796.9971892889641
95090269,1133.8158472447428
95971802,955.3352709622569
86256336,1325.9970639083422
31156844,809.227124650938
37688219,2604.337818415446
82437324,1526.3678246807383
21950676,1775.1554300571397
54094553,1485.1023603004674
74374536,3389.681429372518
61738687,2058.9653585204733
19277250,1596.056459326484
84311990,1969.0557378552196
94274494,1823.4823110649497
89122239,2667.6717683685442
97119289,1204.7557149973968
29959537,1380.7973556642125
22777840,4013.299549732813
39391011,1337.4986331897906
15127918,2120.285264521993
47251761,1281.7148468593732
20023773,935.6453059688336
96682736,1280.1319471027994
12309412,1712.2129092278299
11517944,1440.7377530721803
59425514,1376.21490191864
28854961,1477.090788753459
63750719,2092.1946978609553
69531684,1378.264552078174
73516640,1521.7208951541807
92500346,2396.8015731401974
66124065,1716.516818002338
28886163,1409.9615858252657
19680706,2047.7812585700299
83673598,959.2042047166387
85519237,1547.755910997123
37110854,1541.1148730667535
96010780,2007.5295080815665
51391268,1316.164337320402
17655078,1613.5396917915532
26863121,1136.9490756629984
30839269,2280.997313948331
22418770,996.3877845607553
88029081,2258.3127922224485
27689636,2471.4082681855907
58431423,1696.6274965627351
43802347,2738.4913284676286
83961382,1104.5257361406434
27938336,1292.5102948087685
35978100,864.4412368896195
89319775,1451.6836394701677
30362974,1402.1711234489371
93105032,2320.8107891383074
20314268,1308.8903612556599
34550012,1430.1204957222958
28077484,1640.2474919836097
64656384,1470.6422213080705
48022436,1495.3488415331237
40507726,1813.8721121431508
10314144,1318.6899895842753
81012787,2083.8338397725233
45672873,1648.0199673410934
25759428,1624.8739235163123
13512722,1237.317595240647
96070498,1437.7127684733568
21352279,1358.1376662210191
54205490,1593.889221851446
44645119,2590.797320187109
37332321,1360.004318288673
54601842,1496.0511352282392
60801709,1418.5525234676631
28903523,1732.7657591567238
79159760,1546.137184871612
20416757,1110.5238273438342
38432201,1299.620334864256
60739859,1916.8090598368858
89931987,1745.0902805389426
60999736,1756.7495042566645
43182602,1330.6839070179026
89739478,951.5200286141652
50450523,2013.6625111245069
73950928,1432.95387143608
12330781,1087.9759921823609
50236542,1676.086820753465
34912503,1361.698318873825
25536468,1660.335439560548
63776599,1199.296323757351
56389530,2270.395968261625
60881312,1174.7524437512152
94656046,2586.1402312412106
84143693,1435.212578186333
60768240,1761.3318125159153
60458308,2241.4301303338034
53948557,1990.5349328114478
11612817,917.0982321695113
71889062,1242.6049274583625
77172079,2085.17828509731
34222625,1853.019117809112
69965828,1220.221788035917
94714430,1632.6095499541261
71961534,2029.364169300314
32936108,2077.630231776015
18431618,1253.259322692113
13548537,1069.6216000315558
86674079,1442.6136878098366
21748194,1869.9084205862368
40124541,2388.3971746603943
33347811,1582.2111033061735
92929218,1632.5652880554937
72190892,1484.556246727734
66963455,1602.1448112609464
96157867,1105.9190645970855
15254705,1566.5052428682131
89064766,1806.2382769523156
85305349,1380.6422322964536
58781934,1448.0410331674004
42553797,1081.8490756820124
18721533,1327.1059834889727
58244383,1871.1973676114749
13696896,2157.653965594254
65894339,1685.0925319486828
61098619,2576.823410843794
26018756,2371.5767943149554
59479424,1702.7171746023614
81738781,1718.1691814208978
91106215,1360.9080536826789
71223563,1174.65958388246
95945745,1542.630396311109
91424061,1391.9837489085894
67135880,2521.8666057537994
15528553,1607.194392693671
33657705,1500.0687931872899
62553289,1554.987553417938
60993054,994.5513283978088
42800613,1315.3763508418244
17769800,2585.1880030574634
21401202,1496.7308017114099
52155473,1178.4011028669386
93304650,1390.1446074255443
51407728,1458.0923446003721
89543732,2147.5926075481875
43419947,1782.558637384465
41488699,1470.7885207261804
60974422,1631.4237358396351
65352047,1156.8379497924223
37012905,1079.7305074334686
14787203,1603.734436797159
29417973,1568.1053712778148
19835446,1884.8838422857805
43255500,963.9571879264479
28812691,1470.5333936486345
18722953,1351.6577364901043
93227004,1672.5788139524461
35371569,1729.3628681645453
12076594,2145.7181407146304
17330331,1815.1955880648889
70946197,2200.62199830454
44132847,1664.2419785082361
77445263,2055.717129633849
56880921,1448.6610416638866
11480304,2649.8495071998204
44407005,1889.3420857635401
57603851,1410.8032848248
36951093,1647.063661745323
18651476,1115.2379550601395
28758403,1959.1010933889713
29842235,1434.8931626147983
80915194,1378.8701772872487
87361082,1861.7819330483833
67711479,1347.4996661270704
96493355,1421.5565687509156
60783295,2274.6435581559235
56178874,1303.868083876439
36921713,2370.51056098819
48581624,1440.8731725157113
75576141,1306.9728781853275
20755403,1074.6591140421567
52097748,1670.8601770192279
30927924,1195.3721016472493
52924618,1600.0391842300194
23083091,2122.9893064179078
10593933,1667.2291710394443
14984647,1798.7102361127397
50764768,1205.0542005362502
42909851,791.6101423574811
47962891,2182.8303252283195
24155862,1961.1927373322435
96222874,1315.9176125623537
76243625,1715.5855712012474
83785580,1777.940958724571
68046684,1545.9350305209493
35026518,1541.9658911642778
21144795,2267.796425737902
42304823,1778.7766433676443
32449171,1838.2792842201516
67804951,1564.2291106357436
80988109,1307.2634031111154
31562948,1374.6304817521316
80571715,1036.820869270526
91879270,1152.3384452243677
80331872,2004.2247330379057
39788137,1910.8174850854955
78186126,1729.822839328027
34300076,1630.3113225413153
70710711,1433.4472277772538
19520201,2026.1418620244692
75968232,1369.6868335432819
62441830,1500.6449307083913
87704160,1744.9428265366473
38039509,1965.243384331895
87299257,2416.8757268375366
34604480,1497.3075927060663
93559487,1534.781320738016
35225951,1473.0032811651974
80500038,1663.576417724578
88587318,1350.2921581069327
72460444,1673.1484831127557
28502361,1799.99831289194
91781888,1967.9658675488195
83528344,1552.0854189029574
15266445,1690.1764368494112
83532377,1207.6790818012007
74780110,1888.5243396477003
88664511,1421.1922730701758
81767501,1427.242727655776
41015579,1792.894001291008
19338404,1739.8108525972298
14667759,1969.9552615470368
66260119,1504.5183391009657
20542479,1702.2140583769087
54097170,2796.7283270006774
35669653,1922.889108609941
94127563,1239.663761827117
81488029,1867.7593846814646
93329952,2281.617208907312
57217043,2254.1692372492894
65522547,1542.8415625806194
73695068,1750.6239849720635
13539769,1338.5524687288967
44056017,1541.4215572443368
46617581,1474.7300655998088
68464888,1687.2617680372246
45303083,1233.1935933025159
86984156,1573.1508408809311
56630529,1283.8143216812211
78254395,1124.7984851000956
30913049,2065.409708463082
82688614,1359.6055176365828
88893045,1380.7531256814048
94639808,1778.1721020563016
52742143,1615.9534131459393
64260968,1553.2497550130256
76546956,1780.6741449846038
83523035,2278.0159151204994
11013053,1901.204854691858
44130994,2038.7414734778376
53796074,1304.8978832866712
35498168,1826.6276961978942
63562445,1177.0063255876348
42365113,1703.5236654081539
54613679,1374.7868864170296
69835682,1036.5093379715954
40747675,1235.200695785257
37071709,1372.9820552338329
11644754,2609.9705616497727
29456046,3475.0915713285012
63575365,1164.8529543936422
62030210,3058.0753075286516
84640048,2289.0243041429576
61377846,2212.190409752641
72441550,1544.3831132797986
11270022,1641.217427646282
70261792,1762.081067931945
52404988,1529.7096850808493
84003906,1930.6712210907258
31204633,1100.8103364883332
75242666,1978.7503381288295
49434528,1761.5131259006525
42863318,1550.9707937289681
47571305,2361.948591701797
66490879,1257.3655531389857
82396141,2410.6631443980473
96803616,781.1151146412782
10584088,1460.9012238459395
41994657,1859.431563581056
87186973,1931.289037075543
71213873,2423.991581644173
49764305,1548.8927284390188
43725149,1158.2231527866804
83812129,1762.0127288483354
63290164,1566.2886050757813
79318573,3000.6795095387943
10844028,1982.4700768790551
19798231,1249.6305408023186
97056407,1217.9763595859417
32215003,1650.015145570236
94765090,1391.3209448462092
47235057,1698.4171816794453
94429036,1828.2258084087266
19267342,1433.9841992258662
79884507,1523.1403161548712
68548734,1694.9474452841037
64679483,1018.8525721797464
99761027,1371.758351436733
77538039,1669.6337493811684
28035639,1662.6674220659538
66579510,1516.4816647028838
50333547,1309.6974669842032
30957545,1833.3996879762121
87343589,1325.4189872568659
45470859,1857.4139002802783
57383256,1095.904041650134
62753404,2498.1284523405357
65906932,1673.263669562122
54060112,1693.6455232626213
88317327,1190.7221417506282
46875481,1439.7524545855829
86614127,1273.911640697837
91675434,1738.4274628087078
83895227,1233.8489969943098
86365373,1814.7738986654238
19948626,1360.556709526934
79630167,1526.3579803606992
89106944,1266.8999759288654
46083057,1633.4700454312886
96150610,1418.7067008766676
35015883,1614.8372452864276
69747407,2022.2172833555683
55538576,1387.4937788142088
97411049,1662.0556540257385
11519556,882.7013832912585
81677533,1327.1772711959252
60065328,1002.5874537253122
91824420,2193.618868679832
72549395,1632.7846936001474
75208950,1274.4162778726418
54258616,2312.7567801256764
28371507,1583.5313238164772
33800661,1695.6898606286907
94718676,1087.976160968417
98426094,1894.5746663296375
41019343,1887.941846120671
55953203,1879.09803877222
97258831,2049.609648880966
12406914,1404.870896959957
54260975,1192.030931621763
17839314,1675.4173122834493
59228162,2170.9330748924053
53104947,1657.8054008142076
13405871,1605.2977544393098
30540873,1833.8465397109078
10681459,1546.135367487203
88488173,1712.54504139143
11138134,1442.7120941707983
55965946,1751.5403328876266
21024415,2359.9962716484197
98633407,1323.022304439355
17665044,1862.9687764316818
52365929,1380.5303941434863
45919010,1410.9787019221135
29159751,1682.9698860035141
25938815,1463.2199103731468
31864619,1602.897477173866
84907440,1707.3320774717197
55408023,2003.5887471195192
97513676,1236.133316201656
71808636,1734.4383921743463
37329985,1523.2486770523794
66719590,2113.8206085212623
19832352,1226.849394878687
63673893,2079.339874490629
54185196,4212.3409103060385
66171184,1301.08378826842
15702584,1507.6628673565851
26362681,1362.8684445773347
15300602,824.098352953106
54091216,1800.8988070829982
41649165,1491.2366438787503
17221791,1489.738761128061
60925601,2140.4755273988676
98579259,1715.0503928635037
84327985,1401.0248104883901
42373455,2858.384013398388
51759034,3668.2474806696223
57369993,1271.9312846188923
86174456,1891.7135261769395
40095064,1221.0411249343026
36904267,1196.212299581593
95653857,1524.9712936510457
91047161,1327.2726001689828
24858933,1273.1390374744271
43668504,1645.55966296152
64688863,4382.776833767658
19394328,1577.3090761718254
90928544,1878.4681924674733
54501975,2911.6160489647104
55816692,1428.5871706802504
54235055,1497.6838828909654
54802075,1853.9424281606523
44582261,1486.5403778368498
30580440,1355.060473363014
53586985,1521.9916449038042
45293131,1860.2399753233708
61623792,2069.3070102376782
12664255,4101.203833957052
99282552,1733.2312964694704
57422029,1590.6049954465595
95049365,1603.6152977426048
44630924,1682.3186883620444
59932513,2739.5534602013113
79864196,2853.20456184282
38025450,1125.31728605458
43187524,1734.3391080684048
85710350,1944.178278253793
39439329,2222.0272278236657
11767243,2118.826206547311
40729807,1046.3680058269554
95837440,1920.3577139169383
62785546,1524.814011811935
18032525,3175.6379122545654
78515248,1090.0063147076025
64000264,1630.5516039524225
70932637,1472.653021820675
56631286,1468.4501139958024
82611641,1606.9704418091467
14610215,2973.971643435405
65282606,1922.2489578061084
31080502,1414.7042573355059
66137109,2235.4198594897825
55286917,1632.7621720760444
19462876,1288.4548358902605
37235871,2237.259853622829
53584009,1312.745077714284
99377565,2111.466799982032
82994298,1710.365917234413
64250472,1610.9684485061969
61269314,993.1178349897439
26299312,1443.4228284251587
97300018,2013.1355186406934
74523665,1371.5842587468771
19970243,1768.9719180241173
14406104,1363.702632001477
87865772,1383.1880727448884
12224440,955.9582380971545
62628011,1598.3490216858033
30735313,1535.0522861907816
12214322,1526.200295100098
80943078,1144.9321500160472
89421265,1791.0579132245168
72762674,2222.400972415693
55920835,1350.168247022137
95456446,2226.87331639787
96630600,1640.2341521792973
20077759,1515.4531019320934
77066065,1611.6686676439274
47856776,2325.6454785463397
31685937,1446.147720490157
41522098,1475.147978629472
30032101,1435.6383627365226
91606427,2754.8274301856604
22900349,2039.8135955885655
43552678,2360.706173354652
38881909,1655.5992859628184
77508029,1600.3350154337284
95128506,1991.2104368254145
64627729,1153.0398729094331
56744301,1138.6569458672257
59338251,2406.548576377387
19662574,1268.6307957818256
92971829,1501.9130698274669
18409584,1667.6373989298108
71760159,2249.2458703839693
43660858,1714.2441722098688
77997629,1840.999672682566
33928732,1208.4221556828797
68629875,1192.175685069771
48480450,2364.0022427985846
54283664,1524.3746400724285
65942293,1865.7852820045052
95573502,1468.5049981986958
45086632,1172.7214344192407
23012000,1701.0603968747669
45395839,1570.4768514166274
15432712,1332.394244805316
72298046,1812.6227946300987
84408769,1702.4793721898268
25246226,1343.6213880190542
20056705,1866.808970199523
67856036,1616.116926246495
56138985,1982.3459501193554
89984541,1393.6898287153533
34860961,2432.4958275341164
55067089,1756.0960632093752
63717753,1841.657994759931
89165138,1517.742521189991
22336894,1678.1061845609984
23089519,1405.4022795219803
74572156,1084.4156997176628
96120368,2599.6933762138433
70734227,1951.1905605255117
43842124,2096.7736140562324
98567604,1499.9241607222061
54538757,1841.4222809556948
40105171,2261.735628526653
12135438,1578.409899683594
73738446,1473.4473848973096
62385208,862.6134973367716
56062641,1923.3392090112125
60234485,1063.648903247907
37490148,1101.4389958536733
73644773,1554.6123432944175
25147876,2223.2494084670607
98738159,1727.825936028362
36202424,1460.1498434330574
90053455,1711.208869009013
34861961,1722.4844375498742
40235987,1501.5176267602835
25289802,799.293174615254
72831408,1984.9397291080052
62725172,1653.3402148338384
20547868,1750.1493736351015
43821417,1464.2925869629075
39911650,1714.6394394989716
76282034,1448.9603631476123
93532589,1410.7707608330275
71389546,2040.7139859952474
26491098,1421.5509815045016
63364173,1213.7049288244891
74256814,1095.217961288292
35509595,1858.6188164587916
18139863,1849.307831973898
68577776,2025.5094091794303
29522715,1630.9925761365978
77706518,1900.8112855114825
14006179,1481.708966030961
92579248,1901.7013751383067
59229974,2027.7236166876778
62295609,2344.5834705961624
84259414,1771.6950836107933
47815936,1241.541081791902
81563963,1110.3349126052112
13005852,1552.4923296339443
62738558,1826.8186794694782
57070759,1159.887864482482
99600292,2023.2681153336137
94306787,1995.6799403236269
95225104,2038.263519134256
55330216,1524.710078464306
36532262,1688.7757196873367
46565446,1806.1170030663397
49087723,1382.7611546159048
59534453,1508.489015833737
48055811,2491.472843782189
88400730,1930.4907518511209
99040799,1349.3187230911808
54783545,2200.396724461916
51521420,2334.5113908558533
62125112,840.7499431675001
41533842,1372.9204778074456
37548888,1659.528757950822
15800993,1250.4885024819228
72777210,1717.4739004072865
27213732,835.7937551439791
86541928,1397.4783203075672
24899277,2433.5296763743336
87153365,1372.218254945614
29377093,1905.192986684193
17126249,1794.61431155339
83735200,1942.4589670497662
75294081,2133.659336267748
50305812,1170.2253992256278
80598326,1407.273408527031
73085224,2165.335162483934
36011967,1911.9377371497565
27344122,1446.3973452411424
65167661,2157.877566549747
22697886,1305.878511654915
79772982,1275.5147867892192
75656583,1127.5548622882047
28706133,1329.728293946103
94307664,1585.8555891288581
79181014,2158.6465112597643
64940514,1447.5599259772978
42076518,1508.8427344473225
38290514,1216.9953376092087
12647465,1105.5972866872096
51615379,2085.452606910045
58583551,1787.918641876749
89324282,2013.1597592554915
53391853,1668.228796232468
22488467,2181.2034205910613
77912827,2219.054888242942
92699296,1808.0667710816197
98391080,1439.7741388441975
25085429,1220.9145868761218
58232338,1873.107656647624
40856740,3407.1861526369453
86463099,1547.5632968684597
30661871,1511.8049641323553
43294411,1601.0546467210615
95379944,1903.29319949988
10473693,1832.2680051637938
60542399,1834.068560062363
52521598,1747.091321237565
78214020,1216.8430402459937
42119756,1084.7864785755235
74645008,1283.5560789937408
68736704,1618.0974225496614
13851365,2108.8840729202157
10956933,1806.2021900161913
76588396,1600.4034834582108
48664414,2139.251527247969
75409758,1535.4441185272722
60867152,1317.0921517489974
49408128,2075.314184852069
32398201,1368.3196591693752
33820657,1287.5820132400042
99096183,1432.5556361892393
71729207,1528.514353476006
13424233,3096.14578758256
69313487,1336.702224234822
51427900,1355.290559728509
20461232,1803.332892470362
63893951,1218.9231476232665
93871936,1265.3452217865997
63699477,1780.5329732450475
96362629,1500.3650580441706
53928117,1150.9827891337507
41164553,1166.608067491258
36908648,1731.7734760075732
29666927,1914.942540677077
11938394,2049.4078276823484
52496134,1952.447656481518
32481667,1899.3084481473747
61487441,1461.6040887184174
78992007,1291.688621692856
52895411,1420.6722219647536
58726779,3316.2092056056154
20458217,2550.780184821518
60265538,1749.164061854869
48479448,1229.197392048728
72404425,2001.1094353012036
91400370,1020.2084545445131
56260955,1473.8903655545807
65491665,1706.0871804110145
11663385,1267.3987155397256
18615500,1058.0623770995219
87935522,1397.7285836103408
58889457,1881.9916896448133
19169471,1956.2995734229291
66133962,1882.2418055686296
66731452,2073.7546215976326
39410896,1609.2578602554934
54940054,1376.5903560618913
10662394,1337.284897475669
80972130,708.0974320645876
45235634,2192.027517248986
32971413,952.7955532243566
79283360,1244.88273741044
67055260,1188.151316179422
56118755,1689.3629626605825
29230461,1526.0060685882158
37178907,2128.544084445728
80400106,1682.7922568853587
67091284,1451.9407427815522
54160936,1459.6780195043507
26849200,1729.9510403098116
49585462,1273.1591502339131
29429374,1486.671558468567
95616903,1711.381668839582
40605040,1536.8602103595028
77364221,1324.1206338967902
63366619,2161.697256414046
82932107,1592.2487622473157
11504000,2020.2684552677586
66338948,1661.9237951979526
17704772,1660.929889152245
70406271,1424.4903716209353
78457345,1570.4189907557236
47160363,2091.5259459240906
76792443,1145.593206096343
76133904,2610.348839651545
30534387,2308.165320310415
27949452,2281.5659207167187
98920505,1681.344300000232
79101538,2352.1515161267075
41201623,2566.9456852128765
16952322,1607.6051298203254
97020909,1809.887513866927
76043497,2124.4696896392247
34495964,915.4371295374982
68971691,1437.0562508247715
68553106,1469.8660865065444
90311747,1473.925351133969
89361909,1796.0766081287757
20406930,2543.4079870931155
38933836,1186.2334032872375
38377549,2636.9721581485683
23346090,2400.8450677834153
12625694,1322.743212658761
57311677,848.8539718329225
53924641,2744.143075366412
36865701,1324.3618570115757
22626294,1428.2553098956848
94697405,1698.6500087736904
89675917,1407.7737149537113
28055737,1589.7885964748923
17371555,980.7987098589107
31452123,2209.7856961173698
39910354,1573.5109913503331
16661684,1110.6744057409983
11696365,2051.2690246135603
13890760,1502.088077516133
23308655,1638.5944099246033
58265470,1691.8918664514495
23915393,1675.0596302641688
47202387,1698.0620174653172
63170132,1502.117732228826
85663208,1906.5336913030105
11731667,1346.9933105748876
96387342,1142.7789490711398
56912577,1424.1752091067647
96546739,1555.6546850505788
56118135,2954.262902439742
65848480,1406.4326301017925
29524312,2085.399624350464
61207733,1833.01924832817
95068416,1504.2457255377467
93730714,2895.1110758045047
58209441,1647.5464795269536
77468100,1279.206067378781
94556768,1389.2251273192296
66214153,1299.037936328658
63178801,1203.979707845278
47025809,1796.0798519214707
17223815,2436.0941968576476
26808769,1488.5628713733893
25114626,2824.6354286872715
33184251,1260.9765597764053
38562723,1831.8492345319244
19383477,1360.7402267585217
81390291,1541.505365630087
20998216,2789.234946610997
95233875,2057.975875823903
36756234,1546.0904837114622
80596646,1645.2846660167472
92304937,1581.9423586851885
37613954,1217.3369276543472
58590718,1850.3876375589603
53992915,1144.0957277184004
54005253,798.388412889439
68781482,1383.589103810411
70720914,1477.4223047661446
29283338,1270.930962649342
71373910,1964.759803270415
82737999,1073.9341960378288
38789318,1807.4400352287967
50526394,883.355715747932
24047944,1521.9346027051865
56710540,1247.3073882692481
18038779,1579.2483091830654
87817642,1733.7385248402493
54364617,2064.4282067482495
49277751,1353.986862498223
50647092,1284.1459147517942
74938295,1352.3434779196716
94151619,1544.7158548451775
14146499,984.2853036635033
44114070,1856.336809640941
71013634,2034.4131148350625
92727921,1029.9698986976941
23408005,1852.0037443505225
55353418,1925.0192439817847
42627732,1029.0904430489134
52380113,1834.3490706624118
76380932,2295.8038317712185
85051446,967.0124336791233
13441812,1145.4813764701764
75634466,1951.9159748430354
77418032,1533.8078829566307
26069913,1926.2142328685925
56951161,1190.9011275669106
65568116,1492.365748068166
61527594,1483.1796544922763
17428821,1529.9594900353884
23710142,681.3974623841453
95218141,2450.968810473612
64929695,2173.077600278337
16991389,2196.969918862763
28240625,1363.063233985066
27547150,2623.9010296605065
66381811,2807.2672311733418
33749942,1340.2663354528304
35190059,1407.558837990598
63026525,1144.7067055216412
52393671,1660.7556276734858
32813270,1805.5427459178095
49072955,1336.1386289555771
39300176,1773.8058403830125
46915044,1734.3770286653414
59260240,1383.1590798451973
12697027,1282.1628187971028
52828733,1229.8689445136358
73335938,1475.456458936641
55961268,916.2513754416698
13325471,1445.1891618600175
29398613,1188.1808011571384
27052291,1445.2363572285424
15955952,1568.4676727449191
23271818,1722.2288286200662
99724134,1557.1827292645212
24071058,1405.7230304542902
31560904,2104.8497008786608
65419988,1507.600945478396
15085530,1287.0525505966789
19942722,1917.794363596139
13275930,1332.5415539672144
22982323,1913.796767637936
36522599,1684.1695266017628
82021909,1412.7173010805475
68645790,2907.8328193105904
54788650,1710.187567433558
42678082,1957.1427476711397
60925510,1229.5330823218023
88286089,1246.1903203449733
58263484,1658.2175581639397
65619117,948.4964344882619
38104250,1719.868138254068
13756583,1800.1677119152855
60053914,1246.858769958002
64871810,1674.519338164923
58457956,1846.3296949418138
46159970,1627.1457804866825
68250229,2332.1702599179057
47390028,1517.7900475448314
32969075,860.5641126707983
53581810,1625.3130221951258
79530731,1946.0904224107614
24487509,1792.3161401988289
69933962,1448.2336200563743
65663302,1431.8941623465357
12423653,2000.3106290904313
58871872,2119.1637867228123
58171151,1517.4062964320437
30617224,980.2820198625216
69106909,1724.9601946748917
13212070,1419.0400699285467
68351771,971.6259927433517
87624917,2165.682668768119
11970895,1869.5426887939914
44431758,1575.57147964758
16633955,1320.1443564578713
42590404,2285.622976188295
86953915,2159.746866361001
15250738,1660.7889253817905
44832140,943.1644650906886
73698594,1403.308977613415
42128660,2111.176922178512
79549553,964.7879785090475
71619272,1607.449537589638
42016649,1119.8654332118247
61877206,1017.0278018910572
56572912,2944.0784704606913
71598751,1230.3040638030548
34544077,2320.9670909634633
28672236,1304.0600975856257
68689312,2615.1954744004424
20267244,1853.647597705197
68781454,1318.5344539161972
27270801,2236.3392176463576
37219515,1736.9565228551305
12011866,2286.76747134014
98392715,1246.5483271531837
87201351,985.4806641470091
14908777,1114.2167106559602
34723195,1958.962612975935
27339925,2285.235112115161
65420496,1422.1460816936199
40933008,1619.5805836043733
47440503,1128.5307607908785
94970875,1271.435109575699
91029594,1869.5581258282693
65336637,2373.932911833712
82023374,2129.343105237586
11380763,1575.9527408765769
99699540,1258.3807451411553
52649545,1306.3195896864947
46299510,1482.7040327381912
71452565,1052.3664642846816
67641699,1039.943238961467
12714684,1509.742120731466
60016742,1121.7385421188703
53641525,1349.2181234789532
43542290,2382.1574304641827
32126954,1712.659603040761
38213318,1546.6153133896453
19971849,1457.4851103464273
69256669,1440.5049605684048
23756854,2190.547249202894
62908704,1304.428490263573
32399173,1686.2164137208358
39238887,2358.1587126525665
94428578,2239.200850951724
52458139,1556.4582488587812
80574227,1294.894590664726
90487261,1818.0014166285678
31852005,1196.0317300891486
24086418,1161.4739059085418
82209864,1285.6711898658807
29014855,1157.6334286739107
56782601,1987.7492990964365
24702075,1363.8187771606679
74660449,3113.029419211725
40117654,1400.0298961175058
60385260,2505.5404726986726
35958980,1779.9157274218696
69458629,1966.3163991041536
92886159,1431.0312342389414
97734269,2461.888160773997
19053695,1830.191600470553
22371112,1940.5708750194983
49183639,1630.2255302545816
53526975,1322.5463205918566
26290335,2249.055180547531
13359830,1354.7991400210537
39340686,1611.4880094724722
85521089,2023.3054573644208
26704193,1817.9253224163585
86626423,1807.4824282158568
80675333,2133.739056706924
38369741,891.1893641675487
10428306,1785.6199992901143
18197840,1045.482069526727
78586780,1740.7051366627468
40311310,1766.8993800418002
51507375,1458.2061477147743
10857110,1894.3205373925964
88736789,1622.3410908844096
10823128,1240.1520189950638
75933085,1573.3201095129239
87766438,2309.3258153004876
64406530,1413.6454122849048
33833037,1691.6936788629214
51715740,1381.23779118275
59611801,1771.1743855305067
74340374,1502.7834636757284
55507333,2054.4555992708492
10416536,1770.290916214055
43556040,1656.364826556316
63137873,1912.623814008685
70387789,1859.711397399882
29408506,1048.538973421288
38244388,1601.7873337866674
26541311,1135.5852685573927
21032019,2077.2801815887556
95710332,1712.332570485011
80660421,1524.153834927015
81086775,1731.9106093397797
14692465,1609.7520633558747
35590067,1935.2411600443986
37534494,1028.0011580591902
46669694,1247.485923933926
68379291,1641.9017115418103
28943151,1579.3322434612435
85214973,1767.4660763906945
49160221,1137.8219790039825
57027484,2404.955947254972
79515834,1834.7013800795924
48903593,1560.3603485881122
49944843,2084.1075596373453
15919205,1017.7575742950164
89043859,1255.322334474823
22557888,1644.1791537076094
45588391,1604.8884541182258
67323319,1413.5338100863723
67813677,2015.54032018389
94570366,1817.6329078519902
99333664,1395.79724813661
62452475,1636.412050954657
27164888,2125.8597048863844
13777597,2709.3716136822954
58863729,1204.6892107574524
75372835,1411.8103524733658
46531922,1422.8216728131624
22638297,1555.1656147871906
43377425,1467.68139356488
45061752,1560.47429446595
87232001,1116.0218308130338
99721166,1396.3095152401386
63930988,1608.4555072450185
67323116,1637.5010245344872
90199043,1048.3358807100471
16025812,3010.939215929501
90192151,1703.1679065411813
85194090,2794.8237832532063
82716623,1923.2922966531473
70041588,1088.2494061002806
10909503,1446.8917178087322
38910820,2036.5125740909411
67605038,1763.912230662817
22421268,1981.6037688687181
12483701,1477.4810100858092
99756084,1757.9488555921557
72806047,1442.9491211893603
82569264,1630.4671904174772
85085562,2358.4522736735116
51688242,1408.8755556346164
67031304,1668.7818713349359
67620733,1599.3606083208153
15399183,1507.9188532188427
83228475,1874.0133197950895
59551778,2057.261850840447
58024179,1231.8735965359217
67130514,2523.926456501615
36292117,3301.950997461812
40708056,1945.3928396268345
16154757,1764.9991701406675
56077131,2020.1978179346318
24589481,2079.6221441317407
73507348,1087.4446285717818
98283340,2053.4242360433705
78682956,1789.0012338376187
48031966,2056.4400139059026
54069937,1307.8522609916508
12509398,2205.76893575323
55254106,1315.6407453822721
99797445,1803.8046644255116
46298966,1879.7785091491162
97439691,2584.457927353574
77392495,956.2418528768816
20307174,1936.2582693895595
99295729,1424.0113487902645
13479279,1811.2765918015166
57906842,1586.8520277369223
11957267,920.9740774976806
46011088,1369.3837326708235
40051988,1815.9238781300862
76565808,2195.2635164655035
38007540,2062.7422497834536
79111798,1271.9760210151398
44170417,1164.0395766092424
81747003,1443.984383758442
10689207,1600.6240221721782
68762949,1315.0299445077617
41533253,2190.9707863259587
72624609,1298.985234482267
95729378,1361.2780129819264
63404247,1863.6396397073715
66851416,1529.810588561712
52878792,1365.260415849949
69816189,845.4116137800816
93215948,1383.4516227849515
82196067,1841.4836028928664
65951347,1380.0776417002764
28150709,1411.1106441653578
26445964,1148.7365860102345
59886188,1366.9043368387086
47858132,1201.6482541572218
10617528,1473.0004208890932
26555436,2638.6729836433447
75176293,4978.410095883099
15592659,1561.6819796492593
17002563,2000.9787099232478
65418918,1618.5308177718023
50328250,1575.8299517846672
29587649,1548.0569101201347
58771361,2480.271224405626
11138502,1427.2309833590473
87806628,1626.6587938123466
92541302,1358.545749664043
20045193,1392.1206451169476
53943287,1384.9952032703811
72973012,1843.9260719193712
98243897,1533.19489295293
50425980,1128.0183786434623
53891279,1793.5699642124519
12653293,1352.5884436486958
79516817,1593.3163863530897
57736550,2001.8701173715315
68504332,1095.9194403510699
51418176,1944.5541575469383
52844688,1627.141913926998
14924228,1450.7101040917
17385055,1745.7094251046535
48584675,1859.0853584998063
84113591,2142.885594864469
24176804,2053.260756215426
42578288,933.3354388139346
22976178,1974.1482332851135
59427067,2191.5772929080185
62214101,1613.4382537350837
31095835,2289.931544416875
61084952,2029.8398566818548
24538640,1335.0213824341345
17397516,1955.4220570283028
53588939,1192.9808602795988
64801503,1353.323361369706
22306102,1537.145244546566
73464976,1520.52140023171
25265317,1079.4398323382268
67321055,1746.3562395430777
52652991,1375.900490672311
77364707,3792.695048007613
28941979,1161.3061547079117
74248679,1364.9730430405916
67415672,1002.0987475519611
80048641,1839.5809361441873
42348096,1674.1527381815706
76460518,1105.2383323845982
34956566,1623.3611560468316
77002192,1630.4344800331705
88577445,802.487635060427
38297974,1148.2496024143115
97975641,2142.5731807771654
15692698,1687.022858203701
83507949,1555.4519437053445
91740530,1610.4508924538875
37895673,1323.4635324863168
19139820,1945.6756302310241
89742287,1165.1534624079088
63175133,1892.371936285169
52867973,1748.7690755189253
16690451,1282.2719852259197
37055011,1717.7581483750987
17248647,1535.0928803320287
17328412,2044.6869011999831
63923102,1630.0305052525275
34421040,1631.5563250450446
99940233,1805.6598482973602
45814646,1674.901496949913
58613984,1210.3053529345718
31285738,1262.581879661385
35071743,1575.9129388329832
52223959,1623.2182959830195
61904367,1112.2171272568837
31525138,1532.6641565075674
73171290,1265.1247874546218
44582195,1460.678152134328
90109527,1385.6342901937523
26952082,1292.9954740651156
53620380,1343.0326346856284
94287883,1174.5838405613433
77186365,1686.7365962623635
33864808,1668.4851675666305
70959138,1951.8790523631246
52099246,2153.538294888602
22249291,1934.8001629785197
48803280,1370.6214867846334
89982531,2081.590429438516
64289923,1275.1477750199076
22000557,1401.2076470491845
26219747,1197.7055987336803
31130738,2324.676625187376
32445244,1237.4856126576112
75236281,3279.9244263113696
13587715,1433.7003752425994
52514750,1231.0407486316544
90786271,1843.7906740501992
15005065,2333.62960581442
20097518,1151.3501784075415
50625868,2042.1506692693108
84412981,1647.0860498388604
92773944,1996.964379807221
25312123,975.0009588535243
70396417,1835.0074542364673
54865863,2395.830678791346
35803808,825.1839372886119
59597265,844.9056051542353
93311848,2383.0524095575606
32340446,1698.738244246202
96794801,1619.556498648441
40380864,1398.6531806773162
82007689,1825.2082673950126
84851707,2301.9155962770633
83174692,1962.8790517836724
59083400,1859.5447459125617
17580169,1288.492215389048
18219500,1402.0632574381457
87811781,1640.689943659496
14088369,994.6111271376401
67659430,2306.027830075837
42456496,2158.344045028112
87353322,1717.315728564252
13917344,1142.5100490094915
19886405,1499.270913899289
77800166,2174.996476750892
77068569,1802.6736564628873
88362858,1550.7062090072575
71241476,2563.7265177154154
24814654,1340.3577637168623
46691706,2638.9443003387614
79162545,2085.959587477697
42908985,1777.9513275318056
74936566,920.4289417645653
19620916,1928.5959365850922
54347722,1491.6303498178543
90271799,1524.056238237445
25414359,1331.3322305059994
35809369,2662.674272575289
57731323,2341.9990663892927
37887687,2236.0157334803102
76623206,1466.701095406215
69954876,2441.093261620186
78180146,1768.3251216703914
90681578,1483.5810359988097
41794614,1401.2022636921977
83295852,1756.534863325899
31156145,2638.868126660673
62711916,2206.4255641746936
74676618,1518.8375815850902
43248708,1764.684166427419
69180825,1548.274633580395
75624999,865.0032588165186
37667208,1152.91208840085
77810578,1434.4570540481316
47115768,1732.8435285863482
81589304,1454.120657829937
74472711,1447.4820774536947
82711188,2132.5176044644513
55272778,1918.4227855249117
98229885,1308.849545611451
70058028,1891.9180841741327
90729377,1778.9985309732435
13401279,1243.6323897868324
85519612,2529.5500167876016
17006769,1596.9187153041025
99888523,1356.5666304371289
22354297,2239.100621276077
43508583,2005.5449469683683
96795828,1490.4417679666042
96608998,1972.8221663626457
67452091,1332.3512541280822
40571985,1598.4744323576406
15232782,1600.1406972884588
86789043,900.209840730004
14046478,1778.1462784890684
45515801,1343.3901825652174
26318506,1717.093733304184
34584473,1307.146698364865
15369631,2013.3587079393558
26479383,1289.169324506086
81346470,1018.7981760696891
83197984,2047.0901205976647
70331904,1101.985247228855
78907246,1746.1792152080504
42709019,1855.4692273467247
97184353,862.0172938075174
35589537,906.4614351322327
83942112,1367.996472350748
58293013,2250.312480562111
78567689,845.8243343855452
88610012,1908.6310909857116
68628621,1734.8335280440442
51584806,1223.7377805874555
29419986,1298.5427918949558
21476578,2130.417230672804
77370060,1562.967812919983
33607448,2508.5104132817078
47890072,1405.880083147527
11234362,1215.2832179165462
70681971,1060.6865034079672
45196219,2027.7285437530156
58136807,1559.6191115427337
21383428,2058.601638058192
38088367,1653.5083117296972
57071133,1392.0665962319197
83834449,1778.0346680150467
72194210,1315.1227874630958
14582584,1383.7526752910942
16017322,1553.013931745657
18598541,1247.6353448255454
82812670,1454.7967973766006
53563234,2792.2974719396057
63779141,1705.3514463449674
70854456,1795.775433051837
83535660,887.3275005651084
51099419,927.6306907062105
30503407,1348.2360029643503
90802363,1231.669949563442
84057874,1253.9537931873947
93637941,1339.3042667107488
33888588,1214.107939728937
78183407,1645.5459686921827
88497510,1671.5463086757597
88829918,1564.196914437995
72639649,1696.5693764791367
15627595,1684.4070575578721
68832460,2643.751063817954
31734310,1017.7771792220748
69212161,1988.4320059799945
62980146,1365.5478089582507
69972227,1823.015760479618
53162285,1131.1880423167106
10963473,1796.6017047837734
65276908,1282.853550376274
72611634,1427.435645520509
81292347,1596.0353153097194
34705944,1306.3249244556723
54322977,1443.0983033041828
27155431,1346.2250922848539
61373056,1542.1523623877151
64530093,1987.5192363579652
44187538,2620.6535360652956
29110806,1271.2265551230148
34026881,1603.9125153823115
67734035,1697.5585627189628
90355788,2013.1334337960443
76930932,1386.3684199377285
31194080,1480.8444250724174
26948420,1501.4484995538348
60117998,1578.6994656396082
23540580,1909.1486394935996
29255361,1720.5307977082027
47322059,1402.7624675807313
50570727,1730.151939761713
71874386,1277.1825792287375
27325447,1187.5107813502739
92986477,2517.8002048853546
27856293,1604.5823121472274
55159001,1571.9145750741086
88660196,1627.2625208508084
82148252,2299.561104641541
15421314,1765.1059722710384
27620141,1464.516725015143
12348320,2876.382296272878
84344897,2283.4329404260743
10950855,1883.1388572682445
44290434,1583.215537732752
84843689,1431.7828643958112
85814690,1264.1671382460027
60406086,1098.8864002260336
35395832,1917.8238544674166
54621645,1464.282773382783
29154162,1521.0698933427752
40230589,981.2281698149017
46902130,2309.170151278281
70579622,1888.3010530404044
86272378,1508.9547116190836
12294631,1691.497329825927
29412564,1239.014834621537
88089176,2257.2816266625227
91193188,1595.473068822298
36523137,1336.3983206013352
54050884,1759.7534443459065
19187985,971.3120759028674
91884750,488.8512782699621
77985469,979.1615098657227
19362736,1271.800845921101
37641826,1264.386052128601
17997673,1578.1322218839566
12296621,1443.8090479134548
94210085,1453.5994782103983
84475360,1688.9313760200191
44450631,2589.0642802595626
96917819,1762.9740722646154
76581579,1563.4845625498685
16376842,1050.265706562416
20378565,1920.6479358888282
67149501,1292.26866344604
74149592,1618.8698687959868
55437574,1194.026221199488
86258875,1154.4175661564386
25154125,1595.595304162227
64289878,1372.316618444238
59484061,3647.4989246010346
39600891,2043.6406057830093
40907835,1201.9478214294843
47183606,1470.0231770068401
71132260,2271.034617899912
19424487,2015.631332143407
35720925,1532.2335457309998
74210516,2488.8943653562346
53089641,1648.884661542019
27778699,2382.761092624071
73489375,2813.6645458162493
46042524,1043.3556384398498
59554727,1712.7883721533517
31273971,1653.8633929638884
31543147,1236.3615895010016
74490349,1525.6727643760737
65190591,1114.34429273826
21122660,1673.1185476683406
54597323,1933.6039117992223
77569150,1272.4139140822394
68093533,1382.0318467230454
87099884,988.9183353490015
64825958,1016.4427032020204
27545112,1498.4510934817479
87791632,1474.6848687940137
93384265,2022.1944163020464
64047299,1161.7468206940378
23357980,1406.679338871939
88585802,1541.2124194319663
26754357,1973.6779380786427
99964380,2568.9492603381696
63611208,968.8852302815619
10618556,1122.0442896476973
12155276,1582.8832210843905
56528554,1642.5506888711836
72203638,2409.4174602671546
48174886,1859.64148506696
25749233,1952.1114076677525
11912269,1260.9552814008655
14181748,2021.803798038445
77013810,1917.688159323335
59885886,1462.5696669409588
92982194,2460.2413173433497
88065861,1620.549009583368
14857189,1888.1056324730155
60358916,2034.4236656423584
72265262,1497.7629395463066
20471623,1743.5718540629152
88951362,1411.4939566251749
22364003,1747.6345179372647
85137999,1754.77247122268
84176549,1748.9113378854747
25849299,1350.6310789950874
21233903,1628.278545621208
95963515,1495.221687854516
47630408,1659.5839790389691
38763223,1265.866946289072
34812513,2123.993649262991
77372953,1123.9195788534657
74724495,1858.8719225436325
34162435,1814.0402363231015
60046268,3171.1168180835625
19475755,1500.152588576605
89620481,1222.2564607089041
26981207,2308.690490317765
13918048,1306.5575215628842
36590125,1496.815850175608
78119113,1054.9585257724366
43245514,1702.1046981335967
88082339,959.8660943375942
62738760,1443.4922697696375
55254407,2678.5888061915216
85112378,1541.7124280095795
40490983,1179.8714334871513
44048989,1576.9991393674118
15551565,1602.9241161778427
27681538,1255.8395710328334
98232104,1221.316836656
14018289,1468.7189138356875
82522150,2689.5642577149933
65483357,1197.8409170641723
94158408,1610.760395784254
50266167,1917.7505809442284
28805175,1977.396367109543
93929668,1115.8764740468762
15540290,1607.1016247490911
98661090,1549.9248652344393
50074109,1707.2436137163884
85017115,1407.9575627436498
99914220,2300.0821985331468
76334714,1553.165599037768
38140938,1540.0670719621057
93933852,1192.5953339147743
13190892,1555.0687329392474
67747085,4116.585347373076
96389355,1830.3763870766932
42380180,1299.4996245317498
55522772,1546.1106946024497
18839853,1607.8286032676892
93030803,1634.845871605924
19574384,1575.1585946348323
17501488,1556.2806345558781
92757638,1087.7350277862095
47546392,1700.0753314196693
56569095,1824.9752416626573
34392418,1778.9580529140999
49367171,1927.8191911795154
37669142,1389.8879070934138
33580264,2006.8946213287506
52617381,1444.557740181191
13011861,1467.929918864527
97498208,2152.056052197423
53388262,1569.251247799901
63018369,1631.5895504998832
59266953,2296.3004116244038
33256210,1537.9845260745296
26585585,1495.0313475603057
43342989,5866.509872265576
81962175,2431.0764217377073
54752385,1527.616994388772
12906623,1029.316351085742
12144505,2421.9413978179728
47329191,1510.7780222303784
35302686,1638.8770173193855
29541158,1483.8832914863988
80447228,1469.6791630169091
56399590,1654.511070316809
44327442,1547.738239148393
65756284,2344.7097281203605
13967851,2468.592244872688
33766889,2380.9692409501376
70886578,1318.3688634246823
85448456,1640.1111813406387
24208719,1492.8973800046065
72059158,2034.5515924545323
30666083,1500.4766638580184
45090209,2129.6353625493466
79520644,2017.9945158207454
41015799,1682.4049874892437
22610356,1040.6895324665966
46940244,1223.4289931409826
21443863,1306.812982973027
63769088,2281.5378531961105
32298027,1447.5213323999415
26046152,2096.0464207428813
60326272,1376.3515680309276
24693880,1737.7952836559077
18317166,1871.4109831125154
64265688,2334.3636557950526
27910854,1284.8715852969424
56810750,2255.9880715390937
97007881,1250.826568119407
90317702,2743.5395442919908
81231529,1568.9911010850328
85899649,1531.0480058410049
92087175,1317.6940470163788
24070483,1544.6769045962449
87629146,1065.4770066451372
11101794,1425.8610456740023
67889079,1631.2184175264201
25576186,1625.4541441111483
67657245,1849.072071762338
74992266,1514.6775760001515
83091668,1447.6595527313295
41547362,1361.9670974177052
75141878,2965.916826440336
11562295,989.3879664969585
23748006,1572.38215543617
89825179,1368.638821038727
46505766,2780.241231525303
36098274,2053.7832900178078
61326956,2074.3810945187975
69020339,1441.7202803739553
35844282,924.9514504138011
86014291,1775.161906003209
72500654,1373.6720573210766
11567986,824.7469371054051
95910506,1006.7307807760228
73565600,1834.8557463989262
83729347,3633.054905800551
39689433,1129.65127405127
26513864,1134.2776380288044
20449852,1528.824271220036
10382065,1576.6394159330514
61096786,1148.311017455451
40823824,1652.6068019546701
95687753,1110.8534743104622
88043962,1983.5709772168032
43192291,1671.1183499314473
18631499,1515.8640425959684
27194752,2464.6499019995563
48023684,2664.263994004955
76180232,2068.454359902765
99345059,1539.0226197614622
46554999,1343.3235761435762
57537267,1422.3343070260153
72087202,1384.296398027483
60008708,1409.5101874094075
13534295,1360.3737805231322
90971189,1802.4391625030455
55662480,961.3805047164193
81189360,1571.8060329319067
49401774,1750.5602065825606
12131946,1723.5729830384385
78732926,1903.6943804647865
38392538,2307.831185779668
64273801,1446.7042855673506
62858255,2705.6959941753557
13288053,1596.7338710391953
80940080,1016.1564880738616
73197703,2327.4004218601394
88918806,1633.0948191661817
45088467,2162.549797221442
42105313,2087.3131670909797
51515302,1561.1592624721484
85071892,1343.215823957173
23401512,1277.3690784199168
70514922,1332.3891256613022
53367560,1669.609385133344
30799466,1183.0043982567363
87442307,1485.699557426708
84081332,1701.5924822723139
87505658,1070.6229766443469
10151086,2066.284381667159
19254776,2151.893286390039
38019521,1328.3281195985724
40151098,1731.7949425091992
75965212,2242.7614013845664
38667600,1271.167059804573
55646285,1449.0593782481237
35548301,1347.1645048705611
18737005,2429.405157869876
76771390,1667.1334285286966
23778594,2621.891329194499
63739797,1237.2182801911345
40559434,1788.0627148768986
15970404,1391.899181402498
41963393,1650.1649214032425
36850376,1699.2333468730449
30703622,1197.16907449281
53681130,1560.8091051994945
52524172,2901.3001535556323
78986568,1794.0750558574566
60868659,1742.2196934520405
55970571,1315.1572752712539
69603000,1255.9463119024342
24475423,1077.5422929009503
30105284,1190.273220608541
42638975,2528.3328927355046
54205765,2319.241090279558
77026950,2198.0630889258728
55738198,3236.8204457381335
49309757,1751.812483543041
52256145,1728.701516152448
14972722,1412.058560903606
47613103,907.729140721686
31244414,1749.2211135211592
67669646,1788.7051681736189
85221335,1525.3478501732416
29598209,1375.171605268005
64960038,1705.1456872122048
36072721,2043.1669560844177
48855526,2227.4094169078076
40290168,1440.6543523013588
84094689,1863.85806402381
64780070,1428.449239228211
62238032,1382.3109216052908
44102009,2036.2406529756706
13443938,1441.6982066570831
27288438,1264.3779260713115
26505769,2045.3352311109509
62425735,1849.3122041372628
41742405,1931.531190132534
35508108,1508.4151253907871
67267851,1508.8834584190802
65786198,2089.6204171313975
69652252,1418.4897296343192
78338794,1912.0335715432534
98205508,3009.6962892289694
90079134,1821.2834833904528
89240929,2345.418488773888
59365630,1198.2609088594188
16423455,1573.5549613361302
30410578,1321.4846502859964
41943183,1997.2366878748742
17181615,1364.9381683653864
31537031,1572.4299078115628
55634963,1384.9803956020444
14790401,1721.4405348153402
49470022,1442.9839441395243
68137744,1954.341431733096
10800640,1254.3900401404333
82878129,1379.2017997493206
98099360,1861.5039573441993
36414556,1966.8568533346945
74858657,1110.9136459198212
41406039,1420.270849844374
67297495,1226.214588674155
98019387,1749.7273959534582
17133275,1449.2314254016244
44434588,1160.8750072599096
23385843,1704.7304900891152
51805988,1714.2934952652122
65443150,1738.655493979433
77624321,1458.954753453326
80056192,1488.234093766996
92008819,1545.7782189834122
78973038,1005.2432212353688
36356168,1686.3137318215126
23051465,1410.1169487339141
18225590,1626.9858533863162
30705007,1539.5072550769735
51916309,1596.9324923882534
49014177,2123.135852626098
46939883,1637.6036911981053
27552020,1363.4577682638896
76064439,1128.793657399314
42732794,1877.638056476668
78185687,1042.8754272713854
37150067,1439.475222004945
60216204,1398.4518507451698
67861895,1873.2028280473473
82668831,1240.8413784972554
26865256,1374.5747991992716
20296005,1587.4595448266969
91164112,1556.2017157571913
48751412,1546.857436695397
92672083,1787.7059559502031
66451503,2139.179145278427
79223008,1389.2126440809732
86295795,1332.9054259647364
12188395,1115.2704236350621
33148873,1207.6925842746364
18236078,1759.20930835136
53763750,1148.7941603435982
90278346,1760.7481171218938
23921552,1427.0163324469183
60806947,2753.4165243877655
87988487,1192.8960436899886
33594333,1420.3068006192614
51767697,1552.9350782026647
76176593,1695.0247199141463
20106678,1738.5899347550255
89323122,1241.4095621483148
15084276,1804.9192754629248
46737280,1925.303139551485
27725859,1182.1806412823519
47502584,1493.64527019904
89375361,2419.924185589111
54279167,1641.6798872321476
62834953,1138.0564917277832
51358955,1616.1443573066908
43105700,1526.6712200315712
71610282,1292.6424826855714
79952909,1905.5442546095526
86913278,1219.411971381832
72344233,1899.7414176872983
41143291,1172.448022840314
47312733,1456.8602754414192
73376655,1531.6891474177166
44219943,1060.1067606869617
18665144,1434.5977462857409
38016360,1749.9775445436617
50277432,1372.624251155812
14668690,1290.7377448864472
44041678,1865.1622570284205
68597599,983.0197842214502
55600173,1706.9664937170442
78109218,2654.3596607398063
43432402,2011.734942368445
57793276,1709.905135014699
82143513,1713.4646467580528
13373907,2619.012878557042
78336625,2318.0738987967284
51821030,1908.2026184207261
57620512,1044.8922072434955
94840760,1471.7431138572613
71866671,1658.8391220441342
12967437,2906.0866168810203
94620585,1443.1669941962928
45148967,2191.79455697171
28096166,1309.0577474748638
76948857,1581.1977289985273
44584760,1180.0759316078993
36577484,1872.401373392869
63103602,2832.454849072325
15647671,1813.41306638776
86020607,1970.8675436162393
80235014,1440.4859015187296
40496834,1161.9997336709564
98549441,1733.4378827859446
71915619,1827.6305810571896
27813348,1881.2197076647726
48090735,1639.4679559555211
91818207,1874.4142126142688
12597429,1294.0360778454806
99318296,2198.11249703494
38085169,2452.2161189153926
38823071,1989.474659308285
61630311,1897.6874934956186
78195551,1931.8451763693688
88131419,1366.2827038472642
18300026,1504.4412960048057
99585455,1979.7418400340841
51530595,1977.4284252475013
94166971,1326.9780684289665
13633057,3466.2821153306886
68298368,1210.3715596970185
69215865,1833.3631600510998
30064972,2139.8883774068736
96997224,1635.272170731001
45138943,1102.3718690541752
21749235,2113.4824219837037
62856234,3424.052175765894
23982292,954.6495202735748
17686144,2266.5233957701057
57256437,1858.9694786597338
85469927,1478.854827400481
14451732,2224.4621821941446
85268432,1445.620921068216
64602955,1255.3667173341528
74101500,664.4927121895761
80083521,1522.1545947485145
11433359,2366.1421792518154
99198713,1238.9826784866023
12281135,1399.2796464572614
60094475,1406.0221199263974
18817746,1374.5157806922803
80803307,1906.6487273283153
50415370,1426.5533035862802
65098425,1690.7960774806793
52785060,1348.2084584158738
76797423,1575.6908634201627
57752962,2282.8775681744987
30340212,1548.4692620687035
17309152,2600.7281530423775
29046975,1778.946152441364
58339630,1702.8533568696105
38269849,1036.4342910191199
65498444,1441.7356752672645
56278811,954.4930946235702
65904109,1217.002327332736
34436387,2082.5255501264014
83162633,1691.0854083334134
41922575,1382.8052563030446
67606284,1445.7347908733855
74148614,1418.401861978491
31898202,1601.134444423782
12816787,1873.642772980316
73390625,4593.893460221986
44602780,1625.220412293329
59497966,2264.6308551914426
33304284,1425.5461998241506
70931726,1526.4808713542025
44381487,1332.096419621744
55483533,1550.1254306753144
41096987,3066.4096928631293
60844342,2664.832602927046
46382270,1102.2457273660473
41975761,1347.0547601122705
20086347,1182.5677181253545
82572177,1619.692274320449
27871083,1130.522000476886
47060550,1678.2458811783936
44062914,2029.0721953584673
29352791,2563.957535711879
42368060,1442.5890286055069
83186065,1722.571991657811
86750602,1964.1442374438332
18043718,1284.6396109469538
85319365,1344.1245868152791
93521329,1317.2822643881866
68774400,1674.0850600753602
27686846,1523.9205695260894
73144512,2440.670071855916
47707941,1415.6580907290527
91947483,1489.760850466722
54467473,1848.5585142826287
25827075,1405.9854743741746
99472188,1548.184072759209
29814538,1843.9084606839047
98588385,1258.4847867538251
15032563,2386.43230371961
73738020,1855.847306902603
11480212,2437.254487080518
75221745,1627.1900697431015
19968090,1566.6177131491752
70404205,1371.62501368526
68659791,1650.655282057274
33092757,1012.5534884108941
78193594,1938.3918763319205
98198145,2435.6862006775177
99767011,1720.7408345528238
56688046,1541.3296209819107
66475382,1165.0282950463045
75692782,1829.9504701390908
26808729,1601.6548010640472
32171695,1492.0626121253854
88456703,1597.5940485331348
20999557,1486.7810565749228
28934979,1358.374194319712
37107836,1562.2438166300085
50278467,1555.4593190921735
61940174,1374.832904883938
17559774,1589.2915620794256
21430086,1975.465246622739
10776426,1328.822088674456
98097088,1767.23747315077
43113087,1223.1295588145013
12862019,2412.4101284757667
44592366,1128.872912123912
96886172,1559.9248340547676
96480201,1039.499372350223
85983502,1590.9108059268603
23038927,1013.563102750175
53573032,1789.3927059357495
34553934,1533.0198886370445
51249487,1543.638218785893
85349173,1486.7172541487087
40895869,1244.189637000409
99256510,2142.3364287391105
76469230,1315.1525473442862
18165718,1959.2019763335866
96264289,1446.6002020255228
20452221,2231.003639184562
15739031,1369.9435285402724
75157790,1599.6964698403604
28901434,2299.0433720401707
98941473,1336.7794002073006
84489512,1350.1977829473615
11168890,2065.0838196678496
45041073,2022.3217011372356
85582491,1554.3708382227753
14863106,1647.26045766591
53607444,1280.7652630232524
39640829,901.2519847700298
83896205,1312.7963131075503
66887097,2092.8080114024324
54562627,2265.5995936193794
60923346,1806.4654427853804
85626709,1363.0769514871406
11687354,1318.5125348759266
99055900,1268.3328792258592
94176139,2086.5928212210897
65142810,1343.6172532982855
21025866,1508.0182209731522
86231352,1550.4972998375993
94223565,816.0905308285616
53094412,1719.9746028055001
16579300,1871.5675693190612
68788821,1592.5742905650354
22347006,1401.197534162512
89447420,1555.1618080613764
92132840,1652.5445327512698
61120099,1482.3708631148622
66390529,1731.6486823851062
36752526,1881.4127196960112
28673093,2555.043846943681
60187719,1312.8163331841201
47937195,1035.8934841655728
18528428,1750.4361168387748
72855294,2264.506794973991
77314174,1218.843466612206
74208091,1412.6101689701486
25265856,1161.740646484637
43541187,1962.9393413060218
22027673,3971.6622572107053
39533389,1504.9835790653508
28548263,1705.2319059488711
78891989,1526.1058116172894
68562696,1712.4112745757468
45297826,1872.1762972664926
14532340,1618.7519826838054
42487332,1257.2424072603455
79497837,984.35597776895
48787566,1488.1708973343664
43024895,1249.3064517465086
54043001,3205.8873444633987
18517095,1151.8317306722217
42190640,1637.3771714543545
81702926,1666.5446823892753
20584669,1296.8736757281993
48104361,1351.6950154447006
95781341,1958.778735462888
42595500,1314.216897639847
34081689,1370.284199527052
18465181,1549.6210931427283
87028165,1164.53134010833
25157413,1523.8636742249523
33500861,1668.205582925094
22501784,1935.5904985863026
90954690,1527.2228498610796
12079890,1130.0859542591224
24560931,1536.9777030104149
57180097,1615.5273879767071
53805689,1252.3713599792657
54653374,2165.926817127963
79714919,1633.9714457549692
52629831,1117.6461745791091
30315883,2107.006859954532
55900800,1603.1543766578948
62528560,2699.483229292558
17439043,2034.6134771253603
64302335,2237.9218593915816
53498595,1474.533164577412
92248005,3403.701856347209
65132848,2037.7944733408983
54712644,759.262845556408
26501578,1199.916389611152
57973578,1771.541326223661
64849387,2070.6314433699886
38331875,2166.1994639720588
84564845,1371.567579290962
34335614,1636.4352210261218
18851658,987.3394374784347
10997678,1261.3005579659603
40768250,1274.453447353051
47646719,1363.8619717948006
92937467,2027.1790045396485
61661397,1680.0545265406115
48317061,1330.1184826248143
97216589,1533.8797283728723
39977323,1427.096259291014
46445975,736.4935270567519
94283551,2121.665334630052
49677766,1358.5416088588786
85991335,2077.766669961025
23059563,1785.5394468010427
98641777,1484.473124941871
62115510,1144.945716213371
63322573,2148.0066012586803
88463974,1534.0969804195636
29063398,2245.1672913542243
94756964,1712.3896562942305
84286445,1409.5203219803645
86644899,1565.521235938843
58366829,3140.6656978526103
87935193,1913.5008334833078
65710078,1210.510005658536
55211028,1070.5101602227562
20090342,2145.5601980374186
17885846,1711.373695225498
87917108,1506.6242344055947
35243872,2234.2036861220176
78681572,1459.8391470496867
36496663,2637.7539814410716
88567292,2531.970122954969
90883683,1649.6762898853772
77163639,1759.7763063433772
70680981,1702.7855293702712
72230973,1437.0674595295382
13786940,1700.1267610661637
56650323,2245.3971847884727
67337097,2036.2353778910358
65297160,1298.0994715089246
23393351,1060.092386341675
43711949,1989.7760399234571
45998905,1842.0368231067025
94413146,2119.770323902466
30684529,1412.36481895414
28147355,1667.9168301484608
14737001,1595.576149370782
55758535,2647.0434135037985
95914131,1660.792917760436
95400320,1353.1306573370493
29157079,1409.7904562271765
34838551,1262.9635449772068
79573538,2051.5564461802114
53853858,1308.8508831536606
46958037,2006.4868373098705
40355076,1332.0270502114595
79162800,2035.5661075046116
61449541,1624.1506618709986
68870249,1046.7950215919454
13256146,1895.8937400086684
23687793,1002.7676889796594
49330994,1884.9907349185362
47955268,1701.4754266618577
24572229,1120.8475282137454
85493065,1477.7978858956092
95994562,893.0605652509348
86822089,1318.6656067700465
38878729,1236.5891981645887
83459912,2850.7627611698485
40295244,1386.975007499549
95702507,1870.2508499533437
97865744,2158.6199929953596
81724417,1409.652939503586
22296895,1414.0596353864223
25100739,1601.1064733365267
11994578,1302.3215114132597
43823713,1596.3939104128006
57595389,2859.0963103920467
37162594,1831.1705365053967
51432674,2336.017953609159
96977947,1825.1244834455413
69353041,1388.266146313223
97471377,975.8446457434553
78888703,1244.1238308129878
58472902,2578.2831779008384
77647159,2270.423682569781
63649430,1429.6157417672503
11295973,1578.0579660568303
11886952,2231.7922816690793
31115337,2144.5556296536547
53945582,1544.0763364587287
73391100,1432.2594390823192
16170017,1218.4291023806604
96391937,1479.0934932647883
49663888,1586.1705638669657
37966282,2038.0955481794526
91789209,1525.508664552138
47228126,1506.3947121560268
26588476,969.2794238509985
87591569,1557.2585540417394
15315145,1798.4965945147435
70198893,2167.9413074944214
61666968,2082.0511136888786
22175686,978.829313654709
63396595,2193.233560855967
18727617,1778.5229109986055
19777468,1354.2583740911232
30527873,1345.817896268966
95114158,1161.9540641953913
41739701,1369.9698305374907
11369670,1181.6636020713108
74973026,1415.8154271836745
73622781,1770.0454194513845
52281834,1340.8758357862139
16897176,1723.6045440288508
63339672,2037.490791754252
94319057,1911.1587201152922
89357552,2198.3390376917423
24886317,1478.835255467285
59666869,1273.5529413819097
72430983,1743.9672808611463
85345596,1477.860027369079
24218852,1406.9903806769337
82044920,1815.5335356967105
28204462,1449.4128696912348
25544623,1823.2074973783274
98645538,1828.5457393803133
35786181,1271.2564898958647
56759514,1490.2776265765176
94979414,1302.20542006999
52508190,2200.9803542925847
49317061,1753.3902181423407
76293520,1680.4342101183327
67067662,1706.730384027142
11847526,1732.6228487367603
14139283,853.7384792010956
35602964,1813.220759132276
61092334,2464.8127343010015
69270579,989.1719833575963
47517321,1932.7469877664419
10542988,1589.5541883660774
66912082,3099.951085813181
42445139,1990.31443555106
73053729,1247.690549543383
96699423,1268.9117167996142
18843679,1894.973450662249
86433075,1550.2590838500316
26883104,1329.5500801965845
19601132,2091.3469728357213
37017650,1348.4332316191235
83138933,1562.7561332789137
73247661,1659.3530782534638
59307450,1867.232608355766
31131827,1381.6274904083969
69966233,1709.39097917928
40243877,2385.111825220986
41951589,1711.587663060495
36031262,1749.0306949512997
42623413,1917.197032084798
67891203,2002.834204966846
51970188,1694.7403900339307
24213498,1430.0386147978445
96242069,1863.8409754471675
41943430,1739.9125605502022
89189267,1188.3168469757813
19898345,1013.8878394677239
60572858,1467.33245274054
34988552,2476.6283639816797
91110384,1597.3459419976057
75957507,2095.1205444341044
64422949,1420.623077003184
93823627,907.3773864612838
93745711,1958.0532838101221
17782008,1112.2572825154152
40016743,869.6672118536014
78676337,1881.2316792630554
96591242,1648.7010440023655
83545822,1311.4033987456526
89501773,1020.8387824116872
19293886,1641.2720998387608
58534753,1652.7811414129044
56198063,1440.181651828122
60777659,1750.2988883584826
65431978,1263.7583649225198
94604898,1665.5367290990791
76197738,2237.7250177361475
81980523,1799.383569599063
41676275,1409.0630239383722
36497965,1676.2839618020466
23177824,1999.2229284821217
85192608,1156.9298609316688
30289672,1532.1549996199599
98138275,2334.8071004751723
57817320,1076.2301236603269
42234307,1536.447228255912
35893634,1174.455721061335
18195993,2171.5662256701644
98403244,3722.053185843619
63004294,1431.9498232079573
54567579,1807.6569876572846
91568379,2583.7982548946866
82476880,1304.3990589105806
55652262,1163.6370208563935
20373341,1373.7799395717393
58632297,2057.091719282309
24786934,2412.856847714694
43722745,1715.777649102617
87508719,2322.3271435581064
80752603,903.9970988985896
16698668,2090.209053253467
78798734,1563.2164972608073
18461999,2198.858553385937
81299277,1698.2914064501363
91417891,1501.569595151013
25190830,1881.8711546568761
73164327,1030.7873272922795
92759943,2336.0783688809333
18785269,891.312428122493
67717385,1721.79195097156
68136920,1898.3598193504606
77810360,1619.6923102530639
62012820,1651.0795066278145
55983128,1543.2087763075178
28119370,2196.658695107854
34978717,1395.3005823561111
52374215,1246.2791073837566
66651771,1004.3681255010202
49306420,1829.5836191418891
57524470,1933.6954553476055
50884173,1924.6862070557736
41477733,1665.7505954297512
14875840,1810.615434917505
11186021,1207.9751854212846
36355598,2370.30342103811
54557949,1865.7284736971776
69426516,1597.0926699624347
92092667,1997.549832105041
52668902,1378.1498131691649
63561915,1154.9937860163366
11154750,1871.8646830053756
48765039,1301.3090536940929
91136342,1555.7962668042762
41265217,1487.5630254380471
25331950,1397.7063691690248
59339185,1666.918106626743
59925803,1130.334679455022
15169957,1369.5741777913627
14437249,1736.2523139545078
98971521,1746.3025451060162
26418410,1605.7634133762324
85892267,1866.094590330015
29358885,1151.6436785320188
90069301,1716.2517996101315
11408026,2009.0575677443173
77952900,2876.287861647378
83752708,1993.6061034651898
15243872,1517.5295505593942
20649757,1216.8122383722116
94157069,1003.7446696624511
80138291,2472.067037366129
79658232,2274.72487585608
20876663,1531.3937141415888
66248879,1687.1184751380488
98196787,1665.6358221330188
11070217,1129.9960296921743
54123194,2203.829914193046
86862821,2784.724093256768
40252559,1583.6900114935454
60519623,1124.1740556470725
11098932,1583.8696792694186
77544004,1885.1853383349132
43855714,1621.1521939401762
57112829,1554.2803171020503
69104738,1337.728325198915
51426009,1602.8032989724181
96759585,1464.1349587961745
61695552,1441.8512807995228
29335973,1307.2511234725393
86711404,1741.015756303357
96132003,1360.8822777674218
71930157,1358.080587942221
24207989,1143.8338967356074
81239737,1206.6991448577342
19246532,853.714371217747
12541440,1290.2788257506324
10876544,1929.833965102098
11012723,1671.9777205035518
38854043,1088.1504477660944
78679072,1595.1177802556278
39567200,1716.3544369075516
59107952,1599.1070293963944
79981461,2098.91510345462
16385065,1737.2140117790395
42418677,1620.4913534622772
26750207,1434.065222575705
92430939,1666.2446326078111
22967094,1342.5196752815666
40195159,1582.865767788189
72466218,955.9273399339294
34482136,2419.393137416946
13940540,1479.5240686673487
22725269,1827.5627627572217
78995555,1596.1534308278674
73638726,3138.10679132598
64722395,1449.2935054171892
89563722,1425.794341280045
32568591,1902.4615438126975
45801232,1769.544781708084
20301291,2063.373895492313
40244043,1785.205223063707
64129406,1333.3815017043555
72297320,2213.4673715228105
13456518,2022.3778823321345
27325248,1412.4457575728254
33468754,1746.1699601829273
60910395,1592.3509061716925
32681832,1771.1720601826821
21428869,1658.1901808117573
86653666,1917.3572447142055
32786522,1188.4033461043925
64027869,1398.9410020275852
34126567,1556.1946432874827
42278394,1854.099108282013
95376056,2326.35940061528
99562015,1212.2461389310479
15133980,1474.2920065994022
54026308,1173.3172383353046
76441994,1508.101214425476
94110128,1878.5601909902666
20201258,1759.423270351757
84604326,1842.4577280128885
27309117,1020.0661049087353
85307886,959.1159846557695
68918906,1588.4982756054158
16328223,4129.133344522337
18599779,1720.530474482866
54032168,1956.987576030941
56206271,1741.8296680423027
20991939,1268.6925222698785
78007881,1209.8572943908596
43136632,2147.013810758749
26961880,1828.7745725225166
59246484,2967.4603156740977
97485255,1219.8802676272708
21548886,1332.0961253009511
41405520,1626.281526581513
17265204,1349.701968617692
57594370,1347.8316495302631
86204456,1615.2996747314667
47896500,1361.5459515283428
49072175,1695.7449286832066
57819104,2678.4009762369597
38029807,1560.8580359264038
72219430,1370.4653939935604
51835434,1501.0004607617602
40820294,1150.9497670151745
39676991,1573.770991083567
47329975,1573.192542068822
40515929,1293.1809626230943
49496398,1229.1705940707868
79829278,2990.2242689577806
25676253,1845.955049715454
83511561,1880.6840574119233
97282391,1339.3377554695926
48159381,1700.766033641987
26133617,1146.0377506491525
14830790,1356.1479895274992
38458641,2132.0095868571934
92902816,1406.2130352391384
67366474,2119.7169649156244
12931119,1775.9774778058943
29119450,1728.5062699754549
69182586,1764.7083257957634
95601790,1956.1831285954747
37235321,1862.2823527280277
18453791,2216.943463094315
73959998,2365.1160180867537
85145437,2281.9797438237015
20490331,1624.6134735586804
40505076,1396.708466941496
39895736,1663.169764826376
36927127,1530.422170114244
68104733,1775.1435371437217
65498526,1702.5131020948024
29077796,858.5991655523086
12700500,1837.1243259482792
23234787,2062.7830884332475
32248328,1715.109718272583
47710917,1001.9353024860336
53904169,1614.2268215819379
41795394,2205.286147785034
81931808,1746.7357622253237
89546300,1887.5576695250174
81512800,1180.5817186495683
74490322,1074.461793644981
77716971,2369.8681507395445
76509280,1630.4160135406705
86774198,1392.45598285392
63795592,2780.4836603962544
15728342,2631.419175014575
97525554,1471.3732927146016
81201227,2036.0760582348091
98995752,1070.124691166966
88336972,2845.9493507165475
56577963,1632.0861327808857
73375002,1522.464840431333
92846400,1757.953993942677
63160455,2796.166979004762
31277941,2145.3515741060837
44244750,1495.5297123657845
46198195,1070.0769541270192
92939641,1241.7411628225539
97399227,1046.948692256906
32829265,1461.5930944514903
73813213,2791.180053620612
71142772,2194.590548624432
26186456,1313.052661357414
86118507,1446.8858973001477
91253288,1630.207040845928
16739260,1880.4843735313118
97712970,1652.4444602204317
33709101,1824.7588058936935
97473173,1119.9233642919507
84445365,1717.5595997399062
33683407,1511.9474407666244
55156833,2994.1646378936885
39198647,1345.4800216990132
84859914,2479.317993693563
42321053,1166.5890985629894
26496602,1685.5517693275597
87373088,1229.824691107305
18576200,1808.6782946250191
30304669,1248.3948836224668
97043852,2377.094122420021
65885111,1787.075111509695
67235670,2009.9058851668171
70791484,1304.5414348101604
80687580,1749.5704334645452
15865255,1861.0356755338644
50517128,2252.979430915607
72791395,2053.1226668010277
43267986,2982.730992264746
93567577,1224.9501252652492
15107743,1193.1666875605997
50225644,885.9113857654271
50174181,1381.7739128439762
41401409,1142.714827546227
80395755,1585.4756164000405
58616743,1499.4543016508712
62863764,1787.5799324430595
54033467,1338.3414530130233
36905471,1900.25455228578
68728934,1422.2551741748994
11399296,1984.5942984179223
42319589,1162.362480598599
71193471,1266.5207956679226
67728154,1298.4358919276335
99252537,1704.5810458752924
69554397,1642.1098595361045
57406844,1493.0922603322645
17460622,857.06331680408
29136908,1906.3439898661104
88836387,1187.3029315313095
56749521,1428.8099118546916
42038296,1485.2180856464688
27575312,2146.365896007028
27787635,1627.5359404520373
22639453,1727.6139559856867
95074248,2668.2475289191602
62398547,1482.8583443214548
48210895,1796.4739267922143
87163679,1817.2549851786557
84638479,1480.8404399875692
74277222,1277.818442198302
47124707,2523.5990900932443
29597912,1717.9974361346117
73217471,3267.972380029593
54203733,1440.8466658990214
86493934,1511.0696466910867
50925419,2309.380344533929
36161210,1610.5309435365875
18638157,1481.799529924041
95763224,1894.8371264421694
92017449,1295.5878156917536
30955049,2071.2153801225345
88464978,1584.7900315955324
81709003,1209.9403943790137
94640782,1248.4452853916805
28684873,1370.805431597412
82032258,1845.851630516817
81929396,1069.1165718873212
69137949,1994.0912452436858
58556748,891.5744200103449
83494716,2662.2018751182663
51219421,1986.4026091344263
20118968,1175.62814093862
56424305,1803.2937085300803
91040440,2470.725641350612
82249910,1772.371793788776
65005094,1884.2295092323016
14333847,1375.8462025093788
79940622,1955.0650754897479
36407377,1425.0772456463992
16485177,735.222872483682
19967320,1200.7778051672751
86757224,1152.7456253851021
47859734,718.4385149547215
15329881,2473.930247492597
38097629,1789.3975422666579
63914375,1381.3067181279994
68107359,1093.9317119099344
30898448,1887.306436208322
62098958,1107.8155369561396
82555231,1509.5307325313283
74537472,1474.4783424699247
53883476,1271.2782374873818
87349008,2668.542692403054
60387770,1527.6516424082552
76029782,1773.183243122532
17330605,1666.561625901958
73592240,1872.1717964979423
46762043,2186.6049367551063
35726404,1830.6065063520743
19188826,1814.687112205474
69934099,1165.3359066990508
98236292,1563.2456358266961
66601351,3497.844185203614
24082367,1456.7668764363914
86399833,1631.3295033318834
29406161,1851.774196362012
77568118,1529.728265626123
68454220,1739.6993643071942
20326815,1787.4604461865122
96392075,2164.2124216219304
43846930,1379.9146654932763
64059970,1795.8988049035886
59660323,1487.5884236972017
30664289,1426.8994750353065
80504110,1621.6978798266334
69214158,1446.661850735668
37153701,1708.0089600678627
94463524,1736.6236310608272
27069908,1577.5083512752876
19881454,1899.789894916511
62073736,1690.8496014840807
81301863,1575.3186899670025
84692821,2155.3781019827193
18061173,1245.1937783272842
20396165,1559.6451304038007
90290263,1579.0822345588595
53205197,1627.465868094543
71639333,3109.29542673692
26581527,1669.5474806614159
88753189,1724.996152066672
12152481,2611.0105134482665
66369748,1644.6627047943834
31086360,1503.731508997448
68141078,1351.0814244129092
87072389,1801.9284149588489
97229380,1320.753346193332
14239930,1185.3468617966103
47067735,1888.467757741219
23013670,1172.6969593943213
91166617,1531.2935743795872
46464430,1772.790538697142
48307993,1264.1058551876051
65322743,2549.4543838785203
50086685,1583.4797148276687
65335801,979.0708778099844
83887090,1807.4920003506668
79333390,1644.4847109309283
84490520,1628.2277154473156
90753494,3725.2774120657614
17091898,2557.7761908362295
94064213,769.8879180248327
76172003,2208.9319299300164
36639874,1435.922095410732
93190659,1797.3776034185892
77671761,1078.6695975591651
64459243,1798.1907781113082
92415904,1499.490792949734
22451687,1505.9307115657305
99098676,1935.3558265599015
96250656,1815.5587692501636
43637666,1545.2189406266184
87755511,1773.8265412044998
39642098,1467.5029013427472
29533984,1829.3412510691433
57860445,1450.886863994171
33335103,1575.509933421549
40928352,1276.1060237067168
66938624,1899.5104097967119
97908221,1356.2760364538108
32317269,1302.7175841827425
56374872,1160.0099476457426
56164704,2532.4558547853007
16557670,1449.1102143813705
57350487,2140.8370576499415
73640189,1229.6759956604599
28886856,1778.3455603057612
66838952,1100.9024049952784
73125445,2759.901624261211
89817544,1506.4300758612978
69175507,1302.3511261323326
93099722,1761.0573896353835
42498618,833.7207215601335
58133975,1369.8451840149821
50823382,1474.0724717717997
82720881,2340.114782075044
47566077,2397.43517091215
77236358,1959.095128734949
24977235,2678.575299573605
82212369,2688.4705885809717
61416619,1710.3119253400341
14011629,1178.7378424073604
47820649,1143.087092192972
87027470,1296.6221881736992
84406467,826.164511412529
18483336,1840.73219493903
11745857,961.7398621986248
72009137,2052.224667780879
21373342,1478.8341473496462
50764118,1543.2101318698792
17876513,3038.06227971198
21573530,2614.297915016288
62535056,2330.4281205312946
52924658,1535.010030595334
59116751,1586.9260823547047
96464552,1602.0603112648296
41877592,1884.9654534247488
27556664,1171.9423141669183
82049392,1616.3792193164395
21890177,2122.8038673150722
84019657,1236.6857347479847
70836939,1225.2887767983968
73269246,1242.3950715456629
65430516,2024.8116210298983
15552867,1947.1336168522694
16632045,1553.8098846912687
58510236,2100.8836755505586
94607287,1188.0938975734357
16582909,1147.0629174003047
91254889,2418.005449152434
52951693,1518.597845109448
42015762,2156.0098160755824
39537878,1509.2305929320892
75334066,2357.98267425434
15509168,1794.982999643857
21848464,1228.582847083849
15512926,1725.3071784322863
19852776,1359.7600250825446
98991290,1549.099625429856
67867067,1598.6590755163063
75069265,2351.9068846499695
33163007,1037.6446173294
72461037,1361.8797696024205
79368575,2071.3635653466017
19283832,1601.7018091655093
74686369,903.9582712064273
42431987,995.9283719562229
49107046,1810.902129463587
21631633,1478.5658507884443
57757752,1383.47681571695
64260092,1918.8669455941044
23733208,2189.6377582728096
81359267,1725.59339571172
78964700,1640.43291776721
33821569,1765.922787730417
52189182,1160.1539946258542
67362415,2139.725957064809
32252347,1607.5541498773114
42461075,1359.2054234915809
42564953,1911.7299615767718
53441096,1458.9114349440858
28942045,1360.3443056897315
92173510,1523.5432262273387
37939234,1924.3796826601092
83072941,2891.6668699469874
72001493,1917.9008605786198
88722560,1060.4731577855514
24458695,1931.929513316845
34236973,837.2505644035515
63527431,2479.1577560442224
35020078,1758.2728737537354
96240931,2501.4716513453295
96449025,1164.6686431171024
73324268,1111.628128833341
20943504,1646.039239038806
65163807,1052.949898053521
65735235,1378.5366028844583
34006121,3203.2663689092665
11206259,2205.9156586760614
21142225,1737.9354175902085
43933688,1520.321539229571
20195114,1382.26113142767
18089453,1820.6330036986003
87927482,2928.89199427072
72119177,1363.4764498003367
68722653,1434.102532211904
99012228,1749.2587604293365
95191404,1449.8787146431207
68494900,1238.8052916167755
11789848,1610.583294589368
51367435,1726.5395379951317
83199690,1287.605114683429
44222449,1330.8488455542886
97059152,1305.3322206436292
21321783,1274.3062127089647
89238156,1677.2785204769339
75658495,1351.1591785407174
80514422,1037.919096321586
80098101,2183.3105523680865
57507250,1959.9953657247581
82869937,1507.9121546372476
64737683,2608.2293721324177
64663030,1244.4790970264385
22362250,904.7292208244115
51054867,1189.0928616908805
60302181,1738.258482949072
89897892,1966.6158760404805
99745406,1711.5615352674295
52137793,1696.6684400059685
94617943,1858.6095299748454
92402481,1748.5219689858632
29177060,1683.4085329039717
96789879,1936.6055445119866
16733828,1489.447654345336
69997197,1868.6026605930924
80009529,1445.412118064629
70971147,2286.990822295328
89268742,1711.7641503627751
81559172,1759.9626264895699
19799436,1630.768812087578
96316683,1604.766477764159
16202604,2971.5910287666884
99234264,1467.7914453017302
89790861,1489.8074441828105
80624261,1381.657478095138
98327008,1547.8556262451025
43114030,1891.1538421366674
38992659,1143.303429545008
26185292,1701.2698139254137
84958392,3996.660600771683
63532044,2165.0746247472052
72780852,1407.5237943740588
63755363,1922.7920792204113
63435369,2341.630985695688
49085103,1330.463871651585
39826465,1426.8742196266803
89335030,1111.861751531717
92393797,1925.4716762099229
36385689,1234.9766009049754
14218024,1106.3211808198776
43067447,2558.266284357491
11821155,1888.4209955557765
96671043,1269.8909189616502
64977532,1857.5475100528356
51923648,1634.5811431927953
52082499,1707.6140091685897
58693008,1212.188613615387
77432555,2160.505881903331
11692478,2752.5251307683666
88536020,1390.9275147759377
13996971,1554.342480818829
92291100,1755.9602054470247
77799089,2532.0364865465563
46970679,1289.4395784141986
96819382,1916.9305617890548
25751312,2385.365864996517
89990705,1057.942644211713
52038068,1628.7265904478472
32344173,3789.3002848363926
33993191,1462.7112351245714
52279123,2317.720744786446
18496274,840.8541552920348
89490563,1676.7813697640365
17329696,2001.829241876868
16967446,1610.4056596998348
80888202,1199.9032740058788
14661504,2107.62762588214
19604443,1795.8092164694986
37821572,1084.272893374148
88831769,1622.631071750559
32405077,1892.8081063918426
52763362,1324.8127548054158
75573252,1657.68014011381
54781465,2283.907438161703
22599480,1842.7480509727457
93311234,1073.3462177842218
69925053,1381.5765791484584
12598333,1861.734955218838
94909106,2040.35872052751
86019408,2611.743737406354
96477826,1443.2429235805355
47575439,1942.5620299455825
44219472,1361.0548507403164
14808414,1871.6344011191202
51535602,1305.0327754442485
85960705,1482.1032937185626
52391461,1498.4404940797988
81172596,2619.919790954891
11351493,1779.472944892042
72733290,1096.966750081878
74877854,1618.5800869987686
27680792,1285.9594355422369
44946524,1995.8275082066775
23475779,1804.1445147460881
48465422,1162.1121088905873
52076835,1357.763282644509
44646564,1533.4283998261571
87277346,1337.7178092967908
47973044,1655.6813596208503
75500097,3649.1466821143204
36145678,891.0480747814152
85625020,1506.740975481641
97404967,1455.9877846581953
11411712,2271.9124653917893
80164594,1154.5358521798166
30555374,1027.0288427877847
93243676,1600.2652189670393
12801610,1080.7799404192538
58651288,1071.8737388337886
52409464,2368.883979792056
26481577,1925.3433944048081
99557550,1052.9816515587127
92346786,1049.6826360075663
33277389,1104.5549305434354
78792921,1539.278081466451
89378277,1834.2243776313198
82856305,1606.9630112634743
30767488,1626.3091345225816
36397903,1324.1737655266136
64870928,632.7300145368343
11575457,3420.374759134122
39041845,1338.0718762065706
92898654,1835.6155575072835
16929732,1553.5731149979795
33334714,1193.4682705311332
12221534,1877.025517023322
73945645,1432.923401994057
68971550,1483.1949678754897
75565371,2032.1900841466388
59677619,1350.2698410861585
93539814,2138.909113250104
24106217,1539.0086153291566
55020351,1391.2681342411174
15672017,1575.128294392634
10841847,1405.6983803264475
86946687,1274.3477914948382
99799054,1764.933831584961
81128474,779.6408533960969
80366080,1319.2392742318311
10218336,1268.8406572303193
72351128,1459.1835770203104
56132260,1532.723930455049
99301338,2830.396890389721
84453738,1331.7907188981055
58188871,1799.709667634741
81971342,2687.321997840169
94124547,1454.4126423616174
32266038,1719.6450788033872
71760843,1558.542219735427
77203995,1535.6714387308853
84611651,1494.3349868068824
76627771,2057.9822396689265
12653847,1612.9433205280054
43336328,1645.1533711604877
91500607,1650.2704818270352
68213549,1504.4897350004308
35549327,869.8675291654215
80808916,1508.3852271726812
17110481,1549.0552670091813
99587119,1147.8130903214108
92334856,2743.718238789496
53359226,1498.2138599438888
80618402,2873.8529600883353
41703808,1929.7947964300151
19195409,955.268633046908
76941149,1722.433435840753
97584818,1383.8441246571276
56683377,1593.7602147645637
67011320,1957.7441064057548
15480221,1746.0328873783321
68081328,2371.1360227268383
55487684,3573.555817681055
74199206,2735.9334872761233
90165063,1879.9970087210006
36193583,1735.6360130641688
10917950,1352.1761579634067
92870312,2181.436222664287
72030717,1954.0510146767856
17113758,3402.5834844963792
89153386,1461.0431145204761
45809568,1776.451832212401
30803532,1589.1487378996744
41936053,1701.6945231441273
14429173,1592.1236242331838
86629786,1639.844091674269
60024688,1717.7202047107828
75100924,1837.6398998032994
19587468,1295.826995357906
88088850,1485.5692627784065
14339658,1283.7271141714418
93643220,1493.044543842893
61257147,1860.9989890546206
47372664,1743.063167552562
72551157,1412.6203298207727
70006271,1757.8249952243948
66160499,1034.9515099376924
14115358,1267.0523681510965
24138292,1919.0215029384747
81649352,1588.0055268124268
86450554,1396.5333017846197
43772724,1699.3895723950216
76147600,1728.4135937214646
37814705,1842.4566675460692
79438450,1802.6768088684141
30374304,1475.0246431373146
54234194,1196.1845998654396
94516994,1837.137193940968
15639119,1891.7134270045945
98234744,3235.4352385166894
84292967,1287.3125190746928
14583946,2060.9919233460255
74680521,1403.6139381278992
10214287,2025.2063043704145
43877051,1405.8148486605714
28904050,1344.6329281521296
62063260,2150.0958283670807
50651267,1711.2479631031465
76093719,1495.8439352855273
42788012,1430.3494468492413
64271564,2794.7929422176326
36033563,2196.7627085855024
32364760,1629.0618939535655
82718318,2354.58157358142
42781597,1506.366626408356
63047151,1303.8068133458387
54331908,1708.211117165263
88556646,1133.586936524864
80038856,1670.548402174444
62561061,1459.8110321675656
65834717,1353.0659531954602
80358828,1772.5473067710645
35099840,2032.009541216076
50872993,1442.607809138825
80223193,1895.8911547997072
28448374,1653.8535052665945
92231676,1677.5608139774358
65717894,1632.0775538039325
86298764,1475.4804395233655
76299579,963.340314364676
15449921,1330.598580496972
44677435,1446.6208497120035
75188492,1546.4477422553143
99785392,1571.27103593356
27084775,1331.6536233338402
34483861,1493.5801270421691
44135541,1851.3385954154921
85537076,1344.6237328313641
32577802,2163.6661915511945
58632323,1720.2341582512527
65794441,1469.2233398162718
91626972,1442.2065170421367
80568466,1324.3262135977423
19317452,1225.409547650919
19462773,1092.4443187829302
16861573,1986.015392585531
61543398,1304.8857234544216
67189144,1739.17198771211
46184090,1153.2210890475465
14969625,1025.4453420100265
12339000,1256.307219022136
87651999,1223.9997572108089
48444572,1649.8009594299212
43026767,1149.918705098884
25666315,2031.206894664052
85141494,2020.8229163557262
10196732,1409.955942261899
89772932,1128.4827561309025
76197106,1595.4508949035596
35668637,1018.1646045711559
47789451,1241.0026809821236
11772481,2327.0337293023144
92352486,2113.9003985150293
74959731,1362.1985541831173
24006644,1213.7209893549293
70184471,2163.042246557554
63616459,1803.484271271398
65420176,1454.9611372767556
52778454,2875.374350250766
20334394,2458.5573758324003
29566160,1934.6595239218777
41218910,2075.5410209092643
57645530,1085.3478928749357
32753016,2353.361909157395
53485349,1504.6125340393407
99359057,1470.338745679622
50033107,1377.4969116119137
21562381,1854.8115238452426
77828671,2513.220796103581
59082786,1360.449367751514
99756703,1191.1142071854274
62477883,1171.5646914292427
62194095,1755.3157032055324
77240295,1608.6841730859103
78173906,1462.3132213348115
51850860,2358.887517434539
36247163,2367.434524259811
80372868,1343.9538748642658
55810884,1486.249691367938
39425335,1221.7886895414863
64769998,1547.0388706540102
74184119,1796.872618162407
30910517,3192.255440170931
82036794,2139.8009235474533
27288556,1461.0793711627448
73750248,1224.2097154551113
93836103,2167.9481005140115
21006367,1491.5405717861736
93898545,1292.131192002778
94582565,2089.916943321902
13137522,1172.380444149699
31604761,1651.921687292997
60718232,1275.2566204677798
22356430,1240.0395895679608
39386475,2849.5128345077865
16350350,1565.0508836098898
70755780,1692.6574344524652
55920671,2315.2235537959828
30409198,1469.071202504526
12366994,3273.978414787387
99624161,1789.2384716028773
27085439,1845.261382837296
26222780,1344.6405351445162
13513100,2013.1591460671975
83619693,936.6056529312366
65230131,958.0885959305926
74197231,1538.2834126539992
16535315,1355.080374918872
49313519,1557.9024274100925
54192335,1566.227959703183
80736897,1828.9248903629543
99406225,1848.18086058245
67818530,2921.8492709864436
84284655,1334.5116521738184
30897932,1289.7430363575108
32254189,1431.1357103211117
31849680,1765.4245394785933
41359333,2257.6564212754674
66456629,2527.8643166233524
68729486,1657.6682693035102
40630348,1656.675539104653
93988333,1663.9196747208052
47811524,1049.8615578696567
98617237,1601.697272996618
20362387,1202.137540820447
84645660,1035.2918703200567
16861971,1693.032102975815
34588999,1391.8056435828914
53427517,1131.4628277884308
42513475,1973.129371003626
57705547,1659.7464834927057
49742880,1756.2979236717495
66920323,1768.489245217048
12354776,1383.230726870616
25840613,1661.3629442625502
45114259,1949.8221491059103
49079923,1689.256972159323
63116367,1053.9899434065362
63802912,2042.7534248581755
48974796,1358.114419522541
30061599,998.6527846467243
68578654,2071.2190495070045
54173227,1479.8392105987436
96680380,2107.6270959279095
23868064,1430.0197399004644
51824090,1691.3928435362486
34839733,1249.2801495855206
80054187,1850.4547378444558
12685572,1651.604575702913
41567061,2441.8191694033026
94877842,1123.3369528510443
58492968,1053.9742085730347
71326484,1057.5190921112896
70920278,1960.85917452655
54663137,1724.1365919577865
32126460,2018.8870846503924
54874790,1774.3513938132864
13538436,1442.8264483266641
30100038,782.6418249981901
80017866,1082.4076528078797
64347455,2582.7037754725884
13683069,1842.4189585774955
48039428,2434.681394013255
99567150,1520.9152255417316
85509215,1071.9579447646863
60668698,2109.834859670325
12191456,2046.5797950330925
77765786,1619.243619089257
12528361,1132.2998570768927
58442957,995.4269168325263
54303594,990.4873947048155
27681147,1398.6911823826213
69098569,1243.4165754146265
95221316,1935.6654102297603
40109548,1698.5273175299726
55576313,1111.732690005934
53153958,1552.658337992915
21200840,1612.5039421088877
50894265,1080.5259057486762
23626838,3605.125356925691
12418418,2110.2161994567664
22706358,1596.1328104243387
45395670,1292.3200085011822
87327017,1328.3974319444078
13017114,2036.3105770362747
32271547,2052.5171021951905
74538679,2073.984514935744
39506103,1540.724816583365
46816166,1472.0019495927395
66503105,1878.9648771530078
65579176,1907.0658927246832
40074247,1690.7498172598441
91310031,1500.7877811710805
77444410,1961.0300821212104
69955281,1688.9227724985744
67331105,1876.6171868328092
45643632,1594.3283230051882
73282363,1400.7752994346447
13642505,1407.6183879228233
68901430,1733.1393139053796
89906679,2056.729780442262
52711886,1181.0599461263382
79575331,1428.3263533287757
92616283,1387.30078025159
30763055,1220.2483004587637
16611953,1627.5536657142854
33070179,1499.93670507136
80347205,1685.3859790524953
83995335,1806.1231167085732
14535805,2391.1290506943656
84879838,1584.0356817303048
11864901,1411.495326847436
14658965,1135.6183066190008
24293507,1296.5490269214688
70453525,1728.2951377052816
87798104,1304.511493850245
19197193,1571.6320026997125
28284548,1740.855770997515
86044842,1666.596349121601
23057275,1765.036885675183
27985337,2251.820224014587
22587547,1218.6451125811238
12855508,2771.260940520063
64337495,2200.1467686600545
86712331,2307.5963245826697
61189156,1364.999025078223
91594873,1604.437003735398
54835971,2007.847194961999
44370830,905.497076455884
23684803,1517.1398525880145
92481929,1817.8449063804087
35638424,1712.8121254129521
25657749,1033.9547040275202
39381975,1537.4017639084657
72999107,1749.8101247738975
25818586,2109.178053447275
58036789,1874.9202369625732
94320377,1580.6414254424387
47110506,2244.464479876122
66399362,1841.703028185833
68909982,1620.133823145906
16073310,1478.8411817874073
43288405,1065.7459094376434
71579560,1721.7992969527922
16507355,3384.2514077504957
48802207,1322.2841038706472
89915294,1718.823884566961
97679852,2289.82573119658
29217698,1913.7748863887732
27435911,2890.755640200463
78879242,2069.230377027173
27175130,1575.7786544750434
29020135,1101.6477787581834
78626569,1220.2408301720486
71067812,1391.6222068311863
96690513,1529.6804459633463
95531962,1875.471810717192
98356800,1166.909699883544
86104439,1146.7147528831076
55595900,2294.3942579669592
75208610,1965.9365594646376
15300209,2062.05344764101
61949363,1288.998463646733
65881085,1643.0051168888344
66803690,989.1033103562512
71508510,1698.9812982772999
77429269,1312.217096197631
70868754,2569.785426347539
93223292,1874.1137914001577
70378280,1432.3838028995222
72142932,1285.5052747345323
88911193,1199.3843782204228
89761834,1744.5811116700088
36836619,1595.6759097631186
53134062,1481.517265738023
98828461,1793.964933800161
55370391,2242.3318169597164
69978664,1431.0483540218383
48824111,1428.9495949287398
11383415,1550.1734387843694
89041808,1844.7059094189
31864759,1698.4432572768537
85436725,1530.161390598073
12287678,2766.3871233991667
54577919,1630.1413021741557
69095778,1555.0777110148767
86755087,1476.712530175429
87570494,1608.2990570341838
42971075,1662.0128271565527
19251821,999.9765176304861
40154766,1254.8193323650094
86599495,1709.4987889493132
88331508,2364.126728946006
70254717,1451.2590580208303
32105523,1563.433610488172
42241465,1262.7575539048385
66334048,1498.553693022251
56657286,1247.027852803538
99489082,1619.0096203578512
89634976,1726.6399712655332
22529712,2112.7726375131015
93452559,1985.557992050848
75276107,2465.4734510321578
57620607,1308.7999249937602
11822194,2140.6647897289654
85101585,1758.1537674272176
73640715,1969.690649839184
18114714,1296.7013610603392
62352450,1434.753830473966
88096618,1994.0887629471274
76855836,1370.095706339328
76968795,1963.8854909047998
19089688,1542.8287866141256
93669020,1237.0558602358267
32221954,746.4961548417116
80149491,1311.5118638538534
90863370,1467.7387089642214
18955449,1838.7768964750535
46106075,1329.8941963652064
64362412,1323.1656531913684
13228942,1202.5945922015642
18238798,935.0279198156965
17197174,1436.211922420407
56883307,1495.4157862487118
43838074,1596.1551456543275
94366977,1006.8486048532682
51114116,1680.4579071297821
91929625,1751.1937195515306
72617691,2540.100685279145
18081983,1512.8068323127502
41430371,1193.4769536842957
18768333,1429.1498627556352
97670981,1558.823470156766
33138884,1808.792323999462
54769750,1732.7670285137028
89191521,1656.8606476151938
68771611,1390.9153994621925
69658524,1586.7743444406192
72361657,2542.1205223688444
56548670,1123.6458135278424
78323750,1681.2089167984432
30772189,845.0540767921109
48525110,2072.090179929148
86995869,1511.321602667414
17626486,1718.7190756450395
25200634,1447.6002499590568
42675735,1345.6445369007304
65493081,1592.2347490426373
93613666,2221.6730024505373
70416961,2500.35920585475
29938065,1549.668511611265
49578380,2697.430957202716
98870679,4027.391274838995
69931311,2000.129733763731
53406287,1342.8012186160454
84279248,788.479083777107
95721664,2043.0912475170164
86560148,1445.7922043927601
54643141,1417.3437889812533
87296829,1736.99372442829
44687814,2423.7740172679387
17812890,1603.7444718488487
55517272,1609.015176170991
83984617,1398.1192570821534
50681051,951.2115468504654
74119296,1559.27468840891
67223450,2144.446743069873
77287132,2700.17515586598
36264517,1751.1445115187096
42898261,2998.881753974543
62830950,1722.8854819456965
34861949,1202.5073451202861
73511243,1345.0295082160696
21486168,1798.4904898091145
99309538,2218.6455822516245
42037617,1498.2825555640259
54746843,1203.2238771705954
47539615,1939.2807434372176
84768747,2176.624166740413
72954519,1633.8689921617608
86653160,1119.6474626727684
24350012,1279.0101383975937
44330162,1444.3764717212189
40410889,3087.00854181339
14017526,1278.0686022107784
18494070,2479.757530208173
47916307,1900.578523073541
39725498,1733.7831491505378
54156054,1601.3618635409393
49589662,1730.657578805276
87793535,1857.5638875763302
25123851,1985.2744335682635
55319133,2071.0140408378847
35955058,2319.90083169399
15784980,1679.1609938149954
63967490,1654.9185445300568
84366303,1647.612850638649
32211409,2088.931042724368
27475512,1629.619694901754
98385904,1332.0939937447024
74274926,2286.241178130098
26137274,2006.7101304060752
35706395,1734.6116460657845
25432073,1091.6259115286814
56493804,1353.014471804237
21783642,1818.5050128243734
24274717,745.1848846119724
93363592,1040.4795853427795
50359798,1355.6113591714961
76057356,2100.902297372208
34577569,2488.6342426494734
13432670,1552.4494977972881
36150614,1999.464761435997
95883486,1938.6421632248218
17035345,1848.322549474028
48987823,1422.9780094173502
18853302,1614.0890407298584
70059479,2241.2056121292144
35830006,1923.353570422604
83058209,1538.656138693496
52239160,1428.7580905360758
24939237,818.9488909413748
48271879,2353.35291550861
58898302,1511.8475870210527
97505252,1613.0873004134357
52580265,1308.2606098459942
59859756,1904.4987598844937
59531100,1956.9417792633387
82820692,1761.4220104150172
73015543,811.2325320345218
50663543,2286.853384955614
61349439,1660.3971482979312
82745505,1984.1869738218309
91058293,1171.1721223903844
17937997,1827.6352112763086
48025378,1491.7049321308386
21558049,1516.5573365328594
51468147,1839.7867230828804
87943582,1049.7773568097314
72989675,1116.914532452323
10828659,1463.0575151656658
78868242,1486.3232670108446
63610417,3189.3403908342975
13037947,1298.8097111825593
63051485,1659.9465147572134
42637767,1387.162497786918
66029975,2475.2573442212356
41368516,954.235401117398
75570412,1985.5582167838904
58832659,1474.214339030681
20746324,1852.584341270133
41047714,2125.756640146452
41430458,1721.9776551516136
69198371,933.9804298056598
46430156,1529.269416944771
42120705,1219.3130334313705
67695943,1330.7401647412196
10655846,1553.2813698917184
56387239,1549.8782621065034
73136827,1276.847820101215
66107772,1978.0418832826483
41597595,1246.8583019550713
27035754,1544.8794341240584
94233303,1375.3326591121365
72371862,1550.9271956800108
47858586,1844.3905496165517
50074731,3216.567264979843
15840349,1578.103656262461
27527024,1492.3515666775386
51445447,1363.3445260023643
83042677,1288.739941680712
17433657,1507.7345057690936
83477453,1962.3587490846091
58980418,1648.0753621147257
49038207,1982.8398980965374
35105997,1385.178500509018
88328473,1936.1896421787021
49929992,1965.4573617094236
12057690,1826.1574799088771
22485986,2023.3930398766554
18944255,2348.616553206729
94296460,1515.7765761315368
15325948,1789.1476902259556
80036637,1552.665381413882
63707416,1548.8827761996954
33357067,1968.4827479694948
76260292,2073.036267574316
88542794,1796.007974902916
36624049,1300.95742195921
85370002,1445.276891701772
70947321,1533.4529060266345
86215831,1151.6661741071593
71799918,1529.170348825529
70779429,1708.8394876970758
28177790,1209.930662608823
33416701,1677.0008266292139
32210074,2628.8019254186092
91177225,2227.60959083871
62230096,1671.4162918169657
27830922,1296.4829600238031
20292159,1710.5977052312685
72135125,1278.8597892560454
41060839,1842.6556685244263
14610723,1439.1855625238354
40291165,1847.1623298387942
76063806,1815.3657090806123
21250419,1921.2681504958512
67512417,3423.9856069765065
33443292,1537.6495325671924
33660955,1379.4138425411813
33504001,1368.2827612772687
59014872,1322.463133118074
48423806,1283.4340288695034
81227220,1235.4237630256505
97904600,2061.1788176935092
80141558,1748.9319166658763
13290868,1525.8222618534953
12913192,1317.7917466188114
94144440,1508.6571339344698
53033174,1863.8179178264033
93735706,1559.061624208002
59909555,2337.5262165212125
99555121,1499.121442393385
13256013,1389.0083065266751
93540353,1209.7134531668414
97837539,1043.4081371249893
35669129,1501.041351245682
50012137,1518.9946905029183
68173579,1580.6376420743254
59440623,1284.2168069638649
48714672,3371.97770118606
86973367,1505.5270926038813
28395212,2132.5334224921767
50017530,1816.637909477522
48045601,2976.80720730611
60427063,2642.4664451839362
49061177,1628.435279650325
42896715,1439.39101732594
97451418,1880.333983948753
53456411,1180.798404204949
99184358,1113.0677366819887
91879007,1417.9630450917668
76424273,1289.1134720577363
19529774,2266.407151778443
60604201,1228.632177994329
96265561,1510.0105406095217
84388943,1765.626930664422
22143961,1755.591964228728
14880373,1551.5169119455682
98124884,1243.811786165093
23434755,1096.5344606236963
36626131,1397.1342416842722
86172967,1776.8129650233989
89507826,2378.2849091474236
51984404,1179.0739615250145
21328430,1595.4081540743375
46133239,1385.3945083216315
87118588,1421.207808966178
72466804,1463.3732439381438
90243251,2213.864386122179
31491219,1779.0811637409895
83702289,2039.7975105776127
78369132,1318.8563223802619
12074272,1334.0849574035926
77297832,1729.7103807643045
91732264,1766.6764866315052
51116865,2063.8900155510473
81826443,1887.775480252398
26192585,1484.2029101400524
72261842,1404.3813088790562
40619619,3207.731948033503
89999631,1059.5862683794758
10490133,1598.4242573887127
90054183,1034.3834771643337
62212383,2154.5353169910286
19863611,1782.912549801265
51025893,1274.983868872632
83280839,1084.9059956238023
53701664,2186.217802664355
70474564,1758.567783804989
52730115,1631.0985348782121
28945671,1411.5384391200141
76905104,2235.3128464902848
60340609,1484.0582407751835
14262244,1294.9191848217963
86114877,1773.2501258062503
24582504,1698.280304677414
77544375,1384.0901635475936
18212637,1591.6540873553477
31107635,1254.663168243533
73185236,1152.197390318799
73413665,690.0120045688686
31204532,1736.6471569610214
16646519,1265.8004626665252
59819313,1439.5389133027713
58041963,1557.1896922224714
73177607,1542.9972445945302
65489959,1964.182192443649
53892134,1932.2841103886296
14638825,1751.2576498158626
61652212,2311.1786800490154
69208062,977.2343876953331
98205776,2940.372939702787
91953270,1722.3648656201408
95708788,1239.6987395119945
71079776,2043.3690831184456
10948901,1369.1215858020498
79084173,1268.6994108421661
41410746,1407.9287088983808
50927968,2205.0626113646044
99511873,2193.3549492773545
87562260,1486.1321372628004
48098997,1617.8176094621326
77592143,1743.4858172828403
50298301,1313.6166941721879
95160336,1243.204580869734
13581567,1174.7232224317063
76106706,2545.7496230821716
53880590,1787.1333153671535
50270200,1862.8328472266128
13098948,2213.4298285253044
81835258,1208.7718425734615
14238786,1571.8021623270217
65288499,2147.598132783555
29149871,1746.4952181925619
39551396,1646.2279228899035
77375335,2160.6167000998876
14384374,1377.58917210505
63368293,1803.8966103958805
25141477,1926.2857587362982
37822276,1375.445986290438
62473299,1824.9376479379864
90467887,1726.5810879105504
62270028,1747.3421367654125
62101686,1507.123276748372
51642126,2855.0082789872467
50281814,1868.7105324262961
34969698,2079.093523606754
46962155,1944.3602507694484
17638609,1880.037513480827
59977095,1014.9386782028804
75196820,2109.037072274143
65141041,1561.552976189596
65986306,2023.044250198906
99818911,1802.3315264391197
38328534,2212.6385049133305
31204739,1458.1408463598084
53082885,1281.8454878894906
76244528,1321.6455246124597
46394887,2304.4172914153137
65939511,1646.2394912032692
96048217,1302.3603872618335
60425489,1331.6954720444194
69419323,1776.6139891299897
15008203,1712.9164107982688
70058997,970.3818260362771
44067940,1978.7855005637969
47031542,1710.7279287707174
28929546,1790.0186579790284
34548603,2073.9586474634543
36515676,1218.844935693125
42765717,1597.9477029253003
60296558,1835.4393552745037
84332226,1654.212276775246
76539663,1897.5311776340077
73504572,2429.3041663471286
64646486,1809.1680370034207
28262602,1632.4740081222783
74447096,1656.932092193683
23247586,1320.1494039278134
99044390,1329.7095653780993
66743385,1569.6432090155556
62841747,2401.7866379839866
98271312,1508.8555252983329
54969068,1817.96890689948
49548078,1772.4166359969722
47147429,2017.5967695740364
46113098,1416.7533978800047
52623517,1685.7861908888026
43618531,1866.742913999196
54174309,1047.9232372119054
21908078,1627.7690756585735
56753065,1408.0943969880252
22723502,2768.3211333650925
88620530,1012.7281074356987
38560702,916.2434224928855
66126723,1193.423726073041
24731893,2441.185876337758
19472558,1399.5941579789705
44766250,1321.0912762876794
75919229,1429.9823403747866
27459467,1690.3623264754442
85529275,1220.7218814757168
88503537,1390.7943353056594
66147417,1522.558814601987
53916103,1641.4865867798408
65299077,2208.1364711213964
82070950,1124.4488726309728
69058105,1255.5482147787795
89985793,1846.3140182093891
38430174,1684.6171185774297
24884771,1186.9495081990622
37414962,1876.8546428513996
35739187,1299.5921823116942
52492779,1876.7516860983121
70409358,1831.0703645580886
38452011,1565.1548348022034
43879270,1088.5500804037272
70351120,1630.1175347555293
47671157,906.8264704411555
60667365,1406.9794009823006
85223481,3348.022134851
83739939,1745.6352292908373
36389934,1510.9557916364868
84194560,1382.5884329926143
66937745,1836.3634792619234
82520946,1686.2093744279134
52339932,1137.0851431043297
19641281,2049.851562204281
69795343,1865.62667955802
99135350,2706.173859066555
27549583,2158.3428060256238
94476832,1214.9801782008235
58221865,1913.161428677222
25319395,1989.7469690203795
74970303,1419.6795148972756
10305170,1065.5551569265313
82291258,973.35315972562
81383048,2221.9751984454606
79987158,1344.3934978479074
13533229,2046.8684962467325
40426833,1893.086667410328
79077516,1363.3612817401622
49738320,1421.9855603194821
51126693,1914.9421508202263
52635836,1906.622021321827
46715477,1580.5133092381304
82258908,1849.3860330054433
56878285,1820.656586290386
19130210,1670.1040808978992
92849186,1824.3009203888266
24338810,1792.3601105287328
24758650,2236.6047908976257
70913184,1875.2114191925036
37987399,1358.054434578523
74913796,1284.6924129151937
17667485,1617.3231949260064
64222955,1137.9128856852194
96958008,1529.3942414059734
10416049,1790.223005752524
60398901,1093.5431664241903
24738469,1761.117821162371
50592747,1838.3994631216908
96289055,1084.3028424640015
38420705,1288.8669538684449
93968498,2290.889817095885
79579077,1034.6674674541925
66828068,1740.443272060524
96166759,1779.0719500035332
32805078,1339.4649759546837
96021280,1604.4298842344665
73914137,1291.7700179496828
38819078,1518.1247471448883
26837951,1309.2748862899668
86644106,1509.593003071266
55183461,737.2495094078088
52422099,933.7503493283183
83190904,1618.2359722672372
80939883,1947.1659879825168
12388368,1365.8581043671195
15537990,1411.9552294079567
52619092,1771.1740319511987
14251589,1928.53616061726
78390765,1492.3450078894814
43497859,2001.0307191952243
18381852,1595.6491325463194
53390528,1202.1232206674886
32023086,1938.7222679163706
55881129,2106.7485405845027
56955427,1834.279389988759
78797526,1227.2785538141159
81441605,1944.520115117872
49418138,2445.9228960803307
16343356,1682.0776537546237
50953620,1076.169836587511
80530984,1520.0551455046268
92363214,1344.1247300199134
11505021,1080.9960542349042
10464949,1906.1064899920743
40174242,1308.798163867176
46922794,1102.504979992549
31165878,1691.2058985814301
92160351,1800.9648965885701
97225599,1359.2011088325269
57289385,824.6317211330147
10490505,1392.244009571983
40593414,1481.3997819779097
69535718,2109.2393461237584
29927353,1359.5110561255813
65834728,1377.2816363834115
77297694,1162.264909899104
20453767,2137.4538654708235
38742201,1881.4146958095228
44178016,3324.2531132819663
26155961,1379.0546675687162
85037563,1484.6727614299584
13481675,2169.845595216914
32710978,1947.1309852878765
42008191,1430.1398173022362
13117186,1458.1286026902756
32427009,1490.9578192333458
77926757,1627.5440870406935
11233435,2031.9011623813917
16522541,1359.237331782097
63770815,2046.8196352647471
77164558,1413.749571426245
74405387,2230.0063668946786
74698287,1434.4148848713958
90725998,1759.2597420979905
24204802,833.3370500969683
89034765,1951.8923018676303
34875172,1431.6623977989102
74411316,2496.1563073115
81157871,1037.554260751494
44232316,1834.857123737754
48083558,1735.8804232441828
75280463,2395.8729474920397
11329117,1943.7694148324883
67082756,1474.0001924794574
11237434,1248.279852990557
69921139,1378.4816971334535
68448780,901.5843114823446
77761059,1594.487876425723
29006434,1597.7104547322347
30190038,1678.6731925816214
28376932,1783.4583496335135
39355382,1471.4326429313332
42494595,1688.7019881172557
16756651,1452.5734207109508
78115658,1539.9278770549759
27261411,1851.0267382019795
71919180,1768.065928228042
99090920,1521.6302377436152
64351618,1865.2529438806382
88658759,1225.1923599773368
14195927,1686.334519719196
63820196,2030.328193165313
23866225,1752.946797722528
50484100,1948.500563632394
98406048,2067.583335969302
64139858,1614.3818169705248
93302980,1519.3821798146334
62155483,1811.0087780767437
69791340,1817.5575923305882
19631546,1196.859095654216
26192431,1893.3572594776647
68268852,1158.3564784517487
14862183,946.694773574191
50141937,1308.1188331333562
85256282,1215.3171788826432
11027564,1764.3846125749014
51577553,1731.7721088427943
77132573,2075.4236588095637
55254268,2680.2723635867683
25529214,1435.3701627026337
89287048,1289.1308502130623
23253967,1310.697022769629
22644692,3477.081926088134
32245140,1300.8039118999955
82072504,1599.1808269229223
34678460,1319.6328577333159
55373081,1657.4615689716065
12138481,1555.9420031853726
23632970,1819.1714384412792
44285474,1178.4731541816618
88075177,2123.078770154463
13117787,1578.3991119372276
14797111,1516.2329315706038
28697695,2061.8425931038482
34748486,1601.3978586584176
30506810,1439.771742614903
57410372,2114.669754161083
28776122,1149.6161557483995
18346451,1651.7270782425555
29932007,1487.3536677533993
82654800,2252.4249303245624
67038086,2100.8193490986073
95282943,2053.214923191687
90723621,1526.792129529682
37760202,1689.9853148041889
97077656,1592.19946805747
67823833,1143.9608712994393
25222231,1813.0900898330985
63451552,2156.737441465117
66552053,1808.7912370387685
83488554,1492.5650153688903
24886655,1738.037757161029
83798512,1151.1414226646716
46152763,1085.4978657459635
96015866,2414.5644474481987
51731151,865.4586414495253
34899750,1708.9421338039415
55529926,1401.5231185093103
95405536,1231.1544454605964
29288544,1463.7074295155267
50076589,1412.4822671615186
37886285,1435.8902393396756
69818934,1743.2356890447425
13957412,1398.8963658548948
27493225,1922.3558880910437
81186892,2168.820130944232
72734336,973.9941762185739
20148129,4015.9247336403723
23391747,1095.482280025773
45833590,1224.5955872231043
85777842,2665.5287585659507
92975129,2206.3258767093985
33382289,2494.2027643166107
95953281,1425.1140972126361
60074802,1858.9523122931141
23912733,2229.88325434237
31346779,1470.753939461827
25605125,1511.1625493948175
96288207,711.3561910648657
44535745,1562.7544708795572
16008313,1571.2614356060876
91365542,1281.8862735005428
67385764,1033.763993980044
31465116,1748.991487123207
99474816,1382.2768909496633
26141909,1619.544037602079
72548314,1680.6415389540616
39043955,2152.4103355327625
55963655,1287.6989169206036
54632315,1806.8517844485184
48726285,2046.6889065684065
76251227,1785.0736962647227
83562410,1391.362430934249
93775374,1563.1779793087535
21446329,1484.75667726842
37345001,1557.9255453881221
49628614,1473.2317556594228
35767914,1628.8174206259143
10876536,1270.0100565079072
47339936,1224.6453813565572
89347542,1817.51174352574
22457603,1822.1804115912241
77199929,1460.201291445918
46378399,1692.111494047171
70602262,1464.9832344362571
54666534,1721.035970252226
56421405,1611.374782924297
97652177,1653.505738225565
15442637,1475.3279547912716
92360497,1787.0011539584
16847908,1699.0815795829967
14220385,778.7771520129166
25905603,1251.674888388488
58331647,1131.5088039625782
22292196,1841.9646096212168
37237832,1229.7833508220021
33009500,1029.044208775014
12533428,1445.6611204888675
46939545,1850.4075243027698
41868505,2287.7260948544044
75616535,1893.3235177276529
73878512,1592.705882361767
67270933,891.7904091584105
98281662,1097.134307914615
66553316,1190.713268498129
34303551,1741.529067536391
82645628,1104.0768521083855
57257821,1899.1420354932502
21288888,1797.835731102241
85963653,1322.2575995214634
47876249,1127.7635314067495
21439489,1209.5254348865728
52566254,2257.4771191970194
57084214,1001.2867699672214
16925768,1314.7306756166092
32782035,1837.7482855766489
31791186,1176.3746937287087
62797819,1723.6414912164128
35384978,1306.2681585422963
21945105,2049.118294889388
81557774,2171.9889251789605
85407739,1433.4074534262688
86085126,2139.467249533291
95296354,1440.6225828852132
90881439,1620.5504851842175
30757344,1875.8506429568038
48457713,1569.317740495927
89571542,1592.2447617286762
94067050,1308.7394015242671
48271561,1543.1990727544066
69357732,1382.1588509240742
86325273,1163.9218432122802
18152649,1608.0672524427039
33899410,1794.1850620036585
22781669,1528.5154025922411
17283281,1185.3346244674701
51785872,1503.6803393883083
33104833,1991.335018078357
91682435,1396.2940722535905
70713314,1598.0248582165138
13110268,1046.3504167974118
34642793,1389.413742605174
41694899,2299.6771207702996
86278349,1007.6611530242749
11717089,1220.9600351247516
59185456,1231.6949186487989
59344396,1015.601219211361
89922228,1633.803160734787
62027210,2092.861533015645
98523447,2284.7770688532773
77330146,1982.8147079889748
78386939,1809.0119071293702
66831282,2135.6782727711125
17596778,1524.9618682491214
72290481,1236.9212799664988
31606355,1192.28343164333
72940683,1337.719706103417
24736121,1281.2266758773428
47814214,1837.7680997601603
39410982,2345.349187188094
44151940,1651.0602078342758
65594908,1399.728421544207
79125454,1156.024155903187
50322107,1476.0147713449564
76200003,2333.850346201727
85059302,1014.4655998633391
95450721,1683.054260602938
93253826,2106.0908743582913
19723778,1061.2240787177388
35980406,1521.9609343828215
67285479,1357.7588498377454
68864075,1670.5281216747
37422791,2177.944692949028
73798025,2049.1279314194467
97232135,1497.314511549359
50064513,1495.8377064912297
75638682,1131.981763748464
41937405,1610.9534843840872
18443662,1424.9426264504077
68899727,1980.513711837226
18388313,1785.8312183616697
69521945,1386.9720693681327
31596715,2465.3669746049068
78472605,1778.5861111725937
12713963,919.3708909524946
46768823,1314.4799542676135
27538097,1123.5820616030087
89955366,1645.465965412986
94081889,1192.7887893732543
65214899,1362.281710425787
95205973,1976.2685457219402
83140994,1514.6540176379733
69014391,1888.8466122952777
66919280,1316.0633694981802
86299194,1789.827563477492
14394397,1484.871789071383
88465251,1913.6126521864014
82447513,2657.648243626158
90676745,1344.3992468831818
61229086,1453.484631683221
30557316,1102.6844595473701
48578361,1781.967722355985
29085329,1758.4994294773546
99539415,2652.4206342266725
33750162,1597.427070546872
51880900,1762.814297298589
81942693,1422.754681735749
44828087,1373.4262149240785
80752087,1436.1922339618116
99218652,2908.4226648983185
37433425,1101.2129259834035
39115683,1607.323551916985
26601986,1404.4909994358645
50469308,1230.9737062554202
69872975,1163.1446509764082
18483245,2299.62397603599
12588982,1368.8308478315694
79454705,1086.1024784173633
76523232,1252.7532478982455
96131595,1987.010748886018
99680250,1338.6350033626509
82622915,1372.1984251418953
11290284,2604.97722195664
80057162,1610.0271986873042
72165316,2348.3698154983313
79751433,1244.523487975727
33215554,2749.2208015482884
42852506,1289.0838286719772
56093872,1329.4607118988572
64167041,1519.0695106807616
83380458,2068.10675646934
32651438,1426.2447411848934
38364846,1536.9015185625756
74621857,938.963330450451
62748794,1908.0275689250086
71435421,2115.189359855799
76163868,1819.2194443664375
14677956,1043.2587780193237
48283664,1240.2340093915943
93787027,1379.451846648952
75353617,1327.1259725829318
44130726,1811.7541243590094
75634285,1769.8625605275338
27969925,1509.5089312251657
34662422,1241.338991562429
46428766,1000.4867498579713
40279741,1795.1474232735998
58991338,1703.3629055671458
52295288,1176.6627929278973
25429358,1267.8225915788385
91223525,1469.227872985274
80429592,1519.4110731592887
36010937,1198.6383554901356
61652867,2107.899375383619
34655678,1257.24345108643
32281319,1219.573512698139
74717544,991.2039746300419
81780208,1251.3028461723509
74117270,2109.285358444792
94663011,1780.1131572266602
18715534,1853.3974083801409
89926226,1542.233506319352
31441075,1945.4552433559022
85656066,2316.8256151813684
63154501,1529.2999766763735
56954947,2200.6256924530203
35193891,1729.659921677981
68045567,2167.3634656520085
75523548,1893.1169752980873
80044768,1322.8289797460836
80565568,1482.0455597063067
58680458,1342.5678232606028
93434632,1377.737630597498
38164915,2108.9315557377913
39561694,1711.9058091032316
23940974,1991.1590164490808
66689621,1741.994603845417
91586014,2970.047664691904
68610549,1944.568864685457
44648566,1815.9324210946916
68443861,2522.0789794889615
95300751,1437.8952640888674
74650313,1495.5261147544734
78190939,1860.9273362074357
79583687,1431.1849225498765
78744133,1351.936221860037
19424377,1069.4577371947582
74426958,2431.429800378799
30714675,2025.6288482387558
20297631,2471.434164842163
62326689,1839.0032610994474
72851226,2085.923547076475
94924877,1706.2855215194622
39912297,2024.0639480385873
50554145,1034.365169468869
51964385,1197.8761447558797
91524053,3253.1243201534685
67059408,1038.8244533869474
13707505,1842.1968140149536
96336923,2349.841963668125
18937921,1326.7834854730984
23247466,1949.879262183073
20718626,1268.4386448571688
62001591,2683.857231739409
32183930,1893.8548806179876
29520078,3392.871891364111
20246948,1612.808923693279
12865925,751.7176673465825
75414040,1694.3914874779507
29805887,1921.2564515561771
91828173,1397.9738087643918
92911827,1820.4264605953408
21259879,2100.6320067136903
27730704,1117.3951565467862
10805384,2596.089677608088
28772124,1426.7841682808219
67895243,2132.0512200283542
70282510,1799.7957100016179
76926492,1372.078537536254
56029416,2809.3281580456082
42166025,2261.8605063110413
88855559,1624.1079026877328
71679738,1250.6136463404723
95011645,1204.7822795609145
23391388,1363.8940633869192
97276431,2028.7302862037316
78499453,1956.8634652927224
50845143,1580.838371004157
63593365,1711.938289515732
44645094,1352.926515033732
92805008,1460.0352934544446
95966284,968.3028197815262
86968525,2141.658139803186
35459557,2919.3688542496043
16959595,1907.410678250373
66852864,2370.5728891376384
64976874,1220.9974364834418
90803282,1955.692052697295
32597480,1408.1543002320263
22525205,1337.1256504058429
18357388,1598.946560138412
55224009,1495.1034247945017
12066751,1369.4143516048107
51600054,2467.2695795189748
33097870,1894.9876824073333
44165189,1744.6009871377103
92174554,1859.7677260984583
75685484,1807.0767621499017
79648156,1073.4209639593312
34473914,2310.892929708284
42069298,1095.170999123965
24749467,1274.3333020512998
37024144,1739.3890991717765
53463208,1544.8895346507113
61035399,1155.4154987205932
92975059,1080.4335872162094
16258293,760.5496344315399
80353068,1195.2144177409061
69637564,1473.799479951095
60889557,1866.791365518944
45682120,1536.9449261908612
62566155,1546.0831593544654
86829598,1255.1426751589797
77516810,1712.3363383666592
32602883,1498.9709479466646
99658649,1743.2565854476481
98115366,1611.440881357574
40551984,2198.3211854453116
89171680,1702.9834276955119
78104461,1404.215667022552
80805720,1895.37504902527
44701781,1367.7813359543832
32357693,1289.3553732013995
16257080,1996.0190863919454
63758432,1675.3003685151195
86560064,1279.6546533706496
76704426,1457.086452330912
29021087,1922.5666535386936
30903210,2384.1527490712892
59650055,2096.7441684502587
16537007,2364.5006260101263
44043751,1337.688969960012
93550246,1188.281386299236
74795536,2070.4410762160555
36252893,1697.492547498132
60712266,2193.400614169008
54795015,1931.3412419518638
59038432,877.8532061886189
53101267,1257.1604144113523
96137757,2559.3355965485057
61894184,2171.4177152695815
56980533,1421.1129143400374
40911725,1065.5490307126943
78253728,2061.873833163559
46517280,1074.8562963991394
98578100,1658.8589662932432
92998542,1222.7165698016254
85778453,1457.3116112089692
67897199,1349.5179212844116
37385434,1546.0729963258946
29978687,990.4154016176248
63462293,1740.4945494454569
82610119,1564.6948193952046
11195863,1823.4948690310043
22813157,1599.593032714576
16061850,1583.8746987713105
25000757,1442.6160780081307
23839386,1001.95183774009
62901003,1926.8706842927218
85332734,1945.8462754039745
41185457,1848.57922868235
32349244,1402.847267845355
75213525,2004.1475911578943
24267861,1194.8636473660144
80759464,1825.7542155648262
38052934,1457.4130675218532
36983078,2452.7780608720846
48438532,1195.5788391220754
98811621,2992.586169108731
41602835,1285.9210447826263
79191702,1506.4422045903539
91526426,1422.8905917103648
12436955,1525.189239116545
35460655,1017.9804316056322
24893618,1410.606571730424
12318894,1091.0310502438062
75385870,1681.7836130666149
24016887,1783.768508158102
93798376,1470.9607832232189
10041197,2030.9889661742568
44196192,1079.664793595903
34259961,1909.7306397364555
79360399,1532.3008814236834
90648365,1845.0123678686452
32784142,1247.1756639791802
88014206,1831.345748891288
47541115,1905.2651920782641
81087277,1496.032878917184
99414879,1381.1870197881935
96312378,2074.667209430708
45292998,1766.13193871209
62464969,1154.3695125297268
89056154,1654.9426296185916
43815757,1224.910068307295
36326737,1139.688719339771
66733240,1189.0642375185532
82154113,1080.8259472130926
75774127,1293.8559687709655
99633023,1900.8446784338894
54243966,1558.7836922347574
21507777,1445.6367329426337
89526022,1183.2552273606168
35342783,1578.3392436654847
75576574,1649.3919721074333
86207238,1659.5252764672175
11999604,1218.3434501829317
64241630,1242.822931011472
49681885,1440.6390374400446
20476163,2222.644024738925
82534020,1427.2663602618081
80449403,1389.051720495413
91978419,1456.6988562038991
13134274,1836.680346428248
30921031,1133.8076432779558
35948510,1145.679421620665
37862013,1131.1952883198733
74364264,1629.7616815975725
73089121,1644.279631913957
71120219,2108.8344518029057
81357330,1693.9166719122263
86696339,1763.120696236837
32694372,1157.079791706929
86397240,2586.658493722291
75410743,1729.5226547456668
54107967,1597.1891535849293
53182244,1238.487819947433
84949062,2240.347217548029
17578514,1452.9117604990536
66553240,729.6515847820756
78244783,1106.9048210177705
85750494,1420.1699888270714
26835204,1409.7075176889557
25568634,1697.309687535639
62833472,2145.3250106231962
89441409,1898.388269974865
30957350,1022.6370438723624
83492659,1044.516869780691
14123667,1527.4265771719633
81332426,1312.9618092221967
75963486,1389.6522778482436
97473965,1902.0038575232256
52550411,1010.3569551349641
38852859,1057.3706778402434
86945814,1803.8300894304707
99213841,1889.6232301921395
93296884,1778.299726986621
74681265,1296.8180754598652
67628381,1928.3349393338212
53194004,1912.1275637834658
79129949,1348.0760926752744
21417992,1541.7650009331105
65584374,2069.6451813500425
83994457,2513.900745544595
79552394,1292.863453012028
14169455,3678.0399912006633
11006346,1705.7195476985821
55920445,883.1139492462494
42183979,1859.5917337505693
27236753,2006.397684451415
38623845,981.5239834522816
56539617,1475.3987161489392
89514584,1186.417425016578
55800655,1408.1831433305563
95341263,1524.439401188282
90170967,1227.6156032763597
25603899,1739.6912020179066
80752063,2221.796107663359
74272993,2212.2262807385237
83204984,1407.43604085605
56041749,2056.109902246539
99929710,1514.2392211807855
24093076,1271.6633077454535
76171771,1601.8403506670966
87313105,1913.3009637175726
13150529,1849.30504119969
85314779,2031.3555507820208
23218937,1665.773158377231
15797769,1315.09319315012
18451890,1268.8578881834815
23712138,1316.157333659409
40201741,1479.0287674557273
74044702,2057.4290479446263
91758728,1550.0656433330123
41605529,1672.6652131274811
30345669,1510.7981362209794
72490311,1529.1001931431013
11341429,1560.7204558008423
86562367,1529.4705914222645
65741146,2354.6055626996
28059650,1644.444245997487
36854120,1399.3459118918224
70514815,1511.444979690566
28991223,1960.0386453913488
34210782,1894.5753275364734
97420540,1671.966939547059
53582966,1889.1661062425505
25471995,1424.5606159761246
40521306,1545.986605471568
18442744,1804.2494701358758
86475933,1935.1712983525865
35156621,1976.243124312504
92398280,1564.9759784067664
64419847,1581.78822621578
27879667,1828.867028098044
33454324,2085.1736570247735
78234554,1367.0720472846713
37295459,977.5450306826634
76464828,2119.6831489846563
89898019,2506.9620520740705
94459827,1872.817487990662
30672049,1833.7465313883013
93226295,2099.0146332771346
66733496,1106.9417660718068
24799537,1769.46741859024
30909458,1366.094135616888
20815913,1612.8098661307163
77231006,1078.3890417317652
63770561,1316.2537249486093
61281100,1952.92328793118
25443496,1058.1485305807037
90941407,1153.938986904255
85217471,1926.3417048896856
11330523,1531.219856602474
60135515,1347.0531271083107
96537329,1707.5939448768302
89713236,1611.9071320792555
87856838,1963.6735664405892
68427758,2373.3868680355217
35697471,1564.8910030035747
30758105,1853.4281875968202
66828597,1362.7097148510236
64179941,2591.6299015763097
57531913,1589.5818038531118
82276369,1626.9265209382768
33117908,2253.5447551988036
23807930,1875.236992334479
58313771,1412.760980729285
86361973,1465.685009631573
54136725,1193.7439212989975
80609057,1974.4667766414666
23386046,654.6731283790142
88923790,1410.4683458941672
50739054,1468.7530477725304
85701835,2700.8018660128196
11164690,2132.0569523804693
60686704,1454.695912822941
56500955,1313.8765584536284
92377094,1229.8485134304794
27377686,1235.4607947754687
14820376,1401.0646177996498
24454653,2031.0290296379471
49068691,1480.3764754356225
68870887,1654.2637636109323
40404763,1624.0481909930218
53993271,1615.6195277576755
76624283,1513.057263286979
84681113,1527.3136908980878
39182711,1459.9689518903012
99418549,1585.2294416627433
54009403,1075.3238649085408
15732665,1413.6687438185804
21105712,1802.8698497172584
76841454,1199.017397517233
77456803,1409.5812850222064
94681649,1859.2364428899182
42127705,852.1007380851457
86327920,2038.4192070652143
49706768,2300.2760692891543
47210863,1929.7879107710962
98862874,1088.5980474948333
80625113,1626.0151718306931
13147967,1417.3416974849852
79644262,1933.9063838515544
40821766,1211.9283181316155
38964351,1461.969248182225
80037468,1723.2200027993065
10709528,1398.7430524460228
14006566,2721.314271250175
84355937,1144.939893333433
68139676,2510.4955638890815
51613745,1546.331093110053
77042505,1912.4587668923095
35307179,2270.2343740526285
43137990,1458.4363923896324
60366178,2079.4866042337662
28449137,1667.4577590660588
54714633,1175.2232951176622
86469326,1374.6012702325436
81392986,1910.2799692380233
94816275,1419.6023168376798
20992851,2214.9000717499594
33220037,1885.1860650038466
52922027,2095.656959329355
70522751,1837.2046522907215
35179027,1671.5388571640851
11006610,1429.5831185844047
97027045,1496.129117587387
60842426,1487.7046525957617
37962781,1699.6999507061964
57446778,1332.1432321350483
46803142,1806.5770046956902
96412152,1439.3196199430913
41948607,1449.3017404797884
30401183,2314.1631958354515
82446721,1516.5397633131395
98640166,2315.3560346774802
16426411,1477.1622615425656
40919986,2019.7511165257274
34959842,1446.450332571409
76545890,3350.91478221832
38671669,1850.5892276254283
74577885,1814.9923393786594
77894868,1486.3654430085194
44132106,1354.6732113800342
13303745,1054.650537450977
82202428,1100.799567529898
69359286,1707.7240692989992
49249118,1777.0600248460094
65186472,1867.283757975615
86728284,1233.134935078724
89113200,1797.3925002454655
64085288,1249.6034219585551
83095293,1725.5292202536507
55834975,1710.5067439374732
12408851,1593.7556437646251
45102161,1544.2629665654142
21425066,1233.2302607613046
49253416,886.0689412964953
91720337,1942.255784886551
38125202,1473.5852533715274
76716879,1554.064012612949
75093314,1068.746114685446
94720863,1277.1013808511937
69306868,1431.1218721673458
78783123,1679.6477220008753
31503266,1441.1724247682732
51221256,1367.9763378785683
36978860,2186.8590294196033
77102844,944.8379836040666
85218856,1613.3346687529497
64674000,1504.3645557037155
71928536,1485.966192942057
71632516,1586.4330377266629
44645677,1556.376788069789
27089889,1948.5501497524822
85001254,2033.1623183089478
80789294,1474.0672556284908
94921905,2295.6559957084423
87557595,1633.458295648509
27812172,1235.0000474394412
70326518,1851.9668563872542
76820242,1347.1837638808456
37798149,1670.837593171407
95689974,1423.931250965928
86698149,1630.5069020615203
82332389,1466.3038335550573
38769988,1150.8833090575756
62104171,1404.9549704828546
20008764,1375.2126354919167
88250848,949.0078580058442
99989436,1886.8740536794592
20654244,1550.6553475264077
63645129,1491.4842408606135
66237213,1234.6345967355016
89366030,1717.9748778743906
43885604,2839.6026854912006
20777495,1759.9927521445034
17630232,1795.179485565317
41034819,2025.7458373694344
30863558,1579.1857843430173
30990096,1528.7135644624384
14528263,1147.470020034413
38046616,1886.3829869894023
21720690,2102.055358935127
41971276,1294.7021076912238
81966182,1464.6130346073564
81876034,1298.0833474508806
23233042,1255.6642585430118
59959368,2463.7283511502437
25429816,2148.3132316100127
40884180,1387.2915232117293
88955672,1548.9800068920035
43077536,1747.877106852711
22541133,810.8208947877811
98515757,1933.360106946792
96170890,1618.2676445194184
33994765,1318.4828596811446
91089578,1795.8508264966772
38840418,1746.7894826772902
92439017,1376.5192709846112
30192634,1667.6175353838971
30769461,1439.5124924167194
80205723,1363.3317313232023
55131937,1879.7196623528807
29185681,3094.5181330605956
80773149,1334.0147710590697
84757256,1291.615831415274
81505232,1333.3815676084362
57555020,890.433191472615
70106520,1494.798673452309
43240131,1691.691757716474
57158414,3105.1614488914634
63966023,2327.872340331126
46075950,2283.1266944518015
47516649,2136.544868894452
57203804,1669.7547328587048
99285503,1442.7156230473838
23511969,1074.1065498382718
78376646,2188.153674215152
48884000,1395.1401793121813
98727752,1272.9607800769597
82907215,1941.9762882669531
72719170,1480.505911749428
39149918,1431.553917822717
85435767,1487.7102213431845
54111802,1983.0635032680661
92599919,1302.2026745143535
24226064,1640.9261123742097
96829833,2206.4340008043964
27301621,1368.945329761863
15887246,846.9003682984602
51726302,1092.378581794943
51260265,1760.2402656621405
45934883,1588.2691921073215
97289930,1720.2188414778386
42847093,1158.3693166129403
13695159,1198.0008454234726
21664737,1398.5360645349217
72162540,1413.8336752320047
45972276,2129.822606453059
71222059,1664.5640285783072
18901787,1322.661159719917
64794868,1413.1126669464504
96040179,1262.741668620802
43891507,2127.2641227147
94649367,1281.1360895728228
85490151,1046.7484747531491
51948440,1119.6998065169473
44237958,1047.2142549614675
97658202,1315.4389275959918
77699657,1156.0376462420152
23252427,1650.1756041926237
10697423,1486.2939017451592
99095154,1732.1793166403286
86344123,1540.156711254184
32740825,3027.95014955647
39699187,1499.2940445110887
79334316,1329.6514159638905
13862142,2261.386201389294
95022546,1284.6345719421622
85671131,1537.2300855496885
13946093,1354.3743401587315
71911642,1592.6903526526928
74557358,1714.022899672857
76424216,1770.1501224301956
60569056,1287.137906692038
21429356,1638.7891430029838
37147011,1127.1791773240043
22363795,1121.8437345865868
22711721,1059.764189639306
32781826,1614.7397520497452
79919377,1556.7083525177966
95950869,1112.314012189719
67975454,1971.1955650580715
61846310,2062.8557309951457
47190136,1549.3853391306009
72140487,1769.2533800011997
33356353,1677.3915924352634
57558815,1636.306838759283
85765913,1860.579555712859
67405346,1313.6704692442886
47178751,930.9124083915053
92743619,1295.227232344922
67809997,1740.1908910171787
95649734,1647.1760298753345
35761786,1742.8974975485164
20333506,1096.7003106334066
39856656,1837.3329232987574
80659941,2015.912836846488
72539676,1212.5472363826277
34808508,1628.8226598520714
18684795,2117.976591595887
60926773,808.7246940969593
25343604,1577.8744536674863
85280076,1285.010103588447
51516725,810.3569211265911
54359603,1805.0170538341329
65763192,1902.242304064415
53926540,1205.137164951015
77237054,2351.4769469351563
75498756,1812.0679789580893
99166662,1107.5978411782883
72410551,1237.4673919291884
82923327,1237.5040569308792
46066488,1402.716561406726
33059137,2087.9173370191766
51480279,1337.5829352234969
19373977,1369.966017074616
90715980,1246.5344219867386
56492794,1358.9089348945456
46037369,1289.9006557897453
22743995,923.7088545013941
42553042,1310.6163290693319
36975311,2046.964545192202
75351486,1277.1372052727386
30981897,1655.6287270555813
35580501,1878.7194749324199
40483549,1160.0686522661952
64819235,1570.595751987881
26688957,1577.506416470684
94904538,1732.3447942645055
46754012,1647.958095782041
36796857,1922.01861665874
28461943,1920.092116254346
14026453,1474.9901317867548
69053024,1792.5632357285601
32733126,1839.6971876741168
40931025,1647.9323020762836
19427950,1674.5377055161707
84597120,1180.616181103822
18811334,1308.029599919702
78324699,1607.511098478232
77953974,2086.668895082638
27862041,2376.991236920328
37247191,1526.3968534793444
25562317,1867.4555897702305
73172608,2378.3776786843914
33104896,2200.140278524235
82319650,1750.5642810320817
21799452,1488.2849366772457
64888946,1898.8375556844
97264595,1869.0226965643938
10429454,1114.0661080156947
61575325,1270.1881160752118
56897257,1513.3768771229343
37059519,2392.511551719494
52110520,2764.266603265044
81197632,1829.509338950986
78041929,1478.7795676544874
62481600,2922.446459261707
79068390,1245.8928859985645
35652591,1456.3043119202162
39694436,2105.8324742302357
95898355,1696.641796354719
80006639,1842.6061226903216
53958546,976.553431930131
58986255,1111.7379518012035
35034634,1950.9559172620527
21845497,1974.548572112341
40578913,1416.0153764438066
52684708,723.1904586249673
89834641,1571.2310583487892
65511611,1070.1734443551936
65731676,2026.3433891091513
83770991,1534.2433737989672
56280602,1418.1706666617376
44140498,1671.8081839585695
52748496,1920.5252828527352
76136540,1355.0935065454958
35483441,1258.7042528353527
25193108,1719.0463883828745
27434478,3902.1439850983334
84357441,1766.8367097768191
70840263,1638.3505307077285
45633382,1839.0749029963947
68317032,1908.6646981340198
73465107,1299.485402571529
24929921,1997.2713250381184
87300428,1960.4561893481025
69871020,1377.8597423379535
23755175,1259.4839454600258
91971062,2889.4257522316757
74483617,1271.2307307120716
89642342,1363.0377860885121
33276861,2291.4172842598077
18861332,1366.24364751148
77211245,2087.6569931027007
52041127,949.327114185936
95864050,1467.6245863426275
82528777,1814.6369293087541
62702832,2813.148494559624
24146181,2014.3500284237268
90263367,1664.529487586136
47033948,1358.2098460190898
97856612,1841.856179123507
73014333,1354.5148112084323
46731094,1415.3239265841298
15781171,1424.3565377583006
51156245,1727.0185081190423
85958922,983.9740682719448
52550761,1216.7558307192992
15567593,1631.3098038798873
50279318,984.6416973047869
88796422,1096.678628538775
66724358,1254.854305476081
51443999,1716.736270474093
32661637,1451.6106333470914
12999579,1383.8144062092942
32460111,2170.249639511502
70354263,1660.6690684252167
99768418,1485.1809207801778
93597400,1722.6920033693316
42968448,1019.8680489684023
11447851,1592.6607690634219
76146411,1763.4530370827279
86917958,1825.6853313514682
57526187,1971.8639559480002
71062405,1584.0928824586072
72847399,1487.7396149287645
54891075,2187.2749537532213
89841901,1710.1963070410065
90056417,1370.5503205516368
77892346,1205.3329753331668
31627402,1295.635276976859
78864638,1369.4462569117168
16022883,2811.4951120662117
21980955,1818.2540824576984
98291218,2222.9582093279055
37406677,1339.182263859559
73253470,1317.650931194815
80239984,2230.584315066536
60323265,2034.5855013272676
93655248,1291.4436953878178
58796215,778.1668007982846
94203496,1749.2475626862192
89472702,1482.762805686188
29142290,2160.1419164575464
71021568,1224.8640261288037
69197364,2089.633769865668
67499939,2003.8124068455706
51780875,2140.315648371111
46941857,1587.4011071368968
57911836,1350.6398183337121
38559875,1824.0843017787113
81398050,1704.5687058329797
75334315,2486.5831077326006
59308610,1354.65487467734
16247087,1892.2397212562012
43247285,1785.6790251501852
45215633,1773.9057436770283
40481058,1743.7342188235882
40365284,2676.214596797087
92836079,1572.4505219941705
70303716,1501.636480921603
81749724,2946.6565553698515
41853820,2015.7460694358915
81440480,1677.657836544647
84996580,1782.1373223365024
35919442,1405.978496869846
19046260,1946.6665847140748
90423631,2146.744252594814
92961031,1936.8965206382966
89855372,2007.5295228527739
77816576,1915.1416112693391
12194715,1494.1197126856482
20115124,1949.563748846121
73703358,1592.166177133509
89792966,1666.7106182808377
43706254,1455.1129235673811
70266281,1549.905858406255
78529732,1647.777724095431
31638825,2247.4310454999663
58167471,1956.96029557823
93767960,1849.503371973323
55879589,2107.921154843065
67388602,1710.4718982936565
86008328,1311.5455914724582
53844650,1331.6871595470645
86660948,1858.9218218506205
39941650,1292.65693429039
44395757,1798.1994156491082
81989533,1471.7071047359993
46504700,1332.3356071352603
39402032,1248.6292103794694
85919943,1141.9627087290164
80733130,1981.809360528706
25189661,1483.408859362216
14623666,1520.5837317762353
70848155,1655.3132698136162
68571484,1851.0540648658946
51228995,1422.1375736298978
49683485,1727.0717777181965
56036763,1551.8312589849131
32459332,1744.8699565412169
10860915,1341.653340974471
43696664,1694.1877270408568
87941364,1711.4665936211418
76183083,1454.696039346567
20966309,1780.056738785776
37699108,1604.559635725185
55952526,1153.98797371646
15616438,1566.68124894582
86514240,1813.0912897942812
92945955,2492.8268903883286
63145934,1781.035795971224
58853662,1335.5802575062776
79304271,1417.1970513697647
24276255,1544.8149543763964
43245413,1572.187241056807
59024690,3115.2013632504504
13551336,1794.7231779070696
44848614,1662.906012362617
61087377,2034.4046441079179
11885900,1531.7409642697005
92535927,1238.2423068076746
21708152,1654.5388545861044
45352808,1234.45638406541
75624156,1390.505109186302
32001265,1352.6729478963914
20413825,1435.745957936378
40305802,1642.3787653085915
61861688,1245.1481721114412
33441351,1511.7663749358142
30365812,2139.1976142396566
43625038,1418.6570500090843
40659534,1336.5654478895663
72885406,1574.036076772123
55817366,948.9712149497972
78604997,1120.6159438822879
14364198,1359.0574507277993
70814486,2628.9557438957345
71030650,1259.40210324824
93257457,2105.1938876187905
65515227,1218.3793667899513
23048185,1564.06709427167
64021401,1734.2097111780654
81601136,1281.1396306228346
60464050,1530.6873836266548
62126832,1315.3751188414815
76122802,1508.1250863829619
68619547,1269.0700282787054
69931017,1889.2835916680478
52039321,1388.4616826240365
96748453,1382.3800965028634
40650345,2239.233692668755
94190496,1311.1748083227012
40034795,1976.8149332786684
16725203,867.2033380206611
37869032,1902.8627631093852
87784983,1449.94512606273
67445694,1342.8068984310614
44138052,2088.181937000045
56359862,1952.007410812683
27113776,1727.3161677427993
73853459,1300.6108774541165
76284169,2583.0387357985837
42581373,1841.400349285448
74617250,1245.9858961368557
29606632,1933.5066623098467
22328059,1644.1115644081465
94596005,2178.051673923902
73640300,1172.4918940606349
52511016,1456.5619570853398
63643579,739.5864978444711
73979691,1886.582238501148
76806109,1066.6884198025566
67084872,1331.8373716859194
94616960,1076.6860233966017
44018639,1177.141001565387
10369424,1971.9342351826137
19417264,2404.359419480817
77137301,1510.0076768840431
33598935,2289.070433516707
81379316,1835.5351655049644
67627945,1520.5239403670682
74067952,1126.7110300041809
54161507,1233.8053805918244
55930611,1379.5124341590754
64919315,1919.5032865830617
92109871,1302.1915098082707
88653847,1419.7581078539597
50331596,2166.8696916465506
68139580,1323.0003936746384
80241693,2575.3758720077403
74034028,1936.9104609183137
22712040,1628.7419071868326
18212521,1452.2570613070438
60434302,1578.2190121282968
45427525,1055.628572333857
95853311,1318.744700208623
70857259,1838.4360888545614
81477083,2243.660313015438
27723524,1879.480986519903
25206032,1246.0581164435841
12102381,2404.371927902811
72428170,1423.0875818651023
27672042,2205.6136049286633
77000429,1768.2010805005636
95589605,2382.3384481116286
44647376,1696.7560140458309
21338536,1212.9983804825697
13820529,1642.6690003761837
24568041,2274.9520208914582
90117191,1703.6115428592814
45800664,1589.461324973581
13557339,1808.8133809520173
19087413,2261.93618342074
11616417,2129.2234101369063
22015830,1488.2364485422852
42617304,1222.7063916857298
72598754,1513.055565147036
34839793,1399.499377405357
77660297,1430.0868523112488
13706769,2805.8404684798047
71694094,1889.0083569556678
26712974,1142.212262579902
11161484,1409.1280649374169
92404281,1113.4114576853842
29267516,1624.8618603704579
44574998,1569.305876788317
66291057,1091.8388190693306
13701175,1686.2536139397052
24177160,1856.7469779719756
81405301,1355.5071073627767
11589439,959.1284089128667
17537269,1378.5262250697622
98168887,1971.7157430250684
57508409,1906.7199071499979
83408387,3145.0525856590975
43301435,2148.022464425333
49258344,2388.945162024689
98631322,1284.4554880184266
69659096,1776.3903090937401
99106028,1219.2535187089163
37856658,1969.6393671355775
42881579,1105.5431547702951
77859891,2615.389796291761
81041727,1137.6735153247803
47217829,2331.3502093617726
53083229,1536.308257715792
79619006,2061.2284355264196
87897995,981.2811637811595
17964917,1122.376115746284
80568888,1060.2587769273327
43042929,1309.6437811791116
62796073,1926.927778522781
61083401,2191.9590479161166
14141477,1404.1656678384024
68306110,1864.48447616759
43708354,1733.060468189931
73883907,3916.4788275973365
75966104,1853.0959580873014
55672599,1319.6523690484435
14917596,1630.681232079443
65294870,1768.2966778997102
14049454,1723.5577277434038
93295381,1601.3957780679482
27730907,1922.3817847664743
52543486,1592.0488110515616
79427440,1481.4877358630013
46627987,1891.9239654021899
63096372,1984.7109391033266
21047227,1510.6895717767693
94588817,1649.6124433410864
82925355,1699.894107280109
20239710,1443.962903947606
66560522,1390.6196156656101
34394729,2299.9993861228636
74199492,1410.5797422343205
59577067,1336.3462178175937
69919638,1345.3179315460652
46718033,2185.785124594682
84917912,1685.97616244106
31599665,1172.3778345652906
39056365,2755.232833126925
48895978,1323.5440222921827
47094246,2042.12642682653
19549587,1028.1656219833578
18563899,1851.6441107291894
81642903,1364.3931520671456
12095543,1472.3284518716416
67140026,2245.3523979420233
11054636,2030.4667196881326
21698635,1918.249409156267
23623849,1912.7590260899979
71392936,1626.076167600224
83425325,1908.7375891756626
14553390,2366.8800958066913
70274030,1145.650029037716
19402442,1252.747717762562
11041677,2504.6496668078616
77513563,1469.1353265745374
87335721,2875.0284462013296
17466406,1430.0473040175593
11267365,1625.4147180513264
89144675,1997.601181143603
89338457,1357.7580243295656
87803439,2154.368886313971
20104582,3537.312102977085
95781089,1199.6394629548406
66358482,1378.6160339051366
62863016,2430.2415047562163
92557337,2556.805448127646
10876766,1200.0089564472075
70473205,2348.4275956226766
87569671,892.3823786181368
61139578,2687.599854792977
53121878,1668.1760237462665
15430462,3286.7998941427095
67332796,1243.794906796581
75641163,1721.5809255749
23552924,1394.6243282296443
56332291,1323.1759322414055
83472051,1664.458530672229
73213649,1504.8643165971464
47802315,1615.5495777269482
42459098,1390.5899331323185
59654537,1780.4132237565132
49312825,2077.239662163436
80983900,1832.2708595812985
58178507,1342.024579630328
50382416,1972.2493305743417
66073034,2103.549994410786
43848284,1482.6561115747616
85092410,1558.04569912443
22321014,2346.016250190845
31162245,1403.2373225952351
26802981,1149.7669841610732
89737386,1839.2166845000686
22704344,1616.2739929445468
56000373,1897.9650800025577
96310766,1147.2734899052934
70324095,1997.8054350526638
86441629,1368.917560698509
12514793,1287.344075975004
89583392,1618.098027956401
36498032,2387.0613980758053
22072881,1125.356753956111
23992589,1092.3521982912
25380807,1103.444194871395
30026993,2426.962788276262
65742850,1433.791356035076
33236806,877.8200335107329
64518820,2455.32903100599
42371713,1458.2165182936556
47924596,1806.925135304014
55469978,1989.4147733541097
29356220,1306.1927492198806
98913649,1107.8070924440697
22201860,1870.9633880741014
17005574,1786.5324470587814
61767605,1798.3011661196556
63003964,1430.7815680720132
52904792,1837.4004035328082
87014699,1789.711480660308
60476269,1895.7133645809818
23374773,2396.307916565012
12887652,1651.7237190914316
11366466,2385.8388646336803
62053080,1198.8585701019845
21354279,1272.4220931131417
58635346,2141.971519770428
57475663,1561.226345415325
44627129,1342.0209408927772
29419543,1566.7420291335145
47538164,3781.8971941257914
19854086,1634.0391362158748
63381374,1601.4680049706733
55348437,2094.139507934019
80254443,2141.1299597990246
23105559,1618.620452358034
25129271,1818.9935221589617
40257293,1798.0432658937448
63509506,1138.380824226763
45432136,1536.7018923605417
19785631,1720.4627362032977
22859019,2566.941546733895
36147504,1333.7285732421963
54449509,1779.3726960559602
81205631,1613.7093409416698
98103632,1823.0036668197977
32691265,882.0423226724832
72768344,1417.5929537392833
51890279,744.9651807362588
48043615,1515.9860669531843
25374441,1323.8093525286868
59962384,743.6788090580656
28910995,2347.504104298412
13141234,1540.817401228207
50747063,963.2088493166649
55252279,1434.301220141389
52007426,2373.9821806291593
30847276,1452.4657822962438
62106368,2273.5334889510586
60214573,1322.3129081449024
40002314,1705.0575590034973
32428356,1677.2141220376457
53658343,2410.4953252354667
29161839,1729.052423563125
46396012,1432.907748193402
62360708,1878.8887811480308
43297939,2068.804138412671
12562149,2126.9961868683376
36028116,1719.2599387523314
87330286,1725.024938681739
88119407,2026.5616226496547
26750897,2420.7910402243238
49969361,1501.7571021274537
97204974,862.3670554310718
99702598,2056.5200514372796
52763802,1703.2133793255298
68901809,2070.507323710376
39208673,1417.6056367315643
54033485,1937.6578253776572
54497531,1638.8318701148312
53990991,1294.3623549209783
84489537,1263.1385881510826
35670801,1364.710524644652
78791350,1227.203859157843
20845184,909.9456378920219
13555027,1714.5552300734232
37646059,1942.4315143560357
76127874,1519.0864883387621
92134461,1566.6047817397077
35770374,1887.2215739231806
71020209,1882.581239577226
34171582,1579.3635116480727
50654248,1291.760732599973
42458567,1548.5827008386286
19190057,1262.976302852699
54080489,1216.9021409730055
68542535,1753.7037859367385
45210646,2021.236911503728
59714270,1546.5953571790433
88185676,1240.2262841473819
71490260,1373.3906316911575
30639393,1225.7738907026367
82576353,1926.7874673635617
24335906,3348.8502335079434
21049647,1216.9345152574456
13781432,1298.8770028778288
86079138,1812.751940266303
40000990,1621.0132276203838
73775201,3010.679011394828
35148701,1669.4731958778614
81596880,1355.3511569153434
94320273,1437.4465214245229
36438421,1794.171943485108
53057217,1788.3968266800648
25248077,1276.4184251271024
73038169,1081.786993390303
73258090,2316.7847943010584
87336796,1592.3989676497308
78963426,1531.4961775164593
12232405,1705.3949416341686
86811261,2136.351400790018
43165541,1107.1993546544768
83018865,1836.519880334839
37762842,1524.1901439921417
65591705,1783.5895721445922
67890361,1304.520513790212
94753186,1293.3558282164242
93051402,1469.6499583751133
18623638,1479.9499743102526
35256497,1391.0885136591066
79246585,2139.0933814675877
23762226,1362.8255280550045
67287814,2522.4280296910647
78864148,2318.478767322975
30658878,2210.2686677119
97960066,1290.7497884767115
19914732,2324.026583599564
23619037,2259.3924199808703
27095793,1906.5037079312128
83667300,1222.7116951241899
76686009,2178.2316112706662
79911388,1991.6823089177024
36038618,1630.9748010152655
91489166,1270.6699934895546
64088644,1738.45775528562
10087238,1365.0195294438463
68403788,1404.761370621363
95817054,2063.5192829307402
57182933,2189.8795739105603
83941537,1623.0403566931013
86909159,1907.6673383089164
45478492,2648.9039861109013
84142111,2517.7703892790378
45223652,1453.7115405657455
15651868,1814.1501405918318
48952352,1202.812635238524
53380245,2213.1504159889373
56211427,1171.439725574794
66961588,1186.6335965484534
38567012,1037.2306599573878
74938615,1420.7608570767334
81147200,1708.2458487736353
74772897,1622.3294545658264
80316029,745.1617022907595
76791795,1932.2883360107217
95549661,1328.4169110085427
91524955,1970.6103500519496
93849275,1783.7226094309738
61885188,1941.1087598560491
17120455,1154.0871603029611
71403569,1970.2796327068434
57944962,1842.0155776004656
72483844,1747.8170840452483
45141218,1681.5658990969494
47525065,1348.3093663405032
24379765,1182.06598530125
91215387,2161.0018675281767
39945150,1140.1930139646513
25481926,1749.0621891147982
72167432,1787.146081177476
15652519,1121.9838406590004
58079379,1099.8254664880556
81779274,1817.4988517309814
11313638,1555.848525265493
82915596,1670.5172925651837
12551058,1630.631226603656
69374139,1773.6820536710852
27490970,1551.432896871747
28663701,1413.1813142701205
51901697,2274.343350900213
19964529,1888.3618456300474
14203976,1895.9655582159148
86724526,1568.566406574845
46513661,2113.265900397331
42464585,1464.4662394956301
14360059,1381.3072714516481
72181637,2363.9477742151967
78956787,1570.982781223355
30264496,1218.268215221961
77227528,1570.0758083879568
50534372,1459.5416234087713
12187853,1782.3977166705845
97814800,1596.7969740307435
49704538,1508.3441014636062
31844965,2376.1895941936828
89449307,1121.911145970564
72286626,2177.3116471853014
90641879,1757.4136140625715
39977212,1965.6966020664768
56406335,1335.1473614497925
46671061,1794.2783586261983
21883230,1518.3296993071774
57754484,1106.3504606978222
96138639,1907.6552009971645
48581654,1889.539078017645
15477564,2288.5862786175303
18367532,2181.005375308934
57040971,1015.2739420216573
24677280,1937.3721510709183
38279741,1144.6104345240851
39630161,1744.6188211168924
94354941,2315.502471538911
73739305,1505.6931573792247
36839896,1672.1694885715285
60950133,1237.2660307220156
34560824,1278.9065117948915
89848060,1629.5366843245695
21727334,1738.9603427113266
96402755,2684.7721541240617
99203156,1432.3397691541454
69252455,1519.0685410959236
86645439,2884.9517663373017
83677892,1381.2761471747506
22897635,969.3883569928041
45288708,1607.576913994897
59969436,1720.3748363049392
94774349,1308.782288811703
16886474,2064.0264356272887
44198009,2800.46144934767
64700341,1264.919078967128
64505698,1325.6845936423467
77323444,1476.123719732533
27706778,1686.141548955268
59628829,1279.0654346549027
55365465,2128.373428417761
69970571,2357.8717009026914
94271260,1491.2939857379415
52700573,1747.041940566708
45014443,1873.592956474597
71021280,1693.9812282158466
51886091,1649.7421379145644
91170937,1822.0431226225767
92081846,1771.2156594302019
95719079,1754.0095505974416
12428005,1300.4006928663748
38292857,1473.1807076589457
75786036,1737.6545314672428
76868352,1655.116150245937
61787836,1833.168759823637
92993294,1028.9168070696576
23885591,1218.0713537401728
40800066,1472.9461572323846
56146741,2138.6690551114216
49447892,1604.1307584428387
52965378,850.4476553532934
93685952,1355.993763059797
89649731,961.6162089780514
47102704,3008.7890354194014
52908918,1775.3994894924756
77943419,1474.8464771253489
92500699,2201.657238394955
51420779,1922.3565225573923
72830394,1449.8746780591466
72781023,2175.8654377734515
16161212,1105.2942193624478
73724856,2295.22612701519
76991618,1174.557609469199
95797758,2166.7821135705594
82786703,1062.805778531234
77183119,1549.8290930143412
56026782,1214.099308153544
16589083,1494.0386654219765
47749953,1463.0380969921023
27187508,1591.3416986770471
51723171,1759.3144970164274
56627258,2136.9593233930723
75635227,1204.570877646358
57547046,1296.0150733894388
36631973,2048.505976075269
17463415,2402.320443175527
26674861,1313.6906234020257
56995341,1054.4332181524335
26126144,1177.1578469655637
58450363,2290.5657426586263
89312269,1024.8367964148495
16817991,1274.1713727130623
84965319,1308.6116615275657
43319013,1788.3284486051248
44400321,1134.95931865438
80024230,1124.113368864859
74521218,1873.5374397735015
44832141,1602.4462672966663
70162625,2103.5649679541893
43589357,1791.0391997243594
14100726,1407.0053264016237
36520084,1254.6350276572512
98999098,1071.9591170718818
14148442,1581.3783817498093
90033275,1866.6360444457898
19819492,948.1899493228566
94929441,1599.473945074511
64769677,1461.213413670299
80605119,1627.7337613048653
61896581,1980.5867226508487
25053770,1558.5600391308733
74893395,1905.5506122681295
53560531,1406.5133953220695
89710260,1357.385886568412
93875018,1434.4552464074432
64766158,2680.736149614298
54305179,2112.69618694828
30403292,1909.151107450456
60767564,1909.7887693255313
35303188,1371.4432505031916
21177257,1925.3492627091646
15350431,1940.9473652807644
19112314,1423.0757006757512
10078818,1772.3296210833937
23150338,1861.1354764078574
47635759,1830.586492927631
30605686,1300.374015748629
29709781,1732.9298163206843
13735642,1135.8161595090132
99020214,1446.7443868430414
28873624,1835.3558645421451
70890497,1454.3887018801897
99675492,1429.7871137533605
62216584,1895.7651197891191
84668724,1043.7008907594973
88738488,1708.3419218579124
35683009,1228.8135722609252
72816721,1554.030566463341
19163259,1752.3227618427204
51202613,1557.8602055691413
56056704,1008.4100799145046
49879334,1012.6818800035666
16786843,1508.7305329943606
47533115,1704.03922210839
22109413,1297.2249784436583
85518746,1211.4987234914206
93362991,1543.3268537522963
16124077,2165.5165811289976
76182432,1178.8320543691389
26790843,1493.1146743704655
89672220,1777.2135067092745
12756298,1812.437739783994
16926806,1383.5026591876692
14000956,1410.946175664319
36806959,1331.7138777091814
87017954,3286.3705696960496
43944283,1684.1708019512648
44101724,959.90277964304
67316534,1169.3144641261197
88490548,1405.6043773646402
88665651,1751.5442537260328
83830852,2576.443212781484
35512699,1310.751252292492
49228670,1688.4895954334538
47172196,932.2847815098037
86195285,2249.900153840679
61100752,1665.8714427440168
23609539,1531.3263738338203
95881788,1666.2207833929015
44925764,2076.6745305972195
83971268,2476.6455143022895
17370699,1324.5728376019092
76384877,1426.7528831715783
93972349,1642.391191999973
64752973,1293.777833663076
22747583,1416.9599038491071
38304968,2225.7563235551584
10235307,1596.8441404047708
25779125,2267.980999372425
12843653,1313.8530005212813
78094768,1541.3764790388952
10635284,2242.5883773316677
13687234,1431.569346417095
53936042,2081.902562644247
82732686,1168.4468502551742
96543781,1898.8636766135653
82228529,1060.8602002977502
12775154,1553.8313398016114
55255907,1534.0248826537222
32916130,1345.1931129152686
18504284,3413.1718806594586
65825890,1796.410532486721
33391713,1570.8793050683423
93331533,1695.3156705199533
89345152,1780.7813227699528
46576484,2695.1246336945646
33320733,1308.7930639512479
10724817,2817.2991483072306
41244276,2019.8871357056946
39841607,1534.0172919444815
59463885,1815.2477466669877
61317492,3841.479740182453
33725830,965.3560222287651
15316450,1706.614661091963
53318939,1943.3599946518757
82300735,2301.481573622924
44927585,1468.74647057859
80951510,1730.4379807911166
51421456,2025.0380618688216
67936055,1849.7682186723391
48065777,990.4274148232236
56103730,2358.159551086094
40566531,1986.608415280795
61129612,1783.9468178960426
72015593,1503.3401407932683
73826407,1151.6483710308771
88021730,1343.766225032399
85653819,1466.5191205202539
45194339,1455.0798886318587
91086895,1428.7129220423867
51919540,1691.6610746405777
23157322,1605.0079550534645
51628095,1934.7116926188082
96537190,1746.6088163850038
53402735,1402.8618680798677
36360155,1070.7872639463417
37694507,1836.1705796753342
83593533,1550.2646025296608
24284452,1696.7630486296941
21000889,1622.0989817872908
18518898,1207.3070492559693
11533995,1745.912857890436
91728492,2228.6280149560353
32889326,1023.5846095240249
16392740,1412.5129607779347
93954664,1351.277480850716
40527969,1662.1856977970099
13359501,1390.2015323083363
54613106,1003.924686378374
89494294,1867.8089238468451
43243456,1528.921523235114
49320975,1904.541483846698
66824387,2138.423906375032
13395531,1309.4945381065772
84702746,1191.1133388592884
46376987,1816.2350182536
16949551,1387.3256838193815
76113598,1501.6673417534341
88051686,1574.3754060668632
21575972,1626.1888668931444
25797068,1162.0947691880738
46519671,1409.0273551697771
62958708,1586.0136454846836
41163598,956.2685752381991
90108134,1405.3077547000792
40305514,1473.2240512473898
28323820,1645.169317705833
36148206,1193.5556205426524
41903222,1591.1865283687205
34111269,1737.4843412899143
22460898,1918.5874975944823
87095926,1975.3334539412988
99063606,1591.424177813177
41090287,2669.4118985163755
76553835,737.9489383700676
40520930,1903.7905729889412
72499276,1596.4473061997928
40722377,1940.1322088111237
23596828,1955.8396536061978
94118199,1302.8380938352075
54177823,2006.3428139277205
32744353,2496.8142557815145
83540534,916.2382463043764
60135160,1980.0519732286361
32215997,1128.188677676689
60591783,1388.7024774241147
75534413,1290.4102074087396
74381587,1750.8683327786011
83928867,1015.2902992253564
31779925,1548.2806483949153
71389415,2203.7106783526497
36657020,1420.8213082447548
52833217,1660.5896824407334
43206206,1282.5755003400975
21701449,2093.096913048043
38073031,1214.00475745251
34369333,3320.1948845242305
92620587,1698.6470321852248
11512547,1557.4864873151614
81501365,1344.3597440766607
91014044,2583.3589329657434
90225400,1959.3012226216292
77353219,3237.435982633583
55291546,1953.7498411214133
22923482,1364.0635785041547
14288303,1283.1339773758596
55909136,1463.675898518116
41957261,1155.616103357372
17675131,1376.6111327117533
13490253,1962.7366366514723
79023756,1602.1463861619466
98393510,1101.861500926191
36169986,1429.8140114837256
98879925,1400.959972540558
64713126,1346.6903539742189
54807445,1664.8377618794527
76751871,1883.6802180546872
98441518,2463.4797679209846
54149693,1963.287614575343
42794612,1353.2009411858928
76036112,2832.642681817475
14657728,1718.7454348251947
73292737,2463.7488057845458
37897222,1424.2003161168223
24707301,1704.1393636073444
54570938,1903.4762566370664
47969890,1081.9716134094085
86391847,1899.8838357053407
43251995,1302.0410176831763
61789630,3164.5130253772904
12601759,1399.4015115695
86045386,1244.563195003119
67870680,1629.0572995939024
92603070,1107.5853045395158
45118743,1423.529912114293
40352166,1589.5652238571188
96817260,2263.2182781151187
70031890,822.7778025970152
18280163,1485.7005040919476
84418154,1478.6939003445843
50657043,1129.7358863676538
24196657,1777.8415229504649
30339428,1528.574474188982
97021401,1622.725370041429
35926246,1612.1248028084053
78296017,1889.219564734806
91378970,1037.0331203235833
80348783,1531.017716644032
90424864,2157.903056529008
65449342,1211.1466519674264
50552285,1199.2678219452232
96371635,2218.138010058032
72833770,1580.7308600217127
94834332,1032.6160640104686
34291304,2391.96398878368
61020465,1691.959030793506
58556746,1914.574139642214
39138083,1783.8903857442167
25334186,1928.4532600845562
34764813,1884.4291950674929
37404139,1511.7374524989198
44171473,1383.9671871048904
32137098,1256.9832991186847
72644851,1448.054901939708
57301182,1492.0996947878523
68777856,1564.0274983759691
46687209,1160.596582219361
69167315,1398.766585808407
82057134,1618.8565711313563
28611499,1570.6257594519554
73817431,2122.1826323504133
66885663,1866.7966154486476
81244724,1311.1552168311787
17815149,1697.8497931608952
76792976,1597.3268399006624
32232188,1372.6375378647574
32884692,1495.8939909070716
51904668,2013.7762086459609
54177086,1481.918568475494
79785130,1895.2354314155616
24791309,1186.570264023236
79748184,1162.507607885164
71076766,1739.54475647036
91713473,2162.288215991088
21889636,2521.27951742865
88684450,1612.9935601028615
13868166,1146.3617375515753
72609306,2749.980859826364
40230821,1053.7510302032454
65326864,1188.890170282026
47873334,1772.1767283269298
38502225,1242.101856439702
78086792,2171.234670990923
19000370,2631.0926652249404
18794356,2058.5080254201316
15695931,1246.6282987977363
69820899,1181.8157929004842
42730808,1946.5933734715513
55693372,2318.536843814371
39793167,2717.7106784294833
42174587,1008.931116115344
17562701,1315.3572740353354
75887228,1376.0999695084952
86381737,1041.9768262463765
50478816,2082.562398169554
59640073,1530.023988329734
76678970,1393.581310084041
23159711,1392.9115157730012
74146213,1366.3627879115706
73679527,1410.6128167031534
83678670,1260.7951953667791
82153168,1706.217161089339
81585077,2101.2881148954643
51172809,1615.8874236082745
93348209,1199.0558053067487
40526730,2721.1773724663017
35477741,1768.7277117410308
26904107,1743.4377061646537
98083773,1344.715717590978
62394914,1670.3072173083283
38403298,1568.1401207341025
19395977,1660.0257156940622
28561023,1297.480053905845
45885910,1512.8203281379238
95086890,1288.1345349086575
19776574,1220.2257101263292
60586201,2129.0987942077136
89147481,1779.6777404360464
47209892,1455.2028270202816
47476854,1609.015892972104
60953282,1867.592471032303
72001460,1641.8191572319124
22546493,1734.353757295978
48912589,1850.904809167257
37241017,2390.430848127282
40152795,2170.1081840901456
45771924,2507.3877948158997
70307319,2375.2470712562385
42825484,1521.625580411175
32535623,2495.6379611328953
54789245,2293.158965108845
72682970,1939.9193293864146
51218700,1825.2368075177135
16039328,1267.5628240805058
44678506,2718.654804046627
59530373,2590.9343373722095
81467001,1333.0675345378286
50258434,2167.881058076648
27681355,1482.4367716227496
69431073,1280.418606267497
93968709,1826.244805640898
56478207,2163.8106616534606
19466001,1915.1765506497113
45204787,2270.049400790605
44120969,1261.5968977104403
11347094,2378.2819264098953
33817003,1330.155052431118
84812841,3074.0012229439203
82947487,2006.5189352118807
22317982,1651.4373501349812
95086863,2277.1977803154673
73084974,1239.882273073242
96665202,2119.9920630981683
52954565,1330.4834664452526
22781049,1449.8488170806238
39742164,1632.7836858489538
20712973,1408.8951630124502
76124953,1757.0829898943157
53726970,1665.093150706881
30895251,1651.653640548929
87940348,1605.2686596897017
95321478,1522.4857980239008
41613207,1657.2417231712886
64780104,1510.1780531521954
72574405,1749.3738646558866
87909513,1082.1928745505609
80918662,1981.084866031021
50842195,1247.7532682261115
37167999,1742.4253409238245
56430683,1569.1093306570774
62519911,1190.041657296462
29251792,1495.5345717728555
85925973,1580.862823545989
34644536,1259.5432673052433
39276706,1342.2602809824868
81892516,1900.8562089976112
30222761,1367.3890857393367
10422044,1975.9179612165215
28074362,2439.5349062850373
64967123,2097.023278671227
38282963,1422.6527211496884
76769818,1548.0658005205862
81835353,1942.4780619090366
34737343,1531.6342935117775
51032996,1481.489240315092
32565254,1694.038821501023
51764743,1966.330092166572
92831396,1909.5238828850636
84077215,1480.9006559187414
77480283,1526.9556309640227
52724196,1083.461698726942
78039908,1444.1905521469444
46605850,2149.9862343882023
61041851,962.5038485541886
10551671,1362.9988859587543
84956232,1551.638693526751
93609795,1067.4918521342636
63261476,2202.8152735618614
78773692,1629.5997487941213
41527728,1140.6907569344871
86838609,1320.6560094719614
46835475,1543.9546479905666
23285553,1272.8843294551639
83082562,1536.3354548028317
33889237,1621.3490710808958
46836989,1989.9360779072435
42683388,1701.0990223339181
15212938,2612.5610943754427
63857629,1405.172735237561
71736760,1456.335191842561
41166882,1558.2356021152445
88287708,2078.083244005929
68218612,2005.3682496908402
34505104,1539.5670981256353
50756606,1665.7826116704716
40004505,1565.130978794678
89798576,1528.3366327886647
43860123,2497.905639625181
93655218,2215.82233324067
71051446,1143.2868739720627
93380848,1164.7796435743799
27980449,1511.4047060252935
57084880,1604.727657305929
46438239,1443.9878605932902
30942515,2567.452640516003
19590564,1574.0521371560328
83623165,1362.508838340013
76716085,1741.729292025423
60666996,1934.8765430495225
78361983,2002.9162515994822
72701952,1490.1715148804672
74922910,1348.3654097424792
63759907,1590.4565511595695
68856134,2092.8366150664606
79795778,3484.9630367044692
97178936,1472.0133641779598
56185778,1348.44346311753
48290079,1264.5434755542249
29392023,2536.5867738091183
54780943,1593.3161902801805
97751068,1525.8458630906168
69746506,1536.071289174881
55371174,1795.8010252345612
67781652,1465.3914930366238
78245291,1599.1849701135552
64158812,1900.0146042385459
60974365,849.3448679528518
12800790,2060.8848522079074
96154030,1694.3344366866506
98482327,1602.358958316846
17464700,2071.380673908963
56270967,1776.4113568768623
46584495,2056.9725575713983
72785702,1404.5514014322405
41281460,1557.6973813470163
80424496,2577.862314976223
18835766,1874.1115076366284
87502261,964.4039664418326
96135205,2000.1098932813907
26258289,2610.764826819057
75302604,1506.3945279780444
98645752,1808.8725770159556
58643859,1980.8555845304393
90141148,1998.049470694622
52181895,1332.2471026576031
16710404,1647.8209989787465
26056734,1584.5016273577594
39602380,2080.7379415013993
66983144,1764.0004674373442
52507579,1288.1130435870837
97432890,1501.027835594431
85547503,2442.9779486428192
63906202,1541.1426400347227
84599750,1753.016009181192
84325254,1248.7970199431902
39975048,1802.342430123851
81574706,3318.3082860041022
30468791,1425.901945478122
97533812,1390.3255931239655
18711694,2126.054559516922
51787778,1949.6347912090807
61409887,1848.6186658130578
22014620,1167.6319640959787
38836545,1400.887715424534
87391833,1170.0120385844843
69117778,1273.6024753023398
68122788,1893.4813263781693
51241051,1625.5621121993206
87186215,2215.5568779885334
84468326,1519.1686899426782
86410473,1716.6130106710875
56236242,1921.782210257921
59626902,1247.0484485887025
66112801,2519.8985575559523
84626603,1120.2067488677314
68630773,826.1472269466389
33563434,1140.1987358570595
52975992,2166.443305363966
26817104,1786.083668023982
19501484,1471.8441330621458
62595745,1635.8340280074156
41563117,1979.9103580119272
52796320,1837.5144235882756
21489695,1801.3594216037102
56658010,1530.8505717426508
91048109,1357.6856474351755
68814610,1577.7446728193243
47089966,1709.6067043432952
79261064,1912.480974504142
43267298,1678.2374068377485
35491922,3702.3774931577454
91103900,1668.080714773111
81885878,1071.8908746093166
10004659,1732.395693233236
49810234,1371.344697102039
65062190,1626.1251821338556
57566037,1747.5282268813323
55754004,1625.511386797158
99179360,1047.3456645792555
67491962,1630.6693156325518
55660033,1560.9776200670274
96584547,1606.1008032123677
36088377,2100.5917670722033
97242422,1065.8391843183051
12109366,908.4867227609643
57248099,1757.0011391225537
46843789,3360.868333244622
15574311,855.9757216919548
39119987,1576.741934000809
95964371,1505.3032214236139
93965777,1395.884584405165
32720737,2066.13957394853
38011636,2248.5701352111682
28738450,1581.3150648112937
82845868,950.1511989323167
92357814,1456.8534003953375
94273774,1158.4770337713023
86770972,2132.9744922007344
95965665,1526.020937474456
80658412,1239.0535133561918
11188732,1081.237767930304
78466957,1195.6512589397705
77853776,1584.2742646755637
81589793,1303.3841576296966
49765777,1749.274284556866
88579415,1324.6162191001551
65011154,1307.2952150997874
32352609,1527.0958687174473
25644810,1283.8540888082507
36867135,1749.1117313844493
88848522,1548.1561651272555
54293859,1685.0607454234885
33019527,1219.59072978721
46924492,1140.7811148002595
19488750,1406.980229154619
94594464,1320.9550374299977
73247876,1633.3367142543989
71373451,1185.7811857632762
27655514,1532.537816179304
94112335,1477.9699362486915
79135715,1287.652096778698
69231521,1432.3792394320824
11994136,1760.1860177511996
27288623,1628.5516744131423
88123955,677.2916889622454
10000265,1282.0704594938297
79772833,1516.4009428603829
93882232,2509.092124413218
32109681,1204.6024082392423
65404136,1843.109923933828
33831079,1042.1441939936176
71847266,1232.7638559517984
81003839,1129.5030571507396
19285579,1878.1901402227336
51911514,1989.9420999277536
55539434,1852.1020384751198
44536751,1159.3666783123854
70028057,2161.9982385471653
86860126,1860.2106337754906
64254454,1651.2883414364055
98284782,1893.0614104388374
34610652,1535.9237875470174
75568847,1559.8471238141901
65674652,1419.6798035945055
55019276,1476.0079966724272
55592552,1382.4506040725216
94267636,1420.1527563011098
69222634,1319.7510897892041
85591369,1099.5915740765604
43835656,1403.9233265877492
87803052,2302.3329666898408
26232040,1563.1066699673897
91061668,2090.2247656867476
30001734,945.6470296629903
64074995,2477.9610469049812
98892450,2134.946011284565
30473837,1334.4158448214957
95158643,2092.3258570815706
42377220,2138.2954812163607
64814717,2108.7299822811356
30148862,1741.6952297422317
62010302,1808.285373867219
99477712,1466.8608505068003
70875105,3239.5520414360967
20465640,1219.9091112575395
27850961,1083.536502731757
44835254,725.2824611134038
37634561,1494.7941619082278
46702648,1998.1929338536097
86839823,1426.410591189132
67985741,1195.5640290276317
27791703,1397.5146642349828
27289673,1381.0871119669414
47043760,1407.1524211810213
54808934,1980.7205917794436
98155995,1854.0021182127891
69341643,1863.066768314595
19401682,1497.50266647553
97496254,1071.8712438017078
26009392,1371.437018148207
76357312,2199.175520167007
60644292,1923.5552330080795
92095667,1581.4600539144947
16021125,1816.8759676638279
52662306,1320.856304983623
22527415,1343.869892899825
11178457,1854.153692309774
19452873,1076.2992164643829
89463603,1794.3188972738321
55778959,2580.6133305038734
45079947,1438.6685329908164
71913651,1540.2729101243228
26030335,1615.8853630620765
18887144,1336.8091491544553
67192573,1458.4478701122384
93955593,2354.393693427786
51025425,2390.9648488744033
59882564,1365.9475006598464
39586553,2149.787726902251
10235871,1969.7442844623827
44636319,1098.953176950796
37290007,2397.0146308310677
14108687,1590.9134120181925
34932666,1175.6262326589986
80941617,1411.2052787477512
54682782,1554.441292975636
89652985,1664.8040205146983
13137515,2443.685203024206
69623259,1502.9384114723084
58672181,1880.073209740675
19145583,2271.0791714304
15756823,2055.9134113968726
48404289,1653.1325285719372
81082424,1373.9813985763174
73224913,2307.1842792459793
75845341,2807.1214117827726
98474913,1705.6022671579972
41962691,1267.8723444457653
48961741,1904.9551519413455
87593653,1121.973010208179
84917993,1030.4179789836699
24081947,1451.9065901485699
54462462,2258.74805501125
51963469,2083.3114749091487
94467679,1328.2199120759688
31642363,1291.264451397826
66097711,1408.0496934301266
12884742,1440.6373179987504
94999391,1431.2053241786118
44605879,1609.9117092922002
35787017,1414.954945726018
45450960,1434.7613534348166
95291199,1148.1421150233975
96016558,2159.6404687818344
84566828,1638.1561914852107
47412693,1105.2707663253486
49029700,2210.8099407960326
60010012,1363.5002611997616
75883768,1418.0583927806429
26202342,1244.9045044268155
42317663,1514.455712816851
81534336,1200.1678427278894
89007837,2182.352371553066
55830410,1453.5167467628123
42889086,1178.8172017723916
81610198,1474.461820658118
17452253,1256.5603568931435
71203731,2436.244091086438
80449971,1395.3453343863314
69429731,2137.0452952860833
54605956,1839.9487654826394
34299688,1472.0207654548449
87819668,1886.0058538638916
35995429,1234.6356969457174
79395935,756.539434123077
77309412,1590.370463204611
43863935,2097.048393553779
25184246,1550.1505707042745
36615071,1217.8549563358938
38474717,2712.456458803
93825316,1075.1883518818752
33683398,1403.9639790999995
69346242,1984.0171000648245
59095929,1959.5803479925278
87118088,1171.1723847440683
45924958,1693.1932974111405
78591323,1665.5230529663957
37759814,1760.886646629683
79378632,1787.306448676511
74799649,2293.835339868226
53222755,1622.324835829548
36749663,2353.056654628714
48476133,2035.245432521536
49028666,1928.2394768722186
74177764,2002.630577620919
14771208,1198.8772442494915
53613430,1387.5965717759202
58749152,1271.4284111416944
32751897,1700.258303457009
26470651,1498.6246924901598
35002941,2187.9806971736
18541890,1338.596085721973
57596711,1547.7704934090698
24072464,1231.733504742185
31435093,1952.164318578149
30602585,1618.3146398659214
75360000,2213.86151817895
46273615,1915.419148600978
95181699,1474.3909700482545
91310621,1457.3167911271114
82017783,1500.2570592105947
70908643,1651.0682149919128
15861638,1884.5578167480896
50835625,1919.283718655135
28964861,1035.3985434071778
29864397,1248.310924586013
12057084,1554.3355055189297
28334945,1826.0186641938787
60084019,1409.8453966167574
63996133,1156.3210407226852
24215888,1187.7697217183463
73974645,1369.101266846483
75072747,1331.153623873451
45633768,1694.6818721929662
35646913,1690.801195750164
53661067,1583.4478550800739
78907585,2007.436001825169
76922109,1872.3932530373024
62248680,1852.388837976003
73320273,1682.2076574570954
22179940,1852.169145711592
26991418,2160.1435179704567
21855522,1814.4703907086684
55265808,1818.4833140844364
58224140,2125.134502541354
19913819,1245.5617466738486
90275479,1463.5372983512696
97988475,1802.3807587987617
83636674,1548.3265223248884
19875524,3056.3432060447153
90421480,1449.823828548827
81793670,1689.2007385794695
85521270,2079.0046339638516
97359529,1296.9970011889902
91814930,1544.695236097967
39016297,1667.0969780528544
94156929,1734.3210754004551
45023538,1652.9098702224965
58269517,1262.654155774691
35694304,1355.902687423388
64951262,1354.7219949603666
95920942,1653.432696082726
41847450,1454.586506921365
15255858,1455.3334477053388
95924527,1447.9478238594718
12518283,1948.4994969524696
99811369,1325.575478988215
59569343,1083.0937793297408
47206769,1078.0822499868455
51079651,2462.966182720213
23194465,1849.6494611028486
83356805,1818.320521728615
26586384,1189.3413637902165
55548495,1305.007587887418
86324071,1553.7005923894912
75101749,1802.1409793684331
16463144,1069.610726234411
19396787,1384.4247880278508
33279246,1514.8878712304468
49233593,1855.1839652764681
48210075,1005.3918507950638
55054820,1407.3157388422328
96257897,2713.2673312985667
51430742,1731.9944870145487
83437485,1696.487052066884
50578351,1898.4542698556602
97275251,1791.459285656048
16222585,1502.4692861499698
39525336,1965.2979379069252
78481250,1987.6439031266352
90967247,1322.8695384519563
84855982,1544.1208856087123
57782649,2162.735612893894
77997002,1452.1955604264576
36215630,1785.5508678245958
95580912,1542.1260291693166
59034107,1566.0519007457847
74775777,2326.7075993501758
39971311,1491.5395127692418
89020638,1955.8431750394798
51169286,1662.8000791268435
99644215,2473.222894552943
90744203,1612.9721105334113
96320211,2104.9570210901084
36465697,1606.9890817039955
86214609,1891.9840729976609
81033519,1305.4492107996407
61860616,853.078978033915
11758072,1411.1969642199133
72796099,1018.6747524527536
12154166,1142.4930957457284
48588483,1469.7353415130037
75800458,2313.2456721033527
27360889,2443.4968662062975
84455620,2778.7069944256045
94594944,1353.66893750893
73063439,852.1371784212428
81513909,1574.9653660904148
76078349,1868.5817719277954
18738053,1435.6796764654725
29574045,1726.7268920182098
80540560,1541.687448451847
25751173,1426.5522202262268
26008933,1450.453758318987
99638568,1481.9066465017538
16106243,1834.894885659839
46712863,1076.076367220885
62434322,1720.7699519040168
41483187,1390.3626621483666
56776930,2764.5649261864637
79612305,1620.4152943588606
64780825,1830.5238179027313
45536007,1277.961791958618
46661025,1797.0095098786976
77061678,1255.6237429075913
60393588,1524.0700864954692
63346660,1047.530563432981
27845955,1414.4362294105601
55504400,1562.3648310690303
29005367,991.2294834249584
22069246,1074.7496947345264
84008491,1219.0157895312911
17133631,1197.544428681037
84832150,1214.2039388144713
45723864,1739.7361279299464
43493787,1507.2572559718085
66097518,1322.643704029519
70168465,1774.2324004505049
94063743,1098.495259206341
14576418,1642.0879006987532
67277120,1972.0636728412007
94345958,1937.0092424709055
30685847,1351.918510513779
85948230,1589.9672101856042
89817663,1715.9651033930597
32957921,1926.9736566553465
46701128,1601.0259113961613
70035645,1119.080718775718
60395047,1845.055657931445
88839252,1621.7452459186295
84131490,1182.0205676120372
75586325,1503.3843800618067
80103534,1294.3129150453576
43032685,1339.794896235429
15972126,1560.9709678691124
41404247,2174.9292065795325
38893753,1175.8967957174025
73633779,1996.0028193617138
35904393,969.9163146800095
24714022,1958.4924924612626
19048345,1148.1876046093962
47004008,1464.3278652645454
94742593,1916.1177915709268
75269823,1730.3891915429392
25552669,1080.8707444594502
51828771,1385.270455710504
70179002,1168.0977876884026
38115411,1714.8903810172862
40317565,2251.604848255788
21110207,1497.7475672470812
84762082,1457.7772614622747
48690899,1860.3098765405528
76594160,1624.9555532232268
54192522,2302.069345745486
72813893,2313.92002746912
21004583,1410.0981982475316
64817154,2147.5987602789146
42706195,1454.7265132185642
48103074,1603.6457266809325
21878260,2097.764282643318
36272220,975.6176748280164
13817497,1549.563649415407
41737305,2073.967081038573
45517239,1774.2132982370495
89500514,2204.011489057854
35952974,1195.623120297954
79180368,1598.1197445570017
49972479,1961.7112341326656
16468436,978.8269428237015
66415757,1866.6519848609285
60737619,1642.4430627611914
61065232,1463.3029649907778
40172654,1291.4252887864357
89609665,1885.5576796366317
23952725,944.3083494182533
72896307,1825.8887823924927
43835334,3173.456290945993
15170417,1042.4429491843093
67479665,1277.987256567048
33361674,1469.955432087913
44130617,1279.060066773003
51579953,2216.7522383905166
75908580,2048.361463717877
55554604,1719.0329090295506
78855633,2239.631845871008
16657542,1663.6039978081428
54732615,1797.7857743308814
61746292,1932.5004606073003
57869356,874.0154493753008
29926611,1408.705512872809
75275045,2817.880562450905
47886535,1553.3876197431437
44918482,1362.815262724052
78968246,1772.3887065563472
54136456,1706.544635514755
90807736,2143.468228434033
60276696,1665.7878518855173
82048962,825.6747012470681
92669446,1829.7023986191693
48680297,2093.48713734706
20902349,2480.3322086263784
56991657,1938.6675825319926
47839152,1580.7474633117881
78844128,856.4804252322189
13384224,1440.230686339884
46213331,1858.6252463369024
34116626,1039.8159068013747
13884884,3070.027713371001
86060261,2188.123896462169
33698474,1450.2766589249354
65729973,1255.6700261457634
10671871,1503.5677859551167
35704807,1656.0618983214556
55231783,1687.9407993733469
62208192,1754.581939906761
67563103,1690.1575585205553
72548470,2204.115592697043
35725437,1741.1303766172064
91119982,1723.2461213183713
58303560,1931.9113320311221
48430844,2023.6970374358864
17825416,2389.3497212759826
97821966,1890.4251586245502
76538437,2582.175653535546
46855429,1324.5654155909265
70135617,2021.6065702584883
68330883,1102.2357519087489
82205109,1661.4479225541108
47743752,1811.662179542749
55059767,1191.4310800096355
88243398,2620.778943711829
44699350,3284.77635507442
35330178,1503.1981936060934
25203468,1389.9646498907655
40479165,845.8683336062967
10947997,1056.6851848041135
76351104,1560.8499660318098
11445786,1682.1891685158653
49470754,1399.6851543394953
25466549,1753.3402394659056
68081302,1207.9473441718112
66965573,1779.215121963659
91230160,1927.5548531164045
44322697,1372.2241762189224
17542284,2183.3143794550633
43035885,1571.0213828326969
73926094,1095.2454102757943
64948505,1591.6642213336795
78950808,1255.8063984531188
38422125,1250.6407674084064
70854487,1927.8788029761085
96303461,1933.1606041900957
46698218,1706.0518276298667
42918073,1595.7382983642597
60976113,1417.5926321262614
80414616,1456.5619791144975
11919826,1532.076998359848
78548658,836.4528252664253
21857739,1354.9012195082496
29877271,1833.7188517692148
12698388,1869.06349583439
11871707,2530.968392029792
80819542,1386.1782009509752
95941128,1404.9030292050902
15401105,3752.2309708217713
32754426,1562.6457290633703
69235267,998.2257315504268
71590075,1887.8387240597347
93562904,1636.3985752989327
48418506,1019.3321478016728
91190923,1492.880251117337
33120061,1177.6526370160248
79992717,1418.5583163285164
57263719,1939.8547361452831
97902872,1572.1820778326196
11659952,1359.333852779373
19463140,1736.0092252002082
32523829,1608.3551847403496
91862885,1658.943767779368
72799092,1992.8796966710072
53477503,1550.389757545582
66993460,1737.1860635203059
13665562,1330.4632279501998
80709687,1574.780609374469
40330962,1829.2698792345807
42684844,1542.5652730130246
27675885,1929.2441770386947
38250322,1413.2828913399665
63478776,1541.9194015311473
62285686,1748.0982855725122
97553472,2015.386070101732
64732641,1727.7305245814475
10341748,875.5173370136683
34930451,1601.1281265584105
53726168,1457.2876370593867
69426758,1191.2420149842571
90029637,1221.5335464924644
94611401,2218.3721914161365
31394855,1467.108135916688
36645175,1578.477957426164
56281801,1175.6235431855062
12148162,1757.7001309269665
18771087,2042.950375466931
15509457,1452.721969338835
58811830,1481.760138248186
73003066,1872.1677757854654
34190353,1505.5637033434098
70731913,1147.892874432443
55320872,1950.9295525814478
41886703,1977.4938119246883
16884593,1335.1315619100324
90415325,3085.957621898731
28408198,2400.847022813036
65914001,1630.4971937573482
75122895,2201.6307238210225
80177938,1519.7720145671092
37984269,1444.8402103768642
81491790,1894.8239035844178
37294085,1547.285564668543
23335477,1218.196193384859
74996570,1383.4291628443589
11602841,1518.85362239388
70152712,1748.953182803264
37504288,1381.7542835242593
76619689,1141.7498059723355
95075447,1641.0599082831334
62779399,1795.2105801984085
66278648,2480.504988368236
18002070,1627.065283671515
94135062,1221.5611765661858
74396322,1285.062736457678
97169764,1831.767657326045
84630384,2086.996768355092
46052909,1125.7817633090363
60213474,1803.9413810905621
33797784,1828.3054383737579
59759309,1662.5229421489546
47001738,1682.4223920047177
76899861,2638.2319590553466
54444766,1038.995929089808
26850612,1525.165398207761
22468145,1357.3318199164075
39243645,1336.7219180035113
35759583,774.9037860586602
92468992,1678.5603397016664
68717112,1278.3402288990137
47344834,1236.527875736169
52115284,3011.031240613563
21042322,795.4000126160837
79258805,1610.5062198529477
51304748,1792.5999446164396
23253686,1842.6237797993824
43275074,1484.2561827635054
81602713,1763.2441679146955
60924053,1491.5761097100994
50363853,1789.7361199162856
28412591,956.9449056132022
65145713,3027.5571725681057
47077663,1969.6402724406576
58136966,1311.7128097238917
67034290,1211.7686960233505
72057747,1712.247445112945
78034116,1293.1843174465287
99365155,1632.55427084202
56151729,1669.9612778124676
68997667,2120.6221099432237
46532370,1007.0649647964706
43276809,1774.6168270228325
70460118,2699.4738503647945
66150334,1536.0517799728614
92614050,1425.8155297407525
69313526,1451.9413153933865
70949373,1934.0034735710774
98595102,1520.4964437946128
57731071,1127.8121233727857
58855043,1415.9889457017061
45456441,1866.7397347744081
39733268,1272.8832225876113
71064725,1492.1896691923828
29668017,1737.7480543635152
94555207,2034.6578844294695
60811404,1715.2889650413151
53154973,1456.9858138710395
79534885,1575.4921169297475
82049293,1832.8097902045854
19578533,1069.2617188161396
66374977,2096.8349622936944
16850211,2067.000007651676
98217866,1414.5983351259822
33773989,1455.2010225120498
14998381,2525.667148726144
92421507,1264.8572983453732
66591282,1099.5312863057216
27243576,1789.3155603634395
58962954,2192.9805560953005
62891715,1032.8286030371717
40256776,1395.2143236634151
92014626,1699.6510713930488
68868046,2149.943705008235
47811896,2029.579562015457
86438296,2026.7985703199897
10421272,1566.562733865014
56519274,2057.406990056571
84854339,1874.4771822264363
95049673,1767.993543707768
65578696,2693.063272187461
85747970,1236.1745301151243
69874974,1036.3121430741776
34594425,3057.3803922778993
14874183,1916.0867430576998
91643227,1407.5352277355519
94998930,2629.781688732422
25184219,1868.1216660057084
78637662,1346.934776322878
40102355,1906.6105632552258
33004293,1657.1445704498212
85498300,1774.2433755455527
37721019,1630.3959308670617
78482421,1431.863157735351
81912650,1414.6539243309583
86410146,1596.866222040477
69095320,1111.2002067878775
56569332,1434.6973973544227
97340317,2895.0585318651765
37533494,1238.746660255985
55430447,1078.2045140441924
45610406,1271.4317577951938
64085140,1807.1912827126116
81416250,1500.358350632337
70034683,1774.7127397818717
40315264,1966.9843089538974
73160601,1500.1582666798765
54677638,1861.848456623259
90571590,2042.8296624193854
84772888,1744.6618815066192
90285847,1806.81538503494
80203339,1673.8592717865824
73536003,1156.9284446487106
56021479,1110.5619964089328
10526589,2278.0372526460724
23648848,1699.6372639008068
27805990,1676.5553941404244
46740683,1847.8914623547641
66243364,1416.396403358405
88626421,877.7145521153609
81009655,1830.0218475900565
47576712,3389.385567597877
73803450,1157.3164186504805
47427075,979.9238840149054
72540520,1706.9134724839519
55407503,1962.1686988080971
49275948,2722.991108325897
74312584,1736.9224796425021
84174297,2572.796199405273
96261162,2342.894647847027
22879870,1777.7664614242597
13933179,1866.6272708141205
20116066,1344.8557756592481
38689361,1219.8994892737396
63156536,1747.4390185837049
95340838,1765.5144222099052
75352375,1021.7454058646473
48265534,1721.1281903981242
74912030,1128.2918617359433
70071430,1728.4286633770155
87025516,1662.8576784059264
52784904,1375.8536390766749
96281041,1894.534825284718
60302206,1806.81143957696
88862209,2223.6510504537973
66359731,2062.836096692821
56582999,2298.432118243632
78391067,1532.0886404156263
84566381,1715.3801995617257
15548328,1353.6476555741165
49432086,1999.9318864519205
49054075,1825.122020149639
71689174,2019.9711478495926
64196832,898.0688972255406
85965917,1750.441841763019
30935690,1369.6337890067107
55460540,954.0244767482183
89457485,852.1906864865639
10188743,1426.9876202577518
58823191,1126.1365316726674
20643935,2075.351339875246
40325735,1801.834063945887
91136520,1975.9362054254586
32259671,1925.567578735137
26400774,1151.5841709883296
28057887,1220.613925701742
82844555,1250.3669097613163
51111773,2173.672963623262
42987529,1794.386184488938
62978911,1367.8193781792918
11881525,1237.4190197818264
86857890,1560.9636285956794
79797628,1478.1160670355262
80357222,1682.342310627762
35431033,1817.2065746123917
99201502,2380.8987975411305
90452446,2334.776635276232
18670977,3117.9586065258195
66979442,2120.6922158388084
93738605,1474.280617392257
29213200,2134.5021213144505
31107212,1858.3472991065453
91594833,979.7178011470269
82943336,1302.0723638333907
68443662,2524.777916537949
93641230,2176.6998813407263
50244475,1424.5676463744048
87626955,2152.6776413735456
51387553,1394.659095521244
71504785,1313.5559037460523
58768482,1678.6288884200005
47301702,1881.399516525643
46285200,1730.2071815257852
27113638,1827.2933045624857
63361835,1218.865308649033
42709073,1130.4836958872959
87920715,1140.7109993714353
59996173,1891.9060418853048
97865712,1281.8382493010365
76462362,3165.0848095278893
38643308,1921.1849007545807
62694540,1895.658084616271
62141335,1365.7728107179098
34503041,1515.0192334922376
11311229,1077.8544173241453
51623206,1692.245503194988
28560163,1735.2648467496606
94388349,1936.565470694128
86256710,2326.758622199783
61215694,1685.9645602359406
80946911,1759.671577152533
35537651,2435.008447163697
66755381,2415.322469006651
73455092,1173.1555107345002
34041393,1631.4250212255777
30484078,1779.2095404490476
62329986,1658.4805627017192
62897188,1483.4413865362208
51881772,2150.9983913423325
94211751,1178.752351788805
61613645,1245.5318665181703
71479652,1916.2025490067285
85310501,1504.2515561348687
23110318,1760.4966869656705
82884759,2110.2387914577184
51095836,1633.8619524927453
52772048,1151.157672307316
17245854,1351.960586306985
96708865,2217.9053703020136
67276218,1647.4568141659609
89528454,1241.6860079252463
73044839,1499.217178761331
92820854,2052.883403030199
81415527,2248.1319568863755
54704500,1473.7694570177714
62696690,2140.9223689158175
43848311,1689.6343235704232
30447397,1186.4028486031102
96343937,1349.3153341438938
19151468,1486.6911187495002
75047192,1408.899015559833
29891460,1544.198234827783
47625277,1477.9551719256785
57930980,1451.770654266983
48354539,3168.046416614958
27628114,3515.0286184995434
32690361,709.2188331128383
93744019,1250.0180948947477
99861438,1521.6640596717648
30181088,958.0554706376993
31181640,1980.4847651763348
44766788,1399.282341272446
65594080,1238.1998305268264
22508377,2228.8876811139853
97181173,1722.3349351105053
17420303,1586.131403883332
67800143,803.2096467115067
33454469,1737.9286678920057
30418520,1774.4901173447715
89752463,1265.275940196959
55142148,1899.8909278118676
20848293,2324.1142930863452
12617495,1289.0641927153677
20378275,1701.8619303960097
37172337,1992.0020403669823
21839038,1226.9418926253506
66993155,1468.3028399218085
41249770,1164.4196205475744
80181790,1739.9882483525114
36248478,1375.707364247578
99097401,1463.2577280749958
16998435,1094.731569839951
28345246,2269.427331291581
97230601,2498.2246745226603
67442292,1670.612384451437
54477624,3090.017509854239
22866548,2604.4527100302867
86504569,1689.4522843571133
81257074,1469.4887341971607
53101206,1311.9990937715306
77626907,1814.7823967666461
15402267,1220.0276549313737
66190974,1510.2345080921034
85276459,1949.999522829573
61882567,2293.7524359722884
67503548,1478.5639626637349
80801220,1371.9459240151061
45827465,1722.9331939050237
13145303,1538.3521086802264
92842662,2281.3719578631026
73150077,1748.107306098751
10904048,1011.2607981366048
89655386,1641.0247581672822
91827598,1340.8630744314728
36736446,1342.6082737111765
73791907,1278.6488537364403
93237533,1229.955812109502
29020722,1770.5745877488912
31344857,1143.4062353540307
67961594,1186.0495645577219
82896045,1365.4290814412782
79782925,2098.457751324182
65627534,1718.9201882047612
51055429,1754.882399134199
24073352,1414.1605667063616
63468697,1598.474928047231
69815836,1302.7535529659426
94658489,965.5409366922086
89803063,2576.5917515581955
41826065,1608.0209495729052
95957321,2822.053125178695
72164672,830.5157744028795
88171071,1126.2902492202577
47273090,1504.3326406732906
19574799,1251.3525392763656
74042503,1411.314228794578
73199665,1953.2926843027685
32553552,1854.8872823015065
99007181,1444.1899678960556
86459252,1765.6341295509321
33160158,1362.3743570926638
89403244,1920.5221939831495
83607429,1923.4848753303595
54979491,1951.2745383356082
34711897,2298.904335427746
76049090,2350.515946714947
38209438,2475.134031596265
43607471,1335.1461248184632
37603490,3010.5225304310597
28133465,1576.0500239686571
66543688,2132.5494224261574
13310180,1376.354529283828
70639698,1313.9180408092873
31227382,1671.143947341399
27953042,2016.394199870762
62042217,1266.266035651373
91860613,1396.9695464690635
55497701,2873.2061050195425
20529003,1455.107947001936
95270433,1505.8213921279157
99713042,1521.96088392404
78850782,1522.6989920468493
57339822,1234.5238431562025
89910926,1732.053626548444
22738331,1657.9264162728396
29399410,1590.0041980047476
48960030,1619.1240109367052
23209349,1948.5834370588016
40869262,2632.9746072516537
13469481,1540.5542250175529
37901584,1336.3791728353392
15827667,2184.977708045689
36279211,1333.9644130879544
60254169,1433.7197599032056
15666676,2015.745577425418
83527323,1402.042037718534
38323312,1618.0441753056944
16145827,2441.577024128127
25816799,1891.7237892226597
31540608,1054.5937646379066
78332853,3902.2264788177536
50241601,942.4563830840518
59793938,1958.0202656582128
99765396,1560.0257678995044
22142241,1912.610215499423
28238312,1082.256155244115
56677251,1784.3393026132267
79286536,1931.478966540454
20049898,2464.2302225104877
79883465,2188.261500189736
64419086,1339.2847102993326
35428504,2261.036922488246
83636473,1661.7563407645566
91911110,1372.2151262144112
94747885,1439.156204542731
77052407,1732.3146810778899
89274668,1337.2203478752906
65429257,1478.76472230327
18949424,822.6277308404947
78354959,969.1395550494017
38613499,1903.9525850832401
99410878,1943.282603989186
17066881,1701.5341065268603
84559340,1861.7060334956443
45796615,1673.670496961597
18650747,2196.041252638396
87098836,1547.179522801493
18956602,1745.3285175457347
49896714,3103.8802914418275
51066559,1207.6123446716024
72393934,1475.8981347279728
63389143,1167.7965273905124
35204339,1526.151853013285
51345357,1313.8629136483362
46322354,1645.5569106523299
33951394,1722.2576041211717
41031096,1218.795978225561
42228451,2887.0249027958876
41161057,1017.6318659532811
98892524,1607.2762527068273
19811103,1520.3021379929
65448488,1541.7207662307549
32428376,2985.3633501768677
85323274,996.6483020301793
92258087,1584.125056415924
79217297,1585.7197194389958
11989719,1634.2731131580042
28471365,1420.7438166387012
34542074,1574.8710978217994
29164293,1562.943077549665
84304086,2161.3271493587094
31817572,741.6453971682528
77771839,1350.0886152463067
14239440,1366.1779851531655
46882099,2111.5283074128165
38983396,1422.634031504765
31683463,1655.5844236579362
78092716,2059.549881547126
42013895,1606.0463369773734
65197071,833.2927960344678
64495960,1383.9870795947927
68745703,1411.1528971764765
51390927,2077.2840964984252
94850983,1564.3731648094742
24328415,1271.855003267047
85572847,2157.5848810540256
42303463,1456.991085966407
48215084,1151.8447320055964
35427122,1673.2352687623147
62307341,1928.655554700236
63212299,2019.8768743261144
97856687,1652.5633976499491
35540248,1955.6561441080305
41303810,3412.9296518522124
72749855,1668.7738638194849
21620577,1310.9979629142492
33846878,2757.0951128488773
72596574,1830.1690043389563
85230815,1195.264655430011
72103187,1247.3709015499862
39368813,1651.260052908928
77055150,2062.520837064596
61280124,1740.077881291277
88442406,1575.198156102959
34283144,812.0928218648668
20283328,1136.7079749881038
15081148,1463.064399010346
30803223,2216.0917865131305
95977285,3238.2689228333907
73578397,1184.8884958786257
23548274,1436.1632269768813
70020229,1955.2490628788212
13657037,1787.2238684970807
62209540,1051.4534566114476
69122837,2014.3385840307428
56882140,1444.9026131890244
31090970,1003.2295774305134
18895583,1520.0016489541379
56220075,1767.4617077381638
81883128,1271.4864885517418
85178304,1249.9881923280807
44572294,789.3952275848993
69139777,2398.7033689376635
77682175,1568.0243348714428
98697835,1276.2415482122344
82862062,1559.6562396783204
63154444,2138.373747292101
36052607,1869.7897042425477
80221636,1022.2351639787227
14612606,1215.6993735826081
22793087,1795.0122349957392
27221763,1891.9672689040751
85356281,2642.1172153637835
72870330,1414.8471317487847
21631750,1312.6571826771221
65662420,1423.2624863264314
94704718,1641.1376515933719
68031612,1605.8870763401817
23780065,1155.3566513016117
76854946,1155.585347392189
65320814,1783.5605979428274
98544588,1511.0192666380458
66236365,1284.5687580101653
33614608,1826.1245296949076
41538321,1325.7656332676904
52604597,1411.1994943250675
51929168,1095.809561521042
34989178,1442.48883187457
17968995,2346.082483268347
17104507,1619.4751934290932
31799006,1181.6205909527257
80534303,1662.041050823556
39486975,1587.8552833561926
70473933,1423.5894507149865
39315812,1605.0091153212986
32664756,1910.0589118904845
40582877,1559.2056661046804
14853484,1535.7132651184245
72018275,2033.913783327702
85501233,1749.5658829333215
62857702,1221.790703572515
37589957,1351.5839191410719
75861106,1190.560439354
82048801,2005.624912728911
41226392,2381.1611469141676
43191623,1053.541985514281
98896014,2892.5868481303214
39009427,1107.4434622871515
67635937,2051.2716294884362
93989030,1619.86369793061
58213050,1251.5803927336426
39089500,1653.3201893339383
48099206,1598.5323801105071
65115683,1625.915661806179
19072238,1056.526987275101
50691779,1657.2331157102115
74240054,1622.7443734857209
57606331,1533.1157719557316
50124096,1694.184794914013
50596395,2014.1539665996675
96230340,1492.1243236090543
73626141,1816.2039026714742
12420303,1365.145210567787
64008469,2057.5221186207095
44066450,1990.601143455361
27734466,1015.5476224807294
30219489,1233.5997109828495
43296487,1455.4675709855533
22060633,1997.7669541527298
23197881,1530.1987742868018
65499520,2180.608513401307
42012431,1393.7355001707097
42076492,1629.8880457017235
92931745,1610.4473848833231
47924563,2134.593829595867
17036042,1633.8455228657563
79903869,1013.8843106686797
27876581,1316.3755647872445
10911722,2037.4446009205149
21207465,2545.136668411094
90406241,2350.1139833465995
92048586,1843.1888611380803
72112785,2156.9849815143
10881048,1637.5777609440945
71511312,1363.578624319547
42854203,2091.5927999177757
23271785,1778.1572239472216
92261360,1526.7448524329404
14679655,999.9133262018166
90532154,1442.0127128949837
32402071,1303.1439694742323
90864060,1479.2181449069337
27274358,1141.3698994983897
26334631,1682.9491424062815
39224642,1992.9023004805683
19272671,1839.79495422701
77841869,1242.111176941489
27204546,2056.715487202031
12405459,1330.1275392914056
23265034,1888.6357915870972
97633242,1479.2350848352396
15746059,1442.5726202618453
91462754,1944.4444382273653
71359730,2392.497316611971
61463575,1204.5378447824253
66429439,1306.6486715868223
63351764,1063.5465340070261
96265907,2673.9395782618285
87085441,1479.6376804112074
53920662,1615.0227992857128
67679919,1752.093452123766
96779897,2624.623509355525
27837717,1645.6476439631633
37035368,1791.4193365888632
26123523,1569.3304281987757
79652243,1582.0885934094708
91451403,2355.3791074173596
29758902,1026.9867782995345
47019965,1919.3075451844245
14375753,1594.7238672584806
85119076,2163.7872081917744
58032446,1630.453756491267
58129049,1694.577745186687
89574518,1350.11255321463
61206117,1980.100545193301
30554474,1112.037187924941
65452020,1865.0023938710194
97089415,1855.360578413151
75395475,1642.6138767506482
58881030,1665.9972460754811
49402947,2921.666726642609
68947111,1878.9930346800422
48259609,1685.0945026561465
46561397,1653.2521876640994
99687364,1993.5326378711907
91051315,2361.4838198486245
88446486,1932.4567783294026
57583992,1782.4418832843107
50054814,2196.8269091231764
42048168,1530.2676729806064
49480319,1537.4792263965642
72653841,1818.2046570286875
93923592,935.5347687665109
60863343,1593.902129341115
64544903,1194.48212813751
13683649,1499.9085337496574
35441685,1554.3425891631675
52702103,1186.452431371087
33316809,1363.548533989186
99319395,2158.1245943056256
42958811,2404.1760835223986
79034999,1484.8819022116513
76692806,1184.6116274179067
12247918,1673.1952694539357
82872484,1767.0130137645626
74712172,1770.0645392331578
40198101,2197.84279152839
21709825,1583.2541090302814
56134477,1552.0464076400349
64741940,2050.1384321348114
20094279,1653.4386695210278
86415472,1348.5711903602012
71923505,2280.339758588295
86463105,1684.0241220874666
27182144,2382.171068452756
78605487,1344.9851948007918
61339703,2456.360643383215
19457777,1635.0969624100146
14282521,1637.317163834402
53055745,1616.1984625677057
64045100,1194.774742423482
67336212,1656.5609725439126
30110453,1800.2975106125084
84766140,1282.2845353531106
37132913,703.643125819755
37337576,1643.6720722715268
81785280,1377.6916926458869
33749639,1414.8919966526962
65293655,1650.8002724639427
99472212,1082.1326386625096
78611736,1526.403092891761
34109955,2131.329686294467
85732620,1533.1889389922217
22271257,1887.880770806634
17111467,2850.309903845654
87529909,1407.3581035362488
80109140,2011.4550023228203
74139761,1803.7710046506838
46468468,1341.8090828002214
11871024,1814.1877136342018
38948416,1244.3861432796355
79710564,1625.245310488345
76775271,1550.617459932739
39022631,1262.8460360638985
90991831,1865.5277070766406
89162323,1788.1929798190017
23588134,1484.087208410696
97925196,2973.5004912369573
73394555,1107.4829995790524
81939394,1069.5477718104898
34503849,1853.8589164520338
97624284,3082.1529884121182
83688015,1698.500082859536
26753007,1157.9205437152411
87953339,1719.8691048498717
63187534,1391.6784689412802
67816850,1017.6674872604212
58193423,1334.0286455474447
63256520,1398.927785878624
14482256,1163.0476298149308
70047018,1258.889753557167
25694473,1371.744561424359
18876734,1321.3133592102358
24815106,1494.5749831164171
32093953,1251.8417603424127
21672606,1899.018456722596
51265019,1590.0492576081895
46633682,1395.7625168884415
99505720,1839.8589407298591
72684116,1851.5291699271488
73603518,2124.2548416028376
42812113,2068.175158975444
91497924,1981.7961769418325
94645725,1484.241091321291
83011406,1057.2526945733587
40459671,1260.2880980806096
28128683,1497.223460142178
89799485,1254.2534722740422
78077056,1306.048293782461
60018274,1905.9620886470968
63035070,2977.2593843552254
50452662,1910.8096933907302
90748238,2292.8749114325524
19626211,1347.2862585956495
76831160,1636.5020486378692
64430456,1252.1318319829697
21788725,1667.8332364352118
62692428,1150.3858183733785
44601450,914.5882500982343
84918858,2218.627287585397
60654538,1854.2893479819834
33549671,2538.969595704517
96482407,1442.0787329130524
38139452,1632.059186019465
25148521,1534.5115844346585
39090111,999.2395734951325
37364225,1851.5777681999311
79808740,1648.4814407897309
54570288,1937.3444547841045
81519320,1581.2326416713393
61290981,2097.4081372946694
82595740,1390.6484918592319
99018938,1622.810027708687
84429722,2229.2430750792328
70463415,652.6000004440433
13251670,1458.3870166215881
63915791,1853.8607907965766
37156544,1820.0810776866845
19087720,2157.4395150677396
15777066,1606.1096674300663
88419707,982.7956581491375
48515636,1536.6762581094476
88810042,2191.553300664077
55078871,1632.2859379555455
82278966,2300.5448408390257
33265741,1250.2076580040532
64678931,1958.0592185808043
26504939,1338.4834230602023
64056925,1690.3997894555264
46046461,1456.4171367422068
47352478,1413.4585820380378
91442238,1885.9452291946811
89293921,2675.8605837965497
12378808,1284.302445552379
10153799,1939.8456647225066
21954731,1028.3977738612073
76938502,1605.1337683875208
51632874,1624.982616449199
56510091,1931.3502792755748
54773302,1580.1822086480079
29181400,2442.180826497279
36937513,1419.1316263265203
75732466,2279.953567068702
53117846,2373.047546116881
38538746,1829.386447369714
27988038,1873.209957585453
48886162,1713.9520577222163
24085686,1220.6566412816576
57820012,1488.839411000525
46878225,1072.0177860204358
20632751,1574.1365596214428
47775231,2988.795085656818
46789610,1714.9554734699063
72806360,2431.41499608631
21856002,1129.803577339733
42319053,902.5653012702619
99630613,1151.1996419118957
61255494,1902.6371482931
76945971,1393.2387055794143
40393163,1888.299886715466
81941837,2080.710864998869
45930551,1309.0055220436932
24573538,1838.575749422758
52994547,1730.048120805946
28445231,1702.5284797500033
45643109,1931.2992223954286
75887247,1264.3012524560431
46367713,1469.3015596468638
12575157,1781.5556943444606
85076068,3237.7402528558932
84603623,1163.7221752883563
45514815,1408.4970717997126
52278951,1413.6409520938792
50360032,987.0810654460182
52896193,1630.946781009204
91847198,2922.029119078456
25179521,1524.8166048135042
92545328,1936.5583388498608
75231573,760.8235131502078
37926120,1775.4759371069226
51096687,1723.351464499188
62646217,1309.8697572903238
62619222,1796.9067959808085
39457866,1397.5286149540127
47130686,1556.445863394999
78763249,1267.776009876733
69618147,2020.9427055675665
64127746,944.1166441940519
56593004,1726.3686252960506
97403924,1354.0741805077366
73948550,1305.5905587623681
11236514,1766.530843077724
54389520,1260.7089571924523
76068841,1363.232256398106
59631248,2592.9254173657696
34575405,1440.2466019864937
91359645,1430.2305758583307
14542871,1092.642718432315
37836409,1295.7534788648363
99958710,1312.008600629845
50329848,1972.101153709317
55825298,2187.4369737519064
43158591,2331.7566944742853
95022900,1253.4693232018992
11903900,1581.833843414066
59905554,1223.4553275939072
33394781,1967.4467458391475
85262305,1841.8037149717593
18156267,1906.5380340811498
77719072,1375.3289828807913
72353806,2094.1158640405065
61973490,1890.8091356446464
80257850,2220.27408580642
27763246,2288.0877301581486
28152447,1093.8196747506406
40447839,2237.734999603114
88401173,1513.4188261343436
77151749,1917.3074873059145
76938434,1408.5719020945846
14595997,1169.8753388204254
22245783,2218.5542098303
45164346,1514.1775048485713
44320199,2120.223702614708
35470526,1557.8109970534242
83276172,1638.383357825344
65081928,2247.2723012747238
34774976,1230.6537727348755
10096416,1487.5674826029526
76574726,2653.865464422383
88509347,1916.2589763062524
11304650,1499.7128420830659
26418453,2274.925061318922
69643263,1526.1089471816574
30241547,1298.0155230511698
89725513,2555.737335886315
32289745,1888.3613281476185
33888699,1398.7281784142174
67508421,1375.2448026727186
86446610,1441.9242241763163
71641515,2544.2361752729544
46243423,1691.7446092991458
86921194,1693.9132167624339
15222892,1713.422906393537
29435694,1586.537804528808
35795322,1936.5081699768648
39026338,2184.21206077999
27051431,2080.8493804012996
91107111,2957.4390942064438
76674186,2204.392270829844
17932616,1406.4096987621685
86326117,1083.821762095732
64151997,1823.2304432527667
