customer_id,monthly_spend
20451981,1796.889138202483
23251656,2669.7648993470148
64082260,1460.7892480634805
82505923,2009.5622052250956
89981994,1447.882658541366
64973937,1296.910214033109
27610278,2091.5903773226505
35883083,1251.3222042632135
20490020,1661.0108604084883
54517670,1340.3865266940466
94359232,1696.9297868457884
17326886,2496.1959168736084
86594167,1713.6599724920643
94873255,1562.639267232917
62944765,2461.050439050861
95482882,1270.7686038618426
76963069,1422.0791620843347
25112257,1542.3904628446367
69916855,3028.2951065696398
71088357,1353.4609918610788
50168897,1225.8881419742756
67403679,1513.822452657328
55474643,1185.3230680405336
54852556,1468.5756798596349
63667529,1626.3675509677576
48025998,566.8112334846938
93351324,2137.0492451610235
18887996,1586.071424423259
49568688,1635.3308357275541
92911099,1615.2995996358522
11717924,1376.6900006196681
62085471,1706.3744598067892
78336143,2143.782968274726
13087851,1311.9159137260658
33506258,1148.8010775528242
61356554,2002.8356887405776
11967368,1247.9428270552376
98374877,1552.6210546888178
76845536,1990.3261926594762
59313599,1213.5127981206924
41041059,1638.3970502574261
22292838,1482.678504761066
99892065,1592.7361446659866
78345355,1121.3098207322969
85986903,2783.3244468808343
27715035,1698.3077581192101
66099730,1452.1802725646435
75346786,2163.012553385892
22860710,1762.7258384888942
65958654,1456.912737711144
82607442,2282.2280471608037
43471475,1600.0190650322688
36465070,1276.1798116071573
21931749,1475.6224615666886
66815930,2635.9790617682484
44485157,1070.8337302057803
78728059,1675.7247577991689
89264710,1416.6116071794681
81874643,1757.7745357830436
48603927,2343.7092945323448
20257622,1151.3856500488737
88360790,2201.8217147351165
79411556,1622.8396686333256
24819092,1393.8375353607953
74678656,2361.315611837158
22548045,878.2637957224471
95827783,2258.129997497541
60019526,2435.639479341495
82548254,1621.996061717089
90453319,1518.1403029925216
15312091,2131.659610163111
34786964,1262.7943937360656
46684232,1154.3029945991766
84597099,1746.3469937912153
98134524,1177.0614881375195
18531043,1628.5989766520156
14953383,1550.620168156516
80944054,2159.5282346966396
34873753,1444.7577510021113
95577033,1589.8662849199332
50215436,1000.6582783191573
95347203,1619.6983653774216
58614046,2114.2771495073985
40368791,2088.403361001372
23316775,1859.1799164148383
23331513,2376.6060846991063
40038060,1400.9307661533362
22096579,1299.679059473673
24978810,1652.7613875652007
65890694,3118.030858926273
47906818,2117.85910237342
38478694,1253.8930947862916
54797755,1220.7892356491334
44533278,1399.8963576312499
58182080,2168.307703123154
67491014,1725.2818112084015
45798475,1790.8015510070636
41586132,1596.91140163007
22956540,2650.4201888397574
25367334,1951.965648038807
70503250,1221.5476302374886
58307796,1103.6390395665817
59859757,1227.4356679647644
47787665,1335.5302515362405
69610612,2147.6397901775945
66658967,1551.0739477357367
37962749,1310.6261180672675
87675902,2041.4755643781534
61682179,1448.1253291076482
78073125,1152.1198440675703
73229345,1736.022263660957
43171437,1880.25336854351
69766997,1754.8122168933508
14939250,1377.2385873324815
12328281,1445.340926499666
76560997,3530.817627838928
57569914,1774.1295842164623
20883894,1703.6235324725103
22766188,1555.4657162342423
62905121,1391.6432750912672
36295477,1093.5899208426351
55610529,1294.9446777368853
40366302,1161.073465121177
18624954,2108.043223456465
72668820,2753.6993380175527
23817472,1613.6844887744853
99830054,1720.299261329859
63410560,1162.9544591901129
11811963,1497.9111802320517
68778133,1862.7866639245262
61211015,1037.7763192777775
85223112,1688.3211677804368
17785980,1756.2854213771002
51523712,1417.6196930599413
88242319,1531.5345972014845
66674532,2125.898915047626
76442132,1819.7271797386345
84193848,1322.6836101204954
80878809,1255.640893467969
92088473,1144.5703252266662
18574912,953.0685128909901
82956926,2425.425184679552
57265640,1640.4296389098454
27961225,1074.9380289084063
65404075,1411.0533638419074
98698597,1030.311796766611
63221757,2653.0659164082526
45396691,2216.4317517100176
95724535,1156.0489944370984
98157590,2116.801782518205
60909030,1534.2056737171667
20932142,1611.2903504441483
85604729,1265.1938159521808
25410553,1211.142448400263
76477501,1789.5317830089875
29459273,1922.5247069556376
71879657,1048.7988841822796
67115179,2073.8834311288706
82348794,2181.87862038685
32880748,1374.0136134532356
36203607,1526.1988268063797
20891850,1308.2997486460306
94570583,1266.0600198001835
47560755,1417.638573297773
39752876,3144.0759225766014
68980243,1701.1724680725288
71143374,1316.256716823604
89917748,1960.6280691349473
30461949,1442.67767456293
67458886,1074.5384569402972
44166816,1175.8349427351832
48218923,1840.07287989567
83104523,1321.716923660142
23739634,1807.6134196998623
45544123,1735.8796836941292
72316980,1813.0730676493627
24805396,1260.006944067728
85045576,1846.9893152118461
21314164,1775.0892752269356
52842656,1136.8686717188962
12382139,1790.77564657728
88152347,1435.7762955651942
49270171,1906.5307960728642
20221404,1317.8049868187652
25851974,1497.3605120781178
95701680,2269.6831148820875
83739665,929.6504391106556
61996348,1594.1685777021507
12797236,1832.2120627797249
25554853,1302.1165341248063
72618187,2278.0775120118037
77583489,1589.099983464838
79450582,665.5647809577616
84595636,1642.018143541241
89981949,1378.0549698116774
69424476,1499.9681509200984
55064308,2195.3543895501098
82956266,1705.9551494403195
60185159,2213.0899433525265
80612747,1763.2104744839949
41303090,1428.4346845993337
13517787,1907.1943748979347
34078093,1537.9101473188393
69030112,1654.918173969388
61791328,1726.1384677458368
51789245,1234.1265106743772
88068699,2587.728665755548
33399367,1371.625643266922
79597553,954.2724424915264
70695101,1546.2611249427941
98169962,994.3347649407906
89251190,1725.045988164001
53044281,1944.1377553883538
73528670,2738.7584435417075
14751149,1733.2560638432751
61490053,1590.2165632799774
51385275,1513.6470212480663
41764194,2549.5498112134446
96598282,2182.308186455481
96823449,1304.1987227532832
30931247,2092.5175080701897
60872668,1354.9948066948873
97835669,3118.172445071491
36785828,3108.720015831019
25812131,1536.304224813345
38410800,1926.4248433715125
33023072,2081.5358622667122
48250594,1740.9177764868264
94891015,1268.4346713912655
65307671,1234.4675499421844
99621779,1935.5074347181035
83959755,1286.4683299698067
64535310,1395.9653625669273
30594968,1654.3852147420498
10263960,1395.3465082900152
60876075,1831.5244688382031
12217583,1875.9670119307775
29989580,1160.0306452541445
31184452,2027.1318285152822
16182148,1562.9887732338047
74700470,1764.0008128233355
53084609,1160.0453029374744
36052930,1396.8026419969333
86583512,1042.1176603335384
10930793,1854.034988368026
74179918,1028.8668492532884
89853445,1228.6077009410828
75258370,1245.496905717017
93197004,1710.409657014847
16551408,2170.517174229571
36115326,1920.1220648165986
47243451,1599.1672571296626
90773939,2595.911643849431
30735291,2217.922562563653
66891211,1092.1435003077252
77142249,1196.2462274842776
24530798,893.2105535189559
78204046,1418.918084639823
60230110,2136.718872911076
13017302,1969.4787705136273
21044447,1488.306929762758
28976655,1648.6986689327914
52214813,1682.505127649517
61575366,2007.8831851180933
23125986,1106.2699198636853
11614855,1291.8831226630848
68090330,1726.7290075471637
31241329,1962.4690584398752
21561157,1360.8308225063338
61917300,1651.257674420649
82147824,2743.8792521818477
91513421,1313.6927211013262
30753790,1595.3434266482132
33700064,1298.1554941442103
86773406,1309.0840582613082
41719197,1510.2059270900113
67399596,1240.3053454125125
37696535,1202.7505608401605
15791208,1358.546848386124
24348676,1156.6413179906165
24480974,1794.5659628576666
49440078,1505.589649579852
48242779,962.4406979230273
13405947,2494.6417527871504
34531671,2103.2199827397612
63652222,1388.6642759081417
97745210,1561.6754965756331
48557187,1351.5366426905152
79801016,1324.4816164762588
93409518,2104.2662705565767
48891463,1046.736380709092
41134793,2284.8491691596146
76776302,1745.6739809546148
89505130,1380.236743331031
46129267,1442.3290333160778
57862630,1125.0189468058193
32227094,1180.2349372626218
72887559,1692.1724810072442
97826236,1229.1882928879184
40250768,1714.0680922606248
56765848,1167.5228786633545
11244823,2474.976251763137
40189321,1612.6021283380096
68120430,856.7523019737216
64917610,2202.296036391067
79290200,1187.8733937347067
13110537,1607.4529937848347
56816135,1185.5544864113392
27525357,2749.8773061421084
71914367,1797.0287969330998
23989491,1175.169961119245
86436168,2008.1176775312847
63499286,1664.3064622854818
18619374,1768.8969802150923
52222614,1423.0885786939907
75467866,1480.0197030414724
28926111,2304.0072247659614
98661834,2906.4238568084675
73087852,1426.8691923308077
48887326,2048.3965240317757
87383314,1767.546610859098
88682579,1823.9122376005587
12617324,2590.6498206285496
49224165,1392.8638061523197
69951588,1790.5196527265844
11713703,2012.471659071627
59435002,1754.6313199868994
61153563,1532.36858910288
57206499,2645.856677384989
89140242,1597.209436561988
95100771,2338.9685545550597
32638417,1106.891672673844
61625712,1241.8004756593232
61250133,1830.4138105474822
17952873,1454.093313157733
14513813,1366.85044352841
57500282,1319.5530123292324
51340284,1429.705268681044
35897956,1471.2498457378456
21856280,1717.2971176004842
36786275,1390.0125141983085
99178725,1400.548301761022
48955886,1843.8427672838304
51811678,1446.2451075230742
81930210,1755.5139450053734
49161318,1679.1884864930087
24723720,2075.3168545923336
14950936,2360.1197963919844
54638593,934.124928515553
98115682,1640.7185731466816
10533857,2321.057003857778
87478097,1510.9448181156956
60429975,2098.2750966323692
38969729,1614.6968145256167
64656132,1522.4230469986614
86963086,1488.6100523106802
17268859,1429.2365381712862
72142121,1764.0075276900186
91574809,1580.3646687319479
54272037,1826.2002716979318
16058661,2081.3382087384425
74133244,1131.8073677105672
14281752,1550.2230953541298
46666867,1064.4611324755638
75686584,1654.8398882525823
25546684,1366.6353801305822
80619174,1617.964674836862
61749604,1477.7536176697413
38248391,1106.4602355662453
16877088,1165.766606240984
99140321,2150.8323514813246
15975231,2766.610046416792
40531945,1546.3775124924935
71708672,954.8623635459568
85030779,1754.106930237147
61117487,1257.9680465835181
42638536,1868.4635241668366
82326061,1247.3468825238301
17028661,1241.5255153281191
26048783,2139.806998602795
34262255,2274.774066925574
14326462,2003.7860051379475
93816989,1460.1297242901944
23690395,1632.007323861138
94999262,1625.273226559207
81971277,1419.5026570657285
90562416,1519.231854637112
95799765,2304.2443629734635
89244724,1895.7466160788576
83879641,2934.3364179783553
96424387,1681.927456270575
51051501,1315.8409280206797
29249441,1646.714513979397
62893412,1327.4528107177466
61417835,2230.0011782254232
62755928,1509.4656454360884
66501572,2372.335449088631
76084740,2610.604551694658
27624326,1911.8890400331243
86757966,1611.9226601054984
92455037,1131.8297197820393
67852942,1960.9246455593338
30696098,981.4907772908264
44792329,1200.3409544831475
10390388,1480.7876006710671
17826936,1877.2538774521383
71880941,1549.91099866705
98184673,2288.639151691078
60002125,1337.4706361500967
34664804,1232.005285774399
37594595,1087.2232155671927
42980815,1852.4131017665975
25819880,1574.0454006545172
16484408,1960.3260400819545
91766904,1405.6418767307114
82866803,1557.998512382589
82424284,1552.6572502561157
72903422,1594.3064073718538
11480750,1793.2415312313897
96983867,1727.662192896525
41426492,1324.9707029697295
24002286,2171.591414647127
18056145,2119.872809899606
72362977,1160.3280854060263
15977163,1809.861762534972
51036186,1406.067233780745
34918337,1948.279132006632
20599813,2016.1254956619005
19900890,1666.8900665928027
27971378,2237.7683466859007
50965403,1659.925788250902
49026734,1142.963168165122
14192253,2474.959162908951
76817070,2290.651795810726
41164681,1421.3858636658474
94312885,1672.8809181292233
38527851,1171.6771738524221
88279496,1898.1597524604517
15498361,1515.4902563007188
17691622,2648.973217893021
43719564,1287.495974586775
27861137,1255.1404283022166
20308452,1416.6492510421224
97996598,2139.186842529325
93656677,1104.7867218955234
20464937,2201.2719628084815
25195757,1526.5663604098727
95231592,1946.3616994113618
96604510,1220.0019612805684
12888073,1342.0245283640966
99408984,1974.516809597019
65238591,1471.0906976238534
24114707,1398.4460560579325
70796256,1222.8234203106554
64703869,3408.301844657226
35203752,1519.5725248224571
47453323,1011.5102287785148
12385313,1330.3197323889592
54441418,1326.7794245792365
83549825,1151.2366499374152
20370209,2427.157588505396
68357218,850.3423041754604
62743829,1638.6424077887418
20331898,2157.046297037906
43934228,1628.6217566502846
47620709,2459.2588138643414
75355275,1481.1674268856843
63446649,1699.9709187612298
89051919,880.8415186772636
92954904,1661.7014212079785
64731800,1521.5635837172886
27945685,1873.4721388844732
98412215,1270.183868574103
19535502,2088.5660661489937
66516822,1676.1315587980398
45373292,1196.403255483301
34711249,1410.6509653137114
48370651,1795.510075598353
71354510,1495.164718225447
56728847,1075.8185987954575
40004525,2252.9357139962285
94648945,1584.4669159669738
62756732,1418.0347840483605
80428237,1619.9367081687653
64878556,1732.70012579593
30597278,1549.0124962659297
40357660,1735.2711789871605
98010210,1531.4627514659458
43275959,1901.6734766956426
67938712,1485.6194663425015
50506973,2201.333093164645
27421159,1346.0357945670232
51123211,2501.6817114860514
51887530,1205.2992012852726
68372581,2026.9852250007389
31184062,1588.401774267994
55543655,1885.2886691166534
71805162,1879.536112421524
98612541,1531.7285913694857
67235486,1359.5208552456015
35490134,1681.485226836191
74647441,1384.9059500779326
73962817,1495.0072240410905
95192638,1268.0366726891232
96803902,1519.073797299633
97635826,1192.4387601120213
34428942,1771.7167932500593
86699979,1761.8379086950972
79766437,1991.2960549140153
55732878,1665.6437186566322
20035702,2910.8452416555933
54997853,1888.908913095713
91776457,1500.0107474845158
13967606,1519.1371385035459
88365927,3082.3924415047713
92907413,1174.1969980821964
89771364,1679.6917740059557
75648081,1396.5912223954756
97365061,1218.620698141702
29587137,2213.346772161222
22019813,1423.785926403007
29469529,1761.3998297521332
66670735,2107.7177902760236
84380411,1890.458407510851
17040729,1867.499807975371
25307807,1818.8684301122134
33962361,1285.8519465186773
67969299,2220.665015576489
38562471,2368.5175388269695
33114742,1820.861127249167
54307298,1155.3727838610275
20058700,3488.5948101161057
33779532,1989.8328075083186
88110162,1214.871697100076
36112292,1388.9816348528418
38475061,1717.3184178400854
92644264,1723.5312882616945
92355731,2093.8952434069943
75478249,1764.8677848075624
23875741,1049.7686586371656
88793850,2238.7224158842687
14142195,2602.8609880338117
67422773,1961.6639510453963
36705498,2116.6086556410164
62072834,1747.2382190756643
33337577,2125.865678932084
14298054,1882.3632697411863
96998725,1193.5552657271046
70579244,1707.6377352688935
26844678,1942.5514941366878
97441250,1422.3231932398066
49239286,1738.9531680004734
19469855,1123.0663039543088
82552850,1043.2194972795314
60170958,2654.568189216283
28237826,1951.4828919557176
84208342,1782.6996575110975
28295140,1891.1752407087024
38477827,1525.2766173979905
54941872,1355.8240054755274
15450767,1616.1137017731583
93656934,2005.7264911900031
54273142,1382.770907300191
63648675,1235.4645151837674
31875954,2060.205237663061
60881802,1893.4669198982954
17233443,1572.8586708134214
28953932,1469.120487565122
64958348,1547.460742209063
27038940,1403.0741638962513
25667330,1372.3206194874888
89200812,1461.5780576180423
63109620,1252.4828621856664
34692595,2094.520266051535
45554823,1364.1790743336915
50487516,2293.663252516905
37970303,1831.2505490542771
20944145,1604.0432621203822
54232510,2424.5922711968615
58289637,1460.5751100163652
70295882,1031.2570683793822
11855847,1425.4692751936632
26640485,1487.2145029872117
92806514,1710.3452444765458
43703605,2121.86628389917
75507937,1569.4264261536848
21361381,1483.8054506796784
73615273,2249.4048102621246
92437179,1620.96415597522
57813173,1414.1470648044187
99373127,1136.2622778941682
95805212,2443.5377230997624
61946147,1574.1524807073918
24903202,1369.1823681181638
88268253,1380.6590420099255
45270713,1350.5979880190662
67013519,1884.2254743597168
64480094,1269.0542031059135
18481385,2204.224732530244
69314375,1387.1379114367353
58464172,1946.2587481298358
57844179,1573.07954133578
65371057,1438.926555259959
22749627,1398.7731042651558
64747851,2302.72853872199
35545690,1935.0616219867409
91575937,1534.4963506197792
11663787,1530.4553541455257
59570536,3014.5687944974707
53724418,1623.4409924332651
78572661,1400.9694321777429
38544041,1811.9187211156755
27091356,1970.465558670593
20013110,1141.1181294340543
11862841,983.8149236127654
54926458,1547.8699107917191
72702715,2589.7634237289817
65477001,1344.8294329461564
99407693,1393.816661249572
15192014,1785.4188845810181
87232785,1769.9464014684713
76412402,1509.7543622533226
49393943,2154.4426177224077
53853124,1238.0143796805564
17486636,2491.0338576790764
64895733,2610.386645074644
64938150,1272.4651820266067
62321885,2104.047589640402
14616504,1512.5386423055247
53996148,1998.5884403372481
17209399,1862.4046960560356
25102335,2040.8389582087054
54515012,2389.0162089757337
80596244,1403.8609261108609
54217244,1337.2789028952182
29133774,1426.3155792725893
60727794,1723.6043558076929
55160698,2373.1770815727755
18231141,1859.6479666376015
91091163,2164.5086219386844
52747750,1697.4483740729377
97932301,1825.980988628653
77391969,1510.6832196169983
64274314,2232.791976639651
82861922,1369.198102730417
95155142,1433.2840190569252
57522876,1145.4649091900683
46054634,1434.5643153145966
32006732,1640.154243540623
62808198,1169.4292405044466
60875435,1646.2001629907936
15688688,2067.8056552587987
13559129,2061.5203479289376
25489744,2817.404882297141
55669591,1205.9560995982902
10763911,1370.0315021946224
15579269,1054.108535177159
18433265,1768.486934695784
72131946,1063.4372129385201
50106249,3199.993305518725
21363716,1173.9883922511233
80090384,1929.6716906715542
37971475,1267.9278430869115
31314120,1610.8355323062951
73683678,1992.4153520840314
29703095,1642.0100670840602
87144591,2084.931377886048
44689207,1334.5557885171118
42450190,3182.6389184158124
92653218,1697.2278533959536
67727493,1769.3057876660846
55742747,1841.618887313602
96941026,1182.2415098481542
89824134,1377.357405165526
19822449,1307.8899978001425
18676315,1272.8488626499475
17316044,1145.2282615344977
81559769,1148.7957578808082
98912158,1179.841659174667
67772871,1820.229037728486
65921862,1756.0276622803876
12636566,1242.1166092222666
88608909,2091.977387410618
43902318,953.0294541680034
59512038,2076.6907054020116
77976362,1478.4305750672863
57092914,1783.5023206994488
47412567,1564.9966657377959
17145991,2773.0723783562307
56270450,2765.7174919716726
47467383,1589.0873283550586
10449714,1729.0455191336819
43156511,1794.641896220606
71377851,1792.1603206659438
54093810,1715.9754853463155
78096026,1433.4461398384096
57320154,1077.44888457133
45383520,1132.7704947560155
38351707,1607.9685020562056
70796190,2705.6309722010565
29977177,1676.612437560002
97584339,1510.9303786051964
47886559,1182.6074087928923
45622137,1572.3268762296893
21500277,1243.6272210299671
47647928,2298.768517003221
54496344,1423.649878365568
44268785,1840.1619503052873
75946241,1399.1821778073731
30459191,1301.3264742265183
15840319,2110.4690987589524
72588739,1706.4164613589974
73017157,920.3478992925643
25420365,1660.5354514655123
55377863,1682.2302051125407
51370964,1535.876913860583
48905468,1556.81372109621
83191846,1674.7746042990598
59334183,1597.8422713881446
94009638,2201.2612364548613
41721760,2366.2327652006584
35401283,2217.903402466277
69685525,1370.396347226681
84271975,1536.8162368164667
95753616,1233.1551743576733
32526219,1032.0689448919175
64532934,1131.5440725444062
76031822,1629.828270281414
52468855,2217.3370646848516
21028902,2395.9268432472636
34108713,1531.4830233368234
84943048,1180.922118350826
84439701,1828.1640564745426
16539498,4435.555417842301
24537949,1474.9918498961101
19537971,2308.629835041526
72069403,1325.483875404316
84333546,2216.2466851590702
11868598,1876.7482258272541
72165230,2120.5526678825263
86606477,2975.7215674312256
85432562,1825.6716505676334
53853013,1904.9135120369285
87319378,1566.856275884329
32466967,1275.358724121852
80519195,959.4455198488703
12289146,1367.845495608649
17893529,1545.10288093096
76217556,1409.5290564685984
27323024,1645.3412285435165
86557861,1594.9142350322993
37601873,1805.3802310835272
43146250,1264.7680361603057
51498335,1667.5514071678645
46939189,2070.6439279343945
36620181,2759.296824167392
59890806,1609.9562905192442
19160668,1348.7508012200578
94555827,1485.043675755925
73451577,1608.7419465170337
83828090,1359.8060184596984
92021594,1042.8250029764513
15822386,1516.0440152664264
57405310,1232.4761335469484
22671359,1065.8738563040674
68101436,1250.9510278173864
66910009,1514.1492764598706
55778706,1885.9584820158777
75120697,1569.1778428749287
12885545,1534.5457771550164
28604372,2016.0293107724872
97297156,1282.1560311576338
18964928,1499.7578339526149
61244754,1596.5280949392404
45178470,1489.3563804956834
65250669,1366.4626534697445
75566313,1618.6495305444191
25053248,1716.4672174831774
71082761,2946.3931297714325
25210276,1545.911996241643
39718089,1966.7420134466163
51364178,1737.992392588755
31211994,1568.3101448576676
71509945,2171.2250968241606
98330029,1303.1762501829267
22456435,1391.2652217667994
56912862,2206.4948071388044
41548833,856.0346630303651
34760776,1598.917359505891
54015943,2375.6427857024164
75943554,2329.6510222243814
61847706,1350.5763702323275
79766441,1415.5238777158586
29099073,818.9710145125987
92971983,2271.4229202018955
77042656,1330.3117320401948
41355522,1273.4137071621997
37905258,1467.9364837955163
62845536,1157.4756495549182
70252689,2341.4043311880796
69012389,1039.0375921544405
55230723,1328.7670449027146
36148733,1482.1933618795601
11166306,1632.9428069038527
86661349,2331.477144907769
39933083,1422.5205340917237
91301497,1486.352275786414
84697954,1359.6030507887094
16890490,1274.5492356741147
46638869,1154.4179856097112
44149767,1672.3434887319677
18897403,1655.777639986598
77411533,1191.1089184160035
62885631,1967.563982707193
34219564,1746.9218531147812
69042251,1309.1191445279464
24137005,1206.164443501904
66305720,1001.4530728071404
17619455,2111.352532682168
63065642,1575.2190057602522
43970026,1875.1357805800185
78870428,1778.0883772360373
72114631,986.0281346144668
84664219,1711.3488667126628
25739422,1416.6482466841344
54038039,1950.07614844287
55081531,1532.6304952888554
45672847,1624.3042860673554
29734641,1482.6800561694245
63805244,1208.8726042795602
82782411,1808.7160401778128
64705797,1430.9523032615227
59326862,1471.2855535850458
48549098,3037.0519665681813
39570097,1268.1918758669126
98000370,1378.0209890085514
63674921,1936.7290415189948
16674336,1721.895726710657
77063987,1557.5274883375696
67143015,2412.523744405936
10570033,1559.08350894669
47185088,1318.036850431481
63757190,1451.7326560025567
43453041,1491.3725832050654
17890447,1937.4312990946187
34735493,1087.4515266722467
40580820,1389.862433059503
84776860,1807.5493947864575
34883247,2237.619089996979
75437035,1638.5511307406766
63198281,1437.855597575747
33289878,1836.4084951463446
42222441,1573.5394081680447
53518898,1352.1940046046493
77756377,1926.2317334028394
66266331,1556.4796540053217
75207542,2089.197219131277
65741993,1260.4500172729072
30452290,1115.0036141545465
30341625,1545.6660759213012
10196118,1313.5210854725158
39997400,1531.2344606319648
42764498,2714.015193213937
93568775,1212.1576707156082
60138513,1316.9415197376293
95863174,1673.6684015606438
92194956,1559.974536504369
34979379,1648.407855976704
71517927,2934.635605670563
80092401,1059.1213269227762
29853468,1099.501162840993
95595164,2445.1265622820265
47277321,2419.035657811364
95111852,1067.0295521162689
49309773,1588.729340503518
52060622,1347.5646169688034
18920892,1226.9510902265672
95549548,1738.123894651319
28343921,1673.8063150069192
24575136,1347.1352050026528
51405326,1450.5087754124004
88024456,1654.7282818284834
61475538,1875.7643341819798
86032798,1959.8431172977625
99829874,2038.691726383615
96251785,1283.0711973392295
11235918,2107.8312582180865
41084979,1672.4343845168592
31949326,1429.3320477472098
88425482,1196.4369463722624
41724063,1367.971166222603
24244868,1811.678961997175
96443454,1606.0092471554435
83159015,1649.9523838954653
24632345,1570.2773297846588
44153806,1487.542096324185
93580629,1116.4524158574345
53277959,1442.9889412624066
99759183,2544.6887990958335
55252816,2701.424118793464
41285175,1556.608741034249
73261084,3039.0065477685457
99347555,2083.0562570401025
70567494,1184.0398030039264
76764787,1245.6878723411492
14328685,1836.0084472753974
66866287,1317.1205621590905
49679159,2018.9363150866802
58671247,1712.5706353484893
20236719,1321.7342098755298
34585357,1391.209329738592
45051453,1256.4898752229205
51786574,1632.3700421471312
79731887,1317.598812666648
54354970,1561.9968401972433
77833826,1427.2874986755953
80242735,1287.259405204288
79336488,3438.747762283164
51121070,4419.667411504965
15930057,2017.9780435834657
84864986,1722.8764963699464
97820091,2021.6531952106466
76206876,1479.7269300576127
34508398,1261.2033739997346
15581330,1753.8488057461086
24272114,4588.263897954702
45684128,1352.4512271817769
53910689,1611.613073865857
89611963,1894.5597417624213
19439294,1529.7983785193435
44476677,1345.6430314619333
72816714,1636.8251585925252
74817899,1895.9467594358607
24462605,1500.6841838571022
62629343,1170.3451882238394
60387272,1406.62200670855
60976677,1919.1413454896665
25938630,1965.6015859793083
89171283,1618.0179107138638
23407854,1322.1737778673537
84390020,1274.2660220104262
10131944,1726.8003784300129
61185673,1354.0726782008137
76507951,2200.9469514166576
92456997,1429.0040644218327
27091498,1508.9430884750866
22015405,1540.420556418857
64048811,1298.7568672580228
59963315,1794.2401205203341
99392827,1939.7101718058325
52435285,1262.467510679744
68018936,1293.5111609584774
92985874,869.3286577012333
19827012,1259.6401954849398
32076309,1274.5903037430703
74459345,2201.667397407804
59329650,1726.2855005490137
70105673,1495.554548180303
47359337,1469.375165571521
27991858,1449.3799104975074
36755663,1622.7648749592186
94560591,1931.1736733758025
47944050,1464.6288115337857
49561372,1878.1939872887733
96160989,1261.075518245034
67474261,1617.5053021999315
71965824,1874.3527460155199
13777105,1900.2689322134452
64739771,1444.5936821856515
57691432,1551.5785406626674
21801740,2095.9799368573135
74352185,2081.679707220849
91521650,2140.010538943642
64797772,1753.6798221037584
48820263,670.327953665764
14791909,2179.827086041757
82868024,2395.7254495429725
97971853,1554.4101866035494
75654232,3147.5749580089264
30725718,3409.1859752142627
83442812,1788.090826029149
62376431,1895.786002355488
45295601,982.9594359767352
44038407,1507.3241943736075
74138589,1635.780266309217
78812422,850.862748512661
57253455,2185.1640192379737
10109432,1399.9857926726852
70492234,2128.732175215879
16499768,1389.1979153355865
29721809,1668.214382052632
99970795,2012.3765165105413
38494075,1785.6036304404106
13300921,1115.569950605166
18255583,2612.2109659360185
76957329,1605.0392712520784
83103502,2241.432740725048
24570014,1388.1045948441601
19318542,1887.4044081309949
70614169,1446.3691484973797
68374888,1304.5016631941824
10546051,1462.1422749903634
82817153,1216.877001418246
26190736,1442.1818664016305
26227414,1304.5319325130754
55825692,2154.6627218522017
65550483,1997.4954025365487
14872097,2211.1858349547992
32405281,2273.537885306585
37055817,1371.4568387283766
42617798,1597.8897873467063
30684771,1502.203078967097
21842298,1823.3150197506816
44215525,1571.6954611859605
54734331,1467.211395848506
77244965,1414.4870680147878
31618537,1811.4035957292954
10912371,2061.181601882572
25284273,1360.6897228106536
63793006,1532.6213551443525
40346903,1172.2559997397489
14281423,1320.689453229716
10329833,1503.3525539320572
58147868,1593.5402842523476
62215262,1306.3611657824922
11535494,1519.5346958618074
55289261,1796.110011431423
93054393,3199.8735503675434
15613905,1367.3504149381654
52346993,2689.7894180456087
31426410,1973.00784585939
11924915,1371.5045034922657
83461539,1933.6270942389024
68351051,2232.7496486838672
23144760,1470.8693469106365
97049626,1689.6906640960124
94895031,1239.0437182317835
14702382,1531.9247926556109
22232789,1423.3731877196637
14653500,1066.3818267346471
45931554,1170.9339752683968
39099976,1498.3515805297973
65803003,1458.7348542544269
56391701,2268.39121603894
92222330,2300.643173426343
93455198,1404.52331416051
52410336,1158.2684835277391
82423675,1407.317586607052
25925356,2711.718699853838
88622240,1105.5739782048483
37830382,2932.8342867888687
97198420,2004.4799129271858
21477504,1395.590719245119
84142976,1803.3596151578172
96401209,1510.3864302734837
18047299,1846.0542148781526
25908320,1661.6389980614622
69709013,1470.341721509938
63707451,1448.1250121456956
68674616,1769.2874472898793
41246291,1622.3271194697645
93099265,1650.0846091993303
44969882,1476.452556821512
94840571,1811.7788206181913
24428966,1691.2982681544822
73406276,1842.869545982228
74093567,988.3460134762565
55445678,1437.2681971511172
56770356,1736.4898787182678
20116401,2118.4695017731315
23989432,1201.8796193863614
77573883,1753.691982229742
30955534,2038.0712066574483
46007298,1283.419695620848
60038151,1410.4374088300629
16169663,1615.4519732179615
40454664,1967.1097764463805
62049127,2109.540453151979
19821119,1455.4825888278326
56611586,1565.3467662730513
55267084,1233.0814760398723
55813034,1891.8210034510005
23867957,944.2848532105561
90096160,1352.7995099667228
32751852,1547.7343299865433
21394047,1175.7998095690864
80032862,1350.5683817053232
22418983,1454.0208058457124
52802197,1151.1216623932596
48673505,1305.6202172860885
14195685,1187.8731321917614
22205138,1578.9121330005719
96628154,1523.1031451646882
44734813,1375.2498021400418
55802873,1719.0130859366022
41368275,1635.3463547837023
67686446,1143.043430846912
97989934,2295.528685905496
65686117,1119.4184691909422
45591525,1814.194948566389
14884094,1472.849411934729
60291749,1390.7851014725811
46418453,1551.0769959742247
30133967,1878.3828988099474
30307611,1548.3567971257607
76539721,1675.2125222309194
93325285,1165.3834645828993
69825909,2085.8131771805083
10220197,860.2558918850275
34178403,2430.7895936319665
67327944,1488.6256000851736
58361366,980.1712377244019
35080838,1291.4894815310024
24415695,1494.3060365237975
30354080,1654.4398972639412
24117628,1807.3455421751821
62628994,1257.7025812716056
51012198,1371.5891316493935
68125143,1609.3231415233777
94485707,1657.0249769168686
40172711,1593.1798704218525
17647583,1871.3524808113393
94790367,2020.7671359968995
18254706,1463.992860507416
65733568,1545.124522092327
58357649,1387.9114866035197
42289495,1689.900289364755
15020288,1804.8718716554686
31419590,1403.9655602369203
37233713,1313.8492507147512
26330225,1493.5247796149142
73976501,1654.793967185685
90642644,1116.411194187382
63791881,2478.618632493938
40102213,1568.467828797296
60203926,1459.829602039242
36257216,1297.1799717749377
24119768,1892.9782685287241
30403208,1685.7428075495855
39737862,3470.552552898359
41150683,2213.5835586653457
99351268,2120.969760907863
62692262,1947.8562386822196
72711178,1456.3086389333891
10083097,1580.3113718214054
65370298,1623.7154582796584
84388395,1270.6865564375153
52114454,3056.891429011287
74646950,1585.5893769493155
72720701,1425.5944915352602
45732529,1542.5882596547353
10509116,1892.8877570584632
36154567,2116.0718258278894
46124383,1859.932417027684
27866730,1986.005837638422
62320931,2038.0240250585732
78979954,1482.2959155636418
52531638,2354.0462184820935
70662494,2224.3549356786757
88174413,2244.208931888549
21513664,1170.4977719789579
26546743,1885.5475168990586
89094189,1933.770748335592
34006202,1186.6993890200713
44458405,1415.884685062057
46102741,1938.7222649995324
80947937,2231.0701041770826
73456376,1247.2062906739352
27640503,1284.0688770285892
66469621,1760.1391024827396
35504694,1592.2653641232723
24815317,1096.1877642023824
58171289,1690.4880375806515
18612790,1994.6272500159112
63428669,1777.2468039838855
57949817,2384.7226729782165
72876573,1461.2367388062464
96193736,3109.3907951114124
57932688,1780.237447737164
61617398,1790.5924926681791
57513357,2066.98280322454
46336493,1404.117166993142
56173102,1520.5730759062951
22210971,1443.1859032129373
27397907,1282.7327890994727
94750459,2419.68715921946
23197778,1482.7411177500976
62692781,2388.7212524255356
94164438,1704.345543241595
19395402,1534.8566084001955
94219712,1713.0565528820662
33491568,1284.403275966781
67632603,1419.55999424073
19852962,1975.7390901767674
73405784,1775.979655973492
88192699,1461.0011706213752
29867417,875.268074143593
84909546,1565.1925635651291
52598919,3170.972233168458
86077350,1141.0957631664573
43929538,1817.95847047052
89992133,1527.5964363620792
33643157,1210.352871552871
40190924,1520.60953169624
97098808,1882.0894431059096
87635513,1577.647098062976
16478169,2067.106891061864
79498204,1984.6310608965869
62568791,2446.47472730719
36457296,1525.5693880587005
29599077,1563.7275859129386
22644116,1897.366969134109
69419691,1366.0659543406598
21970018,1689.3005735165707
31666748,1404.1418085206656
84691804,1808.9165192231985
19277545,1643.4380702366448
78443496,1213.4651754216418
92759112,1425.215286954041
49629913,1627.2241359308564
14874574,1197.08307458808
61108399,1446.5277297024359
53618559,1548.1996333987636
46977752,1505.0278769306647
87695599,2138.546219392987
68430793,2212.558838307854
11606038,1572.102183962646
52469720,1082.5166250023972
91726930,1550.9483635771562
14558288,1523.7572621326797
98640275,1422.468147293711
82918511,1272.4933560167856
32992592,1007.6175981434886
36930879,1640.3194394602885
73360172,1426.4869369388014
22281491,2518.3178549899394
33813436,1572.5699021742005
49300946,1854.9499508178526
56371129,1746.3801539385995
83899433,1732.380362030416
25827679,1810.5678823465146
16631062,1527.2743467676873
86793673,1923.4797051485484
99689707,3073.4141927542887
69776211,1394.9334369587596
55892015,1222.460522676876
19716865,1825.9387681474814
46860460,2297.033557559211
66143638,1467.7642961410163
46241046,1987.4252953164455
47497471,1746.1663514034508
38256243,2188.0057269171134
90078699,2087.066747740665
66607961,1728.7369474573238
15632043,2199.6428834283024
81498334,1712.764816537815
82443801,1424.2667780908753
88411591,1333.0195348480515
18221799,1455.0575867901437
30242976,1580.459797383877
66494245,1901.5970502818832
49287510,1167.9012593196303
83370642,1098.3272031237143
92348451,1180.5031974274382
55790147,1728.610119288995
49423398,1795.6310851401859
39715763,1497.5076487300835
46440335,2049.5115491716006
78128236,1307.0357176308564
63409672,2203.8917442899765
98873842,1223.5572067643625
34782044,1778.395500533504
70391546,2063.0592322621796
76956234,1535.164745830217
41544516,1339.4967061259729
42550648,1166.8581140557126
98465226,962.0179211793766
30886863,1427.332935129
84535276,3251.913626818398
54301788,1340.0425222802628
78637034,2710.2250613356846
61387156,2315.6365161972117
71715096,1022.3967409546259
47859897,1282.9173933324932
59800013,1986.4733981026613
95293248,1536.1078810870547
11553772,1931.7033459254026
91107127,1354.108037626277
66825939,939.7533315426517
33598864,2236.347667168624
18818037,1705.3369863015118
86800656,1869.2131724647318
45209421,1359.9415594281863
99712718,1301.5638495756896
80320840,2085.467895834937
24591401,1290.545054080271
90294177,1632.515399710364
14404076,1265.352922005989
60829113,1748.3409677839438
22529505,1770.3088257341078
59566170,1691.5843326332683
40149323,1436.1791929487108
40382936,1453.2478059141113
99300537,2245.8745317888793
44631793,1140.3723019482518
49450050,1588.353090596523
62395628,1533.1528727102368
30879014,1225.728722925901
85524688,1519.0130080423937
87381496,2136.898477697476
66258576,2521.5710724836317
71415255,1756.9717826651438
45179604,1776.2820998459836
82676573,1872.0217448168514
14654038,2135.3248783098916
57261303,1851.7248723973717
69037727,1791.369575272561
78583522,1040.4823806080435
49703078,1222.5163928997242
78525136,1291.4010180325722
86407509,1774.3366223208889
33024193,1502.8496262645617
38535158,1658.9883675082065
84179400,2004.6426059205355
24680896,1240.4682911989257
42024082,1696.5328170855846
31137878,1203.6606199496691
92689780,1521.8858052871483
93487228,1488.6362727648489
27421195,2692.0879942786673
27611928,2264.1651879663777
25261420,1777.8368259410893
46864780,1837.1070724594656
51909487,2189.611891997447
37913958,1519.3304907717006
74334619,1663.3427024929624
24422548,1787.9330234440163
58508595,1382.4346300298794
25087154,1715.4920505513833
76806766,1410.2466861182656
27262464,1292.5642535567654
73422693,1435.4429345294823
58175270,2624.55700093254
76648743,1728.0035699270256
36026120,1302.8725446024232
87485989,1889.8333307793669
88798255,1372.4456349310644
85293030,3918.0746043191884
87029422,1320.3829136810912
72679949,2236.4637342631813
25871017,1127.3135111076103
61396744,1421.7526912905587
63197784,2125.66350202079
49632353,2360.6869369924284
65625596,1355.326212456806
86795596,1208.2145860721785
81433856,1094.4148934939199
87476873,1488.3617738596954
98147948,1174.1001328357656
99212421,2370.6957142758133
78236394,2051.730912063002
60511137,1852.6440675002227
37030090,2043.2514608590645
47227545,1691.7303448863408
38980163,1591.699354475983
33290320,1456.0064214614463
57735630,2577.046805371116
37888473,1035.5296710159741
54251453,1349.7230376841644
85556127,1713.7988256852127
26903779,1870.2878819540247
91692809,2377.0750696258765
32446203,1892.4021790316485
34350235,1908.9338326860675
28532174,1634.8436139272553
59869496,1322.9817113458967
37887202,1883.288489735498
54799254,1024.2111489073798
44298051,1481.8956448698593
89901990,1395.8374406689377
73292166,1776.2054444022083
21775362,2357.1248312502153
36884233,1616.234306439094
66353025,1954.3824665392294
19481125,1423.3569937581717
95336492,1224.956957932149
32400462,1634.3887849949579
28975228,1630.2917279368605
11320585,2092.361892942859
32162156,1289.3529029312258
88724326,3528.0920945095477
67650053,1769.4630475555157
21038175,1600.0219734445318
64836379,1518.7566392768865
60827779,1541.5777374046902
88997264,1963.8323432493157
44622902,1401.6060664743432
85670106,1535.250893245284
38945693,1436.4517654141264
69337730,1569.4745054379184
22890345,1873.9166414247625
93106331,2003.7646772994478
56257607,2266.990313176583
42845025,1699.2094682055408
10678470,1516.4372998462288
35975743,1804.3843369525277
44298756,1511.9387249334372
66670226,1545.8013497755442
37883517,2432.6579431101954
62831558,1217.3767020255539
25294874,1862.466993176599
34601413,2051.229731719695
61300626,1829.6177385969593
63694211,1465.384906764671
70308634,1862.2612015607647
92846964,1633.8449677254177
32093061,2106.643889844581
68496425,1254.282695372351
36724576,1662.0459921736415
18988842,1887.5499007669655
44304522,2035.4861859936686
91192236,1450.9339833300592
27105876,1484.6470757009965
89869414,1029.7558551942834
45877010,1784.8869455905851
24146001,1089.351382030636
23395701,1415.6721858598387
38974456,1513.7093501131922
57842607,1287.2253038323188
51687346,1564.847910841435
99288080,1503.5843638830715
58963406,2009.4663339289755
29443260,1988.8705507199504
62626422,1609.9982611750265
57515098,1798.9645261498056
61739694,1455.7861150462145
27459512,1991.5669228939682
84889146,1421.8807184242364
58681841,959.898317361016
63593417,2229.7916894200034
33073018,1452.8619194613275
18775917,1747.5416699420439
38962045,1870.854346397361
67933426,1436.0788097117222
54603681,1630.1426518212725
83399485,1408.1717841328252
64199110,1829.120489569105
82415208,1577.8862333361803
87961803,1848.4956140939748
44853010,1577.096835307921
59952980,1685.2016701328675
88562279,1135.0045938149242
55858413,1480.5975878485942
61198975,1570.5312323128032
37448315,1747.9158257578576
19525923,1327.6484530050311
35026025,1820.0213388442655
37029910,2266.159147578848
65651564,1007.5227411295023
76546746,808.329693793487
78805012,1532.9194583636781
73332787,1243.147442719563
45937289,1684.7366828789254
99048249,1255.4863598618167
29475704,1322.9532004660036
93694996,1342.2247301248547
18159173,1736.2263474563074
50435273,1227.6682028721011
56812269,1616.3998429382186
10385151,1651.0386473610206
74541267,1848.6852040429812
16719195,1349.1230848991438
48754743,1430.093292268983
18188655,2130.6653102531045
32063627,1820.5409452916986
95749552,1743.2472287511964
95191424,2301.8162907514075
79363744,1256.072455489137
47169927,1492.0812533203357
77108983,1358.9075013709735
44823862,1101.0179768160292
81122519,2808.1352474698188
18168723,1272.1853707632997
59737458,1501.2706965236648
12477444,1527.151669601843
89609832,2160.911032319195
50913652,1372.062682429277
42856249,1238.4053784363941
62711409,2320.104104630342
67374114,1551.1322503966328
26708384,1817.663977461902
57463109,2070.0378908829784
64273952,1267.3788922961935
56304545,1854.2983599431295
82795140,1840.8878490408927
14007213,1808.0307208348304
54415843,1617.6910534988979
54590957,1976.6749114445788
67350145,1476.9418844719776
74993313,1385.8070035248033
62432527,1895.3097105330824
33713363,1763.3347311557143
80390114,2847.9888045789894
12723951,1773.8915221962416
71416124,1312.5677431865129
72440899,1543.0301906457048
60115717,2776.7802031146684
26317947,1509.7769123073897
35504199,1342.9985967020757
30187539,1595.367614670921
55346293,2314.010165158701
90516502,1237.229083975477
72045347,1947.139759670888
79850408,2334.5470324967246
20443404,955.3867048705504
84501791,1502.8169106558096
73999320,1609.406716072521
98913461,1319.7784080694134
37225199,1164.5726510074228
16193655,1811.7097329269272
72620298,1510.6484575388672
64188152,1404.2578369638795
67784083,1969.594858036326
90552658,1644.6263565117952
80748000,1073.9897250518495
38083778,1859.6064771647839
65525497,2144.9594286881247
19381953,1338.45100339902
65723090,1790.0263629199308
76151738,1894.2502236514115
48225827,2900.811530588817
27357384,1574.127779654278
72090603,1653.8109047814664
13739096,1685.9306924648768
42442381,1655.9181951902438
57561155,2141.3114488094425
35942827,3085.4153177284934
89196128,1637.172423005226
90585757,1441.003505314253
28123361,2105.4859102337396
54892166,1213.4794337280468
34399967,1323.8076079757286
36429013,1633.053034332467
87308981,1266.9927335566022
99529719,1563.4661971153064
22093311,2125.4996629989746
81263538,1702.46995627954
71338939,1478.3874898932652
26758105,1477.2042577088541
97028969,1559.497441270365
64463656,1522.0943945083718
56099433,1843.8834130149774
85325718,3447.727121089628
44166454,1744.7304826803572
36489810,2239.428049779668
33207901,997.479799356285
27978007,1714.3908413283864
81479630,1281.7545462086177
51537650,2238.202078462483
45619520,1474.1867048186946
38111175,1692.667695490227
52128949,1272.810796298607
25404819,1806.227314872544
76230938,1876.019049164324
35633669,1779.3720226864264
17486296,1641.0877278965027
26823352,1043.549036514976
24234066,1770.0804964127633
69609466,2105.116434905667
44500625,1840.735407316183
25810885,2289.5672172784134
47095933,1398.8162955995176
29996746,1647.3500030496434
26824387,1027.9390897374078
22560248,1828.143453870743
67043419,1477.7554351012013
56128877,1632.850135280728
78532613,1406.9349581847239
63334626,1581.4096458394881
41942475,1379.3309223225629
71572581,1283.1715793251983
31224917,2537.9152155074107
52061385,1444.7090600521003
85648776,1199.3366582448812
89601046,1092.691179779833
16315474,1663.7516890447919
90885644,1487.700902295402
69988016,1707.2041916288513
55363982,2789.86199056233
15084841,1274.893089229256
85269120,2173.526013039634
31531393,1143.105193063347
65511292,1945.9527179470304
76207920,2742.8008569355698
25765261,1041.059789831856
99628783,2006.7291867137553
29123949,1526.3919129701994
84071477,2819.597064594136
55408575,937.5845550688095
18563235,1954.2811383196054
32862824,1335.2291310024953
87247913,1529.021884725436
70811397,1422.9208007285656
79135010,823.0767658155673
95532555,1803.1702534804087
91619153,1926.0915754308871
85185899,2314.144215884352
45503458,1985.6839037654534
40572975,1444.6298844512867
89004010,1643.02577931221
34562042,1022.5203894381185
63463440,2309.6250160876284
64460362,979.8101539305133
67250925,1411.7995301533085
14939721,2670.530891038329
35310686,1557.7238867262595
71187848,925.2676579262957
61524357,1104.1102941293534
36782194,1408.1906291487257
89842273,1171.9284632354534
20614858,1510.2428408162423
68048266,1231.8799706104219
62462117,1339.3921809001051
72115510,2607.2015975915024
14057421,1220.9415449676012
99878320,1622.0977340594573
68934495,1698.2690796521856
63897425,1468.6701718870763
30823846,1641.6002846929814
45856506,2090.269779032212
36318458,1821.604574844888
54709816,2087.3149665834817
58956301,3040.2811138926836
61193977,1951.4733721592634
94916864,2137.434817353348
95563649,1549.3722777943726
11808364,1373.9484621948186
53108582,2105.6023229955117
37502181,1127.4619504068924
37996385,1335.7262237563805
53563779,1337.400841922442
62612706,1032.1251724161891
33233317,1068.9609971540501
39285196,2650.224982696218
12469660,1533.9340002372953
10086272,1922.0253008661268
61556619,1065.1693870117085
44239580,1836.5852281036382
37303458,1816.220673492262
69742763,1498.35208034873
79252407,1504.7158299967477
55035288,2922.79037006819
22573833,1039.211128770674
73616028,1915.9045706134311
72379751,1460.5849325844574
63515051,1355.8545716610595
43605274,1259.3223610464734
94526159,1840.0250256171357
87017405,1914.0960152876319
27785122,1438.046362232261
88986010,1480.4857918688303
83705830,2771.6496121466953
19294754,1428.0008631504506
10016581,1881.3566155053013
98337631,1763.4223679888605
96284977,1588.2687186721805
85120493,2088.866881349872
76912038,1763.167897512973
38273802,1560.2275485482674
31373003,1425.5316370678051
16311364,1512.9414466614903
81773825,1347.978358807846
85451822,1799.4892871678878
83837897,2164.9627629108013
79840167,1381.006315375768
10053165,1607.9255256560966
66085962,1542.52468899641
74446354,2768.1338455642467
71248291,1285.8137865627273
13527988,2257.8308007440146
59655162,1439.2759738624218
81270080,1186.6839985063652
25459024,1852.672279877554
57124820,2298.5023145548626
38744724,1593.1770270605057
14672828,1769.1105621822308
86208199,1268.1569301085349
60804234,2135.497100611444
26637959,1409.7428699460456
84505191,1807.4317899401003
34949195,1762.820011320251
18236230,1722.8793817257128
83633670,1817.647424704911
38795738,1054.815250674977
57060441,2148.8210321703136
63193750,2805.62343557003
16584196,3172.461726088075
97470867,2117.801508091149
57117308,900.9918387984752
28539736,1499.2813144881354
42854708,2627.9350612370836
74612987,986.9307526077578
18574187,1173.4914062060393
82554201,1992.2204714683237
63502035,1665.3575526224085
91862663,2907.13458583622
92211122,1720.2428156409208
31056808,1552.8820886331116
16943964,1381.5713985744806
32863651,983.3588926635657
68176876,1522.2890149838997
49131404,1121.5552885958464
70277995,1361.9019107998681
35494136,3262.6525471141986
81234980,1750.977347477608
38613978,1843.2511910063256
58078556,1560.580136937313
44540392,2619.4362891288347
54581831,1247.060487624833
27711464,1214.2690564865616
34639609,1538.191968803098
61465981,1355.1373606307168
97434739,1963.5713489623913
11115465,2962.3311044956354
73204702,1903.1359290219552
43122014,1626.5549657631295
82465915,915.2111259355687
70336402,2512.048202805954
66860305,1631.6094561176915
41500458,1745.0088939133839
92919391,2264.8454723879477
99618084,1418.949148099156
86909460,3476.69154657371
17337355,2461.0899031084614
42353664,1137.2069258978513
21765685,2004.996550164356
89088918,1278.2165554229905
35899962,3392.7419467874597
68684318,2014.3499041833825
18484780,1309.1235637154896
87388388,1624.824232686317
90094211,1700.2345221704409
16804039,2260.3177281353496
91010086,1495.8663419939594
99469868,1621.8499367033864
37545302,1765.7231025079657
71878464,1713.6685080885354
21183040,1962.1657379202147
35304073,1865.318825914952
50348670,2124.7276075451723
34230931,1209.003357413344
48867425,1630.5634204294608
35018884,1369.844576079941
82792644,2908.8277250735914
55638604,1698.4924105430593
45618589,1670.1855980788137
94996859,1245.9491740452363
59711138,1300.717187269934
20008628,972.4478600340534
74210201,1806.5650273798017
71592370,1697.6404199066037
91112168,1726.0215731379296
86979588,1842.6157126995406
77491019,1718.3268307455671
82906889,1528.7591409649383
47215201,2070.6173707164226
74482354,2257.232155596571
85248466,1443.008161158591
48081067,1895.27018899254
15387364,1356.8549233851047
49479914,1559.4909928044262
67144063,2454.576678997535
21546784,1891.9413105276208
33690767,1362.9295434195838
33115846,563.9234018990617
61562965,1999.4369615595422
39809818,1875.3588441350553
68123009,2418.823723202181
51851996,1999.0035919734391
14592737,1304.7689780257986
53703850,1614.6087682824304
32305458,1970.6948283919705
15802272,1177.5187080565395
36113397,1566.3206430856903
10490484,1890.9666195513655
60733954,1722.1158264206965
99162691,1154.0063821385797
93098807,1241.2193054321299
40838545,1675.5501388402677
11051825,1926.2459144536133
82908690,1567.9759632170699
71787511,1691.450463027234
72823966,1552.9156004914225
12980060,1748.0361773888783
96086415,1537.0415889084704
23697274,2012.5797882624893
51614059,1862.6695862639635
78779574,1651.9739417025921
95241308,2586.4559293920706
17643222,2801.8652436940947
93263316,1695.808369360398
37302631,1309.9288834122526
87271886,1991.0893323674682
55736876,1819.0879569873587
51594702,1904.9883870686808
83945766,1112.8552502934945
79078313,1250.1877788518464
31277810,1507.1679738214496
74965419,1858.6334314180483
12557472,1398.0775606889783
61610958,1561.6993433636935
87565891,2975.997171673904
69835471,1649.4288315660883
50409416,1369.5155582859852
77449547,1970.3114216964905
97554546,1335.3083336731145
15981479,1646.7279702429582
19522006,1678.7887774873154
27996044,1616.0473588979357
41161764,1715.237955416534
20740770,1535.8358324125738
70042803,1598.830378028771
52210690,1288.6673262926988
81657059,1305.830273583643
67733763,2277.3155283738415
19453777,1404.7578391334473
76648543,1707.2470958707654
38569009,1009.4529474453536
24713941,1251.2216484959185
89660454,2329.056283047472
85740410,1605.2753812923424
86257801,1498.5023521253027
86873805,1561.9062995886757
33399735,1767.3393500226748
37535534,1314.8320342031466
27667456,1493.7486466005646
61581329,2253.130067944547
51263630,1075.660013470094
52033053,1423.1907432166029
90888218,1501.783494506571
12546179,1855.185943489808
83093814,1500.8447458046553
46297699,1327.8235609467845
97044400,1950.7530682228905
31763919,1335.4168249249713
16008849,792.8991268727784
51084945,1060.015287227577
59957604,1574.1388908564377
18780994,1340.6095241707983
87997537,1424.7931011380074
45685391,1668.4170381727722
44441149,1447.6611182261795
14178311,2055.4749099934443
43522500,2167.3143424408618
91025767,1613.890529974191
92328854,1723.891111686224
53582398,2959.5703286139533
79088536,1241.1549519457985
46193764,1216.1140285717843
84800487,2189.91300620415
58906346,1859.9128893451252
16384425,2146.8168800849116
31314423,1612.0298209891857
78713693,1361.7185750179817
59579059,2647.729298555668
51309878,1668.6613254754288
18367921,2695.132899290198
17963218,1358.0092213174785
63773516,1737.8197610565007
43820904,961.1532068804904
61844633,1596.0321139860152
97433520,1899.5921129491128
67890378,1362.0804250404008
84770654,1941.5568550012754
56388014,1077.666047119261
48498606,1319.8550694070655
96139568,1281.3446651931868
23184000,1774.013005801027
82435682,3091.0584372339545
84725417,1192.5042636043681
80398008,1300.850852912563
21408816,1898.1450101191758
40561414,950.4389493646856
47526789,1736.6908815800389
34202671,1627.873581285703
47410501,1529.1786742860493
18437030,2010.0626505579417
89947527,2082.852753313965
48179652,1108.2499047255212
43574355,1342.5372647385593
93441626,1395.455976710458
49833156,1144.613844783083
27436801,2151.4300864772463
43212239,1726.3479060783743
57781002,1920.4796792567925
80452756,1814.5806438771842
69547198,2219.3994857291386
92282402,2480.337717034959
60080700,1818.3988039983824
77220496,1253.7058142079059
54095090,1890.0297136797906
28159066,1194.0742481774323
76298460,2024.4286507555817
57334293,1736.7718002147176
51349452,2596.4377867490816
57825954,1372.0129067374887
75566691,1439.4408063596202
21994482,1684.5152250859974
15472109,997.9346031546794
74524636,2186.0665524325586
50954892,1706.835773822413
72834699,1741.7094010568185
62999750,1455.3131990212823
33123268,3495.3032621782754
66540114,1482.3921383472575
54002928,1334.8242170917997
55085304,1517.841627900219
22151066,1548.6188317343708
65334729,2198.8559339358476
30865724,1267.2168822215021
90388666,1368.2409360788115
55605064,1345.1075315846772
69408128,2361.4264413476435
99473168,1897.2044128525317
75818797,998.3244457935494
62565025,1699.1901119624472
75143116,1517.1526630074754
47696923,1841.531359634988
19416750,1696.166160962542
22855194,1970.30877598693
67192782,2134.057148241234
87517475,1585.4339361626508
56350089,1800.49627161639
34134972,1728.1744624239946
60576347,2013.3007812230044
26319072,1331.192272386771
88893111,1302.7105471326931
68033382,1925.8349424314206
94035885,1355.3089712455157
81187160,1580.5125304242424
28315736,1389.1863652853006
22692256,939.3041501968634
37267592,1258.5266633045155
91150814,1725.5573270661166
26431305,1067.985121708951
87910232,2717.064693007846
41955248,1537.620814787274
69743430,2261.2289097713247
46703259,1619.6979738693303
31441294,1488.8512794082885
52540774,2092.0163822925288
86506186,1563.5900271028984
59584539,1309.0708444326733
97314977,1683.7012073032422
96666615,1562.144343576355
79683457,1676.9691921390831
82209443,1627.0386986327962
28258830,1674.9096850559313
42067661,1791.039300187941
66297804,1102.1944589190043
16941404,1263.6549259149883
75005309,1474.672830617213
24570745,1910.8227747518076
86113362,1911.3333712685626
17047985,2210.2132772025648
65773050,1515.3532650463508
58445540,1314.4665186585353
48523637,1986.9079623529897
95993557,1684.3156634581103
88761628,2749.4347394090505
35281082,1775.2409555922072
63427827,3277.695483640903
38736916,1508.570701898192
86580197,1732.1874952856163
23112535,2583.991790643574
70370352,1930.3463556805164
27855625,879.7489927943457
60833031,2143.7770191361615
23047956,1429.487370108664
87351286,1594.4405639774764
75886001,1183.0644139803849
66301086,1772.1968377747369
60935733,1297.1754221655706
98414359,1816.2246164778257
93169508,1695.7550225534983
77985316,1352.3278130910746
22647726,2367.1006901411974
39865459,2579.2920503186606
81994206,1381.3756951802764
62822262,2071.6035382430146
85331429,2752.6907141213846
75110630,1156.148879635923
51138756,1926.7969305641986
83491442,4593.202222155418
67891583,1372.6118531437876
65475315,2737.3890611567895
37180335,2944.4328984944377
53617145,1709.383066528017
66644091,1342.9133305325772
85685863,1412.6186406844315
67756317,1657.9475885430156
47286828,1296.8821306648952
30798257,1789.488649158351
55429056,1468.7562583967829
48423935,1377.7242603208267
70215654,1514.2332857620238
84995114,1608.8468355836767
34191374,1208.925063649146
94424055,2979.743653085162
35266032,1230.2715474182799
10282778,1987.7325345878885
74509894,1538.1548102854022
62379565,1592.6935263662276
69295266,1215.2164186759715
19487319,786.4573426376281
80523155,1782.9541533267122
76258438,2660.0212897434344
15381648,1511.8127167692483
76313330,1447.3314455752688
67909709,1456.4029912318906
94172578,1434.6835263131209
73730320,1336.1605033372305
93164433,1350.1900199207266
47160388,1107.0599771201375
39990609,1762.8249932637732
64566990,1565.7001524389489
91126842,2206.7019382148605
52824809,1609.3025413817882
57254599,1493.3792403484913
38718331,1284.6046347790648
86095545,1480.3064133998685
47117496,2344.868010818972
38398092,1975.248741298459
35904079,1051.287331786085
90919237,1243.5344729171381
56102015,1271.6595460538815
71540566,1421.9050421249335
10011577,1479.2173626535678
84723499,1918.2116416534245
12437858,1370.0167623028256
55600884,1317.3055160612162
14903844,2140.0401018117714
79656066,1414.4642688403237
22833793,1171.849373633098
52725368,1656.5830681334596
69338616,1953.6135971850663
69512258,1533.1115099949961
96249786,952.6116956202936
93289839,1615.2785367033514
89525161,1835.2737972173918
25602400,1505.544219257427
82687645,1649.5331109529861
86466057,1617.4373653078053
31039064,1028.3892049350866
38126410,2435.941454394914
98941268,1961.4370300094415
98887377,2130.6886768015916
19069593,1395.8703061152787
48991500,1280.5967192204657
81340729,1272.4349093406404
17755803,1431.4127148370026
28332754,1204.5530369812614
48710415,1600.5006397927705
13552122,1909.9989934392906
67175252,1841.8869214355414
81401006,2256.7226665642684
87569420,1526.0440859588766
68775804,1721.3178722979746
51303767,2175.1595226702184
36907350,1355.5588559160694
11852044,1307.8288766639905
57122012,1946.1663907353757
42764646,1448.0644097503873
23299341,1241.0180043052142
99527596,1610.6461258090567
97393585,1286.3810111100602
43578412,2438.5887950577116
98294611,1765.1019057561011
30924809,2023.4909485099608
88121507,1963.8100005655988
81094653,1807.7054999649117
83948197,1871.8027268946921
53707208,1533.8201490454571
72598207,1939.0502027891598
96325015,1340.1219867924015
32527392,1235.3711591482536
13367283,1572.4947912447078
70926441,2012.336757363808
14507496,3085.3528940565952
84516945,1589.963380601497
17478153,1343.9372733682176
83347951,1287.977650785497
42507501,2549.583572272336
54322410,1397.6654216893683
51129418,1887.6188829973105
92284337,1121.543667501258
56191305,1229.2955686497726
69717201,1339.3198815193807
77803958,1672.336376890714
30868541,1057.432122619837
21948362,2155.601284962588
64597726,1421.5236225605292
24753315,1355.0659349775246
83137150,1129.5122347382921
87115344,1655.4203218955536
99984175,1773.790519336902
78503238,1578.9382460123845
56241324,1909.4319465561855
44979606,1236.6360730428703
73782771,1769.4766543328442
83259646,1583.5383111087745
83615385,1304.7627400032825
84238097,1396.5549871036978
90104229,1789.5737155103325
47165230,2121.8973833054442
90052115,1108.8256289955966
29318397,1738.444144597852
66821977,1810.6565577923066
74914365,2892.590987716465
21821045,1549.7399433983555
78077361,1266.069076521591
11290483,1696.3271459203484
18150280,1545.060640707215
97190006,1333.8047537972004
23716973,1659.1815742620197
22402268,1913.6596799326496
22495547,1518.7749968180349
62732805,1361.4427018850583
35149813,1100.3147950216637
45074208,1525.2725302417032
16930048,1031.49022484493
37034316,1315.3610891795956
41257506,1168.2614631068536
37119194,2837.067706955305
67834562,949.7163646426569
34524417,1924.8324147570233
65917034,1451.5192831170193
89187031,1382.5855474855007
38918236,1782.9997904008387
15343670,1575.8721429678399
14075655,1351.4649110285695
38174910,1933.1362704550024
58723158,939.1884065461237
60249533,1749.4351065232822
97281245,3453.5506395330467
72949298,2835.2102981510734
15101045,1334.3829607114076
28123842,1460.494502186929
79777819,2588.6595680936293
49207880,1680.1913953222372
80546483,1643.8706883434713
64032695,1540.7395813676003
13192282,1408.3842474667335
77309020,1740.7894257938954
61977302,1742.612319435796
97344057,1826.0488629373835
30586194,1513.6533166118797
56677229,1431.1342854341897
22130117,1225.7056207108808
40261245,1872.6300991521136
30166032,1692.239939653954
77089984,2080.5423070053844
26878900,1427.2865727621888
61371436,2031.6115020053007
42742062,1771.196449984593
95339974,2480.201192826483
56107946,1689.6224905718
75011328,1500.3075021890756
72662754,1386.341302535939
72203106,1114.3077343506693
70496852,1678.869952399426
13201993,1529.0597037847997
78164844,2194.6641544192257
59342403,1482.5096813565451
94540895,2108.8250819953278
46539631,1574.6047694765803
72239923,3088.5331715778075
87927143,1521.4925566409356
58112642,2043.7188714010686
46348606,1167.399647030798
41028863,1598.7152486752345
24368370,1378.268816515627
29933781,2265.739436943745
82791847,1558.483909728088
96015529,1042.7911894979507
54561874,1499.7950426831203
53184693,1050.2541099624532
76671373,2364.290980733128
63611357,2032.9450609744204
80706420,3922.606526509325
55017743,1907.9180838988952
80689892,1684.7036123686898
84469446,1626.5383621884139
23226721,1674.6797469572266
85084580,1519.2189733721123
80669002,2171.8919235095946
65745002,1693.7787781633456
89007400,1549.496321827327
29824422,1819.1578272664076
35775431,1557.3407885065667
14074630,1218.0881760961984
72325201,1407.7909923622183
23874500,1538.3383900620363
37300173,1587.3834131079032
33493494,1888.2418464917193
30229764,2654.073029645766
43966954,1964.7664574307216
27845488,1597.035459195963
37461765,2001.1195560483322
54994083,2011.9661436060808
73747516,1608.6436028119938
41276058,1195.2885235295703
55912598,1446.1458418076877
60686267,2177.3936381465383
32726148,1663.1110563548173
99279088,1359.244577241766
28728541,1562.0065792052128
13858737,1634.906117953031
21895570,1799.2832639383096
76323759,1622.8056017688539
79038940,1169.1458729177893
29272847,1375.834493359614
98713132,1536.8337137501812
92394953,1675.2633924700453
96580365,954.6544188973156
44481344,1299.313238986099
16420037,2236.9785735909045
93921984,1656.0343787088698
26481610,2331.276388084495
36292815,1486.4077924805008
77806189,1938.3034444207296
75958945,1352.8661782148051
65456150,1557.6908296602237
80743824,2317.407297192095
49966934,2274.6387804021233
86026791,1403.2818486617766
85816309,1161.826075640187
15568874,1890.4289386766966
99556884,1693.1785509492497
27514144,1687.7330431264465
33950340,1598.5051235370265
90674412,2812.6265628703027
31688776,2054.153543034424
58380703,1385.4701405649555
59666638,2029.0263570436794
28858647,1721.681225667241
96281488,1414.1502773208977
81757957,1742.1596017750744
15387606,3112.638057034199
95978588,1086.7681017975415
38876766,1518.6128588583633
97177476,1534.4611082468095
56304916,2158.82896349982
94447504,1502.6712534939516
12858830,2143.3698229478373
29325031,1669.7785876542873
45137864,1276.0220067620562
40574206,1735.8871594950597
14671172,1189.099302023271
79393183,2185.700800936851
73490914,1233.9383077634543
74160460,1505.018259719358
44164617,1123.7030036042402
82646950,1874.467503838951
13359174,2352.4595227707655
75134927,1178.8170767799288
36042465,1360.7065085834583
83839627,1951.4150179819121
23668396,1908.5742004699416
75299261,2334.6459596672607
41480775,2107.720368316107
33690039,1872.7499785466553
22503085,1498.6796194880376
37466667,1313.8987289811644
14321282,1438.6048018463732
71351933,1737.1179705115173
87081502,1135.17567104259
65472553,1514.2358728983086
99213360,1740.7439588723341
10832464,1337.8185365018207
51819797,1925.7424332161122
75955259,1944.1739392319846
88647663,1613.599606784643
48629803,1443.0549997397734
83286245,1943.7528583600827
88766577,1283.7412949657792
92941012,1590.9331678435697
77129657,1822.4342490054728
98212477,1466.604874573699
47578988,1275.0232609394966
50209960,1508.3273669924054
34219777,1535.0354275412265
79439231,1314.7750036429784
73635146,1876.4142124705054
64910994,1742.8696539881632
53834693,1032.5857801037723
11363592,1888.9306256480222
10873772,2779.8174997825236
87767702,1976.6676030935155
23454749,1401.1118116907496
58196808,1466.6473738882032
68491285,1612.4914428090224
92242279,2782.058559212107
33507598,1729.5276335172634
31155680,1694.8731066989706
69782815,1375.51184548214
99510246,1625.7330258950938
76945883,964.2495393270916
17094345,2019.4384807732777
46337525,1959.1160687640293
28488983,1154.394445253471
16761031,2741.172708941258
79032271,1112.7589513702455
62295468,1142.559849483877
34239247,1972.0360798596432
13382072,1506.1014622775288
22594211,1839.5490667699332
57247913,1245.0558038976283
91685716,1510.5687896920185
17466502,2009.8050656559158
33964749,1744.791721429564
51427608,1030.443062610445
24310192,1226.5993749893087
31116680,1549.0554507715185
11417356,1993.9672020371822
62762079,1453.1303371078834
42671255,1969.0572371555854
96926020,1743.6178284339035
50275050,1783.9813853959377
39760605,1548.2024957314488
74898826,2954.096357612793
72916922,1427.1569061190198
15943032,1359.3612404311325
74582816,1796.9575559149855
59875250,1953.7927767993965
80790659,1002.4727913482725
19888418,678.7229982519918
31588130,1023.887354377671
66158465,2009.2083746389087
18800645,1691.7453595492993
64505218,1480.060289194576
56056799,1324.9337444320126
10374837,2133.142250561008
41300143,2577.095393458626
78621253,1342.033912407338
11141195,1628.503445557534
33865847,2373.3291323113845
90610974,1113.887659391319
98930552,1572.213642244411
12727530,2194.8329658622374
52930535,1570.4670311992418
93753865,916.574716377047
70595210,1679.271235449558
86025280,861.6706339202489
78663509,1673.4976058892357
21322626,1405.5304814559267
38172344,2081.0540996519385
12467923,1867.364453550893
59832255,3502.7264366973604
60019461,1758.4169304137786
36274445,1324.5761446648366
35417851,1423.278854028256
24997453,3201.0087018237996
83094532,2699.532334750347
90174488,1653.453473666122
71319002,1225.2474919692963
29621396,1463.7728187218854
10011880,1513.860485448311
17190126,1353.2902066730076
70424510,1575.4425258289625
11417531,1263.7076072536588
27554957,1633.3103100879666
13689480,1215.2050892293955
69613512,1519.6051712239855
74318773,1788.9359435981091
45221034,1673.9927321156088
12200305,1396.6262762576844
29052499,1921.0490283814465
91168920,1872.4695734051706
99587330,1062.6063086175702
85493546,1473.3343510339005
36510260,1488.6844955985516
40370308,1983.7702258533282
89123563,1528.4557379749358
68894033,1348.8390186845913
73938236,1976.3801191329503
25242707,1232.6542195876702
87339346,2172.944361340795
34182148,1209.8847880672074
55488547,1423.673153082244
58799207,1516.615640474682
99415472,1452.573635187171
50374353,1742.3722366829047
44632960,1294.9223571445957
46918499,1959.6578961392097
61219752,954.3723026345451
57928854,1425.9276071984314
22536598,1296.1069565991015
69936903,1374.6930277176302
69696012,1284.134064403544
75807455,1350.7276941127056
31557332,2141.0681041427515
98503124,1109.4412928092163
45347570,1615.3201946677902
91321804,1705.6709612385755
56392111,1819.6135657453847
86308272,1092.8174126545157
64596791,2131.017982839279
80652734,1902.0156608264751
15067372,1788.0462067919962
19485124,1525.7525560022978
14453004,1193.7892817796665
26285533,2254.8078841773286
92838656,1593.4399525962235
37408293,1639.543973437259
44619550,2067.815264432005
12229798,1352.5538176015511
19471907,1414.9172461479784
79387412,1189.4006251265082
62896852,1703.6012052254932
45934349,2253.5286157991704
16860511,1629.134052850185
43506983,1535.1352522363504
70740306,2006.9692676828977
92814410,1360.7663937227094
42104710,1748.6545513676174
23656647,1284.7049497134374
16622582,1671.945231186874
91730318,1469.228370788546
71502047,1710.0157814856068
62198081,2597.0534713493103
35586426,1608.4647179350286
73159054,1289.830567083633
72932579,1404.0486208244008
15860553,1630.6542289076854
76499202,1307.3140612069242
49147306,1251.0964463388552
66173222,1504.3835351193916
36048465,1748.1351453913285
58226162,1697.544087496717
75348253,1436.9102957395437
29406516,1596.8292558019707
30120831,1389.7619348052515
88886135,1522.0495096485522
90716300,1040.7939086523347
12118186,1558.9828051811355
39388114,1609.037253735573
43348151,1417.8405580198591
70648988,1619.8161929486162
89828759,1496.1949186186798
25774436,2286.3560426515987
56166234,1256.0311255189858
46207048,1385.6639497409055
24260337,1567.8559238787298
43372122,1361.0495533475528
99211792,1425.4848015143307
72425048,939.10616787797
58848576,1506.6481255358626
69451066,1089.3847017564262
46571746,1839.5030196969842
35037281,1324.9180895900565
85573733,1368.0437906991792
85004009,1065.7802186962049
98713147,1840.3933466842168
99574842,1297.0609558651638
56403873,1135.411248574391
79242881,1771.3317382279006
58458582,1168.9827365866445
68482067,1205.5604245951859
16690135,1918.0102660158987
15173091,2201.445158715674
61448444,1597.7335790435486
69237042,1191.8021133717066
85145895,1098.4619562261196
22701271,2593.220577535073
39148372,1335.5212018047273
94500108,1619.3885920115147
68415143,1286.805928885506
40595467,1936.1395062371143
53076141,1651.6794354966426
73641861,1042.3488961478715
48605668,1665.208946419674
69923530,2006.7820273631328
49319680,1971.1626699291016
45928049,1798.873977791714
73814109,1238.537298251224
61386764,1612.318233480915
67209776,1463.9600656110258
10596331,1359.5077485863262
14387887,1769.3141736720568
66568548,1624.0228148053293
59240082,1631.2157541066667
35040177,1729.8265707662897
99480365,1476.051591189761
68333386,1242.4857566618834
95572882,1913.9267830342071
38132096,1730.9439063701511
76955826,1778.1158683136566
17729676,1944.3979344830523
42211142,1380.069675882808
20158681,2618.9225073264456
79393152,1389.7724967796646
39911125,1467.3362792921284
88836366,1783.613188287466
20409154,1680.4128709988076
15026679,1609.4330420972497
42131515,5270.587879157525
54650905,1601.9264399180388
26838390,1413.2406114612345
65068346,1297.3897797142026
92979933,1674.2858304781598
95452518,2447.1484733045036
38822689,2110.8482893147043
46355252,1917.2871348494346
12444224,1910.8495108386546
42979270,1337.4124864904093
77573762,2366.8897570203335
14826829,1729.7649626287257
28709839,1892.965849969211
18829646,1731.6148831820494
96568537,2063.099371543617
56829547,1691.4223249012398
93979772,1824.026943173666
17626588,1570.2863392873523
34011504,1654.5509804151995
52636134,2150.5373806946386
91687348,2026.9740804612238
36508418,1701.1990251752627
82621948,1254.4786046473214
89318730,2574.3755797923786
98717167,2025.612647795433
26278873,2139.842049662968
56823412,1024.0045321921825
75609163,3631.9085552147735
90104725,1738.498808249933
75874553,1862.7802330709767
48469293,1822.751777674278
70313722,1772.5929836158016
48269879,1480.9662839714697
30338233,1841.227725295399
32779513,2142.4351071806404
75548478,1467.3500417154369
38561257,1874.1332838636038
10945373,1069.3416503162707
15756944,1536.8259851797252
46940446,901.8993035891367
24659465,1344.4326610710516
88948806,1630.4209124981999
34164402,1504.690699733837
79477391,1951.8493949585948
15537006,1781.6102392997352
88911942,2076.226265302901
96378293,1570.178102975491
76422231,1627.9995295868207
12309843,1219.0313374257137
96239148,1391.30047796976
86466781,1638.8932269468323
49050128,1773.5218445451267
14724818,2502.6347693354282
56683970,1669.9704467457268
98393974,1367.709511854112
84824034,2308.668247366875
92573067,1498.345061442123
73226546,1881.8946711437977
61358064,1241.816238979271
59398688,1851.766727747471
14969480,937.9558506316594
80588045,1619.323840935741
95597071,868.0625284837819
54836005,1356.7019736832485
23220441,1777.4367352989607
59018993,1868.3137330610084
68425900,2991.815901172671
96400633,1509.3264463893097
32664783,1337.289998289264
37951383,1453.541619354664
42701020,2175.9103144407445
23132709,2020.1164463719026
36039638,1608.067373238076
14728562,1685.3747541209445
62765095,1679.2754503844212
90518206,1736.4246581211141
99330676,1443.6894818438939
54002963,1915.7120705843515
80024301,1200.2067914551935
83450392,1363.6929430048585
80827964,1318.4429372314821
22623823,1484.8527141630334
85154401,1405.3010717348166
92409200,986.9263143289302
37461274,1732.465616390357
39412052,1835.372819450352
99188219,1222.5457034115746
10533163,2334.8710469639573
16576946,1381.3624689407222
10571061,1732.7990937379468
11502784,1158.474704215129
10627022,1127.540305853482
66112731,1625.322317372702
12271580,1454.931666352967
19300863,1815.2304572588241
42301466,1380.4689277633477
93227392,1557.9473718865702
13989390,1397.9754327766022
83189444,1572.0551506293245
88982820,2062.7505068693936
86309809,2535.809036617324
93812427,1357.6725201478794
79351177,1708.576964816476
73882065,1749.2838241836946
85331771,1610.8070659963419
33746879,1524.97351502897
90357052,1471.8521882361706
42998447,1916.8736684221517
42297649,2207.382927137151
74232297,1490.379130824359
68234963,2250.9810226101
79955240,1254.7419702012971
33685499,1519.244677677865
74031111,2293.695651974848
81527691,1877.7733094618302
25578339,1457.3486251063546
36826714,1280.4808699510431
66720469,1288.0704672324232
58271754,1168.6740924562612
79175453,1568.1711307350567
91006186,1187.6949961781906
75399510,2118.5265936089227
65438642,2296.6490922539915
72193555,1303.44953112817
52661224,1707.5954452990297
40274658,1917.232054522004
63582038,2825.605740398424
95316180,2397.2326781765687
31722576,1505.0944982146007
51439680,1825.6309248546036
92864642,1548.2328270781609
24588628,1648.1991966746373
62383426,1447.3069581558148
91245064,2349.211029757872
61715372,1662.9172160084113
65148106,2199.099873840675
91441992,1301.0904859946513
49274969,1710.3729368905779
33917232,1499.1754459764693
83235081,2002.9946254993747
40753215,1572.005313166861
70796627,1305.9665636451296
73931614,1215.3156739084038
56857736,2560.6534144152265
54064504,2001.1020528702288
20389019,1215.2848007321268
57574601,2440.848249653287
16478279,1359.8764953241741
68356151,1812.7479852537178
99711808,1883.9980570318744
98284968,1512.9026325467862
30598390,2057.777924949304
55132880,1891.9948550609365
34163532,1436.8124053667561
40857770,2258.284077106786
79839486,1240.677111127996
78134573,1943.2992674092318
96251286,1710.7872910947535
46606815,1780.352002597701
53204628,1186.8828825209969
39264189,1564.4528320036538
66917873,3594.3747270678286
75228206,1624.1051852568928
57466748,1845.458076281886
75500440,2092.484769297032
88152254,1597.188414233458
88711927,1513.9257456727446
71935730,2962.588772429812
11714210,1121.2427123605187
99304127,1601.2425787180023
79629484,1579.8383124246816
64599027,1258.1040242040117
71633685,1579.9006115097723
14342958,1750.1424366493704
27958253,1759.4292831819666
61174518,1439.3117222959554
74916891,1550.2822155174847
72753968,1600.9265146879895
36262662,1745.5018211334261
60917615,1427.693503454112
99306721,2306.4730770943056
53075886,1391.3246560249459
73928511,1686.651421272256
19965325,1209.5046887056315
54826574,1696.7659598079713
64209168,2548.0521443292464
34147586,1418.8044135149141
98269123,4008.3970719522267
97467622,1718.9083467435983
85814087,1446.667542795485
72333580,3127.406118687374
30873738,1382.740567735431
10331403,1417.382428688717
35344119,1820.0413767119676
35769080,2547.1867488986286
21575135,1517.6845848684625
75304823,1383.173480156513
23401574,1139.3601312770402
83090193,1683.642518884349
86996430,900.4639007007443
99751646,1276.8462611201835
23591049,1789.364245553491
81709576,1419.7759492419332
82444468,1921.4805616320157
38288153,2017.4122107948895
87446209,2527.071883932005
12079734,2265.523990510035
25058080,1651.9766943280138
89691662,2528.2945856692772
13150938,1874.0021892691989
36020495,1940.9785474232842
54923182,1667.8651312548095
28841079,1308.7143268651498
41392965,1119.5565547547944
17119564,1681.454569130599
57430704,1536.5893112476629
36272284,1591.1806929856027
91925114,1347.4071779542085
74412922,1924.5011175922077
65743046,1496.970194433844
48653211,1525.0908120786821
36332370,2358.9828796965676
85424579,1757.5179897325693
95090269,1140.2266382278995
95971802,1034.8618828803367
86256336,1332.569951486109
31156844,885.1083848634423
37688219,2527.2871112765906
82437324,1514.7234236190245
21950676,1764.8786325392523
54094553,1434.3326832916296
74374536,3455.339058822089
61738687,2042.0416674802577
19277250,1600.735205559397
84311990,1977.67311691221
94274494,1790.3144355623003
89122239,2630.9673549188838
97119289,1264.7357008103609
29959537,1388.2421047143598
22777840,3984.9658320188037
39391011,1418.2477168970368
15127918,2078.3689577229443
47251761,1285.4992448460598
20023773,978.2212023291173
96682736,1253.6406984303012
12309412,1705.9560921779946
11517944,1423.695942597397
59425514,1367.6589292843855
28854961,1440.533038456207
63750719,2056.1664118451226
69531684,1407.2080627127532
73516640,1458.6401226193689
92500346,2395.3383193589457
66124065,1693.3186679876023
28886163,1434.778996737886
19680706,2080.7913155496744
83673598,962.4591740519951
85519237,1535.5367818587301
37110854,1555.2665000038828
96010780,1972.0868352905693
51391268,1360.0987034929012
17655078,1625.7786939753025
26863121,1154.9960763323884
30839269,2258.7995422732047
22418770,1006.7961763303347
88029081,2175.564664011932
27689636,2409.490341399928
58431423,1678.5497137937678
43802347,2710.7441260294886
83961382,1138.5685566524012
27938336,1296.9092786201982
35978100,910.1969037451031
89319775,1444.8939225459603
30362974,1389.9727793010002
93105032,2310.326920846271
20314268,1358.0041366363248
34550012,1420.2462433614585
28077484,1649.9424680386091
64656384,1483.5689806237833
48022436,1501.1041061579838
40507726,1798.2133045083067
10314144,1338.6539629590347
81012787,2031.1701668056512
45672873,1786.7917913501992
25759428,1642.4597011176425
13512722,1249.4012706710032
96070498,1457.8304960092196
21352279,1362.6614047148241
54205490,1630.2684246215479
44645119,2596.799556303323
37332321,1402.5142432694452
54601842,1455.3982468451122
60801709,1430.6952894366223
28903523,1725.0231621287128
79159760,1549.176294108338
20416757,1128.3453249573383
38432201,1304.4168090657392
60739859,1968.100512298073
89931987,1739.9539014869408
60999736,1817.603546802081
43182602,1374.878639694562
89739478,932.9597421058752
50450523,2064.7894278600165
73950928,1471.0179524923133
12330781,1113.5154430271098
50236542,1752.4994370691888
34912503,1354.2058721003914
25536468,1642.304281674471
63776599,1264.0548022107077
56389530,2309.709614454499
60881312,1229.9604478798635
94656046,2537.8110274761934
84143693,1486.849839026369
60768240,1734.6338538225389
60458308,2262.052574961841
53948557,1980.0275068089127
11612817,879.4507427145637
71889062,1278.582181414381
77172079,2053.522615846393
34222625,1829.3602804283673
69965828,1233.0071281920407
94714430,1638.5136329670954
71961534,1997.1063024242208
32936108,2095.6077976516945
18431618,1315.7224945115163
13548537,1097.5389631471337
86674079,1468.0875393329814
21748194,1821.407448988745
40124541,2383.830779087331
33347811,1544.72974194177
92929218,1602.2382331348276
72190892,1488.2251085086664
66963455,1565.021238658106
96157867,1076.5587260599168
15254705,1570.4747315072905
89064766,1783.1708757804975
85305349,1380.685052379481
58781934,1372.7015181044274
42553797,1127.0657440013215
18721533,1323.0852124436647
58244383,1908.9714155714655
13696896,2132.7377513387814
65894339,1729.714035090894
61098619,2601.3567330192614
26018756,2347.3252946944926
59479424,1670.5252434540612
81738781,1736.5995097334103
91106215,1299.1593432382747
71223563,1195.3584578472264
95945745,1499.7409898884803
91424061,1394.0234017779735
67135880,2506.776686748549
15528553,1591.172525233938
33657705,1484.7810321161255
62553289,1542.1745529065004
60993054,1023.0199456554924
42800613,1333.2162357346244
17769800,2591.876130464683
21401202,1467.4034068875758
52155473,1178.3444950067444
93304650,1357.2536238263056
51407728,1420.4155296651602
89543732,2139.5591035284265
43419947,1772.5860838907722
41488699,1456.5846189749323
60974422,1618.1975618444085
65352047,1212.1540358519474
37012905,1097.9651487735655
14787203,1579.8947941278693
29417973,1555.2861236939927
19835446,1924.240844829034
43255500,999.2694449729776
28812691,1464.7375347805926
18722953,1361.4195300532429
93227004,1707.3382039626922
35371569,1740.8376378898092
12076594,2296.466280241899
17330331,1806.0592305085406
70946197,2217.596777484904
44132847,1585.6113670328346
77445263,2053.4384025770446
56880921,1420.3149421979942
11480304,2620.540986277344
44407005,1893.3397701749363
57603851,1355.3838573289192
36951093,1618.1166032013364
18651476,1146.439023477346
28758403,1954.2694431455702
29842235,1433.5218188608005
80915194,1423.9165952375392
87361082,1833.0290065774343
67711479,1366.2748299335208
96493355,1431.8536603610826
60783295,2267.6976866352816
56178874,1328.0826814700645
36921713,2323.914812100049
48581624,1425.827818095448
75576141,1324.6517180060066
20755403,1157.389379065325
52097748,1669.6735583176996
30927924,1245.2017158186386
52924618,1631.7720325585153
23083091,2093.534570688144
10593933,1673.7740832853851
14984647,1801.9125567897495
50764768,1226.6551586448604
42909851,876.3596027943386
47962891,2117.349347083059
24155862,1956.446287834373
96222874,1345.9748894942759
76243625,1784.5230830341022
83785580,1748.5763289532372
68046684,1554.7202018074518
35026518,1529.174365052226
21144795,2322.868474997331
42304823,1780.0738948916096
32449171,1765.2865932856216
67804951,1571.0399978464834
80988109,1362.4198851495403
31562948,1434.191940847169
80571715,1038.9051030139162
91879270,1132.8895874138161
80331872,1941.7516892226563
39788137,1841.3381283146923
78186126,1729.515202375458
34300076,1590.253692097982
70710711,1478.6260071221232
19520201,2080.8858302935328
75968232,1363.812020735942
62441830,1485.5838662288338
87704160,1737.6251647619795
38039509,1921.3123544097677
87299257,2373.8856918425586
34604480,1542.5054939376487
93559487,1579.9708509583993
35225951,1498.014784881992
80500038,1680.3545590584467
88587318,1377.0935556066752
72460444,1696.7342776733847
28502361,1755.827155282654
91781888,1952.3109022056358
83528344,1536.1086970420574
15266445,1718.8848472059321
83532377,1261.4417992742199
74780110,1859.502411653252
88664511,1418.8337568994718
81767501,1425.7418614518729
41015579,1761.275889947211
19338404,1724.6608536019726
14667759,2041.450977335829
66260119,1502.0239745048048
20542479,1716.922748125733
54097170,2734.1030208025622
35669653,1921.7846550974548
94127563,1249.6017515205676
81488029,1842.9068513391207
93329952,2193.146642205238
57217043,2003.2393611362656
65522547,1547.763171763122
73695068,1742.2887351956952
13539769,1384.3640308476574
44056017,1516.2908486353767
46617581,1430.608736453916
68464888,1672.6181130070754
45303083,1265.1841793708973
86984156,1534.938203698641
56630529,1310.8589095302677
78254395,1155.7764285289638
30913049,2060.1721267133853
82688614,1357.1981965728073
88893045,1408.6210280858695
94639808,1713.5243041249162
52742143,1604.7659914659469
64260968,1543.2404951442431
76546956,1823.9884732434543
83523035,2239.8575144722363
11013053,1936.9994678189596
44130994,1977.748914112071
53796074,1323.2740519327217
35498168,1841.842587112847
63562445,1226.804659727286
42365113,1681.331973092313
54613679,1369.8558062359066
69835682,1108.693000228613
40747675,1250.292176601541
37071709,1396.0277286643343
11644754,2473.331904588671
29456046,3380.1691291887455
63575365,1170.4564846935045
62030210,2980.1254247402217
84640048,2188.014291046712
61377846,2208.1591380471455
72441550,1536.9697000572232
11270022,1640.8458471924478
70261792,1685.2457856456444
52404988,1578.1593855920137
84003906,1878.069386394906
31204633,1138.224930601971
75242666,1920.4649986984514
49434528,1832.0629912001275
42863318,1535.078439635262
47571305,2444.7979870366053
66490879,1316.678004892723
82396141,2333.1502130269773
96803616,826.4224116151769
10584088,1485.4002905548195
41994657,1846.3864481971066
87186973,1927.0538085985634
71213873,2299.0643812569137
49764305,1526.665926683207
43725149,1169.9706685910824
83812129,1712.8874689059053
63290164,1678.0488472186
79318573,2949.075492714619
10844028,1944.2628485336475
19798231,1262.0712816043208
97056407,1222.4912608491536
32215003,1673.1532084611483
94765090,1383.7859433002468
47235057,1699.6927059594755
94429036,1820.5084828645658
19267342,1416.1227215097729
79884507,1522.3344386310478
68548734,1654.2604109581348
64679483,1056.0297456067713
99761027,1366.054255596027
77538039,1633.1446730914688
28035639,1627.0626976450803
66579510,1511.5263845993213
50333547,1316.991102720384
30957545,1807.260894864753
87343589,1329.5570002698273
45470859,1821.8079591403716
57383256,1122.5114876708321
62753404,2493.3356283962867
65906932,1686.177819590334
54060112,1669.14125290815
88317327,1206.1756969855744
46875481,1437.088760249418
86614127,1238.9615487777332
91675434,1732.5383599397976
83895227,1251.6371432454705
86365373,1794.8684699837834
19948626,1367.2624352232006
79630167,1488.4841835942975
89106944,1290.3478104544988
46083057,1628.529850566038
96150610,1502.4280530614087
35015883,1587.5392709883786
69747407,2095.028823109982
55538576,1361.6368731541797
97411049,1653.743847827158
11519556,904.6478198956538
81677533,1321.672162294587
60065328,1053.4910609511344
91824420,2222.6683165423915
72549395,1614.1614226095526
75208950,1310.80393325651
54258616,2272.5525675081367
28371507,1509.7544526262395
33800661,1674.3635059798833
94718676,1113.3800741336354
98426094,1873.905351002716
41019343,1839.0547970866469
55953203,1866.9706512624693
97258831,2035.1486288452272
12406914,1366.106436326149
54260975,1225.626625672188
17839314,1697.8560871649775
59228162,2262.251401077833
53104947,1621.3801436651847
13405871,1572.2878893473
30540873,1790.076317613405
10681459,1498.764207834984
88488173,1682.66585199594
11138134,1428.3372243736353
55965946,1747.6239585098015
21024415,2291.7139372145502
98633407,1317.297794816262
17665044,1867.4074123711239
52365929,1354.066814153421
45919010,1372.9062549356968
29159751,1672.072848616621
25938815,1471.032707411309
31864619,1606.3068425258318
84907440,1670.371033974251
55408023,2020.348168760414
97513676,1281.5052510578316
71808636,1745.6447657411286
37329985,1521.7930396584916
66719590,2106.330132912491
19832352,1206.830379043045
63673893,2041.6450001019966
54185196,4171.485502753943
66171184,1287.462047073472
15702584,1511.14795945781
26362681,1423.79723226296
15300602,912.2075391145027
54091216,1779.8257783720742
41649165,1511.355501869563
17221791,1452.6796527592874
60925601,2195.4011086595733
98579259,1683.0281447969617
84327985,1390.4756496368227
42373455,2944.448796173061
51759034,3472.306020671798
57369993,1263.4324612327523
86174456,1881.1893707517372
40095064,1259.1889586835784
36904267,1227.065435503272
95653857,1540.0427199910896
91047161,1344.4402680975472
24858933,1312.986060943965
43668504,1619.880357852483
64688863,4323.758219347805
19394328,1574.1793429602433
90928544,1862.6303585460346
54501975,2853.5751512110755
55816692,1422.6786505921282
54235055,1464.0993101365686
54802075,1827.6581912922982
44582261,1475.5535808174282
30580440,1335.0951407076573
53586985,1530.1445842409357
45293131,1779.722516373582
61623792,1978.5966992712329
12664255,4077.7568044214395
99282552,1706.192119327944
57422029,1572.7109480779905
95049365,1693.984686842842
44630924,1679.8884247140677
59932513,2736.21788124486
79864196,2851.448459753758
38025450,1182.4522081833484
43187524,1694.8674182532216
85710350,1912.034054439686
39439329,2215.4000091551607
11767243,2151.8246667862195
40729807,1079.07077020601
95837440,1922.2495665202807
62785546,1502.0546505706204
18032525,3222.415931931374
78515248,1156.0333063407418
64000264,1596.6476269932564
70932637,1447.9950616174535
56631286,1483.469804189795
82611641,1640.4190447666613
14610215,2989.6607079692994
65282606,1865.396738540942
31080502,1432.652132643897
66137109,2183.2392970583996
55286917,1592.0680039046338
19462876,1312.6681418593992
37235871,2230.590265418548
53584009,1308.0694596731687
99377565,2082.589735373419
82994298,1770.0245052935147
64250472,1634.4005439852112
61269314,1032.8165564846083
26299312,1441.429027596586
97300018,2102.4489800469823
74523665,1382.3221739432763
19970243,1787.0838936611335
14406104,1343.542426242129
87865772,1457.1026469033363
12224440,1050.1233153649143
62628011,1619.6998611161334
30735313,1554.0369931684268
12214322,1530.1629894044163
80943078,1088.8728304985862
89421265,1806.6096863128223
72762674,2131.8796436087105
55920835,1338.2730885918315
95456446,2238.316244305199
96630600,1661.6537286082614
20077759,1492.4016285744615
77066065,1631.3844429235228
47856776,2291.513413798487
31685937,1449.3001544759852
41522098,1489.651969068616
30032101,1442.935210704767
91606427,2750.0773764588466
22900349,1920.0857282721222
43552678,2325.727665223465
38881909,1700.6511406199231
77508029,1578.313617093512
95128506,1986.7642536587787
64627729,1189.8238261181077
56744301,1147.575539242312
59338251,2366.0914410698247
19662574,1282.3255177302524
92971829,1571.8086774741464
18409584,1686.8638969656263
71760159,2214.847856685938
43660858,1807.0239845701915
77997629,1790.509511460907
33928732,1231.4002912416734
68629875,1300.6075754717606
48480450,2260.641074447146
54283664,1536.3665450968301
65942293,1803.2212093983076
95573502,1470.0689161980258
45086632,1217.9337510645169
23012000,1700.2068766817858
45395839,1578.33261844061
15432712,1396.7743513812839
72298046,1774.1316733577537
84408769,1638.41579833002
25246226,1360.0181894935497
20056705,1855.7508746556277
67856036,1622.6046565221259
56138985,2024.1394825589723
89984541,1422.537646469044
34860961,2393.408082685357
55067089,1759.040917901371
63717753,1866.9017291235582
89165138,1451.440250089975
22336894,1651.5226146052241
23089519,1428.1616865144522
74572156,1055.578934019362
96120368,2472.808033648045
70734227,1919.5760406715985
43842124,2082.857638630741
98567604,1490.2005970885698
54538757,1833.288365360126
40105171,2235.6383500081183
12135438,1592.0074249779102
73738446,1476.4760768534738
62385208,879.1999670156887
56062641,1873.5582829712407
60234485,1054.3139203385379
37490148,1185.0025098241636
73644773,1523.5451579694184
25147876,2216.8411510480073
98738159,1704.310294057017
36202424,1484.7862816809388
90053455,1679.6492997492305
34861961,1701.6572143762742
40235987,1560.641642200791
25289802,889.8661187981256
72831408,1935.3316629691585
62725172,1651.1741470483776
20547868,1710.477881464477
43821417,1481.9894574550385
39911650,1717.0760444614648
76282034,1539.3902150584781
93532589,1385.566161949731
71389546,1953.1119078444158
26491098,1391.782002542111
63364173,1247.9178345678743
74256814,1127.8682883608149
35509595,1826.8907615970213
18139863,1878.5732587679572
68577776,2021.5257753935246
29522715,1624.8584285658685
77706518,1848.6160868690358
14006179,1471.4082436596434
92579248,1846.8043918847457
59229974,1928.622819253342
62295609,2288.1803014422744
84259414,1746.0177446325702
47815936,1257.7807568764401
81563963,1090.2510972481036
13005852,1573.0261081143055
62738558,1821.7139781653411
57070759,1175.9900075260905
99600292,1972.8824682902684
94306787,1997.3704152101745
95225104,1978.9996788023225
55330216,1545.9023433057023
36532262,1701.3720909754538
46565446,1869.4625239582242
49087723,1327.1949027506234
59534453,1495.5706102515392
48055811,2493.9641780254806
88400730,1898.2449888977935
99040799,1376.6347631895042
54783545,2101.2200262138035
51521420,2344.47904337821
62125112,874.8004237131863
41533842,1364.4597244936504
37548888,1630.8554327428608
15800993,1252.298361437071
72777210,1685.5891414788798
27213732,890.8965586731717
86541928,1427.717721968494
24899277,2371.549763445555
87153365,1384.183501170574
29377093,1934.5292302805863
17126249,1738.9412634896912
83735200,1937.6046361535068
75294081,2101.4201301442918
50305812,1164.39552036772
80598326,1381.8862462864895
73085224,2130.1380185654807
36011967,1897.3504252346065
27344122,1427.010842841655
65167661,2170.9623547203946
22697886,1359.3217019500705
79772982,1308.028567354595
75656583,1130.067828259878
28706133,1307.534576599556
94307664,1580.6842588274899
79181014,2251.2733584072043
64940514,1468.5299540488813
42076518,1510.087054664973
38290514,1228.5932696943928
12647465,1164.9333254717155
51615379,2070.5919419020897
58583551,1789.507603942506
89324282,2024.5468680485278
53391853,1650.5565917896593
22488467,2146.4510783607293
77912827,2237.5152816173886
92699296,1860.7114417733492
98391080,1468.4514130942525
25085429,1241.026122808793
58232338,1859.8116941732126
40856740,3323.986144442939
86463099,1572.1951530489855
30661871,1496.6857894635327
43294411,1596.728200197351
95379944,1879.6924815227048
10473693,1782.127462820681
60542399,1836.0170205148734
52521598,1776.1370344055326
78214020,1278.5363051930785
42119756,1108.554971878094
74645008,1312.3298086435825
68736704,1601.61510346093
13851365,2020.8004647888315
10956933,1761.326387766288
76588396,1587.8529496204355
48664414,2181.1014649362996
75409758,1606.7958037937933
60867152,1314.122213043001
49408128,2017.968016976512
32398201,1379.4857382686735
33820657,1306.187995973571
99096183,1461.6288338577294
71729207,1561.622961818573
13424233,3177.0960157006703
69313487,1376.152624965648
51427900,1426.5575884846749
20461232,1852.9892393597015
63893951,1205.8264420248888
93871936,1320.5219700575294
63699477,1712.041476029141
96362629,1547.5431292714927
53928117,1224.1078748966127
41164553,1176.3987927353396
36908648,1736.059303915561
29666927,1861.643746490728
11938394,2083.880490033095
52496134,1965.3520349943813
32481667,1900.0629167913796
61487441,1438.4008014017945
78992007,1370.794540019503
52895411,1396.3297710625243
58726779,3372.8896162219553
20458217,2457.831635588079
60265538,1703.8138579511212
48479448,1209.8582242388848
72404425,2017.144734883358
91400370,1053.0659203630412
56260955,1489.4821207171176
65491665,1646.6002116195918
11663385,1309.9289119884581
18615500,1100.5368302306576
87935522,1357.3306368876058
58889457,1839.094072163725
19169471,1938.4342519719542
66133962,1866.676856854327
66731452,2144.5546955893774
39410896,1595.3577576731927
54940054,1382.033813184732
10662394,1353.1230052718697
80972130,790.2854063140809
45235634,2212.9542791429335
32971413,1018.7781987705337
79283360,1217.6735657803356
67055260,1231.239237594721
56118755,1672.8455295351978
29230461,1546.542458957752
37178907,2105.6149940147943
80400106,1668.7962080256416
67091284,1518.161037013771
54160936,1485.8451854138875
26849200,1691.3447450459314
49585462,1316.6059504984455
29429374,1463.7808199622336
95616903,1614.86128932446
40605040,1565.938829740251
77364221,1377.2476877449153
63366619,2116.726705151839
82932107,1594.4509537263714
11504000,1921.1618334890409
66338948,1729.7946864713676
17704772,1637.6830812213336
70406271,1400.8034143329592
78457345,1539.891041185178
47160363,2171.065047101933
76792443,1125.3470172066627
76133904,2648.3566891548935
30534387,2343.774747242306
27949452,2274.87716403978
98920505,1640.4499305992817
79101538,2323.2651007214163
41201623,2511.992892069774
16952322,1552.3874112425246
97020909,1815.0537837459447
76043497,2122.558010276736
34495964,939.9501558493436
68971691,1415.823541808049
68553106,1488.9318780763926
90311747,1485.742963059748
89361909,1755.962386190392
20406930,2505.161508011112
38933836,1217.2755734428274
38377549,2563.4287147840187
23346090,2306.027321435138
12625694,1293.571550484133
57311677,917.9722008904889
53924641,2791.357400962358
36865701,1327.8055364648117
22626294,1398.0949043641442
94697405,1702.4038531541305
89675917,1369.336243556634
28055737,1609.613784738767
17371555,1017.4836960656592
31452123,2190.519652276449
39910354,1528.6685628800024
16661684,1154.1545734502886
11696365,2025.711666733618
13890760,1529.8357089628876
23308655,1584.9301305662248
58265470,1663.6539876331767
23915393,1655.9512879096133
47202387,1685.1604332181885
63170132,1491.8921684111165
85663208,1878.4947629235564
11731667,1233.9174091168543
96387342,1212.5791004031407
56912577,1425.3557501215732
96546739,1576.4765961437624
56118135,2898.3916287247093
65848480,1395.0586988654059
29524312,2069.0143321123255
61207733,1865.5535342730086
95068416,1543.4736580724566
93730714,2854.947510259382
58209441,1634.6907200554942
77468100,1317.46068812356
94556768,1376.9775598352844
66214153,1298.9092353947917
63178801,1243.9138733360173
47025809,1772.3738845730968
17223815,2340.653499494233
26808769,1482.6602397049207
25114626,2702.7652038787255
33184251,1318.9119386855475
38562723,1801.2726962123943
19383477,1392.8427862676367
81390291,1616.7163214221127
20998216,2791.383262601348
95233875,2064.1150363163033
36756234,1527.9894195081047
80596646,1619.8577722297077
92304937,1597.1587010243925
37613954,1233.7173005287082
58590718,1777.3257520449506
53992915,1185.8176552169011
54005253,849.8223942839331
68781482,1377.88281975264
70720914,1486.4383348251972
29283338,1302.576448117189
71373910,1952.0092772565806
82737999,1152.544321488862
38789318,1848.5201565015968
50526394,925.3212370933982
24047944,1549.1698039461478
56710540,1296.5907822305362
18038779,1606.985110359811
87817642,1742.8500377530595
54364617,2015.1845993557145
49277751,1355.4340869951561
50647092,1259.9984374293547
74938295,1400.4856942223394
94151619,1578.3034428266315
14146499,998.6916621442434
44114070,1820.9371356299978
71013634,2018.3571944330524
92727921,1025.1311394266786
23408005,1820.0025963084245
55353418,1919.6065221479953
42627732,1076.4485809658686
52380113,1835.147300785613
76380932,2177.5788885038282
85051446,991.1258865017727
13441812,1196.9527002949058
75634466,1880.4017649309517
77418032,1544.7591659605378
26069913,1896.13147595915
56951161,1221.9516714104711
65568116,1512.8473773490678
61527594,1526.0743675039766
17428821,1515.8550058227715
23710142,729.3849538115555
95218141,2473.7681091204086
64929695,2174.6339686384526
16991389,2224.7131789431123
28240625,1335.2197107805578
27547150,2698.8938720688484
66381811,2725.8111903473155
33749942,1359.2970544575103
35190059,1419.7176056151102
63026525,1156.5450855627055
52393671,1629.5591919859366
32813270,1787.5609663594028
49072955,1368.5571281873108
39300176,1731.461579818799
46915044,1712.9219533851397
59260240,1360.8980060709503
12697027,1265.285513646024
52828733,1272.8405785984946
73335938,1470.9514200307601
55961268,982.4111467575581
13325471,1502.6327124150355
29398613,1171.5410267626073
27052291,1446.2728862573933
15955952,1584.1420802975852
23271818,1776.8222306285757
99724134,1585.6216123802267
24071058,1335.7826456603088
31560904,2118.519748524405
65419988,1505.5216409024993
15085530,1299.400009193882
19942722,1876.305956603647
13275930,1387.356065468463
22982323,1885.2055491863641
36522599,1707.6055404329695
82021909,1505.6406338479194
68645790,2854.3925364048005
54788650,1688.4465782451775
42678082,1929.874015081739
60925510,1257.7834519887365
88286089,1275.1263353514541
58263484,1680.477284803221
65619117,999.1786337779247
38104250,1719.2106458986773
13756583,1812.1782861412817
60053914,1275.1618191243294
64871810,1679.461479332915
58457956,1813.2686710759845
46159970,1604.1739450196833
68250229,2299.642567948922
47390028,1484.8415554353076
32969075,890.6138818970176
53581810,1601.8212211374375
79530731,1917.8580942533806
24487509,1721.482643147444
69933962,1423.64316121928
65663302,1478.6534871659799
12423653,2033.5735237237009
58871872,2095.452997930221
58171151,1545.5347217399885
30617224,993.1100636595381
69106909,1672.311773269936
13212070,1444.6335468683787
68351771,997.4966496818124
87624917,2164.559155711409
11970895,1841.1002185435932
44431758,1596.4695430006666
16633955,1365.7770756258267
42590404,2291.641545734795
86953915,2085.068057806987
15250738,1640.6305995890789
44832140,1003.4431965201625
73698594,1410.2043819745259
42128660,2059.693118754134
79549553,1007.6437271113009
71619272,1569.3030041481404
42016649,1142.5721765211667
61877206,1014.3317930348724
56572912,2782.9232642993497
71598751,1271.4139592172528
34544077,2197.2152018483976
28672236,1311.2984356478
68689312,2501.0747764624366
20267244,1782.5650633077844
68781454,1338.4649321603144
27270801,2169.5352890468494
37219515,1669.7886157296716
12011866,2282.862590177414
98392715,1253.241955907783
87201351,1053.1242659455327
14908777,1121.6551299197163
34723195,1941.5570690924815
27339925,2350.0873012354523
65420496,1432.5978255012778
40933008,1620.087775641538
47440503,1120.8668888623006
94970875,1288.8735880123768
91029594,1835.6574118134567
65336637,2291.6315686381968
82023374,2005.722079045686
11380763,1607.2208077371931
99699540,1273.3956656138266
52649545,1290.5549344550932
46299510,1462.6922741561445
71452565,1093.2631610557328
67641699,1060.9100522205774
12714684,1490.8172510075583
60016742,1122.5759567754703
53641525,1329.6211931746066
43542290,2315.9064465706574
32126954,1677.3033796932477
38213318,1536.9361412898772
19971849,1482.5441331793515
69256669,1443.2698016710883
23756854,2143.5464543825237
62908704,1333.8730500510273
32399173,1658.996437629603
39238887,2358.6872668512187
94428578,2104.9230634332826
52458139,1561.102574332485
80574227,1327.241817282004
90487261,1775.386254223442
31852005,1236.4229565246364
24086418,1188.541226497813
82209864,1283.7984080504657
29014855,1247.7066124913745
56782601,2011.714579173142
24702075,1362.921806282819
74660449,2965.422333920298
40117654,1393.545929443426
60385260,2474.8418757541704
35958980,1749.416380829406
69458629,1963.7540807671144
92886159,1487.17187046983
97734269,2429.09911673478
19053695,1855.6331727466186
22371112,1907.4473288208458
49183639,1607.0353316098694
53526975,1384.046121916946
26290335,2223.547617152547
13359830,1406.1118979190576
39340686,1599.5433314693123
85521089,2004.7914999021746
26704193,1860.361649618775
86626423,1744.050323034728
80675333,2041.0831932021104
38369741,919.9697999692473
10428306,1795.6170303962272
18197840,1093.124565320181
78586780,1665.8710610805674
40311310,1737.80777151327
51507375,1507.8654074512897
10857110,1938.0833723049286
88736789,1601.0978736448228
10823128,1270.4563257198292
75933085,1636.6193330544668
87766438,2251.2864278461716
64406530,1446.788208042494
33833037,1663.2456445130272
51715740,1394.1419678142781
59611801,1752.1556686350896
74340374,1466.724316359509
55507333,2009.6241195831108
10416536,1784.949053030203
43556040,1627.2155890829479
63137873,1860.9682955967169
70387789,1865.2552313247063
29408506,1124.2099698355964
38244388,1575.3554444311753
26541311,1172.6871325922184
21032019,2133.3937069125313
95710332,1732.3378248138954
80660421,1528.2351116501395
81086775,1721.7245217891802
14692465,1612.1297234627746
35590067,1881.2026477530635
37534494,1087.1768080326888
46669694,1257.7799648908808
68379291,1612.8305735096862
28943151,1559.9850609280725
85214973,1795.9344939834555
49160221,1162.0684362101442
57027484,2312.8328236622297
79515834,1772.651687981533
48903593,1553.4611270745377
49944843,2067.1099586417954
15919205,1087.7424033791503
89043859,1335.9902576817071
22557888,1683.093375788052
45588391,1599.6286787299448
67323319,1424.1922158395573
67813677,2035.8326040465722
94570366,1827.2854002988154
99333664,1447.2074633534473
62452475,1630.833252304879
27164888,2139.098028613411
13777597,2555.7046608077603
58863729,1166.158431469406
75372835,1450.816743161365
46531922,1437.277837917107
22638297,1557.3613870817896
43377425,1512.2889522311634
45061752,1507.7972319010578
87232001,1115.204696594998
99721166,1405.8900934904837
63930988,1618.54601853248
67323116,1666.9308526667248
90199043,1064.8444469736662
16025812,3081.1633403463757
90192151,1688.9261713328194
85194090,2833.4518261623266
82716623,1863.1478991246477
70041588,1107.3322202939644
10909503,1449.7742492965453
38910820,2009.8503088210223
67605038,1746.36641161883
22421268,2074.3865694492406
12483701,1475.6503251909935
99756084,1727.1271234304113
72806047,1432.7668018206448
82569264,1623.9157253752874
85085562,2292.9628670098127
51688242,1460.7906030274034
67031304,1662.1808482683741
67620733,1565.7204610117253
15399183,1481.8447380795837
83228475,1832.2142113823113
59551778,2115.03025841513
58024179,1246.0693532014402
67130514,2463.021586612181
36292117,3274.361137378241
40708056,1950.279445709934
16154757,1749.7733185026987
56077131,2011.7087990452808
24589481,2010.5880766263504
73507348,1111.8096885849804
98283340,2021.0322461611493
78682956,1784.6815772165933
48031966,2020.1640511456453
54069937,1320.1695873917574
12509398,2204.8425054405575
55254106,1344.669253545892
99797445,1770.2467616178474
46298966,1860.3596473597622
97439691,2597.266231102313
77392495,1054.4027776572389
20307174,1914.5935160867257
99295729,1439.2679979472682
13479279,1813.0598239884544
57906842,1557.5965429129765
11957267,930.0837218486618
46011088,1377.5385878117504
40051988,1823.7915935198143
76565808,2195.770182367226
38007540,2032.210047359193
79111798,1247.300374681471
44170417,1186.71219942895
81747003,1435.6322939540578
10689207,1530.7495503992827
68762949,1327.8636491551479
41533253,2146.761233310396
72624609,1256.7426611955661
95729378,1353.9650559123957
63404247,1863.5224008226237
66851416,1520.3690278736133
52878792,1340.9901097810648
69816189,895.3445588789541
93215948,1410.0863097542804
82196067,1793.9725213109234
65951347,1403.8471446888248
28150709,1424.952010450449
26445964,1180.7236147165258
59886188,1396.4309949218564
47858132,1241.970289809029
10617528,1459.6348491865283
26555436,2561.5646640534374
75176293,4927.515072840173
15592659,1554.7855572411702
17002563,1955.9663998245237
65418918,1627.5841823790615
50328250,1510.932274038581
29587649,1549.5918014884865
58771361,2447.2061194530716
11138502,1408.3832897929958
87806628,1607.3598499146974
92541302,1381.4993489559056
20045193,1378.3714776542056
53943287,1389.092385996973
72973012,1799.19774107287
98243897,1529.6363248729317
50425980,1166.3167518090445
53891279,1844.79538105053
12653293,1372.0098290329063
79516817,1638.5291634483378
57736550,2013.9628679869127
68504332,1104.3506216282642
51418176,1919.277747456626
52844688,1618.3011935064299
14924228,1460.9222266342524
17385055,1742.2467219779057
48584675,1812.4274396361343
84113591,2123.552679788279
24176804,2053.160389111985
42578288,971.9429398697838
22976178,1939.8302465059517
59427067,2215.015050850864
62214101,1583.616142669609
31095835,2248.0699316302307
61084952,2023.8574592450555
24538640,1323.6506755032374
17397516,1920.3158822050973
53588939,1196.782120565238
64801503,1346.1812899549943
22306102,1507.4543401121068
73464976,1554.2220879535253
25265317,1110.166259514179
67321055,1750.2019723039625
52652991,1416.0951077232085
77364707,3867.2104897618215
28941979,1215.4176968767608
74248679,1376.5591367143488
67415672,1027.9561296978854
80048641,1804.1797824739153
42348096,1624.0358861887262
76460518,1123.120640218799
34956566,1630.643169620219
77002192,1626.368456819714
88577445,821.4376414661531
38297974,1160.7748839004826
97975641,2112.474111035066
15692698,1670.889947346234
83507949,1531.0195106071924
91740530,1598.710548352802
37895673,1370.8904539464834
19139820,1957.2833289248165
89742287,1165.32792231252
63175133,1815.651671592467
52867973,1740.9530939689705
16690451,1303.7256679991815
37055011,1674.5155029598072
17248647,1483.8743068452375
17328412,2011.6080489991818
63923102,1642.0277797213062
34421040,1634.7627627598083
99940233,1816.0121802793399
45814646,1661.8286388262136
58613984,1234.017738378147
31285738,1311.0343114311627
35071743,1549.430229769689
52223959,1633.302006112234
61904367,1133.1731928728695
31525138,1546.241813930391
73171290,1285.9173095158621
44582195,1464.2836157148538
90109527,1399.003554649488
26952082,1324.3008937215504
53620380,1343.305191425629
94287883,1136.3945196898555
77186365,1701.669895514969
33864808,1673.734708992059
70959138,1990.073209565534
52099246,2107.5974685006527
22249291,1957.7219231134438
48803280,1369.0440374349703
89982531,2085.8895887119106
64289923,1294.224333492299
22000557,1436.8806986137215
26219747,1244.1541098507655
31130738,2210.3475270310673
32445244,1212.454608157755
75236281,3240.2487221180418
13587715,1416.2583338164525
52514750,1278.1593655253441
90786271,1868.9548410126883
15005065,2235.7158552510787
20097518,1170.3819650708529
50625868,1986.9846837686446
84412981,1579.7092192464415
92773944,1975.0159917229403
25312123,1006.4946960978367
70396417,1810.300313653243
54865863,2464.2445784918377
35803808,872.6281160045021
59597265,879.5467379173874
93311848,2324.3770479790182
32340446,1680.0125175376465
96794801,1637.7353986510966
40380864,1390.357491759979
82007689,1780.738643220761
84851707,2310.721506305368
83174692,1941.8829687379784
59083400,1826.4221278765626
17580169,1312.8492545521945
18219500,1394.924287416397
87811781,1654.7733189010785
14088369,1114.366034358041
67659430,2266.916664113996
42456496,2171.019681924715
87353322,1680.564586139415
13917344,1189.2476588889679
19886405,1497.2307019218701
77800166,2168.452487406668
77068569,1829.9564656127573
88362858,1586.8752038830721
71241476,2626.442813726526
24814654,1361.8814403010556
46691706,2611.406101407225
79162545,2079.252431256387
42908985,1737.0606987670963
74936566,964.2321101783309
19620916,1878.8689124100142
54347722,1503.8689701622357
90271799,1565.0825042823153
25414359,1384.8830027480494
35809369,2691.8230290649935
57731323,2323.3357935880904
37887687,2157.052358768215
76623206,1456.0057230140173
69954876,2348.962923861056
78180146,1810.2751791125334
90681578,1428.0495305321626
41794614,1436.381823261791
83295852,1829.6116855904254
31156145,2597.6764529909588
62711916,2268.3155425073824
74676618,1542.6004249890502
43248708,1722.7642284376423
69180825,1520.997751638274
75624999,919.4047405048262
37667208,1158.6952982004689
77810578,1431.844680623337
47115768,1755.8074826114953
81589304,1437.3074643421683
74472711,1407.8108422574405
82711188,2141.467785033657
55272778,1916.3155819703475
98229885,1255.4419858327212
70058028,1924.7546480994865
90729377,1811.2930453144413
13401279,1294.4611315950106
85519612,2413.5549292525347
17006769,1563.6615894397373
99888523,1331.7441643298685
22354297,2255.9500400284164
43508583,2003.5537444303718
96795828,1462.885724838769
96608998,1952.5410108533401
67452091,1341.6911983640812
40571985,1613.6623907218109
15232782,1610.4913570898843
86789043,888.3507283370204
14046478,1749.9350725434147
45515801,1440.596808518505
26318506,1693.2810573791273
34584473,1337.30936332816
15369631,2015.7398136300712
26479383,1326.0618402824189
81346470,1025.6369110389446
83197984,2013.491757410448
70331904,1143.3370122557471
78907246,1687.666666480434
42709019,1844.0882529730447
97184353,898.1510598618663
35589537,983.793959270686
83942112,1321.9417671709232
58293013,2231.744796528172
78567689,843.141036623857
88610012,1929.814653823922
68628621,1670.7397702973224
51584806,1206.687771004054
29419986,1349.6587263597262
21476578,2111.897012581664
77370060,1529.443886807192
33607448,2552.8351432919153
47890072,1475.6598549228315
11234362,1273.3541843938888
70681971,1095.1954493659377
45196219,2061.526902756178
58136807,1555.026308604445
21383428,1982.3741501829331
38088367,1707.8901722107748
57071133,1375.941854522467
83834449,1759.097243091697
72194210,1370.1192054886046
14582584,1383.7762404718492
16017322,1492.4759448800392
18598541,1318.7314475260685
82812670,1469.773110821643
53563234,2830.031857226818
63779141,1674.6087890545327
70854456,1728.2334364027745
83535660,915.6467871215154
51099419,947.2473546185487
30503407,1383.1842468131308
90802363,1269.2114800190698
84057874,1265.613956137906
93637941,1320.2147612728907
33888588,1207.9261758636358
78183407,1633.6313711353723
88497510,1667.8317191603678
88829918,1545.2996534564768
72639649,1694.7461642779554
15627595,1736.8239655093682
68832460,2596.1123116982844
31734310,1056.8590464929048
69212161,1943.2420127310133
62980146,1414.9763601547565
69972227,1784.8587132443206
53162285,1204.5934928488505
10963473,1733.1567241052062
65276908,1359.455085938785
72611634,1443.008032475464
81292347,1577.3287473131795
34705944,1336.933381714577
54322977,1420.1206664460112
27155431,1331.5232454970192
61373056,1615.5675197546072
64530093,1974.53578043183
44187538,2615.9370372052736
29110806,1282.2156965034383
34026881,1572.2843588829348
67734035,1688.280211934402
90355788,2015.1998475396517
76930932,1388.68282923395
31194080,1420.6801936979832
26948420,1481.6097067705948
60117998,1523.1874298131465
23540580,1883.4168976990445
29255361,1677.965395434304
47322059,1405.7903892762652
50570727,1662.7621480460343
71874386,1241.7678435506186
27325447,1223.7997076185063
92986477,2533.1821164696157
27856293,1594.778676627448
55159001,1568.264612469041
88660196,1646.4996978365523
82148252,2170.3666908738273
15421314,1791.1285443091099
27620141,1451.1375344805924
12348320,2813.4316662731408
84344897,2265.1166219085912
10950855,1786.700531032126
44290434,1573.855626568427
84843689,1446.7679604251791
85814690,1270.68363077095
60406086,1116.9592508334963
35395832,1903.6538180105927
54621645,1433.9854826693172
29154162,1472.0460321107723
40230589,1051.2740378977699
46902130,2272.929921292108
70579622,1948.6344416828674
86272378,1476.6175451145023
12294631,1763.0028299672103
29412564,1271.3212952366644
88089176,2196.088892575817
91193188,1552.1099876026774
36523137,1399.4929111621213
54050884,1744.1713343036472
19187985,989.7899973057677
91884750,622.3274286819671
77985469,1068.014968206012
19362736,1314.159482104118
37641826,1260.1454093521866
17997673,1577.6221901394701
12296621,1447.4119243985792
94210085,1411.4194815016187
84475360,1672.956385266993
44450631,2524.5376576852514
96917819,1787.2504585876245
76581579,1588.7061650466692
16376842,1107.8183109260904
20378565,1872.2523189468857
67149501,1333.9989459797803
74149592,1572.8789341796048
55437574,1221.5643942623692
86258875,1107.1074793434773
25154125,1569.8685953132522
64289878,1348.900406210255
59484061,3491.814732608036
39600891,1964.2021033868882
40907835,1230.9632637629852
47183606,1497.6694747881104
71132260,2253.586836260708
19424487,2037.7450960027393
35720925,1481.3096736530292
74210516,2501.8342072882265
53089641,1666.8344454284766
27778699,2310.7123646733526
73489375,2798.8996195184664
46042524,1083.891404996057
59554727,1660.9170114716176
31273971,1644.131220121723
31543147,1238.5283288074552
74490349,1563.471989188225
65190591,1130.9803735394626
21122660,1660.004844365718
54597323,1865.269718228517
77569150,1244.863394821908
68093533,1362.4080498508038
87099884,1043.2416523921124
64825958,1084.8631509714855
27545112,1447.69012825796
87791632,1521.9742727779026
93384265,2000.2469584795144
64047299,1165.8700154718213
23357980,1413.0229539935808
88585802,1498.148517663502
26754357,1916.2892954650204
99964380,2520.6115781831663
63611208,1043.8513817774235
10618556,1120.5224769012598
12155276,1581.9277508103783
56528554,1643.198238270187
72203638,2419.315278892777
48174886,1838.2988488588057
25749233,1955.2433707930522
11912269,1204.2534665889166
14181748,2063.421848071933
77013810,1876.6013673677326
59885886,1544.9381140159992
92982194,2438.7345967461924
88065861,1592.5476575338123
14857189,1840.9734745177077
60358916,2012.9288077775227
72265262,1558.4238132404712
20471623,1724.9204085916808
88951362,1469.6873718465304
22364003,1777.7344855548426
85137999,1754.3709194303508
84176549,1690.9503611128498
25849299,1393.4351266422411
21233903,1641.3124340664367
95963515,1513.3740172867806
47630408,1623.0082451793
38763223,1276.0899256273647
34812513,2037.2799042820498
77372953,1142.6188364707468
74724495,1893.9419802166562
34162435,1672.8401275675196
60046268,3030.9397212908307
19475755,1475.8223606550537
89620481,1288.1087524444229
26981207,2248.8533521602103
13918048,1327.50306136371
36590125,1497.956280302536
78119113,1070.5140847031166
43245514,1709.9756959633019
88082339,977.5671122313192
62738760,1457.5678749170222
55254407,2674.3944374610855
85112378,1559.6829416973985
40490983,1223.0477737780436
44048989,1622.9542727750722
15551565,1587.344145400306
27681538,1290.0316055840985
98232104,1287.0546733245378
14018289,1456.166712914913
82522150,2612.1731607418974
65483357,1217.58099605565
94158408,1635.5097153307888
50266167,1860.862091704798
28805175,1974.3302632557447
93929668,1119.1992297613613
15540290,1632.0788407196485
98661090,1560.0227556381028
50074109,1711.4788728581198
85017115,1368.6821066313832
99914220,2241.1700188139644
76334714,1538.9578695466917
38140938,1522.003802672624
93933852,1245.3026735129395
13190892,1572.8472436220638
67747085,4069.2727320912422
96389355,1796.268197955621
42380180,1279.0437135835919
55522772,1571.770249589188
18839853,1591.1767870285796
93030803,1622.884384829126
19574384,1615.1427963255542
17501488,1532.1637821810468
92757638,1100.8505393586595
47546392,1660.3273051475721
56569095,1845.4285000135164
34392418,1729.4479055780312
49367171,1857.5137627135882
37669142,1377.3283509718087
33580264,2035.7137384083799
52617381,1450.9129701891843
13011861,1510.737952503045
97498208,2124.078500813837
53388262,1482.2042781054286
63018369,1620.316774744758
59266953,2322.3334232060965
33256210,1553.353374734338
26585585,1490.8193599603424
43342989,5414.03961677979
81962175,2384.789422968819
54752385,1553.319273709165
12906623,1080.962859731671
12144505,2353.934935557983
47329191,1492.2828906691657
35302686,1613.7742516160465
29541158,1519.0344939390814
80447228,1480.1758614331684
56399590,1672.0863935465509
44327442,1580.0086004398133
65756284,2365.221771852238
13967851,2449.774231632232
33766889,2195.223095506556
70886578,1342.2237263111747
85448456,1601.7593381085437
24208719,1500.295699572217
72059158,2015.5366679910321
30666083,1477.7707882519608
45090209,2086.4161969181923
79520644,1980.6850157211873
41015799,1680.144784499688
22610356,1048.2346620736234
46940244,1241.8377902943264
21443863,1308.6526550078006
63769088,2238.940312061126
32298027,1445.8741754643193
26046152,2076.146225058167
60326272,1423.1744929194226
24693880,1652.5413924194154
18317166,1911.0032803932377
64265688,2291.9665791615957
27910854,1317.7452139122613
56810750,2216.2669030254474
97007881,1257.5138268931855
90317702,2629.6637829625233
81231529,1562.0163841501671
85899649,1537.2211687233762
92087175,1356.371024231958
24070483,1526.7090239881009
87629146,1119.9370346631713
11101794,1426.672322657619
67889079,1664.8923700820635
25576186,1596.6253415371395
67657245,1824.0282985506592
74992266,1512.2971864818005
83091668,1467.1329081196202
41547362,1458.982331561275
75141878,2953.0329475623644
11562295,1033.3639971753296
23748006,1522.317944254623
89825179,1400.977512534808
46505766,2732.1605345050175
36098274,1978.5112763917436
61326956,2027.2236626638232
69020339,1420.1771522059043
35844282,970.0591829595631
86014291,1750.4881238454254
72500654,1425.6072436342492
11567986,852.0346323879357
95910506,1042.832367545816
73565600,1862.9434266142762
83729347,3709.3348261625047
39689433,1205.1378771477207
26513864,1163.4950352044075
20449852,1534.5679358295954
10382065,1553.925363672844
61096786,1205.3831732939407
40823824,1621.643047549756
95687753,1119.226812186207
88043962,1963.4765922697575
43192291,1709.4989533049215
18631499,1543.7716021092363
27194752,2424.2530396829793
48023684,2458.83361132907
76180232,2023.8328363441387
99345059,1544.953685579595
46554999,1392.0994549235243
57537267,1454.867250921775
72087202,1327.5359296055426
60008708,1384.9726950333281
13534295,1358.2771464217003
90971189,1806.6289584372742
55662480,1004.8381944175878
81189360,1646.4162876773867
49401774,1725.1835676459054
12131946,1690.98714683308
78732926,1915.961089673056
38392538,2280.3351159124713
64273801,1449.7822263323224
62858255,2611.6365867579225
13288053,1577.0181780167445
80940080,1039.541940048226
73197703,2276.0888364061666
88918806,1645.2454364314672
45088467,2053.044978078423
42105313,2048.725555445464
51515302,1594.1704985283664
85071892,1344.9929758097965
23401512,1297.9860565055255
70514922,1346.6930511219512
53367560,1686.9980093317777
30799466,1209.6126928862168
87442307,1475.0286028003602
84081332,1671.2775075316606
87505658,1069.1921106640302
10151086,2014.5103102498379
19254776,2134.4674042614224
38019521,1381.4050556429029
40151098,1700.5198505233543
75965212,2227.710274293283
38667600,1252.0513114712169
55646285,1440.7934331193196
35548301,1350.8367649753131
18737005,2380.6456482923504
76771390,1655.327401310909
23778594,2600.0419893882136
63739797,1265.5375485567574
40559434,1846.2234436677409
15970404,1403.2677356729682
41963393,1654.5803807420966
36850376,1747.9789017076876
30703622,1207.9991551568928
53681130,1530.260540962985
52524172,2857.804263928636
78986568,1708.809868892873
60868659,1667.5816370083517
55970571,1356.1614980266959
69603000,1264.898633166386
24475423,1149.0009283059574
30105284,1204.8453603616538
42638975,2546.9352833760922
54205765,2270.9415610254846
77026950,2175.5894295369617
55738198,3198.60811718028
49309757,1744.5788991197273
52256145,1791.5200050613512
14972722,1416.330129139613
47613103,961.7133657238602
31244414,1782.004167843245
67669646,1829.0371193761212
85221335,1573.1770067431858
29598209,1441.7056639715802
64960038,1680.9596537190546
36072721,1981.782538383945
48855526,2162.274900057653
40290168,1454.563839418618
84094689,1791.111167301985
64780070,1459.7385730095543
62238032,1456.1055669729049
44102009,1963.9238502798917
13443938,1485.2601181275368
27288438,1217.1574597718056
26505769,1989.6587638085314
62425735,1849.1781191859764
41742405,1918.365014379085
35508108,1496.6116507845768
67267851,1559.0440297370128
65786198,2051.4711675033586
69652252,1417.103774589488
78338794,1852.4955823545874
98205508,2841.260442142183
90079134,1804.3586357296927
89240929,2400.2690261991315
59365630,1278.8238149586655
16423455,1575.2219690811603
30410578,1359.6434025158417
41943183,1951.3773977840867
17181615,1377.2125295451629
31537031,1656.6432685334785
55634963,1390.2147804667813
14790401,1726.9688248172843
49470022,1467.9305043053055
68137744,1956.7316949944627
10800640,1287.5273486810765
82878129,1385.6394630586221
98099360,1853.418179705687
36414556,1948.7391979653273
74858657,1148.812039283027
41406039,1437.1964466515874
67297495,1267.06739291694
98019387,1745.067552500297
17133275,1467.7234925821208
44434588,1199.1744532331354
23385843,1710.8345361039696
51805988,1674.9185549764736
65443150,1690.437802973663
77624321,1478.1261984574717
80056192,1500.8208729028743
92008819,1546.31536523135
78973038,1017.7020429875015
36356168,1740.6188224154243
23051465,1375.7841985485716
18225590,1669.259131752588
30705007,1560.8981115717902
51916309,1569.528848986192
49014177,2068.539591294054
46939883,1628.6027766430907
27552020,1347.789700127314
76064439,1117.5878719394318
42732794,1899.3183554366688
78185687,1055.1667912551056
37150067,1447.3758062303557
60216204,1424.69404252417
67861895,1828.5289343551794
82668831,1255.2722485973395
26865256,1404.0428151724996
20296005,1630.1469107549783
91164112,1515.9783483722217
48751412,1565.9873568692947
92672083,1862.0350142037307
66451503,2068.5931929575468
79223008,1389.188760352789
86295795,1304.0934952825746
12188395,1150.2842636182982
33148873,1209.0826294598542
18236078,1708.280664721396
53763750,1177.9008930072641
90278346,1732.7270960109663
23921552,1451.2197448149109
60806947,2733.5028763887676
87988487,1201.13211901983
33594333,1413.697420986677
51767697,1537.030899683496
76176593,1695.4981633741859
20106678,1781.0117268831264
89323122,1291.1729158607322
15084276,1769.543488246155
46737280,1851.9540504874367
27725859,1206.8390823452723
47502584,1500.5284490897566
89375361,2419.092475645215
54279167,1634.6123572467895
62834953,1150.2009700124102
51358955,1623.8735533673685
43105700,1536.7733528303986
71610282,1289.596159012057
79952909,1927.8968825556485
86913278,1228.8110496755885
72344233,1938.7004431200473
41143291,1179.0826504638871
47312733,1477.5524483845695
73376655,1581.541904066862
44219943,1031.357367902849
18665144,1410.2212471159326
38016360,1741.5359114179516
50277432,1416.3252998217347
14668690,1319.8119816633416
44041678,1829.8329282235075
68597599,1027.2470786810402
55600173,1723.5262765534435
78109218,2734.9333788426384
43432402,1952.9424046524666
57793276,1660.6570969104973
82143513,1720.473567791813
13373907,2509.1752127513964
78336625,2242.729950011996
51821030,1868.5748347220829
57620512,1076.3274492046112
94840760,1452.5644826108378
71866671,1646.168878634363
12967437,2811.9004909149076
94620585,1463.2670888159475
45148967,2167.1796157784265
28096166,1319.3512359448537
76948857,1569.54910398612
44584760,1197.250465575522
36577484,1849.1280923852373
63103602,2823.4298466309842
15647671,1811.2560009236472
86020607,1939.0483268269518
80235014,1442.4403927959258
40496834,1196.3617540524901
98549441,1685.5008411483245
71915619,1763.9908835342317
27813348,1885.2957104575335
48090735,1628.9587317903174
91818207,1875.8501435675264
12597429,1317.4221302268174
99318296,2214.9817276345984
38085169,2367.0072333097296
38823071,2021.4752697861504
61630311,1897.3022698979373
78195551,1890.7828204061086
88131419,1478.6535115269826
18300026,1525.6467583090352
99585455,2026.8419672836908
51530595,1972.1586940275724
94166971,1396.1639432585632
13633057,3301.837961109335
68298368,1240.7279391364013
69215865,1820.301716284282
30064972,2123.6172410036133
96997224,1641.8309152166698
45138943,1176.4891835046674
21749235,2110.0324375793202
62856234,3240.8375080951873
23982292,1004.7860740157874
17686144,2283.968058418894
57256437,1794.5596168980169
85469927,1541.148412003071
14451732,2177.2414066848796
85268432,1439.7180186300402
64602955,1284.8073042114174
74101500,720.322502428841
80083521,1493.7560390720798
11433359,2325.402277535054
99198713,1253.8450496891774
12281135,1405.3256228544064
60094475,1384.7907756870964
18817746,1359.071652941775
80803307,1911.8629724455914
50415370,1447.1991356447882
65098425,1667.131359831836
52785060,1341.3724125963129
76797423,1556.106241412859
57752962,2272.576932437698
30340212,1530.7524532583425
17309152,2577.6424024530443
29046975,1770.080653289555
58339630,1643.7811070256766
38269849,1076.3087691023975
65498444,1447.7215625659678
56278811,962.495330747361
65904109,1213.6783799989416
34436387,1961.138075276163
83162633,1678.9869421638273
41922575,1367.4270708247527
67606284,1438.798469096057
74148614,1401.2025303902778
31898202,1598.8693389976145
12816787,1869.9367192788222
73390625,4327.627989350356
44602780,1591.4099413367544
59497966,2157.7963673211534
33304284,1445.0770930379697
70931726,1506.5490879533559
44381487,1319.5596297079721
55483533,1551.9029403114623
41096987,3026.4401430668463
60844342,2620.640139561304
46382270,1111.5590237946737
41975761,1421.3301810755513
20086347,1255.6111664608507
82572177,1632.7661584229356
27871083,1120.0896343407474
47060550,1640.0554702834684
44062914,2043.4328550582113
29352791,2615.7456970068565
42368060,1470.460365539324
83186065,1744.2453535266854
86750602,1882.9612793710535
18043718,1285.1006439404177
85319365,1376.5364936278784
93521329,1405.303048779857
68774400,1646.925876361909
27686846,1594.9736478133177
73144512,2448.0876823052267
47707941,1453.9295634674386
91947483,1506.232183898377
54467473,1800.7643403440807
25827075,1491.9091110302427
99472188,1535.4383113753033
29814538,1844.1354279071002
98588385,1297.3027227102389
15032563,2423.122275442449
73738020,1872.7266264758675
11480212,2374.123541264439
75221745,1609.3520888128012
19968090,1548.694426801575
70404205,1365.9361071622548
68659791,1625.2680964748681
33092757,1050.8973825683197
78193594,1886.1190314787407
98198145,2385.861754150119
99767011,1716.3419865326355
56688046,1556.4098021008112
66475382,1222.4491203011526
75692782,1748.155911033135
26808729,1600.9277857052089
32171695,1468.0064184361731
88456703,1581.2562924366543
20999557,1455.0793555445075
28934979,1366.6639811104756
37107836,1553.5349516814508
50278467,1539.2111666153278
61940174,1415.8463432093859
17559774,1625.440142202341
21430086,1935.5194034121178
10776426,1343.783898980355
98097088,1753.592757853032
43113087,1258.5619164502843
12862019,2433.785630310189
44592366,1181.8464014562808
96886172,1544.6265032913616
96480201,1081.3750452984882
85983502,1600.459405457549
23038927,1017.7656783488924
53573032,1763.5202131404267
34553934,1545.5793273723211
51249487,1586.3107857595564
85349173,1504.395080033904
40895869,1230.214453983764
99256510,2174.6436618322914
76469230,1378.196318346445
18165718,1932.8452125084536
96264289,1443.4027194314108
20452221,2205.749849870209
15739031,1337.8643079253648
75157790,1617.5014592834007
28901434,2314.0674439802333
98941473,1427.2052533033755
84489512,1281.7870857922665
11168890,1956.7340241385855
45041073,2036.2175389097697
85582491,1550.5872011593087
14863106,1663.3745485956815
53607444,1295.9777959884336
39640829,993.3927865793435
83896205,1295.8551242477163
66887097,2049.379941974881
54562627,2189.376357144858
60923346,1766.352963758793
85626709,1397.6031793826905
11687354,1329.061288730822
99055900,1314.163051623196
94176139,2005.428863278969
65142810,1384.5286783566658
21025866,1523.2611009321872
86231352,1544.0693321646486
94223565,862.8995148037216
53094412,1732.7372617105584
16579300,1805.8176142088378
68788821,1576.4509990969023
22347006,1379.6493036197114
89447420,1611.591349690637
92132840,1709.6570985067835
61120099,1483.226866331373
66390529,1715.9199599431872
36752526,1901.3279177899892
28673093,2518.9463475108996
60187719,1382.048583549158
47937195,1094.3489086583954
18528428,1749.354381130939
72855294,2309.401331426372
77314174,1196.6542353021318
74208091,1386.7326724115997
25265856,1177.8481478510068
43541187,1947.5367239852935
22027673,3920.906827222013
39533389,1516.7115575228192
28548263,1691.7944774156958
78891989,1520.5049803525756
68562696,1717.8287234418726
45297826,1888.1544673140843
14532340,1623.3199898592688
42487332,1238.3494800891433
79497837,1064.476957783388
48787566,1477.1309315792173
43024895,1290.6944713564544
54043001,3068.0817146687086
18517095,1192.6260242508372
42190640,1642.0561030706285
81702926,1709.3377939525285
20584669,1277.8739654990195
48104361,1337.406994194971
95781341,2020.0866301687086
42595500,1394.1240586949934
34081689,1368.5428086483585
18465181,1570.0879335751679
87028165,1135.1280252216152
25157413,1548.60890968326
33500861,1687.989693593882
22501784,1871.0101326414674
90954690,1572.9587968508285
12079890,1187.1610139980407
24560931,1485.108258441027
57180097,1602.2132411389343
53805689,1278.5062968449
54653374,2157.8829903367528
79714919,1580.5566695901734
52629831,1143.6656919562656
30315883,2118.1085312077075
55900800,1551.1168348948672
62528560,2650.8756169034364
17439043,1996.1557707086897
64302335,2299.93714346967
53498595,1494.5662602823795
92248005,3348.7772807294796
65132848,2043.5321582788192
54712644,816.494032381705
26501578,1192.97458295684
57973578,1731.432097825193
64849387,2113.5416508652024
38331875,2139.750381750618
84564845,1372.410887462037
34335614,1574.3753217512867
18851658,1054.8031058203967
10997678,1338.1764345048787
40768250,1297.4364284991061
47646719,1339.4983234045367
92937467,2013.0708955669836
61661397,1700.1041050570825
48317061,1347.901698307458
97216589,1558.716563973965
39977323,1457.3384043356248
46445975,799.6690541502232
94283551,2096.4488538918076
49677766,1351.9375788636285
85991335,2104.9809034433283
23059563,1816.4542008865872
98641777,1495.4754490180817
62115510,1175.602261068436
63322573,2051.9647487821226
88463974,1566.3885624236425
29063398,2182.7846691521954
94756964,1693.6628882134885
84286445,1443.3260711472249
86644899,1527.7740546730904
58366829,3024.6437464091123
87935193,1965.984575288005
65710078,1240.4665352660631
55211028,1110.6033440192098
20090342,2245.1508156526497
17885846,1770.4940907957878
87917108,1620.6133269426064
35243872,2246.7522122874843
78681572,1463.0434647176098
36496663,2606.3983607554237
88567292,2580.4183240471193
90883683,1690.7770361916248
77163639,1740.6892614714793
70680981,1677.7158339229202
72230973,1377.7641282791942
13786940,1679.188774552558
56650323,2184.0622174675514
67337097,2014.5161642564412
65297160,1313.3627782028443
23393351,1069.4143296139252
43711949,1951.2622257403505
45998905,1813.4028878541824
94413146,2113.6650114348868
30684529,1376.8969924634034
28147355,1567.4256132975238
14737001,1563.0900790685596
55758535,2645.5017053779166
95914131,1633.972416974917
95400320,1312.8204187609492
29157079,1444.2124662821577
34838551,1266.856291299826
79573538,2000.7858094866183
53853858,1295.626705807144
46958037,1984.1235721575358
40355076,1318.4402086861965
79162800,2050.1147051962316
61449541,1677.9809403797776
68870249,1097.033242190632
13256146,1942.8775612719544
23687793,1004.114364123858
49330994,1893.3827204643449
47955268,1691.1713885961944
24572229,1190.3866643990268
85493065,1492.261880799018
95994562,929.501875375355
86822089,1332.4449436296725
38878729,1244.5808005685535
83459912,2847.719289828525
40295244,1449.2900083810412
95702507,1929.4402895572366
97865744,2137.764787688152
81724417,1415.9294672771177
22296895,1421.8135585262821
25100739,1620.7959540443258
11994578,1364.879784826036
43823713,1650.9978989494891
57595389,2771.213220791679
37162594,1808.7099733939153
51432674,2364.2352217079947
96977947,1853.568740218277
69353041,1432.432572230923
97471377,1011.5437680717627
78888703,1237.4497226661724
58472902,2520.9648837785244
77647159,2285.094776076202
63649430,1480.1534351704731
11295973,1581.6135687973992
11886952,2236.0257110490434
31115337,2106.6065330402434
53945582,1525.3348588839758
73391100,1409.5101258954633
16170017,1303.381306106267
96391937,1491.8346319760658
49663888,1581.4734249443054
37966282,2126.1161638211483
91789209,1515.7365498966728
47228126,1524.0005831370408
26588476,1077.3560676274565
87591569,1550.787200394593
15315145,1760.1167191553743
70198893,2181.655912327377
61666968,1910.9067245818792
22175686,1006.3715245735109
63396595,2136.384973500646
18727617,1752.0783121686254
19777468,1348.0274593181975
30527873,1402.3408882546405
95114158,1095.191098388174
41739701,1409.994521915737
11369670,1223.0223381843853
74973026,1416.6511352346488
73622781,1749.3936674311153
52281834,1356.2985946879455
16897176,1687.1694166658156
63339672,2021.6695413700008
94319057,1890.0007515772227
89357552,2182.185446921496
24886317,1494.7443822292921
59666869,1286.2059399731338
72430983,1696.3248729982365
85345596,1519.841857386375
24218852,1418.887369942497
82044920,1769.4065809516865
28204462,1384.305888629212
25544623,1785.900581270229
98645538,1797.763245620802
35786181,1267.704417672697
56759514,1542.3843883943468
94979414,1426.422871258009
52508190,2161.6605383041256
49317061,1735.3116466617794
76293520,1710.5497209037908
67067662,1728.1016565355137
11847526,1794.8497743467788
14139283,882.3833515336178
35602964,1758.4119935420981
61092334,2452.590654699001
69270579,1029.4077456593157
47517321,1861.0379596900987
10542988,1622.285674003507
66912082,3077.2112828798963
42445139,2011.9137122669854
73053729,1264.5663787714338
96699423,1292.8906470882391
18843679,1868.9894550105291
86433075,1549.7187182106172
26883104,1370.8238586228185
19601132,2094.4395731260224
37017650,1415.4961734562157
83138933,1525.9001470017736
73247661,1607.081906783564
59307450,1875.1713448942128
31131827,1387.4163199481
69966233,1698.671287306062
40243877,2415.9598195433027
41951589,1672.0809868331621
36031262,1696.196224619742
42623413,1964.4140006895382
67891203,1953.062466845528
51970188,1685.0412456581898
24213498,1494.7279138745187
96242069,1932.34543428202
41943430,1805.3828193498728
89189267,1238.9202675718311
19898345,1078.6130674602468
60572858,1432.434970902295
34988552,2402.97908350451
91110384,1606.014775736937
75957507,2074.325391822673
64422949,1388.8727293648246
93823627,1021.0375217596095
93745711,2019.6908916488928
17782008,1129.1441683015828
40016743,923.1062452382539
78676337,1921.9760517990821
96591242,1612.5932091792274
83545822,1333.0648761938405
89501773,1090.2764989645325
19293886,1642.0305224097947
58534753,1687.0871536833279
56198063,1466.8907140575134
60777659,1759.4156937918451
65431978,1257.808317897748
94604898,1637.4704725579963
76197738,2243.6111548221525
81980523,1762.0345183858326
41676275,1370.5640757994138
36497965,1645.4486501906492
23177824,2029.178841468315
85192608,1186.275811660481
30289672,1537.535176334562
98138275,2398.966735213647
57817320,1117.0830241064073
42234307,1527.8099318751
35893634,1224.601486397189
18195993,2183.5828259330065
98403244,3448.1364567145056
63004294,1447.3464719652643
54567579,1862.2191096663876
91568379,2509.4856684072847
82476880,1314.81833238755
55652262,1206.0221243734372
20373341,1335.624656673519
58632297,2006.3040153351299
24786934,2477.3862885548792
43722745,1721.3619861438024
87508719,2301.491772945722
80752603,981.2689147751371
16698668,2112.9580971923624
78798734,1650.0972128242483
18461999,2169.816267965286
81299277,1711.6639386132388
91417891,1502.6574655264772
25190830,1865.0094493352808
73164327,1052.1330210351507
92759943,2257.0208299575775
18785269,906.8868789073958
67717385,1674.409599988256
68136920,1892.6216258792592
77810360,1573.4432375049496
62012820,1628.065734637371
55983128,1508.3107250100625
28119370,2246.8863800250638
34978717,1417.9591523497406
52374215,1271.0205546626828
66651771,997.0225902311688
49306420,1832.4671886216033
57524470,1884.1255580529219
50884173,1940.794036633827
41477733,1615.5867730107734
14875840,1753.0921078035824
11186021,1235.8740968201262
36355598,2276.51538142604
54557949,1830.185110719422
69426516,1608.7080677945935
92092667,1913.7530809107752
52668902,1345.9911010890792
63561915,1205.2589511330063
11154750,1886.7094433713728
48765039,1304.202431322938
91136342,1578.0838864550224
41265217,1476.5315528521228
25331950,1385.100988744546
59339185,1670.654917247869
59925803,1164.843638699664
15169957,1421.1091416812276
14437249,1752.7097687534622
98971521,1763.287144293979
26418410,1568.59521911707
85892267,1888.5599660036144
29358885,1148.272685337794
90069301,1689.7682088614504
11408026,1992.4850416270467
77952900,2719.200485067864
83752708,1985.949662743315
15243872,1483.250872049518
20649757,1236.886165834614
94157069,1057.8600451118743
80138291,2498.572753086457
79658232,2248.8083749678353
20876663,1469.172218023166
66248879,1671.8228145933472
98196787,1673.7430968332906
11070217,1179.6144701765638
54123194,2114.5158063144736
86862821,2791.2412881426985
40252559,1509.269193903528
60519623,1160.591241766098
11098932,1597.2243282616755
77544004,1873.3060302169097
43855714,1624.8985924200506
57112829,1536.71331978669
69104738,1313.8326731716343
51426009,1574.2895557564157
96759585,1442.1870901720322
61695552,1494.253102386625
29335973,1325.443000869955
86711404,1753.755552144573
96132003,1388.776584490934
71930157,1423.2048827266835
24207989,1117.324972846438
81239737,1175.1976804685542
19246532,882.5371531917049
12541440,1289.880223621285
10876544,1915.6803612098283
11012723,1685.7720109825586
38854043,1179.2705427852968
78679072,1595.590857689587
39567200,1719.1195083280868
59107952,1604.332936016452
79981461,2078.959879502305
16385065,1696.371223337279
42418677,1654.2547038426878
26750207,1469.1971376363906
92430939,1663.7517770867075
22967094,1367.1528238685964
40195159,1582.501288856689
72466218,982.8063853212414
34482136,2355.4671811197013
13940540,1505.1056452174394
22725269,1871.4831835006016
78995555,1621.8069043677199
73638726,3184.237555807672
64722395,1407.3995910196759
89563722,1540.6381125275002
32568591,1914.5151777773863
45801232,1776.7897298174948
20301291,2056.437365011026
40244043,1684.976060893352
64129406,1339.260251050048
72297320,2153.762648680199
13456518,1967.1567223545246
27325248,1428.5591536302245
33468754,1740.276454099354
60910395,1611.099898945246
32681832,1834.7436310407686
21428869,1642.3161023864982
86653666,1985.5104406049581
32786522,1225.990112278475
64027869,1407.2865888627307
34126567,1493.391746914633
42278394,1859.8397930536978
95376056,2329.4401912247413
99562015,1252.0388482463609
15133980,1495.4618842085258
54026308,1265.8023532487362
76441994,1508.8791659190838
94110128,1804.757517889959
20201258,1737.7338902045642
84604326,1835.3091300290591
27309117,1050.5913348977901
85307886,998.5399958641386
68918906,1593.4065554965282
16328223,3933.546825397524
18599779,1712.6288748130473
54032168,1984.9093569631693
56206271,1687.0504931650603
20991939,1275.6056540978996
78007881,1239.1933145433322
43136632,2055.830918598368
26961880,1833.3263463003805
59246484,2932.1953184475724
97485255,1224.3786408224046
21548886,1359.4407181487795
41405520,1605.208046062836
17265204,1313.191275597544
57594370,1349.5078683079703
86204456,1574.8702955375807
47896500,1360.5060970402938
49072175,1636.7604506305204
57819104,2608.771653775819
38029807,1543.2858419198228
72219430,1405.1058368717313
51835434,1524.2798120988627
40820294,1194.307378574532
39676991,1576.5017187441445
47329975,1525.5049047221469
40515929,1287.065501194005
49496398,1257.90915757406
79829278,2974.5806787135853
25676253,1842.509004306503
83511561,1883.4896770319838
97282391,1336.0694908472492
48159381,1683.9208403060984
26133617,1156.9919050985382
14830790,1391.091988057642
38458641,2029.2506262570578
92902816,1371.3600629329453
67366474,2167.4571371816137
12931119,1792.5069641460266
29119450,1701.7845277489903
69182586,1713.514812884777
95601790,1984.4328737617548
37235321,1794.0110532664667
18453791,2179.9189904284412
73959998,2332.495984907515
85145437,2231.0227056180183
20490331,1564.0559291910167
40505076,1410.2625441678829
39895736,1698.299309159136
36927127,1623.2057900320988
68104733,1746.270024388435
65498526,1674.1990936974125
29077796,957.1388300854061
12700500,1768.1640519710231
23234787,2079.762644050025
32248328,1701.5608068176355
47710917,1036.7721170590926
53904169,1626.7660232827175
41795394,2116.442901459326
81931808,1733.676048895336
89546300,1875.2024318601148
81512800,1202.993719015244
74490322,1078.8852001560595
77716971,2351.3893080898124
76509280,1554.3703057202301
86774198,1384.1098225347312
63795592,2775.147982308228
15728342,2578.7641109199285
97525554,1451.5199627116597
81201227,2008.0552939561308
98995752,1150.1144329212732
88336972,2650.7384549194867
56577963,1658.5907931356905
73375002,1528.1136122386727
92846400,1773.3562827728415
63160455,2771.4363677567508
31277941,2170.2683416863492
44244750,1456.4996082577331
46198195,1108.8843453567176
92939641,1221.754442107989
97399227,1017.7978295322014
32829265,1424.4160675862563
73813213,2694.2704329171966
71142772,2099.4034768247466
26186456,1327.971942090437
86118507,1494.3559154147576
91253288,1643.3574499573942
16739260,1845.26930560347
97712970,1629.3943432282254
33709101,1814.2133593579179
97473173,1152.5854028644828
84445365,1750.5947671963995
33683407,1613.661056051625
55156833,3034.4157801032775
39198647,1317.6588525648056
84859914,2457.207545598813
42321053,1203.9119958084912
26496602,1632.0236905085935
87373088,1272.40157748922
18576200,1783.1514635860622
30304669,1296.2654502111968
97043852,2321.405721727256
65885111,1855.4992093807598
67235670,1956.9519143137172
70791484,1328.6297398898348
80687580,1724.7542224622
15865255,1948.9003737410806
50517128,2179.4772052910366
72791395,2022.0615539869627
43267986,2971.6950414200455
93567577,1276.6320777388041
15107743,1240.824869639572
50225644,965.3589401601412
50174181,1347.9478755791793
41401409,1178.1220288446402
80395755,1588.4448464006366
58616743,1487.1809730005048
62863764,1757.4345371609868
54033467,1318.5358464917613
36905471,1886.9730066956913
68728934,1471.2585332023395
11399296,1966.3489002420338
42319589,1168.104023846191
71193471,1279.4186552138324
67728154,1320.6269770872436
99252537,1704.183389157571
69554397,1639.6246025663218
57406844,1509.9493804092426
17460622,982.5803847075156
29136908,1897.4832154716187
88836387,1185.084844077258
56749521,1491.9618894586815
42038296,1494.5282926238096
27575312,2124.8338342147345
27787635,1618.2536646734063
22639453,1715.2710605192353
95074248,2597.570514675424
62398547,1536.5703290537506
48210895,1762.3343448080636
87163679,1796.93971561228
84638479,1419.1058997511075
74277222,1341.3302960314227
47124707,2493.859304339441
29597912,1706.4252839549679
73217471,3270.9235885986286
54203733,1399.871052180833
86493934,1529.7836078150654
50925419,2218.922431035984
36161210,1601.943417601471
18638157,1527.1336396881075
95763224,1894.7969029410747
92017449,1300.7596172161925
30955049,2033.1212849605076
88464978,1577.9894850754567
81709003,1210.349744660022
94640782,1216.6084001936842
28684873,1434.7982915306607
82032258,1810.986181220196
81929396,1101.2274944635396
69137949,1980.9093016997672
58556748,946.6589638802064
83494716,2615.4006116689525
51219421,1953.644469171116
20118968,1217.1909669553345
56424305,1766.7339030407168
91040440,2467.3446199342643
82249910,1767.9688593140652
65005094,1834.8002817542842
14333847,1371.3100067356584
79940622,1925.616227756006
36407377,1393.268364261543
16485177,775.7394987232224
19967320,1227.243619703053
86757224,1181.7940309648002
47859734,858.4454896980793
15329881,2456.256592793335
38097629,1751.0594519459737
63914375,1392.2981316754763
68107359,1111.7950979350317
30898448,1898.3842336595337
62098958,1154.8788952592722
82555231,1466.3571546367384
74537472,1476.123822388116
53883476,1249.4796489896407
87349008,2563.761600249047
60387770,1519.9493069822715
76029782,1779.8660229079155
17330605,1620.5192606939906
73592240,1855.7453929527842
46762043,2137.256689203369
35726404,1831.6179277191375
19188826,1800.5863403828841
69934099,1173.1098876673914
98236292,1587.858031429846
66601351,3392.52980777851
24082367,1486.433541608072
86399833,1592.62928622157
29406161,1898.6541432908875
77568118,1545.7168592149903
68454220,1691.2465260760748
20326815,1798.4414573336794
96392075,2133.2390938801254
43846930,1404.9538952590312
64059970,1736.8611028450407
59660323,1511.2761244526178
30664289,1407.7651720841595
80504110,1597.3872961005825
69214158,1459.9838575879257
37153701,1797.401749608401
94463524,1752.5043345502136
27069908,1631.2637972327398
19881454,1967.6174986451474
62073736,1672.9121677756307
81301863,1590.674954359563
84692821,2146.877543217136
18061173,1275.2459525863082
20396165,1561.0681320489534
90290263,1576.8996587820034
53205197,1610.1472000729473
71639333,3005.025809941487
26581527,1624.8393404981816
88753189,1682.846315989202
12152481,2639.8761133167036
66369748,1634.158772420311
31086360,1532.418524664334
68141078,1355.5588268980837
87072389,1813.1037304050826
97229380,1335.4440748561433
14239930,1220.7404991681387
47067735,1896.1752189503143
23013670,1196.874530189782
91166617,1456.0882736220274
46464430,1798.2903607519027
48307993,1316.2656285312628
65322743,2460.0189181600826
50086685,1571.4228705865319
65335801,1067.1292874642454
83887090,1732.6330401523078
79333390,1601.4949837304518
84490520,1652.3609248113385
90753494,3526.5395906277436
17091898,2594.894312377029
94064213,813.2226209404955
76172003,2131.472999706002
36639874,1440.1679107466043
93190659,1823.0211176062064
77671761,1123.11087828545
64459243,1757.8805218877624
92415904,1482.481624447493
22451687,1528.4913733717478
99098676,1885.7142044828252
96250656,1841.489457427493
43637666,1534.4457906040566
87755511,1718.9949067630873
39642098,1458.2924102326024
29533984,1828.8985814300738
57860445,1422.0068520405878
33335103,1580.7825809900933
40928352,1337.976390403071
66938624,1904.6368930574304
97908221,1372.518428245478
32317269,1409.9452252438082
56374872,1190.8868468524017
56164704,2481.6702119624
16557670,1501.3147510948265
57350487,2167.4848025557944
73640189,1239.1070979854799
28886856,1723.5547225096534
66838952,1143.4560745741958
73125445,2818.8508250674213
89817544,1474.25040173132
69175507,1323.8081156340588
93099722,1685.9607816659934
42498618,894.4800280814133
58133975,1359.3149226460423
50823382,1484.5167189380195
82720881,2368.2174892874937
47566077,2402.6671240464066
77236358,1952.5920929176061
24977235,2491.7136567616726
82212369,2657.3328276926522
61416619,1639.3556766483766
14011629,1195.3427861142136
47820649,1170.2371136159159
87027470,1300.4772266968926
84406467,890.82630626579
18483336,1801.3263876198603
11745857,1013.5235613208185
72009137,1996.5992727167072
21373342,1495.3662088724104
50764118,1525.6844344906528
17876513,2932.35519954571
21573530,2487.851712370238
62535056,2198.629885641857
52924658,1523.0604900493536
59116751,1656.9677259231228
96464552,1620.1267786345181
41877592,1895.781632524198
27556664,1207.681699924875
82049392,1608.476366170603
21890177,2155.727829143043
84019657,1210.7794279883587
70836939,1268.9944674822236
73269246,1285.0766454615834
65430516,2139.4032852212968
15552867,1959.298515974382
16632045,1558.7226448963138
58510236,2024.5776687826965
94607287,1242.4842075444283
16582909,1194.5581781180808
91254889,2444.434925613502
52951693,1526.173175240643
42015762,2168.3845744103446
39537878,1530.8258468916238
75334066,2395.4572658859242
15509168,1776.9314496019697
21848464,1242.5339898908355
15512926,1769.0058601614621
19852776,1410.5216173075528
98991290,1518.0352856554775
67867067,1602.3294356842534
75069265,2391.198737634362
33163007,1024.9649726395342
72461037,1351.1411257758728
79368575,2120.594096705149
19283832,1570.0159750430585
74686369,986.8830342544454
42431987,1053.532648576111
49107046,1792.0358560205627
21631633,1387.7265652857172
57757752,1423.1637549420402
64260092,1878.4361236421873
23733208,2130.131648974253
81359267,1718.6138743977297
78964700,1644.8527102011171
33821569,1709.0626878658531
52189182,1194.387260374009
67362415,2134.5616962199174
32252347,1610.9197071159338
42461075,1402.7636664474278
42564953,1875.4079706970458
53441096,1449.1598967284046
28942045,1367.2577165118241
92173510,1486.1143540266644
37939234,1894.18658244175
83072941,2917.821754214123
72001493,1936.73480243229
88722560,1108.9095653534782
24458695,1871.5464335612091
34236973,885.5947729481938
63527431,2453.958053304179
35020078,1734.132163530337
96240931,2447.29430142287
96449025,1169.3409551237337
73324268,1180.043961773778
20943504,1662.7599498324084
65163807,1084.9346564561813
65735235,1394.346261514195
34006121,3106.454066597493
11206259,2141.6460600644987
21142225,1701.1387615769436
43933688,1535.2130358418212
20195114,1428.4407162431062
18089453,1800.072657420756
87927482,2917.262868169232
72119177,1385.9770531057277
68722653,1419.1596193431749
99012228,1744.613903591981
95191404,1401.4260963572015
68494900,1253.0173131249417
11789848,1604.7152546685452
51367435,1751.2448946488255
83199690,1331.7053510009557
44222449,1330.9234682235451
97059152,1361.5852023964173
21321783,1275.5424928683701
89238156,1671.930460044466
75658495,1385.2627994962843
80514422,1060.7255213556964
80098101,2140.5555840792
57507250,1944.8639766034185
82869937,1490.4859838883708
64737683,2569.0595041615134
64663030,1235.3482367729935
22362250,938.6471787802243
51054867,1214.236107033234
60302181,1772.577344284059
89897892,1992.531532087574
99745406,1721.6992702289442
52137793,1680.033222940147
94617943,1804.3562385477185
92402481,1718.2536141728979
29177060,1674.681366881237
96789879,1919.3279786947887
16733828,1467.3988262110963
69997197,1855.8103735137927
80009529,1485.5003209393687
70971147,2246.347882466199
89268742,1688.229940611114
81559172,1770.8769017131826
19799436,1672.1332027722428
96316683,1587.4912846347588
16202604,3004.304398658338
99234264,1471.6723949989246
89790861,1473.7461171845048
80624261,1383.5223164306215
98327008,1587.5454952742662
43114030,1821.5509763601249
38992659,1114.3432233972703
26185292,1679.6819913359907
84958392,3933.285314673051
63532044,2100.286798740969
72780852,1455.9363897677244
63755363,1964.7455002006839
63435369,2307.2437220319
49085103,1327.040386223484
39826465,1417.7083077936418
89335030,1121.1765932799165
92393797,1859.449963893753
36385689,1265.7421624898438
14218024,1159.4336473342214
43067447,2514.6260733466274
11821155,1892.4302393275987
96671043,1259.1171376174195
64977532,1845.186815190947
51923648,1695.7605766230952
52082499,1709.4863911396437
58693008,1272.7987425955275
77432555,2186.3454982288094
11692478,2564.3714945785296
88536020,1403.8161422127073
13996971,1590.2154213896592
92291100,1751.3712799134962
77799089,2468.188376656265
46970679,1343.58867905998
96819382,1918.8601785497024
25751312,2399.0899452463173
89990705,1044.8112786321992
52038068,1672.6419947008576
32344173,3709.281343323847
33993191,1408.541766385948
52279123,2241.397813801986
18496274,916.2710135044189
89490563,1716.575733408573
17329696,2080.464653815138
16967446,1621.1439559018986
80888202,1185.208973296673
14661504,2044.1989337853786
19604443,1784.1439002002935
37821572,1170.9436532705772
88831769,1565.7579937626206
32405077,1889.8562179612404
52763362,1407.1692697639448
75573252,1646.5386504441904
54781465,2238.933292383367
22599480,1832.0243060055748
93311234,1124.8140622859319
69925053,1372.7149557839002
12598333,1832.8434754176556
94909106,2045.1768317645954
86019408,2569.1842031037513
96477826,1466.8879606890077
47575439,1950.1037363239511
44219472,1401.5990679174424
14808414,1928.8891496878655
51535602,1360.413671583944
85960705,1459.4401567775244
52391461,1539.6562680604293
81172596,2552.154109670367
11351493,1742.0119585357065
72733290,1104.5679817809018
74877854,1593.1693993577487
27680792,1315.8225447208442
44946524,1930.4142617107746
23475779,1787.987937210641
48465422,1184.1100936990306
52076835,1347.45944358204
44646564,1491.6269535342726
87277346,1330.8189107339317
47973044,1641.267300142405
75500097,3410.4449443462727
36145678,976.4304465009957
85625020,1492.9382674025826
97404967,1450.711562407581
11411712,2212.7434423103896
80164594,1171.359691587105
30555374,1041.8396030635308
93243676,1638.4032369788501
12801610,1181.3886996132237
58651288,1136.7936615767117
52409464,2236.6303717803667
26481577,1884.2553090981992
99557550,1088.9054714478352
92346786,1084.724023319266
33277389,1149.6529688176483
78792921,1523.3437534627865
89378277,1764.936995057685
82856305,1618.8733577162257
30767488,1585.721658045904
36397903,1332.7408832115502
64870928,682.3904348064809
11575457,3417.4322748021077
39041845,1363.495577321442
92898654,1865.7886920526184
16929732,1558.6538076182405
33334714,1190.1637014878427
12221534,1927.9909942764966
73945645,1412.4132536457375
68971550,1482.777602526277
75565371,1902.7300836875372
59677619,1349.0302096728028
93539814,2103.9785863608836
24106217,1522.572390824825
55020351,1380.7254259962235
15672017,1484.266150551215
10841847,1414.0605574591027
86946687,1316.1171105801793
99799054,1770.151764402887
81128474,842.2458914492246
80366080,1361.5428025911883
10218336,1339.6309025186433
72351128,1478.4375469535291
56132260,1499.0381129073025
99301338,2777.9460142922603
84453738,1404.7807150529802
58188871,1789.119234727238
81971342,2784.9901918639
94124547,1447.674847017799
32266038,1726.2674235796326
71760843,1510.557695195926
77203995,1562.7685238336835
84611651,1451.992562183189
76627771,2020.2619550557656
12653847,1640.9532638018281
43336328,1598.080157378903
91500607,1639.1516138470756
68213549,1530.8727195458437
35549327,923.3073198447119
80808916,1505.5314646182435
17110481,1546.9877419050772
99587119,1149.3364872203692
92334856,2727.487719416159
53359226,1544.1541111266038
80618402,2812.5326556661526
41703808,1947.6520681959428
19195409,939.965697743269
76941149,1669.3170624582262
97584818,1370.9296866557816
56683377,1618.0619887331823
67011320,1977.3664102853195
15480221,1662.9911809173168
68081328,2303.250365737369
55487684,3524.431377833443
74199206,2718.1157120667485
90165063,1852.0121151127069
36193583,1748.1893781470699
10917950,1356.072527772301
92870312,2189.817372252158
72030717,1986.4993392207325
17113758,3368.9399876719635
89153386,1460.9839354870455
45809568,1772.4780940204707
30803532,1562.428869750158
41936053,1698.3686602533203
14429173,1632.1799496845101
86629786,1601.3603015849517
60024688,1697.3726826696645
75100924,1826.6057661912787
19587468,1270.3752836420626
88088850,1501.472900499535
14339658,1334.4042424456088
93643220,1446.0408962996921
61257147,1865.8020240846952
47372664,1740.8642776181962
72551157,1445.1241958967655
70006271,1744.4448880645343
66160499,1074.0469754707315
14115358,1291.514534593619
24138292,1862.070545236238
81649352,1564.391911866803
86450554,1397.215634731444
43772724,1667.1725171025905
76147600,1743.1428180773996
37814705,1785.8468711238374
79438450,1773.3588716644458
30374304,1529.1455000479561
54234194,1268.0148946325248
94516994,1787.0384579121155
15639119,1854.528745318027
98234744,3069.2468297102805
84292967,1351.9560473325832
14583946,2064.557870693956
74680521,1379.4635432007046
10214287,1971.7445252990162
43877051,1427.1749884334781
28904050,1412.3012793799153
62063260,2141.130436807773
50651267,1724.3634327277641
76093719,1497.4722217521469
42788012,1414.6512871177424
64271564,2696.6355783950435
36033563,2140.5906084853586
32364760,1641.7268953457615
82718318,2292.3868950768892
42781597,1506.0346307558393
63047151,1314.998094452159
54331908,1714.1553101481081
88556646,1163.0236797268658
80038856,1660.8210425238797
62561061,1436.461623321233
65834717,1352.2212194458725
80358828,1777.9829400260105
35099840,1998.5936941673635
50872993,1480.1582069474064
80223193,1855.0741563354793
28448374,1663.62032935266
92231676,1677.723327428018
65717894,1621.4126467176181
86298764,1482.5133751292915
76299579,1015.1470504561106
15449921,1316.5832458785906
44677435,1453.6289882313204
75188492,1517.6124384142638
99785392,1570.1255380208988
27084775,1339.7419019158906
34483861,1451.6615702352572
44135541,1783.370863820597
85537076,1342.6437148494374
32577802,2139.5561451668455
58632323,1718.3057504785954
65794441,1466.387018145192
91626972,1425.8214188656868
80568466,1334.4460372979156
19317452,1326.0824273237
19462773,1172.8692819246492
16861573,1934.1773115651433
61543398,1315.4176892869075
67189144,1721.2681349611833
46184090,1097.778937433983
14969625,1077.7961775244987
12339000,1235.307342177533
87651999,1289.7922451483796
48444572,1610.2837221953591
43026767,1153.1923673977117
25666315,2045.6106235256516
85141494,1981.548660073718
10196732,1374.0570319896224
89772932,1183.6567518159927
76197106,1568.6169676200157
35668637,1039.0376950231798
47789451,1243.7006320525095
11772481,2286.965430953763
92352486,2050.2133600835423
74959731,1364.8895307800713
24006644,1247.278407425234
70184471,2071.5608235469062
63616459,1813.5903398051255
65420176,1498.9412983323232
52778454,2882.442169002936
20334394,2342.9646217701347
29566160,1989.1128165584491
41218910,2115.2049444871714
57645530,1117.9731422999857
32753016,2289.7004850084254
53485349,1482.0623765821265
99359057,1512.203642705736
50033107,1377.2755712788867
21562381,1859.583093614918
77828671,2474.5295823265697
59082786,1420.4031453648765
99756703,1194.7612962994576
62477883,1204.1641971078657
62194095,1757.8954533381936
77240295,1638.5964088830378
78173906,1445.442999861692
51850860,2311.7158032513253
36247163,2352.8399844258943
80372868,1345.7352779804864
55810884,1479.1935591326228
39425335,1244.8767356093365
64769998,1507.2151867633766
74184119,1773.2766865256158
30910517,3252.1658703303747
82036794,2115.430389522951
27288556,1452.3980681286764
73750248,1292.980413214173
93836103,2136.4233186101
21006367,1516.0953105503272
93898545,1317.1782893204193
94582565,2056.7624667166024
13137522,1195.8107664493982
31604761,1667.695890924867
60718232,1288.485256408243
22356430,1289.8898430384108
39386475,2746.3147629723535
16350350,1554.23964918297
70755780,1683.9771508855977
55920671,2244.7245280035245
30409198,1470.7631714346476
12366994,3205.9042150582463
99624161,1760.5548379978218
27085439,1801.8465480586276
26222780,1350.366943930219
13513100,1918.1089807337546
83619693,921.4019983092355
65230131,995.1043729380907
74197231,1540.7433816142839
16535315,1336.5231843993804
49313519,1588.5599615277947
54192335,1563.83958881838
80736897,1793.1341084924034
99406225,1847.1883897059672
67818530,2903.691171214039
84284655,1371.6952858916416
30897932,1287.9728931133177
32254189,1434.4688351551104
31849680,1772.399494175914
41359333,2204.9070990054415
66456629,2541.183874752135
68729486,1681.5286509741522
40630348,1656.7482125789747
93988333,1678.1682565406459
47811524,1120.9154897997018
98617237,1635.7062407620665
20362387,1246.9857662916863
84645660,1094.7857173668021
16861971,1660.1627825751204
34588999,1416.2410404684674
53427517,1115.1000091061742
42513475,1981.7889411136496
57705547,1675.621055926992
49742880,1695.6631395081113
66920323,1739.0100220168092
12354776,1328.9519302365554
25840613,1642.499484585836
45114259,1852.543660913256
49079923,1672.1917354943878
63116367,1096.7754990746073
63802912,1964.1859963093893
48974796,1353.4514453374234
30061599,1040.304458746255
68578654,1983.2286143099109
54173227,1451.1461992564582
96680380,2133.275593619323
23868064,1444.067858984829
51824090,1679.823006127602
34839733,1225.69464263764
80054187,1858.2861013796287
12685572,1631.0660982891045
41567061,2421.6309301382325
94877842,1112.9903833350343
58492968,1062.6873722918253
71326484,1076.0651262259325
70920278,1956.2295648593395
54663137,1686.4515362434431
32126460,1981.6877907478852
54874790,1764.582660010162
13538436,1409.3753584435408
30100038,809.9208849189991
80017866,1112.703983034026
64347455,2607.078145523746
13683069,1854.882857446843
48039428,2364.4839624809874
99567150,1527.9998004328672
85509215,1086.7467196579735
60668698,2150.839171316841
12191456,2110.2627332156976
77765786,1598.2691194357078
12528361,1173.2948541515243
58442957,1088.6715954942147
54303594,1054.8372143321453
27681147,1396.4068284499344
69098569,1349.7899934946022
95221316,1904.1456358133546
40109548,1674.78796257785
55576313,1128.5811594216389
53153958,1551.2075431665846
21200840,1633.2434106371543
50894265,1113.4655637225314
23626838,3435.258410739607
12418418,2103.082231278842
22706358,1594.5846125016496
45395670,1305.6502881297602
87327017,1365.1095795432186
13017114,2024.6107190769285
32271547,1959.4417538033563
74538679,2028.22608812217
39506103,1527.3944878968673
46816166,1425.0038561723395
66503105,1908.596900334673
65579176,1878.7907803022613
40074247,1723.2669862967075
91310031,1437.646642126131
77444410,1964.207330459219
69955281,1668.9427211429759
67331105,1875.400063624223
45643632,1600.5747854662663
73282363,1374.6754465901954
13642505,1370.9880038756119
68901430,1698.0090447328328
89906679,1993.1815720727961
52711886,1229.7301792240812
79575331,1480.7645405818464
92616283,1425.1587011512265
30763055,1286.416292169909
16611953,1569.6902851403947
33070179,1514.1387838496137
80347205,1653.0816860121272
83995335,1817.4554246787222
14535805,2382.186914434732
84879838,1551.4649100047939
11864901,1475.757784722653
14658965,1156.1657306274028
24293507,1278.3068589069705
70453525,1702.7706370933597
87798104,1324.7030699517832
19197193,1551.298268760464
28284548,1712.7228393873088
86044842,1667.2528595408485
23057275,1746.8799777656334
27985337,2302.795239888116
22587547,1196.5320526504422
12855508,2755.651734251429
64337495,2202.8633958652945
86712331,2320.050464445688
61189156,1375.66694670945
91594873,1584.3227712186265
54835971,2000.6329685913943
44370830,969.3834903184584
23684803,1518.9005427478564
92481929,1818.7304385875802
35638424,1684.0291227542225
25657749,1019.5983811250463
39381975,1475.8054650151862
72999107,1714.7727512801991
25818586,2093.4682479327544
58036789,2026.078671499416
94320377,1638.5302947598946
47110506,2175.56076169056
66399362,1816.5304208250018
68909982,1641.4258537776427
16073310,1501.2913903274666
43288405,1139.8533567890279
71579560,1756.4531450839627
16507355,3217.591940252145
48802207,1322.5997074706706
89915294,1708.5879352156253
97679852,2238.308027142569
29217698,1925.1459019000217
27435911,2850.0794972275244
78879242,2025.413851435132
27175130,1588.5509026379173
29020135,1118.190811930394
78626569,1218.3747874175647
71067812,1422.0813072966698
96690513,1526.3323075572873
95531962,1834.3420006466733
98356800,1164.1683363213024
86104439,1179.522791028575
55595900,2208.5850310860733
75208610,1977.63646556004
15300209,2009.4958103320726
61949363,1291.8419218731483
65881085,1675.0569062803122
66803690,1011.800918145434
71508510,1746.2234463417271
77429269,1299.7126428072706
70868754,2583.190057395861
93223292,1890.2867140938001
70378280,1445.8045426153167
72142932,1311.5285324417084
88911193,1302.2091406091004
89761834,1733.5000360320478
36836619,1620.8126970322082
53134062,1504.3410598700816
98828461,1754.1563724142845
55370391,2245.738501845244
69978664,1419.2891816692013
48824111,1482.383042975479
11383415,1549.5551796794757
89041808,1825.9023142735814
31864759,1689.417721860452
85436725,1512.4513390546435
12287678,2645.235403207512
54577919,1641.8863421959097
69095778,1541.2177607237174
86755087,1564.3256349295066
87570494,1593.596831860512
42971075,1637.4380379374663
19251821,998.9835754227738
40154766,1246.378323649705
86599495,1672.0978730408979
88331508,2392.320225047857
70254717,1457.798723131516
32105523,1553.2459819161322
42241465,1246.7211377936435
66334048,1460.396735641381
56657286,1262.7532412602686
99489082,1681.3747594224897
89634976,1734.9572722924925
22529712,2093.4803327376294
93452559,2008.961933655388
75276107,2388.2987297147242
57620607,1260.8385518883206
11822194,2200.6773629395207
85101585,1730.540283686218
73640715,1966.7308739422751
18114714,1337.432932007028
62352450,1409.8059452758193
88096618,1944.5666328338389
76855836,1379.2397341895844
76968795,1920.7904712157958
19089688,1517.4311383655213
93669020,1246.7867242769853
32221954,747.808665672462
80149491,1289.2762574527753
90863370,1479.047227077695
18955449,1798.6379867523815
46106075,1324.219638520337
64362412,1355.9482639598257
13228942,1259.291540027069
18238798,976.7743216554745
17197174,1480.2576179455923
56883307,1508.1345864836376
43838074,1589.0640266073183
94366977,1051.1697399230136
51114116,1643.483915522631
91929625,1795.797021763556
72617691,2345.8625970814437
18081983,1482.6302835682623
41430371,1214.638094374465
18768333,1429.5435432052327
97670981,1554.742711618476
33138884,1846.081008457315
54769750,1693.133335896522
89191521,1664.4123775253088
68771611,1375.837064222058
69658524,1544.3242458994318
72361657,2429.4493748147515
56548670,1162.2846742668355
78323750,1667.2927836609701
30772189,823.1924139313924
48525110,2018.6237548607976
86995869,1478.592016364093
17626486,1725.727543037402
25200634,1464.1861937480912
42675735,1382.5626569581154
65493081,1604.4351614961024
93613666,2232.482087745003
70416961,2466.3121234586424
29938065,1576.0401873471724
49578380,2736.0757860694976
98870679,3873.838351581187
69931311,1920.3476551990457
53406287,1341.1654830936268
84279248,837.9982287741733
95721664,2031.5779885586521
86560148,1403.5921037055418
54643141,1440.2818597900787
87296829,1701.3713661726338
44687814,2287.0209182686876
17812890,1577.5012354553774
55517272,1576.6002764664509
83984617,1366.738907198499
50681051,1004.6672494595607
74119296,1569.8050710741488
67223450,2146.8120570652763
77287132,2722.9814805793962
36264517,1740.5281505247965
42898261,2967.6299946322206
62830950,1726.4361084120883
34861949,1233.0164562176367
73511243,1336.5490387539119
21486168,1847.1086994235811
99309538,2166.3231277246014
42037617,1479.5337835841538
54746843,1217.088743227151
47539615,1954.670917132996
84768747,2139.8556278923716
72954519,1637.239983294733
86653160,1159.9858380311316
24350012,1287.822618502427
44330162,1393.8968301660457
40410889,3075.479285620012
14017526,1261.8076129696847
18494070,2481.5316730697086
47916307,1875.795276270329
39725498,1737.161963823345
54156054,1660.704438107826
49589662,1724.5497090691192
87793535,1864.4191349125872
25123851,1960.7756028236142
55319133,2050.3068992905582
35955058,2189.5472015947416
15784980,1700.9030729029887
63967490,1625.302343027981
84366303,1665.839081861745
32211409,1994.7753643139029
27475512,1575.3570342727016
98385904,1385.0877946688524
74274926,2209.78186523369
26137274,1951.6025617545913
35706395,1730.502219027703
25432073,1091.9113046866087
56493804,1357.4724746163974
21783642,1827.0075018805928
24274717,802.386128189725
93363592,1115.2767825324
50359798,1394.0065165967349
76057356,2059.577216078137
34577569,2445.8340334223167
13432670,1606.4270661985227
36150614,1963.6241627414042
95883486,1921.5623305970114
17035345,1807.4560782991202
48987823,1425.0546597500474
18853302,1665.2102848459522
70059479,2193.911610064021
35830006,1941.4962641865222
83058209,1571.5430982999355
52239160,1446.320403329538
24939237,947.4143863729115
48271879,2330.4707155721953
58898302,1558.7132106792442
97505252,1584.6653492326022
52580265,1320.66543567601
59859756,1888.2017834063856
59531100,1958.2017991371595
82820692,1737.0568125499783
73015543,859.9612677419889
50663543,2301.181401897192
61349439,1624.8132059377565
82745505,1957.3459770261588
91058293,1195.8650558101983
17937997,1846.2991035715777
48025378,1476.4296644726014
21558049,1560.5756189608637
51468147,1792.303951378649
87943582,1046.5467632646323
72989675,1116.5981577483894
10828659,1475.3529460025075
78868242,1460.4696377188898
63610417,3185.7885390109495
13037947,1300.5972956032872
63051485,1652.3122756788964
42637767,1388.8964945346884
66029975,2365.906767038387
41368516,997.9737778096799
75570412,1939.9666481997217
58832659,1441.3592392663836
20746324,1801.615576549529
41047714,2154.430250246166
41430458,1712.9978004333866
69198371,988.8523795893008
46430156,1580.247465313487
42120705,1182.7074390986195
67695943,1292.7060970126931
10655846,1550.2970476348423
56387239,1544.5702348024463
73136827,1361.9049439250502
66107772,1948.0466324740432
41597595,1317.3137900906372
27035754,1539.025294718142
94233303,1342.2674043547017
72371862,1559.9544050474358
47858586,1801.1463397398043
50074731,3226.2767553440253
15840349,1571.4931083310632
27527024,1492.1150025416503
51445447,1320.5883619595456
83042677,1340.2288655205994
17433657,1530.041380379581
83477453,1976.1552333924014
58980418,1608.158054049159
49038207,1997.6458352921854
35105997,1397.8035777581156
88328473,1850.666301286043
49929992,1910.0366003190297
12057690,1819.0646275564814
22485986,1954.4535739809903
18944255,2363.2618247478376
94296460,1456.9795217632322
15325948,1725.9086312469237
80036637,1616.0660561413097
63707416,1627.4320720279566
33357067,1966.401206498534
76260292,2027.401482726178
88542794,1793.7930176224338
36624049,1315.8863917805875
85370002,1443.4274546400175
70947321,1530.9922427206795
86215831,1195.575221548389
71799918,1570.4041376647278
70779429,1667.9138084502015
28177790,1261.1398243120068
33416701,1599.834011875767
32210074,2599.041031784058
91177225,2191.996314076178
62230096,1629.5490163277746
27830922,1366.7536839836139
20292159,1753.63609630651
72135125,1283.2554696519815
41060839,1827.901713039901
14610723,1426.8677735737135
40291165,1792.1685433197183
76063806,1819.4213210544526
21250419,1862.3869791527745
67512417,3385.39787153454
33443292,1574.0459762640307
33660955,1360.412570690527
33504001,1399.3195146314958
59014872,1324.3401521697465
48423806,1286.8215046226755
81227220,1287.0441015049473
97904600,2011.125564340217
80141558,1712.8359976740498
13290868,1547.492373828744
12913192,1287.4510187871883
94144440,1501.0303647078395
53033174,1848.011628868345
93735706,1619.0968360739084
59909555,2304.923385734087
99555121,1508.5867154746907
13256013,1403.311053253682
93540353,1238.605385646818
97837539,1092.6939540701733
35669129,1514.012267915918
50012137,1513.7997291808174
68173579,1581.9772941454053
59440623,1296.2930838932073
48714672,3295.59879120896
86973367,1545.259225732775
28395212,2081.839671221238
50017530,1809.9332560819098
48045601,2996.195090504425
60427063,2665.459355783795
49061177,1690.9743893042996
42896715,1376.2535992389899
97451418,1874.4019325895156
53456411,1178.9072281872793
99184358,1159.3464391249133
91879007,1477.596674735323
76424273,1308.5740499965923
19529774,2285.4461655054265
60604201,1262.9159555188608
96265561,1568.607140481649
84388943,1779.2912688067736
22143961,1819.9147341394842
14880373,1527.8855179797029
98124884,1291.601396893411
23434755,1185.4392476323078
36626131,1448.6219107926677
86172967,1707.7178417894559
89507826,2267.5023974399055
51984404,1193.6030870096579
21328430,1587.0979281773714
46133239,1364.2339567086274
87118588,1454.4087500640283
72466804,1493.097349747904
90243251,2135.43042686178
31491219,1852.614780164946
83702289,2061.445102440671
78369132,1325.0879634691541
12074272,1378.50579475621
77297832,1704.6179148168235
91732264,1734.971601491467
51116865,1992.1169080675754
81826443,1877.773610629477
26192585,1511.8323343641132
72261842,1406.165626563739
40619619,3190.863774262343
89999631,1092.87095814764
10490133,1600.879356343965
90054183,1078.9531937549714
62212383,2162.366400449249
19863611,1757.5498374103315
51025893,1295.472357961905
83280839,1114.9867174142037
53701664,2126.329684756837
70474564,1748.4937761066321
52730115,1693.980489372801
28945671,1428.2230915680516
76905104,2155.2037821711606
60340609,1518.8820357731038
14262244,1323.6833975262957
86114877,1753.0120213229807
24582504,1712.2886429266978
77544375,1414.8519450783615
18212637,1556.5183925505855
31107635,1299.9070814673682
73185236,1204.0413707843902
73413665,727.1738959718539
31204532,1752.2816431002839
16646519,1292.6561242612802
59819313,1426.120582589485
58041963,1533.9841865132612
73177607,1548.2972659614975
65489959,1895.9498235528736
53892134,1890.0116551775186
14638825,1775.9375576648767
61652212,2214.4356716519196
69208062,1032.1971120862486
98205776,2919.2465089209436
91953270,1726.0953315621377
95708788,1247.2259027274629
71079776,2064.3260965219597
10948901,1412.8489193353785
79084173,1273.6753485129173
41410746,1443.0461916662368
50927968,2192.8061305443935
99511873,2206.2942307214435
87562260,1500.2352338318406
48098997,1646.540178214921
77592143,1803.838796874229
50298301,1319.0110247908203
95160336,1237.8937014627695
13581567,1202.0577766353742
76106706,2572.4262480934035
53880590,1741.7567499638112
50270200,1869.4487914751235
13098948,2305.2093323873423
81835258,1170.1239729276379
14238786,1537.733738004649
65288499,2179.411049615993
29149871,1767.5592125922208
39551396,1583.0642030960535
77375335,2109.948438423166
14384374,1389.0514012710541
63368293,1800.3193504929843
25141477,1912.495907418878
37822276,1418.6640504292927
62473299,1843.7016036734972
90467887,1754.978820232289
62270028,1781.6439029432358
62101686,1518.081199289957
51642126,2862.3296729073545
50281814,1876.4490472773257
34969698,2026.981137103874
46962155,1902.7561714690842
17638609,1969.5809485947966
59977095,1150.355744124607
75196820,2036.5559940218482
65141041,1548.3038406913442
65986306,1983.0039442230534
99818911,1802.1604655895094
38328534,2143.93278079391
31204739,1493.9549406205706
53082885,1265.4095664510025
76244528,1303.9575022513827
46394887,2285.3423361662963
65939511,1669.233231634912
96048217,1221.1177591521002
60425489,1363.6069823816595
69419323,1766.7913881062007
15008203,1617.2316456741798
70058997,1080.62091088422
44067940,2017.103127184477
47031542,1691.6065115109386
28929546,1787.2388066039562
34548603,2046.4232500653918
36515676,1255.583613526289
42765717,1575.960513669621
60296558,1806.0124118844046
84332226,1585.6332780730706
76539663,1930.0287825794555
73504572,2458.341252846707
64646486,1854.759363374998
28262602,1628.5836854151767
74447096,1647.8055817747825
23247586,1309.584080607066
99044390,1394.6237643691125
66743385,1633.6337844146046
62841747,2412.229744376492
98271312,1478.0727653566323
54969068,1780.085141582474
49548078,1720.1381375941253
47147429,2049.275736167179
46113098,1433.3829068970758
52623517,1626.2764248223004
43618531,1858.8228628123006
54174309,1109.344373112986
21908078,1630.4108661354671
56753065,1421.8799612555486
22723502,2668.8960959556216
88620530,1118.27736950712
38560702,981.4185379122192
66126723,1202.9460575871813
24731893,2486.8305005446555
19472558,1415.6371807994358
44766250,1370.3193405334432
75919229,1481.1285924856543
27459467,1722.8628165090117
85529275,1297.388343816162
88503537,1387.9117590345218
66147417,1549.9362891958358
53916103,1646.1936751117548
65299077,2152.966849469207
82070950,1154.5815959328177
69058105,1279.805241563011
89985793,1834.9254980245905
38430174,1651.2226169841583
24884771,1248.6925045187074
37414962,1883.8992881687645
35739187,1335.6488932162424
52492779,1844.7233648578838
70409358,1836.6918218786852
38452011,1554.9195734041036
43879270,1089.898775150171
70351120,1604.0247261714721
47671157,979.1566954954849
60667365,1438.4018474735774
85223481,3319.83250978757
83739939,1722.8722645888383
36389934,1490.6181843453307
84194560,1385.2661022232191
66937745,1811.0930441351643
82520946,1683.09653695282
52339932,1144.1204754690573
19641281,2016.8141619927362
69795343,1889.443125021519
99135350,2672.2579692087475
27549583,2096.0784818724624
94476832,1234.2794320471035
58221865,1915.3191150277307
25319395,1996.9223449656838
74970303,1431.587683879548
10305170,1101.1054708174793
82291258,950.7092242179157
81383048,2140.06831506698
79987158,1334.7122059414096
13533229,2070.13064407215
40426833,1881.7945929483976
79077516,1384.9378377193784
49738320,1419.300713334785
51126693,1877.4355901841252
52635836,1872.3527165186074
46715477,1592.33231748747
82258908,1829.033882138449
56878285,1823.981547020604
19130210,1652.7816083975654
92849186,1794.9118870939537
24338810,1882.292118200765
24758650,2200.987162903283
70913184,1837.277202584481
37987399,1366.6243829897712
74913796,1324.6950413595357
17667485,1634.1928411843892
64222955,1216.4658329773683
96958008,1531.1492697734025
10416049,1716.7265734621346
60398901,1164.3769131936651
24738469,1773.6096848952404
50592747,1788.8628096489263
96289055,1116.2065981919911
38420705,1295.2946376577647
93968498,2278.2573781558003
79579077,1084.5421321011202
66828068,1659.8474903905062
96166759,1803.5359722337444
32805078,1368.6528207937772
96021280,1581.9683711153216
73914137,1287.0150669084974
38819078,1504.657424779711
26837951,1327.698866314338
86644106,1541.680400291325
55183461,815.1338879376178
52422099,1001.5842162600666
83190904,1569.6134252571808
80939883,2029.1407382850075
12388368,1392.4321846146754
15537990,1449.8169520309912
52619092,1758.4196565496236
14251589,1949.0613422589058
78390765,1478.8621675949087
43497859,1952.7747871336774
18381852,1629.865126765228
53390528,1229.0174406540884
32023086,1842.5268171114203
55881129,2074.4377075057228
56955427,1817.4619145132242
78797526,1266.2575821659505
81441605,1945.1845517882507
49418138,2511.194440998909
16343356,1656.17461431082
50953620,1095.4806877089454
80530984,1537.9792770134513
92363214,1350.124340291946
11505021,1022.118780140203
10464949,1843.5262617751941
40174242,1321.6780508270094
46922794,1180.4524027513835
31165878,1661.1641981726016
92160351,1818.5979006360415
97225599,1388.141832365429
57289385,866.031527084614
10490505,1384.9274931625318
40593414,1472.818914654198
69535718,2141.501172144643
29927353,1379.728197154729
65834728,1368.2769926498165
77297694,1217.0219290864027
20453767,2068.7548585069803
38742201,1867.7090875619042
44178016,3399.955341720265
26155961,1382.5772982988221
85037563,1505.443996742294
13481675,2074.426411871058
32710978,1936.349532533279
42008191,1471.8722922333018
13117186,1504.0515874728944
32427009,1503.4275844653835
77926757,1585.3900378547942
11233435,2088.731869355768
16522541,1342.3548816789762
63770815,1973.5089916100546
77164558,1411.4579643375748
74405387,2203.22272550233
74698287,1463.9799020291766
90725998,1752.8070899090617
24204802,877.3293140629596
89034765,1908.228150901804
34875172,1441.961231646329
74411316,2396.866255895986
81157871,1034.0055919432916
44232316,1822.7715724145003
48083558,1686.8922582247442
75280463,2409.182317243164
11329117,1854.499557202463
67082756,1449.9493863862508
11237434,1203.620414159356
69921139,1333.344187004865
68448780,957.2222290910515
77761059,1639.0831660739066
29006434,1557.249938102295
30190038,1682.081860058264
28376932,1759.6218546966538
39355382,1452.6934369553983
42494595,1655.5639125194966
16756651,1471.0588759182322
78115658,1516.2622726960697
27261411,1797.9602706778019
71919180,1682.4256284066462
99090920,1523.8892321301532
64351618,1868.6064910946425
88658759,1270.494584951553
14195927,1722.7464120214358
63820196,2012.8747692508969
23866225,1736.0225588054814
50484100,1990.7807387605073
98406048,2045.1317436215531
64139858,1620.2871920172795
93302980,1524.8991655264322
62155483,1827.8309766495263
69791340,1808.4801731436917
19631546,1218.2008106404644
26192431,1869.6158195177777
68268852,1192.949481289733
14862183,970.7615006068763
50141937,1358.273959866186
85256282,1202.0406900001005
11027564,1737.1533954995139
51577553,1703.1911113746855
77132573,2119.4657058613766
55254268,2716.260108781549
25529214,1438.7689046427654
89287048,1298.216314489878
23253967,1309.4695840443194
22644692,3427.5400687317892
32245140,1261.8558831086343
82072504,1554.3040795613122
34678460,1384.2033388441491
55373081,1628.9548817587863
12138481,1585.8543937847153
23632970,1732.9047473407318
44285474,1231.3312577993856
88075177,2057.2948905467692
13117787,1560.1678189515724
14797111,1496.5575856888095
28697695,2041.7084094791983
34748486,1648.302098427183
30506810,1439.981562583193
57410372,2123.4802122076267
28776122,1187.1733051600643
18346451,1671.4552554740744
29932007,1537.033233098596
82654800,2150.3775463994007
67038086,2080.065560574485
95282943,1966.862830051044
90723621,1554.1088109943344
37760202,1679.4242436929153
97077656,1641.8139098282404
67823833,1191.6646514962772
25222231,1805.5156654638454
63451552,2145.4406742437914
66552053,1783.8877363315428
83488554,1549.7567917580482
24886655,1728.519640292965
83798512,1224.7320351355606
46152763,1115.3740957098225
96015866,2401.156901876552
51731151,879.6670511536192
34899750,1731.1187133028843
55529926,1424.9915260214802
95405536,1262.8481106681138
29288544,1437.4798058164338
50076589,1461.4001011770185
37886285,1453.9134034661329
69818934,1739.6861454410982
13957412,1422.8051807147901
27493225,1975.0910755660739
81186892,2100.385219741758
72734336,1050.5470107810538
20148129,3946.4818250010503
23391747,1116.6471696937267
45833590,1221.7027583060171
85777842,2706.4317188244295
92975129,2226.2329530933102
33382289,2453.675127488106
95953281,1386.2935016581646
60074802,1863.9553888517953
23912733,2147.4289198474253
31346779,1481.9083373854914
25605125,1605.6657724492811
96288207,804.537543811264
44535745,1554.4286068183383
16008313,1600.6548715617782
91365542,1296.202421526441
67385764,1064.5631086562873
31465116,1747.5849527819719
99474816,1369.9491636590437
26141909,1586.3056135876207
72548314,1715.788962096015
39043955,2089.122347129266
55963655,1288.0331725516949
54632315,1780.5395720529914
48726285,2033.6054930537352
76251227,1762.8989136209943
83562410,1407.9539713998943
93775374,1605.448917932268
21446329,1471.4334104777877
37345001,1510.3786815321216
49628614,1492.6842595435078
35767914,1673.1668140749175
10876536,1295.5744423363544
47339936,1272.4427033188213
89347542,1801.3392050861232
22457603,1764.4013760732823
77199929,1462.378558038432
46378399,1717.8390664822418
70602262,1476.2676061671111
54666534,1719.3156978047436
56421405,1662.847586067549
97652177,1644.267545287301
15442637,1484.1420926813348
92360497,1775.9693316562448
16847908,1726.9871701341099
14220385,846.1301739354299
25905603,1279.088931761844
58331647,1143.801071629488
22292196,1812.1243380303222
37237832,1278.9423681752614
33009500,1083.1992244689714
12533428,1468.4809374722545
46939545,1841.3846782611024
41868505,2235.642979891468
75616535,1851.8657627988437
73878512,1563.3565088488097
67270933,998.1526764092223
98281662,1138.96245217064
66553316,1191.7933407518335
34303551,1726.4867861246626
82645628,1175.2152133512423
57257821,1864.7871088416973
21288888,1781.08661628978
85963653,1340.3124137779678
47876249,1175.2204391645218
21439489,1215.4643573650867
52566254,2278.0017265666015
57084214,1035.5627224882262
16925768,1298.157122147838
32782035,1802.3086331242935
31791186,1214.6099859672356
62797819,1722.1646158153117
35384978,1343.4204458191925
21945105,2030.8231924659408
81557774,2177.0179136419724
85407739,1483.6837681528943
86085126,2106.3460710391096
95296354,1406.6533642159977
90881439,1648.9696099995663
30757344,1868.9627901534714
48457713,1570.124515678362
89571542,1580.0968767887298
94067050,1324.0204439819631
48271561,1527.3001258000772
69357732,1390.0788141896433
86325273,1180.1081819477185
18152649,1557.4291373041274
33899410,1786.3966548204696
22781669,1552.1128273937743
17283281,1238.4358547786317
51785872,1461.1939816551962
33104833,1976.4388208171804
91682435,1377.69778873042
70713314,1584.5431878626719
13110268,1117.4943644137618
34642793,1387.8292603696495
41694899,2265.068774559149
86278349,1003.0392096480224
11717089,1245.3787645384377
59185456,1279.8152196881892
59344396,1046.157828466204
89922228,1612.9328728606874
62027210,2109.679983161357
98523447,2285.151996820428
77330146,1918.845682575517
78386939,1805.0528541006856
66831282,2064.9983740295897
17596778,1522.862759715906
72290481,1230.0522924633065
31606355,1210.4786865337164
72940683,1341.5696392644481
24736121,1297.6093548689391
47814214,1799.765271262161
39410982,2367.5170793673133
44151940,1617.6717748388492
65594908,1386.4267564553847
79125454,1195.0263327271223
50322107,1455.3561998326409
76200003,2309.6260517328683
85059302,1020.966022236847
95450721,1698.0860201274481
93253826,2028.691780811186
19723778,1083.7028932699423
35980406,1548.008505846918
67285479,1307.3436337952282
68864075,1637.3584074666587
37422791,2113.2846657631403
73798025,2102.352522811917
97232135,1514.6067955407693
50064513,1539.1922019192612
75638682,1166.319824656557
41937405,1578.5912796870057
18443662,1437.9751383321363
68899727,1944.3386816571394
18388313,1796.4718495675497
69521945,1385.9828849472337
31596715,2408.999199925572
78472605,1783.6207810389421
12713963,1007.9098784960017
46768823,1374.9757484091328
27538097,1143.8440412065625
89955366,1644.1639900685007
94081889,1223.3506808475445
65214899,1351.4410080166444
95205973,2055.125705296216
83140994,1530.3353580367911
69014391,1874.454335597669
66919280,1334.7299303347781
86299194,1789.433808030035
14394397,1515.1803343856318
88465251,1860.128164169012
82447513,2665.4298234989496
90676745,1374.750753732995
61229086,1427.88031869602
30557316,1095.077852559451
48578361,1735.4278652070523
29085329,1693.431776202471
99539415,2628.184198814215
33750162,1631.0362770202905
51880900,1761.0625556150142
81942693,1375.1658458509255
44828087,1383.3752445371324
80752087,1410.0446718400372
99218652,2828.0695419970657
37433425,1104.6162877129427
39115683,1593.685030921222
26601986,1379.8922974107554
50469308,1271.773251754957
69872975,1156.2078628231889
18483245,2242.04924136897
12588982,1390.919735545525
79454705,1062.72312867625
76523232,1308.2347221371685
96131595,2004.6987511990671
99680250,1332.2143480327659
82622915,1349.6201080159492
11290284,2611.1683322943873
80057162,1570.1749753584145
72165316,2291.1106364880325
79751433,1266.7354708546977
33215554,2804.942362332915
42852506,1287.6487186637155
56093872,1354.3939376981855
64167041,1514.135028986749
83380458,2020.6247151569837
32651438,1391.9505542997454
38364846,1508.7688300927257
74621857,1013.9350525433605
62748794,1838.8494911633518
71435421,2064.029345472355
76163868,1784.2901280046387
14677956,1048.794981221447
48283664,1253.5068019751993
93787027,1366.4731453092734
75353617,1401.9935705682717
44130726,1799.9451839714723
75634285,1767.9681614909648
27969925,1494.7994535161638
34662422,1249.056391729219
46428766,1024.95712013906
40279741,1782.0305404548958
58991338,1662.2132789312677
52295288,1192.9559980310273
25429358,1298.3840254435581
91223525,1457.5251510188582
80429592,1520.5284032025447
36010937,1245.5597818227209
61652867,2125.16075983455
34655678,1263.4263186252874
32281319,1210.806426256439
74717544,1046.9202459832782
81780208,1272.1212838591505
74117270,2106.106409006225
94663011,1763.9407949737601
18715534,1811.7429035151608
89926226,1480.1742481678914
31441075,1923.706560815974
85656066,2254.3826906805507
63154501,1482.0453623454375
56954947,2199.3662461479666
35193891,1758.7607541603663
68045567,2150.1012277558034
75523548,1904.7177162655516
80044768,1317.7589281646187
80565568,1488.797896896429
58680458,1367.1786991832118
93434632,1348.4535225503264
38164915,2084.3324778415827
39561694,1786.7032589946725
23940974,1983.4627760121496
66689621,1759.0450532888067
91586014,2959.6556912756487
68610549,1863.2326906022745
44648566,1791.9493173805163
68443861,2492.9828103933373
95300751,1441.3346671161394
74650313,1518.9170356547033
78190939,1848.9207677434638
79583687,1491.7042749660543
78744133,1377.9895967837429
19424377,1062.1306424564941
74426958,2321.5545073675157
30714675,2049.553310231515
20297631,2443.2405271054017
62326689,1857.3933180541192
72851226,2052.6012723745594
94924877,1662.5488712179592
39912297,1990.5399564265037
50554145,1066.1972714805452
51964385,1278.7153933390614
91524053,3099.3470389992062
67059408,1093.7442198068907
13707505,1806.9981906982703
96336923,2305.512812685159
18937921,1338.0811703204881
23247466,1920.6295090913936
20718626,1255.5297166336993
62001591,2647.5408163170705
32183930,1845.7855147416778
29520078,3420.06044541926
20246948,1667.7526521040004
12865925,884.2203736415968
75414040,1687.3785644908462
29805887,1961.7784839596975
91828173,1418.4705295010817
92911827,1794.8932648289278
21259879,2122.597180360086
27730704,1088.133126346107
10805384,2577.85803380873
28772124,1433.2004873499532
67895243,2144.078192750705
70282510,1798.8593604170417
76926492,1441.1156978496874
56029416,2822.728857691205
42166025,2243.7017617007477
88855559,1573.5652429110987
71679738,1245.5932480618399
95011645,1323.7595664103915
23391388,1359.3803756171574
97276431,1986.3068275294954
78499453,1902.9052922898613
50845143,1582.4342107123653
63593365,1720.3884275491032
44645094,1372.7988744709887
92805008,1597.2801477151893
95966284,956.9550332260017
86968525,2081.3377454171323
35459557,2953.687559603165
16959595,1874.0870283199415
66852864,2332.451785775699
64976874,1224.4458478805914
90803282,1953.1247883095139
32597480,1413.5842186983741
22525205,1348.244914259315
18357388,1553.4918487061034
55224009,1453.2726359639682
12066751,1385.7902946870213
51600054,2521.7402424648153
33097870,1920.7627140234974
44165189,1704.342405026067
92174554,1828.27946266362
75685484,1791.0132771896212
79648156,1126.9609192548694
34473914,2301.526691511031
42069298,1149.9887561552446
24749467,1322.7025715235254
37024144,1744.593828219634
53463208,1561.618352213019
61035399,1230.0081314639363
92975059,1056.650122505403
16258293,860.5050824351931
80353068,1205.4321647543793
69637564,1491.326351415749
60889557,1840.0162411857086
45682120,1531.52260069677
62566155,1543.5273708238212
86829598,1253.8462021011305
77516810,1688.4604408758046
32602883,1562.0400240246963
99658649,1744.7289141574292
98115366,1599.8680372777435
40551984,2249.8218995496272
89171680,1702.4617947346424
78104461,1437.344269435565
80805720,1975.9869047765158
44701781,1365.7801672793366
32357693,1314.5771266902852
16257080,1940.8801702553649
63758432,1667.6172155047993
86560064,1307.9894268523542
76704426,1450.7557894448505
29021087,1919.8202674496438
30903210,2450.174811208193
59650055,2037.586082450127
16537007,2384.47111952282
44043751,1358.3616536012114
93550246,1189.7530795490377
74795536,1983.0342479177857
36252893,1694.315111427023
60712266,2169.222638327957
54795015,1844.800924623808
59038432,922.7083818745184
53101267,1287.9796526295147
96137757,2598.9839063279924
61894184,2124.222465009794
56980533,1380.2082452453346
40911725,1041.5208642319049
78253728,2020.7672312960417
46517280,1154.12034170195
98578100,1700.23231123343
92998542,1188.5974047604948
85778453,1523.4386648242507
67897199,1402.9602197228262
37385434,1535.155250485222
29978687,1031.8890194996386
63462293,1711.8849517526617
82610119,1560.2579024228928
11195863,1777.1043884632452
22813157,1605.1753945090163
16061850,1644.9071109945153
25000757,1494.3975256781287
23839386,1041.9608977823425
62901003,1908.2072274083512
85332734,1963.60283718588
41185457,1921.391241145197
32349244,1405.0434697748428
75213525,1961.2901304542927
24267861,1226.0300156024218
80759464,1854.092343401198
38052934,1507.1055869906834
36983078,2362.5330610971473
48438532,1155.2914708884612
98811621,3015.14162442634
41602835,1339.8607490547547
79191702,1551.224375837504
91526426,1438.8031312785242
12436955,1527.4890941675449
35460655,1069.8585176942584
24893618,1362.3901708599547
12318894,1126.2205379435961
75385870,1650.9831558248604
24016887,1748.1779754698744
93798376,1497.4037436011288
10041197,1975.779005156981
44196192,1138.6243349107503
34259961,1914.459305263282
79360399,1534.3813966108341
90648365,1833.919882424093
32784142,1259.1279197420504
88014206,1783.1409026417625
47541115,1903.4737078281232
81087277,1466.037874227196
99414879,1351.0455278010165
96312378,2050.992624975556
45292998,1914.3164262295622
62464969,1170.372646149875
89056154,1623.5894480588597
43815757,1255.1882190660194
36326737,1136.4393575338324
66733240,1206.2744510214225
82154113,1139.8079899072432
75774127,1310.8050772847646
99633023,1872.5791970637956
54243966,1616.956385107425
21507777,1442.7676173360023
89526022,1225.6181300372446
35342783,1519.9487254721053
75576574,1652.890377934631
86207238,1628.7112806176153
11999604,1220.5875757033425
64241630,1262.8591100327517
49681885,1433.080749890962
20476163,2136.014079017862
82534020,1469.629631196506
80449403,1423.5976928123505
91978419,1505.325290881321
13134274,1834.63700616666
30921031,1206.5124538945859
35948510,1118.7192422407343
37862013,1068.663025862085
74364264,1626.2043502323777
73089121,1665.7682952507607
71120219,2144.8729230025183
81357330,1716.1134284394961
86696339,1714.701798861009
32694372,1210.096120329857
86397240,2586.8790338315403
75410743,1803.191178184428
54107967,1601.0528339872826
53182244,1245.5154973642127
84949062,2186.319166904114
17578514,1456.1486188664328
66553240,797.0705931637133
78244783,1153.896018070425
85750494,1400.5887306001976
26835204,1453.9518505117912
25568634,1684.8667451835609
62833472,2182.993453469696
89441409,1891.7219690538402
30957350,1019.7630158674309
83492659,1087.5382519313102
14123667,1525.6690112334854
81332426,1282.5540082899834
75963486,1409.4662094550695
97473965,1892.1276269466453
52550411,1093.0269166450048
38852859,1090.1662291122411
86945814,1746.6499759764506
99213841,1922.328654415325
93296884,1767.3452713200518
74681265,1314.020413823513
67628381,1932.5815022695122
53194004,1900.1847495247055
79129949,1352.7310846691066
21417992,1513.4667770834326
65584374,2057.257456511133
83994457,2581.603563218243
79552394,1299.3698866901063
14169455,3675.642204479196
11006346,1702.7687153828167
55920445,969.4741626553675
42183979,1804.8883707788734
27236753,2003.152099601387
38623845,1058.084070960706
56539617,1496.5194224323636
89514584,1235.3580522730426
55800655,1425.6278529313513
95341263,1574.1515525721843
90170967,1257.0072636205925
25603899,1723.833300544934
80752063,2193.945501720269
74272993,2133.4794851730317
83204984,1392.2786225010618
56041749,1984.8276000727792
99929710,1530.4156438473776
24093076,1318.8854007597515
76171771,1558.5860212736775
87313105,1856.2347950201447
13150529,1853.261327797733
85314779,1959.954168642448
23218937,1651.2000372861678
15797769,1358.2672210986761
18451890,1309.9354927761706
23712138,1294.5092183905388
40201741,1458.1156900839915
74044702,2002.5020415412841
91758728,1561.3858404963512
41605529,1686.4443487911603
30345669,1457.9210038429412
72490311,1502.0181966452988
11341429,1525.3161605063692
86562367,1490.6145427931033
65741146,2277.648405580304
28059650,1655.874526149942
36854120,1425.8700275608426
70514815,1536.8554082401793
28991223,1925.9464363121392
34210782,1833.7504767861662
97420540,1701.8979672000512
53582966,1876.6959104604293
25471995,1439.3995454078074
40521306,1561.2503012047066
18442744,1738.039415909784
86475933,1903.6228984662682
35156621,2085.4379501421463
92398280,1707.4978825234493
64419847,1602.7312601352444
27879667,1835.7853749031497
33454324,2067.2125823766164
78234554,1352.403445104883
37295459,988.3098587442253
76464828,2086.1982684671916
89898019,2449.1223477251688
94459827,1846.3264467053339
30672049,1780.645617084841
93226295,2069.0256344927184
66733496,1062.4765192584937
24799537,1774.091174024053
30909458,1407.2423152576766
20815913,1636.3350539594185
77231006,1120.4326551581912
63770561,1318.0851125218855
61281100,1901.8397877884127
25443496,1020.3744617133281
90941407,1159.1041253366402
85217471,1912.2326146434398
11330523,1552.8548849012946
60135515,1333.5033234325515
96537329,1740.3403073625316
89713236,1568.112424519696
87856838,1928.0440549885843
68427758,2301.693742068569
35697471,1553.2381035156604
30758105,1848.3600788934161
66828597,1386.0511854977672
64179941,2661.284370760657
57531913,1577.4485306218035
82276369,1631.9174070517727
33117908,2197.3619618060848
23807930,1834.9451947799416
58313771,1369.881025345655
86361973,1504.3100100092124
54136725,1187.1861447629378
80609057,1932.6762125537261
23386046,745.9217425807828
88923790,1406.9141811014354
50739054,1465.981082206767
85701835,2624.5977905027926
11164690,2128.811653771327
60686704,1493.9887560429156
56500955,1337.8111147110842
92377094,1251.967781151111
27377686,1259.3659123997154
14820376,1435.5550972427764
24454653,1940.5628869867178
49068691,1469.5382146568454
68870887,1655.172403662857
40404763,1600.7981193835985
53993271,1628.400802008327
76624283,1552.1090921889936
84681113,1507.6134711274176
39182711,1437.740451409512
99418549,1590.672948674705
54009403,1073.7666407850982
15732665,1406.2569203286848
21105712,1788.0753859769204
76841454,1247.3152021911078
77456803,1390.8766341330775
94681649,1840.822183974703
42127705,887.9257330977108
86327920,2084.2908656469353
49706768,2333.8392603472394
47210863,1885.935637697619
98862874,1105.752482385808
80625113,1684.7668778743052
13147967,1424.690873553442
79644262,1927.9084793822863
40821766,1197.584306520771
38964351,1446.6075440037819
80037468,1719.2225286014336
10709528,1335.001748976001
14006566,2666.186476307926
84355937,1176.4815755001573
68139676,2316.809871133909
51613745,1539.5679323088336
77042505,1891.2038283504771
35307179,2309.195521542836
43137990,1432.5861273661067
60366178,2012.5767600688982
28449137,1654.5916783947378
54714633,1192.063684071854
86469326,1401.5135389321265
81392986,1905.4981188922548
94816275,1445.6521917825046
20992851,2174.8985742229097
33220037,1919.070468951008
52922027,2136.028138316852
70522751,1915.7656363247577
35179027,1699.3517609690198
11006610,1420.0597819179643
97027045,1550.2780962678823
60842426,1503.4753259823383
37962781,1676.3794320646414
57446778,1349.1215311137207
46803142,1800.8518381188887
96412152,1433.8437345536063
41948607,1439.6750764171347
30401183,2255.0749407270705
82446721,1507.176759890289
98640166,2363.810033589059
16426411,1490.7015538893675
40919986,2010.3322739268942
34959842,1444.8748556941132
76545890,3343.6473499221756
38671669,1872.2330163790202
74577885,1834.4068683283126
77894868,1481.6259937071131
44132106,1364.82495772157
13303745,1127.1477995669852
82202428,1150.1391208013079
69359286,1693.0848959876964
49249118,1810.7632012023503
65186472,1943.372981623814
86728284,1252.4638957968714
89113200,1761.5170606648348
64085288,1232.6570571302868
83095293,1754.6004542974338
55834975,1702.8481195669156
12408851,1504.0207502854569
45102161,1573.5900143152453
21425066,1288.0849022486511
49253416,915.213920609386
91720337,1975.4963391201095
38125202,1472.7318651151995
76716879,1528.809127756249
75093314,1078.9101563633346
94720863,1307.462703469167
69306868,1423.24379270906
78783123,1726.83724234894
31503266,1417.347444416569
51221256,1395.2064655373165
36978860,2155.8070722280468
77102844,984.2665772300326
85218856,1599.5072240480094
64674000,1548.660679552096
71928536,1480.8015389843551
71632516,1551.0339057700514
44645677,1600.485476652265
27089889,1950.7595260674275
85001254,2056.2466462256807
80789294,1452.475513817962
94921905,2234.4433899979313
87557595,1633.1645565802064
27812172,1250.0088544189164
70326518,1809.2345656359807
76820242,1353.2296435349522
37798149,1661.3935771485499
95689974,1431.5310254006338
86698149,1652.4615995237782
82332389,1448.2261973385284
38769988,1162.7269615180323
62104171,1429.1860763968298
20008764,1405.0028553488787
88250848,1008.7437523383567
99989436,1806.260890837696
20654244,1571.9940311086166
63645129,1526.5590899215122
66237213,1228.9015792544308
89366030,1711.2534281490093
43885604,2917.1691751139624
20777495,1728.555579432872
17630232,1773.203077599167
41034819,2021.0547442379411
30863558,1555.0413185750076
30990096,1562.1739478122784
14528263,1197.171220667776
38046616,1837.623812453157
21720690,2097.3537085044272
41971276,1353.28040457845
81966182,1523.0644743972186
81876034,1281.81492073642
23233042,1263.9080306962373
59959368,2482.07927901773
25429816,2185.787736970124
40884180,1339.8262912507876
88955672,1513.1990307960477
43077536,1780.4041291230276
22541133,819.9168809054609
98515757,1947.922850115981
96170890,1611.142525849264
33994765,1334.6186533100672
91089578,1759.9121583012754
38840418,1761.0109123680013
92439017,1378.6155642987144
30192634,1656.9937138651114
30769461,1447.7703142438932
80205723,1389.7784538498
55131937,1910.3691555471964
29185681,3000.3107713859586
80773149,1353.5659849314002
84757256,1278.120191236308
81505232,1398.0150929049473
57555020,909.1508820226654
70106520,1459.6521656829723
43240131,1699.9254712992988
57158414,3057.2847703461066
63966023,2287.1417300682688
46075950,2288.910062941313
47516649,2138.8284072700003
57203804,1671.5587672851416
99285503,1495.874364551132
23511969,1121.7472631235182
78376646,2202.4919296661665
48884000,1389.2233695294512
98727752,1249.6404034813836
82907215,1955.0705604308944
72719170,1483.3118702317115
39149918,1406.7370477735367
85435767,1467.947896969848
54111802,1987.3871706407579
92599919,1310.6922524593558
24226064,1619.788505245573
96829833,2178.2959354014956
27301621,1338.3797252284444
15887246,894.6712950512047
51726302,1089.6768097704887
51260265,1746.935592777988
45934883,1584.2787715866589
97289930,1733.091571334558
42847093,1196.3861478345716
13695159,1239.3699392598946
21664737,1402.789513169514
72162540,1471.4763215706782
45972276,2039.3693207365804
71222059,1681.8959081988232
18901787,1361.4001214750538
64794868,1410.5401994210224
96040179,1324.9609810265679
43891507,2121.902344473204
94649367,1310.1833944777568
85490151,1001.766531012988
51948440,1107.510854139832
44237958,1049.7620251058868
97658202,1272.6841933885598
77699657,1191.975763510151
23252427,1632.8101127033965
10697423,1478.4372821698323
99095154,1657.4905267047707
86344123,1532.6100786238692
32740825,3019.044707184848
39699187,1506.3674480737322
79334316,1364.1546523682623
13862142,2252.987629177957
95022546,1293.5616188588488
85671131,1535.4169556927418
13946093,1323.4527187352892
71911642,1590.0236537555031
74557358,1674.7710677009782
76424216,1696.4373896543404
60569056,1342.5784294522773
21429356,1631.1910357052066
37147011,1174.0193758625164
22363795,1160.6610357515021
22711721,1138.0224554834422
32781826,1621.451282055524
79919377,1527.040081458771
95950869,1120.8144667371278
67975454,1918.766655685734
61846310,2055.724448458358
47190136,1560.275404809724
72140487,1728.9142770884753
33356353,1661.364073218952
57558815,1592.7553319777076
85765913,1822.1438544177545
67405346,1364.8064711017828
47178751,953.7679109588685
92743619,1315.1829411575934
67809997,1697.312784998162
95649734,1617.6852265253
35761786,1693.1752309583687
20333506,1165.2649142838402
39856656,1821.3520402571899
80659941,1978.6082993414625
72539676,1204.4480839768455
34808508,1597.1061760101888
18684795,2058.628322646246
60926773,865.5854636683888
25343604,1606.9104681875021
85280076,1297.4599277216591
51516725,841.0356585284524
54359603,1829.4466837555533
65763192,1917.141793946585
53926540,1217.1950539214422
77237054,2326.764521982294
75498756,1827.6195415411707
99166662,1157.9637550151374
72410551,1254.8739229633907
82923327,1314.7178359971163
46066488,1429.6982677107085
33059137,2098.108223616094
51480279,1350.2965850788648
19373977,1388.2702746170612
90715980,1262.6256784443337
56492794,1377.0656618396579
46037369,1293.5606364171545
22743995,898.3371517472258
42553042,1363.5762658332792
36975311,1995.9196709647408
75351486,1254.1850216668113
30981897,1696.507698836515
35580501,1874.0613151654056
40483549,1203.1481049378765
64819235,1546.1503138319672
26688957,1581.4754726808806
94904538,1729.3834715914363
46754012,1623.9906532790053
36796857,1953.2277291340445
28461943,1885.3429051887722
14026453,1475.9678469876408
69053024,1744.5421324382335
32733126,1842.9913086433976
40931025,1657.4019468283577
19427950,1650.8593550936425
84597120,1177.5987031858958
18811334,1340.8320022164924
78324699,1611.0566572183989
77953974,2049.8842381642035
27862041,2329.756854945762
37247191,1539.6000410091406
25562317,1850.434087475177
73172608,2332.3171944615374
33104896,2200.9962587446726
82319650,1771.9047602452604
21799452,1520.882668086737
64888946,1903.3816339733762
97264595,1816.6804098559987
10429454,1143.3853901765333
61575325,1305.2499151378927
56897257,1522.3413141886836
37059519,2333.6366833695
52110520,2712.2454488572753
81197632,1854.2059396368818
78041929,1462.9479541004807
62481600,3006.9927820706544
79068390,1256.5746308985854
35652591,1434.6211963051387
39694436,2309.985989394966
95898355,1696.310157936388
80006639,1919.008070905294
53958546,1108.988081500449
58986255,1151.886623180208
35034634,2024.8083442265374
21845497,1935.1439421870934
40578913,1428.1545328609973
52684708,800.9585032737668
89834641,1581.5789305459657
65511611,1082.5685070737009
65731676,1987.1359080356717
83770991,1518.0577371027916
56280602,1405.82772188771
44140498,1687.2673238285688
52748496,1917.9041638933968
76136540,1318.59947465512
35483441,1265.0923069825867
25193108,1755.5313135475712
27434478,3837.176837587376
84357441,1725.3224481381963
70840263,1606.4828982647568
45633382,1819.2707132718142
68317032,1906.267481514969
73465107,1278.4364680458712
24929921,1971.8530317441118
87300428,1915.399604232653
69871020,1416.5702015681582
23755175,1260.2981215197156
91971062,2874.493107414595
74483617,1359.1075378711535
89642342,1377.957784164008
33276861,2253.643939098662
18861332,1379.506188459249
77211245,2015.2026116803318
52041127,979.3365232361093
95864050,1500.6651707879778
82528777,1807.672035636887
62702832,2800.0818820473096
24146181,2030.9254182379636
90263367,1617.6472476445879
47033948,1350.3974560975737
97856612,1838.0437082405138
73014333,1387.5312216209077
46731094,1433.6607228211733
15781171,1413.486674226427
51156245,1689.5945606651985
85958922,1057.5555024503128
52550761,1193.4326469993111
15567593,1652.7785838449506
50279318,1032.167296002229
88796422,1152.0867111609566
66724358,1259.215719182423
51443999,1697.7168537540356
32661637,1466.5339006404888
12999579,1434.9063585355257
32460111,2086.6593538119223
70354263,1663.8002781126472
99768418,1503.47965192852
93597400,1751.6014464354291
42968448,1030.5218881702972
11447851,1552.8736602506406
76146411,1780.3301042770133
86917958,1813.392279130528
57526187,1960.8248487833337
71062405,1587.9664405158594
72847399,1522.3252966814646
54891075,2217.4428413169226
89841901,1734.3356233840454
90056417,1376.3204496477313
77892346,1220.691472337115
31627402,1285.9212917882987
78864638,1412.4434558022313
16022883,2701.800324481688
21980955,1793.4592272660893
98291218,2260.393630613856
37406677,1338.8492168461753
73253470,1388.8940551508738
80239984,2232.324884906873
60323265,1997.5658577916495
93655248,1288.2391521503203
58796215,854.1858398432887
94203496,1776.3655468456784
89472702,1511.8760902378503
29142290,2081.724345391044
71021568,1272.0300163808388
69197364,2194.695201874473
67499939,1970.282303521904
51780875,2115.781184378386
46941857,1597.005200859478
57911836,1403.7247497878873
38559875,1821.2413833538642
81398050,1700.9785848675292
75334315,2411.7792395477104
59308610,1402.7751376079054
16247087,1834.771782950314
43247285,1770.9555263675034
45215633,1811.773870186451
40481058,1751.7609383127628
40365284,2553.3478531356413
92836079,1615.3736049521497
70303716,1485.2889326785807
81749724,2865.0957830168445
41853820,2019.525916044961
81440480,1681.6884659466425
84996580,1784.409738059313
35919442,1442.804519740892
19046260,1953.9156733439047
90423631,2088.8571732626806
92961031,1978.9778197567218
89855372,1946.9567572915512
77816576,1923.3748609980262
12194715,1532.5691930060711
20115124,1924.5512479788486
73703358,1638.3016070753552
89792966,1706.4687453540027
43706254,1465.9058811225086
70266281,1533.447997037907
78529732,1618.8699105651165
31638825,2238.7151578385738
58167471,1885.8049781410937
93767960,1839.9255259463052
55879589,2077.737469920458
67388602,1759.6344225053467
86008328,1337.128730396905
53844650,1342.2552025408654
86660948,1872.1597118576901
39941650,1348.1834640410207
44395757,1815.7556066815173
81989533,1454.7243486764949
46504700,1275.2412390634206
39402032,1280.4709146283267
85919943,1196.97708957114
80733130,1946.6568477245823
25189661,1516.9761837238548
14623666,1519.8901216639326
70848155,1605.8072529142626
68571484,1822.6887092305951
51228995,1405.503107054432
49683485,1690.5681030280512
56036763,1529.5144457502608
32459332,1747.444043302672
10860915,1311.0726241365371
43696664,1683.3961714054344
87941364,1790.4293788851446
76183083,1463.4922417833518
20966309,1742.9662902330383
37699108,1611.6771758345274
55952526,1119.8360591920891
15616438,1551.029545437649
86514240,1787.9033864584494
92945955,2387.491542811745
63145934,1772.9542490410286
58853662,1418.9706220753933
79304271,1406.0427209731693
24276255,1522.8465203550277
43245413,1526.7653595219117
59024690,3041.3713246141024
13551336,1816.0404261846315
44848614,1663.5041670519283
61087377,1995.6239420254715
11885900,1556.6246451942861
92535927,1250.6123781018046
21708152,1616.8221229535482
45352808,1331.0426044812846
75624156,1392.5389102834247
32001265,1295.3489000514237
20413825,1439.6031373295061
40305802,1642.7112928875724
61861688,1245.0008620690987
33441351,1525.7025403114565
30365812,2113.361706787535
43625038,1461.69745384425
40659534,1371.7484388109772
72885406,1533.3645636658914
55817366,988.9368727625656
78604997,1136.7086177390615
14364198,1463.5102452202664
70814486,2576.4134014611604
71030650,1272.9206697406844
93257457,2163.0996628094235
65515227,1180.4998167180786
23048185,1533.7261493277015
64021401,1783.8660763338053
81601136,1292.7460028193077
60464050,1617.374136121985
62126832,1362.130389460549
76122802,1468.6176249706948
68619547,1307.4978719846954
69931017,1852.104407593069
52039321,1392.886892612935
96748453,1474.6052708608072
40650345,2131.2506807439668
94190496,1302.2140068819574
40034795,1948.3411459316876
16725203,936.6406256285632
37869032,1924.2851795853574
87784983,1377.46148019721
67445694,1343.7066011732745
44138052,2050.885552019112
56359862,2040.4319530031275
27113776,1759.1604027839176
73853459,1317.1562062749508
76284169,2567.383770040488
42581373,1866.9142733935473
74617250,1251.9270801706914
29606632,1919.7975108643818
22328059,1673.0500630683944
94596005,2188.9635357081406
73640300,1204.5884927868656
52511016,1460.592187834459
63643579,795.1086221900248
73979691,1886.947374238698
76806109,1101.7644200658856
67084872,1326.2375573905547
94616960,1098.4025740524912
44018639,1150.5184706755663
10369424,1901.4212454957387
19417264,2352.696713583889
77137301,1519.3844327806546
33598935,2298.3579689091307
81379316,1820.1772538245193
67627945,1536.7308326412967
74067952,1185.3521852551344
54161507,1267.4603254485628
55930611,1352.1258299381234
64919315,1983.1658072200046
92109871,1337.7647198681284
88653847,1434.794414705198
50331596,2158.124111070544
68139580,1332.5275696654182
80241693,2567.0066092970287
74034028,1913.0241433696133
22712040,1604.1832904513735
18212521,1438.2366689536539
60434302,1575.3989179054427
45427525,1101.8555883271401
95853311,1315.1234625034058
70857259,1841.8929032356316
81477083,2189.5973492126514
27723524,1870.6135296048046
25206032,1252.8877938332828
12102381,2327.2364373624273
72428170,1405.4524513146443
27672042,2156.401155347651
77000429,1749.7590038611302
95589605,2367.5912978911797
44647376,1716.5636695792218
21338536,1241.0848150099737
13820529,1637.0083738193434
24568041,2282.1916398676185
90117191,1714.1257112050337
45800664,1597.8561550431398
13557339,1804.1066995776512
19087413,2236.5933480897465
11616417,2059.671858628968
22015830,1504.0450311392726
42617304,1225.4159304641753
72598754,1515.3824158651328
34839793,1452.4453615437124
77660297,1470.7217816803463
13706769,2760.7799144414375
71694094,1899.8744960531592
26712974,1173.3705012542175
11161484,1432.203660326334
92404281,1119.8534440433782
29267516,1577.1663317067678
44574998,1568.859085115304
66291057,1121.962345211585
13701175,1641.8839675436866
24177160,1839.628365811613
81405301,1340.5717613587692
11589439,985.401951977352
17537269,1367.679846584616
98168887,1969.2957775526652
57508409,1918.3550102799902
83408387,3096.972697361879
43301435,2081.474008040463
49258344,2384.7677775481047
98631322,1296.4302108737697
69659096,1760.9222046207115
99106028,1220.2050732196446
37856658,2011.115073998108
42881579,1130.8827280347318
77859891,2557.6763411877946
81041727,1152.703857812462
47217829,2381.0651112623555
53083229,1540.598363830617
79619006,2009.8108636894588
87897995,1045.112876207439
17964917,1091.8315058824828
80568888,1110.1355751842912
43042929,1336.5911029407173
62796073,1899.4046159945974
61083401,2193.0523004796923
14141477,1414.2326207585031
68306110,1850.4986451197738
43708354,1724.7512854348106
73883907,3887.863909237805
75966104,1832.5089636607918
55672599,1323.319151814939
14917596,1626.3791918203137
65294870,1789.0309378006014
14049454,1721.6391531719075
93295381,1577.6675850428296
27730907,1940.2323546889697
52543486,1611.8352588602474
79427440,1447.3549961426716
46627987,1869.7985708750582
63096372,1978.806335347265
21047227,1498.8824383293183
94588817,1649.6852872762906
82925355,1707.837874051649
20239710,1452.4934490517437
66560522,1395.335887975511
34394729,2254.4254560851505
74199492,1370.7425125279144
59577067,1333.2153048001503
69919638,1358.4564609321028
46718033,2065.7239912415325
84917912,1665.9889668264425
31599665,1259.5286195737108
39056365,2579.2144677769866
48895978,1348.5077440036532
47094246,2017.8228783452103
19549587,1086.9877912134652
18563899,1819.5563404047075
81642903,1424.5721410425303
12095543,1474.2473627107706
67140026,2188.3149792994845
11054636,2058.3770520552284
21698635,1893.1095874388377
23623849,1941.330671255133
71392936,1613.8667431560364
83425325,1900.1070795636087
14553390,2194.058014674991
70274030,1126.013092896696
19402442,1251.7284492832284
11041677,2426.6541018539515
77513563,1470.2263579200553
87335721,2845.889328089147
17466406,1486.5144231773284
11267365,1612.35264639329
89144675,1968.680060325846
89338457,1385.7398870550373
87803439,2243.336815034437
20104582,3363.178319202972
95781089,1205.3992260236525
66358482,1423.8175208033724
62863016,2374.3751722686734
92557337,2548.7055364374287
10876766,1218.9299837278081
70473205,2282.653975476828
87569671,971.4300116666018
61139578,2653.3148832421566
53121878,1649.7396872215634
15430462,3348.697325473385
67332796,1290.1358463838128
75641163,1669.0563064155717
23552924,1387.1154446732899
56332291,1344.542280899903
83472051,1614.5058388953796
73213649,1485.2746012275238
47802315,1622.3190023170225
42459098,1352.81411163935
59654537,1752.690200267849
49312825,2068.513808945629
80983900,1862.3601848685519
58178507,1385.6791077550083
50382416,1944.4081301152114
66073034,2084.0633735416627
43848284,1528.2039145668577
85092410,1537.431310183751
22321014,2397.029401236274
31162245,1416.6668319552957
26802981,1141.4791769515098
89737386,1828.5972353091047
22704344,1613.8802544116106
56000373,1834.0323937148498
96310766,1204.5439517474533
70324095,1957.7381220246143
86441629,1377.3348064094462
12514793,1339.1054349685305
89583392,1580.7745876704346
36498032,2383.7200697774288
22072881,1156.6932773240417
23992589,1138.5636589140847
25380807,1162.2668913782536
30026993,2392.373619031563
65742850,1447.8983602191367
33236806,924.0033791925503
64518820,2409.8040081704094
42371713,1435.865284522631
47924596,1801.8904175746065
55469978,1982.3074547727388
29356220,1291.58336229115
98913649,1131.0678874785156
22201860,1830.4277096323315
17005574,1764.66348085951
61767605,1752.516609022315
63003964,1442.9477755575722
52904792,1796.1278920825941
87014699,1792.9201833703103
60476269,1865.0391561006008
23374773,2334.6643568377003
12887652,1711.0922751951427
11366466,2298.8341424764585
62053080,1233.4877666330124
21354279,1386.8161812016015
58635346,2167.827015941197
57475663,1560.9860512297805
44627129,1315.8663281862575
29419543,1559.3421209417274
47538164,3645.510686616617
19854086,1587.378562512491
63381374,1594.6954304240735
55348437,2102.46853940857
80254443,2136.1819579840103
23105559,1599.3998674688255
25129271,1800.727816321553
40257293,1745.5135597993751
63509506,1190.6908036580558
45432136,1530.6742894758818
19785631,1753.3198800724726
22859019,2506.403047660593
36147504,1362.9224854223996
54449509,1707.280193474939
81205631,1581.6440151426611
98103632,1846.3398051651661
32691265,980.5090937802815
72768344,1437.525248661996
51890279,795.7122276489904
48043615,1445.2716208064821
25374441,1344.376597725036
59962384,817.5626386894733
28910995,2279.4481699552935
13141234,1530.2440841544055
50747063,1085.8719356904899
55252279,1445.0992504005587
52007426,2239.8807224974817
30847276,1556.6176341059845
62106368,2236.5910798110554
60214573,1389.6072725020022
40002314,1718.403905611061
32428356,1711.9387403317378
53658343,2347.3412058330987
29161839,1698.4322021251705
46396012,1469.6060313878384
62360708,1970.9858205840555
43297939,2016.7369013409957
12562149,2154.579137199611
36028116,1679.7697628269036
87330286,1666.3770304418745
88119407,2002.4029784081279
26750897,2360.749254321592
49969361,1511.7906712928966
97204974,906.3810563801056
99702598,2022.2921747199027
52763802,1699.331858457006
68901809,2038.432316245368
39208673,1406.496816442599
54033485,1934.19429965921
54497531,1629.5135423513225
53990991,1337.0798060025234
84489537,1233.2860888281311
35670801,1359.4611758716187
78791350,1284.5984140831206
20845184,990.724164702742
13555027,1695.8751749345938
37646059,1932.2095067887367
76127874,1539.4778934501628
92134461,1595.688349686598
35770374,1852.3149235166534
71020209,1860.0372996334736
34171582,1572.3562285539128
50654248,1296.156630094968
42458567,1615.0383846604018
19190057,1276.0148993080988
54080489,1260.9496761170537
68542535,1716.2957057100475
45210646,1935.4136721721507
59714270,1583.6935870522811
88185676,1308.0351239270599
71490260,1386.9185379060095
30639393,1202.9460441354468
82576353,1877.7080034210835
24335906,3393.8093506895475
21049647,1224.0764365202053
13781432,1332.5004484563858
86079138,1811.9185705343857
40000990,1579.3474666330849
73775201,2940.5183121759237
35148701,1705.7191351793726
81596880,1369.314030968916
94320273,1405.2609710572588
36438421,1736.1515575554024
53057217,1805.1174132702204
25248077,1325.2646816423648
73038169,1175.3899842292653
73258090,2342.585307014225
87336796,1586.1013344534663
78963426,1453.0193616709803
12232405,1702.4265065676423
86811261,2042.7818515641716
43165541,1121.4337695018983
83018865,1758.3536462873303
37762842,1554.1890674592432
65591705,1764.4615601212972
67890361,1309.1441722725076
94753186,1250.4051110949545
93051402,1460.6836326980924
18623638,1483.3413243733044
35256497,1373.5049771100535
79246585,2063.710525552059
23762226,1333.751260755318
67287814,2481.918362348165
78864148,2288.9882821480523
30658878,2182.3957830869226
97960066,1307.5382996952985
19914732,2367.3790791196425
23619037,2241.1942587410813
27095793,1872.5604825124583
83667300,1253.1987345585308
76686009,2103.6925022426008
79911388,1909.082534309603
36038618,1575.0727562169632
91489166,1340.4337345748559
64088644,1718.31138043408
10087238,1405.205489863804
68403788,1404.3022282132833
95817054,2094.846976071722
57182933,2181.552523401125
83941537,1657.737362230148
86909159,1848.1435907839546
45478492,2661.1726905397572
84142111,2456.1696664653005
45223652,1470.1998877679189
15651868,1829.793005050944
48952352,1232.3085793349665
53380245,2201.666948127154
56211427,1234.8585148944544
66961588,1208.8446527072917
38567012,1063.0872543938103
74938615,1428.6349414321553
81147200,1733.1357000122066
74772897,1616.3574494989798
80316029,820.4032243038189
76791795,1841.553733501871
95549661,1330.1031044868519
91524955,1899.6271196024886
93849275,1746.5899189381119
61885188,1961.1004725158525
17120455,1159.5662661320546
71403569,1971.833668777733
57944962,1790.4020279421227
72483844,1719.7161241936292
45141218,1667.203389114262
47525065,1332.5254543377234
24379765,1218.4340635172784
91215387,2079.277738853345
39945150,1141.3044820869375
25481926,1721.9855457714561
72167432,1770.932919672526
15652519,1119.9321096182261
58079379,1133.2715744084005
81779274,1822.9518681536958
11313638,1543.37733083976
82915596,1627.2776685101594
12551058,1686.3123241965968
69374139,1707.9428457337572
27490970,1572.4248285076576
28663701,1402.9211327190546
51901697,2220.13575265953
19964529,1894.6892449490533
14203976,1906.3804075512
86724526,1575.6298208026853
46513661,2162.233458357059
42464585,1472.776528689591
14360059,1374.9775764007709
72181637,2261.295612858628
78956787,1497.5492429459018
30264496,1235.5322239513725
77227528,1579.6853347763474
50534372,1500.9655297460808
12187853,1864.8876869670785
97814800,1617.365466995721
49704538,1545.7134645733568
31844965,2418.239835109657
89449307,1122.8226967063026
72286626,2147.33654752549
90641879,1734.7683355548643
39977212,1917.8133648018322
56406335,1332.0854721070018
46671061,1831.0213970060372
21883230,1566.5663648322206
57754484,1155.7746006470154
96138639,1900.2042926917006
48581654,1964.9808192530666
15477564,2197.188430327371
18367532,2089.045346162101
57040971,1028.3123464817443
24677280,1922.455153248246
38279741,1207.5143299091715
39630161,1780.3960046623865
94354941,2319.0627834946454
73739305,1476.6839588502673
36839896,1635.8888171569765
60950133,1301.6720400625704
34560824,1292.2671114653144
89848060,1682.0809826860893
21727334,1824.1199461748843
96402755,2602.0342034652463
99203156,1443.5988553467962
69252455,1484.3919764006364
86645439,2777.7815356286737
83677892,1380.799971180888
22897635,1041.2836116087901
45288708,1616.631754763429
59969436,1704.2312003588909
94774349,1317.0748088310747
16886474,2062.757656874599
44198009,2727.899011139985
64700341,1304.222750320564
64505698,1308.0708864112635
77323444,1500.422805024107
27706778,1681.0567579468932
59628829,1304.4995309110054
55365465,2081.137768476201
69970571,2355.4626138642748
94271260,1507.98595920162
52700573,1696.8531245077563
45014443,1844.7578201022434
71021280,1761.068283765917
51886091,1648.7713769118695
91170937,1802.1939731520465
92081846,1789.9065869771766
95719079,1749.4309296937352
12428005,1348.771040142521
38292857,1433.3323849370045
75786036,1702.1581746774302
76868352,1647.2408408055303
61787836,1767.2363706741362
92993294,995.8162833056358
23885591,1233.9800877995508
40800066,1427.7125317798725
56146741,2072.6078588132223
49447892,1575.505041096445
52965378,860.8929478897103
93685952,1380.3974655058114
89649731,1015.6491964964883
47102704,3083.8242834888542
52908918,1746.9256120820078
77943419,1523.44673789453
92500699,2161.5476775196225
51420779,1978.3388039933934
72830394,1460.4708305383358
72781023,2194.884676880631
16161212,1146.757900996103
73724856,2220.5722297388847
76991618,1182.2160940470085
95797758,2145.991208620281
82786703,1066.8369192483378
77183119,1538.027343643333
56026782,1223.657210443774
16589083,1517.762732819705
47749953,1450.4221767021363
27187508,1641.5823386058564
51723171,1770.065296932343
56627258,1961.4423921027364
75635227,1221.4757553492218
57547046,1328.850665595352
36631973,2009.3184966752187
17463415,2406.7747419661555
26674861,1312.7807722226153
56995341,1055.6105690485888
26126144,1236.0593969480537
58450363,2218.286688267656
89312269,1057.8644331835462
16817991,1279.732907725234
84965319,1276.573255009154
43319013,1750.2128535150237
44400321,1161.047796570422
80024230,1127.882875128483
74521218,1850.2578437583877
44832141,1564.0583818452096
70162625,2100.2006735479245
43589357,1773.5441384587352
14100726,1376.8742075048713
36520084,1234.3850887500876
98999098,1130.298143897067
14148442,1541.1214524355678
90033275,1866.0345072930104
19819492,1034.0257502753511
94929441,1541.2893099158264
64769677,1457.581125788877
80605119,1614.6868992905486
61896581,1934.3801215295375
25053770,1589.9630795283397
74893395,1892.118269646068
53560531,1420.6725923208214
89710260,1353.3958657512094
93875018,1397.389571071137
64766158,2727.6635923239705
54305179,2038.7675731087156
30403292,1924.4660254168723
60767564,1865.2876674872
35303188,1488.7243875799472
21177257,1921.0630370210508
15350431,1950.8577576219973
19112314,1436.5342995706542
10078818,1759.6849028103702
23150338,1847.6401629612824
47635759,1853.623040534995
30605686,1276.9692188762463
29709781,1707.437123333932
13735642,1184.358537299603
99020214,1463.266540883747
28873624,1806.2093147841256
70890497,1433.8066557166496
99675492,1446.6728201836036
62216584,1854.9588664882685
84668724,1032.8663938779237
88738488,1706.0570835441392
35683009,1271.6792635919255
72816721,1600.7056297377753
19163259,1731.5567299022496
51202613,1535.4570614123068
56056704,1071.5656138138067
49879334,1053.306989528901
16786843,1545.3470068226966
47533115,1708.8551754681398
22109413,1313.6550866774592
85518746,1299.4507155614128
93362991,1526.5108006739308
16124077,2102.0473783422376
76182432,1216.1428862123194
26790843,1490.209754436627
89672220,1867.63651782863
12756298,1809.2304576340498
16926806,1424.6762727737294
14000956,1512.5830666849067
36806959,1390.4355987147474
87017954,3298.3728434148193
43944283,1681.3085964310417
44101724,1015.9677968977119
67316534,1202.7941086650117
88490548,1458.9451739046572
88665651,1781.8123259294716
83830852,2523.1800818730853
35512699,1305.1543738594823
49228670,1676.0920844022598
47172196,1015.2485928051224
86195285,2201.2114890994267
61100752,1642.842874092078
23609539,1519.347626453435
95881788,1661.317011409983
44925764,2128.1430808950304
83971268,2485.9415448916398
17370699,1326.7374920577186
76384877,1448.7435277266372
93972349,1647.029876584988
64752973,1310.640729332742
22747583,1417.043095797872
38304968,2180.7024861419873
10235307,1605.6393408863187
25779125,2209.3892558154403
12843653,1322.7689244734484
78094768,1505.1491027287843
10635284,2269.1923858915343
13687234,1493.5613138501599
53936042,2076.2904842959033
82732686,1157.049309767059
96543781,1870.1991658915144
82228529,1130.1856644260547
12775154,1534.7215267133865
55255907,1523.7287113808757
32916130,1332.3398857737986
18504284,3282.6713910899102
65825890,1774.9243107733207
33391713,1545.6438611980507
93331533,1697.9326974341338
89345152,1787.6018189038468
46576484,2708.5947025926885
33320733,1308.8236819551673
10724817,2751.5498623644435
41244276,1973.3390398992951
39841607,1500.682992911166
59463885,1837.8182840093964
61317492,3927.7418697119965
33725830,1020.5732969651676
15316450,1697.9821179550972
53318939,1953.818126094111
82300735,2252.4575251139463
44927585,1446.4113983766536
80951510,1669.3995677889727
51421456,1951.2460777738067
67936055,1815.098703141018
48065777,1024.8984740980668
56103730,2306.3838554256463
40566531,1979.4110560446334
61129612,1791.659850694738
72015593,1521.575386244488
73826407,1156.606903788093
88021730,1365.7291906518499
85653819,1449.9192675979848
45194339,1437.7062309223006
91086895,1450.7498974156401
51919540,1703.789297663764
23157322,1630.7090938538572
51628095,1990.057088884033
96537190,1757.3196180536224
53402735,1470.2820513511551
36360155,1128.3541185923818
37694507,1803.234705059215
83593533,1534.4537984192064
24284452,1668.5082522816224
21000889,1630.9841554615314
18518898,1214.190888019822
11533995,1678.5046880789373
91728492,2247.973374861744
32889326,1064.4083303556608
16392740,1408.7122068148856
93954664,1344.7522824736327
40527969,1639.8841256810138
13359501,1371.0506856492684
54613106,1051.3578383381173
89494294,1865.713391911046
43243456,1533.0137067452756
49320975,1893.2166173978248
66824387,2092.7463614589606
13395531,1373.0148220639028
84702746,1223.156729224242
46376987,1845.4589983372907
16949551,1412.1327759286683
76113598,1558.9277563646442
88051686,1544.839305198502
21575972,1649.510955228035
25797068,1207.157781752821
46519671,1404.4534670736325
62958708,1619.6193873200732
41163598,1007.0931036945317
90108134,1461.1716305851314
40305514,1559.5486240716637
28323820,1626.2769397671236
36148206,1216.3017611072485
41903222,1630.3566979625134
34111269,1707.1543001570622
22460898,1909.2549699015306
87095926,2024.7407151777365
99063606,1566.2109231209047
41090287,2697.2467507345546
76553835,786.146471273827
40520930,1897.3368563552617
72499276,1634.1121836899802
40722377,1939.7799147455412
23596828,1925.9170466083988
94118199,1310.823419920845
54177823,1944.7941192203439
32744353,2429.6192929964386
83540534,943.8391656090067
60135160,1992.4385359406501
32215997,1145.2505962710225
60591783,1340.6370671829752
75534413,1345.0726580609917
74381587,1719.5299083085247
83928867,1129.4243213889936
31779925,1511.2547112602256
71389415,2201.6331108522254
36657020,1387.7126842127614
52833217,1623.9345282152394
43206206,1274.6062913176709
21701449,2116.6866231954623
38073031,1288.9209934559335
34369333,3237.7935351283663
92620587,1690.214566615196
11512547,1582.9046231112065
81501365,1330.8182564582967
91014044,2512.658228586494
90225400,2009.2378128531752
77353219,3201.824608619356
55291546,2029.8411597451113
22923482,1355.7066530822274
14288303,1274.7287730569278
55909136,1485.8731165485906
41957261,1189.609056587115
17675131,1349.7052015809127
13490253,2067.359034617111
79023756,1585.9800605649289
98393510,1155.9530550738743
36169986,1466.1604390718753
98879925,1434.2115123280314
64713126,1326.747277733859
54807445,1648.7259966223774
76751871,1841.5588285488757
98441518,2352.5361969084256
54149693,1897.987305780473
42794612,1397.969147642371
76036112,2802.925168527124
14657728,1686.350810729956
73292737,2417.534311192327
37897222,1403.615567362735
24707301,1665.3151665728387
54570938,1882.0079154586629
47969890,1034.4087583593105
86391847,1866.9899081891704
43251995,1383.0549291930577
61789630,3127.8233226342395
12601759,1411.75610424485
86045386,1287.1262107591579
67870680,1641.0489144383782
92603070,1169.3088355381667
45118743,1489.5531385499476
40352166,1594.752366233278
96817260,2280.2137459958685
70031890,875.4346054669716
18280163,1498.0388858497793
84418154,1511.0682518772205
50657043,1129.1256207211889
24196657,1810.8254555841531
30339428,1482.8854127559232
97021401,1540.4127327576646
35926246,1580.2843228628494
78296017,1902.7199236992942
91378970,1053.5213472445128
80348783,1532.2557507081224
90424864,2113.0165059830147
65449342,1243.729781501744
50552285,1177.7234741536615
96371635,2257.1066183316884
72833770,1607.6902446329289
94834332,1097.3862318065335
34291304,2338.4929442938005
61020465,1665.2222012302507
58556746,2043.1595254004028
39138083,1805.1487074779227
25334186,2043.2068924427197
34764813,1904.7998227337644
37404139,1484.7964537303217
44171473,1419.3620019478153
32137098,1291.7216041903193
72644851,1451.4252995379456
57301182,1482.9778545386243
68777856,1585.561949074276
46687209,1190.8579314346375
69167315,1424.2977292968567
82057134,1634.6902068111092
28611499,1611.5345887571243
73817431,2125.640458929477
66885663,1897.345459989917
81244724,1372.3970576804386
17815149,1763.6232402594148
76792976,1566.6241200861311
32232188,1370.5610441752765
32884692,1500.480478926042
51904668,2006.7556455609706
54177086,1524.303921064878
79785130,1931.0747395013382
24791309,1227.6317915436512
79748184,1246.2839751073711
71076766,1700.1314905055492
91713473,2115.8101060157196
21889636,2444.723724999643
88684450,1611.0698314556817
13868166,1138.3131537411073
72609306,2722.661261081974
40230821,1085.5992654145948
65326864,1240.5641573719054
47873334,1767.3378966362009
38502225,1205.4183729052866
78086792,2121.9330199291026
19000370,2552.66055344513
18794356,2062.083092292776
15695931,1301.8237533393155
69820899,1209.1525101417349
42730808,1888.3453663157898
55693372,2301.0616899774177
39793167,2720.041075102662
42174587,1098.0279476837206
17562701,1316.8923226508887
75887228,1396.3272244146292
86381737,1136.1744649198345
50478816,2139.4810998884004
59640073,1596.633169467714
76678970,1416.4805792484192
23159711,1406.0786859051937
74146213,1392.6412025017999
73679527,1386.2647654089465
83678670,1231.189702440549
82153168,1697.918129426318
81585077,2048.0425639817936
51172809,1677.3398174117474
93348209,1244.696507661432
40526730,2696.2821845187505
35477741,1779.673056156598
26904107,1791.5074025887793
98083773,1346.7855234003741
62394914,1676.6022499175879
38403298,1595.0584860473025
19395977,1641.999890805199
28561023,1308.1063704266485
45885910,1547.7996886549513
95086890,1321.1740695950652
19776574,1242.523259075686
60586201,2078.1413882030265
89147481,1758.3203403792045
47209892,1421.1809371723662
47476854,1614.4564366326667
60953282,1832.3037189163022
72001460,1633.6180564176384
22546493,1738.2955217447352
48912589,1812.9123097786314
37241017,2266.5978263667967
40152795,2194.0772588456057
45771924,2503.823704146746
70307319,2322.2074380120634
42825484,1542.836313593216
32535623,2513.7632685325716
54789245,2221.332252236619
72682970,1933.3055045656515
51218700,1813.4884628734671
16039328,1275.1099795396217
44678506,2731.160077131469
59530373,2456.675339016273
81467001,1324.3022885753824
50258434,2205.4255523055235
27681355,1538.2925979463182
69431073,1303.0792278202412
93968709,1824.6896734088873
56478207,2187.2622011064755
19466001,1873.5183080511433
45204787,2261.393154093673
44120969,1268.8303768130118
11347094,2386.3302568796917
33817003,1323.871004249304
84812841,2988.3626582838306
82947487,2016.9935440828765
22317982,1631.1630831137277
95086863,2226.2762702615696
73084974,1282.1987198061602
96665202,2125.645940845171
52954565,1380.2807749378019
22781049,1469.2626375657783
39742164,1671.8534715444807
20712973,1412.7601517474209
76124953,1737.0025412525833
53726970,1618.3175266348273
30895251,1672.6193515281043
87940348,1779.126127939695
95321478,1597.673708692782
41613207,1679.0005265421123
64780104,1496.2387411789396
72574405,1877.6685358167658
87909513,1186.926310578887
80918662,1966.106817556913
50842195,1198.7941737334113
37167999,1703.130628114815
56430683,1515.3719219711584
62519911,1238.2128438807572
29251792,1498.726151828409
85925973,1582.5845857717932
34644536,1223.93861331948
39276706,1348.7962015610092
81892516,1921.129583861966
30222761,1402.4659635046996
10422044,2023.4566707569209
28074362,2316.329584845471
64967123,2168.0932452208517
38282963,1390.9370607720898
76769818,1543.7035898869062
81835353,1893.665008823347
34737343,1512.445726447256
51032996,1489.6521933574954
32565254,1673.509881810955
51764743,1962.2632767659363
92831396,1816.1438599472563
84077215,1490.3756887482189
77480283,1534.7890128866893
52724196,1053.198558083087
78039908,1430.7335804935458
46605850,2137.4434013646187
61041851,1019.7337039301765
10551671,1358.1426508962643
84956232,1505.3404637790588
93609795,1142.1369938107744
63261476,2260.702612562245
78773692,1590.7352932857193
41527728,1187.2625578470947
86838609,1327.9700727319942
46835475,1526.1634216138539
23285553,1310.1608328459558
83082562,1536.3066222480984
33889237,1667.0996014494235
46836989,1905.8592055927868
42683388,1683.6649344507214
15212938,2529.7234081298916
63857629,1433.2947460877217
71736760,1428.5700582055802
41166882,1557.1393338545217
88287708,2007.4759110062005
68218612,2039.277756632326
34505104,1554.3142234764355
50756606,1655.824426859237
40004505,1563.5867777846954
89798576,1630.4324289615884
43860123,2496.8609365444963
93655218,2141.0614684657144
71051446,1145.5700916569003
93380848,1174.1814093944436
27980449,1526.462458358606
57084880,1621.8067646546804
46438239,1504.1032512727213
30942515,2491.3643177099116
19590564,1616.8985865666023
83623165,1420.6372257207493
76716085,1842.0891581638305
60666996,1887.5175216267382
78361983,2058.9063019570203
72701952,1463.2662361627208
74922910,1395.4086556622083
63759907,1621.5798802537747
68856134,2122.570234147029
79795778,3333.8385086968697
97178936,1473.5204028286414
56185778,1365.2014708468823
48290079,1285.8315331062045
29392023,2510.3278083268874
54780943,1603.0961422788655
97751068,1479.8853558211372
69746506,1557.9045669009424
55371174,1805.0470563911776
67781652,1464.86699140486
78245291,1632.8744261302122
64158812,1964.8785162536878
60974365,861.620848204215
12800790,2010.2397996644868
96154030,1746.4555540837414
98482327,1578.037684079703
17464700,1996.7361625388537
56270967,1779.5128327817706
46584495,2024.1198641957346
72785702,1365.4472050347713
41281460,1536.699899181178
80424496,2509.405845683887
18835766,1822.1352270702098
87502261,1043.5329158204377
96135205,1978.6675369818608
26258289,2601.296053422224
75302604,1489.7765020089232
98645752,1783.0471142039019
58643859,2002.806046593297
90141148,1914.3887428897256
52181895,1322.8430874861124
16710404,1595.8163993033763
26056734,1644.661624741269
39602380,2038.7517152498413
66983144,1714.4539223580957
52507579,1232.1642998689938
97432890,1504.0441449005355
85547503,2319.756534925114
63906202,1608.5755119635828
84599750,1781.4686409509354
84325254,1281.5232749162624
39975048,1782.135163145046
81574706,3400.666946228911
30468791,1427.871780851096
97533812,1364.4809906285332
18711694,2002.5988023504806
51787778,2023.628560222804
61409887,1797.1001358919602
22014620,1200.4426845310197
38836545,1415.1735362578374
87391833,1215.9573155198466
69117778,1281.495109628227
68122788,1882.7175998625726
51241051,1605.9253679718156
87186215,2207.1705199711496
84468326,1532.3208942533565
86410473,1713.4468046411812
56236242,1928.1375551967926
59626902,1264.7274637755443
66112801,2477.7373338465595
84626603,1170.4165046508174
68630773,890.8346577015913
33563434,1141.461191390051
52975992,2208.9151452921174
26817104,1745.6472332334727
19501484,1463.6257978776805
62595745,1608.3283706609218
41563117,1921.6195155874566
52796320,1851.2994207606043
21489695,1820.0854938699722
56658010,1538.0716957068614
91048109,1332.618304215698
68814610,1559.1652130423572
47089966,1676.3350551012825
79261064,1890.869295442234
43267298,1656.8638880405747
35491922,3700.9024662570796
91103900,1618.8929046148232
81885878,1134.1111598907046
10004659,1796.634305500156
49810234,1405.8983627196653
65062190,1620.3654285404104
57566037,1761.5045733802538
55754004,1646.2031849380603
99179360,1098.2847427703748
67491962,1686.5851310726005
55660033,1584.744756291135
96584547,1642.5778933075978
36088377,2084.7771623884696
97242422,1077.9993454824073
12109366,1020.0914245752122
57248099,1711.6272019347266
46843789,3247.557647209237
15574311,926.6089735554839
39119987,1616.292562969077
95964371,1547.7659686317295
93965777,1436.9951494925565
32720737,2075.4133810495123
38011636,2267.4507596398867
28738450,1585.2446997784907
82845868,1008.4175409654899
92357814,1442.94067114005
94273774,1188.500935092712
86770972,2138.772690099355
95965665,1495.2108367519768
80658412,1278.7030959753079
11188732,1132.5837120443796
78466957,1205.0422479556937
77853776,1594.7666358528945
81589793,1375.9467665483996
49765777,1719.6913567231545
88579415,1408.8641983034715
65011154,1302.8423945237332
32352609,1520.7974026465577
25644810,1296.7585367834658
36867135,1719.8879964662253
88848522,1558.5199739782704
54293859,1726.8138580101208
33019527,1303.5456674339275
46924492,1171.3012854177396
19488750,1418.595745220065
94594464,1307.2599767173629
73247876,1635.6155786754584
71373451,1236.0936021762827
27655514,1496.3441999804197
94112335,1424.3161285154756
79135715,1310.0948517477188
69231521,1423.7022643663986
11994136,1693.0619974918402
27288623,1595.2180730078912
88123955,754.5251228927616
10000265,1306.070871186252
79772833,1602.7606865615023
93882232,2533.365546753419
32109681,1229.8287451302524
65404136,1828.3793316553947
33831079,1124.7668372120693
71847266,1268.9467648360423
81003839,1152.177796133227
19285579,1915.3028515867677
51911514,2000.9659221922375
55539434,1824.9038024333051
44536751,1209.2246987651984
70028057,2246.6937447064256
86860126,1832.8974094989264
64254454,1615.1926380869347
98284782,1883.0381194787215
34610652,1557.4345834787127
75568847,1554.655058711494
65674652,1458.7110133437304
55019276,1482.5897853490283
55592552,1444.951253949956
94267636,1400.6244687495318
69222634,1262.5842612889724
85591369,1151.054956002
43835656,1398.803708807641
87803052,2239.069405152372
26232040,1584.7532426939135
91061668,2037.4827284647763
30001734,936.4631966857983
64074995,2355.237411157311
98892450,2055.6744961299028
30473837,1286.4687017518766
95158643,2075.9991500897786
42377220,2095.4330118085936
64814717,2065.794035683096
30148862,1762.35746679692
62010302,1757.6191074629903
99477712,1499.263183188451
70875105,3176.9650615077235
20465640,1240.1573262004783
27850961,1109.5767470823048
44835254,770.5521168102953
37634561,1506.9515561792612
46702648,1978.0684538446667
86839823,1444.1658324338011
67985741,1201.900978918197
27791703,1412.8062799570448
27289673,1424.4098638651885
47043760,1470.7941219754448
54808934,1982.9179174455353
98155995,1864.247228413572
69341643,1870.3116337575798
19401682,1513.6380170843704
97496254,1102.3823568311661
26009392,1388.8768393801122
76357312,2014.8179613380298
60644292,1877.9184357548488
92095667,1545.9269863474738
16021125,1795.411699285933
52662306,1378.4938346257168
22527415,1357.398419778211
11178457,1841.1602248155064
19452873,1160.2828698321255
89463603,1801.8776117357218
55778959,2506.9381942186105
45079947,1444.464948595075
71913651,1624.7892694445072
26030335,1595.062607878226
18887144,1320.452148119518
67192573,1547.1198014920337
93955593,2311.626245505081
51025425,2335.6635639219303
59882564,1323.2085577152086
39586553,2106.9875708815393
10235871,1909.0249668054512
44636319,1159.5080525231876
37290007,2400.301335065768
14108687,1610.992202846784
34932666,1266.2689130104486
80941617,1377.5142975435892
54682782,1510.1233565577259
89652985,1672.9879118664933
13137515,2448.8410860925887
69623259,1522.5876828912415
58672181,1830.8801391522084
19145583,2278.5399904705832
15756823,2034.896913709902
48404289,1590.6034690081588
81082424,1431.8164405614848
73224913,2261.0677555274106
75845341,2728.45735438513
98474913,1694.1580886563274
41962691,1297.9953568720161
48961741,1904.6332138050454
87593653,1121.5036115697699
84917993,1036.3275230368035
24081947,1443.593790787208
54462462,2181.859830941099
51963469,2008.550801603797
94467679,1353.8601032255776
31642363,1301.642279217914
66097711,1374.2995873820864
12884742,1450.692520116364
94999391,1470.5569365644853
44605879,1566.9352825378132
35787017,1449.7569987843124
45450960,1472.812453118779
95291199,1202.8761340526885
96016558,2158.0817408085873
84566828,1657.4549989989682
47412693,1132.037927966819
49029700,2191.2257602820046
60010012,1338.680408560113
75883768,1392.0091417246672
26202342,1254.500584504462
42317663,1530.659590392604
81534336,1226.2546212829898
89007837,2128.6333966705197
55830410,1463.330554651086
42889086,1237.0936184313723
81610198,1488.7407388860902
17452253,1287.9788384558528
71203731,2393.2977252713936
80449971,1429.2738093513228
69429731,2094.5107622375644
54605956,1846.8795333983335
34299688,1465.024664972459
87819668,1970.2074934413604
35995429,1272.473056713852
79395935,829.0392691946829
77309412,1586.4522586855496
43863935,2110.7696758997026
25184246,1562.0270354707882
36615071,1243.1436240539367
38474717,2699.670494855536
93825316,1110.9457638401927
33683398,1356.6414358562001
69346242,1935.7480152940793
59095929,1986.5529981013146
87118088,1218.799629822125
45924958,1691.33593878889
78591323,1655.143044264637
37759814,1743.1608704602768
79378632,1756.06342752494
74799649,2273.4623215043716
53222755,1702.8266894409003
36749663,2300.1327412732307
48476133,2012.4828275725558
49028666,1912.6103190989506
74177764,2004.09013927055
14771208,1217.269617716447
53613430,1452.420852495959
58749152,1222.7233937153833
32751897,1694.5728064074435
26470651,1451.8523901198446
35002941,2218.7533790529765
18541890,1352.3810870242928
57596711,1567.81009498075
24072464,1303.5213912970326
31435093,1912.0263041656137
30602585,1602.114345377729
75360000,2071.146681817241
46273615,1963.2770875477904
95181699,1470.1279924880955
91310621,1455.8123534683477
82017783,1459.2044504397138
70908643,1653.4267622487416
15861638,1794.7612183972005
50835625,1876.2056798795911
28964861,1066.7754914022773
29864397,1249.0126987450853
12057084,1560.4531590927777
28334945,1820.3078580355195
60084019,1431.008938236621
63996133,1194.7394636772503
24215888,1200.192480954364
73974645,1398.2896586269549
75072747,1315.8878096080966
45633768,1680.1383909198594
35646913,1678.221771275883
53661067,1541.6049925625143
78907585,1968.801823888172
76922109,1865.4545356020053
62248680,1864.2514373727838
73320273,1695.0551940057885
22179940,1842.507167738436
26991418,2084.173444251973
21855522,1791.6392257550317
55265808,1899.197395929883
58224140,2121.5779526701444
19913819,1269.079612551712
90275479,1447.8082868763422
97988475,1804.245587104874
83636674,1556.5254077651603
19875524,2910.8725420383034
90421480,1468.822637540004
81793670,1723.0516281642563
85521270,2016.1019311442938
97359529,1335.8531734250034
91814930,1524.4805020961503
39016297,1640.5142130560662
94156929,1708.0910791393692
45023538,1643.1381681362382
58269517,1298.327065315109
35694304,1432.575226655999
64951262,1325.549034960472
95920942,1582.9962145611098
41847450,1462.838862409391
15255858,1476.957119863837
95924527,1473.2552813296818
12518283,1924.1634590420454
99811369,1286.8066646459479
59569343,1107.314191834178
47206769,1145.0088937768153
51079651,2360.985008966345
23194465,1809.7415581538476
83356805,1817.5844032331352
26586384,1230.4629437573517
55548495,1334.8465073769294
86324071,1495.8612816138796
75101749,1783.7171578504554
16463144,1113.402295444278
19396787,1375.9819859679856
33279246,1524.0548544889223
49233593,1815.8189204322593
48210075,1025.6826281039355
55054820,1409.934059016773
96257897,2762.050317615598
51430742,1761.338117730244
83437485,1664.740927671897
50578351,1896.8475532031161
97275251,1748.5217392911343
16222585,1508.0411287559118
39525336,1979.7722141497925
78481250,1933.7870481219547
90967247,1353.8111604675998
84855982,1538.3203885360783
57782649,2147.3196250807027
77997002,1469.7191811537855
36215630,1777.0190556842367
95580912,1534.1514042206525
59034107,1593.0945866740703
74775777,2301.1876063734167
39971311,1490.9966764861592
89020638,1883.9705307797674
51169286,1695.796920136876
99644215,2539.6850988224323
90744203,1616.5154164639587
96320211,2179.853700069326
36465697,1610.3684729061506
86214609,1814.0111760964855
81033519,1316.9131367031534
61860616,1003.179535007319
11758072,1423.368151902748
72796099,1018.8667345843197
12154166,1160.5839863634844
48588483,1470.5766452846551
75800458,2205.4468615593796
27360889,2419.650630690671
84455620,2786.537103879179
94594944,1343.1942242223327
73063439,923.5562324832081
81513909,1579.3440690610664
76078349,1864.0253869307055
18738053,1451.5169188795785
29574045,1711.8328507608026
80540560,1545.3053778113351
25751173,1442.0831279728084
26008933,1446.6604250255052
99638568,1432.9323923236834
16106243,1816.1493348414945
46712863,1141.6239163189898
62434322,1729.6922841506696
41483187,1445.0681229715187
56776930,2709.5264029360933
79612305,1647.5613280509533
64780825,1774.5319719883646
45536007,1307.9411571168207
46661025,1806.9542050212938
77061678,1299.8387163942302
60393588,1510.0419901220803
63346660,1089.2806393824212
27845955,1400.3376314002371
55504400,1534.9402472870665
29005367,1047.5683971720102
22069246,1127.8702101664644
84008491,1190.1271409306257
17133631,1188.2116937697
84832150,1256.7087501131214
45723864,1692.9923437056727
43493787,1509.0666298236492
66097518,1331.175378952903
70168465,1801.7428414115338
94063743,1126.341662835122
14576418,1684.89179191827
67277120,1922.3198733621023
94345958,1924.7679710628593
30685847,1342.0931601144807
85948230,1596.8642310331606
89817663,1724.1783511104634
32957921,1863.3968061301075
46701128,1606.7557180343606
70035645,1139.072297153802
60395047,1832.6845624765897
88839252,1603.9945758911613
84131490,1199.5752393947794
75586325,1508.2398768981288
80103534,1297.5634828275504
43032685,1350.8592238026201
15972126,1553.6604101231558
41404247,2237.215649274686
38893753,1205.117445985233
73633779,1979.5720096213865
35904393,1049.2544281578257
24714022,1963.0463678416386
19048345,1161.9428504669954
47004008,1469.1363308117625
94742593,1860.6000966474967
75269823,1772.1888604737135
25552669,1087.3631772750778
51828771,1338.4415135124768
70179002,1175.562660114956
38115411,1751.843929587515
40317565,2173.865422070634
21110207,1455.53190177217
84762082,1453.7968975487465
48690899,1861.1876402222756
76594160,1609.994548758681
54192522,2332.851910104876
72813893,2280.5141667738535
21004583,1366.8910319945712
64817154,2155.938106648337
42706195,1458.6636914535156
48103074,1589.7816047709161
21878260,1981.0065021868932
36272220,952.213011513143
13817497,1543.8420148889918
41737305,2054.2230416627885
45517239,1734.8204476363148
89500514,2265.681270140962
35952974,1214.9741924655857
79180368,1565.3879010899718
49972479,1933.5301775819369
16468436,974.6894271803158
66415757,1757.499146665647
60737619,1627.464145512508
61065232,1484.7932538571408
40172654,1309.5023785525557
89609665,1868.9162313085776
23952725,967.3423234034833
72896307,1782.7154671086796
43835334,3113.3275734248555
15170417,1036.4769789776662
67479665,1300.929193651659
33361674,1490.3990720130164
44130617,1267.6029010610118
51579953,2144.091986806935
75908580,2017.804962065517
55554604,1701.2137985879717
78855633,2142.86723587559
16657542,1613.4852204923639
54732615,1835.018088248563
61746292,1902.6333535402305
57869356,904.2395923336614
29926611,1393.5016108493069
75275045,2809.592372011596
47886535,1568.4334586100804
44918482,1358.2284318031534
78968246,1819.1154778455423
54136456,1664.2076121732016
90807736,2139.014980192425
60276696,1653.1205752367846
82048962,861.2951788334759
92669446,1823.2894578434343
48680297,2028.5875021269123
20902349,2449.5661357007875
56991657,1879.296088965783
47839152,1573.2742687004895
78844128,884.3030441698428
13384224,1432.0572439717625
46213331,1789.9449187801124
34116626,1014.9309767191578
13884884,3121.7700197410295
86060261,2105.982974045951
33698474,1482.1899422631154
65729973,1243.2960453332157
10671871,1464.5789381461102
35704807,1643.4408607121013
55231783,1679.9467376531256
62208192,1698.783068232342
67563103,1740.028063200727
72548470,2228.5578822464668
35725437,1724.672134733461
91119982,1701.6729416287874
58303560,1915.9719998351202
48430844,1996.3293427806034
17825416,2335.232871257374
97821966,1856.6387908951592
76538437,2556.468874338263
46855429,1341.0785486247792
70135617,2029.1150370881924
68330883,1110.8240389521789
82205109,1641.515465405581
47743752,1821.2546819167721
55059767,1206.605478635292
88243398,2542.80396936622
44699350,3248.149262915083
35330178,1529.8458420001166
25203468,1446.1720951025522
40479165,936.9159630129128
10947997,1108.233332372348
76351104,1595.5654286388267
11445786,1665.9050357868905
49470754,1400.0975787004213
25466549,1738.3083630263734
68081302,1289.5703256384713
66965573,1792.737342275404
91230160,1921.8920488142146
44322697,1365.804771360683
17542284,2153.3579929802145
43035885,1553.4691135423725
73926094,1132.1735634749975
64948505,1587.2983632986738
78950808,1280.5267636126082
38422125,1260.956611094156
70854487,1871.5809571141372
96303461,1940.463550105894
46698218,1694.1420496165779
42918073,1555.8388825519032
60976113,1389.0079771568762
80414616,1476.5624525619837
11919826,1580.8351931875281
78548658,902.4011398102675
21857739,1395.405519839362
29877271,1816.0644156046167
12698388,1872.83387904386
11871707,2489.3209375214647
80819542,1387.6907474835039
95941128,1394.0203734475806
15401105,3693.4662414948534
32754426,1572.219671149359
69235267,1061.9771255842522
71590075,1908.8078623154097
93562904,1607.4749212950583
48418506,1057.3569379633586
91190923,1530.8349250530996
33120061,1208.8356774882518
79992717,1411.4320283085824
57263719,1905.9464396993328
97902872,1597.1317397033026
11659952,1382.0893101266115
19463140,1667.15347228614
32523829,1604.5366636010558
91862885,1637.4272153850904
72799092,1910.187219794816
53477503,1547.9406748597705
66993460,1752.9177817289442
13665562,1385.3056423568833
80709687,1612.5948769218594
40330962,1818.835268220357
42684844,1527.3771190608668
27675885,1944.4521041186829
38250322,1445.678958691635
63478776,1536.0645456650748
62285686,1786.3255441465776
97553472,2000.4443818244035
64732641,1668.9145970115155
10341748,955.6136547622822
34930451,1652.6935697631316
53726168,1456.2496355569133
69426758,1170.2228965563968
90029637,1220.1105128552388
94611401,2249.4119533533703
31394855,1495.1632644888905
36645175,1577.4597268705238
56281801,1232.124026423593
12148162,1735.0524345973536
18771087,2027.6024271261472
15509457,1485.6045408519096
58811830,1456.950147327492
73003066,1816.8368120093082
34190353,1500.2967408714348
70731913,1189.5185101686347
55320872,1926.4084836884763
41886703,1995.8556185177822
16884593,1346.3334307723726
90415325,2958.325581019192
28408198,2463.561989731635
65914001,1618.9636751960425
75122895,2091.8518177953274
80177938,1545.9938310078167
37984269,1460.1807358913247
81491790,1857.5933340588263
37294085,1527.6187802414079
23335477,1294.1476127339174
74996570,1387.5436656368447
11602841,1533.123088344952
70152712,1725.7601205042174
37504288,1351.5646298327322
76619689,1184.9580925933951
95075447,1643.9202829913838
62779399,1807.64488909377
66278648,2391.5165753696742
18002070,1629.5430649121977
94135062,1251.8523975621529
74396322,1267.0801698330201
97169764,1821.815282320149
84630384,2035.7321026677123
46052909,1187.5343252050195
60213474,1844.3425253465277
33797784,1788.6609206675387
59759309,1627.471720261247
47001738,1674.269085863271
76899861,2578.6176805929404
54444766,1066.671008385356
26850612,1506.9767488009063
22468145,1387.022905592621
39243645,1338.9974743754915
35759583,830.5403504148674
92468992,1653.1335313516813
68717112,1292.6016977012187
47344834,1266.3289875075054
52115284,3031.6437466202324
21042322,849.6177454866273
79258805,1597.8271242234377
51304748,1758.3252047145568
23253686,1829.6851565241018
43275074,1473.4747630096595
81602713,1773.0921631988172
60924053,1471.7068286497306
50363853,1846.0521146887706
28412591,1003.7404672647573
65145713,3054.423357092869
47077663,1940.9925913226257
58136966,1343.5285835221644
67034290,1283.7324711026747
72057747,1711.610305093191
78034116,1238.5583524633817
99365155,1674.3630810510344
56151729,1638.8308565605116
68997667,2076.9805419873915
46532370,1022.0549875521649
43276809,1747.3103219976815
70460118,2668.1318049451343
66150334,1546.437384155922
92614050,1461.6020272482015
69313526,1417.0933815436251
70949373,1933.6123130694523
98595102,1512.567073231688
57731071,1160.0850647951027
58855043,1421.5068525326324
45456441,1822.5285226588717
39733268,1261.608583313856
71064725,1471.624546176336
29668017,1719.7157057374297
94555207,2039.5720777696677
60811404,1663.901209295931
53154973,1531.0663468241871
79534885,1571.4675059527417
82049293,1871.4361396906781
19578533,1055.057342027845
66374977,2049.468399070949
16850211,2093.4709629623517
98217866,1466.7384636513611
33773989,1450.391626164592
14998381,2421.9805860997676
92421507,1263.7869297508132
66591282,1131.8979783805055
27243576,1770.9092340404782
58962954,2147.285406435542
62891715,1046.795869826005
40256776,1380.8377381703274
92014626,1680.0897333530552
68868046,2145.584692589633
47811896,1970.2919774802776
86438296,1974.9643460150508
10421272,1537.4645335890946
56519274,2028.9025508030427
84854339,1871.6535942509997
95049673,1784.5957971139758
65578696,2687.3236665288014
85747970,1251.5306529185302
69874974,1077.9314925259428
34594425,3073.8913582963223
14874183,1899.359337621289
91643227,1415.4152799631515
94998930,2612.3660204129537
25184219,1879.4547357095344
78637662,1363.6455016458815
40102355,1930.0576789693055
33004293,1603.3463989840088
85498300,1772.7483838415849
37721019,1628.096164836099
78482421,1505.9922002860405
81912650,1455.7554295894843
86410146,1606.7336300333068
69095320,1192.035476582892
56569332,1450.1970901602074
97340317,2970.7433320807086
37533494,1308.2565329391414
55430447,1126.4155842737919
45610406,1317.8905469886695
64085140,1785.7120761096694
81416250,1492.1344081330421
70034683,1733.0376532170321
40315264,1977.4662348962897
73160601,1532.0708118474274
54677638,1889.4528913358054
90571590,1998.568568046985
84772888,1725.0216104547371
90285847,1828.0858987950396
80203339,1714.7487754342042
73536003,1162.9275208260508
56021479,1180.928555600568
10526589,2195.6068964483766
23648848,1726.471400744104
27805990,1679.1024062743882
46740683,1849.61730976307
66243364,1426.4013622562097
88626421,934.0364475339013
81009655,1863.2640166364067
47576712,3349.585095546947
73803450,1173.1324506499304
47427075,1041.7114405521072
72540520,1695.8747790124173
55407503,1866.5136714599662
49275948,2588.095823989946
74312584,1711.0539967037407
84174297,2534.081279572634
96261162,2335.6749912553814
22879870,1791.5774499410581
13933179,1807.1925383989524
20116066,1320.9958918845487
38689361,1237.0863165658297
63156536,1751.955700514552
95340838,1706.7028534358403
75352375,1043.8599879924836
48265534,1699.5792177798598
74912030,1112.5799943622803
70071430,1690.500929868451
87025516,1671.3580604330086
52784904,1380.1033028933648
96281041,1822.9189690373005
60302206,1829.3771508286222
88862209,2175.264174103037
66359731,1943.8055732854566
56582999,2256.838913972624
78391067,1562.1648318234643
84566381,1695.5302496059542
15548328,1303.1118124917018
49432086,1962.647930667973
49054075,1832.562440427475
71689174,2015.304586787216
64196832,931.2818253889095
85965917,1821.172463913497
30935690,1370.02346656619
55460540,1007.8833896149777
89457485,961.0039063783491
10188743,1387.7376828093697
58823191,1230.9198073351345
20643935,1980.854933883379
40325735,1847.5856814813778
91136520,1950.7501365976955
32259671,1975.4734829728654
26400774,1208.1291648798535
28057887,1239.3188170828676
82844555,1230.6517755365467
51111773,2136.478538141401
42987529,1779.1358022148206
62978911,1353.4243755462303
11881525,1266.4854691165244
86857890,1574.3670392531221
79797628,1470.9571296518582
80357222,1650.881017698915
35431033,1792.9031177078523
99201502,2331.2373576655664
90452446,2199.83365216173
18670977,3072.8567406161437
66979442,1999.7618140236661
93738605,1473.486554198306
29213200,2046.2810508402306
31107212,1850.156958292434
91594833,1017.238946462382
82943336,1292.006110008765
68443662,2469.1123024237895
93641230,2182.7278217487496
50244475,1404.3649295547452
87626955,2085.618469914562
51387553,1363.4436630082932
71504785,1336.4800863028431
58768482,1633.1274203606458
47301702,1859.3409913080527
46285200,1715.2576685040526
27113638,1866.992537359523
63361835,1196.2461199012957
42709073,1151.5750320024454
87920715,1171.7076152290224
59996173,1863.6602515533455
97865712,1207.5530890283953
76462362,3125.901246684546
38643308,1817.2189615435218
62694540,1904.7764848300565
62141335,1366.546802854753
34503041,1497.2949251253817
11311229,1082.9591945167417
51623206,1686.5495989523856
28560163,1725.6372024430714
94388349,1953.2380630901366
86256710,2238.8355256932737
61215694,1680.424640813178
80946911,1732.358562142082
35537651,2392.3105024701185
66755381,2394.763171022608
73455092,1144.9649508619661
34041393,1588.3727167072434
30484078,1760.3777518983718
62329986,1673.9859024437017
62897188,1436.5651450178273
51881772,2076.383293173993
94211751,1236.7630772892458
61613645,1231.468204119157
71479652,1901.3829766869103
85310501,1525.5895242780734
23110318,1680.4834978591887
82884759,2079.553663759655
51095836,1622.0981739498231
52772048,1194.5470691882188
17245854,1396.1128807398472
96708865,2208.540890009781
67276218,1677.3160490073628
89528454,1241.3533263996023
73044839,1499.9815159959476
92820854,2000.866672980401
81415527,2217.168257912983
54704500,1482.6680250912484
62696690,2146.519760401004
43848311,1651.2061041796042
30447397,1218.1820944614979
96343937,1360.9591300023965
19151468,1482.916485724707
75047192,1404.8944431019863
29891460,1532.0119317826066
47625277,1468.0149856285793
57930980,1429.7139885171964
48354539,3161.0004780947293
27628114,3465.4510593407313
32690361,760.5878831499338
93744019,1216.700366912739
99861438,1559.9816237083432
30181088,1013.95864828455
31181640,1983.6025668918437
44766788,1439.4320700359426
65594080,1307.4223635407998
22508377,2189.297808320952
97181173,1691.098822763993
17420303,1566.1961894419992
67800143,815.4480764945803
33454469,1751.3057586249543
30418520,1828.3210960985775
89752463,1262.0860231889951
55142148,1900.976568483123
20848293,2318.181375346585
12617495,1291.670322338594
20378275,1709.2045987834597
37172337,1958.7915430259445
21839038,1246.099217923038
66993155,1449.1393784638312
41249770,1236.755551092958
80181790,1739.7418051763898
36248478,1392.8873092108674
99097401,1447.6681021502238
16998435,1133.0203631640743
28345246,2216.0594809435765
97230601,2468.0830023678895
67442292,1723.2495248580353
54477624,3115.6805305750604
22866548,2569.967381463917
86504569,1674.2302359464702
81257074,1469.4692887273645
53101206,1305.7282332586797
77626907,1816.2071294833354
15402267,1226.0198487485209
66190974,1564.7683214193169
85276459,1963.6877019773697
61882567,2243.3948749918272
67503548,1485.7432456623549
80801220,1404.271242156497
45827465,1687.3817552347243
13145303,1535.4944357820027
92842662,2228.7252822616056
73150077,1734.2537115360922
10904048,1047.0762494084443
89655386,1636.004313421644
91827598,1325.1775828271734
36736446,1404.331897935176
73791907,1301.3744540906323
93237533,1231.966204692332
29020722,1754.3325334651036
31344857,1170.391072703318
67961594,1211.8492149999668
82896045,1379.8817237413489
79782925,2013.666879270047
65627534,1717.6400690387816
51055429,1752.8277031488592
24073352,1448.1786752570138
63468697,1643.4902256670825
69815836,1247.9433310677591
94658489,1000.926895556439
89803063,2611.1691229200287
41826065,1583.4379115127567
95957321,2800.3068877484093
72164672,884.9915242425565
88171071,1119.597206964388
47273090,1463.193893847564
19574799,1247.2384745652644
74042503,1386.9112075073585
73199665,1898.6726469651792
32553552,1798.917796837078
99007181,1437.342714538332
86459252,1792.539245540102
33160158,1360.0382175205568
89403244,1891.4809862613693
83607429,1796.986471770608
54979491,1928.5282633390789
34711897,2142.502365035469
76049090,2312.1870334516025
38209438,2539.252327474156
43607471,1354.9780605820315
37603490,2999.8310299606383
28133465,1576.912342543757
66543688,2139.073490492808
13310180,1393.3400563411633
70639698,1374.1879337313908
31227382,1644.476545368319
27953042,2035.285861512621
62042217,1337.9040730434062
91860613,1397.1314636131185
55497701,2906.5612011816334
20529003,1449.1983846959952
95270433,1498.5660794943014
99713042,1601.5586343185405
78850782,1519.2117464699088
57339822,1242.6688621066737
89910926,1694.7670584524226
22738331,1703.7443611146336
29399410,1590.58772684332
48960030,1635.1317045828862
23209349,1911.0880135073953
40869262,2722.820058260286
13469481,1586.1288046076504
37901584,1381.0068572755745
15827667,2147.583006227197
36279211,1364.409451698101
60254169,1455.6062171471294
15666676,1976.1349495287516
83527323,1378.621360773338
38323312,1592.5618927929963
16145827,2402.7745288729266
25816799,1866.7937442714801
31540608,1147.1197683511348
78332853,3887.2374730045067
50241601,1003.0791452856246
59793938,1960.9040213814642
99765396,1526.9816830269388
22142241,1905.7381121994845
28238312,1090.6237646012385
56677251,1754.404972405266
79286536,1881.1163790878113
20049898,2496.9551357460696
79883465,2226.5928502770425
64419086,1348.6340771830764
35428504,2233.691840916402
83636473,1685.9181918921931
91911110,1352.8806874960455
94747885,1451.4503794925633
77052407,1744.670245132425
89274668,1385.4419984281717
65429257,1492.2199771445976
18949424,884.9647824813972
78354959,1024.9340292480504
38613499,1879.317834167449
99410878,1916.299609794356
17066881,1673.213042587242
84559340,1856.946131669667
45796615,1698.8105917570078
18650747,2192.675614545361
87098836,1635.5783846062204
18956602,1748.324375875284
49896714,3105.3471990062226
51066559,1248.4921406631786
72393934,1493.0924562153386
63389143,1217.367907093152
35204339,1525.0435050357694
51345357,1363.0255771037762
46322354,1664.5288878562988
33951394,1678.496388841479
41031096,1250.5474514329494
42228451,2788.5818882261137
41161057,1042.501633114194
98892524,1582.238845688687
19811103,1503.7160779161188
65448488,1551.8933872834941
32428376,2934.421828203077
85323274,1037.3533279083426
92258087,1591.4621921905984
79217297,1587.6811263652883
11989719,1605.845196317324
28471365,1434.1241565927935
34542074,1624.9280549039586
29164293,1585.9952694013314
84304086,2145.6138307195724
31817572,810.5343091386305
77771839,1396.7561640698623
14239440,1368.6641966692507
46882099,2125.679097552079
38983396,1481.495530541757
31683463,1654.5108114342938
78092716,1992.2100907715494
42013895,1636.683748674723
65197071,901.2057763869047
64495960,1412.5428448051175
68745703,1388.4277679133695
51390927,2083.796990887535
94850983,1626.4041364156246
24328415,1256.6519304807443
85572847,2045.0400785812722
42303463,1432.4580196067432
48215084,1090.0599298349541
35427122,1636.0239668113197
62307341,1947.2664902772776
63212299,2056.4694241065577
97856687,1596.23686808261
35540248,1896.0195643814163
41303810,3395.9640245865216
72749855,1725.1450969913326
21620577,1327.3622913527943
33846878,2757.995165657726
72596574,1790.777038671738
85230815,1200.2952973929646
72103187,1258.8986352570191
39368813,1644.2812747861271
77055150,2028.7175872718394
61280124,1760.9185363442643
88442406,1624.3371767504796
34283144,917.8949776981565
20283328,1187.3513272070031
15081148,1510.9297023597273
30803223,2218.416559417485
95977285,3204.723256717758
73578397,1214.0671032605937
23548274,1437.170742042998
70020229,1840.134891853186
13657037,1751.7566426748222
62209540,1084.6170882904
69122837,2027.8934735227595
56882140,1431.8963970562245
31090970,1055.3254331519083
18895583,1521.906226946439
56220075,1750.491079758449
81883128,1299.5664749125021
85178304,1268.5662373758964
44572294,842.5909756124383
69139777,2407.4692788011644
77682175,1606.068794861987
98697835,1371.3594585107771
82862062,1570.093156672523
63154444,2141.1315032269267
36052607,1882.5447660638542
80221636,1032.77512610789
14612606,1224.5693529455887
22793087,1810.730215309573
27221763,1886.6880175597382
85356281,2650.2054943375097
72870330,1456.3185511303964
21631750,1327.941447167817
65662420,1412.8727850268679
94704718,1682.3987831982295
68031612,1618.7276754504846
23780065,1207.8735340758155
76854946,1180.790979987743
65320814,1768.2195783636714
98544588,1559.2510174969673
66236365,1294.5065124935923
33614608,1799.4113004219175
41538321,1296.8608576971765
52604597,1400.5197118382437
51929168,1130.1517980645144
34989178,1491.7229116400017
17968995,2336.3521670553127
17104507,1637.6567906925545
31799006,1185.279835174413
80534303,1627.7981296634919
39486975,1595.5021184902344
70473933,1456.034410869766
39315812,1584.9660587163996
32664756,1933.2152599722021
40582877,1549.7392065785966
14853484,1518.1415647837139
72018275,2103.1523432552344
85501233,1768.6070249010304
62857702,1235.8969899277504
37589957,1413.0028127252
75861106,1237.0747472288617
82048801,1978.8936869817344
41226392,2273.826153852934
43191623,1127.6384966126766
98896014,2877.4633492780304
39009427,1156.7938558362098
67635937,2045.1619433684468
93989030,1618.3825002503245
58213050,1220.215423128348
39089500,1587.9188196889072
48099206,1592.1166928803677
65115683,1586.752029447046
19072238,1081.4446230586407
50691779,1662.3093309293827
74240054,1641.304641623767
57606331,1509.3057393223135
50124096,1682.1167356983196
50596395,2084.3554269515535
96230340,1489.6814229711574
73626141,1895.4805337291489
12420303,1373.5635937063414
64008469,1998.9790588039796
44066450,1980.3156643331045
27734466,1052.637910178587
30219489,1307.1247905366513
43296487,1477.1937257696977
22060633,1930.622436567989
23197881,1484.1949696035917
65499520,2133.3556460465957
42012431,1387.725285371127
42076492,1628.1112189666974
92931745,1671.1542840728484
47924563,2064.6811244176592
17036042,1639.3659992809296
79903869,1051.9105695418184
27876581,1309.5249478023493
10911722,1970.4512216164962
21207465,2480.0953373079374
90406241,2340.1839208828815
92048586,1791.0448523242558
72112785,2154.652217478808
10881048,1672.9633377874934
71511312,1367.8661231781364
42854203,2049.3459550925854
23271785,1805.378531277018
92261360,1514.9043460420905
14679655,1041.2938795498353
90532154,1477.8989631927711
32402071,1316.3603797327478
90864060,1450.5961855071346
27274358,1207.7452096957095
26334631,1720.076019424713
39224642,1925.880465256886
19272671,1778.9058461068457
77841869,1259.0684956716987
27204546,2019.9820142936728
12405459,1334.13532405377
23265034,1954.3100095173254
97633242,1491.7212940867075
15746059,1444.5533466251009
91462754,1877.4386302396301
71359730,2395.600524959609
61463575,1297.7120449322565
66429439,1309.4247590359487
63351764,1137.668612526424
96265907,2566.5524849692383
87085441,1513.794467097398
53920662,1594.6467210443168
67679919,1734.7677578539497
96779897,2611.9556082969816
27837717,1623.8660531536673
37035368,1776.290638276851
26123523,1508.6799583829816
79652243,1588.1482025719938
91451403,2270.3640961977358
29758902,1005.6297523148693
47019965,1880.088654263041
14375753,1596.8295247370918
85119076,2127.5595134445243
58032446,1659.504736969222
58129049,1694.1093721295206
89574518,1389.0620601606288
61206117,1992.2641278851097
30554474,1155.621461836568
65452020,1852.9554020977125
97089415,1870.0445983671614
75395475,1646.5265180756858
58881030,1701.106349629721
49402947,2891.81448429153
68947111,1856.399460225807
48259609,1676.5570091593013
46561397,1643.0603018610605
99687364,1963.356772000046
91051315,2349.8734386503434
88446486,2007.104816564715
57583992,1765.7352259264985
50054814,2125.2727318982356
42048168,1522.5631926597582
49480319,1505.975087034456
72653841,1756.0886737159267
93923592,965.5125215369796
60863343,1607.7188136450704
64544903,1236.5407579592384
13683649,1474.4283417655952
35441685,1591.70345672869
52702103,1219.8225968156792
33316809,1403.959986955665
99319395,2161.272821724702
42958811,2377.539001455355
79034999,1451.6245324962329
76692806,1148.21930607562
12247918,1645.3869312191687
82872484,1787.5829535013581
74712172,1787.902850970373
40198101,2101.2079950680636
21709825,1588.2926305755425
56134477,1549.8849104682638
64741940,2094.4981345415454
20094279,1607.3150650441798
86415472,1333.3884461759112
71923505,2193.61409466265
86463105,1639.141308412139
27182144,2282.0238567178776
78605487,1340.660027840287
61339703,2434.421891483158
19457777,1628.207074035759
14282521,1577.1750345618652
53055745,1635.4527883761207
64045100,1208.0380276512528
67336212,1656.1588862359263
30110453,1782.2631635388148
84766140,1288.927083152325
37132913,755.278969395792
37337576,1614.7999866225732
81785280,1416.9034782696808
33749639,1499.2574286098074
65293655,1689.83702855446
99472212,1139.3253242691005
78611736,1594.3255839083197
34109955,2191.763117665311
85732620,1558.1382957962512
22271257,1889.294650899118
17111467,2861.2940477766006
87529909,1424.3691124891
80109140,1975.4298419592103
74139761,1723.1755370090111
46468468,1334.5584172092856
11871024,1783.6644936058608
38948416,1311.2472274098418
79710564,1650.7092306039217
76775271,1554.4151527959941
39022631,1253.0583418611009
90991831,1874.2891195149432
89162323,1766.5796416031317
23588134,1534.63528896772
97925196,2942.770680904938
73394555,1169.1500730465264
81939394,1121.8448543884954
34503849,1817.6092152731549
97624284,2968.4894234115673
83688015,1683.4464683340357
26753007,1173.3147756818767
87953339,1643.556095216561
63187534,1425.752008557508
67816850,1065.522642099545
58193423,1364.7586865751782
63256520,1445.8753320380379
14482256,1223.4581036973032
70047018,1287.2796288785592
25694473,1378.3781374682403
18876734,1378.3297276765134
24815106,1564.0657736542232
32093953,1277.183220592721
21672606,1914.458714502904
51265019,1587.1338228022291
46633682,1431.6846051758898
99505720,1840.3978391217088
72684116,1838.2470137537848
73603518,2145.9758477990454
42812113,2003.5291544559536
91497924,1896.8139954793419
94645725,1481.380555738286
83011406,1101.282866303763
40459671,1305.8394421417454
28128683,1496.9969812508866
89799485,1247.0620596110407
78077056,1302.244993441469
60018274,1904.0725163900188
63035070,2986.305757821083
50452662,1872.7721011005494
90748238,2320.6401225149093
19626211,1367.6224564919794
76831160,1662.555774580938
64430456,1302.8123599971698
21788725,1716.1777895246391
62692428,1235.8026234098625
44601450,897.071826757933
84918858,2211.0240629377713
60654538,1925.5151234453924
33549671,2403.5507794564032
96482407,1439.139312286317
38139452,1672.7803017612935
25148521,1554.3774210749193
39090111,1034.431417500236
37364225,1866.102072081721
79808740,1637.9751151278915
54570288,1901.951034722675
81519320,1576.488116333713
61290981,2134.837002971626
82595740,1366.223472645759
99018938,1551.664942743395
84429722,2218.1004653374193
70463415,767.9719082366868
13251670,1461.5702280152288
63915791,1832.1988705471863
37156544,1807.3420819438318
19087720,2204.7321945993854
15777066,1571.3056354597088
88419707,1002.2397192407334
48515636,1561.505133614684
88810042,2143.5176255118504
55078871,1679.5219026837701
82278966,2241.393483440903
33265741,1301.7124882913067
64678931,2000.2589367806572
26504939,1361.2626658519853
64056925,1716.7677341241279
46046461,1415.683547761445
47352478,1487.9451436938648
91442238,1867.2944635432555
89293921,2608.2599239721685
12378808,1318.0923872154144
10153799,1881.6636671433985
21954731,1024.5155801641931
76938502,1565.9110519858277
51632874,1685.7786906981523
56510091,1933.0889988809497
54773302,1641.6715730142178
29181400,2407.3818629939606
36937513,1376.4180045566623
75732466,2224.3263420937337
53117846,2406.029590186984
38538746,1824.9322007422768
27988038,1881.2678701702316
48886162,1674.4446379081123
24085686,1272.1299770909263
57820012,1510.658390828197
46878225,1131.9129464262041
20632751,1545.5381842801348
47775231,2999.8324164307905
46789610,1741.0929757986555
72806360,2434.8363116759947
21856002,1111.602375698703
42319053,969.8827345134127
99630613,1126.034467802919
61255494,1887.3756600232782
76945971,1374.3257405209956
40393163,1898.7143084132988
81941837,2012.5041675731559
45930551,1328.0994801310503
24573538,1832.4535645655806
52994547,1652.5642256796775
28445231,1670.2645252971215
45643109,1943.3641048153695
75887247,1270.1756176751212
46367713,1448.8951500716016
12575157,1777.7237283025765
85076068,3203.917259250847
84603623,1236.156032856286
45514815,1455.1181665232339
52278951,1400.4790427043358
50360032,1055.0788932785988
52896193,1660.66009900278
91847198,2941.423878165765
25179521,1552.2371029704245
92545328,1979.927802706396
75231573,796.1587333645614
37926120,1807.928298484649
51096687,1768.1727999983482
62646217,1306.3996020178374
62619222,1778.971814976851
39457866,1411.572907391499
47130686,1550.2126642868998
78763249,1312.5627262283174
69618147,2045.729977332684
64127746,1004.635651184904
56593004,1743.1965004262167
97403924,1365.9303894917957
73948550,1343.6714880530699
11236514,1701.9834882476277
54389520,1275.170729589035
76068841,1439.266440719915
59631248,2398.038882835772
34575405,1406.598926461406
91359645,1486.5551431904441
14542871,1154.4891185057663
37836409,1326.9598735035183
99958710,1276.0654690929052
50329848,1904.2582386694264
55825298,2168.863996302828
43158591,2283.561554786642
95022900,1275.361682540824
11903900,1629.6964900555217
59905554,1234.4750983973706
33394781,1982.3452368759934
85262305,1820.5356088383874
18156267,1861.9439165843112
77719072,1370.274901457325
72353806,2029.4373657024835
61973490,1798.6791204007122
80257850,2269.4592037229177
27763246,2275.6647237157904
28152447,1088.3395194798427
40447839,2200.6658800136793
88401173,1488.4546876406166
77151749,1890.6753835377501
76938434,1451.5213074076996
14595997,1152.9796974959418
22245783,2198.6961558082126
45164346,1496.378117777756
44320199,2082.7986260660437
35470526,1537.5324892210267
83276172,1594.6815745479444
65081928,2085.9830538479528
34774976,1330.4097185831665
10096416,1459.5423870630987
76574726,2589.3971120541073
88509347,1898.5019943068633
11304650,1523.9226543549976
26418453,2226.6037396701304
69643263,1495.8611776504895
30241547,1336.1083236670847
89725513,2562.9557369936797
32289745,1888.0447064375646
33888699,1449.9837922582892
67508421,1403.2436932891324
86446610,1470.3411269461621
71641515,2503.211352372021
46243423,1660.946024915726
86921194,1678.6658063916989
15222892,1661.8586472299985
29435694,1625.2869476914611
35795322,1883.9392597553365
39026338,2120.4659017604563
27051431,2024.58252793282
91107111,3022.9829094123415
76674186,2257.5519893438423
17932616,1395.0601852751715
86326117,1201.5386004163809
64151997,1822.6052233461526
